mtllib model_5.mtl
o model_5
v 0.04395781829953194 -1.2059327363967896 0.23630322515964508 
v 0.04249389469623566 -1.2020968198776245 0.23667944967746735 
v 0.051809776574373245 -1.2047683000564575 0.25344836711883545 
v 0.050745103508234024 -1.2019598484039307 0.2543620467185974 
v 0.047817256301641464 -1.2014461755752563 0.25522199273109436 
v 0.05207594484090805 -1.2020283937454224 0.26452013850212097 
v 0.04675258323550224 -1.2020283937454224 0.266884982585907 
v 0.04249389469623566 -1.2014461755752563 0.25758683681488037 
v 0.0395660474896431 -1.2014461755752563 0.23743189871311188 
v 0.02545914426445961 -1.2020968198776245 0.17659085988998413 
v 0.026789983734488487 -1.2059327363967896 0.17621463537216187 
v 0.051277440041303635 -1.2181594371795654 0.25226593017578125 
v 0.021865876391530037 -1.2014461755752563 0.17508596181869507 
v 0.03424268960952759 -1.2014461755752563 0.2397967427968979 
v 0.04009838402271271 -1.201720118522644 0.25801679491996765 
v 0.044357072561979294 -1.2022337913513184 0.26736870408058167 
v 0.04329239949584007 -1.2037750482559204 0.26720747351646423 
v 0.03929987922310829 -1.2036722898483276 0.2583392858505249 
v 0.039432965219020844 -1.2120975255966187 0.258984237909317 
v 0.03091558814048767 -1.204733967781067 0.24011921882629395 
v 0.03184717521071434 -1.201857089996338 0.2399579882621765 
v 0.04768417030572891 -1.2076793909072876 0.27478572726249695 
v 0.046353332698345184 -1.2085355520248413 0.2738720178604126 
v 0.05021276697516441 -1.2075766324996948 0.2743557393550873 
v 0.05540304258465767 -1.2075766324996948 0.27199089527130127 
v 0.05487070977687836 -1.2024050951004028 0.2635526955127716 
v 0.055802296847105026 -1.2046312093734741 0.26210153102874756 
v 0.05859706178307533 -1.2094945907592773 0.26833614706993103 
v 0.058197807520627975 -1.2078505754470825 0.27080848813056946 
v 0.05793163925409317 -1.2150771617889404 0.2773655354976654 
v 0.05260828137397766 -1.2150771617889404 0.2796766459941864 
v 0.05021276697516441 -1.2151113748550415 0.28010663390159607 
v 0.04848267510533333 -1.215453863143921 0.2786017060279846 
v 0.0398322157561779 -1.2173718214035034 0.25968295335769653 
v 0.031048672273755074 -1.2182965278625488 0.24065668880939484 
v 0.04009838402271271 -1.2218583822250366 0.26027417182922363 
v 0.048881929367780685 -1.2237762212753296 0.27935415506362915 
v 0.050345852971076965 -1.2237077951431274 0.28064408898353577 
v 0.052874449640512466 -1.2236735820770264 0.2802141010761261 
v 0.058197807520627975 -1.2236735820770264 0.2778492569923401 
v 0.060593318194150925 -1.2152141332626343 0.27602189779281616 
v 0.060593318194150925 -1.216070294380188 0.2726358473300934 
v 0.051277440041303635 -1.2194266319274902 0.25221219658851624 
v 0.04395781829953194 -1.2277148962020874 0.23630322515964508 
v 0.026789983734488487 -1.2303520441055298 0.17621463537216187 
v 0.025326060131192207 -1.2303520441055298 0.1707324981689453 
v 0.025326060131192207 -1.2059327363967896 0.1707324981689453 
v 0.02399522066116333 -1.2020968198776245 0.17105497419834137 
v 0.02106737159192562 -1.2014461755752563 0.1706250011920929 
v 0.01654251664876938 -1.2014461755752563 0.17508596181869507 
v 0.02399522066116333 -1.2020626068115234 0.21781443059444427 
v 0.028253907337784767 -1.2063779830932617 0.23033736646175385 
v 0.03038325160741806 -1.2118576765060425 0.23796936869621277 
v 0.026257647201418877 -1.2118576765060425 0.23796936869621277 
v 0.02452755533158779 -1.2063779830932617 0.23033736646175385 
v 0.021732792258262634 -1.2027475833892822 0.21894310414791107 
v -0.00009298400254920125 -1.2063779830932617 0.23033736646175385 
v -0.00009298400254920125 -1.2118576765060425 0.23796936869621277 
v -0.00009298400254920125 -1.2182965278625488 0.24065668880939484 
v 0.02692306786775589 -1.2182965278625488 0.24065668880939484 
v -0.00009298400254920125 -1.2288793325424194 0.24065668880939484 
v 0.02692306786775589 -1.2288793325424194 0.24065668880939484 
v -0.00009298400254920125 -1.2027475833892822 0.21894310414791107 
v -0.022051844745874405 -1.2027475833892822 0.21894310414791107 
v -0.024846607819199562 -1.2063779830932617 0.23033736646175385 
v -0.026576699689030647 -1.2118576765060425 0.23796936869621277 
v -0.02724212035536766 -1.2182965278625488 0.24065668880939484 
v -0.00009298400254920125 -1.2014461755752563 0.20545272529125214 
v 0.010819903574883938 -1.2014461755752563 0.17508596181869507 
v 0.015744011849164963 -1.2014461755752563 0.1706250011920929 
v 0.02106737159192562 -1.2059327363967896 0.1706250011920929 
v 0.02106737159192562 -1.2196664810180664 0.1706250011920929 
v 0.015744011849164963 -1.2059327363967896 0.1706250011920929 
v 0.0101544838398695 -1.2014461755752563 0.1706250011920929 
v -0.00009298400254920125 -1.2014461755752563 0.17508596181869507 
v -0.011138956062495708 -1.2014461755752563 0.17508596181869507 
v -0.02431427128612995 -1.2020626068115234 0.21781443059444427 
v -0.028572959825396538 -1.2063779830932617 0.23033736646175385 
v -0.03070230409502983 -1.2118576765060425 0.23796936869621277 
v -0.03123464062809944 -1.204733967781067 0.24011921882629395 
v -0.03216622769832611 -1.201857089996338 0.2399579882621765 
v -0.03456173837184906 -1.2014461755752563 0.2397967427968979 
v -0.016861567273736 -1.2014461755752563 0.17508596181869507 
v -0.016063064336776733 -1.2014461755752563 0.1706250011920929 
v -0.01047353632748127 -1.2014461755752563 0.1706250011920929 
v -0.00009298400254920125 -1.2014461755752563 0.1706250011920929 
v 0.0101544838398695 -1.2059327363967896 0.1706250011920929 
v 0.015744011849164963 -1.2196664810180664 0.1706250011920929 
v 0.02106737159192562 -1.2324411869049072 0.1706250011920929 
v 0.025326060131192207 -1.2324411869049072 0.1707324981689453 
v 0.026789983734488487 -1.2324411869049072 0.17621463537216187 
v 0.04262698069214821 -1.235386610031128 0.23044484853744507 
v 0.04329239949584007 -1.2356605529785156 0.23393838107585907 
v 0.09293273091316223 -1.234872817993164 0.2260376363992691 
v 0.07722882181406021 -1.231961727142334 0.17621463537216187 
v 0.07576489448547363 -1.231961727142334 0.1706787496805191 
v 0.025326060131192207 -1.2705600261688232 0.1707324981689453 
v 0.11702093482017517 -1.219323992729187 0.1706787496805191 
v 0.11875102669000626 -1.2192554473876953 0.17621463537216187 
v 0.12753456830978394 -1.2216870784759521 0.202442929148674 
v 0.12167887389659882 -1.2185019254684448 0.17675210535526276 
v 0.12021495401859283 -1.2185019254684448 0.171269953250885 
v 0.12327588349580765 -1.2205226421356201 0.1706787496805191 
v 0.11462542414665222 -1.2569290399551392 0.17105497419834137 
v 0.026789983734488487 -1.2705600261688232 0.17621463537216187 
v 0.1262037307024002 -1.2551480531692505 0.1706787496805191 
v 0.12473981082439423 -1.2205226421356201 0.17621463537216187 
v 0.13219250738620758 -1.2204198837280273 0.20314162969589233 
v 0.12686915695667267 -1.2232967615127563 0.21534208953380585 
v 0.12074729055166245 -1.2259682416915894 0.22270536422729492 
v 0.11036673933267593 -1.2294615507125854 0.22576890885829926 
v 0.09373123943805695 -1.2351810932159424 0.23055234551429749 
v 0.11036673933267593 -1.2300779819488525 0.23055234551429749 
v 0.12354205548763275 -1.225659966468811 0.22695133090019226 
v 0.13139401376247406 -1.2221665382385254 0.21706198155879974 
v 0.13498727977275848 -1.2224748134613037 0.2023354321718216 
v 0.13405568897724152 -1.2243927717208862 0.21765318512916565 
v 0.12500597536563873 -1.2283998727798462 0.2288324534893036 
v 0.11036673933267593 -1.2333658933639526 0.2329171895980835 
v 0.09439665824174881 -1.238263487815857 0.2329171895980835 
v 0.04395781829953194 -1.2387771606445312 0.23630322515964508 
v 0.04475632309913635 -1.2301123142242432 0.23856057226657867 
v 0.04648641496896744 -1.2318247556686401 0.24200035631656647 
v 0.055802296847105026 -1.22963285446167 0.26210153102874756 
v 0.055802296847105026 -1.2254202365875244 0.26215529441833496 
v 0.06085948646068573 -1.224118709564209 0.27306583523750305 
v 0.06085948646068573 -1.2284340858459473 0.27306583523750305 
v 0.06085948646068573 -1.2705600261688232 0.27306583523750305 
v 0.055669210851192474 -1.2705600261688232 0.2619403004646301 
v 0.04395781829953194 -1.2705600261688232 0.23630322515964508 
v 0.09439665824174881 -1.27008056640625 0.2329171895980835 
v 0.11036673933267593 -1.2652171850204468 0.2329171895980835 
v 0.12527213990688324 -1.2603881359100342 0.22877871990203857 
v 0.13458801805973053 -1.2568262815475464 0.21754568815231323 
v 0.1360519528388977 -1.2554221153259277 0.20212045311927795 
v 0.1276676505804062 -1.2551480531692505 0.17621463537216187 
v 0.02106737159192562 -1.2705600261688232 0.1706250011920929 
v 0.015744011849164963 -1.2324411869049072 0.1706250011920929 
v 0.0101544838398695 -1.2196664810180664 0.1706250011920929 
v 0.0101544838398695 -1.2324411869049072 0.1706250011920929 
v 0.015744011849164963 -1.2705600261688232 0.1706250011920929 
v 0.0101544838398695 -1.2705600261688232 0.1706250011920929 
v -0.00009298400254920125 -1.2059327363967896 0.1706250011920929 
v -0.00009298400254920125 -1.2196664810180664 0.1706250011920929 
v -0.00009298400254920125 -1.2324411869049072 0.1706250011920929 
v -0.00009298400254920125 -1.2705600261688232 0.1706250011920929 
v -0.01047353632748127 -1.2705600261688232 0.1706250011920929 
v -0.01047353632748127 -1.2324411869049072 0.1706250011920929 
v -0.016063064336776733 -1.2705600261688232 0.1706250011920929 
v -0.01047353632748127 -1.2196664810180664 0.1706250011920929 
v -0.016063064336776733 -1.2324411869049072 0.1706250011920929 
v -0.02138642407953739 -1.2705600261688232 0.1706250011920929 
v -0.02138642407953739 -1.2324411869049072 0.1706250011920929 
v -0.025645112618803978 -1.2705600261688232 0.1707324981689453 
v -0.016063064336776733 -1.2196664810180664 0.1706250011920929 
v -0.01047353632748127 -1.2059327363967896 0.1706250011920929 
v -0.016063064336776733 -1.2059327363967896 0.1706250011920929 
v -0.02138642407953739 -1.2196664810180664 0.1706250011920929 
v -0.02138642407953739 -1.2059327363967896 0.1706250011920929 
v -0.02138642407953739 -1.2014461755752563 0.1706250011920929 
v -0.022184928879141808 -1.2014461755752563 0.17508596181869507 
v -0.02431427128612995 -1.2020968198776245 0.17105497419834137 
v -0.025645112618803978 -1.2059327363967896 0.1707324981689453 
v -0.02577819675207138 -1.2020968198776245 0.17659085988998413 
v -0.03988509997725487 -1.2014461755752563 0.23743189871311188 
v -0.04281294718384743 -1.2014461755752563 0.25758683681488037 
v -0.04041743651032448 -1.201720118522644 0.25801679491996765 
v -0.03961893171072006 -1.2036722898483276 0.2583392858505249 
v -0.025645112618803978 -1.2303520441055298 0.1707324981689453 
v -0.027109036222100258 -1.2059327363967896 0.17621463537216187 
v -0.04281294718384743 -1.2020968198776245 0.23667944967746735 
v -0.048136308789253235 -1.2014461755752563 0.25522199273109436 
v -0.025645112618803978 -1.2324411869049072 0.1707324981689453 
v -0.0760839506983757 -1.231961727142334 0.1706787496805191 
v -0.11733999103307724 -1.219323992729187 0.1706787496805191 
v -0.1149444729089737 -1.2569290399551392 0.17105497419834137 
v -0.027109036222100258 -1.2705600261688232 0.17621463537216187 
v -0.12652277946472168 -1.2551480531692505 0.1706787496805191 
v -0.12798671424388885 -1.2551480531692505 0.17621463537216187 
v -0.04427687078714371 -1.2705600261688232 0.23630322515964508 
v -0.13637100160121918 -1.2554221153259277 0.20212045311927795 
v -0.1349070817232132 -1.2568262815475464 0.21754568815231323 
v -0.1255911886692047 -1.2603881359100342 0.22877871990203857 
v -0.1253250241279602 -1.2283998727798462 0.2288324534893036 
v -0.134374737739563 -1.2243927717208862 0.21765318512916565 
v -0.13530632853507996 -1.2224748134613037 0.2023354321718216 
v -0.1250588595867157 -1.2205226421356201 0.17621463537216187 
v -0.12359493970870972 -1.2205226421356201 0.1706787496805191 
v -0.1205340027809143 -1.2185019254684448 0.171269953250885 
v -0.027109036222100258 -1.2303520441055298 0.17621463537216187 
v -0.027109036222100258 -1.2324411869049072 0.17621463537216187 
v -0.12199793010950089 -1.2185019254684448 0.17675210535526276 
v -0.11907008290290833 -1.2192554473876953 0.17621463537216187 
v -0.07754787057638168 -1.231961727142334 0.17621463537216187 
v -0.04294603317975998 -1.235386610031128 0.23044484853744507 
v -0.04427687078714371 -1.2277148962020874 0.23630322515964508 
v -0.04427687078714371 -1.2059327363967896 0.23630322515964508 
v -0.052128829061985016 -1.2047683000564575 0.25344836711883545 
v -0.051596492528915405 -1.2181594371795654 0.25226593017578125 
v -0.058916110545396805 -1.2094945907592773 0.26833614706993103 
v -0.051596492528915405 -1.2194266319274902 0.25221219658851624 
v -0.051064155995845795 -1.2019598484039307 0.2543620467185974 
v -0.0561213493347168 -1.2046312093734741 0.26210153102874756 
v -0.05518975853919983 -1.2024050951004028 0.2635526955127716 
v -0.058516860008239746 -1.2078505754470825 0.27080848813056946 
v -0.05572209507226944 -1.2075766324996948 0.27199089527130127 
v -0.05825069174170494 -1.2150771617889404 0.2773655354976654 
v -0.060912370681762695 -1.2152141332626343 0.27602189779281616 
v -0.060912370681762695 -1.216070294380188 0.2726358473300934 
v -0.0561213493347168 -1.2254202365875244 0.26215529441833496 
v -0.05239499732851982 -1.2020283937454224 0.26452013850212097 
v -0.11055270582437515 -1.2652171850204468 0.2329171895980835 
v -0.0611785389482975 -1.224118709564209 0.27306583523750305 
v -0.0611785389482975 -1.2237420082092285 0.27655935287475586 
v -0.058516860008239746 -1.2236735820770264 0.2778492569923401 
v -0.05292733386158943 -1.2150771617889404 0.2796766459941864 
v -0.050531819462776184 -1.2075766324996948 0.2743557393550873 
v -0.047071635723114014 -1.2020283937454224 0.266884982585907 
v -0.044676125049591064 -1.2022337913513184 0.26736870408058167 
v -0.04361145198345184 -1.2037750482559204 0.26720747351646423 
v -0.039752017706632614 -1.2120975255966187 0.258984237909317 
v -0.046672385185956955 -1.2085355520248413 0.2738720178604126 
v -0.04800322279334068 -1.2076793909072876 0.27478572726249695 
v -0.050531819462776184 -1.2151113748550415 0.28010663390159607 
v -0.05319349840283394 -1.2236735820770264 0.2802141010761261 
v -0.0488017275929451 -1.215453863143921 0.2786017060279846 
v -0.050664905458688736 -1.2237077951431274 0.28064408898353577 
v -0.04015126824378967 -1.2173718214035034 0.25968295335769653 
v -0.031367722898721695 -1.2182965278625488 0.24065668880939484 
v -0.02724212035536766 -1.2288793325424194 0.24065668880939484 
v -0.00009298400254920125 -1.2705600261688232 0.24065668880939484 
v -0.02724212035536766 -1.2705600261688232 0.24065668880939484 
v -0.031367722898721695 -1.2288793325424194 0.24065668880939484 
v -0.04041743651032448 -1.2218583822250366 0.26027417182922363 
v -0.049200981855392456 -1.2237762212753296 0.27935415506362915 
v -0.050664905458688736 -1.2280573844909668 0.28064408898353577 
v -0.05319349840283394 -1.2280573844909668 0.2802141010761261 
v -0.058516860008239746 -1.2280573844909668 0.2778492569923401 
v -0.0611785389482975 -1.2280915975570679 0.27650561928749084 
v -0.0611785389482975 -1.2284340858459473 0.27306583523750305 
v -0.0561213493347168 -1.22963285446167 0.26210153102874756 
v -0.031367722898721695 -1.2705600261688232 0.24065668880939484 
v -0.0611785389482975 -1.2705600261688232 0.27306583523750305 
v -0.0611785389482975 -1.2705600261688232 0.27650561928749084 
v -0.058516860008239746 -1.2705600261688232 0.2778492569923401 
v -0.05319349840283394 -1.2705600261688232 0.2802141010761261 
v -0.050664905458688736 -1.2705600261688232 0.28059032559394836 
v -0.049200981855392456 -1.2280915975570679 0.27946165204048157 
v -0.049067895859479904 -1.2705600261688232 0.2792466878890991 
v -0.04640621691942215 -1.2705600261688232 0.2732808291912079 
v -0.04055051878094673 -1.2284682989120483 0.2605966329574585 
v 0.050345852971076965 -1.2280573844909668 0.28064408898353577 
v 0.052874449640512466 -1.2280573844909668 0.2802141010761261 
v 0.058197807520627975 -1.2280573844909668 0.2778492569923401 
v 0.06085948646068573 -1.2237420082092285 0.27655935287475586 
v 0.06085948646068573 -1.2280915975570679 0.27650561928749084 
v 0.06085948646068573 -1.2705600261688232 0.27650561928749084 
v 0.058197807520627975 -1.2705600261688232 0.2778492569923401 
v 0.052874449640512466 -1.2705600261688232 0.2802141010761261 
v 0.050345852971076965 -1.2705600261688232 0.28059032559394836 
v 0.048881929367780685 -1.2280915975570679 0.27946165204048157 
v 0.04023146629333496 -1.2284682989120483 0.2605966329574585 
v 0.031048672273755074 -1.2288793325424194 0.24065668880939484 
v 0.048748843371868134 -1.2705600261688232 0.2792466878890991 
v 0.04608716443181038 -1.2705600261688232 0.2732808291912079 
v 0.031048672273755074 -1.2705600261688232 0.24065668880939484 
v 0.02692306786775589 -1.2705600261688232 0.24065668880939484 
v 0.054205287247896194 -1.2004529237747192 0.2723133862018585 
v 0.054205287247896194 -1.2004529237747192 0.26683124899864197 
v 0.05540304258465767 -1.2004529237747192 0.26957231760025024 
v 0.054205287247896194 -1.204562783241272 0.26683124899864197 
v 0.05540304258465767 -1.204562783241272 0.26957231760025024 
v 0.054205287247896194 -1.204562783241272 0.2723133862018585 
v 0.05154360830783844 -1.204562783241272 0.26564881205558777 
v 0.05154360830783844 -1.2004529237747192 0.26564881205558777 
v 0.048748843371868134 -1.2004529237747192 0.26683124899864197 
v 0.04755108803510666 -1.2004529237747192 0.26957231760025024 
v 0.04755108803510666 -1.204562783241272 0.26957231760025024 
v 0.048748843371868134 -1.204562783241272 0.2723133862018585 
v 0.048748843371868134 -1.204562783241272 0.26683124899864197 
v 0.048748843371868134 -1.2004529237747192 0.2723133862018585 
v 0.05154360830783844 -1.2004529237747192 0.2734420597553253 
v 0.05154360830783844 -1.204562783241272 0.2734420597553253 
v 0.03916679695248604 -1.2004529237747192 0.23791562020778656 
v 0.04023146629333496 -1.2004529237747192 0.23517455160617828 
v 0.03916679695248604 -1.2004529237747192 0.2324334681034088 
v 0.03916679695248604 -1.204562783241272 0.2324334681034088 
v 0.03637203201651573 -1.204562783241272 0.23130479454994202 
v 0.03916679695248604 -1.204562783241272 0.23791562020778656 
v 0.04023146629333496 -1.204562783241272 0.23517455160617828 
v 0.03637203201651573 -1.2004529237747192 0.23130479454994202 
v 0.033577267080545425 -1.2004529237747192 0.2324334681034088 
v 0.0325125977396965 -1.2004529237747192 0.23517455160617828 
v 0.0325125977396965 -1.204562783241272 0.23517455160617828 
v 0.033577267080545425 -1.204562783241272 0.23791562020778656 
v 0.033577267080545425 -1.204562783241272 0.2324334681034088 
v 0.033577267080545425 -1.2004529237747192 0.23791562020778656 
v 0.03637203201651573 -1.2004529237747192 0.23904429376125336 
v 0.03637203201651573 -1.204562783241272 0.23904429376125336 
v 0.05167669057846069 -1.2336056232452393 0.2306598424911499 
v 0.052741363644599915 -1.2336056232452393 0.22791877388954163 
v 0.05167669057846069 -1.2336056232452393 0.22517769038677216 
v 0.05167669057846069 -1.237715482711792 0.22517769038677216 
v 0.048881929367780685 -1.237715482711792 0.22404901683330536 
v 0.05167669057846069 -1.237715482711792 0.2306598424911499 
v 0.052741363644599915 -1.237715482711792 0.22791877388954163 
v 0.048881929367780685 -1.2336056232452393 0.22404901683330536 
v 0.04622024670243263 -1.2336056232452393 0.22517769038677216 
v 0.04502249136567116 -1.2336056232452393 0.22791877388954163 
v 0.04502249136567116 -1.237715482711792 0.22791877388954163 
v 0.04622024670243263 -1.237715482711792 0.2306598424911499 
v 0.04622024670243263 -1.237715482711792 0.22517769038677216 
v 0.04622024670243263 -1.2336056232452393 0.2306598424911499 
v 0.048881929367780685 -1.2336056232452393 0.2317885160446167 
v 0.048881929367780685 -1.237715482711792 0.2317885160446167 
v 0.10610804706811905 -1.2287081480026245 0.2259838879108429 
v 0.10730580240488052 -1.228502631187439 0.22324281930923462 
v 0.10610804706811905 -1.2287081480026245 0.22050175070762634 
v 0.10690655559301376 -1.2327494621276855 0.22050175070762634 
v 0.10411179065704346 -1.2332289218902588 0.21937307715415955 
v 0.10690655559301376 -1.2327494621276855 0.2259838879108429 
v 0.10797122120857239 -1.2325439453125 0.22324281930923462 
v 0.103446364402771 -1.2291876077651978 0.21937307715415955 
v 0.10078468918800354 -1.229667067527771 0.22050175070762634 
v 0.09958693385124207 -1.229838252067566 0.22324281930923462 
v 0.10038543492555618 -1.2339138984680176 0.22324281930923462 
v 0.1014501079916954 -1.233708381652832 0.2259838879108429 
v 0.1014501079916954 -1.233708381652832 0.22050175070762634 
v 0.10078468918800354 -1.229667067527771 0.2259838879108429 
v 0.103446364402771 -1.2291876077651978 0.2271125763654709 
v 0.10411179065704346 -1.2332289218902588 0.2271125763654709 
v 0.10610804706811905 -1.222200870513916 0.18287919461727142 
v 0.10730580240488052 -1.2219953536987305 0.18013812601566315 
v 0.10610804706811905 -1.222200870513916 0.17739705741405487 
v 0.10690655559301376 -1.2262763977050781 0.17739705741405487 
v 0.10411179065704346 -1.2267558574676514 0.17626838386058807 
v 0.10690655559301376 -1.2262763977050781 0.18287919461727142 
v 0.10797122120857239 -1.2260708808898926 0.18013812601566315 
v 0.103446364402771 -1.2226803302764893 0.17626838386058807 
v 0.10078468918800354 -1.2231597900390625 0.17739705741405487 
v 0.09958693385124207 -1.223365306854248 0.18013812601566315 
v 0.10038543492555618 -1.227406620979309 0.18013812601566315 
v 0.1014501079916954 -1.2272011041641235 0.18287919461727142 
v 0.1014501079916954 -1.2272011041641235 0.17739705741405487 
v 0.10078468918800354 -1.2231597900390625 0.18287919461727142 
v 0.103446364402771 -1.2226803302764893 0.18400788307189941 
v 0.10411179065704346 -1.2267558574676514 0.18400788307189941 
v 0.04595407843589783 -1.2299753427505493 0.1827717125415802 
v 0.04701875150203705 -1.2299753427505493 0.18003064393997192 
v 0.04595407843589783 -1.2299753427505493 0.17723582684993744 
v 0.04595407843589783 -1.2340850830078125 0.17723582684993744 
v 0.04315931722521782 -1.2341194152832031 0.17610713839530945 
v 0.04595407843589783 -1.2340850830078125 0.1827717125415802 
v 0.04701875150203705 -1.2340850830078125 0.18003064393997192 
v 0.04315931722521782 -1.2300095558166504 0.17610713839530945 
v 0.04036455228924751 -1.2300437688827515 0.17723582684993744 
v 0.03929987922310829 -1.2300437688827515 0.18003064393997192 
v 0.03929987922310829 -1.2341536283493042 0.18003064393997192 
v 0.040497634559869766 -1.2341536283493042 0.1827717125415802 
v 0.040497634559869766 -1.2341536283493042 0.17723582684993744 
v 0.04036455228924751 -1.2300437688827515 0.1827717125415802 
v 0.04315931722521782 -1.2300095558166504 0.183900386095047 
v 0.04315931722521782 -1.2341194152832031 0.183900386095047 
v -0.11055270582437515 -1.2333658933639526 0.2329171895980835 
v -0.09471570700407028 -1.238263487815857 0.2329171895980835 
v -0.1106857880949974 -1.2300779819488525 0.23055234551429749 
v -0.12386110424995422 -1.225659966468811 0.22695133090019226 
v -0.13171306252479553 -1.2221665382385254 0.21706198155879974 
v -0.13251157104969025 -1.2204198837280273 0.20314162969589233 
v -0.1278536170721054 -1.2216870784759521 0.202442929148674 
v -0.12718820571899414 -1.2232967615127563 0.21534208953380585 
v -0.12106633931398392 -1.2259682416915894 0.22270536422729492 
v -0.1106857880949974 -1.2294615507125854 0.22576890885829926 
v -0.0932517871260643 -1.234872817993164 0.2260376363992691 
v -0.04361145198345184 -1.2356605529785156 0.23393838107585907 
v -0.09405028820037842 -1.2351810932159424 0.23055234551429749 
v -0.04427687078714371 -1.2387771606445312 0.23630322515964508 
v -0.09471570700407028 -1.27008056640625 0.2329171895980835 
v -0.055988263338804245 -1.2705600261688232 0.2619403004646301 
v -0.04680546745657921 -1.2318247556686401 0.24200035631656647 
v -0.04507537558674812 -1.2301123142242432 0.23856057226657867 
v -0.054524339735507965 -1.2004529237747192 0.2723133862018585 
v -0.049067895859479904 -1.2004529237747192 0.2723133862018585 
v -0.05186266079545021 -1.2004529237747192 0.2734420597553253 
v -0.05186266079545021 -1.204562783241272 0.2734420597553253 
v -0.054524339735507965 -1.204562783241272 0.2723133862018585 
v -0.049067895859479904 -1.204562783241272 0.2723133862018585 
v -0.04787014052271843 -1.204562783241272 0.26957231760025024 
v -0.04787014052271843 -1.2004529237747192 0.26957231760025024 
v -0.049067895859479904 -1.2004529237747192 0.26683124899864197 
v -0.049067895859479904 -1.204562783241272 0.26683124899864197 
v -0.05186266079545021 -1.204562783241272 0.26564881205558777 
v -0.054524339735507965 -1.204562783241272 0.26683124899864197 
v -0.054524339735507965 -1.2004529237747192 0.26683124899864197 
v -0.05186266079545021 -1.2004529237747192 0.26564881205558777 
v -0.05572209507226944 -1.204562783241272 0.26957231760025024 
v -0.05572209507226944 -1.2004529237747192 0.26957231760025024 
v -0.03948584944009781 -1.2004529237747192 0.23791562020778656 
v -0.033896319568157196 -1.2004529237747192 0.23791562020778656 
v -0.0366910845041275 -1.2004529237747192 0.23904429376125336 
v -0.0366910845041275 -1.204562783241272 0.23904429376125336 
v -0.03948584944009781 -1.204562783241272 0.23791562020778656 
v -0.033896319568157196 -1.204562783241272 0.23791562020778656 
v -0.032831646502017975 -1.204562783241272 0.23517455160617828 
v -0.032831646502017975 -1.2004529237747192 0.23517455160617828 
v -0.033896319568157196 -1.2004529237747192 0.2324334681034088 
v -0.033896319568157196 -1.204562783241272 0.2324334681034088 
v -0.0366910845041275 -1.204562783241272 0.23130479454994202 
v -0.03948584944009781 -1.204562783241272 0.2324334681034088 
v -0.03948584944009781 -1.2004529237747192 0.2324334681034088 
v -0.0366910845041275 -1.2004529237747192 0.23130479454994202 
v -0.04055051878094673 -1.204562783241272 0.23517455160617828 
v -0.04055051878094673 -1.2004529237747192 0.23517455160617828 
v -0.051995743066072464 -1.2336056232452393 0.2306598424911499 
v -0.0465392991900444 -1.2336056232452393 0.2306598424911499 
v -0.049200981855392456 -1.2336056232452393 0.2317885160446167 
v -0.049200981855392456 -1.237715482711792 0.2317885160446167 
v -0.051995743066072464 -1.237715482711792 0.2306598424911499 
v -0.0465392991900444 -1.237715482711792 0.2306598424911499 
v -0.04534154385328293 -1.237715482711792 0.22791877388954163 
v -0.04534154385328293 -1.2336056232452393 0.22791877388954163 
v -0.0465392991900444 -1.2336056232452393 0.22517769038677216 
v -0.0465392991900444 -1.237715482711792 0.22517769038677216 
v -0.049200981855392456 -1.237715482711792 0.22404901683330536 
v -0.051995743066072464 -1.237715482711792 0.22517769038677216 
v -0.051995743066072464 -1.2336056232452393 0.22517769038677216 
v -0.049200981855392456 -1.2336056232452393 0.22404901683330536 
v -0.053060416132211685 -1.237715482711792 0.22791877388954163 
v -0.053060416132211685 -1.2336056232452393 0.22791877388954163 
v -0.10642710328102112 -1.2287081480026245 0.2259838879108429 
v -0.10110373795032501 -1.229667067527771 0.2259838879108429 
v -0.10376542061567307 -1.2291876077651978 0.2271125763654709 
v -0.10443083941936493 -1.2332289218902588 0.2271125763654709 
v -0.10722560435533524 -1.2327494621276855 0.2259838879108429 
v -0.10176915675401688 -1.233708381652832 0.2259838879108429 
v -0.10070449113845825 -1.2339138984680176 0.22324281930923462 
v -0.09990598261356354 -1.229838252067566 0.22324281930923462 
v -0.10110373795032501 -1.229667067527771 0.22050175070762634 
v -0.10176915675401688 -1.233708381652832 0.22050175070762634 
v -0.10443083941936493 -1.2332289218902588 0.21937307715415955 
v -0.10722560435533524 -1.2327494621276855 0.22050175070762634 
v -0.10642710328102112 -1.2287081480026245 0.22050175070762634 
v -0.10376542061567307 -1.2291876077651978 0.21937307715415955 
v -0.10829027742147446 -1.2325439453125 0.22324281930923462 
v -0.10762485861778259 -1.228502631187439 0.22324281930923462 
v -0.10642710328102112 -1.222200870513916 0.18287919461727142 
v -0.10110373795032501 -1.2231597900390625 0.18287919461727142 
v -0.10376542061567307 -1.2226803302764893 0.18400788307189941 
v -0.10443083941936493 -1.2267558574676514 0.18400788307189941 
v -0.10722560435533524 -1.2262763977050781 0.18287919461727142 
v -0.10176915675401688 -1.2272011041641235 0.18287919461727142 
v -0.10070449113845825 -1.227406620979309 0.18013812601566315 
v -0.09990598261356354 -1.223365306854248 0.18013812601566315 
v -0.10110373795032501 -1.2231597900390625 0.17739705741405487 
v -0.10176915675401688 -1.2272011041641235 0.17739705741405487 
v -0.10443083941936493 -1.2267558574676514 0.17626838386058807 
v -0.10722560435533524 -1.2262763977050781 0.17739705741405487 
v -0.10642710328102112 -1.222200870513916 0.17739705741405487 
v -0.10376542061567307 -1.2226803302764893 0.17626838386058807 
v -0.10829027742147446 -1.2260708808898926 0.18013812601566315 
v -0.10762485861778259 -1.2219953536987305 0.18013812601566315 
v -0.0462731309235096 -1.2299753427505493 0.1827717125415802 
v -0.04068360477685928 -1.2300437688827515 0.1827717125415802 
v -0.04347836971282959 -1.2300095558166504 0.183900386095047 
v -0.04347836971282959 -1.2341194152832031 0.183900386095047 
v -0.0462731309235096 -1.2340850830078125 0.1827717125415802 
v -0.04081668704748154 -1.2341536283493042 0.1827717125415802 
v -0.03961893171072006 -1.2341536283493042 0.18003064393997192 
v -0.03961893171072006 -1.2300437688827515 0.18003064393997192 
v -0.04068360477685928 -1.2300437688827515 0.17723582684993744 
v -0.04081668704748154 -1.2341536283493042 0.17723582684993744 
v -0.04347836971282959 -1.2341194152832031 0.17610713839530945 
v -0.0462731309235096 -1.2340850830078125 0.17723582684993744 
v -0.0462731309235096 -1.2299753427505493 0.17723582684993744 
v -0.04347836971282959 -1.2300095558166504 0.17610713839530945 
v -0.04733780398964882 -1.2340850830078125 0.18003064393997192 
v -0.04733780398964882 -1.2299753427505493 0.18003064393997192 
vn 0.9227240085601807 0.1354418247938156 -0.36088213324546814 
vn 0.6507375240325928 0.7174511551856995 -0.24860523641109467 
vn 0.8862023949623108 0.20945920050144196 -0.41324591636657715 
vn 0.5334916710853577 0.8158430457115173 -0.22312943637371063 
vn 0.09049347788095474 0.9958371520042419 -0.010923261754214764 
vn 0.17813649773597717 0.9475123286247253 0.26549527049064636 
vn 0.05277803912758827 0.9446049928665161 0.3239381015300751 
vn -0.03964303061366081 0.9981608390808105 0.04586252197623253 
vn 0.09796451777219772 0.9946504235267639 -0.03276457265019417 
vn 0.6325950622558594 0.7552022337913513 -0.17173540592193604 
vn 0.9523013234138489 0.15044735372066498 -0.26549527049064636 
vn 0.9088051319122314 0 -0.417220801115036 
vn 0.10549934208393097 0.9941290020942688 -0.024029340595006943 
vn -0.07541686296463013 0.9967476725578308 0.028397228568792343 
vn -0.5266794562339783 0.8115929961204529 0.25283506512641907 
vn -0.42832356691360474 0.7820916771888733 0.45262736082077026 
vn -0.8474408388137817 0.2709874212741852 0.456519216299057 
vn -0.8853142857551575 0.23494167625904083 0.401274174451828 
vn -0.9087973237037659 0.0037715816870331764 0.417220801115036 
vn -0.9401897192001343 0.10539169609546661 0.3239381015300751 
vn -0.7581056952476501 0.5918183922767639 0.27391019463539124 
vn -0.3222131133079529 0.5983174443244934 0.7336177229881287 
vn -0.8125611543655396 0.19071367383003235 0.5507928133010864 
vn 0.18097107112407684 0.7275661826133728 0.661737859249115 
vn 0.2998279333114624 0.732475757598877 0.6112139225006104 
vn 0.6365046501159668 0.7670345306396484 0.08074574917554855 
vn 0.8803916573524475 0.3539355397224426 -0.31565824151039124 
vn 0.946241021156311 0.15789969265460968 -0.28230419754981995 
vn 0.7463447451591492 0.5814065933227539 0.3239381015300751 
vn 0.3900044858455658 0.41663312911987305 0.8211658596992493 
vn 0.29983457922935486 0.35700350999832153 0.8846737742424011 
vn -0.14907892048358917 0.30832692980766296 0.9395264387130737 
vn -0.7831578850746155 0.09406964480876923 0.6146662831306458 
vn -0.9087973237037659 0.0037715816870331764 0.417220801115036 
vn -0.6864795088768005 0.060269515961408615 0.7246471047401428 
vn -0.9087973237037659 0.0037715816870331764 0.417220801115036 
vn -0.7887061238288879 0.01131490059196949 0.6146662831306458 
vn -0.34904196858406067 0.03378729522228241 0.9364978075027466 
vn 0.24892732501029968 0.029934609308838844 0.9680594801902771 
vn 0.41751766204833984 0.037577271461486816 0.9078915119171143 
vn 0.7748832702636719 0.25217124819755554 0.5796254277229309 
vn 0.975014328956604 0.08298594504594803 -0.2060592919588089 
vn 0.9088051319122314 0 -0.417220801115036 
vn 0.93075031042099 -0.02264218218624592 -0.3649536371231079 
vn 0.9640825986862183 0.0075531587935984135 -0.26549527049064636 
vn 0.6163880825042725 0 -0.7874425053596497 
vn 0.5976296663284302 0.16437497735023499 -0.7847417593002319 
vn 0.4056725800037384 0.6572954654693604 -0.6351318359375 
vn 0.09799494594335556 0.8215266466140747 -0.5616858005523682 
vn -0.02265329100191593 0.999721884727478 0.006554040592163801 
vn -0.16893784701824188 0.9629226922988892 0.2103329300880432 
vn -0.6112566590309143 0.6205981373786926 0.4911448359489441 
vn -0.5021974444389343 0.4077226221561432 0.762600839138031 
vn -6.445081149547907e-14 0.6232457756996155 0.7820260524749756 
vn -0.020744606852531433 0.8894716501235962 0.456519216299057 
vn -0.0320732407271862 0.9304730892181396 0.3649536371231079 
vn -0.0018856911920011044 0.9159560203552246 0.401274174451828 
vn 0.0018846261082217097 0.6922772526741028 0.7216291427612305 
vn 0.0018760409438982606 0.2591639459133148 0.9658315181732178 
vn -2.0202289751562567e-14 0.19535815715789795 0.9807319641113281 
vn 0 0 1 
vn 0 0 1 
vn -9.840592967227946e-14 0.95159512758255 0.30735430121421814 
vn 0.02830115705728531 0.9305954575538635 0.3649536371231079 
vn 0.01697336882352829 0.8895516395568848 0.456519216299057 
vn -6.445081149547907e-14 0.6232457756996155 0.7820260524749756 
vn -2.0202289751562567e-14 0.19535815715789795 0.9807319641113281 
vn -1.0335603087361506e-13 0.9994630813598633 0.03276457265019417 
vn -1.0341130485562108e-13 0.999997615814209 0.002184694167226553 
vn 0.0018878303235396743 0.7078762650489807 -0.7063339352607727 
vn 0.03171795979142189 0.014674291014671326 -0.999389111995697 
vn 0.008738672360777855 0 -0.999961793422699 
vn -2.0682311115474694e-13 0 -1 
vn 0.0018878303235396743 0.7078762650489807 -0.7063339352607727 
vn -1.0341130485562108e-13 0.999997615814209 0.002184694167226553 
vn -1.0341130485562108e-13 0.999997615814209 0.002184694167226553 
vn 0.16893784701824188 0.9629226922988892 0.2103329300880432 
vn 0.6085616946220398 0.6232410669326782 0.4911448359489441 
vn 0.4998124837875366 0.4106427729129791 0.762600839138031 
vn 0.9401897192001343 0.10539169609546661 0.3239381015300751 
vn 0.7604209780693054 0.5888404846191406 0.27391019463539124 
vn 0.07541686296463013 0.9967476725578308 0.028397228568792343 
vn 0.02265329100191593 0.999721884727478 0.006554040592163801 
vn 0.0018878303235396743 0.7078762650489807 -0.7063339352607727 
vn 0.0018878303235396743 0.7078762650489807 -0.7063339352607727 
vn -0.0018916117260232568 0.4467694163322449 -0.8946471214294434 
vn -2.0682311115474694e-13 0 -1 
vn -2.0682311115474694e-13 0 -1 
vn 0.008738672360777855 0 -0.999961793422699 
vn 0.4730054438114166 0.24037200212478638 -0.8476362228393555 
vn 0.5310757160186768 0.8368414044380188 -0.1328723281621933 
vn 0.6857196092605591 0.7164258360862732 -0.12854042649269104 
vn 0.7478659749031067 0.6625514626502991 0.04149730131030083 
vn -0.11856453120708466 0.9885056018829346 0.09380380809307098 
vn -0.20247359573841095 0.9743564128875732 0.0981530249118805 
vn -0.08674158900976181 0.8349295854568481 -0.5434780716896057 
vn 0.04126138240098953 -0.19533105194568634 -0.97986900806427 
vn -0.16473837196826935 0.7072173357009888 -0.6875353455543518 
vn -0.27737659215927124 0.9537897706031799 0.11553031951189041 
vn -0.27738523483276367 0.9489495754241943 0.15017375349998474 
vn 0.1429940164089203 0.9897211194038391 -0.002184694167226553 
vn 0.003775842720642686 0.8148742914199829 -0.5796254277229309 
vn 0.5126441121101379 0.4926029145717621 -0.7032341957092285 
vn 0.06212745979428291 -0.43451929092407227 -0.8985171914100647 
vn 0.14855338633060455 -0.9873964786529541 -0.05459024757146835 
vn 0.6665922403335571 -0.550570547580719 -0.5025205612182617 
vn 0.8291965126991272 0.5027088522911072 -0.24437066912651062 
vn 0.15779003500938416 0.9866003394126892 0.04149730131030083 
vn -0.2702568769454956 0.9563462734222412 0.1111890971660614 
vn -0.2792217433452606 0.9521597027778625 0.1242060661315918 
vn -0.28844115138053894 0.9488303661346436 0.12854042649269104 
vn -0.13336357474327087 0.8263481259346008 0.5471406579017639 
vn -0.17981764674186707 0.8411349058151245 0.5100564956665039 
vn 0.01321122981607914 0.8974588513374329 0.4409002661705017 
vn 0.2518835961818695 0.936396062374115 0.24437066912651062 
vn 0.8736034631729126 0.47751209139823914 -0.09380380809307098 
vn 0.8168936371803284 0.4143233597278595 0.401274174451828 
vn 0.42918580770492554 0.34811317920684814 0.8334367275238037 
vn 0.035577721893787384 0.30738040804862976 0.9509214162826538 
vn -0.011248543858528137 0.25046828389167786 0.9680594801902771 
vn 0.9224629998207092 0.2390308976173401 0.30319350957870483 
vn 0.9126694798469543 -0.05280690640211105 -0.405272513628006 
vn 0.8841135501861572 -0.05282438546419144 -0.4642767012119293 
vn 0.9088051319122314 0 -0.417220801115036 
vn 0.9088051319122314 0 -0.417220801115036 
vn 0.9827784299850464 0.007549022324383259 -0.18463370203971863 
vn 0.9738045930862427 0 -0.22738653421401978 
vn 0.9568213224411011 0 -0.29067665338516235 
vn 0.9088051319122314 0 -0.417220801115036 
vn 0.2950766384601593 -0.9032672643661499 -0.31150925159454346 
vn 0.02933972142636776 0.10949733108282089 0.9935539960861206 
vn 0.16202327609062195 -0.33830419182777405 0.926983654499054 
vn 0.5257337689399719 -0.6056818962097168 0.5972883701324463 
vn 0.7825127243995667 -0.5461288690567017 0.2990269064903259 
vn 0.860332727432251 -0.5039763450622559 -0.0763898640871048 
vn 0.7425509095191956 -0.6252639889717102 -0.2401314377784729 
vn 0.004369377624243498 0 -0.9999904632568359 
vn -2.0682311115474694e-13 0 -1 
vn -2.0682311115474694e-13 0 -1 
vn -2.0682311115474694e-13 0 -1 
vn -2.0682311115474694e-13 0 -1 
vn -2.0682311115474694e-13 0 -1 
vn -2.0682311115474694e-13 0 -1 
vn -2.0682311115474694e-13 0 -1 
vn -2.0682311115474694e-13 0 -1 
vn -2.0682311115474694e-13 0 -1 
vn -2.0682311115474694e-13 0 -1 
vn -2.0682311115474694e-13 0 -1 
vn -2.0682311115474694e-13 0 -1 
vn -2.0682311115474694e-13 0 -1 
vn -2.0682311115474694e-13 0 -1 
vn -0.002184688812121749 -0.0037839922588318586 -0.9999904632568359 
vn -0.007873271591961384 -0.0037915678694844246 -0.999961793422699 
vn -0.04126138240098953 -0.19533105194568634 -0.97986900806427 
vn -2.0682311115474694e-13 0 -1 
vn -2.0682311115474694e-13 0 -1 
vn -2.0682311115474694e-13 0 -1 
vn -0.007873271591961384 -0.0037915678694844246 -0.999961793422699 
vn -0.029945457354187965 0.018017584457993507 -0.999389111995697 
vn -0.09799494594335556 0.8215266466140747 -0.5616858005523682 
vn -0.10549934208393097 0.9941290020942688 -0.024029340595006943 
vn -0.4056725800037384 0.6572954654693604 -0.6351318359375 
vn -0.5966158509254456 0.16801753640174866 -0.7847417593002319 
vn -0.6325950622558594 0.7552022337913513 -0.17173540592193604 
vn -0.09796451777219772 0.9946504235267639 -0.03276457265019417 
vn 0.043416284024715424 0.9980038404464722 0.04586252197623253 
vn 0.5235081315040588 0.8136422038078308 0.25283506512641907 
vn 0.8862741589546204 0.23129448294639587 0.401274174451828 
vn -0.6163880825042725 -1.2748329681396692e-13 -0.7874425053596497 
vn -0.9523013234138489 0.15044735372066498 -0.26549527049064636 
vn -0.6507375240325928 0.7174511551856995 -0.24860523641109467 
vn -0.09049347788095474 0.9958371520042419 -0.010923261754214764 
vn -0.47128111124038696 0.24373546242713928 -0.8476362228393555 
vn 0.08674158900976181 0.8349295854568481 -0.5434780716896057 
vn 0.16473837196826935 0.7072173357009888 -0.6875353455543518 
vn -0.06586506217718124 -0.4339684844017029 -0.8985171914100647 
vn -0.15228517353534698 -0.9868277907371521 -0.05459024757146835 
vn -0.6641802191734314 -0.5534778833389282 -0.5025205612182617 
vn -0.7425509095191956 -0.6252639889717102 -0.2401314377784729 
vn -0.2986617684364319 -0.9020882248878479 -0.31150925159454346 
vn -0.860332727432251 -0.5039763450622559 -0.0763898640871048 
vn -0.7825127243995667 -0.5461288690567017 0.2990269064903259 
vn -0.5257337689399719 -0.6056818962097168 0.5972883701324463 
vn -0.4315481185913086 0.34518033266067505 0.8334367275238037 
vn -0.815180778503418 0.41768333315849304 0.401274174451828 
vn -0.875406801700592 0.47419804334640503 -0.09380380809307098 
vn -0.8272331953048706 0.5059329867362976 -0.24437066912651062 
vn -0.5100183486938477 0.49532100558280945 -0.7032341957092285 
vn -0.003775842720642686 0.8148742914199829 -0.5796254277229309 
vn -0.9640825986862183 0.0075531587935984135 -0.26549527049064636 
vn -0.5278851985931396 0.8388576507568359 -0.1328723281621933 
vn -0.1429940164089203 0.9897211194038391 -0.002184694167226553 
vn 0.2737513780593872 0.9548366069793701 0.11553031951189041 
vn 0.20247359573841095 0.9743564128875732 0.0981530249118805 
vn -0.6829864978790283 0.7190318703651428 -0.12854042649269104 
vn -0.9308344721794128 -0.018869053572416306 -0.3649536371231079 
vn -0.9227240085601807 0.1354418247938156 -0.36088213324546814 
vn -0.8862023949623108 0.20945920050144196 -0.41324591636657715 
vn -0.9088051319122314 -1.8796191003384727e-13 -0.417220801115036 
vn -0.946241021156311 0.15789969265460968 -0.28230419754981995 
vn -0.9088051319122314 -1.8796191003384727e-13 -0.417220801115036 
vn -0.530327320098877 0.8179035186767578 -0.22312943637371063 
vn -0.8817939758300781 0.3504272699356079 -0.31565824151039124 
vn -0.6365046501159668 0.7670345306396484 0.08074574917554855 
vn -0.7463447451591492 0.5814065933227539 0.3239381015300751 
vn -0.2963326871395111 0.733896791934967 0.6112139225006104 
vn -0.3900044858455658 0.41663312911987305 0.8211658596992493 
vn -0.7760416865348816 0.2485833466053009 0.5796254277229309 
vn -0.975014328956604 0.08298594504594803 -0.2060592919588089 
vn -0.9088051319122314 -1.8796191003384727e-13 -0.417220801115036 
vn -0.18184208869934082 0.9468081593513489 0.26549527049064636 
vn -0.15861959755420685 -0.33991336822509766 0.926983654499054 
vn -0.9827784299850464 0.007549022324383259 -0.18463370203971863 
vn -0.853173017501831 0.018852027133107185 0.5212872624397278 
vn -0.41751766204833984 0.037577271461486816 0.9078915119171143 
vn -0.3027079403400421 0.3545704185962677 0.8846737742424011 
vn -0.18462590873241425 0.7266473174095154 0.661737859249115 
vn -0.05277803912758827 0.9446049928665161 0.3239381015300751 
vn 0.42501288652420044 0.78389573097229 0.45262736082077026 
vn 0.8462843298912048 0.2745778262615204 0.456519216299057 
vn 0.9088051319122314 0 0.417220801115036 
vn 0.8116907477378845 0.19438470900058746 0.5507928133010864 
vn 0.3222131133079529 0.5983174443244934 0.7336177229881287 
vn 0.14907892048358917 0.30832692980766296 0.9395264387130737 
vn -0.24892732501029968 0.029934609308838844 0.9680594801902771 
vn 0.7835987210273743 0.09032373875379562 0.6146662831306458 
vn 0.3493841588497162 0.030042938888072968 0.9364978075027466 
vn 0.9088051319122314 0 0.417220801115036 
vn 0.6864795088768005 0.060269515961408615 0.7246471047401428 
vn 0 0 1 
vn 0 0 1 
vn 0 0 1 
vn 0.5379648208618164 0 0.8429672718048096 
vn 0.9088051319122314 0 0.417220801115036 
vn 0.7887511849403381 0.0075434111058712006 0.6146662831306458 
vn 0.24225163459777832 0 0.9702134728431702 
vn -0.2927422523498535 -0.00375398900359869 0.9561840295791626 
vn -0.423151433467865 -0.003766018431633711 0.9060511589050293 
vn -0.8533729314804077 -0.0037706999573856592 0.5212872624397278 
vn -0.9738045930862427 -2.014052851362011e-13 -0.22738653421401978 
vn -0.9088051319122314 -1.8796191003384727e-13 -0.417220801115036 
vn 0.7047857642173767 0 0.7094202041625977 
vn -0.9568213224411011 -1.978927682529455e-13 -0.29067665338516235 
vn -0.9446462988853455 -0.0037709143944084644 0.3280687630176544 
vn -0.42710649967193604 -0.0037586253602057695 0.9041935205459595 
vn -0.32598263025283813 0.003751464420929551 0.9453682899475098 
vn 0.2507207691669464 0 0.9680594801902771 
vn 0.7860940098762512 0 0.6181069612503052 
vn 0.7967764139175415 0 0.6042742133140564 
vn 0.9088051319122314 0 0.417220801115036 
vn 0.9088051319122314 0 0.417220801115036 
vn -0.2422226220369339 0.0037488944362848997 0.9702134728431702 
vn 0.2927663028240204 0 0.9561840295791626 
vn 0.4231681823730469 0 0.9060511589050293 
vn 0.8530814051628113 0.022621622309088707 0.5212872624397278 
vn 0.8533812761306763 0 0.5212872624397278 
vn 0.9446538686752319 0 0.3280687630176544 
vn 0.4271230399608612 0 0.9041935205459595 
vn 0.3260042071342468 0 0.9453682899475098 
vn -0.2507207691669464 -5.1854845423008125e-14 0.9680594801902771 
vn -0.7860849499702454 0.003770347684621811 0.6181069612503052 
vn -0.9087973237037659 0.0037715816870331764 0.417220801115036 
vn -0.537951648235321 0.0037640368100255728 0.8429672718048096 
vn -0.7967764139175415 -1.647917777713656e-13 0.6042742133140564 
vn -0.9087973237037659 0.0037715816870331764 0.417220801115036 
vn -0.7047756910324097 -0.0037719577085226774 0.7094202041625977 
vn 0 0 1 
vn 0.3342647850513458 0.9067453742027283 0.25706008076667786 
vn 0.4887982904911041 0.5835066437721252 -0.6485338807106018 
vn 0.934031069278717 0.3332616090774536 -0.12854042649269104 
vn 0.6502754092216492 -0.5795848965644836 -0.4911448359489441 
vn 0.934031069278717 -0.3332616090774536 0.12854042649269104 
vn 0.25344932079315186 -0.9070050716400146 0.3363112509250641 
vn 0.11271516233682632 -0.5811900496482849 -0.8059239983558655 
vn -0.11271516233682632 0.5811900496482849 -0.8059239983558655 
vn -0.6477578282356262 0.5823972225189209 -0.4911448359489441 
vn -0.8048871755599976 0.5829181671142578 0.1111890971660614 
vn -0.8048871755599976 -0.5829181671142578 -0.1111890971660614 
vn -0.6477578282356262 -0.5823972225189209 0.4911448359489441 
vn -0.49168822169303894 -0.5810735821723938 -0.6485338807106018 
vn -0.4896017611026764 0.5828326344490051 0.6485338807106018 
vn 0.12508292496204376 0.3363378345966339 0.933397650718689 
vn -0.12508292496204376 -0.3363378345966339 0.933397650718689 
vn 0.3342647850513458 0.9067453742027283 0.25706008076667786 
vn 0.934031069278717 0.3332616090774536 -0.12854042649269104 
vn 0.4887982904911041 0.5835066437721252 -0.6485338807106018 
vn 0.6502754092216492 -0.5795848965644836 -0.4911448359489441 
vn 0.11271516233682632 -0.5811900496482849 -0.8059239983558655 
vn 0.25344932079315186 -0.9070050716400146 0.3363112509250641 
vn 0.934031069278717 -0.3332616090774536 0.12854042649269104 
vn -0.11271516233682632 0.5811900496482849 -0.8059239983558655 
vn -0.6477578282356262 0.5823972225189209 -0.4911448359489441 
vn -0.8048871755599976 0.5829181671142578 0.1111890971660614 
vn -0.8048871755599976 -0.5829181671142578 -0.1111890971660614 
vn -0.6477578282356262 -0.5823972225189209 0.4911448359489441 
vn -0.49168822169303894 -0.5810735821723938 -0.6485338807106018 
vn -0.4896017611026764 0.5828326344490051 0.6485338807106018 
vn 0.12508292496204376 0.3363378345966339 0.933397650718689 
vn -0.12508292496204376 -0.3363378345966339 0.933397650718689 
vn 0.3342647850513458 0.9067453742027283 0.25706008076667786 
vn 0.934031069278717 0.3332616090774536 -0.12854042649269104 
vn 0.4887982904911041 0.5835066437721252 -0.6485338807106018 
vn 0.6502754092216492 -0.5795848965644836 -0.4911448359489441 
vn 0.11271516233682632 -0.5811900496482849 -0.8059239983558655 
vn 0.25344932079315186 -0.9070050716400146 0.3363112509250641 
vn 0.934031069278717 -0.3332616090774536 0.12854042649269104 
vn -0.11271516233682632 0.5811900496482849 -0.8059239983558655 
vn -0.6477578282356262 0.5823972225189209 -0.4911448359489441 
vn -0.8048871755599976 0.5829181671142578 0.1111890971660614 
vn -0.8048871755599976 -0.5829181671142578 -0.1111890971660614 
vn -0.6477578282356262 -0.5823972225189209 0.4911448359489441 
vn -0.49168822169303894 -0.5810735821723938 -0.6485338807106018 
vn -0.4896017611026764 0.5828326344490051 0.6485338807106018 
vn 0.12508292496204376 0.3363378345966339 0.933397650718689 
vn -0.12508292496204376 -0.3363378345966339 0.933397650718689 
vn 0.17441165447235107 0.9505265355110168 0.25706008076667786 
vn 0.8616593480110168 0.4909383952617645 -0.12854042649269104 
vn 0.3838598430156708 0.6573092341423035 -0.6485338807106018 
vn 0.7404884696006775 -0.45875221490859985 -0.4911448359489441 
vn 0.20721140503883362 -0.5545718669891357 -0.8059239983558655 
vn 0.40861040353775024 -0.8484882116317749 0.3363112509250641 
vn 0.9765285849571228 -0.17282743752002716 0.12854042649269104 
vn -0.20721140503883362 0.5545718669891357 -0.8059239983558655 
vn -0.7384936213493347 0.46195659041404724 -0.4911448359489441 
vn -0.8939734697341919 0.4341064989566803 0.1111890971660614 
vn -0.6912857890129089 -0.7139754295349121 -0.1111890971660614 
vn -0.5376101136207581 -0.6853846907615662 0.4911448359489441 
vn -0.38059288263320923 -0.659206211566925 -0.6485338807106018 
vn -0.5852515697479248 0.4867077171802521 0.6485338807106018 
vn 0.0672406256198883 0.3524876832962036 0.933397650718689 
vn -0.0672406256198883 -0.3524876832962036 0.933397650718689 
vn 0.17441165447235107 0.9505265355110168 0.25706008076667786 
vn 0.8616593480110168 0.4909383952617645 -0.12854042649269104 
vn 0.3838598430156708 0.6573092341423035 -0.6485338807106018 
vn 0.7404884696006775 -0.45875221490859985 -0.4911448359489441 
vn 0.20721140503883362 -0.5545718669891357 -0.8059239983558655 
vn 0.40861040353775024 -0.8484882116317749 0.3363112509250641 
vn 0.9765285849571228 -0.17282743752002716 0.12854042649269104 
vn -0.20721140503883362 0.5545718669891357 -0.8059239983558655 
vn -0.7384936213493347 0.46195659041404724 -0.4911448359489441 
vn -0.8939734697341919 0.4341064989566803 0.1111890971660614 
vn -0.6912857890129089 -0.7139754295349121 -0.1111890971660614 
vn -0.5376101136207581 -0.6853846907615662 0.4911448359489441 
vn -0.38059288263320923 -0.659206211566925 -0.6485338807106018 
vn -0.5852515697479248 0.4867077171802521 0.6485338807106018 
vn 0.0672406256198883 0.3524876832962036 0.933397650718689 
vn -0.0672406256198883 -0.3524876832962036 0.933397650718689 
vn 0.32717734575271606 0.9093267321586609 0.25706008076667786 
vn 0.9288467168807983 0.34744954109191895 -0.12854042649269104 
vn 0.4887982904911041 0.5835066437721252 -0.6485338807106018 
vn 0.6552738547325134 -0.573927640914917 -0.4911448359489441 
vn 0.11271516233682632 -0.5811900496482849 -0.8059239983558655 
vn 0.26071009039878845 -0.9049447178840637 0.3363112509250641 
vn 0.9365420937538147 -0.3261384665966034 0.12854042649269104 
vn -0.11271516233682632 0.5811900496482849 -0.8059239983558655 
vn -0.6527807712554932 0.5767616629600525 -0.4911448359489441 
vn -0.8092926740646362 0.5767862200737 0.1111890971660614 
vn -0.8004352450370789 -0.5890164971351624 -0.1111890971660614 
vn -0.6426862478256226 -0.587989091873169 0.4911448359489441 
vn -0.4858963191509247 -0.5859254002571106 -0.6485338807106018 
vn -0.49535372853279114 0.577951967716217 0.6485338807106018 
vn 0.12508292496204376 0.3363378345966339 0.933397650718689 
vn -0.12508292496204376 -0.3363378345966339 0.933397650718689 
vn -0.03930344432592392 0.30692625045776367 0.9509214162826538 
vn 0.011248543858528137 0.25046828389167786 0.9680594801902771 
vn 0.17981764674186707 0.8411349058151245 0.5100564956665039 
vn -0.009436759166419506 0.8975064754486084 0.4409002661705017 
vn -0.24823637306690216 0.9373695254325867 0.24437066912651062 
vn -0.15779003500938416 0.9866003394126892 0.04149730131030083 
vn 0.2737608551979065 0.9500014781951904 0.15017375349998474 
vn 0.27388787269592285 0.9553127288818359 0.1111890971660614 
vn 0.2792217433452606 0.9521597027778625 0.1242060661315918 
vn 0.2848259508609772 0.9499218463897705 0.12854042649269104 
vn 0.12230972945690155 0.9880491495132446 0.09380380809307098 
vn -0.7478659749031067 0.6625514626502991 0.04149730131030083 
vn 0.12963762879371643 0.8269408345222473 0.5471406579017639 
vn -0.9215087890625 0.2426835000514984 0.30319350957870483 
vn -0.02933972142636776 0.10949733108282089 0.9935539960861206 
vn -0.9088051319122314 -1.8796191003384727e-13 -0.417220801115036 
vn -0.8838803172111511 -0.056592583656311035 -0.4642767012119293 
vn -0.9124436974525452 -0.05657416582107544 -0.405272513628006 
vn -0.33780089020729065 0.9054339528083801 0.25706008076667786 
vn 0.4896017611026764 0.5828326344490051 0.6485338807106018 
vn -0.12508292496204376 0.3363378345966339 0.933397650718689 
vn 0.12508292496204376 -0.3363378345966339 0.933397650718689 
vn -0.25344932079315186 -0.9070050716400146 0.3363112509250641 
vn 0.6502754092216492 -0.5795848965644836 0.4911448359489441 
vn 0.8070957660675049 -0.5798563957214355 -0.1111890971660614 
vn 0.8070957660675049 0.5798563957214355 0.1111890971660614 
vn 0.6502754092216492 0.5795848965644836 -0.4911448359489441 
vn 0.4887982904911041 -0.5835066437721252 -0.6485338807106018 
vn -0.11271516233682632 -0.5811900496482849 -0.8059239983558655 
vn -0.6477578282356262 -0.5823972225189209 -0.4911448359489441 
vn -0.49168822169303894 0.5810735821723938 -0.6485338807106018 
vn 0.11271516233682632 0.5811900496482849 -0.8059239983558655 
vn -0.9327552318572998 -0.3368159830570221 0.12854042649269104 
vn -0.9327552318572998 0.3368159830570221 -0.12854042649269104 
vn -0.33780089020729065 0.9054339528083801 0.25706008076667786 
vn 0.4896017611026764 0.5828326344490051 0.6485338807106018 
vn -0.12508292496204376 0.3363378345966339 0.933397650718689 
vn 0.12508292496204376 -0.3363378345966339 0.933397650718689 
vn -0.25344932079315186 -0.9070050716400146 0.3363112509250641 
vn 0.6502754092216492 -0.5795848965644836 0.4911448359489441 
vn 0.8070957660675049 -0.5798563957214355 -0.1111890971660614 
vn 0.8070957660675049 0.5798563957214355 0.1111890971660614 
vn 0.6502754092216492 0.5795848965644836 -0.4911448359489441 
vn 0.4887982904911041 -0.5835066437721252 -0.6485338807106018 
vn -0.11271516233682632 -0.5811900496482849 -0.8059239983558655 
vn -0.6477578282356262 -0.5823972225189209 -0.4911448359489441 
vn -0.49168822169303894 0.5810735821723938 -0.6485338807106018 
vn 0.11271516233682632 0.5811900496482849 -0.8059239983558655 
vn -0.9327552318572998 -0.3368159830570221 0.12854042649269104 
vn -0.9327552318572998 0.3368159830570221 -0.12854042649269104 
vn -0.33780089020729065 0.9054339528083801 0.25706008076667786 
vn 0.4896017611026764 0.5828326344490051 0.6485338807106018 
vn -0.12508292496204376 0.3363378345966339 0.933397650718689 
vn 0.12508292496204376 -0.3363378345966339 0.933397650718689 
vn -0.25344932079315186 -0.9070050716400146 0.3363112509250641 
vn 0.6502754092216492 -0.5795848965644836 0.4911448359489441 
vn 0.8070957660675049 -0.5798563957214355 -0.1111890971660614 
vn 0.8070957660675049 0.5798563957214355 0.1111890971660614 
vn 0.6502754092216492 0.5795848965644836 -0.4911448359489441 
vn 0.4887982904911041 -0.5835066437721252 -0.6485338807106018 
vn -0.11271516233682632 -0.5811900496482849 -0.8059239983558655 
vn -0.6477578282356262 -0.5823972225189209 -0.4911448359489441 
vn -0.49168822169303894 0.5810735821723938 -0.6485338807106018 
vn 0.11271516233682632 0.5811900496482849 -0.8059239983558655 
vn -0.9327552318572998 -0.3368159830570221 0.12854042649269104 
vn -0.9327552318572998 0.3368159830570221 -0.12854042649269104 
vn -0.1707008183002472 0.9511999487876892 0.25706008076667786 
vn 0.5852515697479248 0.4867077171802521 0.6485338807106018 
vn -0.0672406256198883 0.3524876832962036 0.933397650718689 
vn 0.0672406256198883 -0.3524876832962036 0.933397650718689 
vn -0.40861040353775024 -0.8484882116317749 0.3363112509250641 
vn 0.5346351265907288 -0.6877078413963318 0.4911448359489441 
vn 0.6939930319786072 -0.7113442420959473 -0.1111890971660614 
vn 0.8956160545349121 0.4307073652744293 0.1111890971660614 
vn 0.7404884696006775 0.45875221490859985 -0.4911448359489441 
vn 0.3838598430156708 -0.6573092341423035 -0.6485338807106018 
vn -0.20721140503883362 -0.5545718669891357 -0.8059239983558655 
vn -0.7384936213493347 -0.46195659041404724 -0.4911448359489441 
vn -0.38059288263320923 0.659206211566925 -0.6485338807106018 
vn 0.20721140503883362 0.5545718669891357 -0.8059239983558655 
vn -0.9771795868873596 -0.169107586145401 0.12854042649269104 
vn -0.8597836494445801 0.4942159950733185 -0.12854042649269104 
vn -0.1707008183002472 0.9511999487876892 0.25706008076667786 
vn 0.5852515697479248 0.4867077171802521 0.6485338807106018 
vn -0.0672406256198883 0.3524876832962036 0.933397650718689 
vn 0.0672406256198883 -0.3524876832962036 0.933397650718689 
vn -0.40861040353775024 -0.8484882116317749 0.3363112509250641 
vn 0.5346351265907288 -0.6877078413963318 0.4911448359489441 
vn 0.6939930319786072 -0.7113442420959473 -0.1111890971660614 
vn 0.8956160545349121 0.4307073652744293 0.1111890971660614 
vn 0.7404884696006775 0.45875221490859985 -0.4911448359489441 
vn 0.3838598430156708 -0.6573092341423035 -0.6485338807106018 
vn -0.20721140503883362 -0.5545718669891357 -0.8059239983558655 
vn -0.7384936213493347 -0.46195659041404724 -0.4911448359489441 
vn -0.38059288263320923 0.659206211566925 -0.6485338807106018 
vn 0.20721140503883362 0.5545718669891357 -0.8059239983558655 
vn -0.9771795868873596 -0.169107586145401 0.12854042649269104 
vn -0.8597836494445801 0.4942159950733185 -0.12854042649269104 
vn -0.3307235836982727 0.9080429673194885 0.25706008076667786 
vn 0.49535372853279114 0.577951967716217 0.6485338807106018 
vn -0.12508292496204376 0.3363378345966339 0.933397650718689 
vn 0.12508292496204376 -0.3363378345966339 0.933397650718689 
vn -0.26071009039878845 -0.9049447178840637 0.3363112509250641 
vn 0.6452280879020691 -0.5851986408233643 0.4911448359489441 
vn 0.8026670217514038 -0.5859715938568115 -0.1111890971660614 
vn 0.8114778995513916 0.5737077593803406 0.1111890971660614 
vn 0.6552738547325134 0.573927640914917 -0.4911448359489441 
vn 0.4887982904911041 -0.5835066437721252 -0.6485338807106018 
vn -0.11271516233682632 -0.5811900496482849 -0.8059239983558655 
vn -0.6527807712554932 -0.5767616629600525 -0.4911448359489441 
vn -0.4858963191509247 0.5859254002571106 -0.6485338807106018 
vn 0.11271516233682632 0.5811900496482849 -0.8059239983558655 
vn -0.9352933764457703 -0.3297024369239807 0.12854042649269104 
vn -0.9301630258560181 0.34390997886657715 -0.12854042649269104 
s on 
f 1//1 2//2 3//3 
f 2//2 2//2 3//3 
f 3//3 2//2 4//4 
f 2//2 5//5 4//4 
f 4//4 5//5 6//6 
f 5//5 5//5 6//6 
f 6//6 5//5 7//7 
f 5//5 5//5 7//7 
f 7//7 5//5 8//8 
f 5//5 5//5 8//8 
f 8//8 5//5 9//9 
f 5//5 2//2 9//9 
f 9//9 2//2 10//10 
f 2//2 2//2 10//10 
f 10//10 2//2 11//11 
f 2//2 1//1 11//11 
f 11//11 1//1 1//1 
f 1//1 1//1 1//1 
f 1//1 1//1 1//1 
f 1//1 3//3 1//1 
f 1//1 3//3 12//12 
f 3//3 12//12 12//12 
f 12//12 12//12 10//10 
f 12//12 10//10 10//10 
f 10//10 10//10 9//9 
f 10//10 13//13 9//9 
f 9//9 13//13 9//9 
f 13//13 14//14 9//9 
f 9//9 14//14 8//8 
f 14//14 15//15 8//8 
f 8//8 15//15 16//16 
f 15//15 15//15 16//16 
f 16//16 15//15 17//17 
f 15//15 18//18 17//17 
f 17//17 18//18 19//19 
f 18//18 18//18 19//19 
f 19//19 18//18 20//20 
f 18//18 18//18 20//20 
f 20//20 18//18 21//21 
f 18//18 15//15 21//21 
f 21//21 15//15 14//14 
f 15//15 14//14 14//14 
f 14//14 14//14 8//8 
f 14//14 8//8 8//8 
f 8//8 8//8 7//7 
f 8//8 16//16 7//7 
f 7//7 16//16 22//22 
f 16//16 16//16 22//22 
f 22//22 16//16 23//23 
f 16//16 17//17 23//23 
f 23//23 17//17 19//19 
f 17//17 19//19 19//19 
f 19//19 19//19 22//22 
f 19//19 22//22 22//22 
f 22//22 22//22 7//7 
f 22//22 24//24 7//7 
f 7//7 24//24 6//6 
f 24//24 25//25 6//6 
f 6//6 25//25 6//6 
f 25//25 26//26 6//6 
f 6//6 26//26 4//4 
f 26//26 27//27 4//4 
f 4//4 27//27 3//3 
f 27//27 28//28 3//3 
f 3//3 28//28 12//12 
f 28//28 12//12 12//12 
f 12//12 12//12 27//27 
f 12//12 27//27 27//27 
f 27//27 27//27 28//28 
f 27//27 26//26 28//28 
f 28//28 26//26 29//29 
f 26//26 25//25 29//29 
f 29//29 25//25 30//30 
f 25//25 25//25 30//30 
f 30//30 25//25 31//31 
f 25//25 24//24 31//31 
f 31//31 24//24 32//32 
f 24//24 22//22 32//32 
f 32//32 22//22 33//33 
f 22//22 23//23 33//33 
f 33//33 23//23 34//34 
f 23//23 19//19 34//34 
f 34//34 19//19 35//35 
f 19//19 20//20 35//35 
f 35//35 20//20 20//20 
f 20//20 35//35 20//20 
f 20//20 35//35 35//35 
f 35//35 36//36 35//35 
f 35//35 36//36 34//34 
f 36//36 36//36 34//34 
f 34//34 36//36 33//33 
f 36//36 37//37 33//33 
f 33//33 37//37 33//33 
f 37//37 38//38 33//33 
f 33//33 38//38 32//32 
f 38//38 39//39 32//32 
f 32//32 39//39 31//31 
f 39//39 40//40 31//31 
f 31//31 40//40 30//30 
f 40//40 41//41 30//30 
f 30//30 41//41 29//29 
f 41//41 42//42 29//29 
f 29//29 42//42 28//28 
f 42//42 43//43 28//28 
f 28//28 43//43 12//12 
f 43//43 44//44 12//12 
f 12//12 44//44 1//1 
f 44//44 44//44 1//1 
f 1//1 44//44 11//11 
f 44//44 45//45 11//11 
f 11//11 45//45 11//11 
f 45//45 46//46 11//11 
f 11//11 46//46 11//11 
f 46//46 47//47 11//11 
f 11//11 47//47 10//10 
f 47//47 48//48 10//10 
f 10//10 48//48 13//13 
f 48//48 49//49 13//13 
f 13//13 49//49 13//13 
f 49//49 50//50 13//13 
f 13//13 50//50 14//14 
f 50//50 51//51 14//14 
f 14//14 51//51 21//21 
f 51//51 52//52 21//21 
f 21//21 52//52 20//20 
f 52//52 53//53 20//20 
f 20//20 53//53 35//35 
f 53//53 35//35 35//35 
f 35//35 35//35 53//53 
f 35//35 53//53 53//53 
f 53//53 53//53 54//54 
f 53//53 52//52 54//54 
f 54//54 52//52 55//55 
f 52//52 51//51 55//55 
f 55//55 51//51 55//55 
f 51//51 56//56 55//55 
f 55//55 56//56 55//55 
f 56//56 57//57 55//55 
f 55//55 57//57 55//55 
f 57//57 58//58 55//55 
f 55//55 58//58 54//54 
f 58//58 59//59 54//54 
f 54//54 59//59 60//60 
f 59//59 61//61 60//60 
f 60//60 61//61 60//60 
f 61//61 62//62 60//60 
f 60//60 62//62 60//60 
f 62//62 35//35 60//60 
f 60//60 35//35 60//60 
f 35//35 53//53 60//60 
f 60//60 53//53 54//54 
f 53//53 54//54 54//54 
f 54//54 54//54 56//56 
f 54//54 56//56 56//56 
f 56//56 56//56 57//57 
f 56//56 63//63 57//57 
f 57//57 63//63 57//57 
f 63//63 64//64 57//57 
f 57//57 64//64 57//57 
f 64//64 65//65 57//57 
f 57//57 65//65 58//58 
f 65//65 66//66 58//58 
f 58//58 66//66 59//59 
f 66//66 67//67 59//59 
f 59//59 67//67 61//61 
f 67//67 61//61 61//61 
f 61//61 61//61 56//56 
f 61//61 56//56 56//56 
f 56//56 56//56 63//63 
f 56//56 51//51 63//63 
f 63//63 51//51 68//68 
f 51//51 51//51 68//68 
f 68//68 51//51 69//69 
f 51//51 50//50 69//69 
f 69//69 50//50 70//70 
f 50//50 49//49 70//70 
f 70//70 49//49 71//71 
f 49//49 48//48 71//71 
f 71//71 48//48 71//71 
f 48//48 47//47 71//71 
f 71//71 47//47 72//72 
f 47//47 46//46 72//72 
f 72//72 46//46 46//46 
f 46//46 72//72 46//46 
f 46//46 72//72 72//72 
f 72//72 73//73 72//72 
f 72//72 73//73 71//71 
f 73//73 73//73 71//71 
f 71//71 73//73 70//70 
f 73//73 74//74 70//70 
f 70//70 74//74 69//69 
f 74//74 75//75 69//69 
f 69//69 75//75 68//68 
f 75//75 76//76 68//68 
f 68//68 76//76 68//68 
f 76//76 77//77 68//68 
f 68//68 77//77 63//63 
f 77//77 77//77 63//63 
f 63//63 77//77 64//64 
f 77//77 77//77 64//64 
f 64//64 77//77 65//65 
f 77//77 78//78 65//65 
f 65//65 78//78 66//66 
f 78//78 79//79 66//66 
f 66//66 79//79 67//67 
f 79//79 67//67 67//67 
f 67//67 67//67 79//79 
f 67//67 79//79 79//79 
f 79//79 79//79 80//80 
f 79//79 78//78 80//80 
f 80//80 78//78 81//81 
f 78//78 77//77 81//81 
f 81//81 77//77 82//82 
f 77//77 77//77 82//82 
f 82//82 77//77 83//83 
f 77//77 76//76 83//83 
f 83//83 76//76 84//84 
f 76//76 76//76 84//84 
f 84//84 76//76 85//85 
f 76//76 75//75 85//85 
f 85//85 75//75 86//86 
f 75//75 74//74 86//86 
f 86//86 74//74 87//87 
f 74//74 73//73 87//87 
f 87//87 73//73 88//88 
f 73//73 72//72 88//88 
f 88//88 72//72 89//89 
f 72//72 46//46 89//89 
f 89//89 46//46 90//90 
f 46//46 45//45 90//90 
f 90//90 45//45 91//91 
f 45//45 45//45 91//91 
f 91//91 45//45 92//92 
f 45//45 44//44 92//92 
f 92//92 44//44 92//92 
f 44//44 93//93 92//92 
f 92//92 93//93 92//92 
f 93//93 94//94 92//92 
f 92//92 94//94 92//92 
f 94//94 95//95 92//92 
f 92//92 95//95 91//91 
f 95//95 96//96 91//91 
f 91//91 96//96 90//90 
f 96//96 97//97 90//90 
f 90//90 97//97 89//89 
f 97//97 89//89 89//89 
f 89//89 89//89 97//97 
f 89//89 97//97 97//97 
f 97//97 97//97 98//98 
f 97//97 96//96 98//98 
f 98//98 96//96 98//98 
f 96//96 95//95 98//98 
f 98//98 95//95 99//99 
f 95//95 100//100 99//99 
f 99//99 100//100 99//99 
f 100//100 101//101 99//99 
f 99//99 101//101 102//102 
f 101//101 103//103 102//102 
f 102//102 103//103 102//102 
f 103//103 104//104 102//102 
f 102//102 104//104 98//98 
f 104//104 104//104 98//98 
f 98//98 104//104 97//97 
f 104//104 104//104 97//97 
f 97//97 104//104 105//105 
f 104//104 104//104 105//105 
f 105//105 104//104 106//106 
f 104//104 103//103 106//106 
f 106//106 103//103 107//107 
f 103//103 101//101 107//107 
f 107//107 101//101 108//108 
f 101//101 100//100 108//108 
f 108//108 100//100 109//109 
f 100//100 95//95 109//109 
f 109//109 95//95 110//110 
f 95//95 95//95 110//110 
f 110//110 95//95 111//111 
f 95//95 94//94 111//111 
f 111//111 94//94 112//112 
f 94//94 93//93 112//112 
f 112//112 93//93 93//93 
f 93//93 98//98 93//93 
f 93//93 98//98 98//98 
f 98//98 99//99 98//98 
f 98//98 99//99 102//102 
f 99//99 102//102 102//102 
f 102//102 102//102 112//112 
f 102//102 112//112 112//112 
f 112//112 112//112 111//111 
f 112//112 113//113 111//111 
f 111//111 113//113 110//110 
f 113//113 114//114 110//110 
f 110//110 114//114 109//109 
f 114//114 115//115 109//109 
f 109//109 115//115 108//108 
f 115//115 116//116 108//108 
f 108//108 116//116 107//107 
f 116//116 107//107 107//107 
f 107//107 107//107 116//116 
f 107//107 116//116 116//116 
f 116//116 116//116 117//117 
f 116//116 115//115 117//117 
f 117//117 115//115 117//117 
f 115//115 114//114 117//117 
f 117//117 114//114 118//118 
f 114//114 113//113 118//118 
f 118//118 113//113 119//119 
f 113//113 112//112 119//119 
f 119//119 112//112 120//120 
f 112//112 112//112 120//120 
f 120//120 112//112 121//121 
f 112//112 93//93 121//121 
f 121//121 93//93 122//122 
f 93//93 44//44 122//122 
f 122//122 44//44 123//123 
f 44//44 124//124 123//123 
f 123//123 124//124 123//123 
f 124//124 121//121 123//123 
f 123//123 121//121 122//122 
f 121//121 122//122 122//122 
f 122//122 122//122 124//124 
f 122//122 124//124 124//124 
f 124//124 124//124 125//125 
f 124//124 44//44 125//125 
f 125//125 44//44 125//125 
f 44//44 43//43 125//125 
f 125//125 43//43 125//125 
f 43//43 42//42 125//125 
f 125//125 42//42 125//125 
f 42//42 126//126 125//125 
f 125//125 126//126 125//125 
f 126//126 127//127 125//125 
f 125//125 127//127 124//124 
f 127//127 128//128 124//124 
f 124//124 128//128 124//124 
f 128//128 129//129 124//124 
f 124//124 129//129 121//121 
f 129//129 130//130 121//121 
f 121//121 130//130 131//131 
f 130//130 132//132 131//131 
f 131//131 132//132 120//120 
f 132//132 132//132 120//120 
f 120//120 132//132 119//119 
f 132//132 133//133 119//119 
f 119//119 133//133 118//118 
f 133//133 134//134 118//118 
f 118//118 134//134 117//117 
f 134//134 134//134 117//117 
f 117//117 134//134 135//135 
f 134//134 134//134 135//135 
f 135//135 134//134 130//130 
f 134//134 133//133 130//130 
f 130//130 133//133 132//132 
f 133//133 132//132 132//132 
f 132//132 132//132 121//121 
f 132//132 121//121 121//121 
f 121//121 121//121 120//120 
f 121//121 131//131 120//120 
f 120//120 131//131 131//131 
f 131//131 117//117 131//131 
f 131//131 117//117 117//117 
f 117//117 135//135 117//117 
f 117//117 135//135 116//116 
f 135//135 136//136 116//116 
f 116//116 136//136 107//107 
f 136//136 136//136 107//107 
f 107//107 136//136 106//106 
f 136//136 136//136 106//106 
f 106//106 136//136 105//105 
f 136//136 136//136 105//105 
f 105//105 136//136 130//130 
f 136//136 135//135 130//130 
f 130//130 135//135 135//135 
f 135//135 97//97 135//135 
f 135//135 97//97 97//97 
f 97//97 137//137 97//97 
f 97//97 137//137 89//89 
f 137//137 138//138 89//89 
f 89//89 138//138 88//88 
f 138//138 138//138 88//88 
f 88//88 138//138 139//139 
f 138//138 138//138 139//139 
f 139//139 138//138 140//140 
f 138//138 141//141 140//140 
f 140//140 141//141 142//142 
f 141//141 142//142 142//142 
f 142//142 142//142 137//137 
f 142//142 137//137 137//137 
f 137//137 137//137 138//138 
f 137//137 141//141 138//138 
f 138//138 141//141 141//141 
f 141//141 88//88 141//141 
f 141//141 88//88 88//88 
f 88//88 139//139 88//88 
f 88//88 139//139 87//87 
f 139//139 143//143 87//87 
f 87//87 143//143 86//86 
f 143//143 86//86 86//86 
f 86//86 86//86 143//143 
f 86//86 143//143 143//143 
f 143//143 143//143 144//144 
f 143//143 139//139 144//144 
f 144//144 139//139 144//144 
f 139//139 140//140 144//144 
f 144//144 140//140 145//145 
f 140//140 142//142 145//145 
f 145//145 142//142 145//145 
f 142//142 146//146 145//145 
f 145//145 146//146 145//145 
f 146//146 147//147 145//145 
f 145//145 147//147 148//148 
f 147//147 149//149 148//148 
f 148//148 149//149 149//149 
f 149//149 145//145 149//149 
f 149//149 145//145 145//145 
f 145//145 148//148 145//145 
f 145//145 148//148 144//144 
f 148//148 150//150 144//144 
f 144//144 150//150 143//143 
f 150//150 143//143 143//143 
f 143//143 143//143 150//150 
f 143//143 150//150 150//150 
f 150//150 150//150 151//151 
f 150//150 148//148 151//151 
f 151//151 148//148 151//151 
f 148//148 149//149 151//151 
f 151//151 149//149 151//151 
f 149//149 152//152 151//151 
f 151//151 152//152 153//153 
f 152//152 154//154 153//153 
f 153//153 154//154 154//154 
f 154//154 153//153 154//154 
f 154//154 153//153 153//153 
f 153//153 155//155 153//153 
f 153//153 155//155 151//151 
f 155//155 155//155 151//151 
f 151//151 155//155 150//150 
f 155//155 156//156 150//150 
f 150//150 156//156 143//143 
f 156//156 156//156 143//143 
f 143//143 156//156 86//86 
f 156//156 156//156 86//86 
f 86//86 156//156 85//85 
f 156//156 157//157 85//85 
f 85//85 157//157 84//84 
f 157//157 84//84 84//84 
f 84//84 84//84 156//156 
f 84//84 156//156 156//156 
f 156//156 156//156 157//157 
f 156//156 155//155 157//157 
f 157//157 155//155 158//158 
f 155//155 153//153 158//158 
f 158//158 153//153 153//153 
f 153//153 158//158 153//153 
f 153//153 158//158 158//158 
f 158//158 159//159 158//158 
f 158//158 159//159 157//157 
f 159//159 159//159 157//157 
f 157//157 159//159 84//84 
f 159//159 160//160 84//84 
f 84//84 160//160 83//83 
f 160//160 161//161 83//83 
f 83//83 161//161 82//82 
f 161//161 82//82 82//82 
f 82//82 82//82 161//161 
f 82//82 161//161 161//161 
f 161//161 161//161 162//162 
f 161//161 160//160 162//162 
f 162//162 160//160 162//162 
f 160//160 159//159 162//162 
f 162//162 159//159 163//163 
f 159//159 158//158 163//163 
f 163//163 158//158 158//158 
f 158//158 163//163 158//158 
f 158//158 163//163 163//163 
f 163//163 164//164 163//163 
f 163//163 164//164 162//162 
f 164//164 164//164 162//162 
f 162//162 164//164 161//161 
f 164//164 165//165 161//161 
f 161//161 165//165 82//82 
f 165//165 166//166 82//82 
f 82//82 166//166 82//82 
f 166//166 167//167 82//82 
f 82//82 167//167 81//81 
f 167//167 168//168 81//81 
f 81//81 168//168 80//80 
f 168//168 80//80 80//80 
f 80//80 80//80 158//158 
f 80//80 158//158 158//158 
f 158//158 158//158 163//163 
f 158//158 169//169 163//163 
f 163//163 169//169 163//163 
f 169//169 170//170 163//163 
f 163//163 170//170 164//164 
f 170//170 171//171 164//164 
f 164//164 171//171 165//165 
f 171//171 172//172 165//165 
f 165//165 172//172 166//166 
f 172//172 166//166 166//166 
f 166//166 166//166 158//158 
f 166//166 158//158 158//158 
f 158//158 158//158 169//169 
f 158//158 153//153 169//169 
f 169//169 153//153 173//173 
f 153//153 154//154 173//173 
f 173//173 154//154 174//174 
f 154//154 154//154 174//174 
f 174//174 154//154 175//175 
f 154//154 154//154 175//175 
f 175//175 154//154 176//176 
f 154//154 177//177 176//176 
f 176//176 177//177 178//178 
f 177//177 177//177 178//178 
f 178//178 177//177 179//179 
f 177//177 180//180 179//179 
f 179//179 180//180 181//181 
f 180//180 180//180 181//181 
f 181//181 180//180 182//182 
f 180//180 183//183 182//182 
f 182//182 183//183 182//182 
f 183//183 184//184 182//182 
f 182//182 184//184 182//182 
f 184//184 185//185 182//182 
f 182//182 185//185 181//181 
f 185//185 186//186 181//181 
f 181//181 186//186 179//179 
f 186//186 187//187 179//179 
f 179//179 187//187 178//178 
f 187//187 188//188 178//178 
f 178//178 188//188 176//176 
f 188//188 189//189 176//176 
f 176//176 189//189 175//175 
f 189//189 175//175 175//175 
f 175//175 175//175 173//173 
f 175//175 173//173 173//173 
f 173//173 173//173 169//169 
f 173//173 190//190 169//169 
f 169//169 190//190 170//170 
f 190//190 170//170 170//170 
f 170//170 170//170 190//190 
f 170//170 190//190 190//190 
f 190//190 190//190 191//191 
f 190//190 173//173 191//191 
f 191//191 173//173 174//174 
f 173//173 174//174 174//174 
f 174//174 174//174 189//189 
f 174//174 189//189 189//189 
f 189//189 189//189 192//192 
f 189//189 188//188 192//192 
f 192//192 188//188 187//187 
f 188//188 187//187 187//187 
f 187//187 187//187 192//192 
f 187//187 192//192 192//192 
f 192//192 192//192 189//189 
f 192//192 193//193 189//189 
f 189//189 193//193 175//175 
f 193//193 194//194 175//175 
f 175//175 194//194 174//174 
f 194//194 194//194 174//174 
f 174//174 194//194 191//191 
f 194//194 195//195 191//191 
f 191//191 195//195 190//190 
f 195//195 196//196 190//190 
f 190//190 196//196 170//170 
f 196//196 197//197 170//170 
f 170//170 197//197 171//171 
f 197//197 197//197 171//171 
f 171//171 197//197 198//198 
f 197//197 199//199 198//198 
f 198//198 199//199 200//200 
f 199//199 199//199 200//200 
f 200//200 199//199 201//201 
f 199//199 199//199 201//201 
f 201//201 199//199 196//196 
f 199//199 197//197 196//196 
f 196//196 197//197 197//197 
f 197//197 171//171 197//197 
f 197//197 171//171 171//171 
f 171//171 198//198 171//171 
f 171//171 198//198 202//202 
f 198//198 203//203 202//202 
f 202//202 203//203 204//204 
f 203//203 200//200 204//204 
f 204//204 200//200 204//204 
f 200//200 205//205 204//204 
f 204//204 205//205 206//206 
f 205//205 205//205 206//206 
f 206//206 205//205 207//207 
f 205//205 205//205 207//207 
f 207//207 205//205 208//208 
f 205//205 205//205 208//208 
f 208//208 205//205 209//209 
f 205//205 200//200 209//209 
f 209//209 200//200 209//209 
f 200//200 201//201 209//209 
f 209//209 201//201 210//210 
f 201//201 196//196 210//210 
f 210//210 196//196 196//196 
f 196//196 200//200 196//196 
f 196//196 200//200 200//200 
f 200//200 203//203 200//200 
f 200//200 203//203 198//198 
f 203//203 198//198 198//198 
f 198//198 198//198 171//171 
f 198//198 171//171 171//171 
f 171//171 171//171 172//172 
f 171//171 202//202 172//172 
f 172//172 202//202 211//211 
f 202//202 204//204 211//211 
f 211//211 204//204 206//206 
f 204//204 206//206 206//206 
f 206//206 206//206 180//180 
f 206//206 180//180 180//180 
f 180//180 180//180 183//183 
f 180//180 212//212 183//183 
f 183//183 212//212 212//212 
f 212//212 210//210 212//212 
f 212//212 210//210 210//210 
f 210//210 213//213 210//210 
f 210//210 213//213 209//209 
f 213//213 214//214 209//209 
f 209//209 214//214 208//208 
f 214//214 215//215 208//208 
f 208//208 215//215 207//207 
f 215//215 216//216 207//207 
f 207//207 216//216 206//206 
f 216//216 217//217 206//206 
f 206//206 217//217 211//211 
f 217//217 218//218 211//211 
f 211//211 218//218 172//172 
f 218//218 218//218 172//172 
f 172//172 218//218 166//166 
f 218//218 219//219 166//166 
f 166//166 219//219 167//167 
f 219//219 220//220 167//167 
f 167//167 220//220 168//168 
f 220//220 221//221 168//168 
f 168//168 221//221 80//80 
f 221//221 80//80 80//80 
f 80//80 80//80 221//221 
f 80//80 221//221 221//221 
f 221//221 221//221 222//222 
f 221//221 220//220 222//222 
f 222//222 220//220 222//222 
f 220//220 219//219 222//222 
f 222//222 219//219 223//223 
f 219//219 218//218 223//223 
f 223//223 218//218 223//223 
f 218//218 217//217 223//223 
f 223//223 217//217 224//224 
f 217//217 216//216 224//224 
f 224//224 216//216 225//225 
f 216//216 215//215 225//225 
f 225//225 215//215 215//215 
f 215//215 223//223 215//215 
f 215//215 223//223 223//223 
f 223//223 224//224 223//223 
f 223//223 224//224 226//226 
f 224//224 224//224 226//226 
f 226//226 224//224 227//227 
f 224//224 225//225 227//227 
f 227//227 225//225 225//225 
f 225//225 223//223 225//225 
f 225//225 223//223 223//223 
f 223//223 226//226 223//223 
f 223//223 226//226 222//222 
f 226//226 228//228 222//222 
f 222//222 228//228 221//221 
f 228//228 229//229 221//221 
f 221//221 229//229 80//80 
f 229//229 229//229 80//80 
f 80//80 229//229 79//79 
f 229//229 229//229 79//79 
f 79//79 229//229 67//67 
f 229//229 230//230 67//67 
f 67//67 230//230 61//61 
f 230//230 231//231 61//61 
f 61//61 231//231 62//62 
f 231//231 62//62 62//62 
f 62//62 62//62 231//231 
f 62//62 231//231 231//231 
f 231//231 231//231 232//232 
f 231//231 230//230 232//232 
f 232//232 230//230 233//233 
f 230//230 229//229 233//233 
f 233//233 229//229 234//234 
f 229//229 228//228 234//234 
f 234//234 228//228 234//234 
f 228//228 226//226 234//234 
f 234//234 226//226 235//235 
f 226//226 227//227 235//235 
f 235//235 227//227 236//236 
f 227//227 225//225 236//236 
f 236//236 225//225 237//237 
f 225//225 215//215 237//237 
f 237//237 215//215 238//238 
f 215//215 214//214 238//238 
f 238//238 214//214 239//239 
f 214//214 213//213 239//239 
f 239//239 213//213 240//240 
f 213//213 210//210 240//240 
f 240//240 210//210 241//241 
f 210//210 196//196 241//241 
f 241//241 196//196 196//196 
f 196//196 233//233 196//196 
f 196//196 233//233 233//233 
f 233//233 242//242 233//233 
f 233//233 242//242 232//232 
f 242//242 232//232 232//232 
f 232//232 232//232 241//241 
f 232//232 241//241 241//241 
f 241//241 241//241 240//240 
f 241//241 243//243 240//240 
f 240//240 243//243 240//240 
f 243//243 244//244 240//240 
f 240//240 244//244 239//239 
f 244//244 245//245 239//239 
f 239//239 245//245 238//238 
f 245//245 246//246 238//238 
f 238//238 246//246 237//237 
f 246//246 247//247 237//237 
f 237//237 247//247 236//236 
f 247//247 247//247 236//236 
f 236//236 247//247 248//248 
f 247//247 249//249 248//248 
f 248//248 249//249 248//248 
f 249//249 250//250 248//248 
f 248//248 250//250 251//251 
f 250//250 242//242 251//251 
f 251//251 242//242 251//251 
f 242//242 233//233 251//251 
f 251//251 233//233 251//251 
f 233//233 234//234 251//251 
f 251//251 234//234 251//251 
f 234//234 235//235 251//251 
f 251//251 235//235 248//248 
f 235//235 236//236 248//248 
f 248//248 236//236 236//236 
f 236//236 38//38 236//236 
f 236//236 38//38 38//38 
f 38//38 252//252 38//38 
f 38//38 252//252 39//39 
f 252//252 253//253 39//39 
f 39//39 253//253 40//40 
f 253//253 254//254 40//40 
f 40//40 254//254 255//255 
f 254//254 256//256 255//255 
f 255//255 256//256 126//126 
f 256//256 256//256 126//126 
f 126//126 256//256 127//127 
f 256//256 257//257 127//127 
f 127//127 257//257 128//128 
f 257//257 128//128 128//128 
f 128//128 128//128 40//40 
f 128//128 40//40 40//40 
f 40//40 40//40 41//41 
f 40//40 255//255 41//41 
f 41//41 255//255 42//42 
f 255//255 126//126 42//42 
f 42//42 126//126 126//126 
f 126//126 257//257 126//126 
f 126//126 257//257 257//257 
f 257//257 256//256 257//257 
f 257//257 256//256 258//258 
f 256//256 254//254 258//258 
f 258//258 254//254 259//259 
f 254//254 253//253 259//259 
f 259//259 253//253 260//260 
f 253//253 252//252 260//260 
f 260//260 252//252 261//261 
f 252//252 37//37 261//261 
f 261//261 37//37 262//262 
f 37//37 36//36 262//262 
f 262//262 36//36 263//263 
f 36//36 35//35 263//263 
f 263//263 35//35 35//35 
f 35//35 260//260 35//35 
f 35//35 260//260 260//260 
f 260//260 261//261 260//260 
f 260//260 261//261 264//264 
f 261//261 261//261 264//264 
f 264//264 261//261 265//265 
f 261//261 262//262 265//265 
f 265//265 262//262 266//266 
f 262//262 263//263 266//266 
f 266//266 263//263 267//267 
f 263//263 62//62 267//267 
f 267//267 62//62 231//231 
f 62//62 231//231 231//231 
f 231//231 231//231 38//38 
f 231//231 38//38 38//38 
f 38//38 38//38 252//252 
f 38//38 37//37 252//252 
f 252//252 37//37 37//37 
f 37//37 62//62 37//37 
f 37//37 62//62 62//62 
f 62//62 263//263 62//62 
f 62//62 263//263 35//35 
f 263//263 35//35 35//35 
f 35//35 35//35 268//268 
f 35//35 268//268 268//268 
f 268//268 268//268 269//269 
f 268//268 270//270 269//269 
f 269//269 270//270 271//271 
f 270//270 272//272 271//271 
f 271//271 272//272 273//273 
f 272//272 272//272 273//273 
f 273//273 272//272 268//268 
f 272//272 270//270 268//268 
f 268//268 270//270 270//270 
f 270//270 273//273 270//270 
f 270//270 273//273 273//273 
f 273//273 274//274 273//273 
f 273//273 274//274 271//271 
f 274//274 274//274 271//271 
f 271//271 274//274 269//269 
f 274//274 275//275 269//269 
f 269//269 275//275 268//268 
f 275//275 276//276 268//268 
f 268//268 276//276 277//277 
f 276//276 278//278 277//277 
f 277//277 278//278 279//279 
f 278//278 278//278 279//279 
f 279//279 278//278 273//273 
f 278//278 280//280 273//273 
f 273//273 280//280 274//274 
f 280//280 280//280 274//274 
f 274//274 280//280 275//275 
f 280//280 280//280 275//275 
f 275//275 280//280 276//276 
f 280//280 278//278 276//276 
f 276//276 278//278 278//278 
f 278//278 279//279 278//278 
f 278//278 279//279 279//279 
f 279//279 281//281 279//279 
f 279//279 281//281 277//277 
f 281//281 281//281 277//277 
f 277//277 281//281 268//268 
f 281//281 282//282 268//268 
f 268//268 282//282 273//273 
f 282//282 283//283 273//273 
f 273//273 283//283 279//279 
f 283//283 283//283 279//279 
f 279//279 283//283 281//281 
f 283//283 282//282 281//281 
f 281//281 282//282 282//282 
f 282//282 284//284 282//282 
f 282//282 284//284 284//284 
f 284//284 285//285 284//284 
f 284//284 285//285 286//286 
f 285//285 287//287 286//286 
f 286//286 287//287 288//288 
f 287//287 287//287 288//288 
f 288//288 287//287 289//289 
f 287//287 290//290 289//289 
f 289//289 290//290 284//284 
f 290//290 290//290 284//284 
f 284//284 290//290 285//285 
f 290//290 287//287 285//285 
f 285//285 287//287 287//287 
f 287//287 288//288 287//287 
f 287//287 288//288 288//288 
f 288//288 291//291 288//288 
f 288//288 291//291 286//286 
f 291//291 291//291 286//286 
f 286//286 291//291 284//284 
f 291//291 292//292 284//284 
f 284//284 292//292 293//293 
f 292//292 294//294 293//293 
f 293//293 294//294 295//295 
f 294//294 294//294 295//295 
f 295//295 294//294 289//289 
f 294//294 296//296 289//289 
f 289//289 296//296 288//288 
f 296//296 296//296 288//288 
f 288//288 296//296 291//291 
f 296//296 296//296 291//291 
f 291//291 296//296 292//292 
f 296//296 294//294 292//292 
f 292//292 294//294 294//294 
f 294//294 295//295 294//294 
f 294//294 295//295 295//295 
f 295//295 297//297 295//295 
f 295//295 297//297 293//293 
f 297//297 297//297 293//293 
f 293//293 297//297 284//284 
f 297//297 298//298 284//284 
f 284//284 298//298 289//289 
f 298//298 299//299 289//289 
f 289//289 299//299 295//295 
f 299//299 299//299 295//295 
f 295//295 299//299 297//297 
f 299//299 298//298 297//297 
f 297//297 298//298 298//298 
f 298//298 300//300 298//298 
f 298//298 300//300 300//300 
f 300//300 301//301 300//300 
f 300//300 301//301 302//302 
f 301//301 303//303 302//302 
f 302//302 303//303 304//304 
f 303//303 303//303 304//304 
f 304//304 303//303 305//305 
f 303//303 306//306 305//305 
f 305//305 306//306 300//300 
f 306//306 306//306 300//300 
f 300//300 306//306 301//301 
f 306//306 303//303 301//301 
f 301//301 303//303 303//303 
f 303//303 304//304 303//303 
f 303//303 304//304 304//304 
f 304//304 307//307 304//304 
f 304//304 307//307 302//302 
f 307//307 307//307 302//302 
f 302//302 307//307 300//300 
f 307//307 308//308 300//300 
f 300//300 308//308 309//309 
f 308//308 310//310 309//309 
f 309//309 310//310 311//311 
f 310//310 310//310 311//311 
f 311//311 310//310 305//305 
f 310//310 312//312 305//305 
f 305//305 312//312 304//304 
f 312//312 312//312 304//304 
f 304//304 312//312 307//307 
f 312//312 312//312 307//307 
f 307//307 312//312 308//308 
f 312//312 310//310 308//308 
f 308//308 310//310 310//310 
f 310//310 311//311 310//310 
f 310//310 311//311 311//311 
f 311//311 313//313 311//311 
f 311//311 313//313 309//309 
f 313//313 313//313 309//309 
f 309//309 313//313 300//300 
f 313//313 314//314 300//300 
f 300//300 314//314 305//305 
f 314//314 315//315 305//305 
f 305//305 315//315 311//311 
f 315//315 315//315 311//311 
f 311//311 315//315 313//313 
f 315//315 314//314 313//313 
f 313//313 314//314 314//314 
f 314//314 316//316 314//314 
f 314//314 316//316 316//316 
f 316//316 317//317 316//316 
f 316//316 317//317 318//318 
f 317//317 319//319 318//318 
f 318//318 319//319 320//320 
f 319//319 319//319 320//320 
f 320//320 319//319 321//321 
f 319//319 322//322 321//321 
f 321//321 322//322 316//316 
f 322//322 322//322 316//316 
f 316//316 322//322 317//317 
f 322//322 319//319 317//317 
f 317//317 319//319 319//319 
f 319//319 320//320 319//319 
f 319//319 320//320 320//320 
f 320//320 323//323 320//320 
f 320//320 323//323 318//318 
f 323//323 323//323 318//318 
f 318//318 323//323 316//316 
f 323//323 324//324 316//316 
f 316//316 324//324 325//325 
f 324//324 326//326 325//325 
f 325//325 326//326 327//327 
f 326//326 326//326 327//327 
f 327//327 326//326 321//321 
f 326//326 328//328 321//321 
f 321//321 328//328 320//320 
f 328//328 328//328 320//320 
f 320//320 328//328 323//323 
f 328//328 328//328 323//323 
f 323//323 328//328 324//324 
f 328//328 326//326 324//324 
f 324//324 326//326 326//326 
f 326//326 327//327 326//326 
f 326//326 327//327 327//327 
f 327//327 329//329 327//327 
f 327//327 329//329 325//325 
f 329//329 329//329 325//325 
f 325//325 329//329 316//316 
f 329//329 330//330 316//316 
f 316//316 330//330 321//321 
f 330//330 331//331 321//321 
f 321//321 331//331 327//327 
f 331//331 331//331 327//327 
f 327//327 331//331 329//329 
f 331//331 330//330 329//329 
f 329//329 330//330 330//330 
f 330//330 332//332 330//330 
f 330//330 332//332 332//332 
f 332//332 333//333 332//332 
f 332//332 333//333 334//334 
f 333//333 335//335 334//334 
f 334//334 335//335 336//336 
f 335//335 335//335 336//336 
f 336//336 335//335 337//337 
f 335//335 338//338 337//337 
f 337//337 338//338 332//332 
f 338//338 338//338 332//332 
f 332//332 338//338 333//333 
f 338//338 335//335 333//333 
f 333//333 335//335 335//335 
f 335//335 336//336 335//335 
f 335//335 336//336 336//336 
f 336//336 339//339 336//336 
f 336//336 339//339 334//334 
f 339//339 339//339 334//334 
f 334//334 339//339 332//332 
f 339//339 340//340 332//332 
f 332//332 340//340 341//341 
f 340//340 342//342 341//341 
f 341//341 342//342 343//343 
f 342//342 342//342 343//343 
f 343//343 342//342 337//337 
f 342//342 344//344 337//337 
f 337//337 344//344 336//336 
f 344//344 344//344 336//336 
f 336//336 344//344 339//339 
f 344//344 344//344 339//339 
f 339//339 344//344 340//340 
f 344//344 342//342 340//340 
f 340//340 342//342 342//342 
f 342//342 343//343 342//342 
f 342//342 343//343 343//343 
f 343//343 345//345 343//343 
f 343//343 345//345 341//341 
f 345//345 345//345 341//341 
f 341//341 345//345 332//332 
f 345//345 346//346 332//332 
f 332//332 346//346 337//337 
f 346//346 347//347 337//337 
f 337//337 347//347 343//343 
f 347//347 347//347 343//343 
f 343//343 347//347 345//345 
f 347//347 346//346 345//345 
f 345//345 346//346 346//346 
f 346//346 348//348 346//346 
f 346//346 348//348 348//348 
f 348//348 349//349 348//348 
f 348//348 349//349 350//350 
f 349//349 351//351 350//350 
f 350//350 351//351 352//352 
f 351//351 351//351 352//352 
f 352//352 351//351 353//353 
f 351//351 354//354 353//353 
f 353//353 354//354 348//348 
f 354//354 354//354 348//348 
f 348//348 354//354 349//349 
f 354//354 351//351 349//349 
f 349//349 351//351 351//351 
f 351//351 352//352 351//351 
f 351//351 352//352 352//352 
f 352//352 355//355 352//352 
f 352//352 355//355 350//350 
f 355//355 355//355 350//350 
f 350//350 355//355 348//348 
f 355//355 356//356 348//348 
f 348//348 356//356 357//357 
f 356//356 358//358 357//357 
f 357//357 358//358 359//359 
f 358//358 358//358 359//359 
f 359//359 358//358 353//353 
f 358//358 360//360 353//353 
f 353//353 360//360 352//352 
f 360//360 360//360 352//352 
f 352//352 360//360 355//355 
f 360//360 360//360 355//355 
f 355//355 360//360 356//356 
f 360//360 358//358 356//356 
f 356//356 358//358 358//358 
f 358//358 359//359 358//358 
f 358//358 359//359 359//359 
f 359//359 361//361 359//359 
f 359//359 361//361 357//357 
f 361//361 361//361 357//357 
f 357//357 361//361 348//348 
f 361//361 362//362 348//348 
f 348//348 362//362 353//353 
f 362//362 363//363 353//353 
f 353//353 363//363 359//359 
f 363//363 363//363 359//359 
f 359//359 363//363 361//361 
f 363//363 362//362 361//361 
f 361//361 362//362 362//362 
f 362//362 183//183 362//362 
f 362//362 183//183 183//183 
f 183//183 212//212 183//183 
f 183//183 212//212 364//364 
f 212//212 365//365 364//364 
f 364//364 365//365 365//365 
f 365//365 183//183 365//365 
f 365//365 183//183 183//183 
f 183//183 364//364 183//183 
f 183//183 364//364 184//184 
f 364//364 366//366 184//184 
f 184//184 366//366 184//184 
f 366//366 367//367 184//184 
f 184//184 367//367 185//185 
f 367//367 368//368 185//185 
f 185//185 368//368 186//186 
f 368//368 369//369 186//186 
f 186//186 369//369 187//187 
f 369//369 369//369 187//187 
f 187//187 369//369 192//192 
f 369//369 370//370 192//192 
f 192//192 370//370 193//193 
f 370//370 370//370 193//193 
f 193//193 370//370 194//194 
f 370//370 371//371 194//194 
f 194//194 371//371 372//372 
f 371//371 367//367 372//372 
f 372//372 367//367 372//372 
f 367//367 366//366 372//372 
f 372//372 366//366 372//372 
f 366//366 373//373 372//372 
f 372//372 373//373 194//194 
f 373//373 374//374 194//194 
f 194//194 374//374 195//195 
f 374//374 375//375 195//195 
f 195//195 375//375 196//196 
f 375//375 196//196 196//196 
f 196//196 196//196 370//370 
f 196//196 370//370 370//370 
f 370//370 370//370 371//371 
f 370//370 369//369 371//371 
f 371//371 369//369 371//371 
f 369//369 368//368 371//371 
f 371//371 368//368 367//367 
f 368//368 367//367 367//367 
f 367//367 367//367 375//375 
f 367//367 375//375 375//375 
f 375//375 375//375 376//376 
f 375//375 374//374 376//376 
f 376//376 374//374 376//376 
f 374//374 373//373 376//376 
f 376//376 373//373 376//376 
f 373//373 366//366 376//376 
f 376//376 366//366 376//376 
f 366//366 364//364 376//376 
f 376//376 364//364 376//376 
f 364//364 365//365 376//376 
f 376//376 365//365 377//377 
f 365//365 378//378 377//377 
f 377//377 378//378 180//180 
f 378//378 378//378 180//180 
f 180//180 378//378 212//212 
f 378//378 365//365 212//212 
f 212//212 365//365 365//365 
f 365//365 377//377 365//365 
f 365//365 377//377 377//377 
f 377//377 375//375 377//377 
f 377//377 375//375 376//376 
f 375//375 376//376 376//376 
f 376//376 376//376 180//180 
f 376//376 180//180 180//180 
f 180//180 180//180 377//377 
f 180//180 379//379 377//377 
f 377//377 379//379 241//241 
f 379//379 243//243 241//241 
f 241//241 243//243 243//243 
f 243//243 377//377 243//243 
f 243//243 377//377 377//377 
f 377//377 241//241 377//377 
f 377//377 241//241 380//380 
f 241//241 196//196 380//380 
f 380//380 196//196 381//381 
f 196//196 375//375 381//381 
f 381//381 375//375 381//381 
f 375//375 377//377 381//381 
f 381//381 377//377 380//380 
f 377//377 380//380 380//380 
f 380//380 380//380 382//382 
f 380//380 382//382 382//382 
f 382//382 382//382 383//383 
f 382//382 384//384 383//383 
f 383//383 384//384 385//385 
f 384//384 386//386 385//385 
f 385//385 386//386 387//387 
f 386//386 388//388 387//387 
f 387//387 388//388 389//389 
f 388//388 390//390 389//389 
f 389//389 390//390 389//389 
f 390//390 382//382 389//389 
f 389//389 382//382 389//389 
f 382//382 383//383 389//389 
f 389//389 383//383 387//387 
f 383//383 385//385 387//387 
f 387//387 385//385 385//385 
f 385//385 382//382 385//385 
f 385//385 382//382 382//382 
f 382//382 386//386 382//382 
f 382//382 386//386 384//384 
f 386//386 384//384 384//384 
f 384//384 384//384 390//390 
f 384//384 390//390 390//390 
f 390//390 390//390 391//391 
f 390//390 388//388 391//391 
f 391//391 388//388 391//391 
f 388//388 386//386 391//391 
f 391//391 386//386 392//392 
f 386//386 393//393 392//392 
f 392//392 393//393 392//392 
f 393//393 394//394 392//392 
f 392//392 394//394 395//395 
f 394//394 382//382 395//395 
f 395//395 382//382 395//395 
f 382//382 390//390 395//395 
f 395//395 390//390 395//395 
f 390//390 391//391 395//395 
f 395//395 391//391 392//392 
f 391//391 392//392 392//392 
f 392//392 392//392 393//393 
f 392//392 393//393 393//393 
f 393//393 393//393 396//396 
f 393//393 386//386 396//396 
f 396//396 386//386 396//396 
f 386//386 382//382 396//396 
f 396//396 382//382 397//397 
f 382//382 394//394 397//397 
f 397//397 394//394 397//397 
f 394//394 393//393 397//397 
f 397//397 393//393 396//396 
f 393//393 396//396 396//396 
f 396//396 396//396 398//398 
f 396//396 398//398 398//398 
f 398//398 398//398 399//399 
f 398//398 400//400 399//399 
f 399//399 400//400 401//401 
f 400//400 402//402 401//401 
f 401//401 402//402 403//403 
f 402//402 404//404 403//403 
f 403//403 404//404 405//405 
f 404//404 406//406 405//405 
f 405//405 406//406 405//405 
f 406//406 398//398 405//405 
f 405//405 398//398 405//405 
f 398//398 399//399 405//405 
f 405//405 399//399 403//403 
f 399//399 401//401 403//403 
f 403//403 401//401 401//401 
f 401//401 398//398 401//401 
f 401//401 398//398 398//398 
f 398//398 402//402 398//398 
f 398//398 402//402 400//400 
f 402//402 400//400 400//400 
f 400//400 400//400 406//406 
f 400//400 406//406 406//406 
f 406//406 406//406 407//407 
f 406//406 404//404 407//407 
f 407//407 404//404 407//407 
f 404//404 402//402 407//407 
f 407//407 402//402 408//408 
f 402//402 409//409 408//408 
f 408//408 409//409 408//408 
f 409//409 410//410 408//408 
f 408//408 410//410 411//411 
f 410//410 398//398 411//411 
f 411//411 398//398 411//411 
f 398//398 406//406 411//411 
f 411//411 406//406 411//411 
f 406//406 407//407 411//411 
f 411//411 407//407 408//408 
f 407//407 408//408 408//408 
f 408//408 408//408 409//409 
f 408//408 409//409 409//409 
f 409//409 409//409 412//412 
f 409//409 402//402 412//412 
f 412//412 402//402 412//412 
f 402//402 398//398 412//412 
f 412//412 398//398 413//413 
f 398//398 410//410 413//413 
f 413//413 410//410 413//413 
f 410//410 409//409 413//413 
f 413//413 409//409 412//412 
f 409//409 412//412 412//412 
f 412//412 412//412 414//414 
f 412//412 414//414 414//414 
f 414//414 414//414 415//415 
f 414//414 416//416 415//415 
f 415//415 416//416 417//417 
f 416//416 418//418 417//417 
f 417//417 418//418 419//419 
f 418//418 420//420 419//419 
f 419//419 420//420 421//421 
f 420//420 422//422 421//421 
f 421//421 422//422 421//421 
f 422//422 414//414 421//421 
f 421//421 414//414 421//421 
f 414//414 415//415 421//421 
f 421//421 415//415 419//419 
f 415//415 417//417 419//419 
f 419//419 417//417 417//417 
f 417//417 414//414 417//417 
f 417//417 414//414 414//414 
f 414//414 418//418 414//414 
f 414//414 418//418 416//416 
f 418//418 416//416 416//416 
f 416//416 416//416 422//422 
f 416//416 422//422 422//422 
f 422//422 422//422 423//423 
f 422//422 420//420 423//423 
f 423//423 420//420 423//423 
f 420//420 418//418 423//423 
f 423//423 418//418 424//424 
f 418//418 425//425 424//424 
f 424//424 425//425 424//424 
f 425//425 426//426 424//424 
f 424//424 426//426 427//427 
f 426//426 414//414 427//427 
f 427//427 414//414 427//427 
f 414//414 422//422 427//427 
f 427//427 422//422 427//427 
f 422//422 423//423 427//427 
f 427//427 423//423 424//424 
f 423//423 424//424 424//424 
f 424//424 424//424 425//425 
f 424//424 425//425 425//425 
f 425//425 425//425 428//428 
f 425//425 418//418 428//428 
f 428//428 418//418 428//428 
f 418//418 414//414 428//428 
f 428//428 414//414 429//429 
f 414//414 426//426 429//429 
f 429//429 426//426 429//429 
f 426//426 425//425 429//429 
f 429//429 425//425 428//428 
f 425//425 428//428 428//428 
f 428//428 428//428 430//430 
f 428//428 430//430 430//430 
f 430//430 430//430 431//431 
f 430//430 432//432 431//431 
f 431//431 432//432 433//433 
f 432//432 434//434 433//433 
f 433//433 434//434 435//435 
f 434//434 436//436 435//435 
f 435//435 436//436 437//437 
f 436//436 438//438 437//437 
f 437//437 438//438 437//437 
f 438//438 430//430 437//437 
f 437//437 430//430 437//437 
f 430//430 431//431 437//437 
f 437//437 431//431 435//435 
f 431//431 433//433 435//435 
f 435//435 433//433 433//433 
f 433//433 430//430 433//433 
f 433//433 430//430 430//430 
f 430//430 434//434 430//430 
f 430//430 434//434 432//432 
f 434//434 432//432 432//432 
f 432//432 432//432 438//438 
f 432//432 438//438 438//438 
f 438//438 438//438 439//439 
f 438//438 436//436 439//439 
f 439//439 436//436 439//439 
f 436//436 434//434 439//439 
f 439//439 434//434 440//440 
f 434//434 441//441 440//440 
f 440//440 441//441 440//440 
f 441//441 442//442 440//440 
f 440//440 442//442 443//443 
f 442//442 430//430 443//443 
f 443//443 430//430 443//443 
f 430//430 438//438 443//443 
f 443//443 438//438 443//443 
f 438//438 439//439 443//443 
f 443//443 439//439 440//440 
f 439//439 440//440 440//440 
f 440//440 440//440 441//441 
f 440//440 441//441 441//441 
f 441//441 441//441 444//444 
f 441//441 434//434 444//444 
f 444//444 434//434 444//444 
f 434//434 430//430 444//444 
f 444//444 430//430 445//445 
f 430//430 442//442 445//445 
f 445//445 442//442 445//445 
f 442//442 441//441 445//445 
f 445//445 441//441 444//444 
f 441//441 444//444 444//444 
f 444//444 444//444 446//446 
f 444//444 446//446 446//446 
f 446//446 446//446 447//447 
f 446//446 448//448 447//447 
f 447//447 448//448 449//449 
f 448//448 450//450 449//449 
f 449//449 450//450 451//451 
f 450//450 452//452 451//451 
f 451//451 452//452 453//453 
f 452//452 454//454 453//453 
f 453//453 454//454 453//453 
f 454//454 446//446 453//453 
f 453//453 446//446 453//453 
f 446//446 447//447 453//453 
f 453//453 447//447 451//451 
f 447//447 449//449 451//451 
f 451//451 449//449 449//449 
f 449//449 446//446 449//449 
f 449//449 446//446 446//446 
f 446//446 450//450 446//446 
f 446//446 450//450 448//448 
f 450//450 448//448 448//448 
f 448//448 448//448 454//454 
f 448//448 454//454 454//454 
f 454//454 454//454 455//455 
f 454//454 452//452 455//455 
f 455//455 452//452 455//455 
f 452//452 450//450 455//455 
f 455//455 450//450 456//456 
f 450//450 457//457 456//456 
f 456//456 457//457 456//456 
f 457//457 458//458 456//456 
f 456//456 458//458 459//459 
f 458//458 446//446 459//459 
f 459//459 446//446 459//459 
f 446//446 454//454 459//459 
f 459//459 454//454 459//459 
f 454//454 455//455 459//459 
f 459//459 455//455 456//456 
f 455//455 456//456 456//456 
f 456//456 456//456 457//457 
f 456//456 457//457 457//457 
f 457//457 457//457 460//460 
f 457//457 450//450 460//460 
f 460//460 450//450 460//460 
f 450//450 446//446 460//460 
f 460//460 446//446 461//461 
f 446//446 458//458 461//461 
f 461//461 458//458 461//461 
f 458//458 457//457 461//461 
f 461//461 457//457 460//460 
f 457//457 460//460 460//460 
f 460//460 460//460 462//462 
f 460//460 462//462 462//462 
f 462//462 462//462 463//463 
f 462//462 464//464 463//463 
f 463//463 464//464 465//465 
f 464//464 466//466 465//465 
f 465//465 466//466 467//467 
f 466//466 468//468 467//467 
f 467//467 468//468 469//469 
f 468//468 470//470 469//469 
f 469//469 470//470 469//469 
f 470//470 462//462 469//469 
f 469//469 462//462 469//469 
f 462//462 463//463 469//469 
f 469//469 463//463 467//467 
f 463//463 465//465 467//467 
f 467//467 465//465 465//465 
f 465//465 462//462 465//465 
f 465//465 462//462 462//462 
f 462//462 466//466 462//462 
f 462//462 466//466 464//464 
f 466//466 464//464 464//464 
f 464//464 464//464 470//470 
f 464//464 470//470 470//470 
f 470//470 470//470 471//471 
f 470//470 468//468 471//471 
f 471//471 468//468 471//471 
f 468//468 466//466 471//471 
f 471//471 466//466 472//472 
f 466//466 473//473 472//472 
f 472//472 473//473 472//472 
f 473//473 474//474 472//472 
f 472//472 474//474 475//475 
f 474//474 462//462 475//475 
f 475//475 462//462 475//475 
f 462//462 470//470 475//475 
f 475//475 470//470 475//475 
f 470//470 471//471 475//475 
f 475//475 471//471 472//472 
f 471//471 472//472 472//472 
f 472//472 472//472 473//473 
f 472//472 473//473 473//473 
f 473//473 473//473 476//476 
f 473//473 466//466 476//476 
f 476//476 466//466 476//476 
f 466//466 462//462 476//476 
f 476//476 462//462 477//477 
f 462//462 474//474 477//477 
f 477//477 474//474 477//477 
f 474//474 473//473 477//477 
f 477//477 473//473 476//476 

