mtllib model_3.mtl
o model_3
v 0.1419241726398468 -1.1119855642318726 0.23986373841762543 
v 0.14190857112407684 -1.1119799613952637 0.23872590065002441 
v 0.14295350015163422 -1.1104004383087158 0.23940207064151764 
v 0.14182835817337036 -1.1119016408920288 0.22899129986763 
v 0.14285100996494293 -1.1103219985961914 0.22923146188259125 
v 0.14170804619789124 -1.11184561252594 0.2198326140642166 
v 0.14272402226924896 -1.1102548837661743 0.2193826138973236 
v 0.20448195934295654 -1.0953835248947144 0.30037444829940796 
v 0.20444408059120178 -1.0953947305679321 0.29983818531036377 
v 0.20322535932064056 -1.0965205430984497 0.3006449341773987 
v 0.20312510430812836 -1.0965485572814941 0.30010631680488586 
v 0.044317714869976044 -1.1460580825805664 0.18417485058307648 
v 0.0443110316991806 -1.1453243494033813 0.1836828738451004 
v -0.029854632914066315 -1.1461589336395264 0.18506786227226257 
v -0.029861316084861755 -1.1454252004623413 0.1845758855342865 
v -0.061726171523332596 -1.1455315351486206 0.18511216342449188 
v -0.029856860637664795 -1.1291142702102661 0.1868375837802887 
v 0.07617811858654022 -1.145341157913208 0.1834520399570465 
v 0.07618257403373718 -1.1460132598876953 0.18379011750221252 
v 0.09657322615385056 -1.1477664709091187 0.17922011017799377 
v 0.09658213704824448 -1.148488998413086 0.17980767786502838 
v 0.11439722776412964 -1.1477104425430298 0.17405785620212555 
v 0.11487624794244766 -1.148438572883606 0.17440760135650635 
v 0.11594568938016891 -1.147704839706421 0.17373375594615936 
v 0.11594346165657043 -1.148432970046997 0.1741744428873062 
v 0.11749637871980667 -1.147704839706421 0.17360085248947144 
v 0.11708419770002365 -1.148432970046997 0.17402055859565735 
v 0.13365383446216583 -1.1484049558639526 0.17399489879608154 
v 0.13374295830726624 -1.1476824283599854 0.17340733110904694 
v 0.13374072313308716 -1.1462429761886597 0.17341665923595428 
v 0.11749192327260971 -1.1462653875350952 0.17361018061637878 
v 0.13365159928798676 -1.1454923152923584 0.17401355504989624 
v 0.11707974225282669 -1.1455203294754028 0.1740415394306183 
v 0.11594346165657043 -1.146270990371704 0.1737430840730667 
v 0.11593900620937347 -1.1455259323120117 0.17419542372226715 
v 0.11439500004053116 -1.146276593208313 0.17406952381134033 
v 0.09657099843025208 -1.1463325023651123 0.17923176288604736 
v 0.07618925720453262 -1.141649842262268 0.18485334515571594 
v 0.044315487146377563 -1.1290134191513062 0.1859445571899414 
v 0.07620039582252502 -1.1409833431243896 0.1856997311115265 
v 0.09657768160104752 -1.1455763578414917 0.1798286736011505 
v 0.11486956477165222 -1.1455259323120117 0.17442859709262848 
v 0.044322170317173004 -1.1282908916473389 0.18664172291755676 
v -0.029852403327822685 -1.1283917427062988 0.18753473460674286 
v -0.061706118285655975 -1.1411738395690918 0.18735986948013306 
v -0.061712805181741714 -1.1418403387069702 0.1865134835243225 
v -0.08220817893743515 -1.1458284854888916 0.18198077380657196 
v -0.08221263438463211 -1.1465790271759033 0.18138387799263 
v -0.10062259435653687 -1.1458284854888916 0.17702370882034302 
v -0.10015471279621124 -1.1465734243392944 0.1766529679298401 
v -0.10169871896505356 -1.1458284854888916 0.1768161952495575 
v -0.10171431303024292 -1.1465734243392944 0.17636385560035706 
v -0.10284168273210526 -1.1458284854888916 0.17669028043746948 
v -0.10326500236988068 -1.1465734243392944 0.17627058923244476 
v -0.11940909177064896 -1.1458452939987183 0.17706334590911865 
v -0.11950935423374176 -1.14659583568573 0.1764664500951767 
v -0.1032627746462822 -1.1480128765106201 0.17626126110553741 
v -0.11950935423374176 -1.1480296850204468 0.17645712196826935 
v -0.11940686404705048 -1.1487579345703125 0.17704236507415771 
v -0.1028372272849083 -1.1487411260604858 0.17666929960250854 
v -0.1016942635178566 -1.148735523223877 0.1767975389957428 
v -0.10170985758304596 -1.1480072736740112 0.17635685205459595 
v -0.10015248507261276 -1.1480072736740112 0.17664365470409393 
v -0.08221263438463211 -1.148018479347229 0.18137454986572266 
v -0.061719488352537155 -1.1462037563323975 0.18545258045196533 
v -0.08220372349023819 -1.1487411260604858 0.18196211755275726 
v -0.10062036663293839 -1.1487411260604858 0.1770027130842209 
v -0.11950935423374176 -1.14659583568573 0.1764664500951767 
v -0.11950935423374176 -1.1480296850204468 0.17645712196826935 
v -0.1210734099149704 -1.1465678215026855 0.1780659556388855 
v -0.12107118219137192 -1.1480072736740112 0.17805662751197815 
v -0.12092190235853195 -1.1462429761886597 0.1906801164150238 
v -0.12091967463493347 -1.1476824283599854 0.19067078828811646 
v -0.1207369789481163 -1.1444393396377563 0.20630677044391632 
v -0.12032925337553024 -1.1455035209655762 0.1906917840242386 
v -0.1201443299651146 -1.1437112092971802 0.2062065154314041 
v -0.11904815584421158 -1.1435543298721313 0.20727206766605377 
v -0.11913727968931198 -1.144254446029663 0.20785965025424957 
v -0.12073475122451782 -1.145878791809082 0.20629744231700897 
v -0.1191350445151329 -1.1456884145736694 0.20785032212734222 
v -0.12013987451791763 -1.1466238498687744 0.20618785917758942 
v -0.1190459281206131 -1.146500587463379 0.2072557508945465 
v -0.11940909177064896 -1.1458452939987183 0.17706334590911865 
v -0.12047853320837021 -1.1458284854888916 0.1781592071056366 
v -0.12032479792833328 -1.1484161615371704 0.1906731277704239 
v -0.12047630548477173 -1.1487411260604858 0.1781405657529831 
v -0.11940686404705048 -1.1487579345703125 0.17704236507415771 
v -0.029709812253713608 -1.1462373733520508 0.19704550504684448 
v -0.029705356806516647 -1.145514726638794 0.19754913449287415 
v -0.06157466769218445 -1.1462820768356323 0.19743254780769348 
v -0.06157243996858597 -1.145615577697754 0.19777996838092804 
v -0.06159249320626259 -1.1419075727462769 0.19642993807792664 
v 0.04446253553032875 -1.1461365222930908 0.1961524784564972 
v 0.04446699097752571 -1.1454139947891235 0.19665610790252686 
v 0.07632739096879959 -1.1460916996002197 0.19577008485794067 
v 0.07632961869239807 -1.1454252004623413 0.19611750543117523 
v 0.09544585645198822 -1.145391583442688 0.20459768176078796 
v 0.09592710435390472 -1.1461981534957886 0.20429223775863647 
v 0.09692302346229553 -1.1461925506591797 0.20464198291301727 
v 0.09695867449045181 -1.145391583442688 0.20503835380077362 
v 0.09803925454616547 -1.146181344985962 0.20481452345848083 
v 0.09846257418394089 -1.145385980606079 0.20522955060005188 
v 0.11628211289644241 -1.1461701393127441 0.20442047715187073 
v 0.11629103124141693 -1.1453635692596436 0.205012708902359 
v 0.1341172605752945 -1.145341157913208 0.20479820668697357 
v 0.1340147703886032 -1.1461477279663086 0.2042059600353241 
v 0.11628656834363937 -1.1439296007156372 0.2050243765115738 
v 0.09846034646034241 -1.1439520120620728 0.20523887872695923 
v 0.09696758538484573 -1.1438791751861572 0.20502203702926636 
v 0.09803702682256699 -1.1432687044143677 0.20483317971229553 
v 0.11627988517284393 -1.1432631015777588 0.20443913340568542 
v 0.13411502540111542 -1.1439015865325928 0.20480753481388092 
v 0.13401253521442413 -1.143201470375061 0.2042246162891388 
v 0.09598280489444733 -1.1431958675384521 0.20422928035259247 
v 0.0954703688621521 -1.1438063383102417 0.2045557051897049 
v 0.07630956918001175 -1.1417170763015747 0.19476981461048126 
v 0.04442020505666733 -1.129069447517395 0.1946159303188324 
v 0.04440906271338463 -1.1283413171768188 0.19393275678157806 
v -0.02976328320801258 -1.1284421682357788 0.19482578337192535 
v -0.02975437231361866 -1.129170298576355 0.1955089420080185 
v 0.07629843056201935 -1.1410393714904785 0.1939280927181244 
v -0.06160585954785347 -1.1412297487258911 0.1955905556678772 
v -0.08051043748855591 -1.1440528631210327 0.20667517185211182 
v -0.08102956414222717 -1.1434422731399536 0.20636272430419922 
v -0.08199651539325714 -1.1441313028335571 0.20717880129814148 
v -0.08196309953927994 -1.143475890159607 0.20658889412879944 
v -0.08348259329795837 -1.144204020500183 0.2074306160211563 
v -0.08307041227817535 -1.143520712852478 0.20701558887958527 
v -0.10131773352622986 -1.1435599327087402 0.20705989003181458 
v -0.10131105035543442 -1.1442320346832275 0.20764513313770294 
v -0.11913727968931198 -1.144254446029663 0.20785965025424957 
v -0.10130659490823746 -1.1456660032272339 0.2076358050107956 
v -0.1191350445151329 -1.1456884145736694 0.20785032212734222 
v -0.10131550580263138 -1.1464725732803345 0.20704123377799988 
v -0.1190459281206131 -1.146500587463379 0.2072557508945465 
v -0.11904815584421158 -1.1435543298721313 0.20727206766605377 
v -0.0834803655743599 -1.1456435918807983 0.20742130279541016 
v -0.08197646588087082 -1.1456379890441895 0.20719513297080994 
v -0.08047924935817719 -1.1456379890441895 0.2067171335220337 
v -0.08096495270729065 -1.1464389562606812 0.20642101764678955 
v -0.08195418119430542 -1.14644455909729 0.2067987471818924 
v -0.08306372910737991 -1.1464333534240723 0.20699460804462433 
v 0.13475000858306885 -1.1483882665634155 0.17506512999534607 
v 0.13490374386310577 -1.1480576992034912 0.18759769201278687 
v 0.13534042239189148 -1.147648811340332 0.1749671995639801 
v 0.13549193739891052 -1.1473183631896973 0.1875813752412796 
v 0.13548970222473145 -1.145884394645691 0.18759070336818695 
v 0.1340147703886032 -1.1461477279663086 0.2042059600353241 
v 0.13508643209934235 -1.146270990371704 0.20311476290225983 
v 0.1341172605752945 -1.145341157913208 0.20479820668697357 
v 0.13567686080932617 -1.1455203294754028 0.20320568978786469 
v 0.13411502540111542 -1.1439015865325928 0.20480753481388092 
v 0.1356746256351471 -1.1440808773040771 0.20321734249591827 
v 0.13401253521442413 -1.143201470375061 0.2042246162891388 
v 0.13508197665214539 -1.1433582305908203 0.20313340425491333 
v 0.1348992884159088 -1.145145058631897 0.18761634826660156 
v 0.1353382021188736 -1.1462149620056152 0.17497652769088745 
v 0.13474777340888977 -1.1454755067825317 0.17508378624916077 
v 0.13365159928798676 -1.1454923152923584 0.17401355504989624 
v 0.13374072313308716 -1.1462429761886597 0.17341665923595428 
v 0.13374295830726624 -1.1476824283599854 0.17340733110904694 
v 0.13365383446216583 -1.1484049558639526 0.17399489879608154 
v 0.08506783843040466 -1.064923882484436 0.2863146662712097 
v 0.0856916755437851 -1.0630249977111816 0.2856128513813019 
v 0.08638235926628113 -1.0648174285888672 0.2871447205543518 
v 0.08789071440696716 -1.0629745721817017 0.28652217984199524 
v 0.08790185302495956 -1.064828634262085 0.2874501645565033 
v 0.12475965917110443 -1.065881609916687 0.25207221508026123 
v 0.12475965917110443 -1.0670579671859741 0.2520652115345001 
v 0.1251540184020996 -1.0670411586761475 0.24960066378116608 
v 0.12515178322792053 -1.0658648014068604 0.249607652425766 
v 0.12587589025497437 -1.067018747329712 0.24688896536827087 
v 0.1251540184020996 -1.0670411586761475 0.24960066378116608 
v -0.0673607811331749 -1.1422492265701294 0.22728687524795532 
v -0.036289095878601074 -1.1298199892044067 0.23100583255290985 
v -0.0363314263522625 -1.1297975778579712 0.2274547517299652 
v 0.051206693053245544 -1.1296744346618652 0.2263985127210617 
v 0.05125125125050545 -1.1297024488449097 0.22994960844516754 
v 0.08225832879543304 -1.1420420408248901 0.22548450529575348 
v 0.0823073461651802 -1.142069935798645 0.22949260473251343 
v 0.10221897810697556 -1.1461589336395264 0.22920580208301544 
v 0.08235412836074829 -1.1420979499816895 0.23350301384925842 
v 0.05129358544945717 -1.1297248601913452 0.23350301384925842 
v -0.03624676540493965 -1.1298480033874512 0.23455692827701569 
v -0.06730954349040985 -1.1422772407531738 0.23129495978355408 
v -0.08721449226140976 -1.1464221477508545 0.23148615658283234 
v -0.08736376464366913 -1.146763801574707 0.21913079917430878 
v -0.06726275384426117 -1.1423052549362183 0.23530538380146027 
v -0.08705184608697891 -1.1444841623306274 0.2452917993068695 
v -0.08816807717084885 -1.1445345878601074 0.24642963707447052 
v -0.08708972483873367 -1.1444953680038452 0.24601459503173828 
v -0.08618070185184479 -1.144456148147583 0.24579542875289917 
v -0.10594083368778229 -1.1445738077163696 0.24647626280784607 
v -0.10612798482179642 -1.14644455909729 0.23075169324874878 
v -0.1053013950586319 -1.146763801574707 0.2143019586801529 
v -0.10631513595581055 -1.146769404411316 0.21509473025798798 
v -0.10634633153676987 -1.146763801574707 0.21410144865512848 
v -0.10746032744646072 -1.146763801574707 0.2139778733253479 
v -0.12359773367643356 -1.1467806100845337 0.2143392711877823 
v -0.12464043498039246 -1.146763801574707 0.21541182696819305 
v -0.12445996701717377 -1.1464669704437256 0.23053251206874847 
v -0.1232122853398323 -1.1445682048797607 0.2466837763786316 
v 0.12203926593065262 -1.14644455909729 0.21121254563331604 
v 0.12092972546815872 -1.14644455909729 0.21136176586151123 
v 0.1209208145737648 -1.1464557647705078 0.21235737204551697 
v 0.11988701671361923 -1.146450161933899 0.21158793568611145 
v 0.12110796570777893 -1.146125316619873 0.22801201045513153 
v 0.10206970572471619 -1.146500587463379 0.21684812009334564 
v 0.13942880928516388 -1.1460973024368286 0.22735215723514557 
v 0.1392483413219452 -1.14639413356781 0.21223147213459015 
v 0.13856656849384308 -1.144204020500183 0.24352674186229706 
v 0.12129511684179306 -1.144260048866272 0.24373891949653625 
v 0.10352681577205658 -1.1442656517028809 0.24412131309509277 
v 0.1023816242814064 -1.1442208290100098 0.24300912022590637 
v 0.102437324821949 -1.1442320346832275 0.24373193085193634 
v 0.10152384638786316 -1.1441928148269653 0.24353373050689697 
v 0.1701863408088684 -1.0600731372833252 0.2891919016838074 
v 0.1819390505552292 -1.0534356832504272 0.27640753984451294 
v 0.18117929995059967 -1.0518896579742432 0.27566373348236084 
v 0.18405118584632874 -1.0526010990142822 0.2755354940891266 
v 0.1838083416223526 -1.0511223077774048 0.2749176025390625 
v 0.19430890679359436 -1.0517945289611816 0.2780163586139679 
v 0.19439579546451569 -1.0503493547439575 0.27757567167282104 
v 0.20291121304035187 -1.0521025657653809 0.28124335408210754 
v 0.20362862944602966 -1.0509207248687744 0.2809472382068634 
v -0.11176705360412598 -1.0661449432373047 0.20078778266906738 
v -0.1114395335316658 -1.0671250820159912 0.20456969738006592 
v -0.11144176125526428 -1.0661673545837402 0.20457670092582703 
v -0.11079341918230057 -1.0671755075454712 0.2121475338935852 
v -0.11079341918230057 -1.066223382949829 0.21215219795703888 
v -0.11063077300786972 -1.067186713218689 0.21391724050045013 
v -0.11063077300786972 -1.0662344694137573 0.2139219045639038 
v -0.11050823330879211 -1.0671979188919067 0.2152019739151001 
v -0.11050823330879211 -1.0662400722503662 0.2152089774608612 
v -0.11046367138624191 -1.0672035217285156 0.21623022854328156 
v -0.1104658991098404 -1.066251277923584 0.21602970361709595 
v -0.06737415492534637 -1.1471502780914307 0.22542855143547058 
v -0.036338113248348236 -1.1471055746078491 0.2250554859638214 
v -0.036266814917325974 -1.1471446752548218 0.2308892458677292 
v 0.051202237606048584 -1.1469823122024536 0.2239992618560791 
v 0.05127353221178055 -1.1470215320587158 0.22983534634113312 
v 0.0822405070066452 -1.1469430923461914 0.2236238569021225 
v 0.08231180161237717 -1.1469823122024536 0.2294599562883377 
v 0.10222343355417252 -1.1489931344985962 0.2291848212480545 
v 0.08238309621810913 -1.1470215320587158 0.23529371619224548 
v 0.10147037357091904 -1.1471223831176758 0.24359436333179474 
v 0.10238607972860336 -1.147111177444458 0.24298813939094543 
v 0.10244400799274445 -1.147116780281067 0.2439347803592682 
v 0.10353127121925354 -1.1471055746078491 0.24410031735897064 
v 0.12129957228899002 -1.1470999717712402 0.24371793866157532 
v 0.12111242115497589 -1.1489651203155518 0.22799335420131683 
v 0.10207416117191315 -1.1493347883224487 0.21682946383953094 
v 0.12092527002096176 -1.1492843627929688 0.21233873069286346 
v 0.11989147961139679 -1.1492843627929688 0.2115716189146042 
v 0.05134259909391403 -1.147060751914978 0.23566678166389465 
v -0.03619774803519249 -1.147183895111084 0.23672068119049072 
v 0.1209319531917572 -1.1492787599563599 0.21134310960769653 
v 0.12204372137784958 -1.1492787599563599 0.2111915647983551 
v 0.1381833553314209 -1.1492563486099243 0.21116824448108673 
v 0.13943326473236084 -1.1489371061325073 0.22733350098133087 
v 0.13961373269557953 -1.1471894979476929 0.24244485795497894 
v -0.06723378598690033 -1.147228717803955 0.23709607124328613 
v -0.0673050805926323 -1.1471894979476929 0.23126231133937836 
v -0.0872100368142128 -1.1492619514465332 0.23146750032901764 
v -0.08735930919647217 -1.1495981216430664 0.21911214292049408 
v -0.08611831814050674 -1.147379994392395 0.2458537220954895 
v -0.08704739063978195 -1.1473743915557861 0.24527080357074738 
v -0.08708081394433975 -1.147379994392395 0.24621978402137756 
v -0.0881613940000534 -1.1473687887191772 0.24641098082065582 
v -0.10593637824058533 -1.1474136114120483 0.24645760655403137 
v -0.10612352937459946 -1.1492787599563599 0.23073303699493408 
v -0.12320782989263535 -1.1474360227584839 0.2466651350259781 
v -0.1242772713303566 -1.1475591659545898 0.24562521278858185 
v -0.1244555115699768 -1.1493011713027954 0.23051153123378754 
v -0.1246359795331955 -1.1495981216430664 0.21538850665092468 
v -0.1235932782292366 -1.149620532989502 0.2143206149339676 
v -0.10746032744646072 -1.1495981216430664 0.21395687758922577 
v -0.10631290823221207 -1.1495981216430664 0.21507373452186584 
v -0.10634409636259079 -1.1495925188064575 0.21408279240131378 
v -0.10529693961143494 -1.1495981216430664 0.2142833173274994 
v -0.11400619149208069 -1.0661617517471313 0.24738094210624695 
v -0.11479267477989197 -1.0673211812973022 0.24528713524341583 
v -0.11479490250349045 -1.0661505460739136 0.24529412388801575 
v -0.11479267477989197 -1.0673211812973022 0.24528713524341583 
v -0.11400619149208069 -1.067337989807129 0.2473716139793396 
v -0.11400619149208069 -1.0661617517471313 0.24738094210624695 
v -0.10057580471038818 -1.0673660039901733 0.25460436940193176 
v -0.1037663072347641 -1.066184163093567 0.25236597657203674 
v -0.1037663072347641 -1.0673547983169556 0.252359002828598 
v -0.10709048062562943 -1.0661505460739136 0.247297003865242 
v -0.10709048062562943 -1.0673267841339111 0.2472900152206421 
v -0.10776110738515854 -1.0661393404006958 0.24512158334255219 
v -0.10775887966156006 -1.0673155784606934 0.24511459469795227 
v -0.015588748268783092 -1.181990146636963 0.23374085128307343 
v 0.027213359251618385 -1.1819285154342651 0.23322555422782898 
v -0.015176568180322647 -1.1822198629379272 0.26790404319763184 
v 0.027623312547802925 -1.1821582317352295 0.2673887312412262 
v -0.015588748268783092 -1.181990146636963 0.23374085128307343 
v -0.015176568180322647 -1.1822198629379272 0.26790404319763184 
v -0.039936330169439316 -1.1231153011322021 0.20185333490371704 
v -0.03906518220901489 -1.1236810684204102 0.27412018179893494 
v -0.039936330169439316 -1.1231153011322021 0.20185333490371704 
v 0.050622954964637756 -1.1229864358901978 0.200764462351799 
v 0.027213359251618385 -1.1819285154342651 0.23322555422782898 
v 0.14358848333358765 -1.0966606140136719 0.2170836180448532 
v 0.1392238289117813 -1.0971311330795288 0.2155890315771103 
v 0.1392238289117813 -1.0994892120361328 0.2156519889831543 
v 0.13436010479927063 -1.1000213623046875 0.21340662240982056 
v 0.13435564935207367 -1.0976351499557495 0.21334366500377655 
v 0.12865643203258514 -1.1004974842071533 0.21046175062656403 
v 0.12872104346752167 -1.0980888605117798 0.21041978895664215 
v -0.061706118285655975 -1.1411738395690918 0.18735986948013306 
v -0.029852403327822685 -1.1283917427062988 0.18753473460674286 
v -0.029805615544319153 -1.1284141540527344 0.19118142127990723 
v 0.044322170317173004 -1.1282908916473389 0.18664172291755676 
v 0.044366732239723206 -1.1283133029937744 0.1902860701084137 
v 0.07620039582252502 -1.1409833431243896 0.1856997311115265 
v 0.07624941319227219 -1.141011357307434 0.189817413687706 
v 0.09669353812932968 -1.1452122926712036 0.18951663374900818 
v 0.07629843056201935 -1.1410393714904785 0.1939280927181244 
v 0.04440906271338463 -1.1283413171768188 0.19393275678157806 
v -0.02976328320801258 -1.1284421682357788 0.19482578337192535 
v -0.06165487691760063 -1.1412017345428467 0.19147753715515137 
v -0.08209232240915298 -1.145458698272705 0.19167107343673706 
v -0.08220817893743515 -1.1458284854888916 0.18198077380657196 
v -0.06160585954785347 -1.1412297487258911 0.1955905556678772 
v -0.0819229930639267 -1.143470287322998 0.20584510266780853 
v -0.08307041227817535 -1.143520712852478 0.20701558887958527 
v -0.08196309953927994 -1.143475890159607 0.20658889412879944 
v -0.08102956414222717 -1.1434422731399536 0.20636272430419922 
v -0.10131773352622986 -1.1435599327087402 0.20705989003181458 
v -0.10150934010744095 -1.1454811096191406 0.19091561436653137 
v -0.10062259435653687 -1.1458284854888916 0.17702370882034302 
v -0.10166753083467484 -1.1458340883255005 0.1778351217508316 
v -0.10169871896505356 -1.1458284854888916 0.1768161952495575 
v -0.10284168273210526 -1.1458284854888916 0.17669028043746948 
v -0.11940909177064896 -1.1458452939987183 0.17706334590911865 
v -0.12047853320837021 -1.1458284854888916 0.1781592071056366 
v -0.12032925337553024 -1.1455035209655762 0.1906917840242386 
v -0.11904815584421158 -1.1435543298721313 0.20727206766605377 
v 0.09657768160104752 -1.1455763578414917 0.1798286736011505 
v 0.11609050631523132 -1.1451786756515503 0.18829485774040222 
v 0.11486956477165222 -1.1455259323120117 0.17442859709262848 
v 0.11593232303857803 -1.1455315351486206 0.17521435022354126 
v 0.11593900620937347 -1.1455259323120117 0.17419542372226715 
v 0.11707974225282669 -1.1455203294754028 0.1740415394306183 
v 0.13365159928798676 -1.1454923152923584 0.17401355504989624 
v 0.13474777340888977 -1.1454755067825317 0.17508378624916077 
v 0.1348992884159088 -1.145145058631897 0.18761634826660156 
v 0.13508197665214539 -1.1433582305908203 0.20313340425491333 
v 0.13401253521442413 -1.143201470375061 0.2042246162891388 
v 0.11627988517284393 -1.1432631015777588 0.20443913340568542 
v 0.09803702682256699 -1.1432687044143677 0.20483317971229553 
v 0.09686286747455597 -1.1432182788848877 0.20369300246238708 
v 0.09692079573869705 -1.1432294845581055 0.20443212985992432 
v 0.09598280489444733 -1.1431958675384521 0.20422928035259247 
v -0.05238639563322067 -1.1464837789535522 0.2739872932434082 
v 0.0648108571767807 -1.1463156938552856 0.2725743055343628 
v 0.06487993150949478 -1.1463549137115479 0.27840808033943176 
v 0.09584689885377884 -1.146276593208313 0.2722012400627136 
v -0.05231732875108719 -1.1465229988098145 0.2798210382461548 
v -0.08342243731021881 -1.1465229988098145 0.2743603587150574 
v -0.08335337042808533 -1.1465622186660767 0.28019410371780396 
v -0.10326054692268372 -1.1486402750015259 0.28039929270744324 
v -0.08327984064817429 -1.1466014385223389 0.2860278785228729 
v -0.052246030420064926 -1.1465622186660767 0.28565481305122375 
v 0.06495345383882523 -1.14639413356781 0.28424182534217834 
v 0.09598726034164429 -1.1463549137115479 0.28386878967285156 
v 0.09591596573591232 -1.1463156938552856 0.2780350148677826 
v 0.11582983285188675 -1.1483322381973267 0.2777598798274994 
v 0.1156783252954483 -1.1486682891845703 0.26540452241897583 
v -0.1034075990319252 -1.1489763259887695 0.2680439352989197 
v 0.11507676541805267 -1.1464557647705078 0.2921670973300934 
v 0.1159924790263176 -1.14644455909729 0.29156550765037537 
v 0.13490819931030273 -1.1464333534240723 0.292292982339859 
v 0.1171354427933693 -1.1464389562606812 0.2926753759384155 
v 0.11605040729045868 -1.146450161933899 0.2925098240375519 
v 0.134721040725708 -1.1482986211776733 0.2765684127807617 
v 0.1345316618680954 -1.1486234664916992 0.2609114348888397 
v 0.13349787890911102 -1.1486178636550903 0.26014435291290283 
v 0.13453835248947144 -1.1486178636550903 0.25992050766944885 
v 0.13564789295196533 -1.1486122608184814 0.25976893305778503 
v 0.15178975462913513 -1.148589849472046 0.2597409784793854 
v 0.15303966403007507 -1.148270606994629 0.27590855956077576 
v 0.15322013199329376 -1.1465286016464233 0.29101991653442383 
v -0.10216660052537918 -1.1467581987380981 0.2947855293750763 
v -0.10309567302465439 -1.1467469930648804 0.294202595949173 
v -0.10313132405281067 -1.1467581987380981 0.29515159130096436 
v -0.10421190410852432 -1.1467469930648804 0.2953427731990814 
v -0.12198688834905624 -1.1467918157577515 0.2953870892524719 
v -0.12217403948307037 -1.1486570835113525 0.2796648442745209 
v -0.13925611972808838 -1.1468086242675781 0.2955969274044037 
v -0.14032556116580963 -1.1469318866729736 0.2945546805858612 
v -0.14050379395484924 -1.148679494857788 0.2794456481933594 
v -0.140686497092247 -1.1489763259887695 0.2643226385116577 
v -0.13964155316352844 -1.1489931344985962 0.2632547616958618 
v -0.12350638210773468 -1.1489763259887695 0.26289102435112 
v -0.1223611906170845 -1.1489763259887695 0.26400554180145264 
v -0.12239238619804382 -1.1489763259887695 0.2630145847797394 
v -0.12134522199630737 -1.1489763259887695 0.2632150948047638 
v -0.1064889207482338 -1.0633330345153809 0.30936992168426514 
v -0.10726649314165115 -1.064038872718811 0.30952614545822144 
v -0.1090979054570198 -1.0640556812286377 0.3123427629470825 
v -0.10853645205497742 -1.0633386373519897 0.3122285008430481 
v -0.1097150668501854 -1.0640780925750732 0.31564435362815857 
v -0.10915137827396393 -1.0633610486984253 0.3155324459075928 
v -0.0936734676361084 -1.0633666515350342 0.31886669993400574 
v -0.09310977905988693 -1.0640780925750732 0.3187407851219177 
v -0.09563633054494858 -1.0633890628814697 0.321706622838974 
v -0.09494342654943466 -1.0641005039215088 0.32155507802963257 
v -0.061719488352537155 -1.1462037563323975 0.18545258045196533 
v -0.0297833364456892 -1.1461981534957886 0.19105784595012665 
v -0.029854632914066315 -1.1461589336395264 0.18506786227226257 
v 0.044317714869976044 -1.1460580825805664 0.18417485058307648 
v 0.044389013200998306 -1.1460973024368286 0.19016483426094055 
v 0.07618257403373718 -1.1460132598876953 0.18379011750221252 
v 0.07625609636306763 -1.1460524797439575 0.1897801011800766 
v 0.09669799357652664 -1.148119330406189 0.18950031697750092 
v 0.07632739096879959 -1.1460916996002197 0.19577008485794067 
v 0.09592710435390472 -1.1461981534957886 0.20429223775863647 
v 0.09686509519815445 -1.1461869478225708 0.20367202162742615 
v 0.09692302346229553 -1.1461925506591797 0.20464198291301727 
v 0.09803925454616547 -1.146181344985962 0.20481452345848083 
v 0.11628211289644241 -1.1461701393127441 0.20442047715187073 
v 0.1160927340388298 -1.1480913162231445 0.18827620148658752 
v 0.09658213704824448 -1.148488998413086 0.17980767786502838 
v 0.11593455076217651 -1.148438572883606 0.17519569396972656 
v 0.11487624794244766 -1.148438572883606 0.17440760135650635 
v 0.04446253553032875 -1.1461365222930908 0.1961524784564972 
v -0.029709812253713608 -1.1462373733520508 0.19704550504684448 
v 0.11594346165657043 -1.148432970046997 0.1741744428873062 
v 0.11708419770002365 -1.148432970046997 0.17402055859565735 
v 0.13365383446216583 -1.1484049558639526 0.17399489879608154 
v 0.13490374386310577 -1.1480576992034912 0.18759769201278687 
v 0.13508643209934235 -1.146270990371704 0.20311476290225983 
v -0.06157466769218445 -1.1462820768356323 0.19743254780769348 
v -0.06164819374680519 -1.1462429761886597 0.1914425641298294 
v -0.08208786696195602 -1.1483714580535889 0.19165241718292236 
v -0.08220372349023819 -1.1487411260604858 0.18196211755275726 
v -0.08096495270729065 -1.1464389562606812 0.20642101764678955 
v -0.08191853761672974 -1.1464389562606812 0.20582878589630127 
v -0.08195418119430542 -1.14644455909729 0.2067987471818924 
v -0.08306372910737991 -1.1464333534240723 0.20699460804462433 
v -0.10131550580263138 -1.1464725732803345 0.20704123377799988 
v -0.10150488466024399 -1.1483938694000244 0.1908992975950241 
v -0.1190459281206131 -1.146500587463379 0.2072557508945465 
v -0.12013987451791763 -1.1466238498687744 0.20618785917758942 
v -0.12032479792833328 -1.1484161615371704 0.1906731277704239 
v -0.12047630548477173 -1.1487411260604858 0.1781405657529831 
v -0.11940686404705048 -1.1487579345703125 0.17704236507415771 
v -0.1028372272849083 -1.1487411260604858 0.17666929960250854 
v -0.10166307538747787 -1.1487467288970947 0.1778164654970169 
v -0.1016942635178566 -1.148735523223877 0.1767975389957428 
v -0.10062036663293839 -1.1487411260604858 0.1770027130842209 
v 0.19857774674892426 -1.098083257675171 0.29796820878982544 
v 0.19396579265594482 -1.1004918813705444 0.29679539799690247 
v 0.19389672577381134 -1.0990411043167114 0.2967860698699951 
v 0.20397841930389404 -1.0924036502838135 0.29940682649612427 
v 0.20246338844299316 -1.0947673320770264 0.2990034520626068 
v 0.20567169785499573 -1.0926780700683594 0.29983586072921753 
v 0.20362639427185059 -1.0955851078033447 0.2992972433567047 
v -0.05238194018602371 -1.1291759014129639 0.2763842046260834 
v 0.06485987454652786 -1.1290358304977417 0.27852699160575867 
v 0.06481531262397766 -1.1290134191513062 0.2749735713005066 
v 0.0958624929189682 -1.141381025314331 0.27405956387519836 
v -0.05233960971236229 -1.1292039155960083 0.27993762493133545 
v -0.08340684324502945 -1.1416274309158325 0.27622100710868835 
v -0.08335782587528229 -1.141655445098877 0.28022676706314087 
v -0.05229504778981209 -1.1292263269424438 0.2834887206554413 
v 0.06490220874547958 -1.1290638446807861 0.2820780873298645 
v 0.09591151028871536 -1.1414034366607666 0.2780676484107971 
v 0.11582537740468979 -1.1454923152923584 0.27777621150016785 
v 0.1156783252954483 -1.1458340883255005 0.2654231786727905 
v 0.09596052765846252 -1.141431450843811 0.2820757329463959 
v 0.11598802357912064 -1.1435599327087402 0.2915818393230438 
v 0.11713098734617233 -1.1435991525650024 0.292691707611084 
v 0.11604594439268112 -1.1435655355453491 0.292304664850235 
v 0.11513246595859528 -1.1435319185256958 0.2921064496040344 
v 0.13490374386310577 -1.1435935497283936 0.2923116385936737 
v 0.13471658527851105 -1.145458698272705 0.2765870690345764 
v 0.13349340856075287 -1.1457836627960205 0.26016533374786377 
v 0.13452944159507751 -1.1457892656326294 0.2609300911426544 
v 0.13453389704227448 -1.1457780599594116 0.2599368095397949 
v 0.13564565777778625 -1.1457780599594116 0.25978758931159973 
v 0.1521729677915573 -1.1435375213623047 0.29210180044174194 
v 0.1530352085828781 -1.1454308032989502 0.27592721581459045 
v 0.15285250544548035 -1.1457332372665405 0.2608042061328888 
v -0.10341205447912216 -1.1461421251296997 0.2680625915527344 
v -0.1032627746462822 -1.1458004713058472 0.2804156243801117 
v -0.12217849493026733 -1.1458172798156738 0.2796834707260132 
v -0.1219913437962532 -1.1439520120620728 0.2954057455062866 
v -0.13926057517528534 -1.143940806388855 0.29561325907707214 
v -0.14032778143882751 -1.1440976858139038 0.29457566142082214 
v -0.1405082494020462 -1.1458396911621094 0.2794643044471741 
v -0.14069095253944397 -1.1461421251296997 0.2643412947654724 
v -0.1396460086107254 -1.1461589336395264 0.2632733881473541 
v -0.12350860983133316 -1.1461421251296997 0.2629096508026123 
v -0.12236564606428146 -1.1461477279663086 0.2640265226364136 
v -0.1223946139216423 -1.1461365222930908 0.26303091645240784 
v -0.12134967744350433 -1.1461365222930908 0.2632337510585785 
v -0.10421635955572128 -1.1439127922058105 0.2953614294528961 
v -0.10310236364603043 -1.1438623666763306 0.29422125220298767 
v -0.10313800722360611 -1.1438679695129395 0.2949464023113251 
v -0.10222898423671722 -1.1438343524932861 0.29472488164901733 
v -0.0833110362291336 -1.1416834592819214 0.2842348515987396 
v 0.11190855503082275 -1.0660945177078247 0.30023688077926636 
v 0.11181274801492691 -1.0670299530029297 0.29946279525756836 
v 0.10780457407236099 -1.0670747756958008 0.30144003033638 
v 0.13681313395500183 -1.064206838607788 0.3099994659423828 
v 0.1371763050556183 -1.0651142597198486 0.3093069791793823 
v 0.14038684964179993 -1.0637363195419312 0.31161296367645264 
v 0.14068762958049774 -1.0646549463272095 0.31089481711387634 
v -0.1250615268945694 -1.0628513097763062 0.23622870445251465 
v -0.12524868547916412 -1.069371223449707 0.23200377821922302 
v -0.12518183887004852 -1.0615463256835938 0.23374085128307343 
v -0.1257655769586563 -1.0705922842025757 0.22099843621253967 
v -0.1257767230272293 -1.0739306211471558 0.22062070667743683 
v -0.12547147274017334 -1.0739754438400269 0.22712598741054535 
v 0.051202237606048584 -1.1469823122024536 0.2239992618560791 
v 0.051195550709962845 -1.146270990371704 0.22352127730846405 
v -0.036338113248348236 -1.1471055746078491 0.2250554859638214 
v -0.03634479641914368 -1.1463885307312012 0.22457517683506012 
v -0.06737861037254333 -1.14649498462677 0.22509978711605072 
v -0.036340340971946716 -1.1305034160614014 0.2267785668373108 
v 0.08223605155944824 -1.1462876796722412 0.22329510748386383 
v 0.0822405070066452 -1.1469430923461914 0.2236238569021225 
v 0.1020674780011177 -1.148629069328308 0.2162582129240036 
v 0.10207416117191315 -1.1493347883224487 0.21682946383953094 
v 0.11942805349826813 -1.1485730409622192 0.21123120188713074 
v 0.11989147961139679 -1.1492843627929688 0.2115716189146042 
v 0.12093640863895416 -1.1485730409622192 0.21091409027576447 
v 0.1209319531917572 -1.1492787599563599 0.21134310960769653 
v 0.12244253605604172 -1.1485674381256104 0.21078352630138397 
v 0.12204372137784958 -1.1492787599563599 0.2111915647983551 
v 0.1381833553314209 -1.1492563486099243 0.21116824448108673 
v 0.13827024400234222 -1.1485450267791748 0.21059465408325195 
v 0.13826578855514526 -1.1471446752548218 0.21060165762901306 
v 0.12244253605604172 -1.1471726894378662 0.21079285442829132 
v 0.13817889988422394 -1.1464165449142456 0.21118690073490143 
v 0.12203926593065262 -1.14644455909729 0.21121254563331604 
v 0.1209319531917572 -1.1471726894378662 0.21092341840267181 
v 0.12092972546815872 -1.14644455909729 0.21136176586151123 
v 0.11942582577466965 -1.147178292274475 0.2112405151128769 
v 0.10206079483032227 -1.147234320640564 0.21626754105091095 
v 0.08224719017744064 -1.142691731452942 0.2246614396572113 
v 0.051200006157159805 -1.1303857564926147 0.22572466731071472 
v 0.08225832879543304 -1.1420420408248901 0.22548450529575348 
v 0.10206970572471619 -1.146500587463379 0.21684812009334564 
v 0.11988701671361923 -1.146450161933899 0.21158793568611145 
v 0.051206693053245544 -1.1296744346618652 0.2263985127210617 
v -0.0363314263522625 -1.1297975778579712 0.2274547517299652 
v -0.0673607811331749 -1.1422492265701294 0.22728687524795532 
v -0.06736746430397034 -1.1428989171981812 0.22646379470825195 
v -0.08736376464366913 -1.146763801574707 0.21913079917430878 
v -0.08737045526504517 -1.1474976539611816 0.21855254471302032 
v -0.1053013950586319 -1.146763801574707 0.2143019586801529 
v -0.10484465956687927 -1.1474864482879639 0.21394290030002594 
v -0.10634633153676987 -1.146763801574707 0.21410144865512848 
v -0.10635969787836075 -1.1474864482879639 0.21366076171398163 
v -0.10746032744646072 -1.146763801574707 0.2139778733253479 
v -0.10787250846624374 -1.1474920511245728 0.21356749534606934 
v -0.12359773367643356 -1.1467806100845337 0.2143392711877823 
v -0.12369576096534729 -1.1475144624710083 0.2137586921453476 
v -0.10787250846624374 -1.1488866806030273 0.21356050670146942 
v -0.12369576096534729 -1.148909091949463 0.21375170350074768 
v -0.1235932782292366 -1.149620532989502 0.2143206149339676 
v -0.10746032744646072 -1.1495981216430664 0.21395687758922577 
v -0.10634409636259079 -1.1495925188064575 0.21408279240131378 
v -0.10635747015476227 -1.1488866806030273 0.21365143358707428 
v -0.10484465956687927 -1.1488866806030273 0.2139335721731186 
v -0.08736822754144669 -1.1488922834396362 0.21854089200496674 
v -0.06737415492534637 -1.1471502780914307 0.22542855143547058 
v -0.08735930919647217 -1.1495981216430664 0.21911214292049408 
v -0.10529693961143494 -1.1495981216430664 0.2142833173274994 
v -0.12369576096534729 -1.1475144624710083 0.2137586921453476 
v -0.12369576096534729 -1.148909091949463 0.21375170350074768 
v -0.1252174824476242 -1.1474864482879639 0.21531623601913452 
v -0.1252174824476242 -1.1488810777664185 0.21530690789222717 
v -0.12503479421138763 -1.147183895111084 0.23051851987838745 
v -0.12503255903720856 -1.148584246635437 0.23051153123378754 
v -0.12485432624816895 -1.1454308032989502 0.24573947489261627 
v -0.12445996701717377 -1.1464669704437256 0.23053251206874847 
v -0.12427949905395508 -1.14472496509552 0.24564386904239655 
v -0.1232122853398323 -1.1445682048797607 0.2466837763786316 
v -0.12329472601413727 -1.1452515125274658 0.24725502729415894 
v -0.12485209852457047 -1.1468254327774048 0.24573014676570892 
v -0.12329472601413727 -1.14664626121521 0.24724571406841278 
v -0.1242772713303566 -1.1475591659545898 0.24562521278858185 
v -0.12320782989263535 -1.1474360227584839 0.2466651350259781 
v -0.12359773367643356 -1.1467806100845337 0.2143392711877823 
v -0.12464043498039246 -1.146763801574707 0.21541182696819305 
v -0.1244555115699768 -1.1493011713027954 0.23051153123378754 
v -0.1246359795331955 -1.1495981216430664 0.21538850665092468 
v -0.1235932782292366 -1.149620532989502 0.2143206149339676 
v -0.03619774803519249 -1.147183895111084 0.23672068119049072 
v -0.03619329258799553 -1.1464781761169434 0.2372126579284668 
v -0.06723378598690033 -1.147228717803955 0.23709607124328613 
v -0.06722933053970337 -1.1465790271759033 0.23743416368961334 
v -0.06725161522626877 -1.142960548400879 0.2361191213130951 
v 0.05134259909391403 -1.147060751914978 0.23566678166389465 
v 0.05134705454111099 -1.1463549137115479 0.2361564338207245 
v 0.08238309621810913 -1.1470215320587158 0.23529371619224548 
v 0.08238532394170761 -1.1463717222213745 0.2356318086385727 
v 0.1010047197341919 -1.1463325023651123 0.24389047920703888 
v 0.10147037357091904 -1.1471223831176758 0.24359436333179474 
v 0.10244400799274445 -1.147116780281067 0.2439347803592682 
v 0.10247520357370377 -1.1463325023651123 0.24432183802127838 
v 0.10353127121925354 -1.1471055746078491 0.24410031735897064 
v 0.10394345223903656 -1.1463325023651123 0.24450835585594177 
v 0.12129957228899002 -1.1470999717712402 0.24371793866157532 
v 0.12130625545978546 -1.1463100910186768 0.24429851770401 
v 0.13866905868053436 -1.1462820768356323 0.24408866465091705 
v 0.13856880366802216 -1.1470719575881958 0.2435104250907898 
v 0.12130402773618698 -1.1449098587036133 0.24430784583091736 
v 0.10394122451543808 -1.1449378728866577 0.24451768398284912 
v 0.10248634219169617 -1.1448650360107422 0.24430550634860992 
v 0.10352681577205658 -1.1442656517028809 0.24412131309509277 
v 0.12129511684179306 -1.144260048866272 0.24373891949653625 
v 0.13866905868053436 -1.1448874473571777 0.24410031735897064 
v 0.13856656849384308 -1.144204020500183 0.24352674186229706 
v 0.10152384638786316 -1.1441928148269653 0.24353373050689697 
v 0.10102922469377518 -1.1447921991348267 0.24385084211826324 
v 0.08236527442932129 -1.1427533626556396 0.23431676626205444 
v 0.05130472406744957 -1.1304417848587036 0.23416753113269806 
v 0.05129358544945717 -1.1297248601913452 0.23350301384925842 
v -0.03624676540493965 -1.1298480033874512 0.23455692827701569 
v -0.03623785078525543 -1.1305594444274902 0.23522377014160156 
v 0.08235412836074829 -1.1420979499816895 0.23350301384925842 
v -0.06726275384426117 -1.1423052549362183 0.23530538380146027 
v -0.0856749415397644 -1.1450554132461548 0.24609853327274323 
v -0.08618070185184479 -1.144456148147583 0.24579542875289917 
v -0.0871209129691124 -1.1451282501220703 0.2465905100107193 
v -0.08708972483873367 -1.1444953680038452 0.24601459503173828 
v -0.08857134729623795 -1.1452010869979858 0.24683767557144165 
v -0.08816807717084885 -1.1445345878601074 0.24642963707447052 
v -0.10594083368778229 -1.1445738077163696 0.24647626280784607 
v -0.10593415051698685 -1.1452291011810303 0.24704518914222717 
v -0.12329472601413727 -1.1452515125274658 0.24725502729415894 
v -0.10593192279338837 -1.1466238498687744 0.24703586101531982 
v -0.12329472601413727 -1.14664626121521 0.24724571406841278 
v -0.10593637824058533 -1.1474136114120483 0.24645760655403137 
v -0.12320782989263535 -1.1474360227584839 0.2466651350259781 
v -0.1232122853398323 -1.1445682048797607 0.2466837763786316 
v -0.08856911957263947 -1.1466014385223389 0.24682600796222687 
v -0.08710531890392303 -1.14659583568573 0.24660450220108032 
v -0.08564375340938568 -1.146590232849121 0.2461405098438263 
v -0.08611831814050674 -1.147379994392395 0.2458537220954895 
v -0.08708081394433975 -1.147379994392395 0.24621978402137756 
v -0.0881613940000534 -1.1473687887191772 0.24641098082065582 
v 0.13925279676914215 -1.1492340564727783 0.21221281588077545 
v 0.13943326473236084 -1.1489371061325073 0.22733350098133087 
v 0.13982538878917694 -1.1485170125961304 0.21211256086826324 
v 0.1400080919265747 -1.14821457862854 0.22731950879096985 
v 0.14000585675239563 -1.146814227104187 0.2273288369178772 
v 0.13856880366802216 -1.1470719575881958 0.2435104250907898 
v 0.13961373269557953 -1.1471894979476929 0.24244485795497894 
v 0.13866905868053436 -1.1462820768356323 0.24408866465091705 
v 0.1401885598897934 -1.1464613676071167 0.242535799741745 
v 0.13866905868053436 -1.1448874473571777 0.24410031735897064 
v 0.1401885598897934 -1.1450610160827637 0.24254512786865234 
v 0.13856656849384308 -1.144204020500183 0.24352674186229706 
v 0.13960927724838257 -1.144355297088623 0.24246351420879364 
v 0.13942880928516388 -1.1460973024368286 0.22735215723514557 
v 0.13982316851615906 -1.147116780281067 0.21212421357631683 
v 0.1392483413219452 -1.14639413356781 0.21223147213459015 
v 0.13817889988422394 -1.1464165449142456 0.21118690073490143 
v 0.13826578855514526 -1.1471446752548218 0.21060165762901306 
v 0.13827024400234222 -1.1485450267791748 0.21059465408325195 
v 0.1381833553314209 -1.1492563486099243 0.21116824448108673 
v -0.08971431106328964 -1.0619384050369263 0.23706810176372528 
v -0.102601058781147 -1.0619776248931885 0.2397937923669815 
v -0.09268200397491455 -1.0619328022003174 0.23526574671268463 
v -0.1005512997508049 -1.0619664192199707 0.23693053424358368 
v -0.09526648372411728 -1.0619608163833618 0.2350255846977234 
v -0.09835448861122131 -1.0619720220565796 0.23567378520965576 
v 0.12475965917110443 -1.065881609916687 0.25207221508026123 
v 0.1165405660867691 -1.0658760070800781 0.24971024692058563 
v 0.12515178322792053 -1.0658648014068604 0.249607652425766 
v -0.05238639563322067 -1.1464837789535522 0.2739872932434082 
v -0.08342689275741577 -1.1458675861358643 0.2740292549133301 
v -0.05239307880401611 -1.1457668542861938 0.2735069692134857 
v -0.05238862335681915 -1.1298816204071045 0.2757103741168976 
v 0.06480862945318222 -1.1297192573547363 0.2742997407913208 
v 0.0648108571767807 -1.1463156938552856 0.2725743055343628 
v -0.08342243731021881 -1.1465229988098145 0.2743603587150574 
v -0.10341650992631912 -1.148270606994629 0.2674703598022461 
v -0.1034075990319252 -1.1489763259887695 0.2680439352989197 
v -0.12089071422815323 -1.14826500415802 0.2628653645515442 
v -0.12134522199630737 -1.1489763259887695 0.2632150948047638 
v -0.12240798026323318 -1.14826500415802 0.2625855803489685 
v -0.12239238619804382 -1.1489763259887695 0.2630145847797394 
v -0.12392079085111618 -1.14826500415802 0.2624899744987488 
v -0.12350638210773468 -1.1489763259887695 0.26289102435112 
v -0.13964155316352844 -1.1489931344985962 0.2632547616958618 
v -0.13974404335021973 -1.1482874155044556 0.26268115639686584 
v -0.1397462785243988 -1.1468870639801025 0.26269280910491943 
v -0.12392301857471466 -1.146864652633667 0.26250162720680237 
v -0.1396460086107254 -1.1461589336395264 0.2632733881473541 
v -0.12350860983133316 -1.1461421251296997 0.2629096508026123 
v -0.12241243571043015 -1.146864652633667 0.2625925540924072 
v -0.1223946139216423 -1.1461365222930908 0.26303091645240784 
v -0.12089294195175171 -1.146864652633667 0.26287469267845154 
v -0.10341650992631912 -1.1468702554702759 0.26747968792915344 
v -0.12134967744350433 -1.1461365222930908 0.2632337510585785 
v -0.10341205447912216 -1.1461421251296997 0.2680625915527344 
v -0.08341352641582489 -1.142271637916565 0.27539560198783875 
v -0.08340684324502945 -1.1416274309158325 0.27622100710868835 
v -0.05238194018602371 -1.1291759014129639 0.2763842046260834 
v 0.06481531262397766 -1.1290134191513062 0.2749735713005066 
v 0.0958624929189682 -1.141381025314331 0.27405956387519836 
v 0.09585358202457428 -1.1420252323150635 0.27323415875434875 
v 0.1156783252954483 -1.1458340883255005 0.2654231786727905 
v 0.11567164212465286 -1.1465678215026855 0.2648402750492096 
v 0.13349340856075287 -1.1457836627960205 0.26016533374786377 
v 0.1330299973487854 -1.1465117931365967 0.2598155736923218 
v 0.13453389704227448 -1.1457780599594116 0.2599368095397949 
v 0.13453835248947144 -1.1465061902999878 0.2594984769821167 
v 0.13564565777778625 -1.1457780599594116 0.25978758931159973 
v 0.13604892790317535 -1.1465061902999878 0.2593679130077362 
v 0.15178529918193817 -1.145755648612976 0.2597619593143463 
v 0.1518721878528595 -1.1464837789535522 0.25917670130729675 
v 0.13605116307735443 -1.1479065418243408 0.25935858488082886 
v 0.15187664330005646 -1.1478841304779053 0.2591673731803894 
v 0.15178975462913513 -1.148589849472046 0.2597409784793854 
v 0.13564789295196533 -1.1486122608184814 0.25976893305778503 
v 0.13453835248947144 -1.1486178636550903 0.25992050766944885 
v 0.13454057276248932 -1.1479065418243408 0.2594868242740631 
v 0.13303221762180328 -1.1479121446609497 0.25980624556541443 
v 0.13349787890911102 -1.1486178636550903 0.26014435291290283 
v 0.1156783252954483 -1.1486682891845703 0.26540452241897583 
v 0.11567164212465286 -1.1479681730270386 0.26483094692230225 
v 0.09584689885377884 -1.146276593208313 0.2722012400627136 
v 0.09584244340658188 -1.1456211805343628 0.2718701660633087 
v 0.06480417400598526 -1.1456043720245361 0.27209633588790894 
v -0.13964155316352844 -1.1489931344985962 0.2632547616958618 
v -0.14126354455947876 -1.1482594013214111 0.2642386853694916 
v -0.13974404335021973 -1.1482874155044556 0.26268115639686584 
v -0.14126576483249664 -1.146859049797058 0.2642480134963989 
v -0.1397462785243988 -1.1468870639801025 0.26269280910491943 
v -0.1396460086107254 -1.1461589336395264 0.2632733881473541 
v -0.14069095253944397 -1.1461421251296997 0.2643412947654724 
v -0.1405082494020462 -1.1458396911621094 0.2794643044471741 
v -0.14108529686927795 -1.1465622186660767 0.27945032715797424 
v -0.14090260863304138 -1.1448090076446533 0.29467126727104187 
v -0.141080841422081 -1.1479625701904297 0.2794409990310669 
v -0.1409003734588623 -1.1462037563323975 0.2946619391441345 
v -0.1393452286720276 -1.144629716873169 0.2961868345737457 
v -0.1393452286720276 -1.146024465560913 0.2961775064468384 
v -0.14032556116580963 -1.1469318866729736 0.2945546805858612 
v -0.13925611972808838 -1.1468086242675781 0.2955969274044037 
v -0.14050379395484924 -1.148679494857788 0.2794456481933594 
v -0.14032778143882751 -1.1440976858139038 0.29457566142082214 
v -0.13926057517528534 -1.143940806388855 0.29561325907707214 
v -0.140686497092247 -1.1489763259887695 0.2643226385116577 
v -0.10216660052537918 -1.1467581987380981 0.2947855293750763 
v -0.1016942635178566 -1.1459684371948242 0.29506996273994446 
v -0.08327984064817429 -1.1466014385223389 0.2860278785228729 
v -0.0832776129245758 -1.1459516286849976 0.28636595606803894 
v -0.052239347249269485 -1.1458563804626465 0.2861444652080536 
v -0.0832998976111412 -1.1423388719558716 0.2850509285926819 
v -0.10313132405281067 -1.1467581987380981 0.29515159130096436 
v -0.10315360128879547 -1.145974040031433 0.2955339848995209 
v -0.10317143052816391 -1.144506573677063 0.2955223023891449 
v -0.10461962968111038 -1.1445794105529785 0.2957671284675598 
v -0.1046174019575119 -1.145979642868042 0.29575780034065247 
v -0.12198243290185928 -1.1446017026901245 0.29597699642181396 
v -0.12198243290185928 -1.1460020542144775 0.2959676682949066 
v -0.12198688834905624 -1.1467918157577515 0.2953870892524719 
v -0.1393452286720276 -1.146024465560913 0.2961775064468384 
v -0.13925611972808838 -1.1468086242675781 0.2955969274044037 
v -0.10421190410852432 -1.1467469930648804 0.2953427731990814 
v -0.1393452286720276 -1.144629716873169 0.2961868345737457 
v -0.1219913437962532 -1.1439520120620728 0.2954057455062866 
v -0.10421635955572128 -1.1439127922058105 0.2953614294528961 
v -0.10313800722360611 -1.1438679695129395 0.2949464023113251 
v -0.10222898423671722 -1.1438343524932861 0.29472488164901733 
v -0.10172323137521744 -1.1444281339645386 0.2950303256511688 
v -0.0833110362291336 -1.1416834592819214 0.2842348515987396 
v -0.05229504778981209 -1.1292263269424438 0.2834887206554413 
v -0.05228836461901665 -1.1299376487731934 0.28415557742118835 
v 0.06490220874547958 -1.1290638446807861 0.2820780873298645 
v 0.0649111196398735 -1.1297751665115356 0.28274258971214294 
v 0.09597166627645493 -1.1420867443084717 0.28289180994033813 
v 0.09596052765846252 -1.141431450843811 0.2820757329463959 
v 0.11463339626789093 -1.1441313028335571 0.2924235761165619 
v 0.11513246595859528 -1.1435319185256958 0.2921064496040344 
v 0.1160927340388298 -1.1441984176635742 0.2928805649280548 
v 0.11461111903190613 -1.1456660032272339 0.29246553778648376 
v 0.1160815954208374 -1.1456660032272339 0.29289454221725464 
v 0.11605040729045868 -1.146450161933899 0.2925098240375519 
v 0.1171354427933693 -1.1464389562606812 0.2926753759384155 
v 0.1175498515367508 -1.1456660032272339 0.2930810749530792 
v 0.11754761636257172 -1.1442712545394897 0.2930904030799866 
v -0.13926057517528534 -1.143940806388855 0.29561325907707214 
v 0.11507676541805267 -1.1464557647705078 0.2921670973300934 
v 0.13490819931030273 -1.1464333534240723 0.292292982339859 
v 0.1349126547574997 -1.1456435918807983 0.2928735613822937 
v 0.13491041958332062 -1.1442488431930542 0.29288288950920105 
v 0.13490374386310577 -1.1435935497283936 0.2923116385936737 
v 0.11713098734617233 -1.1435991525650024 0.292691707611084 
v 0.15227767825126648 -1.1456211805343628 0.29266372323036194 
v 0.15217742323875427 -1.1464053392410278 0.2920854687690735 
v 0.15227322280406952 -1.1442208290100098 0.2926730513572693 
v 0.1521729677915573 -1.1435375213623047 0.29210180044174194 
v 0.09598726034164429 -1.1463549137115479 0.28386878967285156 
v 0.09599172323942184 -1.145705223083496 0.2842068672180176 
v 0.0649556815624237 -1.1456940174102783 0.2847314774990082 
v -0.052246030420064926 -1.1465622186660767 0.28565481305122375 
v 0.06495345383882523 -1.14639413356781 0.28424182534217834 
v 0.1528569608926773 -1.1485674381256104 0.2607855498790741 
v 0.15343178808689117 -1.147850513458252 0.26068994402885437 
v 0.15303966403007507 -1.148270606994629 0.27590855956077576 
v 0.15361671149730682 -1.1475480794906616 0.2758922278881073 
v 0.15361449122428894 -1.1461533308029175 0.27590155601501465 
v 0.1534295529127121 -1.146450161933899 0.2606969475746155 
v 0.15187664330005646 -1.1478841304779053 0.2591673731803894 
v 0.1518721878528595 -1.1464837789535522 0.25917670130729675 
v 0.15178529918193817 -1.145755648612976 0.2597619593143463 
v 0.15285250544548035 -1.1457332372665405 0.2608042061328888 
v 0.1530352085828781 -1.1454308032989502 0.27592721581459045 
v 0.15379495918750763 -1.1443945169448853 0.29112017154693604 
v 0.1537971794605255 -1.1457948684692383 0.2911108434200287 
v 0.15322013199329376 -1.1465286016464233 0.29101991653442383 
v 0.15227767825126648 -1.1456211805343628 0.29266372323036194 
v 0.15227322280406952 -1.1442208290100098 0.2926730513572693 
v 0.1521729677915573 -1.1435375213623047 0.29210180044174194 
v 0.1532156765460968 -1.1436887979507446 0.2910385727882385 
v 0.15178975462913513 -1.148589849472046 0.2597409784793854 
v 0.15217742323875427 -1.1464053392410278 0.2920854687690735 
v 0.004171384032815695 -1.769814372062683 0.26286768913269043 
v 0.0033046919852495193 -1.1080479621887207 0.26747968792915344 
v 0.008315463550388813 -1.7698087692260742 0.26240602135658264 
v 0.007451000157743692 -1.1080423593521118 0.26702266931533813 
v 0.012294672429561615 -1.7697919607162476 0.2611469328403473 
v 0.011427979916334152 -1.1080255508422852 0.2657635807991028 
v 0.015950819477438927 -1.769775152206421 0.2591347396373749 
v 0.015084127895534039 -1.1080087423324585 0.26375138759613037 
v 0.015950819477438927 -1.769775152206421 0.2591347396373749 
v 0.015084127895534039 -1.1080087423324585 0.26375138759613037 
v 0.019143544137477875 -1.7697527408599854 0.2564510107040405 
v 0.018279079347848892 -1.107986330986023 0.2610653340816498 
v 0.021750304847955704 -1.769724726676941 0.2531937062740326 
v 0.02088584005832672 -1.1079583168029785 0.25780802965164185 
v 0.02367306873202324 -1.769696831703186 0.24949108064174652 
v 0.022808603942394257 -1.107930302619934 0.2541053891181946 
v 0.024836083874106407 -1.7696688175201416 0.24548298120498657 
v 0.023971619084477425 -1.1079022884368896 0.25009962916374207 
v 0.025194792076945305 -1.7696352005004883 0.24132800102233887 
v 0.024330327287316322 -1.1078742742538452 0.24594232439994812 
v 0.024735823273658752 -1.7696071863174438 0.23718002438545227 
v 0.02387136034667492 -1.1078462600708008 0.24179433286190033 
v 0.02347477525472641 -1.7695847749710083 0.2332022339105606 
v 0.022612540051341057 -1.1078182458877563 0.23781655728816986 
v 0.0214651208370924 -1.7695623636245728 0.22954855859279633 
v 0.020600656047463417 -1.1077958345413208 0.23416054248809814 
v 0.018780380487442017 -1.7695399522781372 0.2263542115688324 
v 0.017915915697813034 -1.1077790260314941 0.23096619546413422 
v 0.01552081573754549 -1.7695287466049194 0.22374510765075684 
v 0.014658579602837563 -1.1077622175216675 0.2283594161272049 
v 0.01552081573754549 -1.7695287466049194 0.22374510765075684 
v 0.014658579602837563 -1.1077622175216675 0.2283594161272049 
v 0.011820107698440552 -1.7695175409317017 0.22182384133338928 
v 0.010955643840134144 -1.1077566146850586 0.2264358252286911 
v 0.00781193608418107 -1.7695175409317017 0.22066034376621246 
v 0.006947472225874662 -1.1077510118484497 0.22527466714382172 
v 0.0036567160859704018 -1.7695175409317017 0.22030127048492432 
v 0.00279225199483335 -1.1077566146850586 0.22491325438022614 
v -0.0004918199847452343 -1.7695287466049194 0.22076061367988586 
v -0.001356284017674625 -1.1077622175216675 0.22537492215633392 
v -0.004471028223633766 -1.7695399522781372 0.22201968729496002 
v -0.005335492081940174 -1.1077734231948853 0.22663167119026184 
v -0.008127176202833652 -1.7695567607879639 0.2240295708179474 
v -0.00898941233754158 -1.1077958345413208 0.22864387929439545 
v -0.008127176202833652 -1.7695567607879639 0.2240295708179474 
v -0.00898941233754158 -1.1077958345413208 0.22864387929439545 
v -0.011319899931550026 -1.7695847749710083 0.22671562433242798 
v -0.012184363789856434 -1.1078182458877563 0.23132993280887604 
v -0.01392665971070528 -1.7696071863174438 0.22997291386127472 
v -0.014791123569011688 -1.1078462600708008 0.23458723723888397 
v -0.01584942452609539 -1.7696408033370972 0.23367556929588318 
v -0.016713887453079224 -1.1078742742538452 0.23828987777233124 
v -0.01701243966817856 -1.7696688175201416 0.23768365383148193 
v -0.01787690445780754 -1.1079022884368896 0.24229563772678375 
v -0.017371147871017456 -1.769696831703186 0.24184095859527588 
v -0.01823561266064644 -1.107930302619934 0.2464529424905777 
v -0.016909951344132423 -1.769724726676941 0.24598662555217743 
v -0.017776643857359886 -1.1079583168029785 0.2506009340286255 
v -0.01565113291144371 -1.7697527408599854 0.2499644011259079 
v -0.016517823562026024 -1.107986330986023 0.25457870960235596 
v -0.013641475699841976 -1.769775152206421 0.2536204159259796 
v -0.014505939558148384 -1.1080087423324585 0.25823473930358887 
vn 0.8355437517166138 -0.5492110252380371 -0.0152922747656703 
vn 0.8355916142463684 -0.5492424964904785 -0.010923261754214764 
vn 0.8355437517166138 -0.5492110252380371 -0.0152922747656703 
vn 0.8396674990653992 -0.5428854823112488 -0.0152922747656703 
vn 0.8396674990653992 -0.5428854823112488 -0.0152922747656703 
vn 0.8396033644676208 -0.5428440570831299 -0.01966099627315998 
vn 0.8396033644676208 -0.5428440570831299 -0.01966099627315998 
vn 0.6778197288513184 -0.732496976852417 0.0633138045668602 
vn 0.6372631788253784 -0.7558726668357849 -0.15017375349998474 
vn 0.6734219789505005 -0.7321178317070007 0.10250037163496017 
vn 0.6098061203956604 -0.7629431486129761 -0.21460255980491638 
vn -0.005673790816217661 -0.5598481893539429 -0.8285757899284363 
vn -0.009458054788410664 -0.2250598818063736 -0.9742990136146545 
vn -0.011346711777150631 -0.5561354756355286 -0.8310141563415527 
vn -0.01701328717172146 -0.22461511194705963 -0.9742990136146545 
vn 0.0723077803850174 -0.05627940595149994 -0.9957932829856873 
vn -0.09575556218624115 0.46807244420051575 -0.8784868121147156 
vn -0.09753510355949402 -0.05777013301849365 -0.9935539960861206 
vn -0.12157783657312393 -0.4500789940357208 -0.8846737742424011 
vn -0.24559558928012848 -0.33481690287590027 -0.9097144603729248 
vn -0.2169870138168335 -0.6164336204528809 -0.7569189071655273 
vn -0.23869705200195312 -0.2733747065067291 -0.931820809841156 
vn -0.19799086451530457 -0.5237001180648804 -0.8285757899284363 
vn -0.13966485857963562 -0.2620457112789154 -0.9548956751823425 
vn -0.13631342351436615 -0.5050791501998901 -0.8522403836250305 
vn -0.04509785398840904 -0.25092780590057373 -0.9669547080993652 
vn -0.07707711309194565 -0.46370941400527954 -0.882628321647644 
vn 0.3283613622188568 -0.6165745258331299 -0.715552031993866 
vn 0.3476060926914215 -0.30484235286712646 -0.8867024183273315 
vn 0.3379071056842804 0.30984845757484436 -0.888714075088501 
vn -0.03960786759853363 0.2561263144016266 -0.9658315181732178 
vn 0.32633844017982483 0.6105362772941589 -0.7216291427612305 
vn -0.05654428154230118 0.489793598651886 -0.8700028657913208 
vn -0.1483655869960785 0.26202183961868286 -0.953589141368866 
vn -0.1492035835981369 0.5130200982093811 -0.8453097939491272 
vn -0.23869705200195312 0.2733747065067291 -0.931820809841156 
vn -0.2171960175037384 0.31568798422813416 -0.9236704111099243 
vn 0.060378823429346085 0.5889320373535156 -0.8059239983558655 
vn 0.07152420282363892 0.46849533915519714 -0.8805659413337708 
vn 0.16874155402183533 0.7732682824134827 -0.6112139225006104 
vn -0.1367436796426773 0.6185070872306824 -0.7737894654273987 
vn -0.1998170018196106 0.5268741250038147 -0.8261215686798096 
vn 0.10916195064783096 0.6868051886558533 -0.7185974717140198 
vn -0.12584741413593292 0.6871300935745239 -0.715552031993866 
vn -0.1872228980064392 0.7717432975769043 -0.607749879360199 
vn -0.0772644504904747 0.5905013680458069 -0.8033295273780823 
vn 0.12013792246580124 0.6184959411621094 -0.7765498161315918 
vn 0.1877046674489975 0.320067822933197 -0.9286137819290161 
vn 0.18193195760250092 0.5256578922271729 -0.8310141563415527 
vn 0.2160949558019638 0.2761789858341217 -0.9364978075027466 
vn 0.1290917545557022 0.5146340131759644 -0.8476362228393555 
vn 0.12423929572105408 0.2604731023311615 -0.9574540853500366 
vn 0.035843655467033386 0.48792582750320435 -0.872148871421814 
vn 0.015103289857506752 0.2545004189014435 -0.9669547080993652 
vn -0.34207162261009216 0.6126506924629211 -0.7124928832054138 
vn -0.3640933930873871 0.3093492388725281 -0.8784868121147156 
vn 0.022689945995807648 -0.2496919333934784 -0.9680594801902771 
vn -0.3640933930873871 -0.3093492388725281 -0.8784868121147156 
vn -0.3451843559741974 -0.6180130243301392 -0.7063339352607727 
vn 0.05850677192211151 -0.4625248610973358 -0.8846737742424011 
vn 0.11422423273324966 -0.5028734803199768 -0.8567795157432556 
vn 0.11751727759838104 -0.25898393988609314 -0.9587059020996094 
vn 0.21693141758441925 -0.27029094099998474 -0.9380210638046265 
vn 0.22620438039302826 -0.3338588774204254 -0.9150791168212891 
vn 0.10498658567667007 -0.4502629041671753 -0.8867024183273315 
vn 0.2041996270418167 -0.6137935519218445 -0.762600839138031 
vn 0.17651258409023285 -0.5236664414405823 -0.8334367275238037 
vn -0.3640933930873871 0.3093492388725281 -0.8784868121147156 
vn -0.3640933930873871 -0.3093492388725281 -0.8784868121147156 
vn -0.8866072297096252 0.30395251512527466 -0.34862664341926575 
vn -0.8872398138046265 -0.31131619215011597 -0.34042292833328247 
vn -0.9476797580718994 0.31903570890426636 -0.010923261754214764 
vn -0.939616858959198 -0.34020790457725525 0.03713129088282585 
vn -0.8861191868782043 0.3144916594028473 0.34042292833328247 
vn -0.7819640636444092 0.6222165822982788 -0.03713129088282585 
vn -0.7243910431861877 0.623151957988739 0.2948545813560486 
vn -0.33657306432724 0.6331802010536194 0.6969945430755615 
vn -0.3479836583137512 0.31602954864501953 0.882628321647644 
vn -0.8709063529968262 -0.30003228783607483 0.3892335295677185 
vn -0.33491507172584534 -0.289753258228302 0.8965907096862793 
vn -0.693821132183075 -0.608464777469635 0.3852050006389618 
vn -0.3163416087627411 -0.5830894708633423 0.7482877969741821 
vn -0.34207162261009216 0.6126506924629211 -0.7124928832054138 
vn -0.7163034081459045 0.6136424541473389 -0.33219319581985474 
vn -0.7784753441810608 -0.6252967119216919 0.05459024757146835 
vn -0.718752920627594 -0.6173503398895264 -0.3198012113571167 
vn -0.3451843559741974 -0.6180130243301392 -0.7063339352607727 
vn 0.007532867137342691 -0.5706399083137512 0.8211658596992493 
vn 0.0074925050139427185 -0.23364390432834625 0.9722933769226074 
vn 0.18911594152450562 -0.45533525943756104 0.8700028657913208 
vn 0.23725968599319458 -0.06681650876998901 0.9691457152366638 
vn 0.103016696870327 0.5649567246437073 0.8186644315719604 
vn 0.007532867137342691 -0.5706399083137512 0.8211658596992493 
vn 0.022446727380156517 -0.23268380761146545 0.9722933769226074 
vn -0.1696878969669342 -0.4588707685470581 0.872148871421814 
vn -0.20959538221359253 -0.0700746700167656 0.9752739667892456 
vn -0.3583782911300659 -0.22502514719963074 0.9060511589050293 
vn -0.31394243240356445 -0.49356967210769653 0.8110666871070862 
vn -0.2025866061449051 -0.44113069772720337 0.87427818775177 
vn -0.20231986045837402 -0.21160998940467834 0.9561840295791626 
vn -0.07304807007312775 -0.4407612383365631 0.8946471214294434 
vn -0.04666376858949661 -0.23339086771011353 0.9712626934051514 
vn 0.011294148862361908 -0.5919113159179688 0.8059239983558655 
vn 0.011277965269982815 -0.3133816421031952 0.949560284614563 
vn 0.35860735177993774 -0.2856362462043762 0.888714075088501 
vn 0.333293080329895 -0.584819495677948 0.7395281791687012 
vn 0.009398816153407097 0.3505474627017975 0.9364978075027466 
vn -0.059546809643507004 0.2608916163444519 0.9635298252105713 
vn -0.17577701807022095 0.3495355248451233 0.9202865362167358 
vn -0.2032604217529297 0.40223878622055054 0.8926864862442017 
vn 0.005658327601850033 0.6567854285240173 0.7540562748908997 
vn 0.37153172492980957 0.31830888986587524 0.872148871421814 
vn 0.3517378866672516 0.6318320631980896 0.6907016038894653 
vn -0.23415115475654602 0.6206759214401245 0.7482877969741821 
vn -0.34506720304489136 0.3304384648799896 0.8784868121147156 
vn -0.09001948684453964 0.5635451674461365 0.8211658596992493 
vn 0.09342515468597412 0.4528030455112457 0.8867024183273315 
vn 0.12378928810358047 0.6779106259346008 0.7246471047401428 
vn -0.10891956090927124 0.6804580092430115 0.7246471047401428 
vn -0.07672901451587677 0.45199552178382874 0.888714075088501 
vn 0.09409847110509872 0.7749706506729126 0.6249527335166931 
vn -0.08281542360782623 0.7735037803649902 0.6283578276634216 
vn 0.3610623776912689 0.33575138449668884 0.8700028657913208 
vn 0.24674244225025177 0.6227904558181763 0.7424622178077698 
vn 0.20272143185138702 0.3486175537109375 0.9150791168212891 
vn 0.15494677424430847 0.6280378103256226 0.762600839138031 
vn 0.07956022769212723 0.26429542899131775 0.961154580116272 
vn 0.22022397816181183 0.40652215480804443 0.8867024183273315 
vn 0.005658327601850033 0.6567854285240173 0.7540562748908997 
vn 0.009398816153407097 0.3505474627017975 0.9364978075027466 
vn -0.3479836583137512 0.31602954864501953 0.882628321647644 
vn 0.011277965269982815 -0.3133816421031952 0.949560284614563 
vn -0.33491507172584534 -0.289753258228302 0.8965907096862793 
vn 0.011294148862361908 -0.5919113159179688 0.8059239983558655 
vn -0.3163416087627411 -0.5830894708633423 0.7482877969741821 
vn -0.33657306432724 0.6331802010536194 0.6969945430755615 
vn 0.07042691856622696 -0.23621314764022827 0.9691457152366638 
vn 0.22597727179527283 -0.21138297021389008 0.9509214162826538 
vn 0.3790661692619324 -0.22898449003696442 0.8965907096862793 
vn 0.33495810627937317 -0.49240708351135254 0.8033295273780823 
vn 0.2300281673669815 -0.43609869480133057 0.8700028657913208 
vn 0.09713609516620636 -0.44008567929267883 0.8926864862442017 
vn 0.7121769785881042 -0.6161969900131226 -0.3363112509250641 
vn 0.7820835709571838 -0.6223116517066956 0.03276457265019417 
vn 0.881692111492157 -0.3039458990097046 -0.36088213324546814 
vn 0.940209150314331 -0.3404223620891571 0.010923261754214764 
vn 0.9447922706604004 0.32602766156196594 -0.03276457265019417 
vn 0.333293080329895 -0.584819495677948 0.7395281791687012 
vn 0.7071055769920349 -0.603181004524231 0.3690181374549866 
vn 0.35860735177993774 -0.2856362462043762 0.888714075088501 
vn 0.8824970126152039 -0.29666122794151306 0.3649536371231079 
vn 0.37153172492980957 0.31830888986587524 0.872148871421814 
vn 0.8924752473831177 0.31814321875572205 0.3198012113571167 
vn 0.3517378866672516 0.6318320631980896 0.6907016038894653 
vn 0.7254853844642639 0.6295441389083862 0.2781098484992981 
vn 0.7761058807373047 0.6282352805137634 -0.05459024757146835 
vn 0.8757857084274292 0.3111671805381775 -0.3690181374549866 
vn 0.706534206867218 0.6158481240272522 -0.34862664341926575 
vn 0.32633844017982483 0.6105362772941589 -0.7216291427612305 
vn 0.3379071056842804 0.30984845757484436 -0.888714075088501 
vn 0.3476060926914215 -0.30484235286712646 -0.8867024183273315 
vn 0.3283613622188568 -0.6165745258331299 -0.715552031993866 
vn -0.6459465622901917 0.44322267174720764 0.6215357780456543 
vn -0.44924190640449524 0.7982234954833984 0.401274174451828 
vn -0.340707927942276 0.47983428835868835 0.8085030317306519 
vn 0.007543723098933697 0.8019910454750061 0.5972883701324463 
vn 0.009406677447259426 0.4466743767261505 0.8946471214294434 
vn 0.9873095750808716 0 0.15880759060382843 
vn 0.9873095750808716 0 0.15880759060382843 
vn 0.9873095750808716 0 0.15880759060382843 
vn 0.9663954377174377 0 0.25706008076667786 
vn 0.9663954377174377 0 0.25706008076667786 
vn 0.9663954377174377 0 0.25706008076667786 
vn -0.283049076795578 0.9591029286384583 0.002184694167226553 
vn -0.18766683340072632 0.9821720123291016 0.010923261754214764 
vn -0.18766683340072632 0.9821720123291016 0.010923261754214764 
vn 0.18767400085926056 0.9822095036506653 0.006554040592163801 
vn 0.18767400085926056 0.9822095036506653 0.006554040592163801 
vn 0.2757980227470398 0.9612131118774414 -0.002184694167226553 
vn 0.2902839779853821 0.9569380283355713 0.002184694167226553 
vn 0.09420904517173767 0.9926173686981201 -0.0763898640871048 
vn 0.26847997307777405 0.9630845785140991 -0.01966099627315998 
vn 0.18767757713794708 0.9822282791137695 0.002184694167226553 
vn -0.18766683340072632 0.9821720123291016 0.010923261754214764 
vn -0.29026734828948975 0.9568832516670227 0.010923261754214764 
vn -0.10175357013940811 0.9921983480453491 -0.07203252613544464 
vn -0.08295149356126785 0.996263861656189 -0.024029340595006943 
vn -0.2685004770755768 0.9631581902503967 -0.0152922747656703 
vn -0.12231134623289108 0.9904702305793762 -0.0633138045668602 
vn -0.0547393336892128 0.9927676320075989 -0.10684575140476227 
vn -0.037749744951725006 0.999265730381012 0.006554040592163801 
vn -0.06224479153752327 0.9965668320655823 0.05459024757146835 
vn -0.003775948192924261 0.992782473564148 -0.11986933648586273 
vn 0.003776365192607045 0.9977003335952759 -0.06767380982637405 
vn -0.007551383227109909 0.9999118447303772 -0.010923261754214764 
vn -1.0339945994688668e-13 0.9998830556869507 -0.0152922747656703 
vn -1.0340933296291988e-13 0.9999785423278809 0.006554040592163801 
vn 0.007550950627774 0.999854564666748 -0.0152922747656703 
vn -1.0339156559981827e-13 0.9998067021369934 -0.01966099627315998 
vn -1.0339156559981827e-13 0.9998067021369934 -0.01966099627315998 
vn -0.003776365192607045 0.9977003335952759 -0.06767380982637405 
vn -0.013217012397944927 0.9916161894798279 -0.12854042649269104 
vn -0.007550950627774 0.999854564666748 -0.0152922747656703 
vn -1.0340933296291988e-13 0.9999785423278809 0.006554040592163801 
vn -1.0339945994688668e-13 0.9998830556869507 -0.0152922747656703 
vn -1.0340538240125388e-13 0.9999403357505798 -0.010923261754214764 
vn -0.003776365192607045 0.9977003335952759 -0.06767380982637405 
vn 0.07542550563812256 0.9968618750572205 -0.024029340595006943 
vn -0.003776365192607045 0.9977003335952759 -0.06767380982637405 
vn -1.0339156559981827e-13 0.9998067021369934 -0.01966099627315998 
vn 0.0018881993601098657 0.9917024970054626 -0.12854042649269104 
vn -0.003775948192924261 0.992782473564148 -0.11986933648586273 
vn 0.050943221896886826 0.9924927353858948 -0.1111890971660614 
vn 0.11856601387262344 0.9909255504608154 -0.0633138045668602 
vn 0.030202379450201988 0.99952232837677 0.006554040592163801 
vn 0.06602699309587479 0.9965528845787048 0.05022686347365379 
vn 0.3694087862968445 0.6423500776290894 0.6715083718299866 
vn 0.3247720003128052 0.5399013757705688 0.7765498161315918 
vn 0.2830590605735779 0.5078469514846802 0.8136147856712341 
vn -0.04131616652011871 0.39309704303741455 0.9185682535171509 
vn -0.058012593537569046 0.3746839761734009 0.9253358840942383 
vn -0.28745317459106445 0.29411178827285767 0.9115201234817505 
vn -0.2875734269618988 0.29953479766845703 0.9097144603729248 
vn -0.29483333230018616 0.39042243361473083 0.872148871421814 
vn -0.29071950912475586 0.3982175290584564 0.8700028657913208 
vn 0.996372401714325 0 -0.08510008454322815 
vn 0.996372401714325 0 -0.08510008454322815 
vn 0.996372401714325 0 -0.08510008454322815 
vn 0.995991051197052 0 -0.08945280313491821 
vn 0.995991051197052 0 -0.08945280313491821 
vn 0.9955906867980957 0 -0.09380380809307098 
vn 0.9955906867980957 0 -0.09380380809307098 
vn 0.9977074861526489 0 -0.06767380982637405 
vn 0.9974023103713989 0 -0.07203252613544464 
vn 0.9989477396011353 0 -0.04586252197623253 
vn 0.9987092614173889 -0.007551378104835749 -0.05022686347365379 
vn 0.06037835404276848 -0.998173177242279 -0.002184694167226553 
vn 3.0978390967890956e-13 -0.9999785423278809 -0.006554040592163801 
vn 3.0978390967890956e-13 -0.9999785423278809 -0.006554040592163801 
vn 3.0978390967890956e-13 -0.9999785423278809 -0.006554040592163801 
vn 3.0978390967890956e-13 -0.9999785423278809 -0.006554040592163801 
vn -0.05283859372138977 -0.9986006617546082 -0.002184694167226553 
vn -0.05283758416771889 -0.99858158826828 -0.006554040592163801 
vn -0.04151540994644165 -0.9965379238128662 0.07203252613544464 
vn -0.04528717324137688 -0.9987804889678955 0.01966099627315998 
vn 0.009435920976102352 -0.9959463477134705 0.08945280313491821 
vn 0.0339476615190506 -0.9961564540863037 0.08074574917554855 
vn 0.0075516714714467525 -0.9999499917030334 -0.006554040592163801 
vn 3.097898456858039e-13 -0.999997615814209 0.002184694167226553 
vn 0.003775948192924261 -0.992782473564148 0.11986933648586273 
vn 0.003776365192607045 -0.9977003335952759 0.06767380982637405 
vn -0.04528285190463066 -0.9986851811408997 0.024029340595006943 
vn 0.007551383227109909 -0.9999118447303772 0.010923261754214764 
vn 3.0978390967890956e-13 -0.9999785423278809 -0.006554040592163801 
vn 3.0978390967890956e-13 -0.9999785423278809 -0.006554040592163801 
vn 3.0978390967890956e-13 -0.9999785423278809 -0.006554040592163801 
vn 3.0978390967890956e-13 -0.9999785423278809 -0.006554040592163801 
vn 0.007550950627774 -0.999854564666748 0.0152922747656703 
vn 3.0973070245729484e-13 -0.9998067021369934 0.01966099627315998 
vn 0.003776365192607045 -0.9977003335952759 0.06767380982637405 
vn 0.005659987218677998 -0.9932878017425537 0.11553031951189041 
vn 0.052828505635261536 -0.9984100461006165 0.01966099627315998 
vn 0.05283758416771889 -0.99858158826828 -0.006554040592163801 
vn 0.049073055386543274 -0.9964998960494995 0.06767380982637405 
vn 0.04528285190463066 -0.9986851811408997 0.024029340595006943 
vn -0.005661606788635254 -0.9959749579429626 0.08945280313491821 
vn -0.0339476615190506 -0.9961564540863037 0.08074574917554855 
vn -0.0075516714714467525 -0.9999499917030334 -0.006554040592163801 
vn 3.097898456858039e-13 -0.999997615814209 0.002184694167226553 
vn 0.003775948192924261 -0.992782473564148 0.11986933648586273 
vn -0.003776365192607045 -0.9977003335952759 0.06767380982637405 
vn -0.0018866714090108871 -0.9933021664619446 0.11553031951189041 
vn -0.0018866714090108871 -0.9933021664619446 0.11553031951189041 
vn 0.003776365192607045 -0.9977003335952759 0.06767380982637405 
vn 3.0973070245729484e-13 -0.9998067021369934 0.01966099627315998 
vn 3.0973070245729484e-13 -0.9998067021369934 0.01966099627315998 
vn 3.09754338064655e-13 -0.9998830556869507 0.0152922747656703 
vn -0.007551383227109909 -0.9999118447303772 0.010923261754214764 
vn 3.0978390967890956e-13 -0.9999785423278809 -0.006554040592163801 
vn 3.0978390967890956e-13 -0.9999785423278809 -0.006554040592163801 
vn -0.9357218146324158 -0.003773649223148823 0.3527185618877411 
vn -0.9357218146324158 -0.003773649223148823 0.3527185618877411 
vn -0.9357218146324158 -0.003773649223148823 0.3527185618877411 
vn -0.9357218146324158 -0.003773649223148823 0.3527185618877411 
vn -0.9357218146324158 -0.003773649223148823 0.3527185618877411 
vn -0.9357218146324158 -0.003773649223148823 0.3527185618877411 
vn 0.5742223858833313 0.007564264349639416 -0.8186644315719604 
vn 0.5742223858833313 0.007564264349639416 -0.8186644315719604 
vn 0.5742223858833313 0.007564264349639416 -0.8186644315719604 
vn 0.9555421471595764 0 -0.2948545813560486 
vn 0.9555421471595764 0 -0.2948545813560486 
vn 0.9555421471595764 0 -0.2948545813560486 
vn 0.9555421471595764 0 -0.2948545813560486 
vn 3.0978390967890956e-13 -0.9999785423278809 -0.006554040592163801 
vn 3.0978390967890956e-13 -0.9999785423278809 -0.006554040592163801 
vn 3.0978390967890956e-13 -0.9999785423278809 -0.006554040592163801 
vn 3.0978390967890956e-13 -0.9999785423278809 -0.006554040592163801 
vn -0.9267232418060303 -0.37568747997283936 0.006554040592163801 
vn -0.9267232418060303 -0.37568747997283936 0.006554040592163801 
vn -0.9267232418060303 -0.37568747997283936 0.006554040592163801 
vn -0.9267232418060303 -0.37568747997283936 0.006554040592163801 
vn -0.013230848126113415 -0.4775833785533905 -0.8784868121147156 
vn -0.013230848126113415 -0.4775833785533905 -0.8784868121147156 
vn -0.013230848126113415 -0.4775833785533905 -0.8784868121147156 
vn 0.325916588306427 -0.0075577907264232635 -0.9453682899475098 
vn 0.37097057700157166 -0.00756883155554533 -0.9286137819290161 
vn 0.37643638253211975 -0.045268137007951736 -0.9253358840942383 
vn 0.44053828716278076 -0.04528871178627014 -0.8965907096862793 
vn 0.438873291015625 -0.00755560165271163 -0.8985171914100647 
vn 0.46400025486946106 -0.045343514531850815 -0.8846737742424011 
vn 0.4620930850505829 -0.015127361752092838 -0.8867024183273315 
vn -0.283049076795578 0.9591029286384583 0.002184694167226553 
vn -0.18766683340072632 0.9821720123291016 0.010923261754214764 
vn -0.18766683340072632 0.9821720123291016 0.010923261754214764 
vn 0.18767400085926056 0.9822095036506653 0.006554040592163801 
vn 0.18767400085926056 0.9822095036506653 0.006554040592163801 
vn 0.283049076795578 0.9591029286384583 -0.002184694167226553 
vn 0.2902839779853821 0.9569380283355713 0.002184694167226553 
vn 0.09240955859422684 0.992441713809967 -0.08074574917554855 
vn 0.26845434308052063 0.9629926681518555 -0.024029340595006943 
vn 0.18767757713794708 0.9822282791137695 0.002184694167226553 
vn -0.18766683340072632 0.9821720123291016 0.010923261754214764 
vn -0.29026734828948975 0.9568832516670227 0.010923261754214764 
vn -0.10172048956155777 0.9918757677078247 -0.0763898640871048 
vn -0.09045028686523438 0.995361864566803 -0.03276457265019417 
vn -0.2685004770755768 0.9631581902503967 -0.0152922747656703 
vn -0.12234408408403397 0.9907353520393372 -0.058952588587999344 
vn -0.0547393336892128 0.9927676320075989 -0.10684575140476227 
vn -0.0377483032643795 0.9992275834083557 0.010923261754214764 
vn -0.06224479153752327 0.9965668320655823 0.05459024757146835 
vn -0.003775948192924261 0.992782473564148 -0.11986933648586273 
vn 0.0037752098869532347 0.9973951578140259 -0.07203252613544464 
vn -0.007550950627774 0.999854564666748 -0.0152922747656703 
vn -1.0339156559981827e-13 0.9998067021369934 -0.01966099627315998 
vn -1.0340933296291988e-13 0.9999785423278809 0.006554040592163801 
vn 0.007550373673439026 0.9997782111167908 -0.01966099627315998 
vn -0.007550373673439026 0.9997782111167908 -0.01966099627315998 
vn -1.0338169258378507e-13 0.999711275100708 -0.024029340595006943 
vn -0.003776365192607045 0.9977003335952759 -0.06767380982637405 
vn -0.013217012397944927 0.9916161894798279 -0.12854042649269104 
vn 0.08291822671890259 0.9958643913269043 -0.03713129088282585 
vn -0.0037752098869532347 0.9973951578140259 -0.07203252613544464 
vn -1.0339945994688668e-13 0.9998830556869507 -0.0152922747656703 
vn -0.007550373673439026 0.9997782111167908 -0.01966099627315998 
vn -1.0340933296291988e-13 0.9999785423278809 0.006554040592163801 
vn -0.007550373673439026 0.9997782111167908 -0.01966099627315998 
vn -1.0339156559981827e-13 0.9998067021369934 -0.01966099627315998 
vn -1.0338169258378507e-13 0.999711275100708 -0.024029340595006943 
vn -0.003776365192607045 0.9977003335952759 -0.06767380982637405 
vn 0.003773920238018036 0.9922492504119873 -0.1242060661315918 
vn 0.0018881993601098657 0.9917024970054626 -0.12854042649269104 
vn -0.003775948192924261 0.992782473564148 -0.11986933648586273 
vn 0.05096764117479324 0.9929684400558472 -0.10684575140476227 
vn 0.11856601387262344 0.9909255504608154 -0.0633138045668602 
vn 0.030201226472854614 0.999484121799469 0.010923261754214764 
vn 0.06601185351610184 0.9963244199752808 0.05459024757146835 
vn 3.0978390967890956e-13 -0.9999785423278809 -0.006554040592163801 
vn 3.0978390967890956e-13 -0.9999785423278809 -0.006554040592163801 
vn 3.0978390967890956e-13 -0.9999785423278809 -0.006554040592163801 
vn -0.05283859372138977 -0.9986006617546082 -0.002184694167226553 
vn 3.0978390967890956e-13 -0.9999785423278809 -0.006554040592163801 
vn 0.06037835404276848 -0.998173177242279 -0.002184694167226553 
vn 0.05283758416771889 -0.99858158826828 -0.006554040592163801 
vn 0.049073055386543274 -0.9964998960494995 0.06767380982637405 
vn 0.052828505635261536 -0.9984100461006165 0.01966099627315998 
vn 3.0978390967890956e-13 -0.9999785423278809 -0.006554040592163801 
vn 3.0978390967890956e-13 -0.9999785423278809 -0.006554040592163801 
vn -0.04528717324137688 -0.9987804889678955 0.01966099627315998 
vn -0.05283758416771889 -0.99858158826828 -0.006554040592163801 
vn -0.04151540994644165 -0.9965379238128662 0.07203252613544464 
vn -0.04528285190463066 -0.9986851811408997 0.024029340595006943 
vn 0.04528285190463066 -0.9986851811408997 0.024029340595006943 
vn 0.009435920976102352 -0.9959463477134705 0.08945280313491821 
vn 0.0339476615190506 -0.9961564540863037 0.08074574917554855 
vn 0.003775948192924261 -0.992782473564148 0.11986933648586273 
vn 3.097898456858039e-13 -0.999997615814209 0.002184694167226553 
vn 0.0075516714714467525 -0.9999499917030334 -0.006554040592163801 
vn 0.003776365192607045 -0.9977003335952759 0.06767380982637405 
vn 0.015102335251867771 -0.9998263120651245 0.010923261754214764 
vn 3.0978390967890956e-13 -0.9999785423278809 -0.006554040592163801 
vn 3.0978390967890956e-13 -0.9999785423278809 -0.006554040592163801 
vn 0.007550950627774 -0.999854564666748 0.0152922747656703 
vn 3.0973070245729484e-13 -0.9998067021369934 0.01966099627315998 
vn 0.003776365192607045 -0.9977003335952759 0.06767380982637405 
vn 0.005659987218677998 -0.9932878017425537 0.11553031951189041 
vn -0.005661606788635254 -0.9959749579429626 0.08945280313491821 
vn -0.026405755430459976 -0.9963849186897278 0.08074574917554855 
vn -0.0075516714714467525 -0.9999499917030334 -0.006554040592163801 
vn 3.097898456858039e-13 -0.999997615814209 0.002184694167226553 
vn 0.003775948192924261 -0.992782473564148 0.11986933648586273 
vn -0.003776365192607045 -0.9977003335952759 0.06767380982637405 
vn -0.0018866714090108871 -0.9933021664619446 0.11553031951189041 
vn -0.0018866714090108871 -0.9933021664619446 0.11553031951189041 
vn 0.003776365192607045 -0.9977003335952759 0.06767380982637405 
vn 3.0973070245729484e-13 -0.9998067021369934 0.01966099627315998 
vn 3.0973070245729484e-13 -0.9998067021369934 0.01966099627315998 
vn -0.007550950627774 -0.999854564666748 0.0152922747656703 
vn -0.007551383227109909 -0.9999118447303772 0.010923261754214764 
vn 3.0978390967890956e-13 -0.9999785423278809 -0.006554040592163801 
vn 3.0978390967890956e-13 -0.9999785423278809 -0.006554040592163801 
vn -0.5413088202476501 0.42131754755973816 -0.7276512384414673 
vn -0.700502872467041 0.2978246212005615 -0.6485338807106018 
vn -0.891772985458374 0.29332810640335083 -0.34452807903289795 
vn -0.7602505683898926 0.531821072101593 -0.37307560443878174 
vn -0.9499350786209106 0.3118281960487366 0.01966099627315998 
vn -0.7871816158294678 0.6167173981666565 0.002184694167226553 
vn 0.7580783367156982 0.5377200841903687 0.3690181374549866 
vn 0.8930618166923523 0.28938028216362 0.34452807903289795 
vn 0.5579761266708374 0.37651121616363525 0.7395281791687012 
vn 0.706800103187561 0.258591890335083 0.6584556698799133 
vn 0.06037835404276848 -0.998173177242279 -0.002184694167226553 
vn 3.0978390967890956e-13 -0.9999785423278809 -0.006554040592163801 
vn 3.0978390967890956e-13 -0.9999785423278809 -0.006554040592163801 
vn 3.0978390967890956e-13 -0.9999785423278809 -0.006554040592163801 
vn 3.0978390967890956e-13 -0.9999785423278809 -0.006554040592163801 
vn -0.05283859372138977 -0.9986006617546082 0.002184694167226553 
vn -0.05283758416771889 -0.99858158826828 -0.006554040592163801 
vn -0.04150191321969032 -0.9962139129638672 0.0763898640871048 
vn -0.04528717324137688 -0.9987804889678955 0.01966099627315998 
vn 0.009435920976102352 -0.9959463477134705 0.08945280313491821 
vn 0.0339476615190506 -0.9961564540863037 0.08074574917554855 
vn 0.0075516714714467525 -0.9999499917030334 -0.006554040592163801 
vn 3.097898456858039e-13 -0.999997615814209 0.002184694167226553 
vn 0.003775948192924261 -0.992782473564148 0.11986933648586273 
vn 0.0037752098869532347 -0.9973951578140259 0.07203252613544464 
vn -0.04526469111442566 -0.9982846975326538 0.03713129088282585 
vn 0.015101470053195953 -0.9997690320014954 0.0152922747656703 
vn 3.097898456858039e-13 -0.999997615814209 -0.002184694167226553 
vn 3.0978390967890956e-13 -0.9999785423278809 -0.006554040592163801 
vn 3.0978390967890956e-13 -0.9999785423278809 -0.006554040592163801 
vn 3.0978390967890956e-13 -0.9999785423278809 -0.006554040592163801 
vn 0.007550373673439026 -0.9997782111167908 0.01966099627315998 
vn 3.0973070245729484e-13 -0.9998067021369934 0.01966099627315998 
vn 0.003776365192607045 -0.9977003335952759 0.06767380982637405 
vn 0.005659987218677998 -0.9932878017425537 0.11553031951189041 
vn 0.052828505635261536 -0.9984100461006165 0.01966099627315998 
vn 0.05283758416771889 -0.99858158826828 -0.006554040592163801 
vn 0.04904209449887276 -0.9958711862564087 0.0763898640871048 
vn 0.0452716089785099 -0.9984372854232788 0.03276457265019417 
vn -0.005661606788635254 -0.9959749579429626 0.08945280313491821 
vn -0.026405755430459976 -0.9963849186897278 0.08074574917554855 
vn -0.0075516714714467525 -0.9999499917030334 -0.006554040592163801 
vn 3.097898456858039e-13 -0.999997615814209 0.002184694167226553 
vn 0.003775948192924261 -0.992782473564148 0.11986933648586273 
vn -0.0037752098869532347 -0.9973951578140259 0.07203252613544464 
vn -0.0018866714090108871 -0.9933021664619446 0.11553031951189041 
vn -0.0018866714090108871 -0.9933021664619446 0.11553031951189041 
vn 0.003776365192607045 -0.9977003335952759 0.06767380982637405 
vn 3.097011308430403e-13 -0.999711275100708 0.024029340595006943 
vn 0.007550373673439026 -0.9997782111167908 0.01966099627315998 
vn -0.007550373673439026 -0.9997782111167908 0.01966099627315998 
vn -0.015101470053195953 -0.9997690320014954 0.0152922747656703 
vn 3.0978390967890956e-13 -0.9999785423278809 -0.006554040592163801 
vn 3.0978390967890956e-13 -0.9999785423278809 -0.006554040592163801 
vn -0.2290220409631729 0.015010898001492023 0.9733054637908936 
vn -0.24637389183044434 -0.007516956888139248 0.9691457152366638 
vn -0.24637389183044434 -0.007516956888139248 0.9691457152366638 
vn -0.24637389183044434 -0.007516956888139248 0.9691457152366638 
vn -0.2659183144569397 -0.02996179834008217 0.9635298252105713 
vn -0.22951345145702362 -4.757061037403629e-14 0.9733054637908936 
vn -0.27598515152931213 -0.0037536206655204296 0.961154580116272 
vn -0.18766683340072632 0.9821720123291016 0.010923261754214764 
vn 0.18767400085926056 0.9822095036506653 0.006554040592163801 
vn 0.18767400085926056 0.9822095036506653 0.006554040592163801 
vn 0.2757980227470398 0.9612131118774414 -0.002184694167226553 
vn -0.18766683340072632 0.9821720123291016 0.010923261754214764 
vn -0.283049076795578 0.9591029286384583 0.002184694167226553 
vn -0.29026734828948975 0.9568832516670227 0.010923261754214764 
vn -0.18766683340072632 0.9821720123291016 0.010923261754214764 
vn 0.18767757713794708 0.9822282791137695 0.002184694167226553 
vn 0.2902839779853821 0.9569380283355713 0.002184694167226553 
vn 0.09420904517173767 0.9926173686981201 -0.0763898640871048 
vn 0.07542550563812256 0.9968618750572205 -0.024029340595006943 
vn 0.26845434308052063 0.9629926681518555 -0.024029340595006943 
vn 0.11856601387262344 0.9909255504608154 -0.0633138045668602 
vn 0.050943221896886826 0.9924927353858948 -0.1111890971660614 
vn 0.030202379450201988 0.99952232837677 0.006554040592163801 
vn 0.06602699309587479 0.9965528845787048 0.05022686347365379 
vn -0.003775948192924261 0.992782473564148 -0.11986933648586273 
vn -0.003776365192607045 0.9977003335952759 -0.06767380982637405 
vn -1.0340538240125388e-13 0.9999403357505798 -0.010923261754214764 
vn -1.0339945994688668e-13 0.9998830556869507 -0.0152922747656703 
vn -1.0340933296291988e-13 0.9999785423278809 0.006554040592163801 
vn -0.007550950627774 0.999854564666748 -0.0152922747656703 
vn 0.0018881993601098657 0.9917024970054626 -0.12854042649269104 
vn -0.003776365192607045 0.9977003335952759 -0.06767380982637405 
vn -1.0339156559981827e-13 0.9998067021369934 -0.01966099627315998 
vn -0.08295149356126785 0.996263861656189 -0.024029340595006943 
vn -0.10175357013940811 0.9921983480453491 -0.07203252613544464 
vn 0.003776365192607045 0.9977003335952759 -0.06767380982637405 
vn -0.003775948192924261 0.992782473564148 -0.11986933648586273 
vn -0.013217012397944927 0.9916161894798279 -0.12854042649269104 
vn -0.011321541853249073 0.9921918511390686 -0.1242060661315918 
vn -0.003776365192607045 0.9977003335952759 -0.06767380982637405 
vn -1.0339156559981827e-13 0.9998067021369934 -0.01966099627315998 
vn -1.0339156559981827e-13 0.9998067021369934 -0.01966099627315998 
vn 0.007550950627774 0.999854564666748 -0.0152922747656703 
vn -1.0339945994688668e-13 0.9998830556869507 -0.0152922747656703 
vn -1.0340933296291988e-13 0.9999785423278809 0.006554040592163801 
vn -0.007551383227109909 0.9999118447303772 -0.010923261754214764 
vn -0.0547393336892128 0.9927676320075989 -0.10684575140476227 
vn -0.12234408408403397 0.9907353520393372 -0.058952588587999344 
vn -0.0377483032643795 0.9992275834083557 0.010923261754214764 
vn -0.06224479153752327 0.9965668320655823 0.05459024757146835 
vn -0.2685004770755768 0.9631581902503967 -0.0152922747656703 
vn -0.2349865585565567 0.6376412510871887 -0.7336177229881287 
vn -0.22231929004192352 0.6353520750999451 -0.7395281791687012 
vn -0.4694812595844269 0.6371850967407227 -0.6112139225006104 
vn 0.2476886659860611 0.6498215198516846 -0.7185974717140198 
vn 0.2476886659860611 0.6498215198516846 -0.7185974717140198 
vn 0.19359047710895538 0.6446865797042847 -0.7395281791687012 
vn 0.19746451079845428 0.6468830704689026 -0.736579954624176 
vn -0.998940646648407 -0.0037765095476061106 0.04586252197623253 
vn -0.998940646648407 -0.0037765095476061106 0.04586252197623253 
vn -0.998940646648407 -0.0037765095476061106 0.04586252197623253 
vn -0.998940646648407 -0.0037765095476061106 0.04586252197623253 
vn -0.998940646648407 -0.0037765095476061106 0.04586252197623253 
vn -0.998940646648407 -0.0037765095476061106 0.04586252197623253 
vn -0.011346711777150631 -0.5561354756355286 -0.8310141563415527 
vn -0.009458054788410664 -0.2250598818063736 -0.9742990136146545 
vn -0.011346711777150631 -0.5561354756355286 -0.8310141563415527 
vn -0.01701328717172146 -0.22461511194705963 -0.9742990136146545 
vn 0.14508548378944397 -0.05907199904322624 -0.9876541495323181 
vn -0.09575556218624115 0.46807244420051575 -0.8784868121147156 
vn -0.16800980269908905 -0.059361640363931656 -0.9839963912963867 
vn -0.1772889792919159 -0.4477808177471161 -0.8763908743858337 
vn -0.30227553844451904 -0.3236580789089203 -0.8965907096862793 
vn -0.2750542163848877 -0.6072484254837036 -0.7453821301460266 
vn -0.23869705200195312 -0.2733747065067291 -0.931820809841156 
vn -0.19799086451530457 -0.5237001180648804 -0.8285757899284363 
vn -0.13966485857963562 -0.2620457112789154 -0.9548956751823425 
vn -0.13631342351436615 -0.5050791501998901 -0.8522403836250305 
vn -0.04509785398840904 -0.25092780590057373 -0.9669547080993652 
vn -0.07707711309194565 -0.46370941400527954 -0.882628321647644 
vn 0.3283613622188568 -0.6165745258331299 -0.715552031993866 
vn 0.3476060926914215 -0.30484235286712646 -0.8867024183273315 
vn 0.34257182478904724 0.3104889988899231 -0.8867024183273315 
vn -0.03960786759853363 0.2561263144016266 -0.9658315181732178 
vn 0.32633844017982483 0.6105362772941589 -0.7216291427612305 
vn -0.05654428154230118 0.489793598651886 -0.8700028657913208 
vn -0.1483655869960785 0.26202183961868286 -0.953589141368866 
vn -0.1492035835981369 0.5130200982093811 -0.8453097939491272 
vn -0.23869705200195312 0.2733747065067291 -0.931820809841156 
vn -0.2750245928764343 0.31109651923179626 -0.9097144603729248 
vn 0.005669392179697752 0.595507800579071 -0.8033295273780823 
vn 0.07334887236356735 0.46431371569633484 -0.882628321647644 
vn 0.13531777262687683 0.7770935893058777 -0.6146662831306458 
vn -0.20245255529880524 0.6108561754226685 -0.7654199600219727 
vn -0.1998170018196106 0.5268741250038147 -0.8261215686798096 
vn 0.10916195064783096 0.6868051886558533 -0.7185974717140198 
vn -0.12584741413593292 0.6871300935745239 -0.715552031993866 
vn -0.15394394099712372 0.776349663734436 -0.6112139225006104 
vn -0.0264443326741457 0.5984551906585693 -0.8007197380065918 
vn 0.18089623749256134 0.6105844974517822 -0.7710143327713013 
vn 0.2514657974243164 0.3101341426372528 -0.916832447052002 
vn 0.18193195760250092 0.5256578922271729 -0.8310141563415527 
vn 0.2160949558019638 0.2761789858341217 -0.9364978075027466 
vn 0.1290917545557022 0.5146340131759644 -0.8476362228393555 
vn 0.12423929572105408 0.2604731023311615 -0.9574540853500366 
vn 0.035843655467033386 0.48792582750320435 -0.872148871421814 
vn 0.015103289857506752 0.2545004189014435 -0.9669547080993652 
vn -0.34207162261009216 0.6126506924629211 -0.7124928832054138 
vn -0.3640933930873871 0.3093492388725281 -0.8784868121147156 
vn 0.022689945995807648 -0.2496919333934784 -0.9680594801902771 
vn -0.3640933930873871 -0.3093492388725281 -0.8784868121147156 
vn -0.3451843559741974 -0.6180130243301392 -0.7063339352607727 
vn 0.05850677192211151 -0.4625248610973358 -0.8846737742424011 
vn 0.11422423273324966 -0.5028734803199768 -0.8567795157432556 
vn 0.11737833172082901 -0.26363605260849 -0.9574540853500366 
vn 0.21693141758441925 -0.27029094099998474 -0.9380210638046265 
vn 0.28124961256980896 -0.32667988538742065 -0.9023185968399048 
vn 0.1593264639377594 -0.4463391900062561 -0.8805659413337708 
vn 0.25913742184638977 -0.6071059107780457 -0.7511792182922363 
vn 0.1836642175912857 -0.5212011933326721 -0.8334367275238037 
vn -0.3640933930873871 0.3093492388725281 -0.8784868121147156 
vn -0.3640933930873871 -0.3093492388725281 -0.8784868121147156 
vn -0.8866072297096252 0.30395251512527466 -0.34862664341926575 
vn -0.8872398138046265 -0.31131619215011597 -0.34042292833328247 
vn -0.9476797580718994 0.31903570890426636 -0.010923261754214764 
vn -0.9397604465484619 -0.3402598798274994 0.03276457265019417 
vn -0.8861191868782043 0.3144916594028473 0.34042292833328247 
vn -0.7773616313934326 0.628200113773346 -0.03276457265019417 
vn -0.7243910431861877 0.623151957988739 0.2948545813560486 
vn -0.33502909541130066 0.6305441856384277 0.7001210451126099 
vn -0.3479836583137512 0.31602954864501953 0.882628321647644 
vn -0.8709063529968262 -0.30003228783607483 0.3892335295677185 
vn -0.33491507172584534 -0.289753258228302 0.8965907096862793 
vn -0.693821132183075 -0.608464777469635 0.3852050006389618 
vn -0.3113401532173157 -0.5894681811332703 0.7453821301460266 
vn -0.34207162261009216 0.6126506924629211 -0.7124928832054138 
vn -0.7163034081459045 0.6136424541473389 -0.33219319581985474 
vn -0.7786539196968079 -0.6254401206970215 0.05022686347365379 
vn -0.718752920627594 -0.6173503398895264 -0.3198012113571167 
vn -0.3451843559741974 -0.6180130243301392 -0.7063339352607727 
vn 0.007532867137342691 -0.5706399083137512 0.8211658596992493 
vn 0.0074925050139427185 -0.23364390432834625 0.9722933769226074 
vn 0.18911594152450562 -0.45533525943756104 0.8700028657913208 
vn 0.232913076877594 -0.06661341339349747 0.9702134728431702 
vn 0.103016696870327 0.5649567246437073 0.8186644315719604 
vn 0.007532867137342691 -0.5706399083137512 0.8211658596992493 
vn 0.022446727380156517 -0.23268380761146545 0.9722933769226074 
vn -0.1677931249141693 -0.45550310611724854 0.87427818775177 
vn -0.20959538221359253 -0.0700746700167656 0.9752739667892456 
vn -0.3583782911300659 -0.22502514719963074 0.9060511589050293 
vn -0.3121677041053772 -0.4904918670654297 0.8136147856712341 
vn -0.20940566062927246 -0.4379347860813141 0.87427818775177 
vn -0.20231986045837402 -0.21160998940467834 0.9561840295791626 
vn -0.07304807007312775 -0.4407612383365631 0.8946471214294434 
vn -0.04666376858949661 -0.23339086771011353 0.9712626934051514 
vn 0.011294148862361908 -0.5919113159179688 0.8059239983558655 
vn 0.011277965269982815 -0.3133816421031952 0.949560284614563 
vn 0.3631421625614166 -0.28615841269493103 0.8867024183273315 
vn 0.333293080329895 -0.584819495677948 0.7395281791687012 
vn 0.01126154325902462 0.3463951647281647 0.9380210638046265 
vn -0.059546809643507004 0.2608916163444519 0.9635298252105713 
vn -0.17577701807022095 0.3495355248451233 0.9202865362167358 
vn -0.2032604217529297 0.40223878622055054 0.8926864862442017 
vn 0.005658327601850033 0.6567854285240173 0.7540562748908997 
vn 0.37153172492980957 0.31830888986587524 0.872148871421814 
vn 0.3517378866672516 0.6318320631980896 0.6907016038894653 
vn -0.23415115475654602 0.6206759214401245 0.7482877969741821 
vn -0.34506720304489136 0.3304384648799896 0.8784868121147156 
vn -0.09001948684453964 0.5635451674461365 0.8211658596992493 
vn 0.09519696980714798 0.4484694302082062 0.888714075088501 
vn 0.12378928810358047 0.6779106259346008 0.7246471047401428 
vn -0.10507259517908096 0.6778520941734314 0.7276512384414673 
vn -0.07687363028526306 0.4480271339416504 0.8907088041305542 
vn 0.09779912233352661 0.7717524170875549 0.6283578276634216 
vn -0.08281542360782623 0.7735037803649902 0.6283578276634216 
vn 0.3610623776912689 0.33575138449668884 0.8700028657913208 
vn 0.2537393867969513 0.6199727058410645 0.7424622178077698 
vn 0.20272143185138702 0.3486175537109375 0.9150791168212891 
vn 0.15494677424430847 0.6280378103256226 0.762600839138031 
vn 0.0796888917684555 0.25986436009407043 0.962351381778717 
vn 0.2268117517232895 0.40288370847702026 0.8867024183273315 
vn 0.005658327601850033 0.6567854285240173 0.7540562748908997 
vn 0.01126154325902462 0.3463951647281647 0.9380210638046265 
vn -0.3479836583137512 0.31602954864501953 0.882628321647644 
vn 0.011277965269982815 -0.3133816421031952 0.949560284614563 
vn -0.33491507172584534 -0.289753258228302 0.8965907096862793 
vn 0.011294148862361908 -0.5919113159179688 0.8059239983558655 
vn -0.3113401532173157 -0.5894681811332703 0.7453821301460266 
vn -0.33502909541130066 0.6305441856384277 0.7001210451126099 
vn 0.07042691856622696 -0.23621314764022827 0.9691457152366638 
vn 0.22597727179527283 -0.21138297021389008 0.9509214162826538 
vn 0.3790661692619324 -0.22898449003696442 0.8965907096862793 
vn 0.33495810627937317 -0.49240708351135254 0.8033295273780823 
vn 0.2300281673669815 -0.43609869480133057 0.8700028657913208 
vn 0.09713609516620636 -0.44008567929267883 0.8926864862442017 
vn 0.7121769785881042 -0.6161969900131226 -0.3363112509250641 
vn 0.7820835709571838 -0.6223116517066956 0.03276457265019417 
vn 0.881692111492157 -0.3039458990097046 -0.36088213324546814 
vn 0.940209150314331 -0.3404223620891571 0.010923261754214764 
vn 0.9447922706604004 0.32602766156196594 -0.03276457265019417 
vn 0.333293080329895 -0.584819495677948 0.7395281791687012 
vn 0.7071055769920349 -0.603181004524231 0.3690181374549866 
vn 0.3631421625614166 -0.28615841269493103 0.8867024183273315 
vn 0.8824970126152039 -0.29666122794151306 0.3649536371231079 
vn 0.37153172492980957 0.31830888986587524 0.872148871421814 
vn 0.8924752473831177 0.31814321875572205 0.3198012113571167 
vn 0.3517378866672516 0.6318320631980896 0.6907016038894653 
vn 0.7254853844642639 0.6295441389083862 0.2781098484992981 
vn 0.7761058807373047 0.6282352805137634 -0.05459024757146835 
vn 0.8757857084274292 0.3111671805381775 -0.3690181374549866 
vn 0.706534206867218 0.6158481240272522 -0.34862664341926575 
vn 0.32633844017982483 0.6105362772941589 -0.7216291427612305 
vn 0.34257182478904724 0.3104889988899231 -0.8867024183273315 
vn 0.3476060926914215 -0.30484235286712646 -0.8867024183273315 
vn 0.3283613622188568 -0.6165745258331299 -0.715552031993866 
vn -1.0340933296291988e-13 0.9999785423278809 0.006554040592163801 
vn -1.0340933296291988e-13 0.9999785423278809 0.006554040592163801 
vn -1.0341130485562108e-13 0.999997615814209 0.002184694167226553 
vn -0.007551815826445818 0.9999691247940063 -0.002184694167226553 
vn -0.007550373673439026 0.9997782111167908 -0.01966099627315998 
vn -0.007551383227109909 0.9999118447303772 -0.010923261754214764 
vn -1.0340933296291988e-13 0.9999785423278809 0.006554040592163801 
vn -1.0340933296291988e-13 0.9999785423278809 0.006554040592163801 
vn -1.0340933296291988e-13 0.9999785423278809 0.006554040592163801 
vn -0.011346711777150631 -0.5561354756355286 -0.8310141563415527 
vn 0.14508548378944397 -0.05907199904322624 -0.9876541495323181 
vn -0.01701328717172146 -0.22461511194705963 -0.9742990136146545 
vn -0.09575556218624115 0.46807244420051575 -0.8784868121147156 
vn 0.07334887236356735 0.46431371569633484 -0.882628321647644 
vn -0.011346711777150631 -0.5561354756355286 -0.8310141563415527 
vn 0.1593264639377594 -0.4463391900062561 -0.8805659413337708 
vn 0.28124961256980896 -0.32667988538742065 -0.9023185968399048 
vn 0.25913742184638977 -0.6071059107780457 -0.7511792182922363 
vn 0.21693141758441925 -0.27029094099998474 -0.9380210638046265 
vn 0.18193195760250092 -0.5256578922271729 -0.8310141563415527 
vn 0.11737833172082901 -0.26363605260849 -0.9574540853500366 
vn 0.11422423273324966 -0.5028734803199768 -0.8567795157432556 
vn 0.022689945995807648 -0.2496919333934784 -0.9680594801902771 
vn 0.05850677192211151 -0.4625248610973358 -0.8846737742424011 
vn -0.3451843559741974 -0.6180130243301392 -0.7063339352607727 
vn -0.3640933930873871 -0.3093492388725281 -0.8784868121147156 
vn -0.3640933930873871 0.3093492388725281 -0.8784868121147156 
vn 0.015103289857506752 0.2545004189014435 -0.9669547080993652 
vn -0.34207162261009216 0.6126506924629211 -0.7124928832054138 
vn 0.035843655467033386 0.48792582750320435 -0.872148871421814 
vn 0.12423929572105408 0.2604731023311615 -0.9574540853500366 
vn 0.13088060915470123 0.5103541612625122 -0.8499464392662048 
vn 0.2160949558019638 0.2761789858341217 -0.9364978075027466 
vn 0.2514657974243164 0.3101341426372528 -0.916832447052002 
vn 0.18193195760250092 0.5256578922271729 -0.8310141563415527 
vn 0.17904028296470642 0.61463463306427 -0.7682244777679443 
vn -0.0264443326741457 0.5984551906585693 -0.8007197380065918 
vn -0.1577063500881195 0.7783114910125732 -0.607749879360199 
vn -0.12584741413593292 0.6871300935745239 -0.715552031993866 
vn 0.10916195064783096 0.6868051886558533 -0.7185974717140198 
vn 0.1390901803970337 0.7791479229927063 -0.6112139225006104 
vn 0.0037789649795740843 0.5990272164344788 -0.8007197380065918 
vn -0.20245255529880524 0.6108561754226685 -0.7654199600219727 
vn -0.2750245928764343 0.31109651923179626 -0.9097144603729248 
vn -0.1998170018196106 0.5268741250038147 -0.8261215686798096 
vn -0.23869705200195312 0.2733747065067291 -0.931820809841156 
vn -0.1492035835981369 0.5130200982093811 -0.8453097939491272 
vn -0.14628487825393677 0.2584085166454315 -0.9548956751823425 
vn -0.05654428154230118 0.489793598651886 -0.8700028657913208 
vn -0.03960786759853363 0.2561263144016266 -0.9658315181732178 
vn 0.3196592330932617 0.6140596866607666 -0.7216291427612305 
vn 0.3379071056842804 0.30984845757484436 -0.888714075088501 
vn -0.04509785398840904 -0.25092780590057373 -0.9669547080993652 
vn 0.3476060926914215 -0.30484235286712646 -0.8867024183273315 
vn 0.3283613622188568 -0.6165745258331299 -0.715552031993866 
vn -0.07707711309194565 -0.46370941400527954 -0.882628321647644 
vn -0.13631342351436615 -0.5050791501998901 -0.8522403836250305 
vn -0.13966485857963562 -0.2620457112789154 -0.9548956751823425 
vn -0.23869705200195312 -0.2733747065067291 -0.931820809841156 
vn -0.19799086451530457 -0.5237001180648804 -0.8285757899284363 
vn -0.2767183780670166 -0.6100628972053528 -0.7424622178077698 
vn -0.3043450117111206 -0.3270788788795471 -0.8946471214294434 
vn -0.1772889792919159 -0.4477808177471161 -0.8763908743858337 
vn -0.16800980269908905 -0.059361640363931656 -0.9839963912963867 
vn -0.009458054788410664 -0.2250598818063736 -0.9742990136146545 
vn -0.3451843559741974 -0.6180130243301392 -0.7063339352607727 
vn -0.8872398138046265 -0.31131619215011597 -0.34042292833328247 
vn -0.3640933930873871 -0.3093492388725281 -0.8784868121147156 
vn -0.8866072297096252 0.30395251512527466 -0.34862664341926575 
vn -0.3640933930873871 0.3093492388725281 -0.8784868121147156 
vn -0.34207162261009216 0.6126506924629211 -0.7124928832054138 
vn -0.7163034081459045 0.6136424541473389 -0.33219319581985474 
vn -0.7820835709571838 0.6223116517066956 -0.03276457265019417 
vn -0.9476797580718994 0.31903570890426636 -0.010923261754214764 
vn -0.8861191868782043 0.3144916594028473 0.34042292833328247 
vn -0.9397604465484619 -0.3402598798274994 0.03276457265019417 
vn -0.8709063529968262 -0.30003228783607483 0.3892335295677185 
vn -0.3500843644142151 0.31944409012794495 0.8805659413337708 
vn -0.33491507172584534 -0.289753258228302 0.8965907096862793 
vn -0.693821132183075 -0.608464777469635 0.3852050006389618 
vn -0.3113401532173157 -0.5894681811332703 0.7453821301460266 
vn -0.7786539196968079 -0.6254401206970215 0.05022686347365379 
vn -0.7194496989250183 0.6288504600524902 0.2948545813560486 
vn -0.33657306432724 0.6331802010536194 0.6969945430755615 
vn -0.718752920627594 -0.6173503398895264 -0.3198012113571167 
vn 0.33495810627937317 -0.49240708351135254 0.8033295273780823 
vn 0.3790661692619324 -0.22898449003696442 0.8965907096862793 
vn 0.18911594152450562 -0.45533525943756104 0.8700028657913208 
vn 0.232913076877594 -0.06661341339349747 0.9702134728431702 
vn 0.0074925050139427185 -0.23364390432834625 0.9722933769226074 
vn 0.103016696870327 0.5649567246437073 0.8186644315719604 
vn 0.2300281673669815 -0.43609869480133057 0.8700028657913208 
vn 0.22597727179527283 -0.21138297021389008 0.9509214162826538 
vn 0.19618678092956543 0.3523363769054413 0.9150791168212891 
vn 0.07956022769212723 0.26429542899131775 0.961154580116272 
vn 0.07042691856622696 -0.23621314764022827 0.9691457152366638 
vn 0.01126154325902462 0.3463951647281647 0.9380210638046265 
vn 0.011277965269982815 -0.3133816421031952 0.949560284614563 
vn 0.011294148862361908 -0.5919113159179688 0.8059239983558655 
vn -0.33491507172584534 -0.289753258228302 0.8965907096862793 
vn -0.3113401532173157 -0.5894681811332703 0.7453821301460266 
vn 0.09713609516620636 -0.44008567929267883 0.8926864862442017 
vn -0.3500843644142151 0.31944409012794495 0.8805659413337708 
vn 0.005658327601850033 0.6567854285240173 0.7540562748908997 
vn 0.22022397816181183 0.40652215480804443 0.8867024183273315 
vn 0.15494677424430847 0.6280378103256226 0.762600839138031 
vn 0.2537393867969513 0.6199727058410645 0.7424622178077698 
vn 0.3610623776912689 0.33575138449668884 0.8700028657913208 
vn -0.08660298585891724 0.7758440375328064 0.6249527335166931 
vn -0.10507259517908096 0.6778520941734314 0.7276512384414673 
vn -0.07672901451587677 0.45199552178382874 0.888714075088501 
vn 0.12378928810358047 0.6779106259346008 0.7246471047401428 
vn 0.09342515468597412 0.4528030455112457 0.8867024183273315 
vn -0.09001948684453964 0.5635451674461365 0.8211658596992493 
vn 0.09409847110509872 0.7749706506729126 0.6249527335166931 
vn -0.34506720304489136 0.3304384648799896 0.8784868121147156 
vn -0.23415115475654602 0.6206759214401245 0.7482877969741821 
vn -0.17577701807022095 0.3495355248451233 0.9202865362167358 
vn -0.3583782911300659 -0.22502514719963074 0.9060511589050293 
vn -0.20231986045837402 -0.21160998940467834 0.9561840295791626 
vn -0.2025866061449051 -0.44113069772720337 0.87427818775177 
vn -0.07304807007312775 -0.4407612383365631 0.8946471214294434 
vn -0.046571310609579086 -0.23773296177387238 0.9702134728431702 
vn -0.059546809643507004 0.2608916163444519 0.9635298252105713 
vn -0.33657306432724 0.6331802010536194 0.6969945430755615 
vn -0.31394243240356445 -0.49356967210769653 0.8110666871070862 
vn 0.011294148862361908 -0.5919113159179688 0.8059239983558655 
vn 0.011277965269982815 -0.3133816421031952 0.949560284614563 
vn 0.01126154325902462 0.3463951647281647 0.9380210638046265 
vn 0.005658327601850033 0.6567854285240173 0.7540562748908997 
vn -0.2032604217529297 0.40223878622055054 0.8926864862442017 
vn 0.3631421625614166 -0.28615841269493103 0.8867024183273315 
vn 0.333293080329895 -0.584819495677948 0.7395281791687012 
vn 0.37153172492980957 0.31830888986587524 0.872148871421814 
vn 0.35542944073677063 0.633217990398407 0.6875353455543518 
vn -0.1677931249141693 -0.45550310611724854 0.87427818775177 
vn -0.20959538221359253 -0.0700746700167656 0.9752739667892456 
vn 0.022446727380156517 -0.23268380761146545 0.9722933769226074 
vn 0.007532867137342691 -0.5706399083137512 0.8211658596992493 
vn 0.007532867137342691 -0.5706399083137512 0.8211658596992493 
vn 0.7121769785881042 -0.6161969900131226 -0.3363112509250641 
vn 0.881692111492157 -0.3039458990097046 -0.36088213324546814 
vn 0.7820835709571838 -0.6223116517066956 0.03276457265019417 
vn 0.940209150314331 -0.3404223620891571 0.010923261754214764 
vn 0.9447922706604004 0.32602766156196594 -0.03276457265019417 
vn 0.8757857084274292 0.3111671805381775 -0.3690181374549866 
vn 0.3476060926914215 -0.30484235286712646 -0.8867024183273315 
vn 0.3379071056842804 0.30984845757484436 -0.888714075088501 
vn 0.3196592330932617 0.6140596866607666 -0.7216291427612305 
vn 0.706534206867218 0.6158481240272522 -0.34862664341926575 
vn 0.7761058807373047 0.6282352805137634 -0.05459024757146835 
vn 0.8924752473831177 0.31814321875572205 0.3198012113571167 
vn 0.8824970126152039 -0.29666122794151306 0.3649536371231079 
vn 0.7071055769920349 -0.603181004524231 0.3690181374549866 
vn 0.3631421625614166 -0.28615841269493103 0.8867024183273315 
vn 0.37153172492980957 0.31830888986587524 0.872148871421814 
vn 0.35542944073677063 0.633217990398407 0.6875353455543518 
vn 0.7254853844642639 0.6295441389083862 0.2781098484992981 
vn 0.3283613622188568 -0.6165745258331299 -0.715552031993866 
vn 0.333293080329895 -0.584819495677948 0.7395281791687012 
vn 0.011351687833666801 -0.006553899962455034 0.9999141097068787 
vn 0.011351687833666801 -0.006553899962455034 0.9999141097068787 
vn 0.20806242525577545 -0.0074734678491950035 0.9780870079994202 
vn 0.20806242525577545 -0.0074734678491950035 0.9780870079994202 
vn 0.39519068598747253 -0.007525322493165731 0.9185682535171509 
vn 0.39519068598747253 -0.007525322493165731 0.9185682535171509 
vn 0.5670461654663086 -0.007532908581197262 0.8236515522003174 
vn 0.5670461654663086 -0.007532908581197262 0.8236515522003174 
vn 0.5670461654663086 -0.007532908581197262 0.8236515522003174 
vn 0.5670461654663086 -0.007532908581197262 0.8236515522003174 
vn 0.7170368432998657 -0.007534182630479336 0.6969945430755615 
vn 0.7170368432998657 -0.007534182630479336 0.6969945430755615 
vn 0.8370406627655029 0 0.5471406579017639 
vn 0.8370406627655029 0 0.5471406579017639 
vn 0.9278009533882141 0 0.37307560443878174 
vn 0.9278009533882141 0 0.37307560443878174 
vn 0.9828073978424072 0 0.18463370203971863 
vn 0.9828073978424072 0 0.18463370203971863 
vn 0.9999403357505798 0 -0.010923261754214764 
vn 0.9999403357505798 0 -0.010923261754214764 
vn 0.9785395264625549 0 -0.2060592919588089 
vn 0.9785395264625549 0 -0.2060592919588089 
vn 0.9193986058235168 0.0075514791533350945 -0.3932546079158783 
vn 0.9193986058235168 0.0075514791533350945 -0.3932546079158783 
vn 0.8248538970947266 0.007555182091891766 -0.5652954578399658 
vn 0.8248538970947266 0.007555182091891766 -0.5652954578399658 
vn 0.6985186338424683 0.0075543769635260105 -0.715552031993866 
vn 0.6985186338424683 0.0075543769635260105 -0.715552031993866 
vn 0.5452582240104675 0.007563307415693998 -0.838234007358551 
vn 0.5452582240104675 0.007563307415693998 -0.838234007358551 
vn 0.5452582240104675 0.007563307415693998 -0.838234007358551 
vn 0.5452582240104675 0.007563307415693998 -0.838234007358551 
vn 0.37097057700157166 0.00756883155554533 -0.9286137819290161 
vn 0.37097057700157166 0.00756883155554533 -0.9286137819290161 
vn 0.18232817947864532 0.007591147907078266 -0.983208417892456 
vn 0.18232817947864532 0.007591147907078266 -0.983208417892456 
vn -0.0106044327840209 0.007704571355134249 -0.9999141097068787 
vn -0.0106044327840209 0.007704571355134249 -0.9999141097068787 
vn -0.20816227793693542 0.0037805375177413225 -0.9780870079994202 
vn -0.20816227793693542 0.0037805375177413225 -0.9780870079994202 
vn -0.3951898217201233 0.007571203168481588 -0.9185682535171509 
vn -0.3951898217201233 0.007571203168481588 -0.9185682535171509 
vn -0.5670835971832275 0.003782531013712287 -0.8236515522003174 
vn -0.5670835971832275 0.003782531013712287 -0.8236515522003174 
vn -0.5670835971832275 0.003782531013712287 -0.8236515522003174 
vn -0.5670835971832275 0.003782531013712287 -0.8236515522003174 
vn -0.7170366048812866 0.0075594643130898476 -0.6969945430755615 
vn -0.7170366048812866 0.0075594643130898476 -0.6969945430755615 
vn -0.8370406627655029 -1.7311935847537374e-13 -0.5471406579017639 
vn -0.8370406627655029 -1.7311935847537374e-13 -0.5471406579017639 
vn -0.9278009533882141 -1.914786417530484e-13 -0.37307560443878174 
vn -0.9278009533882141 -1.914786417530484e-13 -0.37307560443878174 
vn -0.9828073978424072 -2.0326728039470054e-13 -0.18463370203971863 
vn -0.9828073978424072 -2.0326728039470054e-13 -0.18463370203971863 
vn -0.9999403357505798 -2.0681076480250776e-13 0.010923261754214764 
vn -0.9999403357505798 -2.0681076480250776e-13 0.010923261754214764 
vn -0.9785322546958923 -0.00377198145724833 0.2060592919588089 
vn -0.9785322546958923 -0.00377198145724833 0.2060592919588089 
vn -0.9193986654281616 -0.00754162110388279 0.3932546079158783 
vn -0.9193986654281616 -0.00754162110388279 0.3932546079158783 
vn -0.8248798847198486 -0.003772132098674774 0.5652954578399658 
vn -0.8248798847198486 -0.003772132098674774 0.5652954578399658 
s on 
f 1//1 2//2 3//3 
f 2//2 3//3 3//3 
f 3//3 3//3 4//4 
f 3//3 4//4 4//4 
f 4//4 4//4 5//5 
f 4//4 6//6 5//5 
f 5//5 6//6 7//7 
f 6//6 7//7 7//7 
f 7//7 7//7 8//8 
f 7//7 8//8 8//8 
f 8//8 8//8 9//9 
f 8//8 10//10 9//9 
f 9//9 10//10 11//11 
f 10//10 11//11 11//11 
f 11//11 11//11 12//12 
f 11//11 12//12 12//12 
f 12//12 12//12 13//13 
f 12//12 14//14 13//13 
f 13//13 14//14 15//15 
f 14//14 16//16 15//15 
f 15//15 16//16 15//15 
f 16//16 17//17 15//15 
f 15//15 17//17 13//13 
f 17//17 13//13 13//13 
f 13//13 13//13 13//13 
f 13//13 13//13 13//13 
f 13//13 13//13 12//12 
f 13//13 18//18 12//12 
f 12//12 18//18 19//19 
f 18//18 20//20 19//19 
f 19//19 20//20 21//21 
f 20//20 22//22 21//21 
f 21//21 22//22 23//23 
f 22//22 24//24 23//23 
f 23//23 24//24 25//25 
f 24//24 26//26 25//25 
f 25//25 26//26 27//27 
f 26//26 26//26 27//27 
f 27//27 26//26 28//28 
f 26//26 26//26 28//28 
f 28//28 26//26 29//29 
f 26//26 26//26 29//29 
f 29//29 26//26 30//30 
f 26//26 31//31 30//30 
f 30//30 31//31 32//32 
f 31//31 31//31 32//32 
f 32//32 31//31 33//33 
f 31//31 34//34 33//33 
f 33//33 34//34 35//35 
f 34//34 35//35 35//35 
f 35//35 35//35 31//31 
f 35//35 31//31 31//31 
f 31//31 31//31 34//34 
f 31//31 26//26 34//34 
f 34//34 26//26 24//24 
f 26//26 24//24 24//24 
f 24//24 24//24 24//24 
f 24//24 24//24 24//24 
f 24//24 24//24 36//36 
f 24//24 22//22 36//36 
f 36//36 22//22 37//37 
f 22//22 20//20 37//37 
f 37//37 20//20 37//37 
f 20//20 18//18 37//37 
f 37//37 18//18 38//38 
f 18//18 39//39 38//38 
f 38//38 39//39 38//38 
f 39//39 40//40 38//38 
f 38//38 40//40 38//38 
f 40//40 41//41 38//38 
f 38//38 41//41 37//37 
f 41//41 42//42 37//37 
f 37//37 42//42 36//36 
f 42//42 35//35 36//36 
f 36//36 35//35 35//35 
f 35//35 18//18 35//35 
f 35//35 18//18 18//18 
f 18//18 13//13 18//18 
f 18//18 13//13 39//39 
f 13//13 17//17 39//39 
f 39//39 17//17 43//43 
f 17//17 17//17 43//43 
f 43//43 17//17 44//44 
f 17//17 17//17 44//44 
f 44//44 17//17 45//45 
f 17//17 46//46 45//45 
f 45//45 46//46 47//47 
f 46//46 48//48 47//47 
f 47//47 48//48 49//49 
f 48//48 50//50 49//49 
f 49//49 50//50 51//51 
f 50//50 52//52 51//51 
f 51//51 52//52 53//53 
f 52//52 54//54 53//53 
f 53//53 54//54 55//55 
f 54//54 54//54 55//55 
f 55//55 54//54 56//56 
f 54//54 57//57 56//56 
f 56//56 57//57 58//58 
f 57//57 57//57 58//58 
f 58//58 57//57 59//59 
f 57//57 57//57 59//59 
f 59//59 57//57 60//60 
f 57//57 57//57 60//60 
f 60//60 57//57 61//61 
f 57//57 57//57 61//61 
f 61//61 57//57 62//62 
f 57//57 52//52 62//62 
f 62//62 52//52 62//62 
f 52//52 50//50 62//62 
f 62//62 50//50 63//63 
f 50//50 48//48 63//63 
f 63//63 48//48 64//64 
f 48//48 16//16 64//64 
f 64//64 16//16 65//65 
f 16//16 14//14 65//65 
f 65//65 14//14 14//14 
f 14//14 39//39 14//14 
f 14//14 39//39 39//39 
f 39//39 43//43 39//39 
f 39//39 43//43 40//40 
f 43//43 40//40 40//40 
f 40//40 40//40 17//17 
f 40//40 17//17 17//17 
f 17//17 17//17 46//46 
f 17//17 16//16 46//46 
f 46//46 16//16 48//48 
f 16//16 48//48 48//48 
f 48//48 48//48 57//57 
f 48//48 57//57 57//57 
f 57//57 57//57 52//52 
f 57//57 54//54 52//52 
f 52//52 54//54 54//54 
f 54//54 65//65 54//54 
f 54//54 65//65 65//65 
f 65//65 66//66 65//65 
f 65//65 66//66 64//64 
f 66//66 66//66 64//64 
f 64//64 66//66 63//63 
f 66//66 67//67 63//63 
f 63//63 67//67 62//62 
f 67//67 61//61 62//62 
f 62//62 61//61 61//61 
f 61//61 68//68 61//61 
f 61//61 68//68 68//68 
f 68//68 69//69 68//68 
f 68//68 69//69 70//70 
f 69//69 71//71 70//70 
f 70//70 71//71 72//72 
f 71//71 73//73 72//72 
f 72//72 73//73 72//72 
f 73//73 74//74 72//72 
f 72//72 74//74 75//75 
f 74//74 74//74 75//75 
f 75//75 74//74 76//76 
f 74//74 74//74 76//76 
f 76//76 74//74 77//77 
f 74//74 74//74 77//77 
f 77//77 74//74 78//78 
f 74//74 79//79 78//78 
f 78//78 79//79 80//80 
f 79//79 81//81 80//80 
f 80//80 81//81 82//82 
f 81//81 82//82 82//82 
f 82//82 82//82 68//68 
f 82//82 68//68 68//68 
f 68//68 68//68 83//83 
f 68//68 70//70 83//83 
f 83//83 70//70 84//84 
f 70//70 70//70 84//84 
f 84//84 70//70 75//75 
f 70//70 72//72 75//75 
f 75//75 72//72 72//72 
f 72//72 74//74 72//72 
f 72//72 74//74 74//74 
f 74//74 73//73 74//74 
f 74//74 73//73 79//79 
f 73//73 85//85 79//79 
f 79//79 85//85 81//81 
f 85//85 81//81 81//81 
f 81//81 81//81 73//73 
f 81//81 73//73 73//73 
f 73//73 73//73 85//85 
f 73//73 71//71 85//85 
f 85//85 71//71 86//86 
f 71//71 71//71 86//86 
f 86//86 71//71 87//87 
f 71//71 69//69 87//87 
f 87//87 69//69 69//69 
f 69//69 88//88 69//69 
f 69//69 88//88 88//88 
f 88//88 89//89 88//88 
f 88//88 89//89 90//90 
f 89//89 89//89 90//90 
f 90//90 89//89 91//91 
f 89//89 92//92 91//91 
f 91//91 92//92 92//92 
f 92//92 88//88 92//92 
f 92//92 88//88 88//88 
f 88//88 93//93 88//88 
f 88//88 93//93 89//89 
f 93//93 93//93 89//89 
f 89//89 93//93 94//94 
f 93//93 95//95 94//94 
f 94//94 95//95 96//96 
f 95//95 95//95 96//96 
f 96//96 95//95 97//97 
f 95//95 98//98 97//97 
f 97//97 98//98 97//97 
f 98//98 99//99 97//97 
f 97//97 99//99 100//100 
f 99//99 101//101 100//100 
f 100//100 101//101 102//102 
f 101//101 103//103 102//102 
f 102//102 103//103 104//104 
f 103//103 103//103 104//104 
f 104//104 103//103 105//105 
f 103//103 106//106 105//105 
f 105//105 106//106 106//106 
f 106//106 104//104 106//106 
f 106//106 104//104 104//104 
f 104//104 107//107 104//104 
f 104//104 107//107 102//102 
f 107//107 108//108 102//102 
f 102//102 108//108 100//100 
f 108//108 109//109 100//100 
f 100//100 109//109 109//109 
f 109//109 110//110 109//109 
f 109//109 110//110 110//110 
f 110//110 108//108 110//110 
f 110//110 108//108 111//111 
f 108//108 107//107 111//111 
f 111//111 107//107 111//111 
f 107//107 112//112 111//111 
f 111//111 112//112 113//113 
f 112//112 113//113 113//113 
f 113//113 113//113 114//114 
f 113//113 114//114 114//114 
f 114//114 114//114 109//109 
f 114//114 115//115 109//109 
f 109//109 115//115 97//97 
f 115//115 116//116 97//97 
f 97//97 116//116 96//96 
f 116//116 116//116 96//96 
f 96//96 116//116 94//94 
f 116//116 116//116 94//94 
f 94//94 116//116 117//117 
f 116//116 118//118 117//117 
f 117//117 118//118 117//117 
f 118//118 119//119 117//117 
f 117//117 119//119 120//120 
f 119//119 92//92 120//120 
f 120//120 92//92 120//120 
f 92//92 89//89 120//120 
f 120//120 89//89 117//117 
f 89//89 94//94 117//117 
f 117//117 94//94 94//94 
f 94//94 114//114 94//94 
f 94//94 114//114 114//114 
f 114//114 121//121 114//114 
f 114//114 121//121 115//115 
f 121//121 121//121 115//115 
f 115//115 121//121 116//116 
f 121//121 118//118 116//116 
f 116//116 118//118 118//118 
f 118//118 119//119 118//118 
f 118//118 119//119 119//119 
f 119//119 122//122 119//119 
f 119//119 122//122 92//92 
f 122//122 122//122 92//92 
f 92//92 122//122 123//123 
f 122//122 124//124 123//123 
f 123//123 124//124 125//125 
f 124//124 126//126 125//125 
f 125//125 126//126 127//127 
f 126//126 128//128 127//127 
f 127//127 128//128 127//127 
f 128//128 129//129 127//127 
f 127//127 129//129 130//130 
f 129//129 131//131 130//130 
f 130//130 131//131 132//132 
f 131//131 133//133 132//132 
f 132//132 133//133 134//134 
f 133//133 135//135 134//134 
f 134//134 135//135 135//135 
f 135//135 129//129 135//135 
f 135//135 129//129 129//129 
f 129//129 136//136 129//129 
f 129//129 136//136 131//131 
f 136//136 131//131 131//131 
f 131//131 131//131 134//134 
f 131//131 134//134 134//134 
f 134//134 134//134 132//132 
f 134//134 137//137 132//132 
f 132//132 137//137 130//130 
f 137//137 137//137 130//130 
f 130//130 137//137 127//127 
f 137//137 138//138 127//127 
f 127//127 138//138 125//125 
f 138//138 139//139 125//125 
f 125//125 139//139 123//123 
f 139//139 139//139 123//123 
f 123//123 139//139 92//92 
f 139//139 139//139 92//92 
f 92//92 139//139 91//91 
f 139//139 139//139 91//91 
f 91//91 139//139 90//90 
f 139//139 139//139 90//90 
f 90//90 139//139 140//140 
f 139//139 139//139 140//140 
f 140//140 139//139 141//141 
f 139//139 138//138 141//141 
f 141//141 138//138 142//142 
f 138//138 137//137 142//142 
f 142//142 137//137 134//134 
f 137//137 134//134 134//134 
f 134//134 134//134 143//143 
f 134//134 143//143 143//143 
f 143//143 143//143 144//144 
f 143//143 145//145 144//144 
f 144//144 145//145 146//146 
f 145//145 147//147 146//146 
f 146//146 147//147 147//147 
f 147//147 148//148 147//147 
f 147//147 148//148 148//148 
f 148//148 149//149 148//148 
f 148//148 149//149 150//150 
f 149//149 151//151 150//150 
f 150//150 151//151 152//152 
f 151//151 153//153 152//152 
f 152//152 153//153 154//154 
f 153//153 153//153 154//154 
f 154//154 153//153 155//155 
f 153//153 153//153 155//155 
f 155//155 153//153 156//156 
f 153//153 147//147 156//156 
f 156//156 147//147 156//156 
f 147//147 157//157 156//156 
f 156//156 157//157 158//158 
f 157//157 157//157 158//158 
f 158//158 157//157 159//159 
f 157//157 157//157 159//159 
f 159//159 157//157 160//160 
f 157//157 157//157 160//160 
f 160//160 157//157 161//161 
f 157//157 145//145 161//161 
f 161//161 145//145 162//162 
f 145//145 162//162 162//162 
f 162//162 162//162 149//149 
f 162//162 149//149 149//149 
f 149//149 149//149 151//151 
f 149//149 144//144 151//151 
f 151//151 144//144 151//151 
f 144//144 146//146 151//151 
f 151//151 146//146 153//153 
f 146//146 147//147 153//153 
f 153//153 147//147 147//147 
f 147//147 145//145 147//147 
f 147//147 145//145 145//145 
f 145//145 157//157 145//145 
f 145//145 157//157 147//147 
f 157//157 147//147 147//147 
f 147//147 147//147 163//163 
f 147//147 163//163 163//163 
f 163//163 163//163 164//164 
f 163//163 165//165 164//164 
f 164//164 165//165 166//166 
f 165//165 167//167 166//166 
f 166//166 167//167 167//167 
f 167//167 168//168 167//167 
f 167//167 168//168 168//168 
f 168//168 169//169 168//168 
f 168//168 169//169 170//170 
f 169//169 170//170 170//170 
f 170//170 170//170 171//171 
f 170//170 171//171 171//171 
f 171//171 171//171 172//172 
f 171//171 173//173 172//172 
f 172//172 173//173 173//173 
f 173//173 174//174 173//173 
f 173//173 174//174 174//174 
f 174//174 175//175 174//174 
f 174//174 175//175 176//176 
f 175//175 175//175 176//176 
f 176//176 175//175 177//177 
f 175//175 178//178 177//177 
f 177//177 178//178 179//179 
f 178//178 180//180 179//179 
f 179//179 180//180 181//181 
f 180//180 180//180 181//181 
f 181//181 180//180 182//182 
f 180//180 180//180 182//182 
f 182//182 180//180 183//183 
f 180//180 178//178 183//183 
f 183//183 178//178 184//184 
f 178//178 175//175 184//184 
f 184//184 175//175 185//185 
f 175//175 174//174 185//185 
f 185//185 174//174 186//186 
f 174//174 187//187 186//186 
f 186//186 187//187 187//187 
f 187//187 184//184 187//187 
f 187//187 184//184 184//184 
f 184//184 185//185 184//184 
f 184//184 185//185 188//188 
f 185//185 186//186 188//188 
f 188//188 186//186 189//189 
f 186//186 190//190 189//189 
f 189//189 190//190 189//189 
f 190//190 191//191 189//189 
f 189//189 191//191 189//189 
f 191//191 192//192 189//189 
f 189//189 192//192 188//188 
f 192//192 188//188 188//188 
f 188//188 188//188 190//190 
f 188//188 190//190 190//190 
f 190//190 190//190 193//193 
f 190//190 186//186 193//193 
f 193//193 186//186 194//194 
f 186//186 187//187 194//194 
f 194//194 187//187 194//194 
f 187//187 195//195 194//194 
f 194//194 195//195 196//196 
f 195//195 197//197 196//196 
f 196//196 197//197 196//196 
f 197//197 198//198 196//196 
f 196//196 198//198 194//194 
f 198//198 199//199 194//194 
f 194//194 199//199 194//194 
f 199//199 200//200 194//194 
f 194//194 200//200 201//201 
f 200//200 201//201 201//201 
f 201//201 201//201 193//193 
f 201//201 193//193 193//193 
f 193//193 193//193 202//202 
f 193//193 194//194 202//202 
f 202//202 194//194 194//194 
f 194//194 203//203 194//194 
f 194//194 203//203 203//203 
f 203//203 204//204 203//203 
f 203//203 204//204 205//205 
f 204//204 206//206 205//205 
f 205//205 206//206 207//207 
f 206//206 208//208 207//207 
f 207//207 208//208 208//208 
f 208//208 209//209 208//208 
f 208//208 209//209 209//209 
f 209//209 210//210 209//209 
f 209//209 210//210 207//207 
f 210//210 207//207 207//207 
f 207//207 207//207 211//211 
f 207//207 211//211 211//211 
f 211//211 211//211 212//212 
f 211//211 207//207 212//212 
f 212//212 207//207 212//212 
f 207//207 181//181 212//212 
f 212//212 181//181 213//213 
f 181//181 214//214 213//213 
f 213//213 214//214 215//215 
f 214//214 214//214 215//215 
f 215//215 214//214 216//216 
f 214//214 214//214 216//216 
f 216//216 214//214 182//182 
f 214//214 181//181 182//182 
f 182//182 181//181 181//181 
f 181//181 217//217 181//181 
f 181//181 217//217 217//217 
f 217//217 218//218 217//217 
f 217//217 218//218 219//219 
f 218//218 220//220 219//219 
f 219//219 220//220 221//221 
f 220//220 221//221 221//221 
f 221//221 221//221 222//222 
f 221//221 222//222 222//222 
f 222//222 222//222 223//223 
f 222//222 224//224 223//223 
f 223//223 224//224 225//225 
f 224//224 225//225 225//225 
f 225//225 225//225 226//226 
f 225//225 226//226 226//226 
f 226//226 226//226 227//227 
f 226//226 228//228 227//227 
f 227//227 228//228 228//228 
f 228//228 229//229 228//228 
f 228//228 229//229 229//229 
f 229//229 230//230 229//229 
f 229//229 230//230 231//231 
f 230//230 232//232 231//231 
f 231//231 232//232 232//232 
f 232//232 233//233 232//232 
f 232//232 233//233 233//233 
f 233//233 234//234 233//233 
f 233//233 234//234 235//235 
f 234//234 236//236 235//235 
f 235//235 236//236 236//236 
f 236//236 237//237 236//236 
f 236//236 237//237 237//237 
f 237//237 238//238 237//237 
f 237//237 238//238 239//239 
f 238//238 240//240 239//239 
f 239//239 240//240 241//241 
f 240//240 242//242 241//241 
f 241//241 242//242 243//243 
f 242//242 244//244 243//243 
f 243//243 244//244 245//245 
f 244//244 244//244 245//245 
f 245//245 244//244 246//246 
f 244//244 247//247 246//246 
f 246//246 247//247 248//248 
f 247//247 247//247 248//248 
f 248//248 247//247 249//249 
f 247//247 247//247 249//249 
f 249//249 247//247 250//250 
f 247//247 244//244 250//250 
f 250//250 244//244 251//251 
f 244//244 252//252 251//251 
f 251//251 252//252 253//253 
f 252//252 254//254 253//253 
f 253//253 254//254 254//254 
f 254//254 243//243 254//254 
f 254//254 243//243 243//243 
f 243//243 245//245 243//243 
f 243//243 245//245 241//241 
f 245//245 255//255 241//241 
f 241//241 255//255 239//239 
f 255//255 256//256 239//239 
f 239//239 256//256 256//256 
f 256//256 242//242 256//256 
f 256//256 242//242 242//242 
f 242//242 252//252 242//242 
f 242//242 252//252 244//244 
f 252//252 244//244 244//244 
f 244//244 244//244 257//257 
f 244//244 257//257 257//257 
f 257//257 257//257 253//253 
f 257//257 258//258 253//253 
f 253//253 258//258 251//251 
f 258//258 259//259 251//251 
f 251//251 259//259 259//259 
f 259//259 260//260 259//259 
f 259//259 260//260 260//260 
f 260//260 261//261 260//260 
f 260//260 261//261 251//251 
f 261//261 251//251 251//251 
f 251//251 251//251 256//256 
f 251//251 256//256 256//256 
f 256//256 256//256 239//239 
f 256//256 262//262 239//239 
f 239//239 262//262 263//263 
f 262//262 264//264 263//263 
f 263//263 264//264 237//237 
f 264//264 265//265 237//237 
f 237//237 265//265 265//265 
f 265//265 239//239 265//265 
f 265//265 239//239 239//239 
f 239//239 263//263 239//239 
f 239//239 263//263 237//237 
f 263//263 237//237 237//237 
f 237//237 237//237 262//262 
f 237//237 262//262 262//262 
f 262//262 262//262 264//264 
f 262//262 266//266 264//264 
f 264//264 266//266 267//267 
f 266//266 268//268 267//267 
f 267//267 268//268 267//267 
f 268//268 269//269 267//267 
f 267//267 269//269 267//267 
f 269//269 270//270 267//267 
f 267//267 270//270 264//264 
f 270//270 271//271 264//264 
f 264//264 271//271 265//265 
f 271//271 265//265 265//265 
f 265//265 265//265 270//270 
f 265//265 270//270 270//270 
f 270//270 270//270 271//271 
f 270//270 272//272 271//271 
f 271//271 272//272 271//271 
f 272//272 273//273 271//271 
f 271//271 273//273 271//271 
f 273//273 274//274 271//271 
f 271//271 274//274 271//271 
f 274//274 275//275 271//271 
f 271//271 275//275 271//271 
f 275//275 276//276 271//271 
f 271//271 276//276 271//271 
f 276//276 277//277 271//271 
f 271//271 277//277 278//278 
f 277//277 279//279 278//278 
f 278//278 279//279 278//278 
f 279//279 280//280 278//278 
f 278//278 280//280 278//278 
f 280//280 265//265 278//278 
f 278//278 265//265 271//271 
f 265//265 271//271 271//271 
f 271//271 271//271 281//281 
f 271//271 281//281 281//281 
f 281//281 281//281 282//282 
f 281//281 283//283 282//282 
f 282//282 283//283 283//283 
f 283//283 284//284 283//283 
f 283//283 284//284 284//284 
f 284//284 285//285 284//284 
f 284//284 285//285 286//286 
f 285//285 286//286 286//286 
f 286//286 286//286 287//287 
f 286//286 287//287 287//287 
f 287//287 287//287 288//288 
f 287//287 289//289 288//288 
f 288//288 289//289 289//289 
f 289//289 290//290 289//289 
f 289//289 290//290 290//290 
f 290//290 291//291 290//290 
f 290//290 291//291 292//292 
f 291//291 293//293 292//292 
f 292//292 293//293 293//293 
f 293//293 294//294 293//293 
f 293//293 294//294 294//294 
f 294//294 295//295 294//294 
f 294//294 295//295 296//296 
f 295//295 297//297 296//296 
f 296//296 297//297 297//297 
f 297//297 298//298 297//297 
f 297//297 298//298 298//298 
f 298//298 299//299 298//298 
f 298//298 299//299 300//300 
f 299//299 301//301 300//300 
f 300//300 301//301 301//301 
f 301//301 302//302 301//301 
f 301//301 302//302 302//302 
f 302//302 303//303 302//302 
f 302//302 303//303 304//304 
f 303//303 304//304 304//304 
f 304//304 304//304 305//305 
f 304//304 305//305 305//305 
f 305//305 305//305 306//306 
f 305//305 307//307 306//306 
f 306//306 307//307 306//306 
f 307//307 308//308 306//306 
f 306//306 308//308 309//309 
f 308//308 310//310 309//309 
f 309//309 310//310 311//311 
f 310//310 311//311 311//311 
f 311//311 311//311 312//312 
f 311//311 312//312 312//312 
f 312//312 312//312 313//313 
f 312//312 314//314 313//313 
f 313//313 314//314 315//315 
f 314//314 316//316 315//315 
f 315//315 316//316 317//317 
f 316//316 318//318 317//317 
f 317//317 318//318 319//319 
f 318//318 318//318 319//319 
f 319//319 318//318 320//320 
f 318//318 318//318 320//320 
f 320//320 318//318 321//321 
f 318//318 316//316 321//321 
f 321//321 316//316 322//322 
f 316//316 314//314 322//322 
f 322//322 314//314 323//323 
f 314//314 312//312 323//323 
f 323//323 312//312 324//324 
f 312//312 325//325 324//324 
f 324//324 325//325 325//325 
f 325//325 322//322 325//325 
f 325//325 322//322 322//322 
f 322//322 323//323 322//322 
f 322//322 323//323 326//326 
f 323//323 324//324 326//326 
f 326//326 324//324 327//327 
f 324//324 328//328 327//327 
f 327//327 328//328 327//327 
f 328//328 329//329 327//327 
f 327//327 329//329 327//327 
f 329//329 330//330 327//327 
f 327//327 330//330 326//326 
f 330//330 326//326 326//326 
f 326//326 326//326 328//328 
f 326//326 328//328 328//328 
f 328//328 328//328 331//331 
f 328//328 324//324 331//331 
f 331//331 324//324 332//332 
f 324//324 325//325 332//332 
f 332//332 325//325 332//332 
f 325//325 333//333 332//332 
f 332//332 333//333 334//334 
f 333//333 335//335 334//334 
f 334//334 335//335 334//334 
f 335//335 336//336 334//334 
f 334//334 336//336 332//332 
f 336//336 337//337 332//332 
f 332//332 337//337 332//332 
f 337//337 338//338 332//332 
f 332//332 338//338 339//339 
f 338//338 339//339 339//339 
f 339//339 339//339 331//331 
f 339//339 331//331 331//331 
f 331//331 331//331 340//340 
f 331//331 332//332 340//340 
f 340//340 332//332 332//332 
f 332//332 341//341 332//332 
f 332//332 341//341 341//341 
f 341//341 342//342 341//341 
f 341//341 342//342 343//343 
f 342//342 344//344 343//343 
f 343//343 344//344 345//345 
f 344//344 344//344 345//345 
f 345//345 344//344 346//346 
f 344//344 342//342 346//346 
f 346//346 342//342 347//347 
f 342//342 342//342 347//347 
f 347//347 342//342 348//348 
f 342//342 342//342 348//348 
f 348//348 342//342 349//349 
f 342//342 342//342 349//349 
f 349//349 342//342 350//350 
f 342//342 342//342 350//350 
f 350//350 342//342 351//351 
f 342//342 342//342 351//351 
f 351//351 342//342 352//352 
f 342//342 319//319 352//352 
f 352//352 319//319 353//353 
f 319//319 354//354 353//353 
f 353//353 354//354 355//355 
f 354//354 354//354 355//355 
f 355//355 354//354 356//356 
f 354//354 354//354 356//356 
f 356//356 354//354 320//320 
f 354//354 319//319 320//320 
f 320//320 319//319 319//319 
f 319//319 357//357 319//319 
f 319//319 357//357 357//357 
f 357//357 358//358 357//357 
f 357//357 358//358 359//359 
f 358//358 360//360 359//359 
f 359//359 360//360 360//360 
f 360//360 359//359 360//360 
f 360//360 359//359 359//359 
f 359//359 361//361 359//359 
f 359//359 361//361 357//357 
f 361//361 361//361 357//357 
f 357//357 361//361 362//362 
f 361//361 363//363 362//362 
f 362//362 363//363 364//364 
f 363//363 363//363 364//364 
f 364//364 363//363 365//365 
f 363//363 361//361 365//365 
f 365//365 361//361 366//366 
f 361//361 359//359 366//366 
f 366//366 359//359 367//367 
f 359//359 359//359 367//367 
f 367//367 359//359 368//368 
f 359//359 369//369 368//368 
f 368//368 369//369 370//370 
f 369//369 360//360 370//370 
f 370//370 360//360 371//371 
f 360//360 371//371 371//371 
f 371//371 371//371 364//364 
f 371//371 364//364 364//364 
f 364//364 364//364 362//362 
f 364//364 372//372 362//362 
f 362//362 372//372 372//372 
f 372//372 360//360 372//372 
f 372//372 360//360 360//360 
f 360//360 369//369 360//360 
f 360//360 369//369 359//359 
f 369//369 359//359 359//359 
f 359//359 359//359 368//368 
f 359//359 368//368 368//368 
f 368//368 368//368 373//373 
f 368//368 370//370 373//373 
f 373//373 370//370 374//374 
f 370//370 375//375 374//374 
f 374//374 375//375 374//374 
f 375//375 376//376 374//374 
f 374//374 376//376 374//374 
f 376//376 377//377 374//374 
f 374//374 377//377 373//373 
f 377//377 373//373 373//373 
f 373//373 373//373 375//375 
f 373//373 375//375 375//375 
f 375//375 375//375 378//378 
f 375//375 370//370 378//378 
f 378//378 370//370 378//378 
f 370//370 371//371 378//378 
f 378//378 371//371 379//379 
f 371//371 380//380 379//379 
f 379//379 380//380 380//380 
f 380//380 381//381 380//380 
f 380//380 381//381 381//381 
f 381//381 382//382 381//381 
f 381//381 382//382 379//379 
f 382//382 382//382 379//379 
f 379//379 382//382 378//378 
f 382//382 383//383 378//378 
f 378//378 383//383 383//383 
f 383//383 384//384 383//383 
f 383//383 384//384 384//384 
f 384//384 385//385 384//384 
f 384//384 385//385 378//378 
f 385//385 378//378 378//378 
f 378//378 378//378 365//365 
f 378//378 365//365 365//365 
f 365//365 365//365 364//364 
f 365//365 386//386 364//364 
f 364//364 386//386 387//387 
f 386//386 388//388 387//387 
f 387//387 388//388 387//387 
f 388//388 389//389 387//387 
f 387//387 389//389 387//387 
f 389//389 390//390 387//387 
f 387//387 390//390 364//364 
f 390//390 390//390 364//364 
f 364//364 390//390 391//391 
f 390//390 392//392 391//391 
f 391//391 392//392 391//391 
f 392//392 393//393 391//391 
f 391//391 393//393 391//391 
f 393//393 394//394 391//391 
f 391//391 394//394 391//391 
f 394//394 395//395 391//391 
f 391//391 395//395 391//391 
f 395//395 396//396 391//391 
f 391//391 396//396 391//391 
f 396//396 397//397 391//391 
f 391//391 397//397 398//398 
f 397//397 399//399 398//398 
f 398//398 399//399 398//398 
f 399//399 400//400 398//398 
f 398//398 400//400 398//398 
f 400//400 372//372 398//398 
f 398//398 372//372 391//391 
f 372//372 364//364 391//391 
f 391//391 364//364 364//364 
f 364//364 401//401 364//364 
f 364//364 401//401 401//401 
f 401//401 402//402 401//401 
f 401//401 402//402 403//403 
f 402//402 403//403 403//403 
f 403//403 403//403 403//403 
f 403//403 403//403 403//403 
f 403//403 403//403 404//404 
f 403//403 405//405 404//404 
f 404//404 405//405 406//406 
f 405//405 406//406 406//406 
f 406//406 406//406 407//407 
f 406//406 407//407 407//407 
f 407//407 407//407 408//408 
f 407//407 409//409 408//408 
f 408//408 409//409 410//410 
f 409//409 410//410 410//410 
f 410//410 410//410 411//411 
f 410//410 411//411 411//411 
f 411//411 411//411 412//412 
f 411//411 413//413 412//412 
f 412//412 413//413 412//412 
f 413//413 414//414 412//412 
f 412//412 414//414 415//415 
f 414//414 416//416 415//415 
f 415//415 416//416 417//417 
f 416//416 418//418 417//417 
f 417//417 418//418 419//419 
f 418//418 418//418 419//419 
f 419//419 418//418 420//420 
f 418//418 421//421 420//420 
f 420//420 421//421 422//422 
f 421//421 421//421 422//422 
f 422//422 421//421 423//423 
f 421//421 421//421 423//423 
f 423//423 421//421 424//424 
f 421//421 418//418 424//424 
f 424//424 418//418 425//425 
f 418//418 426//426 425//425 
f 425//425 426//426 427//427 
f 426//426 428//428 427//427 
f 427//427 428//428 428//428 
f 428//428 417//417 428//428 
f 428//428 417//417 417//417 
f 417//417 419//419 417//417 
f 417//417 419//419 415//415 
f 419//419 429//429 415//415 
f 415//415 429//429 412//412 
f 429//429 430//430 412//412 
f 412//412 430//430 430//430 
f 430//430 416//416 430//430 
f 430//430 416//416 416//416 
f 416//416 426//426 416//416 
f 416//416 426//426 418//418 
f 426//426 418//418 418//418 
f 418//418 418//418 431//431 
f 418//418 431//431 431//431 
f 431//431 431//431 427//427 
f 431//431 432//432 427//427 
f 427//427 432//432 425//425 
f 432//432 433//433 425//425 
f 425//425 433//433 433//433 
f 433//433 434//434 433//433 
f 433//433 434//434 434//434 
f 434//434 435//435 434//434 
f 434//434 435//435 425//425 
f 435//435 425//425 425//425 
f 425//425 425//425 430//430 
f 425//425 430//430 430//430 
f 430//430 430//430 412//412 
f 430//430 436//436 412//412 
f 412//412 436//436 437//437 
f 436//436 438//438 437//437 
f 437//437 438//438 411//411 
f 438//438 439//439 411//411 
f 411//411 439//439 439//439 
f 439//439 412//412 439//439 
f 439//439 412//412 412//412 
f 412//412 437//437 412//412 
f 412//412 437//437 411//411 
f 437//437 411//411 411//411 
f 411//411 411//411 436//436 
f 411//411 436//436 436//436 
f 436//436 436//436 438//438 
f 436//436 440//440 438//438 
f 438//438 440//440 441//441 
f 440//440 442//442 441//441 
f 441//441 442//442 441//441 
f 442//442 443//443 441//441 
f 441//441 443//443 441//441 
f 443//443 444//444 441//441 
f 441//441 444//444 438//438 
f 444//444 445//445 438//438 
f 438//438 445//445 439//439 
f 445//445 439//439 439//439 
f 439//439 439//439 444//444 
f 439//439 444//444 444//444 
f 444//444 444//444 445//445 
f 444//444 446//446 445//445 
f 445//445 446//446 445//445 
f 446//446 447//447 445//445 
f 445//445 447//447 445//445 
f 447//447 448//448 445//445 
f 445//445 448//448 445//445 
f 448//448 449//449 445//445 
f 445//445 449//449 445//445 
f 449//449 450//450 445//445 
f 445//445 450//450 445//445 
f 450//450 451//451 445//445 
f 445//445 451//451 452//452 
f 451//451 453//453 452//452 
f 452//452 453//453 452//452 
f 453//453 454//454 452//452 
f 452//452 454//454 452//452 
f 454//454 439//439 452//452 
f 452//452 439//439 445//445 
f 439//439 445//445 445//445 
f 445//445 445//445 455//455 
f 445//445 455//455 455//455 
f 455//455 455//455 456//456 
f 455//455 457//457 456//456 
f 456//456 457//457 457//457 
f 457//457 458//458 457//457 
f 457//457 458//458 458//458 
f 458//458 459//459 458//458 
f 458//458 459//459 460//460 
f 459//459 461//461 460//460 
f 460//460 461//461 461//461 
f 461//461 462//462 461//461 
f 461//461 462//462 462//462 
f 462//462 463//463 462//462 
f 462//462 463//463 464//464 
f 463//463 465//465 464//464 
f 464//464 465//465 465//465 
f 465//465 463//463 465//465 
f 465//465 463//463 463//463 
f 463//463 462//462 463//463 
f 463//463 462//462 466//466 
f 462//462 467//467 466//466 
f 466//466 467//467 466//466 
f 467//467 468//468 466//466 
f 466//466 468//468 466//466 
f 468//468 469//469 466//466 
f 466//466 469//469 466//466 
f 469//469 470//470 466//466 
f 466//466 470//470 463//463 
f 470//470 471//471 463//463 
f 463//463 471//471 465//465 
f 471//471 472//472 465//465 
f 465//465 472//472 473//473 
f 472//472 473//473 473//473 
f 473//473 473//473 470//470 
f 473//473 470//470 470//470 
f 470//470 470//470 471//471 
f 470//470 474//474 471//471 
f 471//471 474//474 472//472 
f 474//474 475//475 472//472 
f 472//472 475//475 476//476 
f 475//475 475//475 476//476 
f 476//476 475//475 477//477 
f 475//475 475//475 477//477 
f 477//477 475//475 478//478 
f 475//475 474//474 478//478 
f 478//478 474//474 474//474 
f 474//474 476//476 474//474 
f 474//474 476//476 476//476 
f 476//476 479//479 476//476 
f 476//476 479//479 472//472 
f 479//479 480//480 472//472 
f 472//472 480//480 473//473 
f 480//480 480//480 473//473 
f 473//473 480//480 481//481 
f 480//480 482//482 481//481 
f 481//481 482//482 483//483 
f 482//482 484//484 483//483 
f 483//483 484//484 484//484 
f 484//484 479//479 484//484 
f 484//484 479//479 479//479 
f 479//479 485//485 479//479 
f 479//479 485//485 480//480 
f 485//485 480//480 480//480 
f 480//480 480//480 486//486 
f 480//480 486//486 486//486 
f 486//486 486//486 480//480 
f 486//486 487//487 480//480 
f 480//480 487//487 487//487 
f 487//487 467//467 487//487 
f 487//487 467//467 467//467 
f 467//467 488//488 467//467 
f 467//467 488//488 489//489 
f 488//488 490//490 489//489 
f 489//489 490//490 491//491 
f 490//490 490//490 491//491 
f 491//491 490//490 492//492 
f 490//490 490//490 492//492 
f 492//492 490//490 493//493 
f 490//490 490//490 493//493 
f 493//493 490//490 494//494 
f 490//490 490//490 494//494 
f 494//494 490//490 495//495 
f 490//490 490//490 495//495 
f 495//495 490//490 496//496 
f 490//490 490//490 496//496 
f 496//496 490//490 497//497 
f 490//490 498//498 497//497 
f 497//497 498//498 499//499 
f 498//498 500//500 499//499 
f 499//499 500//500 500//500 
f 500//500 488//488 500//500 
f 500//500 488//488 488//488 
f 488//488 500//500 488//488 
f 488//488 500//500 490//490 
f 500//500 490//490 490//490 
f 490//490 490//490 491//491 
f 490//490 491//491 491//491 
f 491//491 491//491 489//489 
f 491//491 501//501 489//489 
f 489//489 501//501 502//502 
f 501//501 503//503 502//502 
f 502//502 503//503 502//502 
f 503//503 504//504 502//502 
f 502//502 504//504 502//502 
f 504//504 505//505 502//502 
f 502//502 505//505 489//489 
f 505//505 505//505 489//489 
f 489//489 505//505 468//468 
f 505//505 469//469 468//468 
f 468//468 469//469 469//469 
f 469//469 506//506 469//469 
f 469//469 506//506 506//506 
f 506//506 507//507 506//506 
f 506//506 507//507 508//508 
f 507//507 508//508 508//508 
f 508//508 508//508 509//509 
f 508//508 509//509 509//509 
f 509//509 509//509 510//510 
f 509//509 511//511 510//510 
f 510//510 511//511 512//512 
f 511//511 512//512 512//512 
f 512//512 512//512 513//513 
f 512//512 513//513 513//513 
f 513//513 513//513 514//514 
f 513//513 515//515 514//514 
f 514//514 515//515 515//515 
f 515//515 516//516 515//515 
f 515//515 516//516 516//516 
f 516//516 517//517 516//516 
f 516//516 517//517 518//518 
f 517//517 518//518 518//518 
f 518//518 518//518 519//519 
f 518//518 519//519 519//519 
f 519//519 519//519 520//520 
f 519//519 521//521 520//520 
f 520//520 521//521 522//522 
f 521//521 523//523 522//522 
f 522//522 523//523 522//522 
f 523//523 524//524 522//522 
f 522//522 524//524 520//520 
f 524//524 520//520 520//520 
f 520//520 520//520 520//520 
f 520//520 520//520 520//520 
f 520//520 520//520 519//519 
f 520//520 525//525 519//519 
f 519//519 525//525 526//526 
f 525//525 527//527 526//526 
f 526//526 527//527 528//528 
f 527//527 529//529 528//528 
f 528//528 529//529 530//530 
f 529//529 531//531 530//530 
f 530//530 531//531 532//532 
f 531//531 533//533 532//532 
f 532//532 533//533 534//534 
f 533//533 533//533 534//534 
f 534//534 533//533 535//535 
f 533//533 533//533 535//535 
f 535//535 533//533 536//536 
f 533//533 533//533 536//536 
f 536//536 533//533 537//537 
f 533//533 538//538 537//537 
f 537//537 538//538 539//539 
f 538//538 538//538 539//539 
f 539//539 538//538 540//540 
f 538//538 541//541 540//540 
f 540//540 541//541 542//542 
f 541//541 542//542 542//542 
f 542//542 542//542 538//538 
f 542//542 538//538 538//538 
f 538//538 538//538 541//541 
f 538//538 533//533 541//541 
f 541//541 533//533 531//531 
f 533//533 531//531 531//531 
f 531//531 531//531 531//531 
f 531//531 531//531 531//531 
f 531//531 531//531 543//543 
f 531//531 529//529 543//543 
f 543//543 529//529 544//544 
f 529//529 527//527 544//544 
f 544//544 527//527 544//544 
f 527//527 525//525 544//544 
f 544//544 525//525 545//545 
f 525//525 546//546 545//545 
f 545//545 546//546 545//545 
f 546//546 547//547 545//545 
f 545//545 547//547 545//545 
f 547//547 548//548 545//545 
f 545//545 548//548 544//544 
f 548//548 549//549 544//544 
f 544//544 549//549 543//543 
f 549//549 542//542 543//543 
f 543//543 542//542 542//542 
f 542//542 525//525 542//542 
f 542//542 525//525 525//525 
f 525//525 520//520 525//525 
f 525//525 520//520 546//546 
f 520//520 524//524 546//546 
f 546//546 524//524 550//550 
f 524//524 524//524 550//550 
f 550//550 524//524 551//551 
f 524//524 524//524 551//551 
f 551//551 524//524 552//552 
f 524//524 553//553 552//552 
f 552//552 553//553 554//554 
f 553//553 555//555 554//554 
f 554//554 555//555 556//556 
f 555//555 557//557 556//556 
f 556//556 557//557 558//558 
f 557//557 559//559 558//558 
f 558//558 559//559 560//560 
f 559//559 561//561 560//560 
f 560//560 561//561 562//562 
f 561//561 561//561 562//562 
f 562//562 561//561 563//563 
f 561//561 564//564 563//563 
f 563//563 564//564 565//565 
f 564//564 564//564 565//565 
f 565//565 564//564 566//566 
f 564//564 564//564 566//566 
f 566//566 564//564 567//567 
f 564//564 564//564 567//567 
f 567//567 564//564 568//568 
f 564//564 564//564 568//568 
f 568//568 564//564 569//569 
f 564//564 559//559 569//569 
f 569//569 559//559 569//569 
f 559//559 557//557 569//569 
f 569//569 557//557 570//570 
f 557//557 555//555 570//570 
f 570//570 555//555 571//571 
f 555//555 523//523 571//571 
f 571//571 523//523 572//572 
f 523//523 521//521 572//572 
f 572//572 521//521 521//521 
f 521//521 546//546 521//521 
f 521//521 546//546 546//546 
f 546//546 550//550 546//546 
f 546//546 550//550 547//547 
f 550//550 547//547 547//547 
f 547//547 547//547 524//524 
f 547//547 524//524 524//524 
f 524//524 524//524 553//553 
f 524//524 523//523 553//553 
f 553//553 523//523 555//555 
f 523//523 555//555 555//555 
f 555//555 555//555 564//564 
f 555//555 564//564 564//564 
f 564//564 564//564 559//559 
f 564//564 561//561 559//559 
f 559//559 561//561 561//561 
f 561//561 572//572 561//561 
f 561//561 572//572 572//572 
f 572//572 573//573 572//572 
f 572//572 573//573 571//571 
f 573//573 573//573 571//571 
f 571//571 573//573 570//570 
f 573//573 574//574 570//570 
f 570//570 574//574 569//569 
f 574//574 568//568 569//569 
f 569//569 568//568 568//568 
f 568//568 575//575 568//568 
f 568//568 575//575 575//575 
f 575//575 576//576 575//575 
f 575//575 576//576 577//577 
f 576//576 578//578 577//577 
f 577//577 578//578 579//579 
f 578//578 580//580 579//579 
f 579//579 580//580 579//579 
f 580//580 581//581 579//579 
f 579//579 581//581 582//582 
f 581//581 581//581 582//582 
f 582//582 581//581 583//583 
f 581//581 581//581 583//583 
f 583//583 581//581 584//584 
f 581//581 581//581 584//584 
f 584//584 581//581 585//585 
f 581//581 586//586 585//585 
f 585//585 586//586 587//587 
f 586//586 588//588 587//587 
f 587//587 588//588 589//589 
f 588//588 589//589 589//589 
f 589//589 589//589 575//575 
f 589//589 575//575 575//575 
f 575//575 575//575 590//590 
f 575//575 577//577 590//590 
f 590//590 577//577 591//591 
f 577//577 577//577 591//591 
f 591//591 577//577 582//582 
f 577//577 579//579 582//582 
f 582//582 579//579 579//579 
f 579//579 581//581 579//579 
f 579//579 581//581 581//581 
f 581//581 580//580 581//581 
f 581//581 580//580 586//586 
f 580//580 592//592 586//586 
f 586//586 592//592 588//588 
f 592//592 588//588 588//588 
f 588//588 588//588 580//580 
f 588//588 580//580 580//580 
f 580//580 580//580 592//592 
f 580//580 578//578 592//592 
f 592//592 578//578 593//593 
f 578//578 578//578 593//593 
f 593//593 578//578 594//594 
f 578//578 576//576 594//594 
f 594//594 576//576 576//576 
f 576//576 595//595 576//576 
f 576//576 595//595 595//595 
f 595//595 596//596 595//595 
f 595//595 596//596 597//597 
f 596//596 596//596 597//597 
f 597//597 596//596 598//598 
f 596//596 599//599 598//598 
f 598//598 599//599 599//599 
f 599//599 595//595 599//599 
f 599//599 595//595 595//595 
f 595//595 600//600 595//595 
f 595//595 600//600 596//596 
f 600//600 600//600 596//596 
f 596//596 600//600 601//601 
f 600//600 602//602 601//601 
f 601//601 602//602 603//603 
f 602//602 602//602 603//603 
f 603//603 602//602 604//604 
f 602//602 605//605 604//604 
f 604//604 605//605 604//604 
f 605//605 606//606 604//604 
f 604//604 606//606 607//607 
f 606//606 608//608 607//607 
f 607//607 608//608 609//609 
f 608//608 610//610 609//609 
f 609//609 610//610 611//611 
f 610//610 610//610 611//611 
f 611//611 610//610 612//612 
f 610//610 613//613 612//612 
f 612//612 613//613 613//613 
f 613//613 611//611 613//613 
f 613//613 611//611 611//611 
f 611//611 614//614 611//611 
f 611//611 614//614 609//609 
f 614//614 615//615 609//609 
f 609//609 615//615 607//607 
f 615//615 616//616 607//607 
f 607//607 616//616 616//616 
f 616//616 617//617 616//616 
f 616//616 617//617 617//617 
f 617//617 615//615 617//617 
f 617//617 615//615 618//618 
f 615//615 614//614 618//618 
f 618//618 614//614 618//618 
f 614//614 619//619 618//618 
f 618//618 619//619 620//620 
f 619//619 620//620 620//620 
f 620//620 620//620 621//621 
f 620//620 621//621 621//621 
f 621//621 621//621 616//616 
f 621//621 622//622 616//616 
f 616//616 622//622 604//604 
f 622//622 623//623 604//604 
f 604//604 623//623 603//603 
f 623//623 623//623 603//603 
f 603//603 623//623 601//601 
f 623//623 623//623 601//601 
f 601//601 623//623 624//624 
f 623//623 625//625 624//624 
f 624//624 625//625 624//624 
f 625//625 626//626 624//624 
f 624//624 626//626 627//627 
f 626//626 599//599 627//627 
f 627//627 599//599 627//627 
f 599//599 596//596 627//627 
f 627//627 596//596 624//624 
f 596//596 601//601 624//624 
f 624//624 601//601 601//601 
f 601//601 621//621 601//601 
f 601//601 621//621 621//621 
f 621//621 628//628 621//621 
f 621//621 628//628 622//622 
f 628//628 628//628 622//622 
f 622//622 628//628 623//623 
f 628//628 625//625 623//623 
f 623//623 625//625 625//625 
f 625//625 626//626 625//625 
f 625//625 626//626 626//626 
f 626//626 629//629 626//626 
f 626//626 629//629 599//599 
f 629//629 629//629 599//599 
f 599//599 629//629 630//630 
f 629//629 631//631 630//630 
f 630//630 631//631 632//632 
f 631//631 633//633 632//632 
f 632//632 633//633 634//634 
f 633//633 635//635 634//634 
f 634//634 635//635 634//634 
f 635//635 636//636 634//634 
f 634//634 636//636 637//637 
f 636//636 638//638 637//637 
f 637//637 638//638 639//639 
f 638//638 640//640 639//639 
f 639//639 640//640 641//641 
f 640//640 642//642 641//641 
f 641//641 642//642 642//642 
f 642//642 636//636 642//642 
f 642//642 636//636 636//636 
f 636//636 643//643 636//636 
f 636//636 643//643 638//638 
f 643//643 638//638 638//638 
f 638//638 638//638 641//641 
f 638//638 641//641 641//641 
f 641//641 641//641 639//639 
f 641//641 644//644 639//639 
f 639//639 644//644 637//637 
f 644//644 644//644 637//637 
f 637//637 644//644 634//634 
f 644//644 645//645 634//634 
f 634//634 645//645 632//632 
f 645//645 646//646 632//632 
f 632//632 646//646 630//630 
f 646//646 646//646 630//630 
f 630//630 646//646 599//599 
f 646//646 646//646 599//599 
f 599//599 646//646 598//598 
f 646//646 646//646 598//598 
f 598//598 646//646 597//597 
f 646//646 646//646 597//597 
f 597//597 646//646 647//647 
f 646//646 646//646 647//647 
f 647//647 646//646 648//648 
f 646//646 645//645 648//648 
f 648//648 645//645 649//649 
f 645//645 644//644 649//649 
f 649//649 644//644 641//641 
f 644//644 641//641 641//641 
f 641//641 641//641 650//650 
f 641//641 650//650 650//650 
f 650//650 650//650 651//651 
f 650//650 652//652 651//651 
f 651//651 652//652 653//653 
f 652//652 654//654 653//653 
f 653//653 654//654 654//654 
f 654//654 655//655 654//654 
f 654//654 655//655 655//655 
f 655//655 656//656 655//655 
f 655//655 656//656 657//657 
f 656//656 658//658 657//657 
f 657//657 658//658 659//659 
f 658//658 660//660 659//659 
f 659//659 660//660 661//661 
f 660//660 660//660 661//661 
f 661//661 660//660 662//662 
f 660//660 660//660 662//662 
f 662//662 660//660 663//663 
f 660//660 654//654 663//663 
f 663//663 654//654 663//663 
f 654//654 664//664 663//663 
f 663//663 664//664 665//665 
f 664//664 664//664 665//665 
f 665//665 664//664 666//666 
f 664//664 664//664 666//666 
f 666//666 664//664 667//667 
f 664//664 664//664 667//667 
f 667//667 664//664 668//668 
f 664//664 652//652 668//668 
f 668//668 652//652 669//669 
f 652//652 669//669 669//669 
f 669//669 669//669 656//656 
f 669//669 656//656 656//656 
f 656//656 656//656 658//658 
f 656//656 651//651 658//658 
f 658//658 651//651 658//658 
f 651//651 653//653 658//658 
f 658//658 653//653 660//660 
f 653//653 654//654 660//660 
f 660//660 654//654 654//654 
f 654//654 652//652 654//654 
f 654//654 652//652 652//652 
f 652//652 664//664 652//652 
f 652//652 664//664 654//654 
f 664//664 654//654 654//654 
f 654//654 654//654 670//670 
f 654//654 670//670 670//670 
f 670//670 670//670 671//671 
f 670//670 672//672 671//671 
f 671//671 672//672 673//673 
f 672//672 674//674 673//673 
f 673//673 674//674 675//675 
f 674//674 675//675 675//675 
f 675//675 675//675 676//676 
f 675//675 676//676 676//676 
f 676//676 676//676 677//677 
f 676//676 678//678 677//677 
f 677//677 678//678 678//678 
f 678//678 679//679 678//678 
f 678//678 679//679 679//679 
f 679//679 680//680 679//679 
f 679//679 680//680 681//681 
f 680//680 682//682 681//681 
f 681//681 682//682 683//683 
f 682//682 683//683 683//683 
f 683//683 683//683 684//684 
f 683//683 684//684 684//684 
f 684//684 684//684 681//681 
f 684//684 679//679 681//681 
f 681//681 679//679 679//679 
f 679//679 679//679 679//679 
f 679//679 679//679 679//679 
f 679//679 685//685 679//679 
f 679//679 685//685 680//680 
f 685//685 685//685 680//680 
f 680//680 685//685 686//686 
f 685//685 687//687 686//686 
f 686//686 687//687 688//688 
f 687//687 689//689 688//688 
f 688//688 689//689 690//690 
f 689//689 691//691 690//690 
f 690//690 691//691 692//692 
f 691//691 693//693 692//692 
f 692//692 693//693 692//692 
f 693//693 694//694 692//692 
f 692//692 694//694 692//692 
f 694//694 695//695 692//692 
f 692//692 695//695 692//692 
f 695//695 696//696 692//692 
f 692//692 696//696 697//697 
f 696//696 698//698 697//697 
f 697//697 698//698 697//697 
f 698//698 699//699 697//697 
f 697//697 699//699 700//700 
f 699//699 701//701 700//700 
f 700//700 701//701 700//700 
f 701//701 702//702 700//700 
f 700//700 702//702 700//700 
f 702//702 690//690 700//700 
f 700//700 690//690 700//700 
f 690//690 692//692 700//700 
f 700//700 692//692 697//697 
f 692//692 697//697 697//697 
f 697//697 697//697 688//688 
f 697//697 688//688 688//688 
f 688//688 688//688 703//703 
f 688//688 702//702 703//703 
f 703//703 702//702 703//703 
f 702//702 704//704 703//703 
f 703//703 704//704 703//703 
f 704//704 705//705 703//703 
f 703//703 705//705 706//706 
f 705//705 707//707 706//706 
f 706//706 707//707 682//682 
f 707//707 708//708 682//682 
f 682//682 708//708 683//683 
f 708//708 709//709 683//683 
f 683//683 709//709 683//683 
f 709//709 710//710 683//683 
f 683//683 710//710 711//711 
f 710//710 712//712 711//711 
f 711//711 712//712 713//713 
f 712//712 714//714 713//713 
f 713//713 714//714 715//715 
f 714//714 716//716 715//715 
f 715//715 716//716 717//717 
f 716//716 718//718 717//717 
f 717//717 718//718 719//719 
f 718//718 720//720 719//719 
f 719//719 720//720 719//719 
f 720//720 721//721 719//719 
f 719//719 721//721 722//722 
f 721//721 723//723 722//722 
f 722//722 723//723 722//722 
f 723//723 724//724 722//722 
f 722//722 724//724 722//722 
f 724//724 725//725 722//722 
f 722//722 725//725 722//722 
f 725//725 726//726 722//722 
f 722//722 726//726 722//722 
f 726//726 727//727 722//722 
f 722//722 727//727 717//717 
f 727//727 727//727 717//717 
f 717//717 727//727 715//715 
f 727//727 728//728 715//715 
f 715//715 728//728 713//713 
f 728//728 713//713 713//713 
f 713//713 713//713 682//682 
f 713//713 682//682 682//682 
f 682//682 682//682 706//706 
f 682//682 680//680 706//706 
f 706//706 680//680 703//703 
f 680//680 686//686 703//703 
f 703//703 686//686 688//688 
f 686//686 688//688 688//688 
f 688//688 688//688 717//717 
f 688//688 717//717 717//717 
f 717//717 717//717 722//722 
f 717//717 719//719 722//722 
f 722//722 719//719 719//719 
f 719//719 726//726 719//719 
f 719//719 726//726 726//726 
f 726//726 729//729 726//726 
f 726//726 729//729 727//727 
f 729//729 729//729 727//727 
f 727//727 729//729 728//728 
f 729//729 730//730 728//728 
f 728//728 730//730 731//731 
f 730//730 732//732 731//731 
f 731//731 732//732 731//731 
f 732//732 733//733 731//731 
f 731//731 733//733 713//713 
f 733//733 733//733 713//713 
f 713//713 733//733 711//711 
f 733//733 733//733 711//711 
f 711//711 733//733 683//683 
f 733//733 734//734 683//683 
f 683//683 734//734 681//681 
f 734//734 734//734 681//681 
f 681//681 734//734 684//684 
f 734//734 733//733 684//684 
f 684//684 733//733 732//732 
f 733//733 732//732 732//732 
f 732//732 732//732 728//728 
f 732//732 728//728 728//728 
f 728//728 728//728 713//713 
f 728//728 731//731 713//713 
f 713//713 731//731 731//731 
f 731//731 735//735 731//731 
f 731//731 735//735 735//735 
f 735//735 736//736 735//735 
f 735//735 736//736 737//737 
f 736//736 738//738 737//737 
f 737//737 738//738 739//739 
f 738//738 738//738 739//739 
f 739//739 738//738 740//740 
f 738//738 738//738 740//740 
f 740//740 738//738 741//741 
f 738//738 738//738 741//741 
f 741//741 738//738 742//742 
f 738//738 743//743 742//742 
f 742//742 743//743 744//744 
f 743//743 745//745 744//744 
f 744//744 745//745 744//744 
f 745//745 746//746 744//744 
f 744//744 746//746 747//747 
f 746//746 746//746 747//747 
f 747//747 746//746 748//748 
f 746//746 749//749 748//748 
f 748//748 749//749 750//750 
f 749//749 750//750 750//750 
f 750//750 750//750 738//738 
f 750//750 738//738 738//738 
f 738//738 738//738 743//743 
f 738//738 736//736 743//743 
f 743//743 736//736 745//745 
f 736//736 751//751 745//745 
f 745//745 751//751 746//746 
f 751//751 749//749 746//746 
f 746//746 749//749 749//749 
f 749//749 742//742 749//749 
f 749//749 742//742 742//742 
f 742//742 744//744 742//742 
f 742//742 744//744 752//752 
f 744//744 744//744 752//752 
f 752//752 744//744 753//753 
f 744//744 747//747 753//753 
f 753//753 747//747 747//747 
f 747//747 736//736 747//747 
f 747//747 736//736 736//736 
f 736//736 754//754 736//736 
f 736//736 754//754 751//751 
f 754//754 751//751 751//751 
f 751//751 751//751 755//755 
f 751//751 755//755 755//755 
f 755//755 755//755 756//756 
f 755//755 757//757 756//756 
f 756//756 757//757 758//758 
f 757//757 759//759 758//758 
f 758//758 759//759 758//758 
f 759//759 760//760 758//758 
f 758//758 760//760 756//756 
f 760//760 756//756 756//756 
f 756//756 756//756 755//755 
f 756//756 755//755 755//755 
f 755//755 755//755 761//761 
f 755//755 756//756 761//761 
f 761//761 756//756 762//762 
f 756//756 763//763 762//762 
f 762//762 763//763 762//762 
f 763//763 764//764 762//762 
f 762//762 764//764 765//765 
f 764//764 766//766 765//765 
f 765//765 766//766 765//765 
f 766//766 767//767 765//765 
f 765//765 767//767 768//768 
f 767//767 769//769 768//768 
f 768//768 769//769 770//770 
f 769//769 770//770 770//770 
f 770//770 770//770 761//761 
f 770//770 761//761 761//761 
f 761//761 761//761 771//771 
f 761//761 762//762 771//771 
f 771//771 762//762 771//771 
f 762//762 765//765 771//771 
f 771//771 765//765 768//768 
f 765//765 768//768 768//768 
f 768//768 768//768 769//769 
f 768//768 769//769 769//769 
f 769//769 769//769 772//772 
f 769//769 767//767 772//772 
f 772//772 767//767 772//772 
f 767//767 766//766 772//772 
f 772//772 766//766 773//773 
f 766//766 764//764 773//773 
f 773//773 764//764 774//774 
f 764//764 764//764 774//774 
f 774//774 764//764 775//775 
f 764//764 763//763 775//775 
f 775//775 763//763 776//776 
f 763//763 777//777 776//776 
f 776//776 777//777 778//778 
f 777//777 760//760 778//778 
f 778//778 760//760 779//779 
f 760//760 780//780 779//779 
f 779//779 780//780 781//781 
f 780//780 782//782 781//781 
f 781//781 782//782 781//781 
f 782//782 783//783 781//781 
f 781//781 783//783 784//784 
f 783//783 785//785 784//784 
f 784//784 785//785 786//786 
f 785//785 785//785 786//786 
f 786//786 785//785 787//787 
f 785//785 788//788 787//787 
f 787//787 788//788 789//789 
f 788//788 790//790 789//789 
f 789//789 790//790 789//789 
f 790//790 791//791 789//789 
f 789//789 791//791 789//789 
f 791//791 792//792 789//789 
f 789//789 792//792 789//789 
f 792//792 793//793 789//789 
f 789//789 793//793 787//787 
f 793//793 787//787 787//787 
f 787//787 787//787 773//773 
f 787//787 773//773 773//773 
f 773//773 773//773 772//772 
f 773//773 794//794 772//772 
f 772//772 794//794 794//794 
f 794//794 760//760 794//794 
f 794//794 760//760 760//760 
f 760//760 777//777 760//760 
f 760//760 777//777 756//756 
f 777//777 756//756 756//756 
f 756//756 756//756 759//759 
f 756//756 759//759 759//759 
f 759//759 759//759 760//760 
f 759//759 780//780 760//760 
f 760//760 780//780 780//780 
f 780//780 788//788 780//780 
f 780//780 788//788 788//788 
f 788//788 785//785 788//788 
f 788//788 785//785 783//783 
f 785//785 783//783 783//783 
f 783//783 783//783 788//788 
f 783//783 788//788 788//788 
f 788//788 788//788 790//790 
f 788//788 795//795 790//790 
f 790//790 795//795 795//795 
f 795//795 791//791 795//795 
f 795//795 791//791 791//791 
f 791//791 796//796 791//791 
f 791//791 796//796 792//792 
f 796//796 797//797 792//792 
f 792//792 797//797 792//792 
f 797//797 798//798 792//792 
f 792//792 798//798 793//793 
f 798//798 799//799 793//793 
f 793//793 799//799 800//800 
f 799//799 800//800 800//800 
f 800//800 800//800 797//797 
f 800//800 797//797 797//797 
f 797//797 797//797 801//801 
f 797//797 796//796 801//801 
f 801//801 796//796 802//802 
f 796//796 802//802 802//802 
f 802//802 802//802 798//798 
f 802//802 798//798 798//798 
f 798//798 798//798 799//799 
f 798//798 803//803 799//799 
f 799//799 803//803 804//804 
f 803//803 804//804 804//804 
f 804//804 804//804 795//795 
f 804//804 795//795 795//795 
f 795//795 795//795 805//805 
f 795//795 788//788 805//805 
f 805//805 788//788 806//806 
f 788//788 783//783 806//806 
f 806//806 783//783 807//807 
f 783//783 782//782 807//807 
f 807//807 782//782 807//807 
f 782//782 780//780 807//807 
f 807//807 780//780 807//807 
f 780//780 759//759 807//807 
f 807//807 759//759 808//808 
f 759//759 757//757 808//808 
f 808//808 757//757 757//757 
f 757//757 806//806 757//757 
f 757//757 806//806 806//806 
f 806//806 807//807 806//806 
f 806//806 807//807 805//805 
f 807//807 807//807 805//805 
f 805//805 807//807 809//809 
f 807//807 808//808 809//809 
f 809//809 808//808 808//808 
f 808//808 810//810 808//808 
f 808//808 810//810 810//810 
f 810//810 811//811 810//810 
f 810//810 811//811 812//812 
f 811//811 811//811 812//812 
f 812//812 811//811 813//813 
f 811//811 811//811 813//813 
f 813//813 811//811 814//814 
f 811//811 811//811 814//814 
f 814//814 811//811 815//815 
f 811//811 816//816 815//815 
f 815//815 816//816 815//815 
f 816//816 817//817 815//815 
f 815//815 817//817 815//815 
f 817//817 818//818 815//815 
f 815//815 818//818 815//815 
f 818//818 819//819 815//815 
f 815//815 819//819 815//815 
f 819//819 820//820 815//815 
f 815//815 820//820 814//814 
f 820//820 821//821 814//814 
f 814//814 821//821 813//813 
f 821//821 822//822 813//813 
f 813//813 822//822 812//812 
f 822//822 822//822 812//812 
f 812//812 822//822 823//823 
f 822//822 822//822 823//823 
f 823//823 822//822 824//824 
f 822//822 822//822 824//824 
f 824//824 822//822 825//825 
f 822//822 821//821 825//825 
f 825//825 821//821 826//826 
f 821//821 821//821 826//826 
f 826//826 821//821 827//827 
f 821//821 820//820 827//827 
f 827//827 820//820 820//820 
f 820//820 810//810 820//820 
f 820//820 810//810 810//810 
f 810//810 828//828 810//810 
f 810//810 828//828 811//811 
f 828//828 816//816 811//811 
f 811//811 816//816 816//816 
f 816//816 824//824 816//816 
f 816//816 824//824 824//824 
f 824//824 829//829 824//824 
f 824//824 829//829 823//823 
f 829//829 823//823 823//823 
f 823//823 823//823 830//830 
f 823//823 830//830 830//830 
f 830//830 830//830 831//831 
f 830//830 832//832 831//831 
f 831//831 832//832 833//833 
f 832//832 834//834 833//833 
f 833//833 834//834 835//835 
f 834//834 836//836 835//835 
f 835//835 836//836 837//837 
f 836//836 837//837 837//837 
f 837//837 837//837 838//838 
f 837//837 838//838 838//838 
f 838//838 838//838 839//839 
f 838//838 840//840 839//839 
f 839//839 840//840 841//841 
f 840//840 842//842 841//841 
f 841//841 842//842 843//843 
f 842//842 844//844 843//843 
f 843//843 844//844 845//845 
f 844//844 846//846 845//845 
f 845//845 846//846 847//847 
f 846//846 848//848 847//847 
f 847//847 848//848 849//849 
f 848//848 850//850 849//849 
f 849//849 850//850 851//851 
f 850//850 852//852 851//851 
f 851//851 852//852 853//853 
f 852//852 854//854 853//853 
f 853//853 854//854 855//855 
f 854//854 856//856 855//855 
f 855//855 856//856 857//857 
f 856//856 858//858 857//857 
f 857//857 858//858 859//859 
f 858//858 859//859 859//859 
f 859//859 859//859 860//860 
f 859//859 860//860 860//860 
f 860//860 860//860 861//861 
f 860//860 862//862 861//861 
f 861//861 862//862 863//863 
f 862//862 864//864 863//863 
f 863//863 864//864 865//865 
f 864//864 866//866 865//865 
f 865//865 866//866 867//867 
f 866//866 868//868 867//867 
f 867//867 868//868 869//869 
f 868//868 870//870 869//869 
f 869//869 870//870 871//871 
f 870//870 872//872 871//871 
f 871//871 872//872 873//873 
f 872//872 873//873 873//873 
f 873//873 873//873 874//874 
f 873//873 874//874 874//874 
f 874//874 874//874 875//875 
f 874//874 876//876 875//875 
f 875//875 876//876 877//877 
f 876//876 878//878 877//877 
f 877//877 878//878 879//879 
f 878//878 880//880 879//879 
f 879//879 880//880 881//881 
f 880//880 882//882 881//881 
f 881//881 882//882 883//883 
f 882//882 884//884 883//883 
f 883//883 884//884 885//885 
f 884//884 886//886 885//885 
f 885//885 886//886 887//887 
f 886//886 888//888 887//887 
f 887//887 888//888 889//889 
f 888//888 890//890 889//889 
f 889//889 890//890 891//891 

