mtllib model_7.mtl
o model_7
v 0.04673869162797928 -0.10769376903772354 -2.6790010929107666 
v 0.052229445427656174 -0.09808172285556793 -2.6790010929107666 
v 0.04702211543917656 -0.10788081586360931 -2.6790010929107666 
v 0.05254649743437767 -0.0982116162776947 -2.6790010929107666 
v 0.0397779680788517 -0.11622510850429535 -2.6790010929107666 
v 0.05191239342093468 -0.0979466363787651 -2.6790010929107666 
v 0.05547682195901871 -0.08746691048145294 -2.6790010929107666 
v 0.055140554904937744 -0.08739936351776123 -2.6790010929107666 
v 0.05659610778093338 -0.07644683122634888 -2.6790010929107666 
v 0.0562550388276577 -0.07644683122634888 -2.6790010929107666 
v 0.05547682195901871 -0.06542675197124481 -2.6790010929107666 
v 0.055140554904937744 -0.06549429148435593 -2.6790010929107666 
v 0.052229445427656174 -0.05481193587183952 -2.6790010929107666 
v 0.05191239342093468 -0.054941825568675995 -2.6790010929107666 
v 0.04702211543917656 -0.04500764608383179 -2.6790010929107666 
v 0.04673869162797928 -0.045199889689683914 -2.6790010929107666 
v 0.04001815989613533 -0.03642434999346733 -2.6790010929107666 
v 0.0397779680788517 -0.036668550223112106 -2.6790010929107666 
v 0.03143375366926193 -0.029425743967294693 -2.6790010929107666 
v 0.031246403232216835 -0.029711507260799408 -2.6790010929107666 
v 0.021633978933095932 -0.024214457720518112 -2.6790010929107666 
v 0.021504277363419533 -0.024531394243240356 -2.6790010929107666 
v 0.011022362858057022 -0.020967144519090652 -2.6790010929107666 
v 0.01095511019229889 -0.021304864436388016 -2.6790010929107666 
v 0.000002423040086796391 -0.019850067794322968 -2.6790010929107666 
v 0.000002423040086796391 -0.020192984491586685 -2.6790010929107666 
v -0.011017517186701298 -0.020967144519090652 -2.6790010929107666 
v -0.010955067351460457 -0.021304864436388016 -2.6790010929107666 
v -0.02163393795490265 -0.024214457720518112 -2.6790010929107666 
v -0.0215042345225811 -0.024531394243240356 -2.6790010929107666 
v -0.03143370896577835 -0.029425743967294693 -2.6790010929107666 
v -0.031246360391378403 -0.029711507260799408 -2.6790010929107666 
v -0.04001811891794205 -0.03642434999346733 -2.6790010929107666 
v -0.03977792710065842 -0.036668550223112106 -2.6790010929107666 
v -0.047022074460983276 -0.04500764608383179 -2.6790010929107666 
v -0.0467386469244957 -0.045199889689683914 -2.6790010929107666 
v -0.05222940444946289 -0.05481193587183952 -2.6790010929107666 
v -0.051912352442741394 -0.054941825568675995 -2.6790010929107666 
v -0.055476777255535126 -0.06542675197124481 -2.6790010929107666 
v -0.05514051020145416 -0.06549429148435593 -2.6790010929107666 
v -0.0565960668027401 -0.07644683122634888 -2.6790010929107666 
v -0.05625499412417412 -0.07644683122634888 -2.6790010929107666 
v -0.055476777255535126 -0.08746691048145294 -2.6790010929107666 
v -0.05514051020145416 -0.08739936351776123 -2.6790010929107666 
v -0.05222940444946289 -0.09808172285556793 -2.6790010929107666 
v -0.051912352442741394 -0.0979466363787651 -2.6790010929107666 
v -0.047022074460983276 -0.10788081586360931 -2.6790010929107666 
v -0.0467386469244957 -0.10769376903772354 -2.6790010929107666 
v -0.04001811891794205 -0.11646410822868347 -2.6790010929107666 
v -0.03977792710065842 -0.11622510850429535 -2.6790010929107666 
v -0.03143370896577835 -0.12346791476011276 -2.6790010929107666 
v -0.031246360391378403 -0.12318215519189835 -2.6790010929107666 
v -0.02163393795490265 -0.1286740005016327 -2.6790010929107666 
v -0.0215042345225811 -0.12835706770420074 -2.6790010929107666 
v -0.011017517186701298 -0.13192132115364075 -2.6790010929107666 
v -0.010955067351460457 -0.13158878684043884 -2.6790010929107666 
v 0.000002423040086796391 -0.1330435872077942 -2.6790010929107666 
v 0.000002423040086796391 -0.13270066678524017 -2.6790010929107666 
v 0.000002423040086796391 -0.1333865076303482 -2.6790010929107666 
v -0.011084770783782005 -0.1322590410709381 -2.6790010929107666 
v -0.021763639524579048 -0.12899094820022583 -2.6790010929107666 
v -0.031625863164663315 -0.12374848127365112 -2.6790010929107666 
v -0.040263112634420395 -0.11670830845832825 -2.6790010929107666 
v -0.04730549827218056 -0.10807305574417114 -2.6790010929107666 
v -0.05254645273089409 -0.0982116162776947 -2.6790010929107666 
v -0.05581304430961609 -0.08753444999456406 -2.6790010929107666 
v -0.05693713575601578 -0.07644683122634888 -2.6790010929107666 
v -0.05581304430961609 -0.0653592050075531 -2.6790010929107666 
v -0.05254645273089409 -0.05468204244971275 -2.6790010929107666 
v -0.04730549827218056 -0.04482060298323631 -2.6790010929107666 
v -0.040263112634420395 -0.03618535026907921 -2.6790010929107666 
v -0.031625863164663315 -0.029139980673789978 -2.6790010929107666 
v -0.021763639524579048 -0.023902714252471924 -2.6790010929107666 
v -0.011084770783782005 -0.020634617656469345 -2.6790010929107666 
v 0.000002423040086796391 -0.01950715109705925 -2.6790010929107666 
v 0.011084812693297863 -0.020634617656469345 -2.6790010929107666 
v 0.02176368236541748 -0.023902714252471924 -2.6790010929107666 
v 0.0316259041428566 -0.029139980673789978 -2.6790010929107666 
v 0.04026315361261368 -0.03618535026907921 -2.6790010929107666 
v 0.04730553925037384 -0.04482060298323631 -2.6790010929107666 
v 0.05254649743437767 -0.05468204244971275 -2.6790010929107666 
v 0.05581308901309967 -0.0653592050075531 -2.6790010929107666 
v 0.05693718045949936 -0.07644683122634888 -2.6790010929107666 
v 0.05581308901309967 -0.08753444999456406 -2.6790010929107666 
v 0.056149356067180634 -0.08759680390357971 -2.6790010929107666 
v 0.057283055037260056 -0.07644683122634888 -2.6790010929107666 
v 0.056149356067180634 -0.06529165804386139 -2.6790010929107666 
v 0.05285874381661415 -0.05455214902758598 -2.6790010929107666 
v 0.04758896306157112 -0.044628363102674484 -2.6790010929107666 
v 0.04050334542989731 -0.03594115003943443 -2.6790010929107666 
v 0.03181805834174156 -0.02885941043496132 -2.6790010929107666 
v 0.02189338579773903 -0.02358577772974968 -2.6790010929107666 
v 0.01115206629037857 -0.020296897739171982 -2.6790010929107666 
v 0.000002423040086796391 -0.019164234399795532 -2.6790010929107666 
v -0.011152023449540138 -0.020296897739171982 -2.6790010929107666 
v -0.021893342956900597 -0.02358577772974968 -2.6790010929107666 
v -0.03181801363825798 -0.02885941043496132 -2.6790010929107666 
v -0.040503304451704025 -0.03594115003943443 -2.6790010929107666 
v -0.04758892208337784 -0.044628363102674484 -2.6790010929107666 
v -0.05285870283842087 -0.05455214902758598 -2.6790010929107666 
v -0.05614931136369705 -0.06529165804386139 -2.6790010929107666 
v -0.057283010333776474 -0.07644683122634888 -2.6790010929107666 
v -0.05614931136369705 -0.08759680390357971 -2.6790010929107666 
v -0.05285870283842087 -0.09834150969982147 -2.6790010929107666 
v -0.04758892208337784 -0.10826010257005692 -2.6790010929107666 
v -0.040503304451704025 -0.11694730818271637 -2.6790010929107666 
v -0.03181801363825798 -0.12403424829244614 -2.6790010929107666 
v -0.021893342956900597 -0.12930788099765778 -2.6790010929107666 
v -0.011152023449540138 -0.13259156048297882 -2.6790010929107666 
v 0.000002423040086796391 -0.13372942805290222 -2.6790010929107666 
v 0.000002423040086796391 -0.13406714797019958 -2.6790010929107666 
v -0.011219277046620846 -0.13292928040027618 -2.6790010929107666 
v -0.02202785015106201 -0.12961962819099426 -2.6790010929107666 
v -0.03200536221265793 -0.12432000786066055 -2.6790010929107666 
v -0.04074349254369736 -0.11719150841236115 -2.6790010929107666 
v -0.04787234589457512 -0.10845234245061874 -2.6790010929107666 
v -0.053175754845142365 -0.09847140312194824 -2.6790010929107666 
v -0.0564807765185833 -0.08766434341669083 -2.6790010929107666 
v -0.05762408301234245 -0.07644683122634888 -2.6790010929107666 
v -0.0564807765185833 -0.06522411853075027 -2.6790010929107666 
v -0.053175754845142365 -0.05442225560545921 -2.6790010929107666 
v -0.04787234589457512 -0.04444131627678871 -2.6790010929107666 
v -0.04074349254369736 -0.03570215031504631 -2.6790010929107666 
v -0.03200536221265793 -0.028573647141456604 -2.6790010929107666 
v -0.02202785015106201 -0.023268837481737137 -2.6790010929107666 
v -0.011219277046620846 -0.019964374601840973 -2.6790010929107666 
v 0.000002423040086796391 -0.018821317702531815 -2.6790010929107666 
v 0.011219318956136703 -0.019964374601840973 -2.6790010929107666 
v 0.022027891129255295 -0.023268837481737137 -2.6790010929107666 
v 0.03200540691614151 -0.028573647141456604 -2.6790010929107666 
v 0.04074353724718094 -0.03570215031504631 -2.6790010929107666 
v 0.0478723905980587 -0.04444131627678871 -2.6790010929107666 
v 0.05317579582333565 -0.05442225560545921 -2.6790010929107666 
v 0.05648081749677658 -0.06522411853075027 -2.6790010929107666 
v 0.057624123990535736 -0.07644683122634888 -2.6790010929107666 
v 0.05648081749677658 -0.08766434341669083 -2.6790010929107666 
v 0.05285874381661415 -0.09834150969982147 -2.6790010929107666 
v 0.04730553925037384 -0.10807305574417114 -2.6790010929107666 
v 0.04001815989613533 -0.11646410822868347 -2.6790010929107666 
v 0.031246403232216835 -0.12318215519189835 -2.6790010929107666 
v 0.03143375366926193 -0.12346791476011276 -2.6790010929107666 
v 0.021504277363419533 -0.12835706770420074 -2.6790010929107666 
v 0.021633978933095932 -0.1286740005016327 -2.6790010929107666 
v 0.01095511019229889 -0.13158878684043884 -2.6790010929107666 
v 0.011022362858057022 -0.13192132115364075 -2.6790010929107666 
v 0.000002423040086796391 -0.13270066678524017 -2.6790010929107666 
v 0.000002423040086796391 -0.1330435872077942 -2.6790010929107666 
v 0.011084812693297863 -0.1322590410709381 -2.6790010929107666 
v 0.000002423040086796391 -0.1333865076303482 -2.6790010929107666 
v 0.000002423040086796391 -0.13440486788749695 -2.6790010929107666 
v 0.02176368236541748 -0.12899094820022583 -2.6790010929107666 
v 0.0316259041428566 -0.12374848127365112 -2.6790010929107666 
v 0.04026315361261368 -0.11670830845832825 -2.6790010929107666 
v 0.04758896306157112 -0.10826010257005692 -2.6790010929107666 
v 0.05317579582333565 -0.09847140312194824 -2.6790010929107666 
v 0.05681227892637253 -0.08773189038038254 -2.6790010929107666 
v 0.0579603910446167 -0.07644683122634888 -2.6790010929107666 
v 0.05681227892637253 -0.06516176462173462 -2.6790010929107666 
v 0.05348804220557213 -0.05429236590862274 -2.6790010929107666 
v 0.04815581440925598 -0.04425426945090294 -2.6790010929107666 
v 0.04098372533917427 -0.03546314686536789 -2.6790010929107666 
v 0.03219275549054146 -0.028293080627918243 -2.6790010929107666 
v 0.022157594561576843 -0.022957097738981247 -2.6790010929107666 
v 0.011286572553217411 -0.019631847739219666 -2.6790010929107666 
v 0.000002423040086796391 -0.01848359778523445 -2.6790010929107666 
v -0.011286530643701553 -0.019631847739219666 -2.6790010929107666 
v -0.02215755172073841 -0.022957097738981247 -2.6790010929107666 
v -0.03219271078705788 -0.028293080627918243 -2.6790010929107666 
v -0.04098368436098099 -0.03546314686536789 -2.6790010929107666 
v -0.0481557734310627 -0.04425426945090294 -2.6790010929107666 
v -0.053488001227378845 -0.05429236590862274 -2.6790010929107666 
v -0.056812237948179245 -0.06516176462173462 -2.6790010929107666 
v -0.057960350066423416 -0.07644683122634888 -2.6790010929107666 
v -0.056812237948179245 -0.08773189038038254 -2.6790010929107666 
v -0.053488001227378845 -0.09860129654407501 -2.6790010929107666 
v -0.0481557734310627 -0.10863938927650452 -2.6790010929107666 
v -0.04098368436098099 -0.11743050813674927 -2.6790010929107666 
v -0.03219271078705788 -0.12460057437419891 -2.6790010929107666 
v -0.02215755172073841 -0.12993136048316956 -2.6790010929107666 
v -0.011286530643701553 -0.1332618147134781 -2.6790010929107666 
v 0.000002423040086796391 -0.13472700119018555 -2.67897891998291 
v -0.01134897954761982 -0.13357354700565338 -2.67897891998291 
v 0.000002423040086796391 -0.13500237464904785 -2.6788904666900635 
v -0.011401821859180927 -0.13384373486042023 -2.6788904666900635 
v 0.000002423040086796391 -0.1352153867483139 -2.6787357330322266 
v -0.011445056647062302 -0.13405674695968628 -2.6787357330322266 
v 0.000002423040086796391 -0.13535568118095398 -2.6784703731536865 
v -0.011469075456261635 -0.1341918408870697 -2.6784703731536865 
v 0.000002423040086796391 -0.13543881475925446 -2.6780283451080322 
v -0.011483486741781235 -0.13427497446537018 -2.6780283451080322 
v 0.000002423040086796391 -0.1354907602071762 -2.677276849746704 
v -0.011493094265460968 -0.13432173430919647 -2.677276849746704 
v 0.000002423040086796391 -0.13553233444690704 -2.6761274337768555 
v -0.011497898027300835 -0.1343632936477661 -2.6761274337768555 
v 0.000002423040086796391 -0.13561546802520752 -2.673673629760742 
v -0.011512309312820435 -0.13444122672080994 -2.673673629760742 
v 0.000002423040086796391 -0.13587523996829987 -2.6657159328460693 
v -0.011545936577022076 -0.13470101356506348 -2.6657159328460693 
v 0.000002423040086796391 -0.13648833334445953 -2.64728045463562 
v -0.01163240522146225 -0.13530892133712769 -2.64728045463562 
v 0.000002423040086796391 -0.13761579990386963 -2.6133716106414795 
v -0.011790930293500423 -0.13641560077667236 -2.6133716106414795 
v 0.000002423040086796391 -0.1393200010061264 -2.5613808631896973 
v -0.01203112117946148 -0.13809899985790253 -2.5613808631896973 
v 0.000002423040086796391 -0.14127357304096222 -2.4983155727386475 
v -0.012314545921981335 -0.140021413564682 -2.4983155727386475 
v 0.000002423040086796391 -0.14304012060165405 -2.433614492416382 
v -0.012602774426341057 -0.14175677299499512 -2.433614492416382 
v 0.000002423040086796391 -0.1441831737756729 -2.376694440841675 
v -0.012838161550462246 -0.14287905395030975 -2.376694440841675 
v 0.000002423040086796391 -0.14438579976558685 -2.334717273712158 
v -0.012987079098820686 -0.14306609332561493 -2.334717273712158 
v 0.000002423040086796391 -0.1437831073999405 -2.3056492805480957 
v -0.013063940219581127 -0.14245299994945526 -2.3056492805480957 
v 0.000002423040086796391 -0.1426192671060562 -2.28518009185791 
v -0.013092762790620327 -0.14128915965557098 -2.28518009185791 
v 0.000002423040086796391 -0.14114367961883545 -2.2689993381500244 
v -0.013097566552460194 -0.1398135870695114 -2.2689993381500244 
v 0.000002423040086796391 -0.13956418633460999 -2.2532827854156494 
v -0.013092762790620327 -0.13823409378528595 -2.2532827854156494 
v 0.000002423040086796391 -0.13792754709720612 -2.2359745502471924 
v -0.013063940219581127 -0.13659745454788208 -2.2359745502471924 
v 0.000002423040086796391 -0.13624414801597595 -2.215461254119873 
v -0.01298227533698082 -0.13492442667484283 -2.215461254119873 
v 0.000002423040086796391 -0.13452956080436707 -2.1901731491088867 
v -0.012828553095459938 -0.13322024047374725 -2.1901731491088867 
v 0.000002423040086796391 -0.13281497359275818 -2.1592042446136475 
v -0.012593166902661324 -0.13152125477790833 -2.1592042446136475 
v 0.000002423040086796391 -0.13126146793365479 -2.1246321201324463 
v -0.012372191064059734 -0.1299833208322525 -2.1246321201324463 
v 0.000002423040086796391 -0.1300404816865921 -2.0892200469970703 
v -0.012266507372260094 -0.12876753509044647 -2.0892200469970703 
v 0.000002423040086796391 -0.1293390542268753 -2.055753231048584 
v -0.012396210804581642 -0.1280505210161209 -2.055753231048584 
v 0.000002423040086796391 -0.12927670776844025 -2.0263538360595703 
v -0.012828553095459938 -0.1279466152191162 -2.0263538360595703 
v 0.000002423040086796391 -0.12974432110786438 -2.0005130767822266 
v -0.013520302250981331 -0.12834668159484863 -2.0005130767822266 
v 0.000002423040086796391 -0.13055485486984253 -1.977015733718872 
v -0.01438018400222063 -0.12908446788787842 -1.977015733718872 
v 0.000002423040086796391 -0.1315472275018692 -1.9546897411346436 
v -0.015321730636060238 -0.12998852133750916 -1.9546897411346436 
v -0.028229568153619766 -0.12481360137462616 -1.977015733718872 
v -0.03008383885025978 -0.12546825408935547 -1.9546897411346436 
v -0.022277647629380226 -0.13022752106189728 -2.67897891998291 
v -0.026538627222180367 -0.12430442124605179 -2.0005130767822266 
v -0.02518395334482193 -0.12408620119094849 -2.0263538360595703 
v -0.02433367818593979 -0.12430962175130844 -2.055753231048584 
v -0.024083880707621574 -0.1250733882188797 -2.0892200469970703 
v -0.024285640567541122 -0.12627358734607697 -2.1246321201324463 
v -0.02472759038209915 -0.12776996195316315 -2.1592042446136475 
v -0.02518395334482193 -0.12941698729991913 -2.1901731491088867 
v -0.025491395965218544 -0.13108481466770172 -2.215461254119873 
v -0.025645118206739426 -0.132742241024971 -2.2359745502471924 
v -0.025702763348817825 -0.13437369465827942 -2.2532827854156494 
v -0.025712372735142708 -0.13595318794250488 -2.2689993381500244 
v -0.025702763348817825 -0.13742876052856445 -2.28518009185791 
v -0.025649921968579292 -0.13860298693180084 -2.3056492805480957 
v -0.02549619972705841 -0.13923686742782593 -2.334717273712158 
v -0.025203168392181396 -0.1390913873910904 -2.376694440841675 
v -0.024737197905778885 -0.13804185390472412 -2.433614492416382 
v -0.024179955944418907 -0.1363896280527115 -2.4983155727386475 
v -0.023617910221219063 -0.13455034792423248 -2.5613808631896973 
v -0.023147137835621834 -0.1329396814107895 -2.6133716106414795 
v -0.022834889590740204 -0.1318797469139099 -2.64728045463562 
v -0.02267155982553959 -0.13129784166812897 -2.6657159328460693 
v -0.02259950339794159 -0.13104844093322754 -2.673673629760742 
v -0.022575484588742256 -0.13097570836544037 -2.6761274337768555 
v -0.022561073303222656 -0.13093413412570953 -2.677276849746704 
v -0.022546662017703056 -0.13088737428188324 -2.6780283451080322 
v -0.022517837584018707 -0.13080944120883942 -2.6784703731536865 
v -0.022464996203780174 -0.13067954778671265 -2.6787357330322266 
v -0.02238333225250244 -0.13048210740089417 -2.6788904666900635 
v -0.03237045183777809 -0.1248655617237091 -2.67897891998291 
v -0.04120946303009987 -0.11765392869710922 -2.67897891998291 
v -0.03252417594194412 -0.12509417533874512 -2.6788904666900635 
v -0.03264426812529564 -0.12527082860469818 -2.6787357330322266 
v -0.032721132040023804 -0.12539032101631165 -2.6784703731536865 
v -0.032764364033937454 -0.12545786798000336 -2.6780283451080322 
v -0.03278838470578194 -0.12550462782382965 -2.677276849746704 
v -0.03280279412865639 -0.12554100155830383 -2.6761274337768555 
v -0.0328364223241806 -0.12560854852199554 -2.673673629760742 
v -0.03294210508465767 -0.12584234774112701 -2.6657159328460693 
v -0.0331822969019413 -0.12637750804424286 -2.64728045463562 
v -0.03363385424017906 -0.12736988067626953 -2.6133716106414795 
v -0.03431599587202072 -0.12886624038219452 -2.5613808631896973 
v -0.03513264283537865 -0.1305704414844513 -2.4983155727386475 
v -0.03594928979873657 -0.1320875883102417 -2.433614492416382 
v -0.0366218239068985 -0.13302800059318542 -2.376694440841675 
v -0.03704936429858208 -0.1331007480621338 -2.334717273712158 
v -0.03727033734321594 -0.13243049383163452 -2.3056492805480957 
v -0.037352003157138824 -0.13124068081378937 -2.28518009185791 
v -0.03736161068081856 -0.12975990772247314 -2.2689993381500244 
v -0.03734720125794411 -0.12818561494350433 -2.2532827854156494 
v -0.037265535444021225 -0.12656454741954803 -2.2359745502471924 
v -0.037039756774902344 -0.12493830174207687 -2.215461254119873 
v -0.0365930013358593 -0.12331724166870117 -2.1901731491088867 
v -0.035930074751377106 -0.12175333499908447 -2.1592042446136475 
v -0.035291168838739395 -0.12032971531152725 -2.1246321201324463 
v -0.034993331879377365 -0.11915028840303421 -2.0892200469970703 
v -0.03535842150449753 -0.11831897497177124 -2.055753231048584 
v -0.036597806960344315 -0.11790332198143005 -2.0263538360595703 
v -0.03856256231665611 -0.11782018840312958 -2.0005130767822266 
v -0.041017308831214905 -0.11797086149454117 -1.977015733718872 
v -0.04371224716305733 -0.11822545528411865 -1.9546897411346436 
v -0.05221979692578316 -0.10876927524805069 -1.977015733718872 
v -0.05564971640706062 -0.10849390923976898 -1.9546897411346436 
v -0.04909251630306244 -0.10910700261592865 -2.0005130767822266 
v -0.04658972844481468 -0.1095850020647049 -2.0263538360595703 
v -0.04500927776098251 -0.11026044189929962 -2.055753231048584 
v -0.044552914798259735 -0.11119047552347183 -2.0892200469970703 
v -0.04492761194705963 -0.11233872920274734 -2.1246321201324463 
v -0.04573945701122284 -0.11366362869739532 -2.1592042446136475 
v -0.04658972844481468 -0.11512362211942673 -2.1901731491088867 
v -0.047151774168014526 -0.11666674166917801 -2.215461254119873 
v -0.04744000360369682 -0.11826182156801224 -2.2359745502471924 
v -0.047550491988658905 -0.11986729502677917 -2.2532827854156494 
v -0.047564905136823654 -0.12144159525632858 -2.2689993381500244 
v -0.047550491988658905 -0.1229223683476448 -2.28518009185791 
v -0.04744480922818184 -0.12412776798009872 -2.3056492805480957 
v -0.047166187316179276 -0.12484996765851974 -2.334717273712158 
v -0.04661855474114418 -0.12487075477838516 -2.376694440841675 
v -0.04576347395777702 -0.12408100813627243 -2.433614492416382 
v -0.044725850224494934 -0.12274571508169174 -2.4983155727386475 
v -0.04368823021650314 -0.12122337520122528 -2.5613808631896973 
v -0.04281393438577652 -0.11987768858671188 -2.6133716106414795 
v -0.04224708676338196 -0.11898922175168991 -2.64728045463562 
v -0.04193483665585518 -0.11850602179765701 -2.6657159328460693 
v -0.04180033132433891 -0.11829819530248642 -2.673673629760742 
v -0.04176190122961998 -0.11823584884405136 -2.6761274337768555 
v -0.0417378805577755 -0.11819947510957718 -2.677276849746704 
v -0.0417090579867363 -0.1181631088256836 -2.6780283451080322 
v -0.0416514128446579 -0.11810595542192459 -2.6784703731536865 
v -0.041555337607860565 -0.1180020421743393 -2.6787357330322266 
v -0.04140641912817955 -0.1178513616323471 -2.6788904666900635 
v -0.04841998219490051 -0.10881604254245758 -2.67897891998291 
v -0.05378103256225586 -0.09872079640626907 -2.67897891998291 
v -0.048645760864019394 -0.10897190868854523 -2.6788904666900635 
v -0.04882350191473961 -0.10909140855073929 -2.6787357330322266 
v -0.04893879219889641 -0.10916934907436371 -2.6784703731536865 
v -0.04900604486465454 -0.10921610891819 -2.6780283451080322 
v -0.04903967306017876 -0.10924728214740753 -2.677276849746704 
v -0.04906369373202324 -0.10927845537662506 -2.6761274337768555 
v -0.049111731350421906 -0.10933041572570801 -2.673673629760742 
v -0.049270257353782654 -0.10951226204633713 -2.6657159328460693 
v -0.04963534697890282 -0.10992792248725891 -2.64728045463562 
v -0.05030307546257973 -0.11069688200950623 -2.6133716106414795 
v -0.05132628604769707 -0.11185552924871445 -2.5613808631896973 
v -0.052551258355379105 -0.11315444856882095 -2.4983155727386475 
v -0.05376662313938141 -0.11426632851362228 -2.433614492416382 
v -0.054775420576334 -0.1148742288351059 -2.376694440841675 
v -0.05541433021426201 -0.11473394185304642 -2.334717273712158 
v -0.055745791643857956 -0.1139545887708664 -2.3056492805480957 
v -0.05586588755249977 -0.112723208963871 -2.28518009185791 
v -0.05588510259985924 -0.11123723536729813 -2.2689993381500244 
v -0.05586588755249977 -0.10966813564300537 -2.2532827854156494 
v -0.05574098974466324 -0.1080782487988472 -2.2359745502471924 
v -0.05539991706609726 -0.10652992874383926 -2.215461254119873 
v -0.054736990481615067 -0.10507513582706451 -2.1901731491088867 
v -0.053742602467536926 -0.10375022888183594 -2.1592042446136475 
v -0.05278664454817772 -0.10253963619470596 -2.1246321201324463 
v -0.05234469473361969 -0.10142775624990463 -2.0892200469970703 
v -0.05288271978497505 -0.10038341581821442 -2.055753231048584 
v -0.054736990481615067 -0.09938584268093109 -2.0263538360595703 
v -0.05768172815442085 -0.09842464327812195 -2.0005130767822266 
v -0.06135183945298195 -0.09748421609401703 -1.977015733718872 
v -0.06538704037666321 -0.09655418992042542 -1.9546897411346436 
v -0.06814923137426376 -0.08459888398647308 -1.977015733718872 
v -0.07262638211250305 -0.08292586356401443 -1.9546897411346436 
v -0.06407079845666885 -0.08622513711452484 -2.0005130767822266 
v -0.06079940125346184 -0.08774228394031525 -2.0263538360595703 
v -0.058743368834257126 -0.08910355716943741 -2.055753231048584 
v -0.05814289301633835 -0.09028297662734985 -2.0892200469970703 
v -0.058632880449295044 -0.09135328978300095 -2.1246321201324463 
v -0.059694524854421616 -0.09242360293865204 -2.1592042446136475 
v -0.06079940125346184 -0.09359783679246902 -2.1901731491088867 
v -0.06153438240289688 -0.09495390951633453 -2.215461254119873 
v -0.06191388517618179 -0.09645027667284012 -2.2359745502471924 
v -0.062053196132183075 -0.09801937639713287 -2.2532827854156494 
v -0.06207241117954254 -0.09958847612142563 -2.2689993381500244 
v -0.062053196132183075 -0.10107964277267456 -2.28518009185791 
v -0.06191868707537651 -0.10233180969953537 -2.3056492805480957 
v -0.06155359745025635 -0.10317870229482651 -2.334717273712158 
v -0.06084263324737549 -0.10345407575368881 -2.376694440841675 
v -0.059723347425460815 -0.10305920243263245 -2.433614492416382 
v -0.058373477309942245 -0.10219671577215195 -2.4983155727386475 
v -0.05701399967074394 -0.10115238279104233 -2.5613808631896973 
v -0.055875495076179504 -0.100211963057518 -2.6133716106414795 
v -0.05513090267777443 -0.09958328306674957 -2.64728045463562 
v -0.05472738295793533 -0.09924036264419556 -2.6657159328460693 
v -0.054554447531700134 -0.09909488260746002 -2.673673629760742 
v -0.05450160428881645 -0.09904812276363373 -2.6761274337768555 
v -0.05447278171777725 -0.09902734309434891 -2.677276849746704 
v -0.05443435162305832 -0.09900136291980743 -2.6780283451080322 
v -0.05436229333281517 -0.09896498918533325 -2.6784703731536865 
v -0.05423259362578392 -0.0989130362868309 -2.6787357330322266 
v -0.05403563380241394 -0.09882990270853043 -2.6788904666900635 
v -0.057124484330415726 -0.0877942368388176 -2.67897891998291 
v -0.058277398347854614 -0.07644683122634888 -2.67897891998291 
v -0.05739830434322357 -0.08784619718790054 -2.6788904666900635 
v -0.057604867964982986 -0.08789295703172684 -2.6787357330322266 
v -0.05773937329649925 -0.08791893720626831 -2.6784703731536865 
v -0.05781623348593712 -0.08793971687555313 -2.6780283451080322 
v -0.05785946920514107 -0.0879553034901619 -2.677276849746704 
v -0.05788829177618027 -0.08797089010477066 -2.6761274337768555 
v -0.05794593691825867 -0.08800726383924484 -2.673673629760742 
v -0.058133285492658615 -0.0881163701415062 -2.6657159328460693 
v -0.058560825884342194 -0.08837615698575974 -2.64728045463562 
v -0.05935345217585564 -0.08885416388511658 -2.6133716106414795 
v -0.06055920943617821 -0.08956597000360489 -2.5613808631896973 
v -0.06200035288929939 -0.0903349369764328 -2.4983155727386475 
v -0.06343669444322586 -0.090922050178051 -2.433614492416382 
v -0.06462322920560837 -0.09108830988407135 -2.376694440841675 
v -0.06538223475217819 -0.09067265689373016 -2.334717273712158 
v -0.06577134132385254 -0.0897478237748146 -2.3056492805480957 
v -0.06591545790433884 -0.08846967667341232 -2.28518009185791 
v -0.0659346729516983 -0.08697331696748734 -2.2689993381500244 
v -0.06591065227985382 -0.08540941029787064 -2.2532827854156494 
v -0.06576654314994812 -0.0838610902428627 -2.2359745502471924 
v -0.06536301970481873 -0.08242188394069672 -2.215461254119873 
v -0.06458000093698502 -0.08117491751909256 -2.1901731491088867 
v -0.06340786814689636 -0.08016175776720047 -2.1592042446136475 
v -0.062278974801301956 -0.07923691719770432 -2.1246321201324463 
v -0.06176016107201576 -0.07821336388587952 -2.0892200469970703 
v -0.062394265085458755 -0.07688846439123154 -2.055753231048584 
v -0.06458479911088943 -0.07513231784105301 -2.0263538360595703 
v -0.06805795431137085 -0.07301247119903564 -2.0005130767822266 
v -0.07238619029521942 -0.0706484243273735 -1.977015733718872 
v -0.07714676856994629 -0.0681648850440979 -1.9546897411346436 
v -0.07384654879570007 -0.05616801232099533 -1.977015733718872 
v -0.07870320230722427 -0.05284276232123375 -1.9546897411346436 
v -0.0694318488240242 -0.05929582193493843 -2.0005130767822266 
v -0.06588663160800934 -0.06204434856772423 -2.0263538360595703 
v -0.06365286558866501 -0.06420575827360153 -2.055753231048584 
v -0.06300435215234756 -0.0656813383102417 -2.0892200469970703 
v -0.06353757530450821 -0.06666332483291626 -2.1246321201324463 
v -0.06468567997217178 -0.06743229180574417 -2.1592042446136475 
v -0.06588663160800934 -0.06827399134635925 -2.1901731491088867 
v -0.0666840672492981 -0.069406658411026 -2.215461254119873 
v -0.06709238886833191 -0.07078871130943298 -2.2359745502471924 
v -0.06724131107330322 -0.07231105118989944 -2.2532827854156494 
v -0.0672653317451477 -0.0738801509141922 -2.2689993381500244 
v -0.06724611669778824 -0.07537651807069778 -2.28518009185791 
v -0.06709719449281693 -0.076685830950737 -2.3056492805480957 
v -0.06670328229665756 -0.07768340408802032 -2.334717273712158 
v -0.06592986732721329 -0.07825493067502975 -2.376694440841675 
v -0.0647193118929863 -0.07831727713346481 -2.433614492416382 
v -0.06325414776802063 -0.07802112400531769 -2.4983155727386475 
v -0.061784181743860245 -0.07753792405128479 -2.5613808631896973 
v -0.060549601912498474 -0.0770651176571846 -2.6133716106414795 
v -0.05974256247282028 -0.076742984354496 -2.64728045463562 
v -0.05930541455745697 -0.076571524143219 -2.6657159328460693 
v -0.05911806598305702 -0.07649878412485123 -2.673673629760742 
v -0.05906042084097862 -0.07647280395030975 -2.6761274337768555 
v -0.05902679264545441 -0.07646241784095764 -2.677276849746704 
v -0.058983560651540756 -0.07645721733570099 -2.6780283451080322 
v -0.05890670046210289 -0.07645202428102493 -2.6784703731536865 
v -0.05876738950610161 -0.07644683122634888 -2.6787357330322266 
v -0.05855602025985718 -0.07644683122634888 -2.6788904666900635 
v -0.057124484330415726 -0.06509941816329956 -2.67897891998291 
v -0.05378103256225586 -0.054167669266462326 -2.67897891998291 
v -0.05739830434322357 -0.06504746526479721 -2.6788904666900635 
v -0.057604867964982986 -0.06500589847564697 -2.6787357330322266 
v -0.05773937329649925 -0.0649799183011055 -2.6784703731536865 
v -0.05781623348593712 -0.06496952474117279 -2.6780283451080322 
v -0.05785946920514107 -0.06496952474117279 -2.677276849746704 
v -0.05788829177618027 -0.06497472524642944 -2.6761274337768555 
v -0.05794593691825867 -0.06498511135578156 -2.673673629760742 
v -0.058133285492658615 -0.06502148509025574 -2.6657159328460693 
v -0.058560825884342194 -0.06510981172323227 -2.64728045463562 
v -0.05935345217585564 -0.06527607142925262 -2.6133716106414795 
v -0.06055920943617821 -0.06550987809896469 -2.5613808631896973 
v -0.06200035288929939 -0.06570211797952652 -2.4983155727386475 
v -0.06343669444322586 -0.06571770459413528 -2.433614492416382 
v -0.06462322920560837 -0.0654163584113121 -2.376694440841675 
v -0.06538223475217819 -0.06469415873289108 -2.334717273712158 
v -0.06577134132385254 -0.06361864507198334 -2.3056492805480957 
v -0.06591545790433884 -0.06228335201740265 -2.28518009185791 
v -0.0659346729516983 -0.06078179180622101 -2.2689993381500244 
v -0.06591065227985382 -0.05921788886189461 -2.2532827854156494 
v -0.06576654314994812 -0.057716332376003265 -2.2359745502471924 
v -0.06536301970481873 -0.05639142543077469 -2.215461254119873 
v -0.06458000093698502 -0.055373068898916245 -2.1901731491088867 
v -0.06340786814689636 -0.05470282584428787 -2.1592042446136475 
v -0.062278974801301956 -0.05408453568816185 -2.1246321201324463 
v -0.06176016107201576 -0.05314930900931358 -2.0892200469970703 
v -0.062394265085458755 -0.05152825266122818 -2.055753231048584 
v -0.06458479911088943 -0.04895118623971939 -2.0263538360595703 
v -0.06805795431137085 -0.04557917267084122 -2.0005130767822266 
v -0.07238619029521942 -0.041682399809360504 -1.977015733718872 
v -0.07714676856994629 -0.03751544654369354 -1.9546897411346436 
v -0.06814923137426376 -0.027731943875551224 -1.977015733718872 
v -0.07262638211250305 -0.022759661078453064 -1.9546897411346436 
v -0.06407079845666885 -0.032371703535318375 -2.0005130767822266 
v -0.06079940125346184 -0.03634122014045715 -2.0263538360595703 
v -0.058743368834257126 -0.03931315988302231 -2.055753231048584 
v -0.05814289301633835 -0.041079699993133545 -2.0892200469970703 
v -0.058632880449295044 -0.04196816310286522 -2.1246321201324463 
v -0.059694524854421616 -0.04244097322225571 -2.1592042446136475 
v -0.06079940125346184 -0.04295014962553978 -2.1901731491088867 
v -0.06153438240289688 -0.04385939612984657 -2.215461254119873 
v -0.06191388517618179 -0.04512714967131615 -2.2359745502471924 
v -0.062053196132183075 -0.04660792276263237 -2.2532827854156494 
v -0.06207241117954254 -0.048166632652282715 -2.2689993381500244 
v -0.062053196132183075 -0.04967338591814041 -2.28518009185791 
v -0.06191868707537651 -0.05103465914726257 -2.3056492805480957 
v -0.06155359745025635 -0.05218810588121414 -2.334717273712158 
v -0.06084263324737549 -0.05305059254169464 -2.376694440841675 
v -0.059723347425460815 -0.05358055233955383 -2.433614492416382 
v -0.058373477309942245 -0.05384033918380737 -2.4983155727386475 
v -0.05701399967074394 -0.05392346903681755 -2.5613808631896973 
v -0.055875495076179504 -0.053918272256851196 -2.6133716106414795 
v -0.05513090267777443 -0.053907882422208786 -2.64728045463562 
v -0.05472738295793533 -0.05390268564224243 -2.6657159328460693 
v -0.054554447531700134 -0.053897492587566376 -2.673673629760742 
v -0.05450160428881645 -0.053897492587566376 -2.6761274337768555 
v -0.05447278171777725 -0.053897492587566376 -2.677276849746704 
v -0.05443435162305832 -0.053907882422208786 -2.6780283451080322 
v -0.05436229333281517 -0.05393386259675026 -2.6784703731536865 
v -0.05423259362578392 -0.05398581922054291 -2.6787357330322266 
v -0.05403563380241394 -0.05406375229358673 -2.6788904666900635 
v -0.04841998219490051 -0.044077616184949875 -2.67897891998291 
v -0.04120946303009987 -0.03523453697562218 -2.67897891998291 
v -0.048645760864019394 -0.04392174631357193 -2.6788904666900635 
v -0.04882350191473961 -0.043807439506053925 -2.6787357330322266 
v -0.04893879219889641 -0.0437295064330101 -2.6784703731536865 
v -0.04900604486465454 -0.04369313642382622 -2.6780283451080322 
v -0.04903967306017876 -0.04367754980921745 -2.677276849746704 
v -0.04906369373202324 -0.0436723530292511 -2.6761274337768555 
v -0.049111731350421906 -0.04366195946931839 -2.673673629760742 
v -0.049270257353782654 -0.04363078624010086 -2.6657159328460693 
v -0.04963534697890282 -0.04356324300169945 -2.64728045463562 
v -0.05030307546257973 -0.04343334957957268 -2.6133716106414795 
v -0.05132628604769707 -0.04322032630443573 -2.5613808631896973 
v -0.052551258355379105 -0.04288780316710472 -2.4983155727386475 
v -0.05376662313938141 -0.042373426258563995 -2.433614492416382 
v -0.054775420576334 -0.04163563996553421 -2.376694440841675 
v -0.05541433021426201 -0.04063806310296059 -2.334717273712158 
v -0.055745791643857956 -0.039417073130607605 -2.3056492805480957 
v -0.05586588755249977 -0.038024626672267914 -2.28518009185791 
v -0.05588510259985924 -0.03651787340641022 -2.2689993381500244 
v -0.05586588755249977 -0.03495916351675987 -2.2532827854156494 
v -0.05574098974466324 -0.03349917382001877 -2.2359745502471924 
v -0.05539991706609726 -0.03228337690234184 -2.215461254119873 
v -0.054736990481615067 -0.03147285059094429 -2.1901731491088867 
v -0.053742602467536926 -0.031114347279071808 -2.1592042446136475 
v -0.05278664454817772 -0.0307818204164505 -2.1246321201324463 
v -0.05234469473361969 -0.029934920370578766 -2.0892200469970703 
v -0.05288271978497505 -0.028033293783664703 -2.055753231048584 
v -0.054736990481615067 -0.02469765767455101 -2.0263538360595703 
v -0.05768172815442085 -0.020172201097011566 -2.0005130767822266 
v -0.06135183945298195 -0.014846612699329853 -1.977015733718872 
v -0.06538704037666321 -0.009126146323978901 -1.9546897411346436 
v -0.05221979692578316 -0.0035667461343109608 -1.977015733718872 
v -0.05564971640706062 0.0028083804063498974 -1.9546897411346436 
v -0.04909251630306244 -0.009484645910561085 -2.0005130767822266 
v -0.04658972844481468 -0.014498499222099781 -2.0263538360595703 
v -0.04500927776098251 -0.018156271427869797 -2.055753231048584 
v -0.044552914798259735 -0.020172201097011566 -2.0892200469970703 
v -0.04492761194705963 -0.020982731133699417 -2.1246321201324463 
v -0.04573945701122284 -0.021195754408836365 -2.1592042446136475 
v -0.04658972844481468 -0.021424364298582077 -2.1901731491088867 
v -0.047151774168014526 -0.022146567702293396 -2.215461254119873 
v -0.04744000360369682 -0.02331560105085373 -2.2359745502471924 
v -0.047550491988658905 -0.02476000413298607 -2.2532827854156494 
v -0.047564905136823654 -0.02631351724267006 -2.2689993381500244 
v -0.047550491988658905 -0.02782546728849411 -2.28518009185791 
v -0.04744480922818184 -0.02923869714140892 -2.3056492805480957 
v -0.047166187316179276 -0.030516840517520905 -2.334717273712158 
v -0.04661855474114418 -0.03163391724228859 -2.376694440841675 
v -0.04576347395777702 -0.03255875036120415 -2.433614492416382 
v -0.044725850224494934 -0.03329134359955788 -2.4983155727386475 
v -0.04368823021650314 -0.033852480351924896 -2.5613808631896973 
v -0.04281393438577652 -0.03424735367298126 -2.6133716106414795 
v -0.04224708676338196 -0.03450194373726845 -2.64728045463562 
v -0.04193483665585518 -0.034637030214071274 -2.6657159328460693 
v -0.04180033132433891 -0.034694183617830276 -2.673673629760742 
v -0.04176190122961998 -0.03470977023243904 -2.6761274337768555 
v -0.0417378805577755 -0.034725356847047806 -2.677276849746704 
v -0.0417090579867363 -0.034746140241622925 -2.6780283451080322 
v -0.0416514128446579 -0.03479809686541557 -2.6784703731536865 
v -0.041555337607860565 -0.03489162027835846 -2.6787357330322266 
v -0.04140641912817955 -0.03504229336977005 -2.6788904666900635 
v -0.03237045183777809 -0.028028100728988647 -2.67897891998291 
v -0.022277647629380226 -0.022666137665510178 -2.67897891998291 
v -0.03252417594194412 -0.027799490839242935 -2.6788904666900635 
v -0.03264426812529564 -0.027622833847999573 -2.6787357330322266 
v -0.032721132040023804 -0.027513723820447922 -2.6784703731536865 
v -0.032764364033937454 -0.027451377362012863 -2.6780283451080322 
v -0.03278838470578194 -0.027420204132795334 -2.677276849746704 
v -0.03280279412865639 -0.027409810572862625 -2.6761274337768555 
v -0.0328364223241806 -0.02738383412361145 -2.673673629760742 
v -0.03294210508465767 -0.027300700545310974 -2.6657159328460693 
v -0.0331822969019413 -0.027108460664749146 -2.64728045463562 
v -0.03363385424017906 -0.026760350912809372 -2.6133716106414795 
v -0.03431599587202072 -0.026209603995084763 -2.5613808631896973 
v -0.03513264283537865 -0.025466620922088623 -2.4983155727386475 
v -0.03594928979873657 -0.024552177637815475 -2.433614492416382 
v -0.0366218239068985 -0.02347666770219803 -2.376694440841675 
v -0.03704936429858208 -0.02227126434445381 -2.334717273712158 
v -0.03727033734321594 -0.02094116434454918 -2.3056492805480957 
v -0.037352003157138824 -0.01950715109705925 -2.28518009185791 
v -0.03736161068081856 -0.017995204776525497 -2.2689993381500244 
v -0.03734720125794411 -0.016441691666841507 -2.2532827854156494 
v -0.037265535444021225 -0.015007679350674152 -2.2359745502471924 
v -0.037039756774902344 -0.013880212791264057 -2.215461254119873 
v -0.0365930013358593 -0.013230745680630207 -2.1901731491088867 
v -0.035930074751377106 -0.013111245818436146 -2.1592042446136475 
v -0.035291168838739395 -0.012991745956242085 -2.1246321201324463 
v -0.034993331879377365 -0.012212392874062061 -2.0892200469970703 
v -0.03535842150449753 -0.010097739286720753 -2.055753231048584 
v -0.036597806960344315 -0.006185379344969988 -2.0263538360595703 
v -0.03856256231665611 -0.0007714597159065306 -2.0005130767822266 
v -0.041017308831214905 0.005634840112179518 -1.977015733718872 
v -0.04371224716305733 0.012545119039714336 -1.9546897411346436 
v -0.028229568153619766 0.012482772581279278 -1.977015733718872 
v -0.03008383885025978 0.019787926226854324 -1.9546897411346436 
v -0.026538627222180367 0.005707580130547285 -2.0005130767822266 
v -0.02518395334482193 0.0000027003018203686224 -2.0263538360595703 
v -0.02433367818593979 -0.004107099492102861 -2.055753231048584 
v -0.024083880707621574 -0.0062892925925552845 -2.0892200469970703 
v -0.024285640567541122 -0.007047866005450487 -2.1246321201324463 
v -0.02472759038209915 -0.007094625849276781 -2.1592042446136475 
v -0.02518395334482193 -0.007136192638427019 -2.1901731491088867 
v -0.025491395965218544 -0.00772849889472127 -2.215461254119873 
v -0.025645118206739426 -0.008829985745251179 -2.2359745502471924 
v -0.025702763348817825 -0.010253612883388996 -2.2532827854156494 
v -0.025712372735142708 -0.011807125993072987 -2.2689993381500244 
v -0.025702763348817825 -0.013319072313606739 -2.28518009185791 
v -0.025649921968579292 -0.014763479121029377 -2.3056492805480957 
v -0.02549619972705841 -0.01612994447350502 -2.334717273712158 
v -0.025203168392181396 -0.01741328462958336 -2.376694440841675 
v -0.024737197905778885 -0.018597904592752457 -2.433614492416382 
v -0.024179955944418907 -0.01964743435382843 -2.4983155727386475 
v -0.023617910221219063 -0.020525507628917694 -2.5613808631896973 
v -0.023147137835621834 -0.02119055762887001 -2.6133716106414795 
v -0.022834889590740204 -0.02161141112446785 -2.64728045463562 
v -0.02267155982553959 -0.021840021014213562 -2.6657159328460693 
v -0.02259950339794159 -0.02194393426179886 -2.673673629760742 
v -0.022575484588742256 -0.021975111216306686 -2.6761274337768555 
v -0.022561073303222656 -0.02199069783091545 -2.677276849746704 
v -0.022546662017703056 -0.02202187106013298 -2.6780283451080322 
v -0.022517837584018707 -0.022089414298534393 -2.6784703731536865 
v -0.022464996203780174 -0.02221411094069481 -2.6787357330322266 
v -0.02238333225250244 -0.022411547601222992 -2.6788904666900635 
v -0.01134897954761982 -0.019320107996463776 -2.67897891998291 
v 0.000002423040086796391 -0.018166661262512207 -2.67897891998291 
v -0.011401821859180927 -0.019049931317567825 -2.6788904666900635 
v -0.011445056647062302 -0.018842101097106934 -2.6787357330322266 
v -0.011469075456261635 -0.018712211400270462 -2.6784703731536865 
v -0.011483486741781235 -0.018639471381902695 -2.6780283451080322 
v -0.011493094265460968 -0.01860310137271881 -2.677276849746704 
v -0.011497898027300835 -0.018582317978143692 -2.6761274337768555 
v -0.011512309312820435 -0.018551144748926163 -2.673673629760742 
v -0.011545936577022076 -0.018436837941408157 -2.6657159328460693 
v -0.01163240522146225 -0.01818224787712097 -2.64728045463562 
v -0.011790930293500423 -0.01771463453769684 -2.6133716106414795 
v -0.01203112117946148 -0.016976844519376755 -2.5613808631896973 
v -0.012314545921981335 -0.01601564511656761 -2.4983155727386475 
v -0.012602774426341057 -0.014882978983223438 -2.433614492416382 
v -0.012838161550462246 -0.013625619001686573 -2.376694440841675 
v -0.012987079098820686 -0.012300719507038593 -2.334717273712158 
v -0.013063940219581127 -0.010913466103374958 -2.3056492805480957 
v -0.013092762790620327 -0.009458665736019611 -2.28518009185791 
v -0.013097566552460194 -0.007941526360809803 -2.2689993381500244 
v -0.013092762790620327 -0.006393205840140581 -2.2532827854156494 
v -0.013063940219581127 -0.0049799722619354725 -2.2359745502471924 
v -0.01298227533698082 -0.0038888794369995594 -2.215461254119873 
v -0.012828553095459938 -0.003332939464598894 -2.1901731491088867 
v -0.012593166902661324 -0.003343333024531603 -2.1592042446136475 
v -0.012372191064059734 -0.00333813251927495 -2.1246321201324463 
v -0.012266507372260094 -0.002595145720988512 -2.0892200469970703 
v -0.012396210804581642 -0.0003661928349174559 -2.055753231048584 
v -0.012828553095459938 0.0038631069473922253 -2.0263538360595703 
v -0.013520302250981331 0.009755033068358898 -2.0005130767822266 
v -0.01438018400222063 0.01675364002585411 -1.977015733718872 
v -0.015321730636060238 0.024302992969751358 -1.9546897411346436 
v 0.000002423040086796391 0.018224019557237625 -1.977015733718872 
v 0.000002423040086796391 0.025861699134111404 -1.9546897411346436 
v 0.000002423040086796391 0.01114747952669859 -2.0005130767822266 
v 0.000002423040086796391 0.005193206947296858 -2.0263538360595703 
v 0.000002423040086796391 0.0009223403758369386 -2.055753231048584 
v 0.000002423040086796391 -0.001322199241258204 -2.0892200469970703 
v 0.000002423040086796391 -0.0020599928684532642 -2.1246321201324463 
v 0.000002423040086796391 -0.0020444062538444996 -2.1592042446136475 
v 0.000002423040086796391 -0.002018426079303026 -2.1901731491088867 
v 0.000002423040086796391 -0.0025691729970276356 -2.215461254119873 
v 0.000002423040086796391 -0.00364987226203084 -2.2359745502471924 
v 0.000002423040086796391 -0.0050631058402359486 -2.2532827854156494 
v 0.000002423040086796391 -0.006611425895243883 -2.2689993381500244 
v 0.000002423040086796391 -0.008128573186695576 -2.28518009185791 
v 0.000002423040086796391 -0.009583366103470325 -2.3056492805480957 
v 0.000002423040086796391 -0.010981005616486073 -2.334717273712158 
v 0.000002423040086796391 -0.012321499176323414 -2.376694440841675 
v 0.000002423040086796391 -0.0135996388271451 -2.433614492416382 
v 0.000002423040086796391 -0.014763479121029377 -2.4983155727386475 
v 0.000002423040086796391 -0.01575585827231407 -2.5613808631896973 
v 0.000002423040086796391 -0.016514431685209274 -2.6133716106414795 
v 0.000002423040086796391 -0.017002824693918228 -2.64728045463562 
v 0.000002423040086796391 -0.01726260781288147 -2.6657159328460693 
v 0.000002423040086796391 -0.017376914620399475 -2.673673629760742 
v 0.000002423040086796391 -0.01741328462958336 -2.6761274337768555 
v 0.000002423040086796391 -0.017434068024158478 -2.677276849746704 
v 0.000002423040086796391 -0.01747043803334236 -2.6780283451080322 
v 0.000002423040086796391 -0.01754317805171013 -2.6784703731536865 
v 0.000002423040086796391 -0.017678264528512955 -2.6787357330322266 
v 0.000002423040086796391 -0.017891287803649902 -2.6788904666900635 
v 0.011349022388458252 -0.019320107996463776 -2.67897891998291 
v 0.02227769047021866 -0.022666137665510178 -2.67897891998291 
v 0.011401863768696785 -0.019049931317567825 -2.6788904666900635 
v 0.01144509855657816 -0.018842101097106934 -2.6787357330322266 
v 0.011469117365777493 -0.018712211400270462 -2.6784703731536865 
v 0.011483528651297092 -0.018639471381902695 -2.6780283451080322 
v 0.011493136174976826 -0.01860310137271881 -2.677276849746704 
v 0.011497939936816692 -0.018582317978143692 -2.6761274337768555 
v 0.011512352153658867 -0.018551144748926163 -2.673673629760742 
v 0.011545978486537933 -0.018436837941408157 -2.6657159328460693 
v 0.011632447130978107 -0.01818224787712097 -2.64728045463562 
v 0.011790973134338856 -0.01771463453769684 -2.6133716106414795 
v 0.012031163088977337 -0.016976844519376755 -2.5613808631896973 
v 0.012314587831497192 -0.01601564511656761 -2.4983155727386475 
v 0.012602816335856915 -0.014882978983223438 -2.433614492416382 
v 0.012838203459978104 -0.013625619001686573 -2.376694440841675 
v 0.012987121008336544 -0.012300719507038593 -2.334717273712158 
v 0.013063982129096985 -0.010913466103374958 -2.3056492805480957 
v 0.01309280563145876 -0.009458665736019611 -2.28518009185791 
v 0.013097609393298626 -0.007941526360809803 -2.2689993381500244 
v 0.01309280563145876 -0.006393205840140581 -2.2532827854156494 
v 0.013063982129096985 -0.0049799722619354725 -2.2359745502471924 
v 0.012982317246496677 -0.0038888794369995594 -2.215461254119873 
v 0.01282859593629837 -0.003332939464598894 -2.1901731491088867 
v 0.012593208812177181 -0.003343333024531603 -2.1592042446136475 
v 0.012372233904898167 -0.00333813251927495 -2.1246321201324463 
v 0.012266550213098526 -0.002595145720988512 -2.0892200469970703 
v 0.0123962527140975 -0.0003661928349174559 -2.055753231048584 
v 0.01282859593629837 0.0038631069473922253 -2.0263538360595703 
v 0.013520344160497189 0.009755033068358898 -2.0005130767822266 
v 0.014380225911736488 0.01675364002585411 -1.977015733718872 
v 0.01532177347689867 0.024302992969751358 -1.9546897411346436 
v 0.0282296109944582 0.012482772581279278 -1.977015733718872 
v 0.030083881691098213 0.019787926226854324 -1.9546897411346436 
v 0.0265386700630188 0.005707580130547285 -2.0005130767822266 
v 0.025183994323015213 0.0000027003018203686224 -2.0263538360595703 
v 0.02433372102677822 -0.004107099492102861 -2.055753231048584 
v 0.024083921685814857 -0.0062892925925552845 -2.0892200469970703 
v 0.024285683408379555 -0.007047866005450487 -2.1246321201324463 
v 0.024727633222937584 -0.007094625849276781 -2.1592042446136475 
v 0.025183994323015213 -0.007136192638427019 -2.1901731491088867 
v 0.025491438806056976 -0.00772849889472127 -2.215461254119873 
v 0.025645161047577858 -0.008829985745251179 -2.2359745502471924 
v 0.025702806189656258 -0.010253612883388996 -2.2532827854156494 
v 0.02571241371333599 -0.011807125993072987 -2.2689993381500244 
v 0.025702806189656258 -0.013319072313606739 -2.28518009185791 
v 0.025649964809417725 -0.014763479121029377 -2.3056492805480957 
v 0.025496242567896843 -0.01612994447350502 -2.334717273712158 
v 0.02520320937037468 -0.01741328462958336 -2.376694440841675 
v 0.024737240746617317 -0.018597904592752457 -2.433614492416382 
v 0.02417999878525734 -0.01964743435382843 -2.4983155727386475 
v 0.023617953062057495 -0.020525507628917694 -2.5613808631896973 
v 0.023147178813815117 -0.02119055762887001 -2.6133716106414795 
v 0.022834932431578636 -0.02161141112446785 -2.64728045463562 
v 0.02267160266637802 -0.021840021014213562 -2.6657159328460693 
v 0.022599544376134872 -0.02194393426179886 -2.673673629760742 
v 0.02257552556693554 -0.021975111216306686 -2.6761274337768555 
v 0.02256111428141594 -0.02199069783091545 -2.677276849746704 
v 0.02254670299589634 -0.02202187106013298 -2.6780283451080322 
v 0.02251788042485714 -0.022089414298534393 -2.6784703731536865 
v 0.022465039044618607 -0.02221411094069481 -2.6787357330322266 
v 0.022383373230695724 -0.022411547601222992 -2.6788904666900635 
v 0.03237049654126167 -0.028028100728988647 -2.67897891998291 
v 0.04120950400829315 -0.03523453697562218 -2.67897891998291 
v 0.032524216920137405 -0.027799490839242935 -2.6788904666900635 
v 0.03264431282877922 -0.027622833847999573 -2.6787357330322266 
v 0.03272117301821709 -0.027513723820447922 -2.6784703731536865 
v 0.032764408737421036 -0.027451377362012863 -2.6780283451080322 
v 0.03278842568397522 -0.027420204132795334 -2.677276849746704 
v 0.03280283883213997 -0.027409810572862625 -2.6761274337768555 
v 0.032836463302373886 -0.02738383412361145 -2.673673629760742 
v 0.03294214978814125 -0.027300700545310974 -2.6657159328460693 
v 0.03318233788013458 -0.027108460664749146 -2.64728045463562 
v 0.033633895218372345 -0.026760350912809372 -2.6133716106414795 
v 0.034316036850214005 -0.026209603995084763 -2.5613808631896973 
v 0.03513268381357193 -0.025466620922088623 -2.4983155727386475 
v 0.035949334502220154 -0.024552177637815475 -2.433614492416382 
v 0.03662186488509178 -0.02347666770219803 -2.376694440841675 
v 0.03704940527677536 -0.02227126434445381 -2.334717273712158 
v 0.037270382046699524 -0.02094116434454918 -2.3056492805480957 
v 0.03735204413533211 -0.01950715109705925 -2.28518009185791 
v 0.03736165165901184 -0.017995204776525497 -2.2689993381500244 
v 0.03734724223613739 -0.016441691666841507 -2.2532827854156494 
v 0.03726557642221451 -0.015007679350674152 -2.2359745502471924 
v 0.03703979775309563 -0.013880212791264057 -2.215461254119873 
v 0.03659304231405258 -0.013230745680630207 -2.1901731491088867 
v 0.03593011945486069 -0.013111245818436146 -2.1592042446136475 
v 0.03529120981693268 -0.012991745956242085 -2.1246321201324463 
v 0.03499337658286095 -0.012212392874062061 -2.0892200469970703 
v 0.03535846620798111 -0.010097739286720753 -2.055753231048584 
v 0.0365978479385376 -0.006185379344969988 -2.0263538360595703 
v 0.038562607020139694 -0.0007714597159065306 -2.0005130767822266 
v 0.041017353534698486 0.005634840112179518 -1.977015733718872 
v 0.04371229186654091 0.012545119039714336 -1.9546897411346436 
v 0.05221983790397644 -0.0035667461343109608 -1.977015733718872 
v 0.055649757385253906 0.0028083804063498974 -1.9546897411346436 
v 0.04909255728125572 -0.009484645910561085 -2.0005130767822266 
v 0.046589773148298264 -0.014498499222099781 -2.0263538360595703 
v 0.045009318739175797 -0.018156271427869797 -2.055753231048584 
v 0.04455295577645302 -0.020172201097011566 -2.0892200469970703 
v 0.044927652925252914 -0.020982731133699417 -2.1246321201324463 
v 0.04573949798941612 -0.021195754408836365 -2.1592042446136475 
v 0.046589773148298264 -0.021424364298582077 -2.1901731491088867 
v 0.04715181887149811 -0.022146567702293396 -2.215461254119873 
v 0.047440048307180405 -0.02331560105085373 -2.2359745502471924 
v 0.04755053296685219 -0.02476000413298607 -2.2532827854156494 
v 0.04756494611501694 -0.02631351724267006 -2.2689993381500244 
v 0.04755053296685219 -0.02782546728849411 -2.28518009185791 
v 0.04744485020637512 -0.02923869714140892 -2.3056492805480957 
v 0.04716622829437256 -0.030516840517520905 -2.334717273712158 
v 0.04661859571933746 -0.03163391724228859 -2.376694440841675 
v 0.045763518661260605 -0.03255875036120415 -2.433614492416382 
v 0.044725894927978516 -0.03329134359955788 -2.4983155727386475 
v 0.043688271194696426 -0.033852480351924896 -2.5613808631896973 
v 0.0428139790892601 -0.03424735367298126 -2.6133716106414795 
v 0.04224712774157524 -0.03450194373726845 -2.64728045463562 
v 0.04193488135933876 -0.034637030214071274 -2.6657159328460693 
v 0.041800372302532196 -0.034694183617830276 -2.673673629760742 
v 0.04176194220781326 -0.03470977023243904 -2.6761274337768555 
v 0.04173792526125908 -0.034725356847047806 -2.677276849746704 
v 0.04170910269021988 -0.034746140241622925 -2.6780283451080322 
v 0.04165145754814148 -0.03479809686541557 -2.6784703731536865 
v 0.04155537858605385 -0.03489162027835846 -2.6787357330322266 
v 0.04140646010637283 -0.03504229336977005 -2.6788904666900635 
v 0.048420023173093796 -0.044077616184949875 -2.67897891998291 
v 0.05378107726573944 -0.054167669266462326 -2.67897891998291 
v 0.04864580184221268 -0.04392174631357193 -2.6788904666900635 
v 0.04882354289293289 -0.043807439506053925 -2.6787357330322266 
v 0.04893883690237999 -0.0437295064330101 -2.6784703731536865 
v 0.04900608956813812 -0.04369313642382622 -2.6780283451080322 
v 0.04903971403837204 -0.04367754980921745 -2.677276849746704 
v 0.04906373471021652 -0.0436723530292511 -2.6761274337768555 
v 0.049116577953100204 -0.04366195946931839 -2.673673629760742 
v 0.04927029833197594 -0.04363078624010086 -2.6657159328460693 
v 0.0496353879570961 -0.04356324300169945 -2.64728045463562 
v 0.05030311644077301 -0.04343334957957268 -2.6133716106414795 
v 0.05132633075118065 -0.04322032630443573 -2.5613808631896973 
v 0.05255129933357239 -0.04288780316710472 -2.4983155727386475 
v 0.05376666411757469 -0.042373426258563995 -2.433614492416382 
v 0.05477546527981758 -0.04163563996553421 -2.376694440841675 
v 0.05541437119245529 -0.04063806310296059 -2.334717273712158 
v 0.05574583262205124 -0.039417073130607605 -2.3056492805480957 
v 0.055865928530693054 -0.038024626672267914 -2.28518009185791 
v 0.05588514357805252 -0.03651787340641022 -2.2689993381500244 
v 0.055865928530693054 -0.03495916351675987 -2.2532827854156494 
v 0.05574103072285652 -0.03349917382001877 -2.2359745502471924 
v 0.05539996176958084 -0.03228337690234184 -2.215461254119873 
v 0.05473703518509865 -0.03147285059094429 -2.1901731491088867 
v 0.05374264717102051 -0.031114347279071808 -2.1592042446136475 
v 0.052786685526371 -0.0307818204164505 -2.1246321201324463 
v 0.05234473571181297 -0.029934920370578766 -2.0892200469970703 
v 0.05288276448845863 -0.028033293783664703 -2.055753231048584 
v 0.05473703518509865 -0.02469765767455101 -2.0263538360595703 
v 0.057681769132614136 -0.020172201097011566 -2.0005130767822266 
v 0.06135188043117523 -0.014846612699329853 -1.977015733718872 
v 0.06538707762956619 -0.009126146323978901 -1.9546897411346436 
v 0.06814926862716675 -0.027731943875551224 -1.977015733718872 
v 0.07262641936540604 -0.022759661078453064 -1.9546897411346436 
v 0.06407083570957184 -0.032371703535318375 -2.0005130767822266 
v 0.06079944223165512 -0.03634122014045715 -2.0263538360595703 
v 0.05874341353774071 -0.03931315988302231 -2.055753231048584 
v 0.05814293399453163 -0.041079699993133545 -2.0892200469970703 
v 0.058632925152778625 -0.04196816310286522 -2.1246321201324463 
v 0.0596945658326149 -0.04244097322225571 -2.1592042446136475 
v 0.06079944223165512 -0.04295014962553978 -2.1901731491088867 
v 0.06153442710638046 -0.04385939612984657 -2.215461254119873 
v 0.061913926154375076 -0.04512714967131615 -2.2359745502471924 
v 0.06205323711037636 -0.04660792276263237 -2.2532827854156494 
v 0.062072452157735825 -0.048166632652282715 -2.2689993381500244 
v 0.06205323711037636 -0.04967338591814041 -2.28518009185791 
v 0.06191873177886009 -0.05103465914726257 -2.3056492805480957 
v 0.06155364215373993 -0.05218810588121414 -2.334717273712158 
v 0.06084267795085907 -0.05305059254169464 -2.376694440841675 
v 0.0597233884036541 -0.05358055233955383 -2.433614492416382 
v 0.05837351828813553 -0.05384033918380737 -2.4983155727386475 
v 0.057014040648937225 -0.05392346903681755 -2.5613808631896973 
v 0.05587553605437279 -0.053918272256851196 -2.6133716106414795 
v 0.05513094738125801 -0.053907882422208786 -2.64728045463562 
v 0.054727427661418915 -0.05390268564224243 -2.6657159328460693 
v 0.05455448850989342 -0.053897492587566376 -2.673673629760742 
v 0.054501648992300034 -0.053897492587566376 -2.6761274337768555 
v 0.054472826421260834 -0.053897492587566376 -2.677276849746704 
v 0.0544343926012516 -0.053907882422208786 -2.6780283451080322 
v 0.05436233803629875 -0.05393386259675026 -2.6784703731536865 
v 0.0542326346039772 -0.05398581922054291 -2.6787357330322266 
v 0.05403567850589752 -0.05406375229358673 -2.6788904666900635 
v 0.05712452903389931 -0.06509941816329956 -2.67897891998291 
v 0.058277443051338196 -0.07644683122634888 -2.67897891998291 
v 0.057398345321416855 -0.06504746526479721 -2.6788904666900635 
v 0.05760490894317627 -0.06500589847564697 -2.6787357330322266 
v 0.057739414274692535 -0.0649799183011055 -2.6784703731536865 
v 0.0578162781894207 -0.06496952474117279 -2.6780283451080322 
v 0.05785951018333435 -0.06496952474117279 -2.677276849746704 
v 0.05788833275437355 -0.06497472524642944 -2.6761274337768555 
v 0.05794597789645195 -0.06498511135578156 -2.673673629760742 
v 0.0581333264708519 -0.06502148509025574 -2.6657159328460693 
v 0.05856086686253548 -0.06510981172323227 -2.64728045463562 
v 0.05935349687933922 -0.06527607142925262 -2.6133716106414795 
v 0.06055925041437149 -0.06550987809896469 -2.5613808631896973 
v 0.062000393867492676 -0.06570211797952652 -2.4983155727386475 
v 0.06343673169612885 -0.06571770459413528 -2.433614492416382 
v 0.06462327390909195 -0.0654163584113121 -2.376694440841675 
v 0.06538227945566177 -0.06469415873289108 -2.334717273712158 
v 0.06577138602733612 -0.06361864507198334 -2.3056492805480957 
v 0.06591550260782242 -0.06228335201740265 -2.28518009185791 
v 0.06593471765518188 -0.06078179180622101 -2.2689993381500244 
v 0.0659106969833374 -0.05921788886189461 -2.2532827854156494 
v 0.0657665804028511 -0.057716332376003265 -2.2359745502471924 
v 0.06536306440830231 -0.05639142543077469 -2.215461254119873 
v 0.064580038189888 -0.055373068898916245 -2.1901731491088867 
v 0.06340791285037994 -0.05470282584428787 -2.1592042446136475 
v 0.06227901577949524 -0.05408453568816185 -2.1246321201324463 
v 0.061760205775499344 -0.05314930900931358 -2.0892200469970703 
v 0.06239430606365204 -0.05152825266122818 -2.055753231048584 
v 0.06458484381437302 -0.04895118623971939 -2.0263538360595703 
v 0.06805799901485443 -0.04557917267084122 -2.0005130767822266 
v 0.072386234998703 -0.041682399809360504 -1.977015733718872 
v 0.07714680582284927 -0.03751544654369354 -1.9546897411346436 
v 0.07384659349918365 -0.05616801232099533 -1.977015733718872 
v 0.07870323956012726 -0.05284276232123375 -1.9546897411346436 
v 0.06943188607692719 -0.05929582193493843 -2.0005130767822266 
v 0.06588667631149292 -0.06204434856772423 -2.0263538360595703 
v 0.063652902841568 -0.06420575827360153 -2.055753231048584 
v 0.06300438940525055 -0.0656813383102417 -2.0892200469970703 
v 0.0635376125574112 -0.06666332483291626 -2.1246321201324463 
v 0.06468572467565536 -0.06743229180574417 -2.1592042446136475 
v 0.06588667631149292 -0.06827399134635925 -2.1901731491088867 
v 0.06668411195278168 -0.069406658411026 -2.215461254119873 
v 0.06709243357181549 -0.07078871130943298 -2.2359745502471924 
v 0.06724134832620621 -0.07231105118989944 -2.2532827854156494 
v 0.06726536899805069 -0.0738801509141922 -2.2689993381500244 
v 0.06724615395069122 -0.07537651807069778 -2.28518009185791 
v 0.0670972391963005 -0.076685830950737 -2.3056492805480957 
v 0.06670332700014114 -0.07768340408802032 -2.334717273712158 
v 0.06592991203069687 -0.07825493067502975 -2.376694440841675 
v 0.06471934914588928 -0.07831727713346481 -2.433614492416382 
v 0.06325419247150421 -0.07802112400531769 -2.4983155727386475 
v 0.06178422272205353 -0.07753792405128479 -2.5613808631896973 
v 0.06054964289069176 -0.0770651176571846 -2.6133716106414795 
v 0.059742603451013565 -0.076742984354496 -2.64728045463562 
v 0.05930545926094055 -0.076571524143219 -2.6657159328460693 
v 0.059118110686540604 -0.07649878412485123 -2.673673629760742 
v 0.059060461819171906 -0.07647280395030975 -2.6761274337768555 
v 0.05902683734893799 -0.07646241784095764 -2.677276849746704 
v 0.05898360162973404 -0.07645721733570099 -2.6780283451080322 
v 0.05890674144029617 -0.07645202428102493 -2.6784703731536865 
v 0.05876743048429489 -0.07644683122634888 -2.6787357330322266 
v 0.05855606496334076 -0.07644683122634888 -2.6788904666900635 
v 0.05712452903389931 -0.0877942368388176 -2.67897891998291 
v 0.057398345321416855 -0.08784619718790054 -2.6788904666900635 
v 0.05760490894317627 -0.08789295703172684 -2.6787357330322266 
v 0.057739414274692535 -0.08791893720626831 -2.6784703731536865 
v 0.0578162781894207 -0.08793971687555313 -2.6780283451080322 
v 0.05785951018333435 -0.0879553034901619 -2.677276849746704 
v 0.05788833275437355 -0.08797089010477066 -2.6761274337768555 
v 0.05794597789645195 -0.08800726383924484 -2.673673629760742 
v 0.0581333264708519 -0.0881163701415062 -2.6657159328460693 
v 0.05856086686253548 -0.08837615698575974 -2.64728045463562 
v 0.05935349687933922 -0.08885416388511658 -2.6133716106414795 
v 0.06055925041437149 -0.08956597000360489 -2.5613808631896973 
v 0.062000393867492676 -0.0903349369764328 -2.4983155727386475 
v 0.06343673169612885 -0.090922050178051 -2.433614492416382 
v 0.06462327390909195 -0.09108830988407135 -2.376694440841675 
v 0.06538227945566177 -0.09067265689373016 -2.334717273712158 
v 0.06577138602733612 -0.0897478237748146 -2.3056492805480957 
v 0.06591550260782242 -0.08846967667341232 -2.28518009185791 
v 0.06593471765518188 -0.08697331696748734 -2.2689993381500244 
v 0.0659106969833374 -0.08540941029787064 -2.2532827854156494 
v 0.0657665804028511 -0.0838610902428627 -2.2359745502471924 
v 0.06536306440830231 -0.08242188394069672 -2.215461254119873 
v 0.064580038189888 -0.08117491751909256 -2.1901731491088867 
v 0.06340791285037994 -0.08016175776720047 -2.1592042446136475 
v 0.06227901577949524 -0.07923691719770432 -2.1246321201324463 
v 0.061760205775499344 -0.07821336388587952 -2.0892200469970703 
v 0.06239430606365204 -0.07688846439123154 -2.055753231048584 
v 0.06458484381437302 -0.07513231784105301 -2.0263538360595703 
v 0.06805799901485443 -0.07301247119903564 -2.0005130767822266 
v 0.072386234998703 -0.0706484243273735 -1.977015733718872 
v 0.07714680582284927 -0.0681648850440979 -1.9546897411346436 
v 0.06814926862716675 -0.08459888398647308 -1.977015733718872 
v 0.07262641936540604 -0.08292586356401443 -1.9546897411346436 
v 0.06407083570957184 -0.08622513711452484 -2.0005130767822266 
v 0.06079944223165512 -0.08774228394031525 -2.0263538360595703 
v 0.05874341353774071 -0.08910355716943741 -2.055753231048584 
v 0.05814293399453163 -0.09028297662734985 -2.0892200469970703 
v 0.058632925152778625 -0.09135328978300095 -2.1246321201324463 
v 0.0596945658326149 -0.09242360293865204 -2.1592042446136475 
v 0.06079944223165512 -0.09359783679246902 -2.1901731491088867 
v 0.06153442710638046 -0.09495390951633453 -2.215461254119873 
v 0.061913926154375076 -0.09645027667284012 -2.2359745502471924 
v 0.06205323711037636 -0.09801937639713287 -2.2532827854156494 
v 0.062072452157735825 -0.09958847612142563 -2.2689993381500244 
v 0.06205323711037636 -0.10107964277267456 -2.28518009185791 
v 0.06191873177886009 -0.10233180969953537 -2.3056492805480957 
v 0.06155364215373993 -0.10317870229482651 -2.334717273712158 
v 0.06084267795085907 -0.10345407575368881 -2.376694440841675 
v 0.0597233884036541 -0.10305920243263245 -2.433614492416382 
v 0.05837351828813553 -0.10219671577215195 -2.4983155727386475 
v 0.057014040648937225 -0.10115238279104233 -2.5613808631896973 
v 0.05587553605437279 -0.100211963057518 -2.6133716106414795 
v 0.05513094738125801 -0.09958328306674957 -2.64728045463562 
v 0.054727427661418915 -0.09924036264419556 -2.6657159328460693 
v 0.05455448850989342 -0.09909488260746002 -2.673673629760742 
v 0.054501648992300034 -0.09904812276363373 -2.6761274337768555 
v 0.054472826421260834 -0.09902734309434891 -2.677276849746704 
v 0.0544343926012516 -0.09900136291980743 -2.6780283451080322 
v 0.05436233803629875 -0.09896498918533325 -2.6784703731536865 
v 0.0542326346039772 -0.0989130362868309 -2.6787357330322266 
v 0.05403567850589752 -0.09882990270853043 -2.6788904666900635 
v 0.05378107726573944 -0.09872079640626907 -2.67897891998291 
v 0.05348804220557213 -0.09860129654407501 -2.6790010929107666 
v 0.0478723905980587 -0.10845234245061874 -2.6790010929107666 
v 0.04050334542989731 -0.11694730818271637 -2.6790010929107666 
v 0.03181805834174156 -0.12403424829244614 -2.6790010929107666 
v 0.02189338579773903 -0.12930788099765778 -2.6790010929107666 
v 0.01115206629037857 -0.13259156048297882 -2.6790010929107666 
v 0.000002423040086796391 -0.13372942805290222 -2.6790010929107666 
v 0.011219318956136703 -0.13292928040027618 -2.6790010929107666 
v 0.000002423040086796391 -0.13406714797019958 -2.6790010929107666 
v 0.022027891129255295 -0.12961962819099426 -2.6790010929107666 
v 0.03200540691614151 -0.12432000786066055 -2.6790010929107666 
v 0.04074353724718094 -0.11719150841236115 -2.6790010929107666 
v 0.04815581440925598 -0.10863938927650452 -2.6790010929107666 
v 0.048420023173093796 -0.10881604254245758 -2.67897891998291 
v 0.04864580184221268 -0.10897190868854523 -2.6788904666900635 
v 0.04882354289293289 -0.10909140855073929 -2.6787357330322266 
v 0.04893883690237999 -0.10916934907436371 -2.6784703731536865 
v 0.04900608956813812 -0.10921610891819 -2.6780283451080322 
v 0.04903971403837204 -0.10924728214740753 -2.677276849746704 
v 0.04906373471021652 -0.10927845537662506 -2.6761274337768555 
v 0.049116577953100204 -0.10933041572570801 -2.673673629760742 
v 0.04927029833197594 -0.10951226204633713 -2.6657159328460693 
v 0.0496353879570961 -0.10992792248725891 -2.64728045463562 
v 0.05030311644077301 -0.11069688200950623 -2.6133716106414795 
v 0.05132633075118065 -0.11185552924871445 -2.5613808631896973 
v 0.05255129933357239 -0.11315444856882095 -2.4983155727386475 
v 0.05376666411757469 -0.11426632851362228 -2.433614492416382 
v 0.05477546527981758 -0.1148742288351059 -2.376694440841675 
v 0.05541437119245529 -0.11473394185304642 -2.334717273712158 
v 0.05574583262205124 -0.1139545887708664 -2.3056492805480957 
v 0.055865928530693054 -0.112723208963871 -2.28518009185791 
v 0.05588514357805252 -0.11123723536729813 -2.2689993381500244 
v 0.055865928530693054 -0.10966813564300537 -2.2532827854156494 
v 0.05574103072285652 -0.1080782487988472 -2.2359745502471924 
v 0.05539996176958084 -0.10652992874383926 -2.215461254119873 
v 0.05473703518509865 -0.10507513582706451 -2.1901731491088867 
v 0.05374264717102051 -0.10375022888183594 -2.1592042446136475 
v 0.052786685526371 -0.10253963619470596 -2.1246321201324463 
v 0.05234473571181297 -0.10142775624990463 -2.0892200469970703 
v 0.05288276448845863 -0.10038341581821442 -2.055753231048584 
v 0.05473703518509865 -0.09938584268093109 -2.0263538360595703 
v 0.057681769132614136 -0.09842464327812195 -2.0005130767822266 
v 0.06135188043117523 -0.09748421609401703 -1.977015733718872 
v 0.06538707762956619 -0.09655418992042542 -1.9546897411346436 
v 0.05221983790397644 -0.10876927524805069 -1.977015733718872 
v 0.055649757385253906 -0.10849390923976898 -1.9546897411346436 
v 0.04909255728125572 -0.10910700261592865 -2.0005130767822266 
v 0.046589773148298264 -0.1095850020647049 -2.0263538360595703 
v 0.045009318739175797 -0.11026044189929962 -2.055753231048584 
v 0.04455295577645302 -0.11119047552347183 -2.0892200469970703 
v 0.044927652925252914 -0.11233872920274734 -2.1246321201324463 
v 0.04573949798941612 -0.11366362869739532 -2.1592042446136475 
v 0.046589773148298264 -0.11512362211942673 -2.1901731491088867 
v 0.04715181887149811 -0.11666674166917801 -2.215461254119873 
v 0.047440048307180405 -0.11826182156801224 -2.2359745502471924 
v 0.04755053296685219 -0.11986729502677917 -2.2532827854156494 
v 0.04756494611501694 -0.12144159525632858 -2.2689993381500244 
v 0.04755053296685219 -0.1229223683476448 -2.28518009185791 
v 0.04744485020637512 -0.12412776798009872 -2.3056492805480957 
v 0.04716622829437256 -0.12484996765851974 -2.334717273712158 
v 0.04661859571933746 -0.12487075477838516 -2.376694440841675 
v 0.045763518661260605 -0.12408100813627243 -2.433614492416382 
v 0.044725894927978516 -0.12274571508169174 -2.4983155727386475 
v 0.043688271194696426 -0.12122337520122528 -2.5613808631896973 
v 0.0428139790892601 -0.11987768858671188 -2.6133716106414795 
v 0.04224712774157524 -0.11898922175168991 -2.64728045463562 
v 0.04193488135933876 -0.11850602179765701 -2.6657159328460693 
v 0.041800372302532196 -0.11829819530248642 -2.673673629760742 
v 0.04176194220781326 -0.11823584884405136 -2.6761274337768555 
v 0.04173792526125908 -0.11819947510957718 -2.677276849746704 
v 0.04170910269021988 -0.1181631088256836 -2.6780283451080322 
v 0.04165145754814148 -0.11810595542192459 -2.6784703731536865 
v 0.04155537858605385 -0.1180020421743393 -2.6787357330322266 
v 0.04140646010637283 -0.1178513616323471 -2.6788904666900635 
v 0.04120950400829315 -0.11765392869710922 -2.67897891998291 
v 0.04098372533917427 -0.11743050813674927 -2.6790010929107666 
v 0.03219275549054146 -0.12460057437419891 -2.6790010929107666 
v 0.03237049654126167 -0.1248655617237091 -2.67897891998291 
v 0.032524216920137405 -0.12509417533874512 -2.6788904666900635 
v 0.03264431282877922 -0.12527082860469818 -2.6787357330322266 
v 0.03272117301821709 -0.12539032101631165 -2.6784703731536865 
v 0.032764408737421036 -0.12545786798000336 -2.6780283451080322 
v 0.03278842568397522 -0.12550462782382965 -2.677276849746704 
v 0.03280283883213997 -0.12554100155830383 -2.6761274337768555 
v 0.032836463302373886 -0.12560854852199554 -2.673673629760742 
v 0.03294214978814125 -0.12584234774112701 -2.6657159328460693 
v 0.03318233788013458 -0.12637750804424286 -2.64728045463562 
v 0.033633895218372345 -0.12736988067626953 -2.6133716106414795 
v 0.034316036850214005 -0.12886624038219452 -2.5613808631896973 
v 0.03513268381357193 -0.1305704414844513 -2.4983155727386475 
v 0.035949334502220154 -0.1320875883102417 -2.433614492416382 
v 0.03662186488509178 -0.13302800059318542 -2.376694440841675 
v 0.03704940527677536 -0.1331007480621338 -2.334717273712158 
v 0.037270382046699524 -0.13243049383163452 -2.3056492805480957 
v 0.03735204413533211 -0.13124068081378937 -2.28518009185791 
v 0.03736165165901184 -0.12975990772247314 -2.2689993381500244 
v 0.03734724223613739 -0.12818561494350433 -2.2532827854156494 
v 0.03726557642221451 -0.12656454741954803 -2.2359745502471924 
v 0.03703979775309563 -0.12493830174207687 -2.215461254119873 
v 0.03659304231405258 -0.12331724166870117 -2.1901731491088867 
v 0.03593011945486069 -0.12175333499908447 -2.1592042446136475 
v 0.03529120981693268 -0.12032971531152725 -2.1246321201324463 
v 0.03499337658286095 -0.11915028840303421 -2.0892200469970703 
v 0.03535846620798111 -0.11831897497177124 -2.055753231048584 
v 0.0365978479385376 -0.11790332198143005 -2.0263538360595703 
v 0.038562607020139694 -0.11782018840312958 -2.0005130767822266 
v 0.041017353534698486 -0.11797086149454117 -1.977015733718872 
v 0.04371229186654091 -0.11822545528411865 -1.9546897411346436 
v 0.0282296109944582 -0.12481360137462616 -1.977015733718872 
v 0.030083881691098213 -0.12546825408935547 -1.9546897411346436 
v 0.0265386700630188 -0.12430442124605179 -2.0005130767822266 
v 0.025183994323015213 -0.12408620119094849 -2.0263538360595703 
v 0.02433372102677822 -0.12430962175130844 -2.055753231048584 
v 0.024083921685814857 -0.1250733882188797 -2.0892200469970703 
v 0.024285683408379555 -0.12627358734607697 -2.1246321201324463 
v 0.024727633222937584 -0.12776996195316315 -2.1592042446136475 
v 0.025183994323015213 -0.12941698729991913 -2.1901731491088867 
v 0.025491438806056976 -0.13108481466770172 -2.215461254119873 
v 0.025645161047577858 -0.132742241024971 -2.2359745502471924 
v 0.025702806189656258 -0.13437369465827942 -2.2532827854156494 
v 0.02571241371333599 -0.13595318794250488 -2.2689993381500244 
v 0.025702806189656258 -0.13742876052856445 -2.28518009185791 
v 0.025649964809417725 -0.13860298693180084 -2.3056492805480957 
v 0.025496242567896843 -0.13923686742782593 -2.334717273712158 
v 0.02520320937037468 -0.1390913873910904 -2.376694440841675 
v 0.024737240746617317 -0.13804185390472412 -2.433614492416382 
v 0.02417999878525734 -0.1363896280527115 -2.4983155727386475 
v 0.023617953062057495 -0.13455034792423248 -2.5613808631896973 
v 0.023147178813815117 -0.1329396814107895 -2.6133716106414795 
v 0.022834932431578636 -0.1318797469139099 -2.64728045463562 
v 0.02267160266637802 -0.13129784166812897 -2.6657159328460693 
v 0.022599544376134872 -0.13104844093322754 -2.673673629760742 
v 0.02257552556693554 -0.13097570836544037 -2.6761274337768555 
v 0.02256111428141594 -0.13093413412570953 -2.677276849746704 
v 0.02254670299589634 -0.13088737428188324 -2.6780283451080322 
v 0.02251788042485714 -0.13080944120883942 -2.6784703731536865 
v 0.022465039044618607 -0.13067954778671265 -2.6787357330322266 
v 0.022383373230695724 -0.13048210740089417 -2.6788904666900635 
v 0.02227769047021866 -0.13022752106189728 -2.67897891998291 
v 0.022157594561576843 -0.12993136048316956 -2.6790010929107666 
v 0.011286572553217411 -0.1332618147134781 -2.6790010929107666 
v 0.000002423040086796391 -0.13440486788749695 -2.6790010929107666 
v 0.011349022388458252 -0.13357354700565338 -2.67897891998291 
v 0.011401863768696785 -0.13384373486042023 -2.6788904666900635 
v 0.01144509855657816 -0.13405674695968628 -2.6787357330322266 
v 0.011469117365777493 -0.1341918408870697 -2.6784703731536865 
v 0.011483528651297092 -0.13427497446537018 -2.6780283451080322 
v 0.011493136174976826 -0.13432173430919647 -2.677276849746704 
v 0.011497939936816692 -0.1343632936477661 -2.6761274337768555 
v 0.011512352153658867 -0.13444122672080994 -2.673673629760742 
v 0.011545978486537933 -0.13470101356506348 -2.6657159328460693 
v 0.011632447130978107 -0.13530892133712769 -2.64728045463562 
v 0.011790973134338856 -0.13641560077667236 -2.6133716106414795 
v 0.012031163088977337 -0.13809899985790253 -2.5613808631896973 
v 0.012314587831497192 -0.140021413564682 -2.4983155727386475 
v 0.012602816335856915 -0.14175677299499512 -2.433614492416382 
v 0.012838203459978104 -0.14287905395030975 -2.376694440841675 
v 0.012987121008336544 -0.14306609332561493 -2.334717273712158 
v 0.013063982129096985 -0.14245299994945526 -2.3056492805480957 
v 0.01309280563145876 -0.14128915965557098 -2.28518009185791 
v 0.013097609393298626 -0.1398135870695114 -2.2689993381500244 
v 0.01309280563145876 -0.13823409378528595 -2.2532827854156494 
v 0.013063982129096985 -0.13659745454788208 -2.2359745502471924 
v 0.012982317246496677 -0.13492442667484283 -2.215461254119873 
v 0.01282859593629837 -0.13322024047374725 -2.1901731491088867 
v 0.012593208812177181 -0.13152125477790833 -2.1592042446136475 
v 0.012372233904898167 -0.1299833208322525 -2.1246321201324463 
v 0.012266550213098526 -0.12876753509044647 -2.0892200469970703 
v 0.0123962527140975 -0.1280505210161209 -2.055753231048584 
v 0.01282859593629837 -0.1279466152191162 -2.0263538360595703 
v 0.013520344160497189 -0.12834668159484863 -2.0005130767822266 
v 0.014380225911736488 -0.12908446788787842 -1.977015733718872 
v 0.01532177347689867 -0.12998852133750916 -1.9546897411346436 
v 0.000002423040086796391 -0.13055485486984253 -1.977015733718872 
v 0.000002423040086796391 -0.1315472275018692 -1.9546897411346436 
v 0.000002423040086796391 -0.12974432110786438 -2.0005130767822266 
v 0.000002423040086796391 -0.12927670776844025 -2.0263538360595703 
v 0.000002423040086796391 -0.1293390542268753 -2.055753231048584 
v 0.000002423040086796391 -0.1300404816865921 -2.0892200469970703 
v 0.000002423040086796391 -0.13126146793365479 -2.1246321201324463 
v 0.000002423040086796391 -0.13281497359275818 -2.1592042446136475 
v 0.000002423040086796391 -0.13452956080436707 -2.1901731491088867 
v 0.000002423040086796391 -0.13624414801597595 -2.215461254119873 
v 0.000002423040086796391 -0.13792754709720612 -2.2359745502471924 
v 0.000002423040086796391 -0.13956418633460999 -2.2532827854156494 
v 0.000002423040086796391 -0.14114367961883545 -2.2689993381500244 
v 0.000002423040086796391 -0.1426192671060562 -2.28518009185791 
v 0.000002423040086796391 -0.1437831073999405 -2.3056492805480957 
v 0.000002423040086796391 -0.14438579976558685 -2.334717273712158 
v 0.000002423040086796391 -0.1441831737756729 -2.376694440841675 
v 0.000002423040086796391 -0.14304012060165405 -2.433614492416382 
v 0.000002423040086796391 -0.14127357304096222 -2.4983155727386475 
v 0.000002423040086796391 -0.1393200010061264 -2.5613808631896973 
v 0.000002423040086796391 -0.13761579990386963 -2.6133716106414795 
v 0.000002423040086796391 -0.13648833334445953 -2.64728045463562 
v 0.000002423040086796391 -0.13587523996829987 -2.6657159328460693 
v 0.000002423040086796391 -0.13561546802520752 -2.673673629760742 
v 0.000002423040086796391 -0.13553233444690704 -2.6761274337768555 
v 0.000002423040086796391 -0.1354907602071762 -2.677276849746704 
v 0.000002423040086796391 -0.13543881475925446 -2.6780283451080322 
v 0.000002423040086796391 -0.13535568118095398 -2.6784703731536865 
v 0.000002423040086796391 -0.1352153867483139 -2.6787357330322266 
v 0.000002423040086796391 -0.13500237464904785 -2.6788904666900635 
v 0.000002423040086796391 -0.13472700119018555 -2.67897891998291 
vn 3.097898456858039e-13 0.002184694167226553 -0.999997615814209 
vn 3.097898456858039e-13 0.002184694167226553 -0.999997615814209 
vn 3.097898456858039e-13 0.002184694167226553 -0.999997615814209 
vn 3.097898456858039e-13 -0.002184694167226553 -0.999997615814209 
vn 3.097898456858039e-13 0.002184694167226553 -0.999997615814209 
vn 3.097898456858039e-13 0.002184694167226553 -0.999997615814209 
vn 3.097898456858039e-13 -0.002184694167226553 -0.999997615814209 
vn 3.097898456858039e-13 0.002184694167226553 -0.999997615814209 
vn 3.097898456858039e-13 -0.002184694167226553 -0.999997615814209 
vn 3.097898456858039e-13 -0.002184694167226553 -0.999997615814209 
vn 3.097898456858039e-13 -0.002184694167226553 -0.999997615814209 
vn 3.097898456858039e-13 -0.002184694167226553 -0.999997615814209 
vn 3.097898456858039e-13 -0.002184694167226553 -0.999997615814209 
vn 3.097898456858039e-13 -0.002184694167226553 -0.999997615814209 
vn 3.097898456858039e-13 -0.002184694167226553 -0.999997615814209 
vn 3.097898456858039e-13 -0.002184694167226553 -0.999997615814209 
vn 3.097898456858039e-13 -0.002184694167226553 -0.999997615814209 
vn 3.097898456858039e-13 -0.002184694167226553 -0.999997615814209 
vn 3.097898456858039e-13 -0.002184694167226553 -0.999997615814209 
vn 3.097898456858039e-13 -0.002184694167226553 -0.999997615814209 
vn 3.097898456858039e-13 -0.002184694167226553 -0.999997615814209 
vn 3.097898456858039e-13 -0.002184694167226553 -0.999997615814209 
vn 3.097898456858039e-13 -0.002184694167226553 -0.999997615814209 
vn 3.097898456858039e-13 -0.002184694167226553 -0.999997615814209 
vn 3.097898456858039e-13 -0.002184694167226553 -0.999997615814209 
vn 3.097898456858039e-13 -0.002184694167226553 -0.999997615814209 
vn 3.097898456858039e-13 -0.002184694167226553 -0.999997615814209 
vn 3.097898456858039e-13 -0.002184694167226553 -0.999997615814209 
vn 3.097898456858039e-13 -0.002184694167226553 -0.999997615814209 
vn 3.097898456858039e-13 -0.002184694167226553 -0.999997615814209 
vn 3.097898456858039e-13 0.002184694167226553 -0.999997615814209 
vn 3.097898456858039e-13 -0.002184694167226553 -0.999997615814209 
vn 3.097898456858039e-13 -0.002184694167226553 -0.999997615814209 
vn 3.097898456858039e-13 -0.002184694167226553 -0.999997615814209 
vn 3.097898456858039e-13 -0.002184694167226553 -0.999997615814209 
vn 3.097898456858039e-13 -0.002184694167226553 -0.999997615814209 
vn 3.097898456858039e-13 -0.002184694167226553 -0.999997615814209 
vn 3.097898456858039e-13 -0.002184694167226553 -0.999997615814209 
vn 3.097898456858039e-13 0.002184694167226553 -0.999997615814209 
vn 3.097898456858039e-13 -0.002184694167226553 -0.999997615814209 
vn 3.097898456858039e-13 0.002184694167226553 -0.999997615814209 
vn 3.097898456858039e-13 0.002184694167226553 -0.999997615814209 
vn 3.097898456858039e-13 0.002184694167226553 -0.999997615814209 
vn 3.097898456858039e-13 0.002184694167226553 -0.999997615814209 
vn 3.097898456858039e-13 0.002184694167226553 -0.999997615814209 
vn 3.097898456858039e-13 0.002184694167226553 -0.999997615814209 
vn 3.097898456858039e-13 0.002184694167226553 -0.999997615814209 
vn 3.097898456858039e-13 0.002184694167226553 -0.999997615814209 
vn 3.097898456858039e-13 0.002184694167226553 -0.999997615814209 
vn 3.097898456858039e-13 0.002184694167226553 -0.999997615814209 
vn 3.097898456858039e-13 0.002184694167226553 -0.999997615814209 
vn 3.097898456858039e-13 0.002184694167226553 -0.999997615814209 
vn 3.097898456858039e-13 0.002184694167226553 -0.999997615814209 
vn 3.097898456858039e-13 0.002184694167226553 -0.999997615814209 
vn 3.097898456858039e-13 0.002184694167226553 -0.999997615814209 
vn 3.097898456858039e-13 0.002184694167226553 -0.999997615814209 
vn 3.097898456858039e-13 0.002184694167226553 -0.999997615814209 
vn 3.097898456858039e-13 0.002184694167226553 -0.999997615814209 
vn 3.097898456858039e-13 -0.002184694167226553 -0.999997615814209 
vn 3.097898456858039e-13 -0.002184694167226553 -0.999997615814209 
vn 3.097898456858039e-13 -0.002184694167226553 -0.999997615814209 
vn 3.097898456858039e-13 -0.002184694167226553 -0.999997615814209 
vn 3.097898456858039e-13 -0.002184694167226553 -0.999997615814209 
vn 3.097898456858039e-13 -0.002184694167226553 -0.999997615814209 
vn 3.097898456858039e-13 -0.002184694167226553 -0.999997615814209 
vn 3.097898456858039e-13 -0.002184694167226553 -0.999997615814209 
vn 3.097898456858039e-13 0.002184694167226553 -0.999997615814209 
vn 3.097898456858039e-13 0.002184694167226553 -0.999997615814209 
vn 3.097898456858039e-13 0.002184694167226553 -0.999997615814209 
vn 3.097898456858039e-13 0.002184694167226553 -0.999997615814209 
vn 3.097898456858039e-13 0.002184694167226553 -0.999997615814209 
vn 3.097898456858039e-13 0.002184694167226553 -0.999997615814209 
vn 3.097898456858039e-13 0.002184694167226553 -0.999997615814209 
vn 3.097898456858039e-13 0.002184694167226553 -0.999997615814209 
vn 3.097898456858039e-13 0.002184694167226553 -0.999997615814209 
vn 3.097898456858039e-13 0.002184694167226553 -0.999997615814209 
vn 3.097898456858039e-13 0.002184694167226553 -0.999997615814209 
vn 3.097898456858039e-13 0.002184694167226553 -0.999997615814209 
vn 3.097898456858039e-13 0.002184694167226553 -0.999997615814209 
vn 3.097898456858039e-13 0.002184694167226553 -0.999997615814209 
vn 3.097898456858039e-13 0.002184694167226553 -0.999997615814209 
vn 3.097898456858039e-13 0.002184694167226553 -0.999997615814209 
vn 3.097898456858039e-13 -0.002184694167226553 -0.999997615814209 
vn 3.097898456858039e-13 -0.002184694167226553 -0.999997615814209 
vn 3.097898456858039e-13 0.002184694167226553 -0.999997615814209 
vn 3.097898456858039e-13 0.002184694167226553 -0.999997615814209 
vn 3.097898456858039e-13 0.002184694167226553 -0.999997615814209 
vn 3.097898456858039e-13 -0.002184694167226553 -0.999997615814209 
vn 3.097898456858039e-13 0.002184694167226553 -0.999997615814209 
vn 3.097898456858039e-13 0.002184694167226553 -0.999997615814209 
vn 3.097898456858039e-13 -0.002184694167226553 -0.999997615814209 
vn 3.097898456858039e-13 -0.002184694167226553 -0.999997615814209 
vn 3.097898456858039e-13 0.002184694167226553 -0.999997615814209 
vn 3.097898456858039e-13 0.002184694167226553 -0.999997615814209 
vn 3.097898456858039e-13 0.002184694167226553 -0.999997615814209 
vn 3.097898456858039e-13 -0.002184694167226553 -0.999997615814209 
vn 3.097898456858039e-13 -0.002184694167226553 -0.999997615814209 
vn 3.097898456858039e-13 0.002184694167226553 -0.999997615814209 
vn 3.097898456858039e-13 0.002184694167226553 -0.999997615814209 
vn 3.097898456858039e-13 -0.002184694167226553 -0.999997615814209 
vn 3.097898456858039e-13 -0.002184694167226553 -0.999997615814209 
vn 3.097898456858039e-13 -0.002184694167226553 -0.999997615814209 
vn 3.097898456858039e-13 -0.002184694167226553 -0.999997615814209 
vn 3.097898456858039e-13 0.002184694167226553 -0.999997615814209 
vn 3.097898456858039e-13 0.002184694167226553 -0.999997615814209 
vn 3.097898456858039e-13 -0.002184694167226553 -0.999997615814209 
vn 3.097898456858039e-13 -0.002184694167226553 -0.999997615814209 
vn 3.097898456858039e-13 0.002184694167226553 -0.999997615814209 
vn 3.097898456858039e-13 0.002184694167226553 -0.999997615814209 
vn 3.097898456858039e-13 -0.002184694167226553 -0.999997615814209 
vn 3.0978390967890956e-13 -0.006554040592163801 -0.9999785423278809 
vn 3.0978390967890956e-13 -0.006554040592163801 -0.9999785423278809 
vn 3.0978390967890956e-13 -0.006554040592163801 -0.9999785423278809 
vn 3.0978390967890956e-13 -0.006554040592163801 -0.9999785423278809 
vn -0.0075516714714467525 -0.006554040592163801 -0.9999499917030334 
vn -0.007551815826445818 -0.002184694167226553 -0.9999691247940063 
vn -0.007551815826445818 -0.002184694167226553 -0.9999691247940063 
vn -0.007551815826445818 -0.002184694167226553 -0.9999691247940063 
vn -0.007551815826445818 -0.002184694167226553 -0.9999691247940063 
vn -0.007551815826445818 0.002184694167226553 -0.9999691247940063 
vn -0.007551815826445818 0.002184694167226553 -0.9999691247940063 
vn -0.007551815826445818 0.002184694167226553 -0.9999691247940063 
vn -0.0075516714714467525 0.006554040592163801 -0.9999499917030334 
vn 3.0978390967890956e-13 0.006554040592163801 -0.9999785423278809 
vn 3.0978390967890956e-13 0.006554040592163801 -0.9999785423278809 
vn 3.0978390967890956e-13 0.006554040592163801 -0.9999785423278809 
vn 3.0978390967890956e-13 0.006554040592163801 -0.9999785423278809 
vn 3.0978390967890956e-13 0.006554040592163801 -0.9999785423278809 
vn 3.0978390967890956e-13 0.006554040592163801 -0.9999785423278809 
vn 3.0978390967890956e-13 0.006554040592163801 -0.9999785423278809 
vn 0.0075516714714467525 0.006554040592163801 -0.9999499917030334 
vn 0.007551815826445818 0.002184694167226553 -0.9999691247940063 
vn 0.007551815826445818 0.002184694167226553 -0.9999691247940063 
vn 0.007551815826445818 0.002184694167226553 -0.9999691247940063 
vn 0.007551815826445818 0.002184694167226553 -0.9999691247940063 
vn 0.007551815826445818 -0.002184694167226553 -0.9999691247940063 
vn 3.097898456858039e-13 0.002184694167226553 -0.999997615814209 
vn 3.097898456858039e-13 -0.002184694167226553 -0.999997615814209 
vn 3.097898456858039e-13 0.002184694167226553 -0.999997615814209 
vn 3.097898456858039e-13 0.002184694167226553 -0.999997615814209 
vn 3.097898456858039e-13 -0.002184694167226553 -0.999997615814209 
vn 3.097898456858039e-13 0.002184694167226553 -0.999997615814209 
vn 3.097898456858039e-13 0.002184694167226553 -0.999997615814209 
vn 3.097898456858039e-13 0.002184694167226553 -0.999997615814209 
vn 3.097898456858039e-13 0.002184694167226553 -0.999997615814209 
vn 3.097898456858039e-13 0.002184694167226553 -0.999997615814209 
vn 3.097898456858039e-13 0.002184694167226553 -0.999997615814209 
vn 3.097898456858039e-13 -0.002184694167226553 -0.999997615814209 
vn 3.097898456858039e-13 -0.002184694167226553 -0.999997615814209 
vn -0.0018874284578487277 -0.05459024757146835 -0.9985070824623108 
vn 3.097898456858039e-13 -0.002184694167226553 -0.999997615814209 
vn 3.097898456858039e-13 -0.002184694167226553 -0.999997615814209 
vn 3.097898456858039e-13 -0.002184694167226553 -0.999997615814209 
vn 3.097898456858039e-13 -0.002184694167226553 -0.999997615814209 
vn 0.007551815826445818 -0.002184694167226553 -0.9999691247940063 
vn 0.05283556878566742 -0.010923261754214764 -0.9985435009002686 
vn 0.05283859372138977 0.002184694167226553 -0.9986006617546082 
vn 0.05283556878566742 0.010923261754214764 -0.9985435009002686 
vn 0.052828505635261536 0.01966099627315998 -0.9984100461006165 
vn 0.045277662575244904 0.028397228568792343 -0.9985707402229309 
vn 0.03772452101111412 0.03713129088282585 -0.9985980987548828 
vn 0.02832009457051754 0.04586252197623253 -0.9985462427139282 
vn 0.020764991641044617 0.05022686347365379 -0.9985219240188599 
vn 0.013214651495218277 0.05022686347365379 -0.9986504316329956 
vn -0.0018874284578487277 0.05459024757146835 -0.9985070824623108 
vn -0.009439172223210335 0.05022686347365379 -0.9986932277679443 
vn -0.016989942640066147 0.05022686347365379 -0.9985933303833008 
vn -0.03209488466382027 0.04586252197623253 -0.9984320402145386 
vn -0.03772452101111412 0.03713129088282585 -0.9985980987548828 
vn -0.045277662575244904 0.028397228568792343 -0.9985707402229309 
vn -0.052828505635261536 0.01966099627315998 -0.9984100461006165 
vn -0.05283556878566742 0.010923261754214764 -0.9985435009002686 
vn -0.05283859372138977 0.002184694167226553 -0.9986006617546082 
vn -0.05283556878566742 -0.010923261754214764 -0.9985435009002686 
vn -0.052828505635261536 -0.01966099627315998 -0.9984100461006165 
vn -0.045277662575244904 -0.028397228568792343 -0.9985707402229309 
vn -0.03772452101111412 -0.03713129088282585 -0.9985980987548828 
vn -0.03209488466382027 -0.04586252197623253 -0.9984320402145386 
vn -0.016989942640066147 -0.05022686347365379 -0.9985933303833008 
vn -0.009439172223210335 -0.05022686347365379 -0.9986932277679443 
vn 0.003774539101868868 -0.18463370203971863 -0.9828001856803894 
vn -0.039605770260095596 -0.18033768236637115 -0.9828070402145386 
vn 0.0018863676814362407 -0.43697428703308105 -0.8994719982147217 
vn -0.08290009945631027 -0.42909738421440125 -0.8994459509849548 
vn -0.0018861298449337482 -0.7540562748908997 -0.6568071246147156 
vn -0.147683784365654 -0.7395281791687012 -0.6567249298095703 
vn 0.0018757632933557034 -0.9453682899475098 -0.32599881291389465 
vn -0.185372993350029 -0.926983654499054 -0.3260952830314636 
vn -0.0018610621336847544 -0.9925254583358765 -0.122023805975914 
vn -0.19490332901477814 -0.9733054637908936 -0.12119867652654648 
vn 0.0018290365114808083 -0.9986256957054138 -0.05237675458192825 
vn -0.19813255965709686 -0.9789873361587524 -0.04824167117476463 
vn 0.0036530625075101852 -0.999389111995697 -0.03475656732916832 
vn -0.19678694009780884 -0.97986900806427 -0.03363952413201332 
vn 0.0036530625075101852 -0.999389111995697 -0.03475656732916832 
vn -0.19678694009780884 -0.97986900806427 -0.03363952413201332 
vn 0.0036530625075101852 -0.999389111995697 -0.03475656732916832 
vn -0.19678694009780884 -0.97986900806427 -0.03363952413201332 
vn 0.0036530625075101852 -0.999389111995697 -0.03475656732916832 
vn -0.19678694009780884 -0.97986900806427 -0.03363952413201332 
vn -0.0036530625075101852 -0.999389111995697 -0.03475656732916832 
vn -0.19678694009780884 -0.97986900806427 -0.03363952413201332 
vn -0.0017781255301088095 -0.9995322823524475 -0.030529234558343887 
vn -0.19678694009780884 -0.97986900806427 -0.03363952413201332 
vn -0.0017781255301088095 -0.9995322823524475 -0.030529234558343887 
vn -0.1979130357503891 -0.97986900806427 -0.02621358074247837 
vn 6.767443423954644e-15 -0.9997613430023193 -0.021845221519470215 
vn -0.1979130357503891 -0.97986900806427 -0.02621358074247837 
vn 4.0606729845218004e-15 -0.9999141097068787 -0.013107799924910069 
vn -0.1993236392736435 -0.97986900806427 -0.011260946281254292 
vn 0.0015174545114859939 -0.999961793422699 0.008605912327766418 
vn -0.1993236392736435 -0.97986900806427 0.011260946281254292 
vn -0.003627474419772625 -0.9992268681526184 0.03914668411016464 
vn -0.19538232684135437 -0.97986900806427 0.04101785644888878 
vn -0.0018501408630982041 -0.9972425103187561 0.07418830692768097 
vn -0.19620272517204285 -0.9780870079994202 0.06964423507452011 
vn 0.0018611537525430322 -0.9953833818435669 0.0959606021642685 
vn -0.19527225196361542 -0.976230263710022 0.09403815865516663 
vn 0.0018611537525430322 -0.9953833818435669 0.0959606021642685 
vn -0.1981736421585083 -0.9752739667892456 0.097815603017807 
vn -0.003704126225784421 -0.9961841106414795 0.08719801157712936 
vn -0.19840171933174133 -0.976230263710022 0.08724208176136017 
vn -0.0018501408630982041 -0.9972425103187561 0.07418830692768097 
vn -0.19936829805374146 -0.9771679639816284 0.07345092296600342 
vn -6.321893929303515e-15 -0.9981296062469482 0.06113334000110626 
vn -0.19857624173164368 -0.9780870079994202 0.06255641579627991 
vn 0.0018290365114808083 -0.9986256957054138 0.05237675458192825 
vn -0.19813255965709686 -0.9789873361587524 0.04824167117476463 
vn 0.003627474419772625 -0.9992268681526184 0.03914668411016464 
vn -0.1997710019350052 -0.9789873361587524 0.0409306064248085 
vn -0.0017888620495796204 -0.9996563792228699 0.026152238249778748 
vn -0.20223701000213623 -0.9789873361587524 0.02615266479551792 
vn -1.3584084427309948e-15 -0.9999141097068787 0.013107799924910069 
vn -0.2036113440990448 -0.9789873361587524 0.011233550496399403 
vn 0.0015174545114859939 -0.999961793422699 -0.008605912327766418 
vn -0.1993236392736435 -0.97986900806427 -0.011260946281254292 
vn -0.0017888620495796204 -0.9996563792228699 -0.026152238249778748 
vn -0.20223701000213623 -0.9789873361587524 -0.02615266479551792 
vn 0.003627474419772625 -0.9992268681526184 -0.03914668411016464 
vn -0.1997710019350052 -0.9789873361587524 -0.0409306064248085 
vn 0.003607067046687007 -0.9990455508232117 -0.04353082552552223 
vn -0.19813255965709686 -0.9789873361587524 -0.04824167117476463 
vn -0.3831064701080322 -0.9219872951507568 -0.0562930554151535 
vn -0.38718941807746887 -0.9202865362167358 -0.05618726834654808 
vn -0.06788339465856552 -0.17173540592193604 -0.9828014969825745 
vn -0.3850060999393463 -0.9219872951507568 -0.041349396109580994 
vn -0.3867623805999756 -0.9219872951507568 -0.018823662772774696 
vn -0.39122694730758667 -0.9202865362167358 0.003758756909519434 
vn -0.39036059379577637 -0.9202865362167358 0.026291873306035995 
vn -0.3890622556209564 -0.9202865362167358 0.04127003997564316 
vn -0.38412895798683167 -0.9219872951507568 0.048830464482307434 
vn -0.3831064701080322 -0.9219872951507568 0.0562930554151535 
vn -0.3847448229789734 -0.9202865362167358 0.07102152705192566 
vn -0.38173213601112366 -0.9202865362167358 0.08575091511011124 
vn -0.3800140917301178 -0.9202865362167358 0.09306947886943817 
vn -0.38173213601112366 -0.9202865362167358 0.08575091511011124 
vn -0.3806270360946655 -0.9219872951507568 0.07115152478218079 
vn -0.3813428282737732 -0.9236704111099243 0.037558987736701965 
vn -0.3831140995025635 -0.9236704111099243 0.007523394655436277 
vn -0.38289254903793335 -0.9236704111099243 -0.015043889172375202 
vn -0.38252338767051697 -0.9236704111099243 -0.022558584809303284 
vn -0.3820067346096039 -0.9236704111099243 -0.03006458282470703 
vn -0.3820067346096039 -0.9236704111099243 -0.03006458282470703 
vn -0.3820067346096039 -0.9236704111099243 -0.03006458282470703 
vn -0.3820067346096039 -0.9236704111099243 -0.03006458282470703 
vn -0.3820067346096039 -0.9236704111099243 -0.03006458282470703 
vn -0.3820067346096039 -0.9236704111099243 -0.03006458282470703 
vn -0.3813428282737732 -0.9236704111099243 -0.037558987736701965 
vn -0.38412895798683167 -0.9219872951507568 -0.048830464482307434 
vn -0.3800780475139618 -0.916832447052002 -0.12230664491653442 
vn -0.3594787120819092 -0.87427818775177 -0.32620954513549805 
vn -0.2891353666782379 -0.6969945430755615 -0.6562007069587708 
vn -0.17071004211902618 -0.405272513628006 -0.8981159329414368 
vn -0.10177125036716461 -0.15449213981628418 -0.9827384352684021 
vn -0.13357731699943542 -0.1328723281621933 -0.9820906519889832 
vn -0.24066337943077087 -0.3649536371231079 -0.8993831276893616 
vn -0.4147927761077881 -0.6283578276634216 -0.6581135392189026 
vn -0.5214807391166687 -0.7874425053596497 -0.328621506690979 
vn -0.5506507754325867 -0.8261215686798096 -0.11961153149604797 
vn -0.5537541508674622 -0.8310141563415527 -0.05264781787991524 
vn -0.5515758395195007 -0.8334367275238037 -0.03387207165360451 
vn -0.5515758395195007 -0.8334367275238037 -0.03387207165360451 
vn -0.5515758395195007 -0.8334367275238037 -0.03387207165360451 
vn -0.5515758395195007 -0.8334367275238037 -0.03387207165360451 
vn -0.5515758395195007 -0.8334367275238037 -0.03387207165360451 
vn -0.5515758395195007 -0.8334367275238037 -0.03387207165360451 
vn -0.5519862771034241 -0.8334367275238037 -0.02635147050023079 
vn -0.5519862771034241 -0.8334367275238037 -0.02635147050023079 
vn -0.5524994134902954 -0.8334367275238037 -0.011296984739601612 
vn -0.5526020526885986 -0.8334367275238037 0.0037658947985619307 
vn -0.5515758395195007 -0.8334367275238037 0.03387207165360451 
vn -0.5529904961585999 -0.8310141563415527 0.06014133617281914 
vn -0.5500917434692383 -0.8310141563415527 0.08255024999380112 
vn -0.5500917434692383 -0.8310141563415527 0.08255024999380112 
vn -0.5511590838432312 -0.8310141563415527 0.07509392499923706 
vn -0.5521253943443298 -0.8310141563415527 0.06762383133172989 
vn -0.5529904961585999 -0.8310141563415527 0.06014133617281914 
vn -0.5577372908592224 -0.8285757899284363 0.04890071228146553 
vn -0.5583447217941284 -0.8285757899284363 0.04139251634478569 
vn -0.5592563152313232 -0.8285757899284363 0.02635500393807888 
vn -0.5598642826080322 -0.8285757899284363 0.003766364185139537 
vn -0.5592563152313232 -0.8285757899284363 -0.02635500393807888 
vn -0.5577372908592224 -0.8285757899284363 -0.04890071228146553 
vn -0.5553097724914551 -0.8285757899284363 -0.07136676460504532 
vn -0.5584641695022583 -0.8261215686798096 -0.07510612905025482 
vn -0.7051997780799866 -0.7032341957092285 -0.09030436724424362 
vn -0.7103975415229797 -0.6969945430755615 -0.09764189273118973 
vn -0.7104341983795166 -0.7001210451126099 -0.07151065021753311 
vn -0.7128201723098755 -0.7001210451126099 -0.04144711419939995 
vn -0.7140142321586609 -0.7001210451126099 -0.003770021256059408 
vn -0.7137753367424011 -0.7001210451126099 0.018848003819584846 
vn -0.7132181525230408 -0.7001210451126099 0.03391757979989052 
vn -0.7095171809196472 -0.7032341957092285 0.04524388909339905 
vn -0.7089970111846924 -0.7032341957092285 0.05277165398001671 
vn -0.7083970308303833 -0.7032341957092285 0.060293473303318024 
vn -0.7046298384666443 -0.7063339352607727 0.06774295121431351 
vn -0.7046298384666443 -0.7063339352607727 0.06774295121431351 
vn -0.7046298384666443 -0.7063339352607727 0.06774295121431351 
vn -0.7059127688407898 -0.7063339352607727 0.05272085592150688 
vn -0.7075175046920776 -0.7063339352607727 0.022611746564507484 
vn -0.7078787684440613 -0.7063339352607727 -1.4640568759497624e-13 
vn -0.7077181935310364 -0.7063339352607727 -0.015075922943651676 
vn -0.7075175046920776 -0.7063339352607727 -0.022611746564507484 
vn -0.7072365880012512 -0.7063339352607727 -0.030145006254315376 
vn -0.7072365880012512 -0.7063339352607727 -0.030145006254315376 
vn -0.7072365880012512 -0.7063339352607727 -0.030145006254315376 
vn -0.7072365880012512 -0.7063339352607727 -0.030145006254315376 
vn -0.7072365880012512 -0.7063339352607727 -0.030145006254315376 
vn -0.7072365880012512 -0.7063339352607727 -0.030145006254315376 
vn -0.7072365880012512 -0.7063339352607727 -0.030145006254315376 
vn -0.7064341902732849 -0.7063339352607727 -0.045200414955616 
vn -0.7007317543029785 -0.7032341957092285 -0.12015252560377121 
vn -0.6678982973098755 -0.6682642698287964 -0.3276197612285614 
vn -0.5348995923995972 -0.5324283838272095 -0.6560506224632263 
vn -0.31123629212379456 -0.30735430121421814 -0.8992581963539124 
vn -0.15784676373004913 -0.10250037163496017 -0.9821293354034424 
vn -0.16906461119651794 -0.07203252613544464 -0.9829692244529724 
vn -0.3679964244365692 -0.2401314377784729 -0.8982847929000854 
vn -0.6325439214706421 -0.417220801115036 -0.6525450348854065 
vn -0.7886344194412231 -0.5250110030174255 -0.32002997398376465 
vn -0.8264608979225159 -0.5507928133010864 -0.11657482385635376 
vn -0.8307826519012451 -0.5544344186782837 -0.04901743680238724 
vn -0.8315348625183105 -0.5544344186782837 -0.03394538164138794 
vn -0.8318084478378296 -0.5544344186782837 -0.026404855772852898 
vn -0.8318084478378296 -0.5544344186782837 -0.026404855772852898 
vn -0.8318084478378296 -0.5544344186782837 -0.026404855772852898 
vn -0.8318084478378296 -0.5544344186782837 -0.026404855772852898 
vn -0.8318084478378296 -0.5544344186782837 -0.026404855772852898 
vn -0.8318084478378296 -0.5544344186782837 -0.026404855772852898 
vn -0.8318084478378296 -0.5544344186782837 -0.026404855772852898 
vn -0.8320136666297913 -0.5544344186782837 -0.01886216178536415 
vn -0.8322188854217529 -0.5544344186782837 -0.0037727425806224346 
vn -0.8320136666297913 -0.5544344186782837 0.01886216178536415 
vn -0.8311929106712341 -0.5544344186782837 0.041483111679553986 
vn -0.8327241539955139 -0.5507928133010864 0.056548845022916794 
vn -0.8327241539955139 -0.5507928133010864 0.056548845022916794 
vn -0.8327241539955139 -0.5507928133010864 0.056548845022916794 
vn -0.8327241539955139 -0.5507928133010864 0.056548845022916794 
vn -0.8332013487815857 -0.5507928133010864 0.04901834949851036 
vn -0.8356041312217712 -0.5471406579017639 0.04901832342147827 
vn -0.8363520503044128 -0.5471406579017639 0.033945877104997635 
vn -0.8368281126022339 -0.5471406579017639 0.018862398341298103 
vn -0.8368281126022339 -0.5471406579017639 -0.018862398341298103 
vn -0.8351283073425293 -0.5471406579017639 -0.05654887855052948 
vn -0.8317321538925171 -0.5471406579017639 -0.09412049502134323 
vn -0.8288829922676086 -0.5471406579017639 -0.11657656729221344 
vn -0.831455647945404 -0.5398051738739014 -0.13149866461753845 
vn -0.9144921898841858 -0.37712597846984863 -0.14656072854995728 
vn -0.9159497022628784 -0.3690181374549866 -0.15767602622509003 
vn -0.9187830090522766 -0.37712597846984863 -0.1166779026389122 
vn -0.9233877658843994 -0.37712597846984863 -0.07163117825984955 
vn -0.9257852435112 -0.37712597846984863 -0.02641323395073414 
vn -0.926092803478241 -0.37712597846984863 0.011321211233735085 
vn -0.9255392551422119 -0.37712597846984863 0.0339568667113781 
vn -0.9252318143844604 -0.37712597846984863 0.04149824380874634 
vn -0.9233974814414978 -0.3811691105365753 0.04524559527635574 
vn -0.9233974814414978 -0.3811691105365753 0.04524559527635574 
vn -0.9233974814414978 -0.3811691105365753 0.04524559527635574 
vn -0.9237359762191772 -0.3811691105365753 0.03770926594734192 
vn -0.9237359762191772 -0.3811691105365753 0.03770926594734192 
vn -0.9225530624389648 -0.3852050006389618 0.02264740690588951 
vn -0.9228001236915588 -0.3852050006389618 0.007549809291958809 
vn -0.9228001236915588 -0.3852050006389618 -0.007549809291958809 
vn -0.924382209777832 -0.3811691105365753 -0.015087221749126911 
vn -0.924228310585022 -0.3811691105365753 -0.022629577666521072 
vn -0.924228310585022 -0.3811691105365753 -0.022629577666521072 
vn -0.9240128993988037 -0.3811691105365753 -0.03017042577266693 
vn -0.9240128993988037 -0.3811691105365753 -0.03017042577266693 
vn -0.9240128993988037 -0.3811691105365753 -0.03017042577266693 
vn -0.9240128993988037 -0.3811691105365753 -0.03017042577266693 
vn -0.9240128993988037 -0.3811691105365753 -0.03017042577266693 
vn -0.9240128993988037 -0.3811691105365753 -0.03017042577266693 
vn -0.9233974814414978 -0.3811691105365753 -0.04524559527635574 
vn -0.9175886511802673 -0.3811691105365753 -0.11287684738636017 
vn -0.8755050897598267 -0.36088213324546814 -0.3213329613208771 
vn -0.6982152462005615 -0.29067665338516235 -0.6542190909385681 
vn -0.40799060463905334 -0.16742929816246033 -0.8975027203559875 
vn -0.180130735039711 -0.03713129088282585 -0.9829416275024414 
vn -0.18767757713794708 0.002184694167226553 -0.9822282791137695 
vn -0.4291481673717499 -0.08510008454322815 -0.8992162346839905 
vn -0.742327868938446 -0.15017375349998474 -0.652990996837616 
vn -0.9275513291358948 -0.18892620503902435 -0.3224211037158966 
vn -0.9737713932991028 -0.1975002884864807 -0.11297313868999481 
vn -0.979256808757782 -0.1975002884864807 -0.04527377337217331 
vn -0.9798378944396973 -0.1975002884864807 -0.030188482254743576 
vn -0.9800412654876709 -0.1975002884864807 -0.02264292910695076 
vn -0.9800412654876709 -0.1975002884864807 -0.02264292910695076 
vn -0.9800412654876709 -0.1975002884864807 -0.02264292910695076 
vn -0.9800412654876709 -0.1975002884864807 -0.02264292910695076 
vn -0.9800412654876709 -0.1975002884864807 -0.02264292910695076 
vn -0.9800412654876709 -0.1975002884864807 -0.02264292910695076 
vn -0.9800412654876709 -0.1975002884864807 -0.02264292910695076 
vn -0.9801865816116333 -0.1975002884864807 -0.015096031129360199 
vn -0.9802737832069397 -0.1975002884864807 -0.0075482395477592945 
vn -0.9803028106689453 -0.1975002884864807 -2.0231394142443404e-13 
vn -0.9801865816116333 -0.1975002884864807 0.015096031129360199 
vn -0.9800412654876709 -0.1975002884864807 0.02264292910695076 
vn -0.9800412654876709 -0.1975002884864807 0.02264292910695076 
vn -0.9798378944396973 -0.1975002884864807 0.030188482254743576 
vn -0.9795764088630676 -0.1975002884864807 0.03773224726319313 
vn -0.979256808757782 -0.1975002884864807 0.04527377337217331 
vn -0.9795764088630676 -0.1975002884864807 0.03773224726319313 
vn -0.980800986289978 -0.19321508705615997 0.026406550779938698 
vn -0.9811491966247559 -0.19321508705615997 0.0037728105671703815 
vn -0.9805689454078674 -0.19321508705615997 -0.03394860029220581 
vn -0.9773216843605042 -0.19321508705615997 -0.08666177839040756 
vn -0.9712427258491516 -0.19321508705615997 -0.1391238570213318 
vn -0.9665041565895081 -0.19321508705615997 -0.16893091797828674 
vn -0.9647424817085266 -0.18463370203971863 -0.18756966292858124 
vn -0.9807829260826111 -0.002184694167226553 -0.19508986175060272 
vn -0.9760558009147644 0.010923261754214764 -0.21724578738212585 
vn -0.9874485731124878 -0.002184694167226553 -0.15792569518089294 
vn -0.9944137930870056 -0.002184694167226553 -0.10552956163883209 
vn -0.9989712238311768 -0.002184694167226553 -0.04529581964015961 
vn -0.999997615814209 -0.002184694167226553 -2.0682260971124217e-13 
vn -0.9997409582138062 -0.002184694167226553 0.022653724998235703 
vn -0.9992848038673401 0.002184694167226553 0.03775046393275261 
vn -0.9992848038673401 0.002184694167226553 0.03775046393275261 
vn -0.9997409582138062 0.002184694167226553 0.022653724998235703 
vn -0.9998835325241089 0.002184694167226553 0.015103200450539589 
vn -0.9999691247940063 0.002184694167226553 0.007551815826445818 
vn -0.999997615814209 -0.002184694167226553 -2.0682260971124217e-13 
vn -0.9999691247940063 -0.002184694167226553 -0.007551815826445818 
vn -0.9999691247940063 -0.002184694167226553 -0.007551815826445818 
vn -0.9998835325241089 -0.002184694167226553 -0.015103200450539589 
vn -0.9997409582138062 -0.002184694167226553 -0.022653724998235703 
vn -0.9997409582138062 -0.002184694167226553 -0.022653724998235703 
vn -0.9997409582138062 -0.002184694167226553 -0.022653724998235703 
vn -0.9997409582138062 -0.002184694167226553 -0.022653724998235703 
vn -0.9997409582138062 -0.002184694167226553 -0.022653724998235703 
vn -0.9997409582138062 0.002184694167226553 -0.022653724998235703 
vn -0.9997409582138062 0.002184694167226553 -0.022653724998235703 
vn -0.9997409582138062 0.002184694167226553 -0.022653724998235703 
vn -0.9997409582138062 0.002184694167226553 -0.022653724998235703 
vn -0.9989712238311768 0.002184694167226553 -0.04529581964015961 
vn -0.9935884475708008 0.002184694167226553 -0.11303620040416718 
vn -0.947733998298645 0.002184694167226553 -0.31905397772789 
vn -0.7584388852119446 0.002184694167226553 -0.651740550994873 
vn -0.4377666711807251 0.002184694167226553 -0.8990859389305115 
vn -0.180130735039711 0.03713129088282585 -0.9829416275024414 
vn -0.16906461119651794 0.07203252613544464 -0.9829692244529724 
vn -0.4291481673717499 0.08510008454322815 -0.8992162346839905 
vn -0.742327868938446 0.15017375349998474 -0.652990996837616 
vn -0.9300035238265991 0.18892620503902435 -0.3152782618999481 
vn -0.9737713932991028 0.1975002884864807 -0.11297313868999481 
vn -0.9795764088630676 0.1975002884864807 -0.03773224726319313 
vn -0.9800412654876709 0.1975002884864807 -0.02264292910695076 
vn -0.9800412654876709 0.1975002884864807 -0.02264292910695076 
vn -0.9800412654876709 0.1975002884864807 -0.02264292910695076 
vn -0.9800412654876709 0.1975002884864807 -0.02264292910695076 
vn -0.9800412654876709 0.1975002884864807 -0.02264292910695076 
vn -0.9800412654876709 0.1975002884864807 -0.02264292910695076 
vn -0.9800412654876709 0.1975002884864807 -0.02264292910695076 
vn -0.9800412654876709 0.1975002884864807 -0.02264292910695076 
vn -0.9800412654876709 0.1975002884864807 -0.02264292910695076 
vn -0.9800412654876709 0.1975002884864807 -0.02264292910695076 
vn -0.9800412654876709 0.1975002884864807 -0.02264292910695076 
vn -0.9800412654876709 0.1975002884864807 -0.02264292910695076 
vn -0.9800412654876709 0.1975002884864807 -0.02264292910695076 
vn -0.9801865816116333 0.1975002884864807 -0.015096031129360199 
vn -0.9803028106689453 0.1975002884864807 -2.0231394142443404e-13 
vn -0.9801865816116333 0.1975002884864807 0.015096031129360199 
vn -0.9798378944396973 0.1975002884864807 0.030188482254743576 
vn -0.9798378944396973 0.1975002884864807 0.030188482254743576 
vn -0.9810400605201721 0.19321508705615997 0.015109176747500896 
vn -0.9811273217201233 0.19321508705615997 -0.007554812356829643 
vn -0.9792954921722412 0.19321508705615997 -0.06040087714791298 
vn -0.9737197756767273 0.19321508705615997 -0.12057263404130936 
vn -0.9644503593444824 0.19321508705615997 -0.18028701841831207 
vn -0.9568276405334473 0.18892620503902435 -0.22087953984737396 
vn -0.9506946802139282 0.1975002884864807 -0.23910930752754211 
vn -0.8971800804138184 0.3690181374549866 -0.24267983436584473 
vn -0.8904116153717041 0.37307560443878174 -0.2607329785823822 
vn -0.9079440832138062 0.3690181374549866 -0.19865328073501587 
vn -0.9178624749183655 0.37307560443878174 -0.13543637096881866 
vn -0.9253129959106445 0.37307560443878174 -0.06790026277303696 
vn -0.9259697794914246 0.37712597846984863 -0.018867848441004753 
vn -0.926092803478241 0.37712597846984863 0.011321211233735085 
vn -0.9241273403167725 0.3811691105365753 0.02643454261124134 
vn -0.9243124723434448 0.3811691105365753 0.018883077427744865 
vn -0.9244976043701172 0.3811691105365753 0.0037768674083054066 
vn -0.9243124723434448 0.3811691105365753 -0.018883077427744865 
vn -0.9238805174827576 0.3811691105365753 -0.033984243869781494 
vn -0.9238805174827576 0.3811691105365753 -0.033984243869781494 
vn -0.9238805174827576 0.3811691105365753 -0.033984243869781494 
vn -0.9241273403167725 0.3811691105365753 -0.02643454261124134 
vn -0.9241273403167725 0.3811691105365753 -0.02643454261124134 
vn -0.9243124723434448 0.3811691105365753 -0.018883077427744865 
vn -0.9243124723434448 0.3811691105365753 -0.018883077427744865 
vn -0.9243124723434448 0.3811691105365753 -0.018883077427744865 
vn -0.9243124723434448 0.3811691105365753 -0.018883077427744865 
vn -0.9243124723434448 0.3811691105365753 -0.018883077427744865 
vn -0.9243124723434448 0.3811691105365753 -0.018883077427744865 
vn -0.9243124723434448 0.3811691105365753 -0.018883077427744865 
vn -0.9243124723434448 0.3811691105365753 -0.018883077427744865 
vn -0.9243124723434448 0.3811691105365753 -0.018883077427744865 
vn -0.9235720038414001 0.3811691105365753 -0.041531674563884735 
vn -0.9180247187614441 0.3811691105365753 -0.10927341133356094 
vn -0.8763033151626587 0.3649536371231079 -0.3144858181476593 
vn -0.7001753449440002 0.29067665338516235 -0.65212082862854 
vn -0.40329426527023315 0.16742929816246033 -0.8996227979660034 
vn -0.15784676373004913 0.10250037163496017 -0.9821293354034424 
vn -0.13357731699943542 0.1328723281621933 -0.9820906519889832 
vn -0.3697729706764221 0.24437066912651062 -0.8964100480079651 
vn -0.6298859119415283 0.42118772864341736 -0.6525677442550659 
vn -0.789874255657196 0.5250110030174255 -0.31695756316185 
vn -0.8279464840888977 0.5507928133010864 -0.10550794750452042 
vn -0.831369936466217 0.5544344186782837 -0.037769097834825516 
vn -0.8319187164306641 0.5544344186782837 -0.022666441276669502 
vn -0.8320901989936829 0.5544344186782837 -0.015111999586224556 
vn -0.8320901989936829 0.5544344186782837 -0.015111999586224556 
vn -0.8320901989936829 0.5544344186782837 -0.015111999586224556 
vn -0.8320901989936829 0.5544344186782837 -0.015111999586224556 
vn -0.8320901989936829 0.5544344186782837 -0.015111999586224556 
vn -0.8319187164306641 0.5544344186782837 -0.022666441276669502 
vn -0.8319187164306641 0.5544344186782837 -0.022666441276669502 
vn -0.8319187164306641 0.5544344186782837 -0.022666441276669502 
vn -0.834094762802124 0.5507928133010864 -0.030219390988349915 
vn -0.8337870240211487 0.5507928133010864 -0.03776959329843521 
vn -0.8334108591079712 0.5507928133010864 -0.045316699892282486 
vn -0.8329664468765259 0.5507928133010864 -0.052860092371702194 
vn -0.8309927582740784 0.5544344186782837 -0.04531606659293175 
vn -0.8316786289215088 0.5544344186782837 -0.03021901473402977 
vn -0.83219313621521 0.5544344186782837 -0.007556311320513487 
vn -0.8345052003860474 0.5507928133010864 0.015112172812223434 
vn -0.8343341946601868 0.5507928133010864 0.02266671136021614 
vn -0.8370065689086914 0.5471406579017639 0.0075563364662230015 
vn -0.8391172885894775 0.5434780716896057 -0.022665951400995255 
vn -0.8353115916252136 0.5434780716896057 -0.08298283070325851 
vn -0.8282620906829834 0.5398051738739014 -0.15030740201473236 
vn -0.8182802796363831 0.5324283838272095 -0.21665044128894806 
vn -0.8055112361907959 0.5324283838272095 -0.26013776659965515 
vn -0.7957849502563477 0.5361219048500061 -0.28160184621810913 
vn -0.6829534769058228 0.67473965883255 -0.2798230051994324 
vn -0.6722632646560669 0.677958071231842 -0.29738011956214905 
vn -0.6938065886497498 0.681163489818573 -0.23377065360546112 
vn -0.7049490809440613 0.6907016038894653 -0.16117697954177856 
vn -0.7113460302352905 0.6969945430755615 -0.090473473072052 
vn -0.7133851051330566 0.7001210451126099 -0.030202072113752365 
vn -0.7140241861343384 0.7001210451126099 -1.47676697801781e-13 
vn -0.7108678221702576 0.7032341957092285 0.01133729238063097 
vn -0.7078686952590942 0.7063339352607727 0.0037756471429020166 
vn -0.7076270580291748 0.7063339352607727 -0.0188760869204998 
vn -0.7066607475280762 0.7063339352607727 -0.04150849208235741 
vn -0.7049707174301147 0.7063339352607727 -0.06409838795661926 
vn -0.7049707174301147 0.7063339352607727 -0.06409838795661926 
vn -0.7056143879890442 0.7063339352607727 -0.05657457560300827 
vn -0.7066607475280762 0.7063339352607727 -0.04150849208235741 
vn -0.7070633172988892 0.7063339352607727 -0.03396793454885483 
vn -0.7073854207992554 0.7063339352607727 -0.026423515751957893 
vn -0.7076270580291748 0.7063339352607727 -0.0188760869204998 
vn -0.7076270580291748 0.7063339352607727 -0.0188760869204998 
vn -0.7076270580291748 0.7063339352607727 -0.0188760869204998 
vn -0.7076270580291748 0.7063339352607727 -0.0188760869204998 
vn -0.7076270580291748 0.7063339352607727 -0.0188760869204998 
vn -0.7076270580291748 0.7063339352607727 -0.0188760869204998 
vn -0.7076270580291748 0.7063339352607727 -0.0188760869204998 
vn -0.7076270580291748 0.7063339352607727 -0.0188760869204998 
vn -0.7070633172988892 0.7063339352607727 -0.03396793454885483 
vn -0.7025273442268372 0.7032341957092285 -0.10916490107774734 
vn -0.6708597540855408 0.6715083718299866 -0.314680278301239 
vn -0.5397037863731384 0.5361219048500061 -0.6490709781646729 
vn -0.31295469403266907 0.31150925159454346 -0.8972298502922058 
vn -0.10177125036716461 0.15449213981628418 -0.9827384352684021 
vn -0.06788339465856552 0.17173540592193604 -0.9828014969825745 
vn -0.24066337943077087 0.3649536371231079 -0.8993831276893616 
vn -0.41845980286598206 0.6351318359375 -0.6492294669151306 
vn -0.5250691175460815 0.790128231048584 -0.3162274956703186 
vn -0.5505877137184143 0.8285757899284363 -0.10156452655792236 
vn -0.5515667796134949 0.8334367275238037 -0.03401947394013405 
vn -0.5522913336753845 0.8334367275238037 -0.018907975405454636 
vn -0.5522913336753845 0.8334367275238037 -0.018907975405454636 
vn -0.5522913336753845 0.8334367275238037 -0.018907975405454636 
vn -0.5522913336753845 0.8334367275238037 -0.018907975405454636 
vn -0.5522913336753845 0.8334367275238037 -0.018907975405454636 
vn -0.5522913336753845 0.8334367275238037 -0.018907975405454636 
vn -0.5522913336753845 0.8334367275238037 -0.018907975405454636 
vn -0.5522913336753845 0.8334367275238037 -0.018907975405454636 
vn -0.5519807934761047 0.8334367275238037 -0.02646620385348797 
vn -0.5515667796134949 0.8334367275238037 -0.03401947394013405 
vn -0.5537325143814087 0.8310141563415527 -0.05287504196166992 
vn -0.5520896315574646 0.8310141563415527 -0.06791511178016663 
vn -0.5500383973121643 0.8310141563415527 -0.08290494233369827 
vn -0.5511149764060974 0.8310141563415527 -0.07541700452566147 
vn -0.5537325143814087 0.8310141563415527 -0.05287504196166992 
vn -0.5519807934761047 0.8334367275238037 -0.02646620385348797 
vn -0.5562512278556824 0.8310141563415527 -1.150456140942835e-13 
vn -0.5561997890472412 0.8310141563415527 0.007564765866845846 
vn -0.5598641633987427 0.8285757899284363 -0.003782563144341111 
vn -0.5622228384017944 0.8261215686798096 -0.037797711789608 
vn -0.5592301487922668 0.8236515522003174 -0.09412634372711182 
vn -0.551852285861969 0.8161473870277405 -0.17135469615459442 
vn -0.542499840259552 0.8033295273780823 -0.24567380547523499 
vn -0.5322141051292419 0.7954543828964233 -0.289828360080719 
vn -0.5268813967704773 0.7927988767623901 -0.30637553334236145 
vn -0.36679700016975403 0.8805659413337708 -0.3001059293746948 
vn -0.36125388741493225 0.8763908743858337 -0.31848812103271484 
vn -0.3732769191265106 0.8926864862442017 -0.25253748893737793 
vn -0.38172832131385803 0.9060511589050293 -0.18263298273086548 
vn -0.38724902272224426 0.916832447052002 -0.0972442552447319 
vn -0.38903531432151794 0.9202865362167358 -0.04152305796742439 
vn -0.3871464729309082 0.9219872951507568 -0.0075553469359874725 
vn -0.3871464729309082 0.9219872951507568 0.0075553469359874725 
vn -0.38311317563056946 0.9236704111099243 -0.007570705842226744 
vn -0.38199183344841003 0.9236704111099243 -0.030253274366259575 
vn -0.38251176476478577 0.9219872951507568 -0.06020141392946243 
vn -0.38161519169807434 0.9202865362167358 -0.08626991510391235 
vn -0.38161519169807434 0.9202865362167358 -0.08626991510391235 
vn -0.383211612701416 0.9202865362167358 -0.07887653261423111 
vn -0.38361358642578125 0.9219872951507568 -0.05272647365927696 
vn -0.3813195526599884 0.9236704111099243 -0.03779444471001625 
vn -0.38199183344841003 0.9236704111099243 -0.030253274366259575 
vn -0.38251498341560364 0.9236704111099243 -0.022700296714901924 
vn -0.3828888237476349 0.9236704111099243 -0.015138455666601658 
vn -0.3828888237476349 0.9236704111099243 -0.015138455666601658 
vn -0.3828888237476349 0.9236704111099243 -0.015138455666601658 
vn -0.3828888237476349 0.9236704111099243 -0.015138455666601658 
vn -0.3828888237476349 0.9236704111099243 -0.015138455666601658 
vn -0.3828888237476349 0.9236704111099243 -0.015138455666601658 
vn -0.3828888237476349 0.9236704111099243 -0.015138455666601658 
vn -0.38199183344841003 0.9236704111099243 -0.030253274366259575 
vn -0.3811330795288086 0.9185682535171509 -0.10473720729351044 
vn -0.3640933930873871 0.8784868121147156 -0.3093492388725281 
vn -0.28813666105270386 0.7032341957092285 -0.6499530076980591 
vn -0.17071004211902618 0.405272513628006 -0.8981159329414368 
vn -0.03396417200565338 0.18463370203971863 -0.9822203516960144 
vn 0.0018880139105021954 0.18892620503902435 -0.9819895029067993 
vn -0.08670612424612045 0.43303996324539185 -0.8971947431564331 
vn -0.15360093116760254 0.7453821301460266 -0.6487004160881042 
vn -0.19010713696479797 0.931820809841156 -0.3091428279876709 
vn -0.1941726803779602 0.9752739667892456 -0.10553508996963501 
vn -0.19735769927501678 0.97986900806427 -0.030110785737633705 
vn -0.19906970858573914 0.97986900806427 -0.01509863417595625 
vn -0.19906970858573914 0.97986900806427 -0.01509863417595625 
vn -0.19906970858573914 0.97986900806427 -0.01509863417595625 
vn -0.19906970858573914 0.97986900806427 -0.01509863417595625 
vn -0.19906970858573914 0.97986900806427 -0.01509863417595625 
vn -0.19906970858573914 0.97986900806427 -0.01509863417595625 
vn -0.19906970858573914 0.97986900806427 -0.01509863417595625 
vn -0.1983557790517807 0.97986900806427 -0.02262091264128685 
vn -0.19735769927501678 0.97986900806427 -0.030110785737633705 
vn -0.196076899766922 0.97986900806427 -0.03755752742290497 
vn -0.20052039623260498 0.9780870079994202 -0.05601247027516365 
vn -0.19629506766796112 0.9771679639816284 -0.08130808174610138 
vn -0.19480088353157043 0.976230263710022 -0.09501074254512787 
vn -0.197998046875 0.976230263710022 -0.08815440535545349 
vn -0.19835428893566132 0.9780870079994202 -0.0632566288113594 
vn -0.196076899766922 0.97986900806427 -0.03755752742290497 
vn -0.1994984894990921 0.97986900806427 -0.007554728537797928 
vn -0.19964148104190826 0.97986900806427 -4.1290470933867673e-14 
vn -0.1994984894990921 0.97986900806427 -0.007554728537797928 
vn -0.20405669510364532 0.9780870079994202 -0.04131217673420906 
vn -0.199049174785614 0.9742990136146545 -0.10545533895492554 
vn -0.19875943660736084 0.962351381778717 -0.18540358543395996 
vn -0.1925450563430786 0.946783721446991 -0.2579282224178314 
vn -0.19022953510284424 0.933397650718689 -0.30427226424217224 
vn -0.1877046674489975 0.9286137819290161 -0.320067822933197 
vn 0.003775685327127576 0.9522643685340881 -0.30525127053260803 
vn -0.0018896064721047878 0.9453682899475098 -0.3259987235069275 
vn -0.0018934921827167273 0.9658315181732178 -0.25916382670402527 
vn -0.0018928318750113249 0.9824016690254211 -0.18677081167697906 
vn -0.0018897876143455505 0.9945066571235657 -0.10465624928474426 
vn 1.3531657111281407e-14 0.9990455508232117 -0.043680015951395035 
vn -0.0019445375073701143 0.999961793422699 -0.00851957593113184 
vn -2.0682311115474694e-13 1 0 
vn -0.0019445375073701143 0.999961793422699 -0.00851957593113184 
vn 0.001892047468572855 0.999389111995697 -0.03489676117897034 
vn -0.0038081351667642593 0.9978529810905457 -0.06538315862417221 
vn 2.8385652931905286e-14 0.9957932829856873 -0.09162852168083191 
vn -0.0019082654034718871 0.9953833818435669 -0.09595967084169388 
vn 0.0018875952810049057 0.9965559244155884 -0.08290162682533264 
vn 0.0038385943043977022 0.9981296062469482 -0.06101270765066147 
vn 1.2214145642705336e-14 0.9992268681526184 -0.0393143892288208 
vn 0.001958925975486636 0.9996563792228699 -0.02614004909992218 
vn 0.0037933827843517065 0.9997613430023193 -0.02151334285736084 
vn 0.0038889264687895775 0.9998472929000854 -0.01703849993646145 
vn 0.0040505328215658665 0.9999141097068787 -0.012466258369386196 
vn 0.0040505328215658665 0.9999141097068787 -0.012466258369386196 
vn -0.0040505328215658665 0.9999141097068787 -0.012466258369386196 
vn -0.0040505328215658665 0.9999141097068787 -0.012466258369386196 
vn -0.0040505328215658665 0.9999141097068787 -0.012466258369386196 
vn 0.0038889264687895775 0.9998472929000854 -0.01703849993646145 
vn 0.001920195179991424 0.9995322823524475 -0.03052062913775444 
vn -0.0018897876143455505 0.9945066571235657 -0.10465624928474426 
vn 0.0018912545638158917 0.9509214162826538 -0.3094267249107361 
vn -0.0037773021031171083 0.762600839138031 -0.6468583345413208 
vn -0.00188738526776433 0.4409002661705017 -0.8975540995597839 
vn 0.03396417200565338 0.18463370203971863 -0.9822203516960144 
vn 0.06788339465856552 0.17173540592193604 -0.9828014969825745 
vn 0.08670612424612045 0.43303996324539185 -0.8971947431564331 
vn 0.15360093116760254 0.7453821301460266 -0.6487004160881042 
vn 0.19010713696479797 0.931820809841156 -0.3091428279876709 
vn 0.19595572352409363 0.9752739667892456 -0.10218630731105804 
vn 0.19735769927501678 0.97986900806427 -0.030110785737633705 
vn 0.19906970858573914 0.97986900806427 -0.01509863417595625 
vn 0.19906970858573914 0.97986900806427 -0.01509863417595625 
vn 0.19906970858573914 0.97986900806427 -0.01509863417595625 
vn 0.19906970858573914 0.97986900806427 -0.01509863417595625 
vn 0.19906970858573914 0.97986900806427 -0.01509863417595625 
vn 0.19906970858573914 0.97986900806427 -0.01509863417595625 
vn 0.19906970858573914 0.97986900806427 -0.01509863417595625 
vn 0.1983557790517807 0.97986900806427 -0.02262091264128685 
vn 0.19735769927501678 0.97986900806427 -0.030110785737633705 
vn 0.196076899766922 0.97986900806427 -0.03755752742290497 
vn 0.19947023689746857 0.9780870079994202 -0.05964438617229462 
vn 0.19629506766796112 0.9771679639816284 -0.08130808174610138 
vn 0.19480088353157043 0.976230263710022 -0.09501074254512787 
vn 0.197998046875 0.976230263710022 -0.08815440535545349 
vn 0.19717293977737427 0.9780870079994202 -0.0668480172753334 
vn 0.196076899766922 0.97986900806427 -0.03755752742290497 
vn 0.1994984894990921 0.97986900806427 -0.007554728537797928 
vn 0.19964148104190826 0.97986900806427 0 
vn 0.1994984894990921 0.97986900806427 -0.007554728537797928 
vn 0.20327287912368774 0.9780870079994202 -0.045010726898908615 
vn 0.20079264044761658 0.9742990136146545 -0.10209660232067108 
vn 0.19875943660736084 0.962351381778717 -0.18540358543395996 
vn 0.19556650519371033 0.946783721446991 -0.25564488768577576 
vn 0.19022953510284424 0.933397650718689 -0.30427226424217224 
vn 0.1877046674489975 0.9286137819290161 -0.320067822933197 
vn 0.36679700016975403 0.8805659413337708 -0.3001059293746948 
vn 0.36125388741493225 0.8763908743858337 -0.31848812103271484 
vn 0.37537944316864014 0.8926864862442017 -0.2494015097618103 
vn 0.38172832131385803 0.9060511589050293 -0.18263298273086548 
vn 0.38724902272224426 0.916832447052002 -0.0972442552447319 
vn 0.38941851258277893 0.9202865362167358 -0.03776058927178383 
vn 0.3871464729309082 0.9219872951507568 -0.0075553469359874725 
vn 0.3871464729309082 0.9219872951507568 0.0075553469359874725 
vn 0.38311317563056946 0.9236704111099243 -0.007570705842226744 
vn 0.38199183344841003 0.9236704111099243 -0.030253274366259575 
vn 0.38251176476478577 0.9219872951507568 -0.06020141392946243 
vn 0.3824312686920166 0.9202865362167358 -0.08257708698511124 
vn 0.380763441324234 0.9202865362167358 -0.0899546891450882 
vn 0.3839561641216278 0.9202865362167358 -0.07516861706972122 
vn 0.38361358642578125 0.9219872951507568 -0.05272647365927696 
vn 0.3813195526599884 0.9236704111099243 -0.03779444471001625 
vn 0.38199183344841003 0.9236704111099243 -0.030253274366259575 
vn 0.38251498341560364 0.9236704111099243 -0.022700296714901924 
vn 0.3828888237476349 0.9236704111099243 -0.015138455666601658 
vn 0.3828888237476349 0.9236704111099243 -0.015138455666601658 
vn 0.3828888237476349 0.9236704111099243 -0.015138455666601658 
vn 0.3828888237476349 0.9236704111099243 -0.015138455666601658 
vn 0.3828888237476349 0.9236704111099243 -0.015138455666601658 
vn 0.3828888237476349 0.9236704111099243 -0.015138455666601658 
vn 0.3828888237476349 0.9236704111099243 -0.015138455666601658 
vn 0.38199183344841003 0.9236704111099243 -0.030253274366259575 
vn 0.3811330795288086 0.9185682535171509 -0.10473720729351044 
vn 0.3616340458393097 0.8784868121147156 -0.3122207224369049 
vn 0.2915875315666199 0.7032341957092285 -0.6484121680259705 
vn 0.16700096428394318 0.405272513628006 -0.898813009262085 
vn 0.10177125036716461 0.15449213981628418 -0.9827384352684021 
vn 0.1298365592956543 0.1328723281621933 -0.9825921654701233 
vn 0.24430719017982483 0.3649536371231079 -0.8984001874923706 
vn 0.41845980286598206 0.6351318359375 -0.6492294669151306 
vn 0.5250691175460815 0.790128231048584 -0.3162274956703186 
vn 0.5498889684677124 0.8285757899284363 -0.1052820160984993 
vn 0.5517867207527161 0.8334367275238037 -0.03024354763329029 
vn 0.5524078011512756 0.8334367275238037 -0.01512744277715683 
vn 0.5524078011512756 0.8334367275238037 -0.01512744277715683 
vn 0.5524078011512756 0.8334367275238037 -0.01512744277715683 
vn 0.5524078011512756 0.8334367275238037 -0.01512744277715683 
vn 0.5524078011512756 0.8334367275238037 -0.01512744277715683 
vn 0.5524078011512756 0.8334367275238037 -0.01512744277715683 
vn 0.5524078011512756 0.8334367275238037 -0.01512744277715683 
vn 0.5521489977836609 0.8334367275238037 -0.022687621414661407 
vn 0.5521489977836609 0.8334367275238037 -0.022687621414661407 
vn 0.5513210296630859 0.8334367275238037 -0.037793807685375214 
vn 0.5537325143814087 0.8310141563415527 -0.05287504196166992 
vn 0.5520896315574646 0.8310141563415527 -0.06791511178016663 
vn 0.5500383973121643 0.8310141563415527 -0.08290494233369827 
vn 0.5511149764060974 0.8310141563415527 -0.07541700452566147 
vn 0.5537325143814087 0.8310141563415527 -0.05287504196166992 
vn 0.5521489977836609 0.8334367275238037 -0.022687621414661407 
vn 0.5562512278556824 0.8310141563415527 0 
vn 0.5561997890472412 0.8310141563415527 0.007564765866845846 
vn 0.5598769187927246 0.8285757899284363 0 
vn 0.5622228384017944 0.8261215686798096 -0.037797711789608 
vn 0.5585898756980896 0.8236515522003174 -0.09785431623458862 
vn 0.551852285861969 0.8161473870277405 -0.17135469615459442 
vn 0.5440480709075928 0.8033295273780823 -0.24222582578659058 
vn 0.5322141051292419 0.7954543828964233 -0.289828360080719 
vn 0.5249728560447693 0.7927988767623901 -0.30963441729545593 
vn 0.6829534769058228 0.67473965883255 -0.2798230051994324 
vn 0.6737834215164185 0.677958071231842 -0.2939196228981018 
vn 0.6950032711029053 0.681163489818573 -0.23018847405910492 
vn 0.7040969729423523 0.6907016038894653 -0.16485972702503204 
vn 0.7113460302352905 0.6969945430755615 -0.090473473072052 
vn 0.7133851051330566 0.7001210451126099 -0.030202072113752365 
vn 0.7140241861343384 0.7001210451126099 0 
vn 0.7107975482940674 0.7032341957092285 0.015115891583263874 
vn 0.7078384757041931 0.7063339352607727 0.007551186718046665 
vn 0.7077176570892334 0.7063339352607727 -0.015101514756679535 
vn 0.7064293026924133 0.7063339352607727 -0.045277051627635956 
vn 0.7053025960922241 0.7063339352607727 -0.06033733859658241 
vn 0.7046188116073608 0.7063339352607727 -0.06785761564970016 
vn 0.7053025960922241 0.7063339352607727 -0.06033733859658241 
vn 0.7064293026924133 0.7063339352607727 -0.045277051627635956 
vn 0.7072344422340393 0.7063339352607727 -0.03019615449011326 
vn 0.7075163125991821 0.7063339352607727 -0.02265012450516224 
vn 0.7075163125991821 0.7063339352607727 -0.02265012450516224 
vn 0.7077176570892334 0.7063339352607727 -0.015101514756679535 
vn 0.7077176570892334 0.7063339352607727 -0.015101514756679535 
vn 0.7077176570892334 0.7063339352607727 -0.015101514756679535 
vn 0.7077176570892334 0.7063339352607727 -0.015101514756679535 
vn 0.7077176570892334 0.7063339352607727 -0.015101514756679535 
vn 0.7077176570892334 0.7063339352607727 -0.015101514756679535 
vn 0.7077176570892334 0.7063339352607727 -0.015101514756679535 
vn 0.7068721055984497 0.7063339352607727 -0.037738751620054245 
vn 0.7030977010726929 0.7032341957092285 -0.10542893409729004 
vn 0.6708597540855408 0.6715083718299866 -0.314680278301239 
vn 0.5397037863731384 0.5361219048500061 -0.6490709781646729 
vn 0.3093887269496918 0.31150925159454346 -0.8984656929969788 
vn 0.15784676373004913 0.10250037163496017 -0.9821293354034424 
vn 0.16906461119651794 0.07203252613544464 -0.9829692244529724 
vn 0.36628052592277527 0.24437066912651062 -0.8978427052497864 
vn 0.6325957775115967 0.42118772864341736 -0.6499411463737488 
vn 0.789874255657196 0.5250110030174255 -0.31695756316185 
vn 0.8279464840888977 0.5507928133010864 -0.10550794750452042 
vn 0.831369936466217 0.5544344186782837 -0.037769097834825516 
vn 0.8319187164306641 0.5544344186782837 -0.022666441276669502 
vn 0.8320901989936829 0.5544344186782837 -0.015111999586224556 
vn 0.8320901989936829 0.5544344186782837 -0.015111999586224556 
vn 0.8320901989936829 0.5544344186782837 -0.015111999586224556 
vn 0.8320901989936829 0.5544344186782837 -0.015111999586224556 
vn 0.8320901989936829 0.5544344186782837 -0.015111999586224556 
vn 0.8319187164306641 0.5544344186782837 -0.022666441276669502 
vn 0.8319187164306641 0.5544344186782837 -0.022666441276669502 
vn 0.8319187164306641 0.5544344186782837 -0.022666441276669502 
vn 0.834094762802124 0.5507928133010864 -0.030219390988349915 
vn 0.8337870240211487 0.5507928133010864 -0.03776959329843521 
vn 0.8334108591079712 0.5507928133010864 -0.045316699892282486 
vn 0.8329664468765259 0.5507928133010864 -0.052860092371702194 
vn 0.8309927582740784 0.5544344186782837 -0.04531606659293175 
vn 0.8316786289215088 0.5544344186782837 -0.03021901473402977 
vn 0.83219313621521 0.5544344186782837 -0.007556311320513487 
vn 0.8345052003860474 0.5507928133010864 0.015112172812223434 
vn 0.8343341946601868 0.5507928133010864 0.02266671136021614 
vn 0.8370065689086914 0.5471406579017639 0.0075563364662230015 
vn 0.8391172885894775 0.5434780716896057 -0.022665951400995255 
vn 0.8353115916252136 0.5434780716896057 -0.08298283070325851 
vn 0.8282620906829834 0.5398051738739014 -0.15030740201473236 
vn 0.8182802796363831 0.5324283838272095 -0.21665044128894806 
vn 0.8055112361907959 0.5324283838272095 -0.26013776659965515 
vn 0.7957849502563477 0.5361219048500061 -0.28160184621810913 
vn 0.8961864113807678 0.3690181374549866 -0.2463241070508957 
vn 0.8904116153717041 0.37307560443878174 -0.2607329785823822 
vn 0.9071292281150818 0.3690181374549866 -0.20234164595603943 
vn 0.9178624749183655 0.37307560443878174 -0.13543637096881866 
vn 0.9253129959106445 0.37307560443878174 -0.06790026277303696 
vn 0.9260389804840088 0.37712597846984863 -0.015094655565917492 
vn 0.9260389804840088 0.37712597846984863 0.015094655565917492 
vn 0.9242275953292847 0.3811691105365753 0.022658998146653175 
vn 0.9242275953292847 0.3811691105365753 0.022658998146653175 
vn 0.924505352973938 0.3811691105365753 0 
vn 0.9243819117546082 0.3811691105365753 -0.015106839127838612 
vn 0.9240116477012634 0.3811691105365753 -0.030209645628929138 
vn 0.9237339496612549 0.3811691105365753 -0.037758275866508484 
vn 0.9237339496612549 0.3811691105365753 -0.037758275866508484 
vn 0.9240116477012634 0.3811691105365753 -0.030209645628929138 
vn 0.9242275953292847 0.3811691105365753 -0.022658998146653175 
vn 0.9242275953292847 0.3811691105365753 -0.022658998146653175 
vn 0.9242275953292847 0.3811691105365753 -0.022658998146653175 
vn 0.9242275953292847 0.3811691105365753 -0.022658998146653175 
vn 0.9242275953292847 0.3811691105365753 -0.022658998146653175 
vn 0.9242275953292847 0.3811691105365753 -0.022658998146653175 
vn 0.9242275953292847 0.3811691105365753 -0.022658998146653175 
vn 0.9242275953292847 0.3811691105365753 -0.022658998146653175 
vn 0.9242275953292847 0.3811691105365753 -0.022658998146653175 
vn 0.9242275953292847 0.3811691105365753 -0.022658998146653175 
vn 0.9237339496612549 0.3811691105365753 -0.037758275866508484 
vn 0.9184634685516357 0.3811691105365753 -0.10552211105823517 
vn 0.8750213384628296 0.3649536371231079 -0.31803545355796814 
vn 0.7001753449440002 0.29067665338516235 -0.65212082862854 
vn 0.40329426527023315 0.16742929816246033 -0.8996227979660034 
vn 0.180130735039711 0.03713129088282585 -0.9829416275024414 
vn 0.18767757713794708 0.002184694167226553 -0.9822282791137695 
vn 0.4325527548789978 0.08510008454322815 -0.8975834846496582 
vn 0.7448150515556335 0.15017375349998474 -0.6501525640487671 
vn 0.9287843108177185 0.18892620503902435 -0.318852037191391 
vn 0.9737713932991028 0.1975002884864807 -0.11297313868999481 
vn 0.9795764088630676 0.1975002884864807 -0.03773224726319313 
vn 0.9800412654876709 0.1975002884864807 -0.02264292910695076 
vn 0.9800412654876709 0.1975002884864807 -0.02264292910695076 
vn 0.9800412654876709 0.1975002884864807 -0.02264292910695076 
vn 0.9800412654876709 0.1975002884864807 -0.02264292910695076 
vn 0.9800412654876709 0.1975002884864807 -0.02264292910695076 
vn 0.9800412654876709 0.1975002884864807 -0.02264292910695076 
vn 0.9800412654876709 0.1975002884864807 -0.02264292910695076 
vn 0.9800412654876709 0.1975002884864807 -0.02264292910695076 
vn 0.9800412654876709 0.1975002884864807 -0.02264292910695076 
vn 0.9800412654876709 0.1975002884864807 -0.02264292910695076 
vn 0.9800412654876709 0.1975002884864807 -0.02264292910695076 
vn 0.9800412654876709 0.1975002884864807 -0.02264292910695076 
vn 0.9800412654876709 0.1975002884864807 -0.02264292910695076 
vn 0.9801865816116333 0.1975002884864807 -0.015096031129360199 
vn 0.9803028106689453 0.1975002884864807 0 
vn 0.9801865816116333 0.1975002884864807 0.015096031129360199 
vn 0.9798378944396973 0.1975002884864807 0.030188482254743576 
vn 0.9798378944396973 0.1975002884864807 0.030188482254743576 
vn 0.9810400605201721 0.19321508705615997 0.015109176747500896 
vn 0.9811273217201233 0.19321508705615997 -0.007554812356829643 
vn 0.9792954921722412 0.19321508705615997 -0.06040087714791298 
vn 0.9737197756767273 0.19321508705615997 -0.12057263404130936 
vn 0.9644503593444824 0.19321508705615997 -0.18028701841831207 
vn 0.9559712409973145 0.18892620503902435 -0.22455716133117676 
vn 0.9506946802139282 0.1975002884864807 -0.23910930752754211 
vn 0.9807829260826111 -0.002184694167226553 -0.19508986175060272 
vn 0.9760558009147644 0.010923261754214764 -0.21724578738212585 
vn 0.9874485731124878 -0.002184694167226553 -0.15792569518089294 
vn 0.9944137930870056 -0.002184694167226553 -0.10552956163883209 
vn 0.9989712238311768 -0.002184694167226553 -0.04529581964015961 
vn 0.999997615814209 -0.002184694167226553 0 
vn 0.9997409582138062 -0.002184694167226553 0.022653724998235703 
vn 0.9992848038673401 0.002184694167226553 0.03775046393275261 
vn 0.9992848038673401 0.002184694167226553 0.03775046393275261 
vn 0.9997409582138062 0.002184694167226553 0.022653724998235703 
vn 0.9998835325241089 0.002184694167226553 0.015103200450539589 
vn 0.9999691247940063 0.002184694167226553 0.007551815826445818 
vn 0.999997615814209 -0.002184694167226553 0 
vn 0.9999691247940063 -0.002184694167226553 -0.007551815826445818 
vn 0.9999691247940063 -0.002184694167226553 -0.007551815826445818 
vn 0.9998835325241089 -0.002184694167226553 -0.015103200450539589 
vn 0.9997409582138062 -0.002184694167226553 -0.022653724998235703 
vn 0.9997409582138062 -0.002184694167226553 -0.022653724998235703 
vn 0.9997409582138062 -0.002184694167226553 -0.022653724998235703 
vn 0.9997409582138062 -0.002184694167226553 -0.022653724998235703 
vn 0.9997409582138062 -0.002184694167226553 -0.022653724998235703 
vn 0.9997409582138062 0.002184694167226553 -0.022653724998235703 
vn 0.9997409582138062 0.002184694167226553 -0.022653724998235703 
vn 0.9997409582138062 0.002184694167226553 -0.022653724998235703 
vn 0.9997409582138062 0.002184694167226553 -0.022653724998235703 
vn 0.9989712238311768 0.002184694167226553 -0.04529581964015961 
vn 0.9935884475708008 0.002184694167226553 -0.11303620040416718 
vn 0.947733998298645 0.002184694167226553 -0.31905397772789 
vn 0.7584388852119446 0.002184694167226553 -0.651740550994873 
vn 0.4377666711807251 0.002184694167226553 -0.8990859389305115 
vn 0.180130735039711 -0.03713129088282585 -0.9829416275024414 
vn 0.4325527548789978 -0.08510008454322815 -0.8975834846496582 
vn 0.7398298382759094 -0.15017375349998474 -0.655819833278656 
vn 0.9287843108177185 -0.18892620503902435 -0.318852037191391 
vn 0.9737713932991028 -0.1975002884864807 -0.11297313868999481 
vn 0.979256808757782 -0.1975002884864807 -0.04527377337217331 
vn 0.9798378944396973 -0.1975002884864807 -0.030188482254743576 
vn 0.9800412654876709 -0.1975002884864807 -0.02264292910695076 
vn 0.9800412654876709 -0.1975002884864807 -0.02264292910695076 
vn 0.9800412654876709 -0.1975002884864807 -0.02264292910695076 
vn 0.9800412654876709 -0.1975002884864807 -0.02264292910695076 
vn 0.9800412654876709 -0.1975002884864807 -0.02264292910695076 
vn 0.9800412654876709 -0.1975002884864807 -0.02264292910695076 
vn 0.9800412654876709 -0.1975002884864807 -0.02264292910695076 
vn 0.9801865816116333 -0.1975002884864807 -0.015096031129360199 
vn 0.9802737832069397 -0.1975002884864807 -0.0075482395477592945 
vn 0.9803028106689453 -0.1975002884864807 0 
vn 0.9801865816116333 -0.1975002884864807 0.015096031129360199 
vn 0.9800412654876709 -0.1975002884864807 0.02264292910695076 
vn 0.9800412654876709 -0.1975002884864807 0.02264292910695076 
vn 0.9798378944396973 -0.1975002884864807 0.030188482254743576 
vn 0.9795764088630676 -0.1975002884864807 0.03773224726319313 
vn 0.979256808757782 -0.1975002884864807 0.04527377337217331 
vn 0.9795764088630676 -0.1975002884864807 0.03773224726319313 
vn 0.9806922078132629 -0.19321508705615997 0.030177798122167587 
vn 0.9811273813247681 -0.19321508705615997 0.007545565254986286 
vn 0.9804311394691467 -0.19321508705615997 -0.03771890327334404 
vn 0.9769812226295471 -0.19321508705615997 -0.09041920304298401 
vn 0.9717705249786377 -0.19321508705615997 -0.13538813591003418 
vn 0.9658474326133728 -0.19321508705615997 -0.17264613509178162 
vn 0.9647424817085266 -0.18463370203971863 -0.18756966292858124 
vn 0.915081799030304 -0.37712597846984863 -0.14283323287963867 
vn 0.9159497022628784 -0.3690181374549866 -0.15767602622509003 
vn 0.9192508459091187 -0.37712597846984863 -0.11293318122625351 
vn 0.9236719608306885 -0.37712597846984863 -0.06786806881427765 
vn 0.9258852005004883 -0.37712597846984863 -0.022640729323029518 
vn 0.9261312484741211 -0.37712597846984863 0.0075475783087313175 
vn 0.9256699681282043 -0.37712597846984863 0.03018530085682869 
vn 0.9250550270080566 -0.37712597846984863 0.04526792839169502 
vn 0.9233974814414978 -0.3811691105365753 0.04524559527635574 
vn 0.9233974814414978 -0.3811691105365753 0.04524559527635574 
vn 0.9233974814414978 -0.3811691105365753 0.04524559527635574 
vn 0.9237359762191772 -0.3811691105365753 0.03770926594734192 
vn 0.9237359762191772 -0.3811691105365753 0.03770926594734192 
vn 0.9225530624389648 -0.3852050006389618 0.02264740690588951 
vn 0.9228001236915588 -0.3852050006389618 0.007549809291958809 
vn 0.9228001236915588 -0.3852050006389618 -0.007549809291958809 
vn 0.924382209777832 -0.3811691105365753 -0.015087221749126911 
vn 0.924228310585022 -0.3811691105365753 -0.022629577666521072 
vn 0.924228310585022 -0.3811691105365753 -0.022629577666521072 
vn 0.9240128993988037 -0.3811691105365753 -0.03017042577266693 
vn 0.9240128993988037 -0.3811691105365753 -0.03017042577266693 
vn 0.9240128993988037 -0.3811691105365753 -0.03017042577266693 
vn 0.9240128993988037 -0.3811691105365753 -0.03017042577266693 
vn 0.9240128993988037 -0.3811691105365753 -0.03017042577266693 
vn 0.9240128993988037 -0.3811691105365753 -0.03017042577266693 
vn 0.9233974814414978 -0.3811691105365753 -0.04524559527635574 
vn 0.9175886511802673 -0.3811691105365753 -0.11287684738636017 
vn 0.8741987347602844 -0.36088213324546814 -0.32487019896507263 
vn 0.7007885575294495 -0.29067665338516235 -0.6514617800712585 
vn 0.40455329418182373 -0.16742929816246033 -0.8990573287010193 
vn 0.16906461119651794 -0.07203252613544464 -0.9829692244529724 
vn 0.052828505635261536 -0.01966099627315998 -0.9984100461006165 
vn 0.007551815826445818 -0.002184694167226553 -0.9999691247940063 
vn 3.097898456858039e-13 -0.002184694167226553 -0.999997615814209 
vn 3.097898456858039e-13 0.002184694167226553 -0.999997615814209 
vn 3.097898456858039e-13 0.002184694167226553 -0.999997615814209 
vn 3.097898456858039e-13 -0.002184694167226553 -0.999997615814209 
vn 3.097898456858039e-13 -0.002184694167226553 -0.999997615814209 
vn 3.0978390967890956e-13 -0.006554040592163801 -0.9999785423278809 
vn 3.0978390967890956e-13 -0.006554040592163801 -0.9999785423278809 
vn 3.0978390967890956e-13 -0.006554040592163801 -0.9999785423278809 
vn 3.0978390967890956e-13 -0.006554040592163801 -0.9999785423278809 
vn 0.0075516714714467525 -0.006554040592163801 -0.9999499917030334 
vn 0.045277662575244904 -0.028397228568792343 -0.9985707402229309 
vn 0.15784676373004913 -0.10250037163496017 -0.9821293354034424 
vn 0.3679964244365692 -0.2401314377784729 -0.8982847929000854 
vn 0.6298303604125977 -0.417220801115036 -0.6551644802093506 
vn 0.787208616733551 -0.5250110030174255 -0.32352128624916077 
vn 0.8259255290031433 -0.5507928133010864 -0.12030945718288422 
vn 0.8309963345527649 -0.5544344186782837 -0.04525073990225792 
vn 0.831680178642273 -0.5544344186782837 -0.030175428837537766 
vn 0.831680178642273 -0.5544344186782837 -0.030175428837537766 
vn 0.831680178642273 -0.5544344186782837 -0.030175428837537766 
vn 0.831680178642273 -0.5544344186782837 -0.030175428837537766 
vn 0.831680178642273 -0.5544344186782837 -0.030175428837537766 
vn 0.831680178642273 -0.5544344186782837 -0.030175428837537766 
vn 0.8319196105003357 -0.5544344186782837 -0.022633742541074753 
vn 0.8319196105003357 -0.5544344186782837 -0.022633742541074753 
vn 0.8320906162261963 -0.5544344186782837 -0.015090195462107658 
vn 0.8322274088859558 -0.5544344186782837 0 
vn 0.8320906162261963 -0.5544344186782837 0.015090195462107658 
vn 0.8313724398612976 -0.5544344186782837 0.037714634090662 
vn 0.8329712748527527 -0.5507928133010864 0.052784137427806854 
vn 0.8329712748527527 -0.5507928133010864 0.052784137427806854 
vn 0.8329712748527527 -0.5507928133010864 0.052784137427806854 
vn 0.8329712748527527 -0.5507928133010864 0.052784137427806854 
vn 0.8329712748527527 -0.5507928133010864 0.052784137427806854 
vn 0.8358166217803955 -0.5471406579017639 0.04525151476264 
vn 0.8361905813217163 -0.5471406579017639 0.03771521523594856 
vn 0.8369046449661255 -0.5471406579017639 0.015090378001332283 
vn 0.8369046449661255 -0.5471406579017639 -0.015090378001332283 
vn 0.8353747129440308 -0.5471406579017639 -0.052784137427806854 
vn 0.8321479558944702 -0.5471406579017639 -0.09037068486213684 
vn 0.8283491134643555 -0.5471406579017639 -0.12031140178442001 
vn 0.8320366144180298 -0.5398051738739014 -0.12777110934257507 
vn 0.7051997780799866 -0.7032341957092285 -0.09030436724424362 
vn 0.7103975415229797 -0.6969945430755615 -0.09764189273118973 
vn 0.7108018398284912 -0.7001210451126099 -0.06775858253240585 
vn 0.7130290865898132 -0.7001210451126099 -0.037682872265577316 
vn 0.7139843702316284 -0.7001210451126099 -0.007539937272667885 
vn 0.7136659026145935 -0.7001210451126099 0.022616449743509293 
vn 0.7130290865898132 -0.7001210451126099 0.037682872265577316 
vn 0.7095171809196472 -0.7032341957092285 0.04524388909339905 
vn 0.7089970111846924 -0.7032341957092285 0.05277165398001671 
vn 0.7083970308303833 -0.7032341957092285 0.060293473303318024 
vn 0.7046298384666443 -0.7063339352607727 0.06774295121431351 
vn 0.7046298384666443 -0.7063339352607727 0.06774295121431351 
vn 0.7046298384666443 -0.7063339352607727 0.06774295121431351 
vn 0.7059127688407898 -0.7063339352607727 0.05272085592150688 
vn 0.7075175046920776 -0.7063339352607727 0.022611746564507484 
vn 0.7078787684440613 -0.7063339352607727 0 
vn 0.7077181935310364 -0.7063339352607727 -0.015075922943651676 
vn 0.7075175046920776 -0.7063339352607727 -0.022611746564507484 
vn 0.7072365880012512 -0.7063339352607727 -0.030145006254315376 
vn 0.7072365880012512 -0.7063339352607727 -0.030145006254315376 
vn 0.7072365880012512 -0.7063339352607727 -0.030145006254315376 
vn 0.7072365880012512 -0.7063339352607727 -0.030145006254315376 
vn 0.7072365880012512 -0.7063339352607727 -0.030145006254315376 
vn 0.7072365880012512 -0.7063339352607727 -0.030145006254315376 
vn 0.7072365880012512 -0.7063339352607727 -0.030145006254315376 
vn 0.7064341902732849 -0.7063339352607727 -0.045200414955616 
vn 0.7007317543029785 -0.7032341957092285 -0.12015252560377121 
vn 0.6678982973098755 -0.6682642698287964 -0.3276197612285614 
vn 0.5319707989692688 -0.5324283838272095 -0.6584277153015137 
vn 0.31123629212379456 -0.30735430121421814 -0.8992581963539124 
vn 0.1298365592956543 -0.1328723281621933 -0.9825921654701233 
vn 0.03772452101111412 -0.03713129088282585 -0.9985980987548828 
vn 0.02832009457051754 -0.04586252197623253 -0.9985462427139282 
vn 0.10177125036716461 -0.15449213981628418 -0.9827384352684021 
vn 0.24430719017982483 -0.3649536371231079 -0.8984001874923706 
vn 0.4147927761077881 -0.6283578276634216 -0.6581135392189026 
vn 0.5214807391166687 -0.7874425053596497 -0.328621506690979 
vn 0.5506507754325867 -0.8261215686798096 -0.11961153149604797 
vn 0.5537541508674622 -0.8310141563415527 -0.05264781787991524 
vn 0.5517938733100891 -0.8334367275238037 -0.03011246956884861 
vn 0.5517938733100891 -0.8334367275238037 -0.03011246956884861 
vn 0.5517938733100891 -0.8334367275238037 -0.03011246956884861 
vn 0.5517938733100891 -0.8334367275238037 -0.03011246956884861 
vn 0.5517938733100891 -0.8334367275238037 -0.03011246956884861 
vn 0.5517938733100891 -0.8334367275238037 -0.03011246956884861 
vn 0.5517938733100891 -0.8334367275238037 -0.03011246956884861 
vn 0.5521530508995056 -0.8334367275238037 -0.022589247673749924 
vn 0.5524095892906189 -0.8334367275238037 -0.015061830170452595 
vn 0.5525636076927185 -0.8334367275238037 0.007531614974141121 
vn 0.5517938733100891 -0.8334367275238037 0.03011246956884861 
vn 0.5529904961585999 -0.8310141563415527 0.06014133617281914 
vn 0.5500917434692383 -0.8310141563415527 0.08255024999380112 
vn 0.5500917434692383 -0.8310141563415527 0.08255024999380112 
vn 0.5511590838432312 -0.8310141563415527 0.07509392499923706 
vn 0.5521253943443298 -0.8310141563415527 0.06762383133172989 
vn 0.5529904961585999 -0.8310141563415527 0.06014133617281914 
vn 0.5573957562446594 -0.8285757899284363 0.052651576697826385 
vn 0.5586105585098267 -0.8285757899284363 0.037635523825883865 
vn 0.5594209432601929 -0.8285757899284363 0.022592218592762947 
vn 0.5598769187927246 -0.8285757899284363 0 
vn 0.5594209432601929 -0.8285757899284363 -0.022592218592762947 
vn 0.5573957562446594 -0.8285757899284363 -0.052651576697826385 
vn 0.5557773113250732 -0.8285757899284363 -0.06762950867414474 
vn 0.5584641695022583 -0.8261215686798096 -0.07510612905025482 
vn 0.38363584876060486 -0.9219872951507568 -0.05256424471735954 
vn 0.38663172721862793 -0.9202865362167358 -0.059904471039772034 
vn 0.3853900730609894 -0.9219872951507568 -0.03760281577706337 
vn 0.38692715764045715 -0.9219872951507568 -0.015061067417263985 
vn 0.39117276668548584 -0.9202865362167358 0.007517166901379824 
vn 0.3905951678752899 -0.9202865362167358 0.022540399804711342 
vn 0.38944077491760254 -0.9202865362167358 0.03753035143017769 
vn 0.38363584876060486 -0.9219872951507568 0.05256424471735954 
vn 0.38254082202911377 -0.9219872951507568 0.06001653894782066 
vn 0.3840447664260864 -0.9202865362167358 0.0747145563364029 
vn 0.3825383484363556 -0.9202865362167358 0.08207958936691284 
vn 0.38089069724082947 -0.9202865362167358 0.0894143208861351 
vn 0.38089069724082947 -0.9202865362167358 0.0894143208861351 
vn 0.38130104541778564 -0.9219872951507568 0.06744612753391266 
vn 0.3813428282737732 -0.9236704111099243 0.037558987736701965 
vn 0.3831140995025635 -0.9236704111099243 0.007523394655436277 
vn 0.38289254903793335 -0.9236704111099243 -0.015043889172375202 
vn 0.38252338767051697 -0.9236704111099243 -0.022558584809303284 
vn 0.3820067346096039 -0.9236704111099243 -0.03006458282470703 
vn 0.3820067346096039 -0.9236704111099243 -0.03006458282470703 
vn 0.3820067346096039 -0.9236704111099243 -0.03006458282470703 
vn 0.3820067346096039 -0.9236704111099243 -0.03006458282470703 
vn 0.3820067346096039 -0.9236704111099243 -0.03006458282470703 
vn 0.3820067346096039 -0.9236704111099243 -0.03006458282470703 
vn 0.3813428282737732 -0.9236704111099243 -0.037558987736701965 
vn 0.38363584876060486 -0.9219872951507568 -0.05256424471735954 
vn 0.38121497631073 -0.916832447052002 -0.11871551722288132 
vn 0.3619982898235321 -0.87427818775177 -0.3234112858772278 
vn 0.2891353666782379 -0.6969945430755615 -0.6562007069587708 
vn 0.16700096428394318 -0.405272513628006 -0.898813009262085 
vn 0.06788339465856552 -0.17173540592193604 -0.9828014969825745 
vn 0.020764991641044617 -0.05022686347365379 -0.9985219240188599 
vn 0.013214651495218277 -0.05022686347365379 -0.9986504316329956 
vn -0.0018874284578487277 -0.05459024757146835 -0.9985070824623108 
vn 0.03583554923534393 -0.18033768236637115 -0.9829517602920532 
vn 0.08290009945631027 -0.42909738421440125 -0.8994459509849548 
vn 0.15135909616947174 -0.7395281791687012 -0.6558876037597656 
vn 0.1886366307735443 -0.926983654499054 -0.3242183029651642 
vn 0.19490332901477814 -0.9733054637908936 -0.12119867652654648 
vn 0.19721288979053497 -0.9789873361587524 -0.05187339335680008 
vn 0.19611933827400208 -0.97986900806427 -0.03733529895544052 
vn 0.19738490879535675 -0.97986900806427 -0.029931848868727684 
vn 0.19738490879535675 -0.97986900806427 -0.029931848868727684 
vn 0.19738490879535675 -0.97986900806427 -0.029931848868727684 
vn 0.19738490879535675 -0.97986900806427 -0.029931848868727684 
vn 0.19738490879535675 -0.97986900806427 -0.029931848868727684 
vn 0.19738490879535675 -0.97986900806427 -0.029931848868727684 
vn 0.19837111234664917 -0.97986900806427 -0.022486034780740738 
vn 0.19907653331756592 -0.97986900806427 -0.015008394606411457 
vn 0.1995001882314682 -0.97986900806427 0.007509511895477772 
vn 0.19611933827400208 -0.97986900806427 0.03733529895544052 
vn 0.19492092728614807 -0.9780870079994202 0.07315504550933838 
vn 0.19527225196361542 -0.976230263710022 0.09403815865516663 
vn 0.1998060643672943 -0.9752739667892456 0.09443636238574982 
vn 0.19840171933174133 -0.976230263710022 0.08724208176136017 
vn 0.19936829805374146 -0.9771679639816284 0.07345092296600342 
vn 0.19966718554496765 -0.9780870079994202 0.058981698006391525 
vn 0.19721288979053497 -0.9789873361587524 0.05187339335680008 
vn 0.20048922300338745 -0.9789873361587524 0.037253737449645996 
vn 0.2017224282026291 -0.9789873361587524 0.029863517731428146 
vn 0.20378334820270538 -0.9789873361587524 0.007491140626370907 
vn 0.1995001882314682 -0.97986900806427 -0.007509511895477772 
vn 0.2017224282026291 -0.9789873361587524 -0.029863517731428146 
vn 0.19898536801338196 -0.9789873361587524 -0.04459366574883461 
vn 0.19898536801338196 -0.9789873361587524 -0.04459366574883461 
vn 0.003627474419772625 -0.9992268681526184 -0.03914668411016464 
vn 0.003607067046687007 -0.9990455508232117 -0.04353082552552223 
vn -0.0017888620495796204 -0.9996563792228699 -0.026152238249778748 
vn 0.0015174545114859939 -0.999961793422699 -0.008605912327766418 
vn -1.3584084427309948e-15 -0.9999141097068787 0.013107799924910069 
vn -0.0017888620495796204 -0.9996563792228699 0.026152238249778748 
vn 0.003627474419772625 -0.9992268681526184 0.03914668411016464 
vn 0.0018290365114808083 -0.9986256957054138 0.05237675458192825 
vn -6.321893929303515e-15 -0.9981296062469482 0.06113334000110626 
vn -0.0018501408630982041 -0.9972425103187561 0.07418830692768097 
vn -0.003704126225784421 -0.9961841106414795 0.08719801157712936 
vn 0.0018611537525430322 -0.9953833818435669 0.0959606021642685 
vn 0.0018611537525430322 -0.9953833818435669 0.0959606021642685 
vn -0.0018501408630982041 -0.9972425103187561 0.07418830692768097 
vn -0.003627474419772625 -0.9992268681526184 0.03914668411016464 
vn 0.0015174545114859939 -0.999961793422699 0.008605912327766418 
vn 4.0606729845218004e-15 -0.9999141097068787 -0.013107799924910069 
vn 6.767443423954644e-15 -0.9997613430023193 -0.021845221519470215 
vn -0.0017781255301088095 -0.9995322823524475 -0.030529234558343887 
vn -0.0017781255301088095 -0.9995322823524475 -0.030529234558343887 
vn -0.0036530625075101852 -0.999389111995697 -0.03475656732916832 
vn 0.0036530625075101852 -0.999389111995697 -0.03475656732916832 
vn 0.0036530625075101852 -0.999389111995697 -0.03475656732916832 
vn 0.0036530625075101852 -0.999389111995697 -0.03475656732916832 
vn 0.0036530625075101852 -0.999389111995697 -0.03475656732916832 
vn 0.0018290365114808083 -0.9986256957054138 -0.05237675458192825 
vn -0.0018610621336847544 -0.9925254583358765 -0.122023805975914 
vn 0.0018757632933557034 -0.9453682899475098 -0.32599881291389465 
vn -0.0018861298449337482 -0.7540562748908997 -0.6568071246147156 
vn 0.0018863676814362407 -0.43697428703308105 -0.8994719982147217 
vn 0.003774539101868868 -0.18463370203971863 -0.9828001856803894 
vt 0.5423123240470886 0.997760534286499 
vt 0.5236232280731201 0.997760534286499 
vt 0.5423123240470886 0.9972726106643677 
vt 0.5236232280731201 0.9972726106643677 
vt 0.5610014200210571 0.9969066381454468 
vt 0.5237058997154236 0.9982484579086304 
vt 0.5050168037414551 0.9981265068054199 
vt 0.5050168037414551 0.9987363815307617 
vt 0.4864931106567383 0.998492419719696 
vt 0.4864931106567383 0.9989804029464722 
vt 0.4679694175720215 0.9987363815307617 
vt 0.4679694175720215 0.9992243647575378 
vt 0.4494457244873047 0.9988583922386169 
vt 0.4494457244873047 0.9993463158607483 
vt 0.43100470304489136 0.9989804029464722 
vt 0.43100470304489136 0.9994683265686035 
vt 0.412563681602478 0.9989804029464722 
vt 0.412563681602478 0.9994683265686035 
vt 0.39420539140701294 0.9991023540496826 
vt 0.39420539140701294 0.999590277671814 
vt 0.3757643699645996 0.9991023540496826 
vt 0.3757643699645996 0.999590277671814 
vt 0.35740604996681213 0.9991023540496826 
vt 0.35740604996681213 0.999590277671814 
vt 0.3391304612159729 0.9991023540496826 
vt 0.3391304612159729 0.999590277671814 
vt 0.3207721412181854 0.9991023540496826 
vt 0.3207721412181854 0.999590277671814 
vt 0.30241382122039795 0.9991023540496826 
vt 0.30241382122039795 0.999590277671814 
vt 0.283972829580307 0.9991023540496826 
vt 0.283972829580307 0.999590277671814 
vt 0.26561450958251953 0.9989804029464722 
vt 0.26561450958251953 0.9994683265686035 
vt 0.2471734881401062 0.9989804029464722 
vt 0.2471734881401062 0.9994683265686035 
vt 0.22873248159885406 0.9988583922386169 
vt 0.22873248159885406 0.9993463158607483 
vt 0.21020878851413727 0.9987363815307617 
vt 0.21020878851413727 0.9992243647575378 
vt 0.19168508052825928 0.998492419719696 
vt 0.19168508052825928 0.9989804029464722 
vt 0.17316138744354248 0.9981265068054199 
vt 0.17316138744354248 0.9987363815307617 
vt 0.15455497801303864 0.997760534286499 
vt 0.15447229146957397 0.9982484579086304 
vt 0.13586589694023132 0.9972726106643677 
vt 0.13586589694023132 0.997760534286499 
vt 0.11717680096626282 0.9964187145233154 
vt 0.11717680096626282 0.9969066381454468 
vt 0.09857039898633957 0.9951988458633423 
vt 0.09848770499229431 0.9956867694854736 
vt 0.08021208643913269 0.993613064289093 
vt 0.08012939244508743 0.9941009879112244 
vt 0.0622672513127327 0.9915392994880676 
vt 0.06218455731868744 0.992027223110199 
vt 0.04523206129670143 0.9890996217727661 
vt 0.04523206129670143 0.9895875453948975 
vt 0.04523206129670143 0.98861163854599 
vt 0.062349945306777954 0.990929365158081 
vt 0.08029478043317795 0.9931250810623169 
vt 0.09865309298038483 0.9947109222412109 
vt 0.11725949496030807 0.9959307312965393 
vt 0.13586589694023132 0.9966626763343811 
vt 0.15455497801303864 0.9972726106643677 
vt 0.17316138744354248 0.9976385235786438 
vt 0.19176778197288513 0.9980044960975647 
vt 0.21020878851413727 0.9981265068054199 
vt 0.22873248159885406 0.9983704686164856 
vt 0.2471734881401062 0.9983704686164856 
vt 0.26561450958251953 0.998492419719696 
vt 0.283972829580307 0.998492419719696 
vt 0.30241382122039795 0.9986144304275513 
vt 0.3207721412181854 0.9986144304275513 
vt 0.3391304612159729 0.998492419719696 
vt 0.35740604996681213 0.9986144304275513 
vt 0.3757643699645996 0.9986144304275513 
vt 0.39420539140701294 0.998492419719696 
vt 0.412563681602478 0.998492419719696 
vt 0.43100470304489136 0.9983704686164856 
vt 0.4494457244873047 0.9983704686164856 
vt 0.4679694175720215 0.9981265068054199 
vt 0.4864104092121124 0.9980044960975647 
vt 0.5050168037414551 0.9976385235786438 
vt 0.5049341320991516 0.9971505999565125 
vt 0.4864104092121124 0.9973945617675781 
vt 0.46788671612739563 0.9976385235786438 
vt 0.4494457244873047 0.997760534286499 
vt 0.43100470304489136 0.9978825449943542 
vt 0.412563681602478 0.9980044960975647 
vt 0.39420539140701294 0.9980044960975647 
vt 0.3757643699645996 0.9980044960975647 
vt 0.35740604996681213 0.9980044960975647 
vt 0.3391304612159729 0.9980044960975647 
vt 0.3207721412181854 0.9980044960975647 
vt 0.30241382122039795 0.9980044960975647 
vt 0.283972829580307 0.9980044960975647 
vt 0.26561450958251953 0.9980044960975647 
vt 0.2471734881401062 0.9978825449943542 
vt 0.22873248159885406 0.997760534286499 
vt 0.21029147505760193 0.9976385235786438 
vt 0.19176778197288513 0.9973945617675781 
vt 0.17324407398700714 0.9971505999565125 
vt 0.15455497801303864 0.9967846274375916 
vt 0.13594858348369598 0.9961747527122498 
vt 0.11725949496030807 0.995442807674408 
vt 0.09873579442501068 0.9942229390144348 
vt 0.0803774818778038 0.9926371574401855 
vt 0.06243264302611351 0.9904414415359497 
vt 0.04531475529074669 0.9881237149238586 
vt 0.04531475529074669 0.9875137805938721 
vt 0.06251534074544907 0.9899535179138184 
vt 0.08046017587184906 0.992027223110199 
vt 0.09881848841905594 0.9937350153923035 
vt 0.11734218895435333 0.9948328733444214 
vt 0.13594858348369598 0.9956867694854736 
vt 0.1546376794576645 0.9962967038154602 
vt 0.17324407398700714 0.9966626763343811 
vt 0.19176778197288513 0.9969066381454468 
vt 0.21029147505760193 0.9971505999565125 
vt 0.22873248159885406 0.9972726106643677 
vt 0.24725618958473206 0.9973945617675781 
vt 0.26561450958251953 0.9975165724754333 
vt 0.283972829580307 0.9975165724754333 
vt 0.30241382122039795 0.9975165724754333 
vt 0.3207721412181854 0.9975165724754333 
vt 0.3391304612159729 0.9975165724754333 
vt 0.35740604996681213 0.9975165724754333 
vt 0.3757643699645996 0.9975165724754333 
vt 0.39420539140701294 0.9975165724754333 
vt 0.412563681602478 0.9975165724754333 
vt 0.4309220016002655 0.9973945617675781 
vt 0.4494457244873047 0.9972726106643677 
vt 0.46788671612739563 0.9971505999565125 
vt 0.4864104092121124 0.9969066381454468 
vt 0.5049341320991516 0.9966626763343811 
vt 0.5236232280731201 0.9967846274375916 
vt 0.5423123240470886 0.9966626763343811 
vt 0.5610014200210571 0.9964187145233154 
vt 0.5796905159950256 0.9956867694854736 
vt 0.5796077847480774 0.9951988458633423 
vt 0.5980488061904907 0.9941009879112244 
vt 0.5979661345481873 0.993613064289093 
vt 0.6159936189651489 0.992027223110199 
vt 0.6159109473228455 0.9915392994880676 
vt 0.6329461336135864 0.9895875453948975 
vt 0.6329461336135864 0.9890996217727661 
vt 0.615828275680542 0.990929365158081 
vt 0.6329461336135864 0.98861163854599 
vt 0.04531475529074669 0.9870258569717407 
vt 0.597883403301239 0.9931250810623169 
vt 0.5795251131057739 0.9947109222412109 
vt 0.5609186887741089 0.9959307312965393 
vt 0.5422295928001404 0.9961747527122498 
vt 0.5235404968261719 0.9962967038154602 
vt 0.5049341320991516 0.9961747527122498 
vt 0.4864104092121124 0.9964187145233154 
vt 0.46788671612739563 0.9966626763343811 
vt 0.4494457244873047 0.9967846274375916 
vt 0.4309220016002655 0.9969066381454468 
vt 0.412563681602478 0.9969066381454468 
vt 0.39420539140701294 0.997028648853302 
vt 0.3757643699645996 0.997028648853302 
vt 0.35740604996681213 0.997028648853302 
vt 0.3391304612159729 0.997028648853302 
vt 0.3207721412181854 0.997028648853302 
vt 0.30241382122039795 0.997028648853302 
vt 0.283972829580307 0.997028648853302 
vt 0.26561450958251953 0.9969066381454468 
vt 0.24725618958473206 0.9969066381454468 
vt 0.22873248159885406 0.9967846274375916 
vt 0.21029147505760193 0.9966626763343811 
vt 0.19176778197288513 0.9964187145233154 
vt 0.17324407398700714 0.9961747527122498 
vt 0.1546376794576645 0.9956867694854736 
vt 0.13603128492832184 0.9951988458633423 
vt 0.11742488294839859 0.99434494972229 
vt 0.09881848841905594 0.9932470917701721 
vt 0.08054286986589432 0.9915392994880676 
vt 0.06259803473949432 0.9894655346870422 
vt 0.045397453010082245 0.9865379333496094 
vt 0.06268072873353958 0.9889776110649109 
vt 0.045397453010082245 0.9861719608306885 
vt 0.06276342272758484 0.98861163854599 
vt 0.045397453010082245 0.9858059883117676 
vt 0.06276342272758484 0.9882457256317139 
vt 0.0454801470041275 0.9853180646896362 
vt 0.0628461167216301 0.9877577424049377 
vt 0.04556284099817276 0.9847081303596497 
vt 0.06292881071567535 0.9871478080749512 
vt 0.04564553499221802 0.983732283115387 
vt 0.06309420615434647 0.9861719608306885 
vt 0.04589362069964409 0.9822684526443481 
vt 0.06334228813648224 0.9847081303596497 
vt 0.046307098120450974 0.9789748191833496 
vt 0.06375576555728912 0.9814145565032959 
vt 0.047712914645671844 0.9687281250953674 
vt 0.0651615783572197 0.9710457921028137 
vt 0.04986298829317093 0.9453069567680359 
vt 0.06731165200471878 0.9470147490501404 
vt 0.050855327397584915 0.9023682475090027 
vt 0.0686347708106041 0.9031001925468445 
vt 0.04862255975604057 0.8361303806304932 
vt 0.06681548058986664 0.835764467716217 
vt 0.0431646853685379 0.7547664046287537 
vt 0.061771079897880554 0.7536685466766357 
vt 0.03613559901714325 0.6701087951660156 
vt 0.055155474692583084 0.668766975402832 
vt 0.030016163364052773 0.5947220921516418 
vt 0.049449510872364044 0.593258261680603 
vt 0.026212187483906746 0.5383650064468384 
vt 0.04581092670559883 0.53714519739151 
vt 0.024558287113904953 0.4987199008464813 
vt 0.0443224161863327 0.4978660047054291 
vt 0.024310201406478882 0.47041937708854675 
vt 0.04407433047890663 0.4701754152774811 
vt 0.024723676964640617 0.44797414541244507 
vt 0.044570501893758774 0.4480961263179779 
vt 0.02546793222427368 0.42638278007507324 
vt 0.04531475529074669 0.42674875259399414 
vt 0.026542969048023224 0.4027177095413208 
vt 0.04638979211449623 0.403327614068985 
vt 0.027866089716553688 0.37514910101890564 
vt 0.04754752293229103 0.3757590055465698 
vt 0.02927190624177456 0.3414812386035919 
vt 0.04878795146942139 0.34196916222572327 
vt 0.030595028772950172 0.30098220705986023 
vt 0.049697596579790115 0.30110418796539307 
vt 0.030843114480376244 0.25670164823532104 
vt 0.04961490258574486 0.2562137246131897 
vt 0.0291892122477293 0.21205514669418335 
vt 0.047712914645671844 0.21071331202983856 
vt 0.025054456666111946 0.1703362762928009 
vt 0.04366085305809975 0.16801856458187103 
vt 0.019100409001111984 0.13349680602550507 
vt 0.038285672664642334 0.13032519817352295 
vt 0.012567496858537197 0.10056085884571075 
vt 0.03266240656375885 0.0969013050198555 
vt 0.006199974101036787 0.07006460428237915 
vt 0.02753531001508236 0.06603910028934479 
vt 0.00041131701436825097 0.040544234216213226 
vt 0.023152468726038933 0.03639674559235573 
vt 0.0489533394575119 0.06250153481960297 
vt 0.04581092670559883 0.032615210860967636 
vt 0.08054286986589432 0.9910513758659363 
vt 0.05292270705103874 0.09360770881175995 
vt 0.0576363280415535 0.12751954793930054 
vt 0.06243264302611351 0.165822833776474 
vt 0.06640200316905975 0.20924949645996094 
vt 0.06846938282251358 0.25535982847213745 
vt 0.06888286024332047 0.3008602261543274 
vt 0.06822130084037781 0.34196916222572327 
vt 0.06731165200471878 0.3757590055465698 
vt 0.06623661518096924 0.403327614068985 
vt 0.06524427235126495 0.4266267716884613 
vt 0.06450001895427704 0.44785216450691223 
vt 0.0640038475394249 0.46968746185302734 
vt 0.06408654153347015 0.49713408946990967 
vt 0.06549236178398132 0.5360472798347473 
vt 0.06880016624927521 0.5920383930206299 
vt 0.07425804436206818 0.6675471067428589 
vt 0.0803774818778038 0.7528146505355835 
vt 0.085008405148983 0.8355205059051514 
vt 0.08649691939353943 0.9038320779800415 
vt 0.085008405148983 0.9484785795211792 
vt 0.08285833150148392 0.9728755950927734 
vt 0.08161790668964386 0.9834882616996765 
vt 0.08120442926883698 0.986781895160675 
vt 0.0809563472867012 0.9882457256317139 
vt 0.08087364584207535 0.9892215728759766 
vt 0.08079095184803009 0.9899535179138184 
vt 0.08070825785398483 0.9903194308280945 
vt 0.08062556385993958 0.9906854033470154 
vt 0.0989011824131012 0.9927591681480408 
vt 0.11742488294839859 0.9938570261001587 
vt 0.09898387640714645 0.9922711849212646 
vt 0.09898387640714645 0.9919052720069885 
vt 0.09906657040119171 0.9915392994880676 
vt 0.09914926439523697 0.990929365158081 
vt 0.09923195838928223 0.9898315072059631 
vt 0.09939735382795334 0.9883676767349243 
vt 0.09981082379817963 0.9850741028785706 
vt 0.10088586062192917 0.9744613766670227 
vt 0.10278785228729248 0.9496984481811523 
vt 0.10427635908126831 0.9044420123100281 
vt 0.10320132970809937 0.8355205059051514 
vt 0.09898387640714645 0.7520827651023865 
vt 0.09327791631221771 0.666449248790741 
vt 0.08823351562023163 0.590940535068512 
vt 0.08509109914302826 0.5350714325904846 
vt 0.0838506743311882 0.4962801933288574 
vt 0.08376798033714294 0.46895554661750793 
vt 0.08434684574604034 0.4473642110824585 
vt 0.08517379313707352 0.4262607991695404 
vt 0.08608344197273254 0.4029616713523865 
vt 0.08699308335781097 0.3753930628299713 
vt 0.08773734420537949 0.3414812386035919 
vt 0.08806812018156052 0.300128310918808 
vt 0.0873238667845726 0.25438395142555237 
vt 0.08509109914302826 0.20766368508338928 
vt 0.08136981725692749 0.16362710297107697 
vt 0.07715237140655518 0.12483587116003036 
vt 0.07326570153236389 0.09055808931589127 
vt 0.07020597904920578 0.059207942336797714 
vt 0.06822130084037781 0.029077645391225815 
vt 0.0913759246468544 0.056158315390348434 
vt 0.0902181938290596 0.025784051045775414 
vt 0.09360869228839874 0.08775243163108826 
vt 0.09675110876560211 0.12239617109298706 
vt 0.10047239065170288 0.16143137216567993 
vt 0.10402827709913254 0.2059558928012848 
vt 0.10626104474067688 0.2530421018600464 
vt 0.10725338757038116 0.29927441477775574 
vt 0.10725338757038116 0.3407493233680725 
vt 0.10675721615552902 0.3746611475944519 
vt 0.10593026131391525 0.40222975611686707 
vt 0.10502061992883682 0.42540690302848816 
vt 0.1041109710931778 0.44651031494140625 
vt 0.10344941169023514 0.4681016504764557 
vt 0.10344941169023514 0.4954262971878052 
vt 0.10460714250802994 0.5340955257415771 
vt 0.1075841635465622 0.589842677116394 
vt 0.11221509426832199 0.6655953526496887 
vt 0.11750757694244385 0.7515947818756104 
vt 0.12122885882854462 0.8355205059051514 
vt 0.12205580621957779 0.9050519466400146 
vt 0.12056729942560196 0.950674295425415 
vt 0.11899609118700027 0.9754372835159302 
vt 0.11808644235134125 0.9861719608306885 
vt 0.11783836036920547 0.9894655346870422 
vt 0.11767297238111496 0.9910513758659363 
vt 0.1175902709364891 0.992027223110199 
vt 0.1175902709364891 0.9926371574401855 
vt 0.11750757694244385 0.9931250810623169 
vt 0.11750757694244385 0.9934910535812378 
vt 0.13603128492832184 0.9947109222412109 
vt 0.1546376794576645 0.9953208565711975 
vt 0.13603128492832184 0.9942229390144348 
vt 0.1361139714717865 0.9938570261001587 
vt 0.1361139714717865 0.9934910535812378 
vt 0.13619667291641235 0.9928811192512512 
vt 0.13619667291641235 0.9917832612991333 
vt 0.13636206090450287 0.9903194308280945 
vt 0.13652744889259338 0.9870258569717407 
vt 0.13718901574611664 0.9762911796569824 
vt 0.1385948359966278 0.9514062404632568 
vt 0.13991795480251312 0.905539870262146 
vt 0.13933908939361572 0.8355205059051514 
vt 0.13594858348369598 0.751106858253479 
vt 0.13123495876789093 0.6647414565086365 
vt 0.1268521249294281 0.5889887809753418 
vt 0.12420587986707687 0.5331196784973145 
vt 0.12313084304332733 0.4944504201412201 
vt 0.12313084304332733 0.4671257734298706 
vt 0.12387510389089584 0.44553443789482117 
vt 0.12478474527597427 0.4245530068874359 
vt 0.1256943941116333 0.401253879070282 
vt 0.12635596096515656 0.3736852705478668 
vt 0.12668673694133759 0.3396514654159546 
vt 0.12643864750862122 0.298054575920105 
vt 0.12536361813545227 0.25157827138900757 
vt 0.12304814904928207 0.20412611961364746 
vt 0.11974034458398819 0.15935762226581573 
vt 0.11651523411273956 0.11995647102594376 
vt 0.11403438448905945 0.08506876230239868 
vt 0.11246317625045776 0.05323067680001259 
vt 0.11188431084156036 0.022612441331148148 
vt 0.13346773386001587 0.05042502284049988 
vt 0.13330234587192535 0.019562816247344017 
vt 0.13454276323318481 0.08250707387924194 
vt 0.13644476234912872 0.11763875931501389 
vt 0.13925638794898987 0.15728388726711273 
vt 0.14231610298156738 0.20229634642601013 
vt 0.14454887807369232 0.25011447072029114 
vt 0.14578929543495178 0.296712726354599 
vt 0.14620277285575867 0.33843159675598145 
vt 0.1459546983242035 0.3725874125957489 
vt 0.1453758329153061 0.40015602111816406 
vt 0.14446617662906647 0.42333316802978516 
vt 0.14355653524398804 0.44443657994270325 
vt 0.14281228184700012 0.4661498963832855 
vt 0.14272958040237427 0.4933525621891022 
vt 0.14372192323207855 0.532143771648407 
vt 0.14620277285575867 0.5880129337310791 
vt 0.1501721441745758 0.6641315817832947 
vt 0.15447229146957397 0.7507408857345581 
vt 0.15744930505752563 0.8356424570083618 
vt 0.15786278247833252 0.9059058427810669 
vt 0.15662236511707306 0.9518941640853882 
vt 0.15554732084274292 0.9767791032791138 
vt 0.15505115687847137 0.9875137805938721 
vt 0.15488576889038086 0.9908074140548706 
vt 0.154803067445755 0.9923931956291199 
vt 0.154803067445755 0.9933690428733826 
vt 0.15472038090229034 0.9941009879112244 
vt 0.15472038090229034 0.9944669604301453 
vt 0.15472038090229034 0.9948328733444214 
vt 0.17324407398700714 0.9956867694854736 
vt 0.19176778197288513 0.9959307312965393 
vt 0.173326775431633 0.9951988458633423 
vt 0.173326775431633 0.9948328733444214 
vt 0.173326775431633 0.9944669604301453 
vt 0.173326775431633 0.9938570261001587 
vt 0.17340946197509766 0.9927591681480408 
vt 0.17340946197509766 0.991295337677002 
vt 0.17357484996318817 0.9880017042160034 
vt 0.1739056408405304 0.9772670269012451 
vt 0.17481528222560883 0.9522601366043091 
vt 0.17589032649993896 0.906271755695343 
vt 0.17555953562259674 0.8356424570083618 
vt 0.17299598455429077 0.7504969239234924 
vt 0.16919201612472534 0.6635216474533081 
vt 0.16555343568325043 0.5872809886932373 
vt 0.16323797404766083 0.5311679244041443 
vt 0.1623283177614212 0.4923766851425171 
vt 0.16249370574951172 0.46493005752563477 
vt 0.16323797404766083 0.44333869218826294 
vt 0.16414761543273926 0.4221133291721344 
vt 0.16497457027435303 0.3989361524581909 
vt 0.16555343568325043 0.3712455630302429 
vt 0.1656361222267151 0.33708977699279785 
vt 0.16513995826244354 0.29524892568588257 
vt 0.1638995260000229 0.24852865934371948 
vt 0.1617494523525238 0.2004665732383728 
vt 0.15893782675266266 0.15521013736724854 
vt 0.1565396636724472 0.11532104015350342 
vt 0.15505115687847137 0.0799453929066658 
vt 0.15438959002494812 0.04761936515569687 
vt 0.15438959002494812 0.016635175794363022 
vt 0.17514605820178986 0.044935695827007294 
vt 0.1752287596464157 0.013829520903527737 
vt 0.17555953562259674 0.07762767374515533 
vt 0.1767999678850174 0.11312530934810638 
vt 0.17878465354442596 0.15325838327407837 
vt 0.18126550316810608 0.1987587809562683 
vt 0.18325018882751465 0.246820867061615 
vt 0.1844906061887741 0.29378509521484375 
vt 0.1850694715976715 0.33574792742729187 
vt 0.18498678505420685 0.3699037432670593 
vt 0.1844906061887741 0.3975943326950073 
vt 0.1837463527917862 0.42089346051216125 
vt 0.18283671140670776 0.4421188533306122 
vt 0.18209245800971985 0.46383219957351685 
vt 0.18192705512046814 0.4912787973880768 
vt 0.1827540099620819 0.5301920175552368 
vt 0.18482139706611633 0.5864270925521851 
vt 0.18804650008678436 0.6629117131233215 
vt 0.1914369910955429 0.7502529621124268 
vt 0.19366976618766785 0.835764467716217 
vt 0.19383515417575836 0.9065157771110535 
vt 0.1930081993341446 0.9525040984153748 
vt 0.19226394593715668 0.9775110483169556 
vt 0.1920158565044403 0.9882457256317139 
vt 0.19193316996097565 0.9915392994880676 
vt 0.1918504685163498 0.9931250810623169 
vt 0.1918504685163498 0.9941009879112244 
vt 0.1918504685163498 0.9947109222412109 
vt 0.1918504685163498 0.9950768351554871 
vt 0.1918504685163498 0.995442807674408 
vt 0.21029147505760193 0.9961747527122498 
vt 0.22881518304347992 0.9962967038154602 
vt 0.21029147505760193 0.9956867694854736 
vt 0.21029147505760193 0.9953208565711975 
vt 0.21029147505760193 0.9949548840522766 
vt 0.21029147505760193 0.99434494972229 
vt 0.21037417650222778 0.9932470917701721 
vt 0.21037417650222778 0.9917832612991333 
vt 0.21045687794685364 0.9884896874427795 
vt 0.21062226593494415 0.9777550101280212 
vt 0.21120113134384155 0.9527480602264404 
vt 0.21194538474082947 0.9066377282142639 
vt 0.21177999675273895 0.8358864188194275 
vt 0.20987801253795624 0.7501309514045715 
vt 0.20698367059230804 0.6625457406044006 
vt 0.20408934354782104 0.585695207118988 
vt 0.20227006077766418 0.5292161703109741 
vt 0.20152580738067627 0.49018093943595886 
vt 0.20169119536876678 0.4626123309135437 
vt 0.2024354487657547 0.4408990144729614 
vt 0.20326240360736847 0.4196736216545105 
vt 0.20400665700435638 0.39625248312950134 
vt 0.20442013442516327 0.36856189370155334 
vt 0.20442013442516327 0.3344061076641083 
vt 0.20384126901626587 0.29232126474380493 
vt 0.20268353819847107 0.24535705149173737 
vt 0.20086424052715302 0.19705098867416382 
vt 0.19871416687965393 0.151306614279747 
vt 0.19706027209758759 0.11105156689882278 
vt 0.1960679292678833 0.07530996203422546 
vt 0.19581983983516693 0.04249599575996399 
vt 0.1959025263786316 0.011145850643515587 
vt 0.21641092002391815 0.040300264954566956 
vt 0.21657630801200867 0.008706150576472282 
vt 0.21665900945663452 0.0733582004904747 
vt 0.21740326285362244 0.10922179371118546 
vt 0.2188090831041336 0.14959882199764252 
vt 0.22062836587429047 0.19546519219875336 
vt 0.22219957411289215 0.2437712401151657 
vt 0.2232746183872223 0.29097944498062134 
vt 0.22377078235149384 0.33294227719306946 
vt 0.22377078235149384 0.36722007393836975 
vt 0.2234400063753128 0.3950326442718506 
vt 0.22277843952178955 0.41845375299453735 
vt 0.22195148468017578 0.4396791458129883 
vt 0.22128993272781372 0.4615144729614258 
vt 0.2211245447397232 0.4892050623893738 
vt 0.22178609669208527 0.5283622741699219 
vt 0.2234400063753128 0.5850852727890015 
vt 0.22592085599899292 0.6620578169822693 
vt 0.22840170562267303 0.7500090003013611 
vt 0.22989021241664886 0.8358864188194275 
vt 0.23005561530590057 0.9068816900253296 
vt 0.22947674989700317 0.9529920220375061 
vt 0.2290632724761963 0.9778769612312317 
vt 0.22889788448810577 0.98861163854599 
vt 0.22881518304347992 0.9919052720069885 
vt 0.22881518304347992 0.9934910535812378 
vt 0.22881518304347992 0.9944669604301453 
vt 0.22881518304347992 0.9950768351554871 
vt 0.22881518304347992 0.995442807674408 
vt 0.22881518304347992 0.9959307312965393 
vt 0.24725618958473206 0.9964187145233154 
vt 0.26561450958251953 0.9964187145233154 
vt 0.24725618958473206 0.9959307312965393 
vt 0.24725618958473206 0.9955648183822632 
vt 0.24725618958473206 0.9951988458633423 
vt 0.24725618958473206 0.9945889115333557 
vt 0.24725618958473206 0.993613064289093 
vt 0.24725618958473206 0.992027223110199 
vt 0.2473388910293579 0.9887336492538452 
vt 0.24742157757282257 0.9779989719390869 
vt 0.2477523684501648 0.9529920220375061 
vt 0.24816583096981049 0.9068816900253296 
vt 0.24808314442634583 0.8360084295272827 
vt 0.24684271216392517 0.7498869895935059 
vt 0.24477533996105194 0.6616918444633484 
vt 0.24270795285701752 0.5844753384590149 
vt 0.2413848340511322 0.5276303291320801 
vt 0.2408059686422348 0.4882291853427887 
vt 0.24097135663032532 0.4605385959148407 
vt 0.24155022203922272 0.43858128786087036 
vt 0.24221178889274597 0.41735589504241943 
vt 0.24279065430164337 0.39381280541419983 
vt 0.2431214302778244 0.3660002052783966 
vt 0.2431214302778244 0.3317224383354187 
vt 0.24262526631355286 0.28963759541511536 
vt 0.24171562492847443 0.24242940545082092 
vt 0.24039249122142792 0.19400136172771454 
vt 0.2389039844274521 0.1481350064277649 
vt 0.2377462536096573 0.10751400142908096 
vt 0.2371673882007599 0.07140643894672394 
vt 0.23700200021266937 0.038226522505283356 
vt 0.23700200021266937 0.006388436071574688 
vt 0.25751039385795593 0.03639674559235573 
vt 0.2574276924133301 0.004436675924807787 
vt 0.2575930655002594 0.06982063502073288 
vt 0.25808924436569214 0.10605017840862274 
vt 0.25899890065193176 0.1467931717634201 
vt 0.26015663146972656 0.19278152287006378 
vt 0.2612316608428955 0.241331547498703 
vt 0.2619759142398834 0.28853973746299744 
vt 0.26230669021606445 0.3306245803833008 
vt 0.2623893916606903 0.3650243282318115 
vt 0.2620586156845093 0.39283692836761475 
vt 0.2616451382637024 0.4162580370903015 
vt 0.2610662579536438 0.4377273917198181 
vt 0.26057010889053345 0.45968469977378845 
vt 0.26040470600128174 0.4874972701072693 
vt 0.2609008848667145 0.5270203948020935 
vt 0.2619759142398834 0.5839874148368835 
vt 0.26362982392311096 0.6614478826522827 
vt 0.2652837336063385 0.7497650384902954 
vt 0.2662760615348816 0.8360084295272827 
vt 0.26635876297950745 0.9070037007331848 
vt 0.26594528555870056 0.9531140327453613 
vt 0.26577988266944885 0.9779989719390869 
vt 0.2656972110271454 0.9887336492538452 
vt 0.2656972110271454 0.992027223110199 
vt 0.2656972110271454 0.993613064289093 
vt 0.26561450958251953 0.9945889115333557 
vt 0.26561450958251953 0.9953208565711975 
vt 0.26561450958251953 0.9956867694854736 
vt 0.26561450958251953 0.9960527420043945 
vt 0.283972829580307 0.9965406656265259 
vt 0.30241382122039795 0.9965406656265259 
vt 0.283972829580307 0.9960527420043945 
vt 0.283972829580307 0.9956867694854736 
vt 0.283972829580307 0.9953208565711975 
vt 0.2840555012226105 0.9947109222412109 
vt 0.2840555012226105 0.993613064289093 
vt 0.2840555012226105 0.9921492338180542 
vt 0.2840555012226105 0.9888556003570557 
vt 0.2840555012226105 0.9781209230422974 
vt 0.2842209041118622 0.9531140327453613 
vt 0.28446897864341736 0.9071256518363953 
vt 0.28446897864341736 0.8360084295272827 
vt 0.28372472524642944 0.7496430277824402 
vt 0.2824842929840088 0.661203920841217 
vt 0.2812438905239105 0.5836214423179626 
vt 0.28041693568229675 0.5264105200767517 
vt 0.28000345826148987 0.4868873655796051 
vt 0.2801688313484192 0.45895278453826904 
vt 0.2804996073246002 0.43687349557876587 
vt 0.28099578619003296 0.4155261218547821 
vt 0.281326562166214 0.3919830322265625 
vt 0.28157466650009155 0.3641704320907593 
vt 0.2814919650554657 0.32977068424224854 
vt 0.2812438905239105 0.2876858413219452 
vt 0.2807477116584778 0.24035567045211792 
vt 0.279920756816864 0.1918056309223175 
vt 0.2790111005306244 0.145695298910141 
vt 0.27834954857826233 0.10495231300592422 
vt 0.2780187726020813 0.06847880035638809 
vt 0.27793607115745544 0.03505491092801094 
vt 0.2778533697128296 0.002972855931147933 
vt 0.29836174845695496 0.033957045525312424 
vt 0.2982790768146515 0.0017530060140416026 
vt 0.2984444499015808 0.06762490421533585 
vt 0.2986098527908325 0.10409842431545258 
vt 0.29910603165626526 0.14496339857578278 
vt 0.29968488216400146 0.1910737305879593 
vt 0.3001810610294342 0.23974573612213135 
vt 0.30051183700561523 0.2869539260864258 
vt 0.3007599115371704 0.32916074991226196 
vt 0.3007599115371704 0.36343851685523987 
vt 0.3005945384502411 0.3913730978965759 
vt 0.3003464341163635 0.41491618752479553 
vt 0.30009835958480835 0.4363855719566345 
vt 0.2997675836086273 0.4584648311138153 
vt 0.29968488216400146 0.48639941215515137 
vt 0.29993295669555664 0.5260445475578308 
vt 0.30051183700561523 0.583377480506897 
vt 0.30142149329185486 0.6610819101333618 
vt 0.3021657466888428 0.7496430277824402 
vt 0.3026618957519531 0.8360084295272827 
vt 0.3026618957519531 0.9071256518363953 
vt 0.3024965226650238 0.9532359838485718 
vt 0.30241382122039795 0.9781209230422974 
vt 0.30241382122039795 0.9888556003570557 
vt 0.30241382122039795 0.9921492338180542 
vt 0.30241382122039795 0.9937350153923035 
vt 0.30241382122039795 0.9947109222412109 
vt 0.30241382122039795 0.9953208565711975 
vt 0.30241382122039795 0.9958087801933289 
vt 0.30241382122039795 0.9961747527122498 
vt 0.3207721412181854 0.9965406656265259 
vt 0.3391304612159729 0.9965406656265259 
vt 0.3207721412181854 0.9961747527122498 
vt 0.3207721412181854 0.9956867694854736 
vt 0.3207721412181854 0.9953208565711975 
vt 0.3207721412181854 0.9947109222412109 
vt 0.3207721412181854 0.9937350153923035 
vt 0.3207721412181854 0.9921492338180542 
vt 0.3207721412181854 0.9888556003570557 
vt 0.3207721412181854 0.9781209230422974 
vt 0.3208548426628113 0.9532359838485718 
vt 0.32093751430511475 0.9071256518363953 
vt 0.3208548426628113 0.8360084295272827 
vt 0.32068943977355957 0.7496430277824402 
vt 0.3202759623527527 0.6609599590301514 
vt 0.3198624849319458 0.5831335186958313 
vt 0.31953170895576477 0.5258005857467651 
vt 0.3194490075111389 0.48603346943855286 
vt 0.3194490075111389 0.4580988883972168 
vt 0.3196144104003906 0.4360195994377136 
vt 0.31977978348731995 0.414550244808197 
vt 0.3198624849319458 0.3908851444721222 
vt 0.31994518637657166 0.36307257413864136 
vt 0.31994518637657166 0.3286727964878082 
vt 0.3198624849319458 0.28658798336982727 
vt 0.3196971118450165 0.2392577975988388 
vt 0.31936630606651306 0.19058579206466675 
vt 0.3191182315349579 0.14447546005249023 
vt 0.3188701570034027 0.1034884974360466 
vt 0.31878745555877686 0.06701497733592987 
vt 0.318704754114151 0.03322513774037361 
vt 0.318704754114151 0.0008991109789349139 
vt 0.33904775977134705 0.03298116475343704 
vt 0.3391304612159729 0.00041117100045084953 
vt 0.33904775977134705 0.0667710080742836 
vt 0.33904775977134705 0.10336650907993317 
vt 0.33904775977134705 0.1443534642457962 
vt 0.33904775977134705 0.19046379625797272 
vt 0.33904775977134705 0.23913581669330597 
vt 0.3391304612159729 0.2863440215587616 
vt 0.3391304612159729 0.3285508155822754 
vt 0.3391304612159729 0.3628286123275757 
vt 0.3391304612159729 0.39076316356658936 
vt 0.3391304612159729 0.41430628299713135 
vt 0.3391304612159729 0.4358976185321808 
vt 0.3391304612159729 0.45797690749168396 
vt 0.3391304612159729 0.48603346943855286 
vt 0.3391304612159729 0.5256785750389099 
vt 0.3391304612159729 0.5831335186958313 
vt 0.3391304612159729 0.6609599590301514 
vt 0.3391304612159729 0.7496430277824402 
vt 0.3391304612159729 0.8361303806304932 
vt 0.3391304612159729 0.9071256518363953 
vt 0.3391304612159729 0.9532359838485718 
vt 0.3391304612159729 0.9781209230422974 
vt 0.3391304612159729 0.9888556003570557 
vt 0.3391304612159729 0.9921492338180542 
vt 0.3391304612159729 0.993613064289093 
vt 0.3391304612159729 0.9947109222412109 
vt 0.3391304612159729 0.9953208565711975 
vt 0.3391304612159729 0.9956867694854736 
vt 0.3391304612159729 0.9960527420043945 
vt 0.35740604996681213 0.9965406656265259 
vt 0.3757643699645996 0.9965406656265259 
vt 0.35740604996681213 0.9961747527122498 
vt 0.35740604996681213 0.9956867694854736 
vt 0.35740604996681213 0.9953208565711975 
vt 0.35740604996681213 0.9947109222412109 
vt 0.35740604996681213 0.9937350153923035 
vt 0.35740604996681213 0.9921492338180542 
vt 0.35740604996681213 0.9888556003570557 
vt 0.35740604996681213 0.9781209230422974 
vt 0.35732337832450867 0.9532359838485718 
vt 0.3572406768798828 0.9071256518363953 
vt 0.35732337832450867 0.8360084295272827 
vt 0.357488751411438 0.7496430277824402 
vt 0.3579022288322449 0.6609599590301514 
vt 0.35831570625305176 0.5831335186958313 
vt 0.3586464822292328 0.5258005857467651 
vt 0.35872918367385864 0.48603346943855286 
vt 0.35872918367385864 0.4580988883972168 
vt 0.35856378078460693 0.4360195994377136 
vt 0.3583984076976776 0.414550244808197 
vt 0.35831570625305176 0.3908851444721222 
vt 0.3582330048084259 0.36307257413864136 
vt 0.3582330048084259 0.3286727964878082 
vt 0.35831570625305176 0.28658798336982727 
vt 0.35848110914230347 0.2392577975988388 
vt 0.3588118851184845 0.19058579206466675 
vt 0.3590599596500397 0.14447546005249023 
vt 0.35930806398391724 0.1034884974360466 
vt 0.3593907356262207 0.06701497733592987 
vt 0.35947343707084656 0.03322513774037361 
vt 0.35947343707084656 0.0008991109789349139 
vt 0.3798164427280426 0.033957045525312424 
vt 0.37989914417266846 0.0017530060140416026 
vt 0.37973374128341675 0.06762490421533585 
vt 0.37956833839416504 0.10409842431545258 
vt 0.3790721893310547 0.14496339857578278 
vt 0.3784933090209961 0.1910737305879593 
vt 0.37799713015556335 0.23974573612213135 
vt 0.3776663541793823 0.2869539260864258 
vt 0.37741827964782715 0.32916074991226196 
vt 0.37741827964782715 0.36343851685523987 
vt 0.37758368253707886 0.3913730978965759 
vt 0.37783175706863403 0.41491618752479553 
vt 0.3780798316001892 0.4363855719566345 
vt 0.37841060757637024 0.4584648311138153 
vt 0.3784933090209961 0.48639941215515137 
vt 0.3782452344894409 0.5260445475578308 
vt 0.3776663541793823 0.583377480506897 
vt 0.37683939933776855 0.6610819101333618 
vt 0.3760124742984772 0.7496430277824402 
vt 0.37551629543304443 0.8360084295272827 
vt 0.37551629543304443 0.9071256518363953 
vt 0.37568166851997375 0.9532359838485718 
vt 0.3757643699645996 0.9781209230422974 
vt 0.3757643699645996 0.9888556003570557 
vt 0.3757643699645996 0.9921492338180542 
vt 0.3757643699645996 0.9937350153923035 
vt 0.3757643699645996 0.9947109222412109 
vt 0.3757643699645996 0.9953208565711975 
vt 0.3757643699645996 0.9958087801933289 
vt 0.3757643699645996 0.9961747527122498 
vt 0.39420539140701294 0.9965406656265259 
vt 0.412563681602478 0.9964187145233154 
vt 0.39420539140701294 0.9960527420043945 
vt 0.39420539140701294 0.9956867694854736 
vt 0.39420539140701294 0.9953208565711975 
vt 0.3941226899623871 0.9947109222412109 
vt 0.3941226899623871 0.993613064289093 
vt 0.3941226899623871 0.9921492338180542 
vt 0.3941226899623871 0.9888556003570557 
vt 0.3941226899623871 0.9781209230422974 
vt 0.3939572870731354 0.9531140327453613 
vt 0.3937092125415802 0.9071256518363953 
vt 0.3937092125415802 0.8360084295272827 
vt 0.3944534659385681 0.7496430277824402 
vt 0.39569389820098877 0.661203920841217 
vt 0.3969343304634094 0.5836214423179626 
vt 0.3977612853050232 0.5264105200767517 
vt 0.3981747627258301 0.4868873655796051 
vt 0.39800935983657837 0.45895278453826904 
vt 0.39767858386039734 0.43687349557876587 
vt 0.3971824049949646 0.4155261218547821 
vt 0.39685162901878357 0.3919830322265625 
vt 0.3966035544872284 0.3641704320907593 
vt 0.39668622612953186 0.32977068424224854 
vt 0.3969343304634094 0.2876858413219452 
vt 0.3974304795265198 0.24035567045211792 
vt 0.39825743436813354 0.1918056309223175 
vt 0.39916709065437317 0.145695298910141 
vt 0.39982864260673523 0.10495231300592422 
vt 0.40015941858291626 0.06847880035638809 
vt 0.4002421200275421 0.03505491092801094 
vt 0.40032482147216797 0.002972855931147933 
vt 0.4207504987716675 0.03639674559235573 
vt 0.4207504987716675 0.004436675924807787 
vt 0.42058512568473816 0.06982063502073288 
vt 0.4200889468193054 0.10605017840862274 
vt 0.4191792905330658 0.1467931717634201 
vt 0.418021559715271 0.19278152287006378 
vt 0.41694653034210205 0.241331547498703 
vt 0.41620227694511414 0.28853973746299744 
vt 0.4158715009689331 0.3306245803833008 
vt 0.41578879952430725 0.3650243282318115 
vt 0.4161195755004883 0.39283692836761475 
vt 0.41653305292129517 0.4162580370903015 
vt 0.41711193323135376 0.4377273917198181 
vt 0.4176080822944641 0.45968469977378845 
vt 0.4177734851837158 0.4874972701072693 
vt 0.4172773063182831 0.5270203948020935 
vt 0.41620227694511414 0.5839874148368835 
vt 0.4145483672618866 0.6614478826522827 
vt 0.41289448738098145 0.7497650384902954 
vt 0.41190212965011597 0.8360084295272827 
vt 0.41190212965011597 0.9070037007331848 
vt 0.412232905626297 0.9531140327453613 
vt 0.4123983085155487 0.9779989719390869 
vt 0.41248100996017456 0.9887336492538452 
vt 0.41248100996017456 0.992027223110199 
vt 0.41248100996017456 0.993613064289093 
vt 0.412563681602478 0.9945889115333557 
vt 0.412563681602478 0.9953208565711975 
vt 0.412563681602478 0.9956867694854736 
vt 0.412563681602478 0.9960527420043945 
vt 0.4309220016002655 0.9964187145233154 
vt 0.44936302304267883 0.9962967038154602 
vt 0.4309220016002655 0.9959307312965393 
vt 0.4309220016002655 0.9955648183822632 
vt 0.4309220016002655 0.9951988458633423 
vt 0.4309220016002655 0.9945889115333557 
vt 0.4309220016002655 0.993613064289093 
vt 0.4309220016002655 0.992027223110199 
vt 0.43083930015563965 0.9887336492538452 
vt 0.4307566285133362 0.9779989719390869 
vt 0.43042582273483276 0.9529920220375061 
vt 0.43001237511634827 0.9068816900253296 
vt 0.43009504675865173 0.8360084295272827 
vt 0.4313354790210724 0.7498869895935059 
vt 0.4334028661251068 0.6616918444633484 
vt 0.43547022342681885 0.5844753384590149 
vt 0.43679335713386536 0.5276303291320801 
vt 0.43737223744392395 0.4882291853427887 
vt 0.43720683455467224 0.4605385959148407 
vt 0.43662798404693604 0.43858128786087036 
vt 0.4359664022922516 0.41735589504241943 
vt 0.4353875517845154 0.39381280541419983 
vt 0.43505677580833435 0.3660002052783966 
vt 0.43505677580833435 0.3317224383354187 
vt 0.4355529248714447 0.28963759541511536 
vt 0.4364625811576843 0.24242940545082092 
vt 0.43778571486473083 0.19400136172771454 
vt 0.43927422165870667 0.1481350064277649 
vt 0.44043195247650146 0.10751400142908096 
vt 0.44101080298423767 0.07140643894672394 
vt 0.4411762058734894 0.038226522505283356 
vt 0.4411762058734894 0.006388436071574688 
vt 0.4617672860622406 0.040300264954566956 
vt 0.46168458461761475 0.008706150576472282 
vt 0.46151918172836304 0.0733582004904747 
vt 0.4607749283313751 0.10922179371118546 
vt 0.45936912298202515 0.14959882199764252 
vt 0.4575498402118683 0.19546519219875336 
vt 0.4559786319732666 0.2437712401151657 
vt 0.4549862742424011 0.29097944498062134 
vt 0.4544074237346649 0.33294227719306946 
vt 0.4544074237346649 0.36722007393836975 
vt 0.45473819971084595 0.3950326442718506 
vt 0.455399751663208 0.41845375299453735 
vt 0.4562267065048218 0.4396791458129883 
vt 0.45688825845718384 0.4615144729614258 
vt 0.45705366134643555 0.4892050623893738 
vt 0.4563921093940735 0.5283622741699219 
vt 0.45473819971084595 0.5850852727890015 
vt 0.45225733518600464 0.6620578169822693 
vt 0.4497765004634857 0.7500090003013611 
vt 0.4482879638671875 0.8358864188194275 
vt 0.4481225907802582 0.9068816900253296 
vt 0.4487014412879944 0.9529920220375061 
vt 0.44911491870880127 0.9778769612312317 
vt 0.449280321598053 0.98861163854599 
vt 0.44936302304267883 0.9919052720069885 
vt 0.44936302304267883 0.9934910535812378 
vt 0.44936302304267883 0.9944669604301453 
vt 0.44936302304267883 0.9950768351554871 
vt 0.44936302304267883 0.995442807674408 
vt 0.44936302304267883 0.9959307312965393 
vt 0.46788671612739563 0.9961747527122498 
vt 0.4864104092121124 0.9959307312965393 
vt 0.46788671612739563 0.9956867694854736 
vt 0.46788671612739563 0.9953208565711975 
vt 0.46788671612739563 0.9949548840522766 
vt 0.46788671612739563 0.99434494972229 
vt 0.4678040146827698 0.9932470917701721 
vt 0.4678040146827698 0.9917832612991333 
vt 0.4677213132381439 0.9884896874427795 
vt 0.4675559401512146 0.9777550101280212 
vt 0.466977059841156 0.9527480602264404 
vt 0.4662328064441681 0.9066377282142639 
vt 0.4663982093334198 0.8358864188194275 
vt 0.4683001935482025 0.7501309514045715 
vt 0.4711945354938507 0.6625457406044006 
vt 0.4740888476371765 0.585695207118988 
vt 0.4759081304073334 0.5292161703109741 
vt 0.4766523838043213 0.49018093943595886 
vt 0.47648701071739197 0.4626123309135437 
vt 0.47574275732040405 0.4408990144729614 
vt 0.4749158024787903 0.4196736216545105 
vt 0.47417154908180237 0.39625248312950134 
vt 0.4737580716609955 0.36856189370155334 
vt 0.4737580716609955 0.3344061076641083 
vt 0.4743369221687317 0.29232126474380493 
vt 0.4754946529865265 0.24535705149173737 
vt 0.47731396555900574 0.19705098867416382 
vt 0.47946402430534363 0.151306614279747 
vt 0.48111793398857117 0.11105156689882278 
vt 0.48211026191711426 0.07530996203422546 
vt 0.4823583662509918 0.04249599575996399 
vt 0.48227566480636597 0.011145850643515587 
vt 0.5030321478843689 0.044935695827007294 
vt 0.5029494166374207 0.013829520903527737 
vt 0.502618670463562 0.07762767374515533 
vt 0.5013782382011414 0.11312530934810638 
vt 0.4993935525417328 0.15325838327407837 
vt 0.4969126880168915 0.1987587809562683 
vt 0.4949280023574829 0.246820867061615 
vt 0.49368759989738464 0.29378509521484375 
vt 0.49310871958732605 0.33574792742729187 
vt 0.4931914210319519 0.3699037432670593 
vt 0.49368759989738464 0.3975943326950073 
vt 0.49443185329437256 0.42089346051216125 
vt 0.4953414797782898 0.4421188533306122 
vt 0.4960857331752777 0.46383219957351685 
vt 0.4962511360645294 0.4912787973880768 
vt 0.49542418122291565 0.5301920175552368 
vt 0.4933567941188812 0.5864270925521851 
vt 0.4901317059993744 0.6629117131233215 
vt 0.48674121499061584 0.7502529621124268 
vt 0.4845084249973297 0.835764467716217 
vt 0.4843430519104004 0.9065157771110535 
vt 0.48517000675201416 0.9525040984153748 
vt 0.4859142601490021 0.9775110483169556 
vt 0.48616233468055725 0.9882457256317139 
vt 0.4862450361251831 0.9915392994880676 
vt 0.48632773756980896 0.9931250810623169 
vt 0.48632773756980896 0.9941009879112244 
vt 0.48632773756980896 0.9947109222412109 
vt 0.48632773756980896 0.9950768351554871 
vt 0.48632773756980896 0.995442807674408 
vt 0.5049341320991516 0.9956867694854736 
vt 0.5048514008522034 0.9951988458633423 
vt 0.5048514008522034 0.9948328733444214 
vt 0.5048514008522034 0.9944669604301453 
vt 0.5048514008522034 0.9938570261001587 
vt 0.5047687292098999 0.9927591681480408 
vt 0.5047687292098999 0.991295337677002 
vt 0.5046033263206482 0.9880017042160034 
vt 0.5042725801467896 0.9772670269012451 
vt 0.5033628940582275 0.9522601366043091 
vt 0.5022878646850586 0.906271755695343 
vt 0.502618670463562 0.8356424570083618 
vt 0.5051822066307068 0.7504969239234924 
vt 0.5089861750602722 0.6635216474533081 
vt 0.5126247406005859 0.5872809886932373 
vt 0.5149402022361755 0.5311679244041443 
vt 0.5158498883247375 0.4923766851425171 
vt 0.5156844854354858 0.46493005752563477 
vt 0.5149402022361755 0.44333869218826294 
vt 0.5140305757522583 0.4221133291721344 
vt 0.5132036209106445 0.3989361524581909 
vt 0.5126247406005859 0.3712455630302429 
vt 0.5125420689582825 0.33708977699279785 
vt 0.5130382180213928 0.29524892568588257 
vt 0.5142786502838135 0.24852865934371948 
vt 0.5164287686347961 0.2004665732383728 
vt 0.5192403793334961 0.15521013736724854 
vt 0.5216385126113892 0.11532104015350342 
vt 0.523127019405365 0.0799453929066658 
vt 0.5237886309623718 0.04761936515569687 
vt 0.5237886309623718 0.016635175794363022 
vt 0.5447104573249817 0.05042502284049988 
vt 0.5448758602142334 0.019562816247344017 
vt 0.5436354279518127 0.08250707387924194 
vt 0.54173344373703 0.11763875931501389 
vt 0.5389218330383301 0.15728388726711273 
vt 0.5358620882034302 0.20229634642601013 
vt 0.533629298210144 0.25011447072029114 
vt 0.5323888659477234 0.296712726354599 
vt 0.5319754481315613 0.33843159675598145 
vt 0.5322235226631165 0.3725874125957489 
vt 0.5328023433685303 0.40015602111816406 
vt 0.5337120294570923 0.42333316802978516 
vt 0.5346216559410095 0.44443657994270325 
vt 0.5353659391403198 0.4661498963832855 
vt 0.5354486107826233 0.4933525621891022 
vt 0.5344562530517578 0.532143771648407 
vt 0.5319754481315613 0.5880129337310791 
vt 0.5280060768127441 0.6641315817832947 
vt 0.5237058997154236 0.7507408857345581 
vt 0.5207288861274719 0.8356424570083618 
vt 0.520315408706665 0.9059058427810669 
vt 0.5215558409690857 0.9518941640853882 
vt 0.5226308703422546 0.9767791032791138 
vt 0.523127019405365 0.9875137805938721 
vt 0.5232924222946167 0.9908074140548706 
vt 0.5233751535415649 0.9923931956291199 
vt 0.5233751535415649 0.9933690428733826 
vt 0.5234578251838684 0.9941009879112244 
vt 0.5234578251838684 0.9944669604301453 
vt 0.5234578251838684 0.9948328733444214 
vt 0.5235404968261719 0.9953208565711975 
vt 0.5235404968261719 0.9956867694854736 
vt 0.5422295928001404 0.9956867694854736 
vt 0.5609186887741089 0.995442807674408 
vt 0.5794423818588257 0.9942229390144348 
vt 0.5978007316589355 0.9926371574401855 
vt 0.6157455444335938 0.9904414415359497 
vt 0.632863461971283 0.9881237149238586 
vt 0.6156628727912903 0.9899535179138184 
vt 0.632863461971283 0.9875137805938721 
vt 0.5977180004119873 0.992027223110199 
vt 0.5793597102165222 0.9937350153923035 
vt 0.5608360171318054 0.9948328733444214 
vt 0.5421469211578369 0.9951988458633423 
vt 0.5421469211578369 0.9947109222412109 
vt 0.5421469211578369 0.9942229390144348 
vt 0.5420642495155334 0.9938570261001587 
vt 0.5420642495155334 0.9934910535812378 
vt 0.5419815182685852 0.9928811192512512 
vt 0.5419815182685852 0.9917832612991333 
vt 0.5418161153793335 0.9903194308280945 
vt 0.5416507720947266 0.9870258569717407 
vt 0.5409891605377197 0.9762911796569824 
vt 0.5395833849906921 0.9514062404632568 
vt 0.5382602214813232 0.905539870262146 
vt 0.5388391017913818 0.8355205059051514 
vt 0.5422295928001404 0.751106858253479 
vt 0.5469432473182678 0.6647414565086365 
vt 0.5513260960578918 0.5889887809753418 
vt 0.5539723038673401 0.5331196784973145 
vt 0.555047333240509 0.4944504201412201 
vt 0.555047333240509 0.4671257734298706 
vt 0.5543031096458435 0.44553443789482117 
vt 0.5533934235572815 0.4245530068874359 
vt 0.5524837970733643 0.401253879070282 
vt 0.5518222451210022 0.3736852705478668 
vt 0.5514914393424988 0.3396514654159546 
vt 0.5517395734786987 0.298054575920105 
vt 0.5528146028518677 0.25157827138900757 
vt 0.5551300644874573 0.20412611961364746 
vt 0.5584378242492676 0.15935762226581573 
vt 0.5616629719734192 0.11995647102594376 
vt 0.5641438364982605 0.08506876230239868 
vt 0.5657150149345398 0.05323067680001259 
vt 0.5662938952445984 0.022612441331148148 
vt 0.5868022441864014 0.056158315390348434 
vt 0.5879600048065186 0.025784051045775414 
vt 0.58456951379776 0.08775243163108826 
vt 0.5814270973205566 0.12239617109298706 
vt 0.5777058005332947 0.16143137216567993 
vt 0.5742326378822327 0.2059558928012848 
vt 0.5719171762466431 0.2530421018600464 
vt 0.571007490158081 0.29927441477775574 
vt 0.5709248185157776 0.3407493233680725 
vt 0.5714209675788879 0.3746611475944519 
vt 0.5722479224205017 0.40222975611686707 
vt 0.5731576085090637 0.42540690302848816 
vt 0.574067234992981 0.44651031494140625 
vt 0.574728786945343 0.4681016504764557 
vt 0.574728786945343 0.4954262971878052 
vt 0.5735710263252258 0.5340955257415771 
vt 0.5705940127372742 0.589842677116394 
vt 0.565963089466095 0.6655953526496887 
vt 0.5606706142425537 0.7515947818756104 
vt 0.5569493174552917 0.8355205059051514 
vt 0.556122362613678 0.9050519466400146 
vt 0.5576109290122986 0.950674295425415 
vt 0.5591821074485779 0.9754372835159302 
vt 0.5600917339324951 0.9861719608306885 
vt 0.5603398680686951 0.9894655346870422 
vt 0.560505211353302 0.9910513758659363 
vt 0.5605879426002502 0.992027223110199 
vt 0.5606706142425537 0.9926371574401855 
vt 0.5606706142425537 0.9931250810623169 
vt 0.5606706142425537 0.9934910535812378 
vt 0.5607532858848572 0.9938570261001587 
vt 0.5607532858848572 0.99434494972229 
vt 0.5793597102165222 0.9932470917701721 
vt 0.5792770385742188 0.9927591681480408 
vt 0.5791943073272705 0.9922711849212646 
vt 0.5791943073272705 0.9919052720069885 
vt 0.579111635684967 0.9915392994880676 
vt 0.5790289044380188 0.990929365158081 
vt 0.5789462327957153 0.9898315072059631 
vt 0.5787808299064636 0.9883676767349243 
vt 0.5783673524856567 0.9850741028785706 
vt 0.5772923231124878 0.9744613766670227 
vt 0.5753903388977051 0.9496984481811523 
vt 0.5739018321037292 0.9044420123100281 
vt 0.5749768614768982 0.8355205059051514 
vt 0.5791943073272705 0.7520827651023865 
vt 0.5849002599716187 0.666449248790741 
vt 0.5899446606636047 0.590940535068512 
vt 0.5930870771408081 0.5350714325904846 
vt 0.5943275094032288 0.4962801933288574 
vt 0.594410240650177 0.46895554661750793 
vt 0.5938313603401184 0.4473642110824585 
vt 0.5930044054985046 0.4262607991695404 
vt 0.5920947790145874 0.4029616713523865 
vt 0.5911850929260254 0.3753930628299713 
vt 0.5904408693313599 0.3414812386035919 
vt 0.5901927947998047 0.300128310918808 
vt 0.5908543467521667 0.25438395142555237 
vt 0.5930870771408081 0.20766368508338928 
vt 0.5968083739280701 0.16362710297107697 
vt 0.6010258197784424 0.12483587116003036 
vt 0.604912519454956 0.09055808931589127 
vt 0.6079722046852112 0.059207942336797714 
vt 0.6099569201469421 0.029077645391225815 
vt 0.6292248368263245 0.06250153481960297 
vt 0.6323672533035278 0.032615210860967636 
vt 0.6252554655075073 0.09360770881175995 
vt 0.6205418705940247 0.12751954793930054 
vt 0.6157455444335938 0.165822833776474 
vt 0.6117761731147766 0.20924949645996094 
vt 0.6097087860107422 0.25535982847213745 
vt 0.6092953085899353 0.3008602261543274 
vt 0.6099569201469421 0.34196916222572327 
vt 0.6108665466308594 0.3757590055465698 
vt 0.6119415760040283 0.403327614068985 
vt 0.6129339337348938 0.4266267716884613 
vt 0.6136781573295593 0.44785216450691223 
vt 0.6141743659973145 0.46968746185302734 
vt 0.6140916347503662 0.49713408946990967 
vt 0.6126858592033386 0.5360472798347473 
vt 0.6093780398368835 0.5920383930206299 
vt 0.6039201617240906 0.6675471067428589 
vt 0.5978007316589355 0.7528146505355835 
vt 0.5931698083877563 0.8355205059051514 
vt 0.5916813015937805 0.9038320779800415 
vt 0.5931698083877563 0.9484785795211792 
vt 0.5953198671340942 0.9728755950927734 
vt 0.5965602993965149 0.9834882616996765 
vt 0.5969737768173218 0.986781895160675 
vt 0.597221851348877 0.9882457256317139 
vt 0.5973045229911804 0.9892215728759766 
vt 0.5973872542381287 0.9898315072059631 
vt 0.5974699258804321 0.9903194308280945 
vt 0.5975526571273804 0.9906854033470154 
vt 0.5976353287696838 0.9910513758659363 
vt 0.5976353287696838 0.9915392994880676 
vt 0.615580141544342 0.9894655346870422 
vt 0.632863461971283 0.9870258569717407 
vt 0.6154974699020386 0.9889776110649109 
vt 0.6154147982597351 0.98861163854599 
vt 0.6154147982597351 0.9882457256317139 
vt 0.6153320670127869 0.9877577424049377 
vt 0.6152493953704834 0.9871478080749512 
vt 0.6150839924812317 0.9861719608306885 
vt 0.6148359179496765 0.9847081303596497 
vt 0.6144224405288696 0.9814145565032959 
vt 0.6130166053771973 0.9710457921028137 
vt 0.6108665466308594 0.9470147490501404 
vt 0.6095434427261353 0.9031001925468445 
vt 0.6113626956939697 0.835764467716217 
vt 0.6164070963859558 0.7536685466766357 
vt 0.623022735118866 0.668766975402832 
vt 0.6287286877632141 0.593258261680603 
vt 0.6323672533035278 0.53714519739151 
vt 0.6338557600975037 0.4978660047054291 
vt 0.6341038942337036 0.4701754152774811 
vt 0.6336076855659485 0.4480961263179779 
vt 0.632863461971283 0.42674875259399414 
vt 0.631788432598114 0.403327614068985 
vt 0.6306306719779968 0.3757590055465698 
vt 0.6293902397155762 0.34196916222572327 
vt 0.6284806132316589 0.30110418796539307 
vt 0.6285632848739624 0.2562137246131897 
vt 0.6304652690887451 0.21071331202983856 
vt 0.6345173716545105 0.16801856458187103 
vt 0.6398925185203552 0.13032519817352295 
vt 0.6455157995223999 0.0969013050198555 
vt 0.6506428718566895 0.06603910028934479 
vt 0.6550257205963135 0.03639674559235573 
vt 0.671978235244751 0.07006460428237915 
vt 0.6777668595314026 0.040544234216213226 
vt 0.6656107306480408 0.10056085884571075 
vt 0.6590777635574341 0.13349680602550507 
vt 0.6531237363815308 0.1703362762928009 
vt 0.6489889621734619 0.21205514669418335 
vt 0.6473351120948792 0.25670164823532104 
vt 0.6475831866264343 0.30098220705986023 
vt 0.6489062905311584 0.3414812386035919 
vt 0.6503121256828308 0.37514910101890564 
vt 0.6516352295875549 0.4027177095413208 
vt 0.6527102589607239 0.42638278007507324 
vt 0.6534545421600342 0.44797414541244507 
vt 0.6538680195808411 0.47041937708854675 
vt 0.6536198854446411 0.4987199008464813 
vt 0.6519660353660583 0.5383650064468384 
vt 0.6481620073318481 0.5947220921516418 
vt 0.6420425772666931 0.6701087951660156 
vt 0.6350135207176208 0.7547664046287537 
vt 0.6295556426048279 0.8361303806304932 
vt 0.6273228526115417 0.9023682475090027 
vt 0.6283152103424072 0.9453069567680359 
vt 0.6304652690887451 0.9687281250953674 
vt 0.6318711042404175 0.9789748191833496 
vt 0.6322845816612244 0.9822684526443481 
vt 0.6325326561927795 0.983732283115387 
vt 0.632615327835083 0.9847081303596497 
vt 0.6326980590820312 0.9853180646896362 
vt 0.6327807307243347 0.9858059883117676 
vt 0.6327807307243347 0.9861719608306885 
vt 0.6327807307243347 0.9865379333496094 
s on 
f 1/1/1 2/2/2 3/3/3 
f 2/2/2 4/4/4 3/3/3 
f 3/3/3 4/4/4 4/4/4 
f 4/4/4 5/5/5 4/4/4 
f 4/4/4 5/5/5 5/5/5 
f 5/5/5 1/1/1 5/5/5 
f 5/5/5 1/1/1 3/3/3 
f 1/1/1 3/3/3 3/3/3 
f 3/3/3 3/3/3 1/1/1 
f 3/3/3 1/1/1 1/1/1 
f 1/1/1 1/1/1 2/2/2 
f 1/1/1 6/6/6 2/2/2 
f 2/2/2 6/6/6 7/7/7 
f 6/6/6 8/8/8 7/7/7 
f 7/7/7 8/8/8 9/9/9 
f 8/8/8 10/10/10 9/9/9 
f 9/9/9 10/10/10 11/11/11 
f 10/10/10 12/12/12 11/11/11 
f 11/11/11 12/12/12 13/13/13 
f 12/12/12 14/14/14 13/13/13 
f 13/13/13 14/14/14 15/15/15 
f 14/14/14 16/16/16 15/15/15 
f 15/15/15 16/16/16 17/17/17 
f 16/16/16 18/18/18 17/17/17 
f 17/17/17 18/18/18 19/19/19 
f 18/18/18 20/20/20 19/19/19 
f 19/19/19 20/20/20 21/21/21 
f 20/20/20 22/22/22 21/21/21 
f 21/21/21 22/22/22 23/23/23 
f 22/22/22 24/24/24 23/23/23 
f 23/23/23 24/24/24 25/25/25 
f 24/24/24 26/26/26 25/25/25 
f 25/25/25 26/26/26 27/27/27 
f 26/26/26 28/28/28 27/27/27 
f 27/27/27 28/28/28 29/29/29 
f 28/28/28 30/30/30 29/29/29 
f 29/29/29 30/30/30 31/31/31 
f 30/30/30 32/32/32 31/31/31 
f 31/31/31 32/32/32 33/33/33 
f 32/32/32 34/34/34 33/33/33 
f 33/33/33 34/34/34 35/35/35 
f 34/34/34 36/36/36 35/35/35 
f 35/35/35 36/36/36 37/37/37 
f 36/36/36 38/38/38 37/37/37 
f 37/37/37 38/38/38 39/39/39 
f 38/38/38 40/40/40 39/39/39 
f 39/39/39 40/40/40 41/41/41 
f 40/40/40 42/42/42 41/41/41 
f 41/41/41 42/42/42 43/43/43 
f 42/42/42 44/44/44 43/43/43 
f 43/43/43 44/44/44 45/45/45 
f 44/44/44 46/46/46 45/45/45 
f 45/45/45 46/46/46 47/47/47 
f 46/46/46 48/48/48 47/47/47 
f 47/47/47 48/48/48 49/49/49 
f 48/48/48 50/50/50 49/49/49 
f 49/49/49 50/50/50 51/51/51 
f 50/50/50 52/52/52 51/51/51 
f 51/51/51 52/52/52 53/53/53 
f 52/52/52 54/54/54 53/53/53 
f 53/53/53 54/54/54 55/55/55 
f 54/54/54 56/56/56 55/55/55 
f 55/55/55 56/56/56 57/57/57 
f 56/56/56 58/58/58 57/57/57 
f 57/57/57 58/58/58 58/58/58 
f 58/58/58 57/57/57 58/58/58 
f 58/58/58 57/57/57 57/57/57 
f 57/57/57 59/59/59 57/57/57 
f 57/57/57 59/59/59 55/55/55 
f 59/59/59 60/60/60 55/55/55 
f 55/55/55 60/60/60 53/53/53 
f 60/60/60 61/61/61 53/53/53 
f 53/53/53 61/61/61 51/51/51 
f 61/61/61 62/62/62 51/51/51 
f 51/51/51 62/62/62 49/49/49 
f 62/62/62 63/63/63 49/49/49 
f 49/49/49 63/63/63 47/47/47 
f 63/63/63 64/64/64 47/47/47 
f 47/47/47 64/64/64 45/45/45 
f 64/64/64 65/65/65 45/45/45 
f 45/45/45 65/65/65 43/43/43 
f 65/65/65 66/66/66 43/43/43 
f 43/43/43 66/66/66 41/41/41 
f 66/66/66 67/67/67 41/41/41 
f 41/41/41 67/67/67 39/39/39 
f 67/67/67 68/68/68 39/39/39 
f 39/39/39 68/68/68 37/37/37 
f 68/68/68 69/69/69 37/37/37 
f 37/37/37 69/69/69 35/35/35 
f 69/69/69 70/70/70 35/35/35 
f 35/35/35 70/70/70 33/33/33 
f 70/70/70 71/71/71 33/33/33 
f 33/33/33 71/71/71 31/31/31 
f 71/71/71 72/72/72 31/31/31 
f 31/31/31 72/72/72 29/29/29 
f 72/72/72 73/73/73 29/29/29 
f 29/29/29 73/73/73 27/27/27 
f 73/73/73 74/74/74 27/27/27 
f 27/27/27 74/74/74 25/25/25 
f 74/74/74 75/75/75 25/25/25 
f 25/25/25 75/75/75 23/23/23 
f 75/75/75 76/76/76 23/23/23 
f 23/23/23 76/76/76 21/21/21 
f 76/76/76 77/77/77 21/21/21 
f 21/21/21 77/77/77 19/19/19 
f 77/77/77 78/78/78 19/19/19 
f 19/19/19 78/78/78 17/17/17 
f 78/78/78 79/79/79 17/17/17 
f 17/17/17 79/79/79 15/15/15 
f 79/79/79 80/80/80 15/15/15 
f 15/15/15 80/80/80 13/13/13 
f 80/80/80 81/81/81 13/13/13 
f 13/13/13 81/81/81 11/11/11 
f 81/81/81 82/82/82 11/11/11 
f 11/11/11 82/82/82 9/9/9 
f 82/82/82 83/83/83 9/9/9 
f 9/9/9 83/83/83 7/7/7 
f 83/83/83 84/84/84 7/7/7 
f 7/7/7 84/84/84 2/2/2 
f 84/84/84 84/84/84 2/2/2 
f 2/2/2 84/84/84 4/4/4 
f 84/84/84 84/84/84 4/4/4 
f 4/4/4 84/84/84 85/85/85 
f 84/84/84 84/84/84 85/85/85 
f 85/85/85 84/84/84 86/86/86 
f 84/84/84 83/83/83 86/86/86 
f 86/86/86 83/83/83 87/87/87 
f 83/83/83 82/82/82 87/87/87 
f 87/87/87 82/82/82 88/88/88 
f 82/82/82 81/81/81 88/88/88 
f 88/88/88 81/81/81 89/89/89 
f 81/81/81 80/80/80 89/89/89 
f 89/89/89 80/80/80 90/90/90 
f 80/80/80 79/79/79 90/90/90 
f 90/90/90 79/79/79 91/91/91 
f 79/79/79 78/78/78 91/91/91 
f 91/91/91 78/78/78 92/92/92 
f 78/78/78 77/77/77 92/92/92 
f 92/92/92 77/77/77 93/93/93 
f 77/77/77 76/76/76 93/93/93 
f 93/93/93 76/76/76 94/94/94 
f 76/76/76 75/75/75 94/94/94 
f 94/94/94 75/75/75 95/95/95 
f 75/75/75 74/74/74 95/95/95 
f 95/95/95 74/74/74 96/96/96 
f 74/74/74 73/73/73 96/96/96 
f 96/96/96 73/73/73 97/97/97 
f 73/73/73 72/72/72 97/97/97 
f 97/97/97 72/72/72 98/98/98 
f 72/72/72 71/71/71 98/98/98 
f 98/98/98 71/71/71 99/99/99 
f 71/71/71 70/70/70 99/99/99 
f 99/99/99 70/70/70 100/100/100 
f 70/70/70 69/69/69 100/100/100 
f 100/100/100 69/69/69 101/101/101 
f 69/69/69 68/68/68 101/101/101 
f 101/101/101 68/68/68 102/102/102 
f 68/68/68 67/67/67 102/102/102 
f 102/102/102 67/67/67 103/103/103 
f 67/67/67 66/66/66 103/103/103 
f 103/103/103 66/66/66 104/104/104 
f 66/66/66 65/65/65 104/104/104 
f 104/104/104 65/65/65 105/105/105 
f 65/65/65 64/64/64 105/105/105 
f 105/105/105 64/64/64 106/106/106 
f 64/64/64 63/63/63 106/106/106 
f 106/106/106 63/63/63 107/107/107 
f 63/63/63 62/62/62 107/107/107 
f 107/107/107 62/62/62 108/108/108 
f 62/62/62 61/61/61 108/108/108 
f 108/108/108 61/61/61 109/109/109 
f 61/61/61 60/60/60 109/109/109 
f 109/109/109 60/60/60 110/110/110 
f 60/60/60 59/59/59 110/110/110 
f 110/110/110 59/59/59 59/59/59 
f 59/59/59 110/110/110 59/59/59 
f 59/59/59 110/110/110 110/110/110 
f 110/110/110 111/111/111 110/110/110 
f 110/110/110 111/111/111 109/109/109 
f 111/111/111 112/112/112 109/109/109 
f 109/109/109 112/112/112 108/108/108 
f 112/112/112 113/113/113 108/108/108 
f 108/108/108 113/113/113 107/107/107 
f 113/113/113 114/114/114 107/107/107 
f 107/107/107 114/114/114 106/106/106 
f 114/114/114 115/115/115 106/106/106 
f 106/106/106 115/115/115 105/105/105 
f 115/115/115 116/116/116 105/105/105 
f 105/105/105 116/116/116 104/104/104 
f 116/116/116 117/117/117 104/104/104 
f 104/104/104 117/117/117 103/103/103 
f 117/117/117 118/118/118 103/103/103 
f 103/103/103 118/118/118 102/102/102 
f 118/118/118 119/119/119 102/102/102 
f 102/102/102 119/119/119 101/101/101 
f 119/119/119 120/120/120 101/101/101 
f 101/101/101 120/120/120 100/100/100 
f 120/120/120 121/121/121 100/100/100 
f 100/100/100 121/121/121 99/99/99 
f 121/121/121 122/122/122 99/99/99 
f 99/99/99 122/122/122 98/98/98 
f 122/122/122 123/123/123 98/98/98 
f 98/98/98 123/123/123 97/97/97 
f 123/123/123 124/124/124 97/97/97 
f 97/97/97 124/124/124 96/96/96 
f 124/124/124 125/125/125 96/96/96 
f 96/96/96 125/125/125 95/95/95 
f 125/125/125 126/126/126 95/95/95 
f 95/95/95 126/126/126 94/94/94 
f 126/126/126 127/127/127 94/94/94 
f 94/94/94 127/127/127 93/93/93 
f 127/127/127 128/128/128 93/93/93 
f 93/93/93 128/128/128 92/92/92 
f 128/128/128 129/129/129 92/92/92 
f 92/92/92 129/129/129 91/91/91 
f 129/129/129 130/130/130 91/91/91 
f 91/91/91 130/130/130 90/90/90 
f 130/130/130 131/131/131 90/90/90 
f 90/90/90 131/131/131 89/89/89 
f 131/131/131 132/132/132 89/89/89 
f 89/89/89 132/132/132 88/88/88 
f 132/132/132 133/133/133 88/88/88 
f 88/88/88 133/133/133 87/87/87 
f 133/133/133 134/134/134 87/87/87 
f 87/87/87 134/134/134 86/86/86 
f 134/134/134 135/135/135 86/86/86 
f 86/86/86 135/135/135 85/85/85 
f 135/135/135 136/136/136 85/85/85 
f 85/85/85 136/136/136 85/85/85 
f 136/136/136 137/137/137 85/85/85 
f 85/85/85 137/137/137 4/4/4 
f 137/137/137 138/138/138 4/4/4 
f 4/4/4 138/138/138 3/3/3 
f 138/138/138 139/139/139 3/3/3 
f 3/3/3 139/139/139 5/5/5 
f 139/139/139 139/139/139 5/5/5 
f 5/5/5 139/139/139 140/140/140 
f 139/139/139 141/141/141 140/140/140 
f 140/140/140 141/141/141 142/142/142 
f 141/141/141 143/143/143 142/142/142 
f 142/142/142 143/143/143 144/144/144 
f 143/143/143 145/145/145 144/144/144 
f 144/144/144 145/145/145 146/146/146 
f 145/145/145 145/145/145 146/146/146 
f 146/146/146 145/145/145 147/147/147 
f 145/145/145 148/148/148 147/147/147 
f 147/147/147 148/148/148 149/149/149 
f 148/148/148 149/149/149 149/149/149 
f 149/149/149 149/149/149 150/150/150 
f 149/149/149 150/150/150 150/150/150 
f 150/150/150 150/150/150 111/111/111 
f 150/150/150 112/112/112 111/111/111 
f 111/111/111 112/112/112 112/112/112 
f 112/112/112 148/148/148 112/112/112 
f 112/112/112 148/148/148 148/148/148 
f 148/148/148 145/145/145 148/148/148 
f 148/148/148 145/145/145 151/151/151 
f 145/145/145 143/143/143 151/151/151 
f 151/151/151 143/143/143 152/152/152 
f 143/143/143 141/141/141 152/152/152 
f 152/152/152 141/141/141 153/153/153 
f 141/141/141 139/139/139 153/153/153 
f 153/153/153 139/139/139 153/153/153 
f 139/139/139 138/138/138 153/153/153 
f 153/153/153 138/138/138 154/154/154 
f 138/138/138 137/137/137 154/154/154 
f 154/154/154 137/137/137 155/155/155 
f 137/137/137 136/136/136 155/155/155 
f 155/155/155 136/136/136 156/156/156 
f 136/136/136 136/136/136 156/156/156 
f 156/156/156 136/136/136 157/157/157 
f 136/136/136 135/135/135 157/157/157 
f 157/157/157 135/135/135 158/158/158 
f 135/135/135 134/134/134 158/158/158 
f 158/158/158 134/134/134 159/159/159 
f 134/134/134 133/133/133 159/159/159 
f 159/159/159 133/133/133 160/160/160 
f 133/133/133 132/132/132 160/160/160 
f 160/160/160 132/132/132 161/161/161 
f 132/132/132 131/131/131 161/161/161 
f 161/161/161 131/131/131 162/162/162 
f 131/131/131 130/130/130 162/162/162 
f 162/162/162 130/130/130 163/163/163 
f 130/130/130 129/129/129 163/163/163 
f 163/163/163 129/129/129 164/164/164 
f 129/129/129 128/128/128 164/164/164 
f 164/164/164 128/128/128 165/165/165 
f 128/128/128 127/127/127 165/165/165 
f 165/165/165 127/127/127 166/166/166 
f 127/127/127 126/126/126 166/166/166 
f 166/166/166 126/126/126 167/167/167 
f 126/126/126 125/125/125 167/167/167 
f 167/167/167 125/125/125 168/168/168 
f 125/125/125 124/124/124 168/168/168 
f 168/168/168 124/124/124 169/169/169 
f 124/124/124 123/123/123 169/169/169 
f 169/169/169 123/123/123 170/170/170 
f 123/123/123 122/122/122 170/170/170 
f 170/170/170 122/122/122 171/171/171 
f 122/122/122 121/121/121 171/171/171 
f 171/171/171 121/121/121 172/172/172 
f 121/121/121 120/120/120 172/172/172 
f 172/172/172 120/120/120 173/173/173 
f 120/120/120 119/119/119 173/173/173 
f 173/173/173 119/119/119 174/174/174 
f 119/119/119 118/118/118 174/174/174 
f 174/174/174 118/118/118 175/175/175 
f 118/118/118 117/117/117 175/175/175 
f 175/175/175 117/117/117 176/176/176 
f 117/117/117 116/116/116 176/176/176 
f 176/176/176 116/116/116 177/177/177 
f 116/116/116 115/115/115 177/177/177 
f 177/177/177 115/115/115 178/178/178 
f 115/115/115 114/114/114 178/178/178 
f 178/178/178 114/114/114 179/179/179 
f 114/114/114 113/113/113 179/179/179 
f 179/179/179 113/113/113 180/180/180 
f 113/113/113 112/112/112 180/180/180 
f 180/180/180 112/112/112 180/180/180 
f 112/112/112 150/150/150 180/180/180 
f 180/180/180 150/150/150 180/180/180 
f 150/150/150 181/181/181 180/180/180 
f 180/180/180 181/181/181 182/182/182 
f 181/181/181 183/183/183 182/182/182 
f 182/182/182 183/183/183 184/184/184 
f 183/183/183 185/185/185 184/184/184 
f 184/184/184 185/185/185 186/186/186 
f 185/185/185 187/187/187 186/186/186 
f 186/186/186 187/187/187 188/188/188 
f 187/187/187 189/189/189 188/188/188 
f 188/188/188 189/189/189 190/190/190 
f 189/189/189 191/191/191 190/190/190 
f 190/190/190 191/191/191 192/192/192 
f 191/191/191 193/193/193 192/192/192 
f 192/192/192 193/193/193 194/194/194 
f 193/193/193 195/195/195 194/194/194 
f 194/194/194 195/195/195 196/196/196 
f 195/195/195 197/197/197 196/196/196 
f 196/196/196 197/197/197 198/198/198 
f 197/197/197 199/199/199 198/198/198 
f 198/198/198 199/199/199 200/200/200 
f 199/199/199 201/201/201 200/200/200 
f 200/200/200 201/201/201 202/202/202 
f 201/201/201 203/203/203 202/202/202 
f 202/202/202 203/203/203 204/204/204 
f 203/203/203 205/205/205 204/204/204 
f 204/204/204 205/205/205 206/206/206 
f 205/205/205 207/207/207 206/206/206 
f 206/206/206 207/207/207 208/208/208 
f 207/207/207 209/209/209 208/208/208 
f 208/208/208 209/209/209 210/210/210 
f 209/209/209 211/211/211 210/210/210 
f 210/210/210 211/211/211 212/212/212 
f 211/211/211 213/213/213 212/212/212 
f 212/212/212 213/213/213 214/214/214 
f 213/213/213 215/215/215 214/214/214 
f 214/214/214 215/215/215 216/216/216 
f 215/215/215 217/217/217 216/216/216 
f 216/216/216 217/217/217 218/218/218 
f 217/217/217 219/219/219 218/218/218 
f 218/218/218 219/219/219 220/220/220 
f 219/219/219 221/221/221 220/220/220 
f 220/220/220 221/221/221 222/222/222 
f 221/221/221 223/223/223 222/222/222 
f 222/222/222 223/223/223 224/224/224 
f 223/223/223 225/225/225 224/224/224 
f 224/224/224 225/225/225 226/226/226 
f 225/225/225 227/227/227 226/226/226 
f 226/226/226 227/227/227 228/228/228 
f 227/227/227 229/229/229 228/228/228 
f 228/228/228 229/229/229 230/230/230 
f 229/229/229 231/231/231 230/230/230 
f 230/230/230 231/231/231 232/232/232 
f 231/231/231 233/233/233 232/232/232 
f 232/232/232 233/233/233 234/234/234 
f 233/233/233 235/235/235 234/234/234 
f 234/234/234 235/235/235 236/236/236 
f 235/235/235 237/237/237 236/236/236 
f 236/236/236 237/237/237 238/238/238 
f 237/237/237 239/239/239 238/238/238 
f 238/238/238 239/239/239 240/240/240 
f 239/239/239 241/241/241 240/240/240 
f 240/240/240 241/241/241 240/240/240 
f 241/241/241 242/242/242 240/240/240 
f 240/240/240 242/242/242 243/243/243 
f 242/242/242 244/244/244 243/243/243 
f 243/243/243 244/244/244 244/244/244 
f 244/244/244 180/180/180 244/244/244 
f 244/244/244 180/180/180 180/180/180 
f 180/180/180 182/182/182 180/180/180 
f 180/180/180 182/182/182 179/179/179 
f 182/182/182 245/245/245 179/179/179 
f 179/179/179 245/245/245 178/178/178 
f 245/245/245 178/178/178 178/178/178 
f 178/178/178 178/178/178 184/184/184 
f 178/178/178 184/184/184 184/184/184 
f 184/184/184 184/184/184 182/182/182 
f 184/184/184 245/245/245 182/182/182 
f 182/182/182 245/245/245 245/245/245 
f 245/245/245 243/243/243 245/245/245 
f 245/245/245 243/243/243 243/243/243 
f 243/243/243 246/246/246 243/243/243 
f 243/243/243 246/246/246 240/240/240 
f 246/246/246 246/246/246 240/240/240 
f 240/240/240 246/246/246 238/238/238 
f 246/246/246 247/247/247 238/238/238 
f 238/238/238 247/247/247 236/236/236 
f 247/247/247 248/248/248 236/236/236 
f 236/236/236 248/248/248 234/234/234 
f 248/248/248 249/249/249 234/234/234 
f 234/234/234 249/249/249 232/232/232 
f 249/249/249 250/250/250 232/232/232 
f 232/232/232 250/250/250 230/230/230 
f 250/250/250 251/251/251 230/230/230 
f 230/230/230 251/251/251 228/228/228 
f 251/251/251 252/252/252 228/228/228 
f 228/228/228 252/252/252 226/226/226 
f 252/252/252 253/253/253 226/226/226 
f 226/226/226 253/253/253 224/224/224 
f 253/253/253 254/254/254 224/224/224 
f 224/224/224 254/254/254 222/222/222 
f 254/254/254 255/255/255 222/222/222 
f 222/222/222 255/255/255 220/220/220 
f 255/255/255 256/256/256 220/220/220 
f 220/220/220 256/256/256 218/218/218 
f 256/256/256 257/257/257 218/218/218 
f 218/218/218 257/257/257 216/216/216 
f 257/257/257 258/258/258 216/216/216 
f 216/216/216 258/258/258 214/214/214 
f 258/258/258 259/259/259 214/214/214 
f 214/214/214 259/259/259 212/212/212 
f 259/259/259 260/260/260 212/212/212 
f 212/212/212 260/260/260 210/210/210 
f 260/260/260 261/261/261 210/210/210 
f 210/210/210 261/261/261 208/208/208 
f 261/261/261 262/262/262 208/208/208 
f 208/208/208 262/262/262 206/206/206 
f 262/262/262 263/263/263 206/206/206 
f 206/206/206 263/263/263 204/204/204 
f 263/263/263 264/264/264 204/204/204 
f 204/204/204 264/264/264 202/202/202 
f 264/264/264 265/265/265 202/202/202 
f 202/202/202 265/265/265 200/200/200 
f 265/265/265 266/266/266 200/200/200 
f 200/200/200 266/266/266 198/198/198 
f 266/266/266 267/267/267 198/198/198 
f 198/198/198 267/267/267 196/196/196 
f 267/267/267 268/268/268 196/196/196 
f 196/196/196 268/268/268 194/194/194 
f 268/268/268 269/269/269 194/194/194 
f 194/194/194 269/269/269 192/192/192 
f 269/269/269 270/270/270 192/192/192 
f 192/192/192 270/270/270 190/190/190 
f 270/270/270 271/271/271 190/190/190 
f 190/190/190 271/271/271 188/188/188 
f 271/271/271 272/272/272 188/188/188 
f 188/188/188 272/272/272 186/186/186 
f 272/272/272 273/273/273 186/186/186 
f 186/186/186 273/273/273 184/184/184 
f 273/273/273 273/273/273 184/184/184 
f 184/184/184 273/273/273 245/245/245 
f 273/273/273 274/274/274 245/245/245 
f 245/245/245 274/274/274 178/178/178 
f 274/274/274 274/274/274 178/178/178 
f 178/178/178 274/274/274 177/177/177 
f 274/274/274 275/275/275 177/177/177 
f 177/177/177 275/275/275 176/176/176 
f 275/275/275 176/176/176 176/176/176 
f 176/176/176 176/176/176 275/275/275 
f 176/176/176 275/275/275 275/275/275 
f 275/275/275 275/275/275 276/276/276 
f 275/275/275 274/274/274 276/276/276 
f 276/276/276 274/274/274 276/276/276 
f 274/274/274 273/273/273 276/276/276 
f 276/276/276 273/273/273 276/276/276 
f 273/273/273 272/272/272 276/276/276 
f 276/276/276 272/272/272 277/277/277 
f 272/272/272 271/271/271 277/277/277 
f 277/277/277 271/271/271 278/278/278 
f 271/271/271 270/270/270 278/278/278 
f 278/278/278 270/270/270 279/279/279 
f 270/270/270 269/269/269 279/279/279 
f 279/279/279 269/269/269 280/280/280 
f 269/269/269 268/268/268 280/280/280 
f 280/280/280 268/268/268 281/281/281 
f 268/268/268 267/267/267 281/281/281 
f 281/281/281 267/267/267 282/282/282 
f 267/267/267 266/266/266 282/282/282 
f 282/282/282 266/266/266 283/283/283 
f 266/266/266 265/265/265 283/283/283 
f 283/283/283 265/265/265 284/284/284 
f 265/265/265 264/264/264 284/284/284 
f 284/284/284 264/264/264 285/285/285 
f 264/264/264 263/263/263 285/285/285 
f 285/285/285 263/263/263 286/286/286 
f 263/263/263 262/262/262 286/286/286 
f 286/286/286 262/262/262 287/287/287 
f 262/262/262 261/261/261 287/287/287 
f 287/287/287 261/261/261 288/288/288 
f 261/261/261 260/260/260 288/288/288 
f 288/288/288 260/260/260 289/289/289 
f 260/260/260 259/259/259 289/289/289 
f 289/289/289 259/259/259 290/290/290 
f 259/259/259 258/258/258 290/290/290 
f 290/290/290 258/258/258 291/291/291 
f 258/258/258 257/257/257 291/291/291 
f 291/291/291 257/257/257 292/292/292 
f 257/257/257 256/256/256 292/292/292 
f 292/292/292 256/256/256 293/293/293 
f 256/256/256 255/255/255 293/293/293 
f 293/293/293 255/255/255 294/294/294 
f 255/255/255 254/254/254 294/294/294 
f 294/294/294 254/254/254 295/295/295 
f 254/254/254 253/253/253 295/295/295 
f 295/295/295 253/253/253 296/296/296 
f 253/253/253 252/252/252 296/296/296 
f 296/296/296 252/252/252 297/297/297 
f 252/252/252 251/251/251 297/297/297 
f 297/297/297 251/251/251 298/298/298 
f 251/251/251 250/250/250 298/298/298 
f 298/298/298 250/250/250 299/299/299 
f 250/250/250 249/249/249 299/299/299 
f 299/299/299 249/249/249 300/300/300 
f 249/249/249 248/248/248 300/300/300 
f 300/300/300 248/248/248 301/301/301 
f 248/248/248 247/247/247 301/301/301 
f 301/301/301 247/247/247 302/302/302 
f 247/247/247 246/246/246 302/302/302 
f 302/302/302 246/246/246 303/303/303 
f 246/246/246 243/243/243 303/303/303 
f 303/303/303 243/243/243 304/304/304 
f 243/243/243 244/244/244 304/304/304 
f 304/304/304 244/244/244 304/304/304 
f 244/244/244 305/305/305 304/304/304 
f 304/304/304 305/305/305 306/306/306 
f 305/305/305 307/307/307 306/306/306 
f 306/306/306 307/307/307 307/307/307 
f 307/307/307 306/306/306 307/307/307 
f 307/307/307 306/306/306 306/306/306 
f 306/306/306 308/308/308 306/306/306 
f 306/306/306 308/308/308 304/304/304 
f 308/308/308 308/308/308 304/304/304 
f 304/304/304 308/308/308 303/303/303 
f 308/308/308 309/309/309 303/303/303 
f 303/303/303 309/309/309 302/302/302 
f 309/309/309 310/310/310 302/302/302 
f 302/302/302 310/310/310 301/301/301 
f 310/310/310 311/311/311 301/301/301 
f 301/301/301 311/311/311 300/300/300 
f 311/311/311 312/312/312 300/300/300 
f 300/300/300 312/312/312 299/299/299 
f 312/312/312 313/313/313 299/299/299 
f 299/299/299 313/313/313 298/298/298 
f 313/313/313 314/314/314 298/298/298 
f 298/298/298 314/314/314 297/297/297 
f 314/314/314 315/315/315 297/297/297 
f 297/297/297 315/315/315 296/296/296 
f 315/315/315 316/316/316 296/296/296 
f 296/296/296 316/316/316 295/295/295 
f 316/316/316 317/317/317 295/295/295 
f 295/295/295 317/317/317 294/294/294 
f 317/317/317 318/318/318 294/294/294 
f 294/294/294 318/318/318 293/293/293 
f 318/318/318 319/319/319 293/293/293 
f 293/293/293 319/319/319 292/292/292 
f 319/319/319 320/320/320 292/292/292 
f 292/292/292 320/320/320 291/291/291 
f 320/320/320 321/321/321 291/291/291 
f 291/291/291 321/321/321 290/290/290 
f 321/321/321 322/322/322 290/290/290 
f 290/290/290 322/322/322 289/289/289 
f 322/322/322 323/323/323 289/289/289 
f 289/289/289 323/323/323 288/288/288 
f 323/323/323 324/324/324 288/288/288 
f 288/288/288 324/324/324 287/287/287 
f 324/324/324 325/325/325 287/287/287 
f 287/287/287 325/325/325 286/286/286 
f 325/325/325 326/326/326 286/286/286 
f 286/286/286 326/326/326 285/285/285 
f 326/326/326 327/327/327 285/285/285 
f 285/285/285 327/327/327 284/284/284 
f 327/327/327 328/328/328 284/284/284 
f 284/284/284 328/328/328 283/283/283 
f 328/328/328 329/329/329 283/283/283 
f 283/283/283 329/329/329 282/282/282 
f 329/329/329 330/330/330 282/282/282 
f 282/282/282 330/330/330 281/281/281 
f 330/330/330 331/331/331 281/281/281 
f 281/281/281 331/331/331 280/280/280 
f 331/331/331 332/332/332 280/280/280 
f 280/280/280 332/332/332 279/279/279 
f 332/332/332 333/333/333 279/279/279 
f 279/279/279 333/333/333 278/278/278 
f 333/333/333 334/334/334 278/278/278 
f 278/278/278 334/334/334 277/277/277 
f 334/334/334 335/335/335 277/277/277 
f 277/277/277 335/335/335 276/276/276 
f 335/335/335 335/335/335 276/276/276 
f 276/276/276 335/335/335 275/275/275 
f 335/335/335 336/336/336 275/275/275 
f 275/275/275 336/336/336 176/176/176 
f 336/336/336 336/336/336 176/176/176 
f 176/176/176 336/336/336 175/175/175 
f 336/336/336 337/337/337 175/175/175 
f 175/175/175 337/337/337 174/174/174 
f 337/337/337 174/174/174 174/174/174 
f 174/174/174 174/174/174 337/337/337 
f 174/174/174 337/337/337 337/337/337 
f 337/337/337 337/337/337 338/338/338 
f 337/337/337 336/336/336 338/338/338 
f 338/338/338 336/336/336 338/338/338 
f 336/336/336 335/335/335 338/338/338 
f 338/338/338 335/335/335 338/338/338 
f 335/335/335 334/334/334 338/338/338 
f 338/338/338 334/334/334 339/339/339 
f 334/334/334 333/333/333 339/339/339 
f 339/339/339 333/333/333 340/340/340 
f 333/333/333 332/332/332 340/340/340 
f 340/340/340 332/332/332 341/341/341 
f 332/332/332 331/331/331 341/341/341 
f 341/341/341 331/331/331 342/342/342 
f 331/331/331 330/330/330 342/342/342 
f 342/342/342 330/330/330 343/343/343 
f 330/330/330 329/329/329 343/343/343 
f 343/343/343 329/329/329 344/344/344 
f 329/329/329 328/328/328 344/344/344 
f 344/344/344 328/328/328 345/345/345 
f 328/328/328 327/327/327 345/345/345 
f 345/345/345 327/327/327 346/346/346 
f 327/327/327 326/326/326 346/346/346 
f 346/346/346 326/326/326 347/347/347 
f 326/326/326 325/325/325 347/347/347 
f 347/347/347 325/325/325 348/348/348 
f 325/325/325 324/324/324 348/348/348 
f 348/348/348 324/324/324 349/349/349 
f 324/324/324 323/323/323 349/349/349 
f 349/349/349 323/323/323 350/350/350 
f 323/323/323 322/322/322 350/350/350 
f 350/350/350 322/322/322 351/351/351 
f 322/322/322 321/321/321 351/351/351 
f 351/351/351 321/321/321 352/352/352 
f 321/321/321 320/320/320 352/352/352 
f 352/352/352 320/320/320 353/353/353 
f 320/320/320 319/319/319 353/353/353 
f 353/353/353 319/319/319 354/354/354 
f 319/319/319 318/318/318 354/354/354 
f 354/354/354 318/318/318 355/355/355 
f 318/318/318 317/317/317 355/355/355 
f 355/355/355 317/317/317 356/356/356 
f 317/317/317 316/316/316 356/356/356 
f 356/356/356 316/316/316 357/357/357 
f 316/316/316 315/315/315 357/357/357 
f 357/357/357 315/315/315 358/358/358 
f 315/315/315 314/314/314 358/358/358 
f 358/358/358 314/314/314 359/359/359 
f 314/314/314 313/313/313 359/359/359 
f 359/359/359 313/313/313 360/360/360 
f 313/313/313 312/312/312 360/360/360 
f 360/360/360 312/312/312 361/361/361 
f 312/312/312 311/311/311 361/361/361 
f 361/361/361 311/311/311 362/362/362 
f 311/311/311 310/310/310 362/362/362 
f 362/362/362 310/310/310 363/363/363 
f 310/310/310 309/309/309 363/363/363 
f 363/363/363 309/309/309 364/364/364 
f 309/309/309 308/308/308 364/364/364 
f 364/364/364 308/308/308 365/365/365 
f 308/308/308 306/306/306 365/365/365 
f 365/365/365 306/306/306 366/366/366 
f 306/306/306 307/307/307 366/366/366 
f 366/366/366 307/307/307 366/366/366 
f 307/307/307 367/367/367 366/366/366 
f 366/366/366 367/367/367 368/368/368 
f 367/367/367 369/369/369 368/368/368 
f 368/368/368 369/369/369 369/369/369 
f 369/369/369 368/368/368 369/369/369 
f 369/369/369 368/368/368 368/368/368 
f 368/368/368 370/370/370 368/368/368 
f 368/368/368 370/370/370 366/366/366 
f 370/370/370 370/370/370 366/366/366 
f 366/366/366 370/370/370 365/365/365 
f 370/370/370 371/371/371 365/365/365 
f 365/365/365 371/371/371 364/364/364 
f 371/371/371 372/372/372 364/364/364 
f 364/364/364 372/372/372 363/363/363 
f 372/372/372 373/373/373 363/363/363 
f 363/363/363 373/373/373 362/362/362 
f 373/373/373 374/374/374 362/362/362 
f 362/362/362 374/374/374 361/361/361 
f 374/374/374 375/375/375 361/361/361 
f 361/361/361 375/375/375 360/360/360 
f 375/375/375 376/376/376 360/360/360 
f 360/360/360 376/376/376 359/359/359 
f 376/376/376 377/377/377 359/359/359 
f 359/359/359 377/377/377 358/358/358 
f 377/377/377 378/378/378 358/358/358 
f 358/358/358 378/378/378 357/357/357 
f 378/378/378 379/379/379 357/357/357 
f 357/357/357 379/379/379 356/356/356 
f 379/379/379 380/380/380 356/356/356 
f 356/356/356 380/380/380 355/355/355 
f 380/380/380 381/381/381 355/355/355 
f 355/355/355 381/381/381 354/354/354 
f 381/381/381 382/382/382 354/354/354 
f 354/354/354 382/382/382 353/353/353 
f 382/382/382 383/383/383 353/353/353 
f 353/353/353 383/383/383 352/352/352 
f 383/383/383 384/384/384 352/352/352 
f 352/352/352 384/384/384 351/351/351 
f 384/384/384 385/385/385 351/351/351 
f 351/351/351 385/385/385 350/350/350 
f 385/385/385 386/386/386 350/350/350 
f 350/350/350 386/386/386 349/349/349 
f 386/386/386 387/387/387 349/349/349 
f 349/349/349 387/387/387 348/348/348 
f 387/387/387 388/388/388 348/348/348 
f 348/348/348 388/388/388 347/347/347 
f 388/388/388 389/389/389 347/347/347 
f 347/347/347 389/389/389 346/346/346 
f 389/389/389 390/390/390 346/346/346 
f 346/346/346 390/390/390 345/345/345 
f 390/390/390 391/391/391 345/345/345 
f 345/345/345 391/391/391 344/344/344 
f 391/391/391 392/392/392 344/344/344 
f 344/344/344 392/392/392 343/343/343 
f 392/392/392 393/393/393 343/343/343 
f 343/343/343 393/393/393 342/342/342 
f 393/393/393 394/394/394 342/342/342 
f 342/342/342 394/394/394 341/341/341 
f 394/394/394 395/395/395 341/341/341 
f 341/341/341 395/395/395 340/340/340 
f 395/395/395 396/396/396 340/340/340 
f 340/340/340 396/396/396 339/339/339 
f 396/396/396 397/397/397 339/339/339 
f 339/339/339 397/397/397 338/338/338 
f 397/397/397 397/397/397 338/338/338 
f 338/338/338 397/397/397 337/337/337 
f 397/397/397 398/398/398 337/337/337 
f 337/337/337 398/398/398 174/174/174 
f 398/398/398 398/398/398 174/174/174 
f 174/174/174 398/398/398 173/173/173 
f 398/398/398 399/399/399 173/173/173 
f 173/173/173 399/399/399 172/172/172 
f 399/399/399 172/172/172 172/172/172 
f 172/172/172 172/172/172 399/399/399 
f 172/172/172 399/399/399 399/399/399 
f 399/399/399 399/399/399 400/400/400 
f 399/399/399 398/398/398 400/400/400 
f 400/400/400 398/398/398 400/400/400 
f 398/398/398 397/397/397 400/400/400 
f 400/400/400 397/397/397 400/400/400 
f 397/397/397 396/396/396 400/400/400 
f 400/400/400 396/396/396 401/401/401 
f 396/396/396 395/395/395 401/401/401 
f 401/401/401 395/395/395 402/402/402 
f 395/395/395 394/394/394 402/402/402 
f 402/402/402 394/394/394 403/403/403 
f 394/394/394 393/393/393 403/403/403 
f 403/403/403 393/393/393 404/404/404 
f 393/393/393 392/392/392 404/404/404 
f 404/404/404 392/392/392 405/405/405 
f 392/392/392 391/391/391 405/405/405 
f 405/405/405 391/391/391 406/406/406 
f 391/391/391 390/390/390 406/406/406 
f 406/406/406 390/390/390 407/407/407 
f 390/390/390 389/389/389 407/407/407 
f 407/407/407 389/389/389 408/408/408 
f 389/389/389 388/388/388 408/408/408 
f 408/408/408 388/388/388 409/409/409 
f 388/388/388 387/387/387 409/409/409 
f 409/409/409 387/387/387 410/410/410 
f 387/387/387 386/386/386 410/410/410 
f 410/410/410 386/386/386 411/411/411 
f 386/386/386 385/385/385 411/411/411 
f 411/411/411 385/385/385 412/412/412 
f 385/385/385 384/384/384 412/412/412 
f 412/412/412 384/384/384 413/413/413 
f 384/384/384 383/383/383 413/413/413 
f 413/413/413 383/383/383 414/414/414 
f 383/383/383 382/382/382 414/414/414 
f 414/414/414 382/382/382 415/415/415 
f 382/382/382 381/381/381 415/415/415 
f 415/415/415 381/381/381 416/416/416 
f 381/381/381 380/380/380 416/416/416 
f 416/416/416 380/380/380 417/417/417 
f 380/380/380 379/379/379 417/417/417 
f 417/417/417 379/379/379 418/418/418 
f 379/379/379 378/378/378 418/418/418 
f 418/418/418 378/378/378 419/419/419 
f 378/378/378 377/377/377 419/419/419 
f 419/419/419 377/377/377 420/420/420 
f 377/377/377 376/376/376 420/420/420 
f 420/420/420 376/376/376 421/421/421 
f 376/376/376 375/375/375 421/421/421 
f 421/421/421 375/375/375 422/422/422 
f 375/375/375 374/374/374 422/422/422 
f 422/422/422 374/374/374 423/423/423 
f 374/374/374 373/373/373 423/423/423 
f 423/423/423 373/373/373 424/424/424 
f 373/373/373 372/372/372 424/424/424 
f 424/424/424 372/372/372 425/425/425 
f 372/372/372 371/371/371 425/425/425 
f 425/425/425 371/371/371 426/426/426 
f 371/371/371 370/370/370 426/426/426 
f 426/426/426 370/370/370 427/427/427 
f 370/370/370 368/368/368 427/427/427 
f 427/427/427 368/368/368 428/428/428 
f 368/368/368 369/369/369 428/428/428 
f 428/428/428 369/369/369 428/428/428 
f 369/369/369 429/429/429 428/428/428 
f 428/428/428 429/429/429 430/430/430 
f 429/429/429 431/431/431 430/430/430 
f 430/430/430 431/431/431 431/431/431 
f 431/431/431 430/430/430 431/431/431 
f 431/431/431 430/430/430 430/430/430 
f 430/430/430 432/432/432 430/430/430 
f 430/430/430 432/432/432 428/428/428 
f 432/432/432 432/432/432 428/428/428 
f 428/428/428 432/432/432 427/427/427 
f 432/432/432 433/433/433 427/427/427 
f 427/427/427 433/433/433 426/426/426 
f 433/433/433 434/434/434 426/426/426 
f 426/426/426 434/434/434 425/425/425 
f 434/434/434 435/435/435 425/425/425 
f 425/425/425 435/435/435 424/424/424 
f 435/435/435 436/436/436 424/424/424 
f 424/424/424 436/436/436 423/423/423 
f 436/436/436 437/437/437 423/423/423 
f 423/423/423 437/437/437 422/422/422 
f 437/437/437 438/438/438 422/422/422 
f 422/422/422 438/438/438 421/421/421 
f 438/438/438 439/439/439 421/421/421 
f 421/421/421 439/439/439 420/420/420 
f 439/439/439 440/440/440 420/420/420 
f 420/420/420 440/440/440 419/419/419 
f 440/440/440 441/441/441 419/419/419 
f 419/419/419 441/441/441 418/418/418 
f 441/441/441 442/442/442 418/418/418 
f 418/418/418 442/442/442 417/417/417 
f 442/442/442 443/443/443 417/417/417 
f 417/417/417 443/443/443 416/416/416 
f 443/443/443 444/444/444 416/416/416 
f 416/416/416 444/444/444 415/415/415 
f 444/444/444 445/445/445 415/415/415 
f 415/415/415 445/445/445 414/414/414 
f 445/445/445 446/446/446 414/414/414 
f 414/414/414 446/446/446 413/413/413 
f 446/446/446 447/447/447 413/413/413 
f 413/413/413 447/447/447 412/412/412 
f 447/447/447 448/448/448 412/412/412 
f 412/412/412 448/448/448 411/411/411 
f 448/448/448 449/449/449 411/411/411 
f 411/411/411 449/449/449 410/410/410 
f 449/449/449 450/450/450 410/410/410 
f 410/410/410 450/450/450 409/409/409 
f 450/450/450 451/451/451 409/409/409 
f 409/409/409 451/451/451 408/408/408 
f 451/451/451 452/452/452 408/408/408 
f 408/408/408 452/452/452 407/407/407 
f 452/452/452 453/453/453 407/407/407 
f 407/407/407 453/453/453 406/406/406 
f 453/453/453 454/454/454 406/406/406 
f 406/406/406 454/454/454 405/405/405 
f 454/454/454 455/455/455 405/405/405 
f 405/405/405 455/455/455 404/404/404 
f 455/455/455 456/456/456 404/404/404 
f 404/404/404 456/456/456 403/403/403 
f 456/456/456 457/457/457 403/403/403 
f 403/403/403 457/457/457 402/402/402 
f 457/457/457 458/458/458 402/402/402 
f 402/402/402 458/458/458 401/401/401 
f 458/458/458 459/459/459 401/401/401 
f 401/401/401 459/459/459 400/400/400 
f 459/459/459 459/459/459 400/400/400 
f 400/400/400 459/459/459 399/399/399 
f 459/459/459 460/460/460 399/399/399 
f 399/399/399 460/460/460 172/172/172 
f 460/460/460 460/460/460 172/172/172 
f 172/172/172 460/460/460 171/171/171 
f 460/460/460 461/461/461 171/171/171 
f 171/171/171 461/461/461 170/170/170 
f 461/461/461 170/170/170 170/170/170 
f 170/170/170 170/170/170 461/461/461 
f 170/170/170 461/461/461 461/461/461 
f 461/461/461 461/461/461 462/462/462 
f 461/461/461 460/460/460 462/462/462 
f 462/462/462 460/460/460 462/462/462 
f 460/460/460 459/459/459 462/462/462 
f 462/462/462 459/459/459 462/462/462 
f 459/459/459 458/458/458 462/462/462 
f 462/462/462 458/458/458 463/463/463 
f 458/458/458 457/457/457 463/463/463 
f 463/463/463 457/457/457 464/464/464 
f 457/457/457 456/456/456 464/464/464 
f 464/464/464 456/456/456 465/465/465 
f 456/456/456 455/455/455 465/465/465 
f 465/465/465 455/455/455 466/466/466 
f 455/455/455 454/454/454 466/466/466 
f 466/466/466 454/454/454 467/467/467 
f 454/454/454 453/453/453 467/467/467 
f 467/467/467 453/453/453 468/468/468 
f 453/453/453 452/452/452 468/468/468 
f 468/468/468 452/452/452 469/469/469 
f 452/452/452 451/451/451 469/469/469 
f 469/469/469 451/451/451 470/470/470 
f 451/451/451 450/450/450 470/470/470 
f 470/470/470 450/450/450 471/471/471 
f 450/450/450 449/449/449 471/471/471 
f 471/471/471 449/449/449 472/472/472 
f 449/449/449 448/448/448 472/472/472 
f 472/472/472 448/448/448 473/473/473 
f 448/448/448 447/447/447 473/473/473 
f 473/473/473 447/447/447 474/474/474 
f 447/447/447 446/446/446 474/474/474 
f 474/474/474 446/446/446 475/475/475 
f 446/446/446 445/445/445 475/475/475 
f 475/475/475 445/445/445 476/476/476 
f 445/445/445 444/444/444 476/476/476 
f 476/476/476 444/444/444 477/477/477 
f 444/444/444 443/443/443 477/477/477 
f 477/477/477 443/443/443 478/478/478 
f 443/443/443 442/442/442 478/478/478 
f 478/478/478 442/442/442 479/479/479 
f 442/442/442 441/441/441 479/479/479 
f 479/479/479 441/441/441 480/480/480 
f 441/441/441 440/440/440 480/480/480 
f 480/480/480 440/440/440 481/481/481 
f 440/440/440 439/439/439 481/481/481 
f 481/481/481 439/439/439 482/482/482 
f 439/439/439 438/438/438 482/482/482 
f 482/482/482 438/438/438 483/483/483 
f 438/438/438 437/437/437 483/483/483 
f 483/483/483 437/437/437 484/484/484 
f 437/437/437 436/436/436 484/484/484 
f 484/484/484 436/436/436 485/485/485 
f 436/436/436 435/435/435 485/485/485 
f 485/485/485 435/435/435 486/486/486 
f 435/435/435 434/434/434 486/486/486 
f 486/486/486 434/434/434 487/487/487 
f 434/434/434 433/433/433 487/487/487 
f 487/487/487 433/433/433 488/488/488 
f 433/433/433 432/432/432 488/488/488 
f 488/488/488 432/432/432 489/489/489 
f 432/432/432 430/430/430 489/489/489 
f 489/489/489 430/430/430 490/490/490 
f 430/430/430 431/431/431 490/490/490 
f 490/490/490 431/431/431 490/490/490 
f 431/431/431 491/491/491 490/490/490 
f 490/490/490 491/491/491 492/492/492 
f 491/491/491 493/493/493 492/492/492 
f 492/492/492 493/493/493 493/493/493 
f 493/493/493 492/492/492 493/493/493 
f 493/493/493 492/492/492 492/492/492 
f 492/492/492 494/494/494 492/492/492 
f 492/492/492 494/494/494 490/490/490 
f 494/494/494 494/494/494 490/490/490 
f 490/490/490 494/494/494 489/489/489 
f 494/494/494 495/495/495 489/489/489 
f 489/489/489 495/495/495 488/488/488 
f 495/495/495 496/496/496 488/488/488 
f 488/488/488 496/496/496 487/487/487 
f 496/496/496 497/497/497 487/487/487 
f 487/487/487 497/497/497 486/486/486 
f 497/497/497 498/498/498 486/486/486 
f 486/486/486 498/498/498 485/485/485 
f 498/498/498 499/499/499 485/485/485 
f 485/485/485 499/499/499 484/484/484 
f 499/499/499 500/500/500 484/484/484 
f 484/484/484 500/500/500 483/483/483 
f 500/500/500 501/501/501 483/483/483 
f 483/483/483 501/501/501 482/482/482 
f 501/501/501 502/502/502 482/482/482 
f 482/482/482 502/502/502 481/481/481 
f 502/502/502 503/503/503 481/481/481 
f 481/481/481 503/503/503 480/480/480 
f 503/503/503 504/504/504 480/480/480 
f 480/480/480 504/504/504 479/479/479 
f 504/504/504 505/505/505 479/479/479 
f 479/479/479 505/505/505 478/478/478 
f 505/505/505 506/506/506 478/478/478 
f 478/478/478 506/506/506 477/477/477 
f 506/506/506 507/507/507 477/477/477 
f 477/477/477 507/507/507 476/476/476 
f 507/507/507 508/508/508 476/476/476 
f 476/476/476 508/508/508 475/475/475 
f 508/508/508 509/509/509 475/475/475 
f 475/475/475 509/509/509 474/474/474 
f 509/509/509 510/510/510 474/474/474 
f 474/474/474 510/510/510 473/473/473 
f 510/510/510 511/511/511 473/473/473 
f 473/473/473 511/511/511 472/472/472 
f 511/511/511 512/512/512 472/472/472 
f 472/472/472 512/512/512 471/471/471 
f 512/512/512 513/513/513 471/471/471 
f 471/471/471 513/513/513 470/470/470 
f 513/513/513 514/514/514 470/470/470 
f 470/470/470 514/514/514 469/469/469 
f 514/514/514 515/515/515 469/469/469 
f 469/469/469 515/515/515 468/468/468 
f 515/515/515 516/516/516 468/468/468 
f 468/468/468 516/516/516 467/467/467 
f 516/516/516 517/517/517 467/467/467 
f 467/467/467 517/517/517 466/466/466 
f 517/517/517 518/518/518 466/466/466 
f 466/466/466 518/518/518 465/465/465 
f 518/518/518 519/519/519 465/465/465 
f 465/465/465 519/519/519 464/464/464 
f 519/519/519 520/520/520 464/464/464 
f 464/464/464 520/520/520 463/463/463 
f 520/520/520 521/521/521 463/463/463 
f 463/463/463 521/521/521 462/462/462 
f 521/521/521 521/521/521 462/462/462 
f 462/462/462 521/521/521 461/461/461 
f 521/521/521 522/522/522 461/461/461 
f 461/461/461 522/522/522 170/170/170 
f 522/522/522 522/522/522 170/170/170 
f 170/170/170 522/522/522 169/169/169 
f 522/522/522 523/523/523 169/169/169 
f 169/169/169 523/523/523 168/168/168 
f 523/523/523 168/168/168 168/168/168 
f 168/168/168 168/168/168 523/523/523 
f 168/168/168 523/523/523 523/523/523 
f 523/523/523 523/523/523 524/524/524 
f 523/523/523 522/522/522 524/524/524 
f 524/524/524 522/522/522 524/524/524 
f 522/522/522 521/521/521 524/524/524 
f 524/524/524 521/521/521 524/524/524 
f 521/521/521 520/520/520 524/524/524 
f 524/524/524 520/520/520 525/525/525 
f 520/520/520 519/519/519 525/525/525 
f 525/525/525 519/519/519 526/526/526 
f 519/519/519 518/518/518 526/526/526 
f 526/526/526 518/518/518 527/527/527 
f 518/518/518 517/517/517 527/527/527 
f 527/527/527 517/517/517 528/528/528 
f 517/517/517 516/516/516 528/528/528 
f 528/528/528 516/516/516 529/529/529 
f 516/516/516 515/515/515 529/529/529 
f 529/529/529 515/515/515 530/530/530 
f 515/515/515 514/514/514 530/530/530 
f 530/530/530 514/514/514 531/531/531 
f 514/514/514 513/513/513 531/531/531 
f 531/531/531 513/513/513 532/532/532 
f 513/513/513 512/512/512 532/532/532 
f 532/532/532 512/512/512 533/533/533 
f 512/512/512 511/511/511 533/533/533 
f 533/533/533 511/511/511 534/534/534 
f 511/511/511 510/510/510 534/534/534 
f 534/534/534 510/510/510 535/535/535 
f 510/510/510 509/509/509 535/535/535 
f 535/535/535 509/509/509 536/536/536 
f 509/509/509 508/508/508 536/536/536 
f 536/536/536 508/508/508 537/537/537 
f 508/508/508 507/507/507 537/537/537 
f 537/537/537 507/507/507 538/538/538 
f 507/507/507 506/506/506 538/538/538 
f 538/538/538 506/506/506 539/539/539 
f 506/506/506 505/505/505 539/539/539 
f 539/539/539 505/505/505 540/540/540 
f 505/505/505 504/504/504 540/540/540 
f 540/540/540 504/504/504 541/541/541 
f 504/504/504 503/503/503 541/541/541 
f 541/541/541 503/503/503 542/542/542 
f 503/503/503 502/502/502 542/542/542 
f 542/542/542 502/502/502 543/543/543 
f 502/502/502 501/501/501 543/543/543 
f 543/543/543 501/501/501 544/544/544 
f 501/501/501 500/500/500 544/544/544 
f 544/544/544 500/500/500 545/545/545 
f 500/500/500 499/499/499 545/545/545 
f 545/545/545 499/499/499 546/546/546 
f 499/499/499 498/498/498 546/546/546 
f 546/546/546 498/498/498 547/547/547 
f 498/498/498 497/497/497 547/547/547 
f 547/547/547 497/497/497 548/548/548 
f 497/497/497 496/496/496 548/548/548 
f 548/548/548 496/496/496 549/549/549 
f 496/496/496 495/495/495 549/549/549 
f 549/549/549 495/495/495 550/550/550 
f 495/495/495 494/494/494 550/550/550 
f 550/550/550 494/494/494 551/551/551 
f 494/494/494 492/492/492 551/551/551 
f 551/551/551 492/492/492 552/552/552 
f 492/492/492 493/493/493 552/552/552 
f 552/552/552 493/493/493 552/552/552 
f 493/493/493 553/553/553 552/552/552 
f 552/552/552 553/553/553 554/554/554 
f 553/553/553 555/555/555 554/554/554 
f 554/554/554 555/555/555 555/555/555 
f 555/555/555 554/554/554 555/555/555 
f 555/555/555 554/554/554 554/554/554 
f 554/554/554 556/556/556 554/554/554 
f 554/554/554 556/556/556 552/552/552 
f 556/556/556 556/556/556 552/552/552 
f 552/552/552 556/556/556 551/551/551 
f 556/556/556 557/557/557 551/551/551 
f 551/551/551 557/557/557 550/550/550 
f 557/557/557 558/558/558 550/550/550 
f 550/550/550 558/558/558 549/549/549 
f 558/558/558 559/559/559 549/549/549 
f 549/549/549 559/559/559 548/548/548 
f 559/559/559 560/560/560 548/548/548 
f 548/548/548 560/560/560 547/547/547 
f 560/560/560 561/561/561 547/547/547 
f 547/547/547 561/561/561 546/546/546 
f 561/561/561 562/562/562 546/546/546 
f 546/546/546 562/562/562 545/545/545 
f 562/562/562 563/563/563 545/545/545 
f 545/545/545 563/563/563 544/544/544 
f 563/563/563 564/564/564 544/544/544 
f 544/544/544 564/564/564 543/543/543 
f 564/564/564 565/565/565 543/543/543 
f 543/543/543 565/565/565 542/542/542 
f 565/565/565 566/566/566 542/542/542 
f 542/542/542 566/566/566 541/541/541 
f 566/566/566 567/567/567 541/541/541 
f 541/541/541 567/567/567 540/540/540 
f 567/567/567 568/568/568 540/540/540 
f 540/540/540 568/568/568 539/539/539 
f 568/568/568 569/569/569 539/539/539 
f 539/539/539 569/569/569 538/538/538 
f 569/569/569 570/570/570 538/538/538 
f 538/538/538 570/570/570 537/537/537 
f 570/570/570 571/571/571 537/537/537 
f 537/537/537 571/571/571 536/536/536 
f 571/571/571 572/572/572 536/536/536 
f 536/536/536 572/572/572 535/535/535 
f 572/572/572 573/573/573 535/535/535 
f 535/535/535 573/573/573 534/534/534 
f 573/573/573 574/574/574 534/534/534 
f 534/534/534 574/574/574 533/533/533 
f 574/574/574 575/575/575 533/533/533 
f 533/533/533 575/575/575 532/532/532 
f 575/575/575 576/576/576 532/532/532 
f 532/532/532 576/576/576 531/531/531 
f 576/576/576 577/577/577 531/531/531 
f 531/531/531 577/577/577 530/530/530 
f 577/577/577 578/578/578 530/530/530 
f 530/530/530 578/578/578 529/529/529 
f 578/578/578 579/579/579 529/529/529 
f 529/529/529 579/579/579 528/528/528 
f 579/579/579 580/580/580 528/528/528 
f 528/528/528 580/580/580 527/527/527 
f 580/580/580 581/581/581 527/527/527 
f 527/527/527 581/581/581 526/526/526 
f 581/581/581 582/582/582 526/526/526 
f 526/526/526 582/582/582 525/525/525 
f 582/582/582 583/583/583 525/525/525 
f 525/525/525 583/583/583 524/524/524 
f 583/583/583 583/583/583 524/524/524 
f 524/524/524 583/583/583 523/523/523 
f 583/583/583 584/584/584 523/523/523 
f 523/523/523 584/584/584 168/168/168 
f 584/584/584 584/584/584 168/168/168 
f 168/168/168 584/584/584 167/167/167 
f 584/584/584 585/585/585 167/167/167 
f 167/167/167 585/585/585 166/166/166 
f 585/585/585 166/166/166 166/166/166 
f 166/166/166 166/166/166 585/585/585 
f 166/166/166 585/585/585 585/585/585 
f 585/585/585 585/585/585 586/586/586 
f 585/585/585 584/584/584 586/586/586 
f 586/586/586 584/584/584 586/586/586 
f 584/584/584 583/583/583 586/586/586 
f 586/586/586 583/583/583 586/586/586 
f 583/583/583 582/582/582 586/586/586 
f 586/586/586 582/582/582 587/587/587 
f 582/582/582 581/581/581 587/587/587 
f 587/587/587 581/581/581 588/588/588 
f 581/581/581 580/580/580 588/588/588 
f 588/588/588 580/580/580 589/589/589 
f 580/580/580 579/579/579 589/589/589 
f 589/589/589 579/579/579 590/590/590 
f 579/579/579 578/578/578 590/590/590 
f 590/590/590 578/578/578 591/591/591 
f 578/578/578 577/577/577 591/591/591 
f 591/591/591 577/577/577 592/592/592 
f 577/577/577 576/576/576 592/592/592 
f 592/592/592 576/576/576 593/593/593 
f 576/576/576 575/575/575 593/593/593 
f 593/593/593 575/575/575 594/594/594 
f 575/575/575 574/574/574 594/594/594 
f 594/594/594 574/574/574 595/595/595 
f 574/574/574 573/573/573 595/595/595 
f 595/595/595 573/573/573 596/596/596 
f 573/573/573 572/572/572 596/596/596 
f 596/596/596 572/572/572 597/597/597 
f 572/572/572 571/571/571 597/597/597 
f 597/597/597 571/571/571 598/598/598 
f 571/571/571 570/570/570 598/598/598 
f 598/598/598 570/570/570 599/599/599 
f 570/570/570 569/569/569 599/599/599 
f 599/599/599 569/569/569 600/600/600 
f 569/569/569 568/568/568 600/600/600 
f 600/600/600 568/568/568 601/601/601 
f 568/568/568 567/567/567 601/601/601 
f 601/601/601 567/567/567 602/602/602 
f 567/567/567 566/566/566 602/602/602 
f 602/602/602 566/566/566 603/603/603 
f 566/566/566 565/565/565 603/603/603 
f 603/603/603 565/565/565 604/604/604 
f 565/565/565 564/564/564 604/604/604 
f 604/604/604 564/564/564 605/605/605 
f 564/564/564 563/563/563 605/605/605 
f 605/605/605 563/563/563 606/606/606 
f 563/563/563 562/562/562 606/606/606 
f 606/606/606 562/562/562 607/607/607 
f 562/562/562 561/561/561 607/607/607 
f 607/607/607 561/561/561 608/608/608 
f 561/561/561 560/560/560 608/608/608 
f 608/608/608 560/560/560 609/609/609 
f 560/560/560 559/559/559 609/609/609 
f 609/609/609 559/559/559 610/610/610 
f 559/559/559 558/558/558 610/610/610 
f 610/610/610 558/558/558 611/611/611 
f 558/558/558 557/557/557 611/611/611 
f 611/611/611 557/557/557 612/612/612 
f 557/557/557 556/556/556 612/612/612 
f 612/612/612 556/556/556 613/613/613 
f 556/556/556 554/554/554 613/613/613 
f 613/613/613 554/554/554 614/614/614 
f 554/554/554 555/555/555 614/614/614 
f 614/614/614 555/555/555 614/614/614 
f 555/555/555 615/615/615 614/614/614 
f 614/614/614 615/615/615 616/616/616 
f 615/615/615 617/617/617 616/616/616 
f 616/616/616 617/617/617 617/617/617 
f 617/617/617 616/616/616 617/617/617 
f 617/617/617 616/616/616 616/616/616 
f 616/616/616 618/618/618 616/616/616 
f 616/616/616 618/618/618 614/614/614 
f 618/618/618 618/618/618 614/614/614 
f 614/614/614 618/618/618 613/613/613 
f 618/618/618 619/619/619 613/613/613 
f 613/613/613 619/619/619 612/612/612 
f 619/619/619 620/620/620 612/612/612 
f 612/612/612 620/620/620 611/611/611 
f 620/620/620 621/621/621 611/611/611 
f 611/611/611 621/621/621 610/610/610 
f 621/621/621 622/622/622 610/610/610 
f 610/610/610 622/622/622 609/609/609 
f 622/622/622 623/623/623 609/609/609 
f 609/609/609 623/623/623 608/608/608 
f 623/623/623 624/624/624 608/608/608 
f 608/608/608 624/624/624 607/607/607 
f 624/624/624 625/625/625 607/607/607 
f 607/607/607 625/625/625 606/606/606 
f 625/625/625 626/626/626 606/606/606 
f 606/606/606 626/626/626 605/605/605 
f 626/626/626 627/627/627 605/605/605 
f 605/605/605 627/627/627 604/604/604 
f 627/627/627 628/628/628 604/604/604 
f 604/604/604 628/628/628 603/603/603 
f 628/628/628 629/629/629 603/603/603 
f 603/603/603 629/629/629 602/602/602 
f 629/629/629 630/630/630 602/602/602 
f 602/602/602 630/630/630 601/601/601 
f 630/630/630 631/631/631 601/601/601 
f 601/601/601 631/631/631 600/600/600 
f 631/631/631 632/632/632 600/600/600 
f 600/600/600 632/632/632 599/599/599 
f 632/632/632 633/633/633 599/599/599 
f 599/599/599 633/633/633 598/598/598 
f 633/633/633 634/634/634 598/598/598 
f 598/598/598 634/634/634 597/597/597 
f 634/634/634 635/635/635 597/597/597 
f 597/597/597 635/635/635 596/596/596 
f 635/635/635 636/636/636 596/596/596 
f 596/596/596 636/636/636 595/595/595 
f 636/636/636 637/637/637 595/595/595 
f 595/595/595 637/637/637 594/594/594 
f 637/637/637 638/638/638 594/594/594 
f 594/594/594 638/638/638 593/593/593 
f 638/638/638 639/639/639 593/593/593 
f 593/593/593 639/639/639 592/592/592 
f 639/639/639 640/640/640 592/592/592 
f 592/592/592 640/640/640 591/591/591 
f 640/640/640 641/641/641 591/591/591 
f 591/591/591 641/641/641 590/590/590 
f 641/641/641 642/642/642 590/590/590 
f 590/590/590 642/642/642 589/589/589 
f 642/642/642 643/643/643 589/589/589 
f 589/589/589 643/643/643 588/588/588 
f 643/643/643 644/644/644 588/588/588 
f 588/588/588 644/644/644 587/587/587 
f 644/644/644 645/645/645 587/587/587 
f 587/587/587 645/645/645 586/586/586 
f 645/645/645 645/645/645 586/586/586 
f 586/586/586 645/645/645 585/585/585 
f 645/645/645 646/646/646 585/585/585 
f 585/585/585 646/646/646 166/166/166 
f 646/646/646 646/646/646 166/166/166 
f 166/166/166 646/646/646 165/165/165 
f 646/646/646 647/647/647 165/165/165 
f 165/165/165 647/647/647 164/164/164 
f 647/647/647 164/164/164 164/164/164 
f 164/164/164 164/164/164 647/647/647 
f 164/164/164 647/647/647 647/647/647 
f 647/647/647 647/647/647 648/648/648 
f 647/647/647 646/646/646 648/648/648 
f 648/648/648 646/646/646 648/648/648 
f 646/646/646 645/645/645 648/648/648 
f 648/648/648 645/645/645 648/648/648 
f 645/645/645 644/644/644 648/648/648 
f 648/648/648 644/644/644 649/649/649 
f 644/644/644 643/643/643 649/649/649 
f 649/649/649 643/643/643 650/650/650 
f 643/643/643 642/642/642 650/650/650 
f 650/650/650 642/642/642 651/651/651 
f 642/642/642 641/641/641 651/651/651 
f 651/651/651 641/641/641 652/652/652 
f 641/641/641 640/640/640 652/652/652 
f 652/652/652 640/640/640 653/653/653 
f 640/640/640 639/639/639 653/653/653 
f 653/653/653 639/639/639 654/654/654 
f 639/639/639 638/638/638 654/654/654 
f 654/654/654 638/638/638 655/655/655 
f 638/638/638 637/637/637 655/655/655 
f 655/655/655 637/637/637 656/656/656 
f 637/637/637 636/636/636 656/656/656 
f 656/656/656 636/636/636 657/657/657 
f 636/636/636 635/635/635 657/657/657 
f 657/657/657 635/635/635 658/658/658 
f 635/635/635 634/634/634 658/658/658 
f 658/658/658 634/634/634 659/659/659 
f 634/634/634 633/633/633 659/659/659 
f 659/659/659 633/633/633 660/660/660 
f 633/633/633 632/632/632 660/660/660 
f 660/660/660 632/632/632 661/661/661 
f 632/632/632 631/631/631 661/661/661 
f 661/661/661 631/631/631 662/662/662 
f 631/631/631 630/630/630 662/662/662 
f 662/662/662 630/630/630 663/663/663 
f 630/630/630 629/629/629 663/663/663 
f 663/663/663 629/629/629 664/664/664 
f 629/629/629 628/628/628 664/664/664 
f 664/664/664 628/628/628 665/665/665 
f 628/628/628 627/627/627 665/665/665 
f 665/665/665 627/627/627 666/666/666 
f 627/627/627 626/626/626 666/666/666 
f 666/666/666 626/626/626 667/667/667 
f 626/626/626 625/625/625 667/667/667 
f 667/667/667 625/625/625 668/668/668 
f 625/625/625 624/624/624 668/668/668 
f 668/668/668 624/624/624 669/669/669 
f 624/624/624 623/623/623 669/669/669 
f 669/669/669 623/623/623 670/670/670 
f 623/623/623 622/622/622 670/670/670 
f 670/670/670 622/622/622 671/671/671 
f 622/622/622 621/621/621 671/671/671 
f 671/671/671 621/621/621 672/672/672 
f 621/621/621 620/620/620 672/672/672 
f 672/672/672 620/620/620 673/673/673 
f 620/620/620 619/619/619 673/673/673 
f 673/673/673 619/619/619 674/674/674 
f 619/619/619 618/618/618 674/674/674 
f 674/674/674 618/618/618 675/675/675 
f 618/618/618 616/616/616 675/675/675 
f 675/675/675 616/616/616 676/676/676 
f 616/616/616 617/617/617 676/676/676 
f 676/676/676 617/617/617 676/676/676 
f 617/617/617 677/677/677 676/676/676 
f 676/676/676 677/677/677 678/678/678 
f 677/677/677 679/679/679 678/678/678 
f 678/678/678 679/679/679 679/679/679 
f 679/679/679 678/678/678 679/679/679 
f 679/679/679 678/678/678 678/678/678 
f 678/678/678 680/680/680 678/678/678 
f 678/678/678 680/680/680 676/676/676 
f 680/680/680 680/680/680 676/676/676 
f 676/676/676 680/680/680 675/675/675 
f 680/680/680 681/681/681 675/675/675 
f 675/675/675 681/681/681 674/674/674 
f 681/681/681 682/682/682 674/674/674 
f 674/674/674 682/682/682 673/673/673 
f 682/682/682 683/683/683 673/673/673 
f 673/673/673 683/683/683 672/672/672 
f 683/683/683 684/684/684 672/672/672 
f 672/672/672 684/684/684 671/671/671 
f 684/684/684 685/685/685 671/671/671 
f 671/671/671 685/685/685 670/670/670 
f 685/685/685 686/686/686 670/670/670 
f 670/670/670 686/686/686 669/669/669 
f 686/686/686 687/687/687 669/669/669 
f 669/669/669 687/687/687 668/668/668 
f 687/687/687 688/688/688 668/668/668 
f 668/668/668 688/688/688 667/667/667 
f 688/688/688 689/689/689 667/667/667 
f 667/667/667 689/689/689 666/666/666 
f 689/689/689 690/690/690 666/666/666 
f 666/666/666 690/690/690 665/665/665 
f 690/690/690 691/691/691 665/665/665 
f 665/665/665 691/691/691 664/664/664 
f 691/691/691 692/692/692 664/664/664 
f 664/664/664 692/692/692 663/663/663 
f 692/692/692 693/693/693 663/663/663 
f 663/663/663 693/693/693 662/662/662 
f 693/693/693 694/694/694 662/662/662 
f 662/662/662 694/694/694 661/661/661 
f 694/694/694 695/695/695 661/661/661 
f 661/661/661 695/695/695 660/660/660 
f 695/695/695 696/696/696 660/660/660 
f 660/660/660 696/696/696 659/659/659 
f 696/696/696 697/697/697 659/659/659 
f 659/659/659 697/697/697 658/658/658 
f 697/697/697 698/698/698 658/658/658 
f 658/658/658 698/698/698 657/657/657 
f 698/698/698 699/699/699 657/657/657 
f 657/657/657 699/699/699 656/656/656 
f 699/699/699 700/700/700 656/656/656 
f 656/656/656 700/700/700 655/655/655 
f 700/700/700 701/701/701 655/655/655 
f 655/655/655 701/701/701 654/654/654 
f 701/701/701 702/702/702 654/654/654 
f 654/654/654 702/702/702 653/653/653 
f 702/702/702 703/703/703 653/653/653 
f 653/653/653 703/703/703 652/652/652 
f 703/703/703 704/704/704 652/652/652 
f 652/652/652 704/704/704 651/651/651 
f 704/704/704 705/705/705 651/651/651 
f 651/651/651 705/705/705 650/650/650 
f 705/705/705 706/706/706 650/650/650 
f 650/650/650 706/706/706 649/649/649 
f 706/706/706 707/707/707 649/649/649 
f 649/649/649 707/707/707 648/648/648 
f 707/707/707 707/707/707 648/648/648 
f 648/648/648 707/707/707 647/647/647 
f 707/707/707 708/708/708 647/647/647 
f 647/647/647 708/708/708 164/164/164 
f 708/708/708 708/708/708 164/164/164 
f 164/164/164 708/708/708 163/163/163 
f 708/708/708 709/709/709 163/163/163 
f 163/163/163 709/709/709 162/162/162 
f 709/709/709 162/162/162 162/162/162 
f 162/162/162 162/162/162 709/709/709 
f 162/162/162 709/709/709 709/709/709 
f 709/709/709 709/709/709 710/710/710 
f 709/709/709 708/708/708 710/710/710 
f 710/710/710 708/708/708 710/710/710 
f 708/708/708 707/707/707 710/710/710 
f 710/710/710 707/707/707 710/710/710 
f 707/707/707 706/706/706 710/710/710 
f 710/710/710 706/706/706 711/711/711 
f 706/706/706 705/705/705 711/711/711 
f 711/711/711 705/705/705 712/712/712 
f 705/705/705 704/704/704 712/712/712 
f 712/712/712 704/704/704 713/713/713 
f 704/704/704 703/703/703 713/713/713 
f 713/713/713 703/703/703 714/714/714 
f 703/703/703 702/702/702 714/714/714 
f 714/714/714 702/702/702 715/715/715 
f 702/702/702 701/701/701 715/715/715 
f 715/715/715 701/701/701 716/716/716 
f 701/701/701 700/700/700 716/716/716 
f 716/716/716 700/700/700 717/717/717 
f 700/700/700 699/699/699 717/717/717 
f 717/717/717 699/699/699 718/718/718 
f 699/699/699 698/698/698 718/718/718 
f 718/718/718 698/698/698 719/719/719 
f 698/698/698 697/697/697 719/719/719 
f 719/719/719 697/697/697 720/720/720 
f 697/697/697 696/696/696 720/720/720 
f 720/720/720 696/696/696 721/721/721 
f 696/696/696 695/695/695 721/721/721 
f 721/721/721 695/695/695 722/722/722 
f 695/695/695 694/694/694 722/722/722 
f 722/722/722 694/694/694 723/723/723 
f 694/694/694 693/693/693 723/723/723 
f 723/723/723 693/693/693 724/724/724 
f 693/693/693 692/692/692 724/724/724 
f 724/724/724 692/692/692 725/725/725 
f 692/692/692 691/691/691 725/725/725 
f 725/725/725 691/691/691 726/726/726 
f 691/691/691 690/690/690 726/726/726 
f 726/726/726 690/690/690 727/727/727 
f 690/690/690 689/689/689 727/727/727 
f 727/727/727 689/689/689 728/728/728 
f 689/689/689 688/688/688 728/728/728 
f 728/728/728 688/688/688 729/729/729 
f 688/688/688 687/687/687 729/729/729 
f 729/729/729 687/687/687 730/730/730 
f 687/687/687 686/686/686 730/730/730 
f 730/730/730 686/686/686 731/731/731 
f 686/686/686 685/685/685 731/731/731 
f 731/731/731 685/685/685 732/732/732 
f 685/685/685 684/684/684 732/732/732 
f 732/732/732 684/684/684 733/733/733 
f 684/684/684 683/683/683 733/733/733 
f 733/733/733 683/683/683 734/734/734 
f 683/683/683 682/682/682 734/734/734 
f 734/734/734 682/682/682 735/735/735 
f 682/682/682 681/681/681 735/735/735 
f 735/735/735 681/681/681 736/736/736 
f 681/681/681 680/680/680 736/736/736 
f 736/736/736 680/680/680 737/737/737 
f 680/680/680 678/678/678 737/737/737 
f 737/737/737 678/678/678 738/738/738 
f 678/678/678 679/679/679 738/738/738 
f 738/738/738 679/679/679 738/738/738 
f 679/679/679 739/739/739 738/738/738 
f 738/738/738 739/739/739 740/740/740 
f 739/739/739 741/741/741 740/740/740 
f 740/740/740 741/741/741 741/741/741 
f 741/741/741 740/740/740 741/741/741 
f 741/741/741 740/740/740 740/740/740 
f 740/740/740 742/742/742 740/740/740 
f 740/740/740 742/742/742 738/738/738 
f 742/742/742 742/742/742 738/738/738 
f 738/738/738 742/742/742 737/737/737 
f 742/742/742 743/743/743 737/737/737 
f 737/737/737 743/743/743 736/736/736 
f 743/743/743 744/744/744 736/736/736 
f 736/736/736 744/744/744 735/735/735 
f 744/744/744 745/745/745 735/735/735 
f 735/735/735 745/745/745 734/734/734 
f 745/745/745 746/746/746 734/734/734 
f 734/734/734 746/746/746 733/733/733 
f 746/746/746 747/747/747 733/733/733 
f 733/733/733 747/747/747 732/732/732 
f 747/747/747 748/748/748 732/732/732 
f 732/732/732 748/748/748 731/731/731 
f 748/748/748 749/749/749 731/731/731 
f 731/731/731 749/749/749 730/730/730 
f 749/749/749 750/750/750 730/730/730 
f 730/730/730 750/750/750 729/729/729 
f 750/750/750 751/751/751 729/729/729 
f 729/729/729 751/751/751 728/728/728 
f 751/751/751 752/752/752 728/728/728 
f 728/728/728 752/752/752 727/727/727 
f 752/752/752 753/753/753 727/727/727 
f 727/727/727 753/753/753 726/726/726 
f 753/753/753 754/754/754 726/726/726 
f 726/726/726 754/754/754 725/725/725 
f 754/754/754 755/755/755 725/725/725 
f 725/725/725 755/755/755 724/724/724 
f 755/755/755 756/756/756 724/724/724 
f 724/724/724 756/756/756 723/723/723 
f 756/756/756 757/757/757 723/723/723 
f 723/723/723 757/757/757 722/722/722 
f 757/757/757 758/758/758 722/722/722 
f 722/722/722 758/758/758 721/721/721 
f 758/758/758 759/759/759 721/721/721 
f 721/721/721 759/759/759 720/720/720 
f 759/759/759 760/760/760 720/720/720 
f 720/720/720 760/760/760 719/719/719 
f 760/760/760 761/761/761 719/719/719 
f 719/719/719 761/761/761 718/718/718 
f 761/761/761 762/762/762 718/718/718 
f 718/718/718 762/762/762 717/717/717 
f 762/762/762 763/763/763 717/717/717 
f 717/717/717 763/763/763 716/716/716 
f 763/763/763 764/764/764 716/716/716 
f 716/716/716 764/764/764 715/715/715 
f 764/764/764 765/765/765 715/715/715 
f 715/715/715 765/765/765 714/714/714 
f 765/765/765 766/766/766 714/714/714 
f 714/714/714 766/766/766 713/713/713 
f 766/766/766 767/767/767 713/713/713 
f 713/713/713 767/767/767 712/712/712 
f 767/767/767 768/768/768 712/712/712 
f 712/712/712 768/768/768 711/711/711 
f 768/768/768 769/769/769 711/711/711 
f 711/711/711 769/769/769 710/710/710 
f 769/769/769 769/769/769 710/710/710 
f 710/710/710 769/769/769 709/709/709 
f 769/769/769 770/770/770 709/709/709 
f 709/709/709 770/770/770 162/162/162 
f 770/770/770 770/770/770 162/162/162 
f 162/162/162 770/770/770 161/161/161 
f 770/770/770 771/771/771 161/161/161 
f 161/161/161 771/771/771 160/160/160 
f 771/771/771 160/160/160 160/160/160 
f 160/160/160 160/160/160 771/771/771 
f 160/160/160 771/771/771 771/771/771 
f 771/771/771 771/771/771 772/772/772 
f 771/771/771 770/770/770 772/772/772 
f 772/772/772 770/770/770 772/772/772 
f 770/770/770 769/769/769 772/772/772 
f 772/772/772 769/769/769 772/772/772 
f 769/769/769 768/768/768 772/772/772 
f 772/772/772 768/768/768 773/773/773 
f 768/768/768 767/767/767 773/773/773 
f 773/773/773 767/767/767 774/774/774 
f 767/767/767 766/766/766 774/774/774 
f 774/774/774 766/766/766 775/775/775 
f 766/766/766 765/765/765 775/775/775 
f 775/775/775 765/765/765 776/776/776 
f 765/765/765 764/764/764 776/776/776 
f 776/776/776 764/764/764 777/777/777 
f 764/764/764 763/763/763 777/777/777 
f 777/777/777 763/763/763 778/778/778 
f 763/763/763 762/762/762 778/778/778 
f 778/778/778 762/762/762 779/779/779 
f 762/762/762 761/761/761 779/779/779 
f 779/779/779 761/761/761 780/780/780 
f 761/761/761 760/760/760 780/780/780 
f 780/780/780 760/760/760 781/781/781 
f 760/760/760 759/759/759 781/781/781 
f 781/781/781 759/759/759 782/782/782 
f 759/759/759 758/758/758 782/782/782 
f 782/782/782 758/758/758 783/783/783 
f 758/758/758 757/757/757 783/783/783 
f 783/783/783 757/757/757 784/784/784 
f 757/757/757 756/756/756 784/784/784 
f 784/784/784 756/756/756 785/785/785 
f 756/756/756 755/755/755 785/785/785 
f 785/785/785 755/755/755 786/786/786 
f 755/755/755 754/754/754 786/786/786 
f 786/786/786 754/754/754 787/787/787 
f 754/754/754 753/753/753 787/787/787 
f 787/787/787 753/753/753 788/788/788 
f 753/753/753 752/752/752 788/788/788 
f 788/788/788 752/752/752 789/789/789 
f 752/752/752 751/751/751 789/789/789 
f 789/789/789 751/751/751 790/790/790 
f 751/751/751 750/750/750 790/790/790 
f 790/790/790 750/750/750 791/791/791 
f 750/750/750 749/749/749 791/791/791 
f 791/791/791 749/749/749 792/792/792 
f 749/749/749 748/748/748 792/792/792 
f 792/792/792 748/748/748 793/793/793 
f 748/748/748 747/747/747 793/793/793 
f 793/793/793 747/747/747 794/794/794 
f 747/747/747 746/746/746 794/794/794 
f 794/794/794 746/746/746 795/795/795 
f 746/746/746 745/745/745 795/795/795 
f 795/795/795 745/745/745 796/796/796 
f 745/745/745 744/744/744 796/796/796 
f 796/796/796 744/744/744 797/797/797 
f 744/744/744 743/743/743 797/797/797 
f 797/797/797 743/743/743 798/798/798 
f 743/743/743 742/742/742 798/798/798 
f 798/798/798 742/742/742 799/799/799 
f 742/742/742 740/740/740 799/799/799 
f 799/799/799 740/740/740 800/800/800 
f 740/740/740 741/741/741 800/800/800 
f 800/800/800 741/741/741 800/800/800 
f 741/741/741 801/801/801 800/800/800 
f 800/800/800 801/801/801 802/802/802 
f 801/801/801 803/803/803 802/802/802 
f 802/802/802 803/803/803 803/803/803 
f 803/803/803 802/802/802 803/803/803 
f 803/803/803 802/802/802 802/802/802 
f 802/802/802 804/804/804 802/802/802 
f 802/802/802 804/804/804 800/800/800 
f 804/804/804 804/804/804 800/800/800 
f 800/800/800 804/804/804 799/799/799 
f 804/804/804 805/805/805 799/799/799 
f 799/799/799 805/805/805 798/798/798 
f 805/805/805 806/806/806 798/798/798 
f 798/798/798 806/806/806 797/797/797 
f 806/806/806 807/807/807 797/797/797 
f 797/797/797 807/807/807 796/796/796 
f 807/807/807 808/808/808 796/796/796 
f 796/796/796 808/808/808 795/795/795 
f 808/808/808 809/809/809 795/795/795 
f 795/795/795 809/809/809 794/794/794 
f 809/809/809 810/810/810 794/794/794 
f 794/794/794 810/810/810 793/793/793 
f 810/810/810 811/811/811 793/793/793 
f 793/793/793 811/811/811 792/792/792 
f 811/811/811 812/812/812 792/792/792 
f 792/792/792 812/812/812 791/791/791 
f 812/812/812 813/813/813 791/791/791 
f 791/791/791 813/813/813 790/790/790 
f 813/813/813 814/814/814 790/790/790 
f 790/790/790 814/814/814 789/789/789 
f 814/814/814 815/815/815 789/789/789 
f 789/789/789 815/815/815 788/788/788 
f 815/815/815 816/816/816 788/788/788 
f 788/788/788 816/816/816 787/787/787 
f 816/816/816 817/817/817 787/787/787 
f 787/787/787 817/817/817 786/786/786 
f 817/817/817 818/818/818 786/786/786 
f 786/786/786 818/818/818 785/785/785 
f 818/818/818 819/819/819 785/785/785 
f 785/785/785 819/819/819 784/784/784 
f 819/819/819 820/820/820 784/784/784 
f 784/784/784 820/820/820 783/783/783 
f 820/820/820 821/821/821 783/783/783 
f 783/783/783 821/821/821 782/782/782 
f 821/821/821 822/822/822 782/782/782 
f 782/782/782 822/822/822 781/781/781 
f 822/822/822 823/823/823 781/781/781 
f 781/781/781 823/823/823 780/780/780 
f 823/823/823 824/824/824 780/780/780 
f 780/780/780 824/824/824 779/779/779 
f 824/824/824 825/825/825 779/779/779 
f 779/779/779 825/825/825 778/778/778 
f 825/825/825 826/826/826 778/778/778 
f 778/778/778 826/826/826 777/777/777 
f 826/826/826 827/827/827 777/777/777 
f 777/777/777 827/827/827 776/776/776 
f 827/827/827 828/828/828 776/776/776 
f 776/776/776 828/828/828 775/775/775 
f 828/828/828 829/829/829 775/775/775 
f 775/775/775 829/829/829 774/774/774 
f 829/829/829 830/830/830 774/774/774 
f 774/774/774 830/830/830 773/773/773 
f 830/830/830 831/831/831 773/773/773 
f 773/773/773 831/831/831 772/772/772 
f 831/831/831 831/831/831 772/772/772 
f 772/772/772 831/831/831 771/771/771 
f 831/831/831 832/832/832 771/771/771 
f 771/771/771 832/832/832 160/160/160 
f 832/832/832 832/832/832 160/160/160 
f 160/160/160 832/832/832 159/159/159 
f 832/832/832 833/833/833 159/159/159 
f 159/159/159 833/833/833 158/158/158 
f 833/833/833 158/158/158 158/158/158 
f 158/158/158 158/158/158 833/833/833 
f 158/158/158 833/833/833 833/833/833 
f 833/833/833 833/833/833 834/834/834 
f 833/833/833 832/832/832 834/834/834 
f 834/834/834 832/832/832 834/834/834 
f 832/832/832 831/831/831 834/834/834 
f 834/834/834 831/831/831 834/834/834 
f 831/831/831 830/830/830 834/834/834 
f 834/834/834 830/830/830 835/835/835 
f 830/830/830 829/829/829 835/835/835 
f 835/835/835 829/829/829 836/836/836 
f 829/829/829 828/828/828 836/836/836 
f 836/836/836 828/828/828 837/837/837 
f 828/828/828 827/827/827 837/837/837 
f 837/837/837 827/827/827 838/838/838 
f 827/827/827 826/826/826 838/838/838 
f 838/838/838 826/826/826 839/839/839 
f 826/826/826 825/825/825 839/839/839 
f 839/839/839 825/825/825 840/840/840 
f 825/825/825 824/824/824 840/840/840 
f 840/840/840 824/824/824 841/841/841 
f 824/824/824 823/823/823 841/841/841 
f 841/841/841 823/823/823 842/842/842 
f 823/823/823 822/822/822 842/842/842 
f 842/842/842 822/822/822 843/843/843 
f 822/822/822 821/821/821 843/843/843 
f 843/843/843 821/821/821 844/844/844 
f 821/821/821 820/820/820 844/844/844 
f 844/844/844 820/820/820 845/845/845 
f 820/820/820 819/819/819 845/845/845 
f 845/845/845 819/819/819 846/846/846 
f 819/819/819 818/818/818 846/846/846 
f 846/846/846 818/818/818 847/847/847 
f 818/818/818 817/817/817 847/847/847 
f 847/847/847 817/817/817 848/848/848 
f 817/817/817 816/816/816 848/848/848 
f 848/848/848 816/816/816 849/849/849 
f 816/816/816 815/815/815 849/849/849 
f 849/849/849 815/815/815 850/850/850 
f 815/815/815 814/814/814 850/850/850 
f 850/850/850 814/814/814 851/851/851 
f 814/814/814 813/813/813 851/851/851 
f 851/851/851 813/813/813 852/852/852 
f 813/813/813 812/812/812 852/852/852 
f 852/852/852 812/812/812 853/853/853 
f 812/812/812 811/811/811 853/853/853 
f 853/853/853 811/811/811 854/854/854 
f 811/811/811 810/810/810 854/854/854 
f 854/854/854 810/810/810 855/855/855 
f 810/810/810 809/809/809 855/855/855 
f 855/855/855 809/809/809 856/856/856 
f 809/809/809 808/808/808 856/856/856 
f 856/856/856 808/808/808 857/857/857 
f 808/808/808 807/807/807 857/857/857 
f 857/857/857 807/807/807 858/858/858 
f 807/807/807 806/806/806 858/858/858 
f 858/858/858 806/806/806 859/859/859 
f 806/806/806 805/805/805 859/859/859 
f 859/859/859 805/805/805 860/860/860 
f 805/805/805 804/804/804 860/860/860 
f 860/860/860 804/804/804 861/861/861 
f 804/804/804 802/802/802 861/861/861 
f 861/861/861 802/802/802 862/862/862 
f 802/802/802 803/803/803 862/862/862 
f 862/862/862 803/803/803 862/862/862 
f 803/803/803 863/863/863 862/862/862 
f 862/862/862 863/863/863 864/864/864 
f 863/863/863 865/865/865 864/864/864 
f 864/864/864 865/865/865 865/865/865 
f 865/865/865 864/864/864 865/865/865 
f 865/865/865 864/864/864 864/864/864 
f 864/864/864 866/866/866 864/864/864 
f 864/864/864 866/866/866 862/862/862 
f 866/866/866 866/866/866 862/862/862 
f 862/862/862 866/866/866 861/861/861 
f 866/866/866 867/867/867 861/861/861 
f 861/861/861 867/867/867 860/860/860 
f 867/867/867 868/868/868 860/860/860 
f 860/860/860 868/868/868 859/859/859 
f 868/868/868 869/869/869 859/859/859 
f 859/859/859 869/869/869 858/858/858 
f 869/869/869 870/870/870 858/858/858 
f 858/858/858 870/870/870 857/857/857 
f 870/870/870 871/871/871 857/857/857 
f 857/857/857 871/871/871 856/856/856 
f 871/871/871 872/872/872 856/856/856 
f 856/856/856 872/872/872 855/855/855 
f 872/872/872 873/873/873 855/855/855 
f 855/855/855 873/873/873 854/854/854 
f 873/873/873 874/874/874 854/854/854 
f 854/854/854 874/874/874 853/853/853 
f 874/874/874 875/875/875 853/853/853 
f 853/853/853 875/875/875 852/852/852 
f 875/875/875 876/876/876 852/852/852 
f 852/852/852 876/876/876 851/851/851 
f 876/876/876 877/877/877 851/851/851 
f 851/851/851 877/877/877 850/850/850 
f 877/877/877 878/878/878 850/850/850 
f 850/850/850 878/878/878 849/849/849 
f 878/878/878 879/879/879 849/849/849 
f 849/849/849 879/879/879 848/848/848 
f 879/879/879 880/880/880 848/848/848 
f 848/848/848 880/880/880 847/847/847 
f 880/880/880 881/881/881 847/847/847 
f 847/847/847 881/881/881 846/846/846 
f 881/881/881 882/882/882 846/846/846 
f 846/846/846 882/882/882 845/845/845 
f 882/882/882 883/883/883 845/845/845 
f 845/845/845 883/883/883 844/844/844 
f 883/883/883 884/884/884 844/844/844 
f 844/844/844 884/884/884 843/843/843 
f 884/884/884 885/885/885 843/843/843 
f 843/843/843 885/885/885 842/842/842 
f 885/885/885 886/886/886 842/842/842 
f 842/842/842 886/886/886 841/841/841 
f 886/886/886 887/887/887 841/841/841 
f 841/841/841 887/887/887 840/840/840 
f 887/887/887 888/888/888 840/840/840 
f 840/840/840 888/888/888 839/839/839 
f 888/888/888 889/889/889 839/839/839 
f 839/839/839 889/889/889 838/838/838 
f 889/889/889 890/890/890 838/838/838 
f 838/838/838 890/890/890 837/837/837 
f 890/890/890 891/891/891 837/837/837 
f 837/837/837 891/891/891 836/836/836 
f 891/891/891 892/892/892 836/836/836 
f 836/836/836 892/892/892 835/835/835 
f 892/892/892 893/893/893 835/835/835 
f 835/835/835 893/893/893 834/834/834 
f 893/893/893 893/893/893 834/834/834 
f 834/834/834 893/893/893 833/833/833 
f 893/893/893 894/894/894 833/833/833 
f 833/833/833 894/894/894 158/158/158 
f 894/894/894 894/894/894 158/158/158 
f 158/158/158 894/894/894 157/157/157 
f 894/894/894 895/895/895 157/157/157 
f 157/157/157 895/895/895 156/156/156 
f 895/895/895 156/156/156 156/156/156 
f 156/156/156 156/156/156 895/895/895 
f 156/156/156 895/895/895 895/895/895 
f 895/895/895 895/895/895 896/896/896 
f 895/895/895 894/894/894 896/896/896 
f 896/896/896 894/894/894 896/896/896 
f 894/894/894 893/893/893 896/896/896 
f 896/896/896 893/893/893 896/896/896 
f 893/893/893 892/892/892 896/896/896 
f 896/896/896 892/892/892 897/897/897 
f 892/892/892 891/891/891 897/897/897 
f 897/897/897 891/891/891 898/898/898 
f 891/891/891 890/890/890 898/898/898 
f 898/898/898 890/890/890 899/899/899 
f 890/890/890 889/889/889 899/899/899 
f 899/899/899 889/889/889 900/900/900 
f 889/889/889 888/888/888 900/900/900 
f 900/900/900 888/888/888 901/901/901 
f 888/888/888 887/887/887 901/901/901 
f 901/901/901 887/887/887 902/902/902 
f 887/887/887 886/886/886 902/902/902 
f 902/902/902 886/886/886 903/903/903 
f 886/886/886 885/885/885 903/903/903 
f 903/903/903 885/885/885 904/904/904 
f 885/885/885 884/884/884 904/904/904 
f 904/904/904 884/884/884 905/905/905 
f 884/884/884 883/883/883 905/905/905 
f 905/905/905 883/883/883 906/906/906 
f 883/883/883 882/882/882 906/906/906 
f 906/906/906 882/882/882 907/907/907 
f 882/882/882 881/881/881 907/907/907 
f 907/907/907 881/881/881 908/908/908 
f 881/881/881 880/880/880 908/908/908 
f 908/908/908 880/880/880 909/909/909 
f 880/880/880 879/879/879 909/909/909 
f 909/909/909 879/879/879 910/910/910 
f 879/879/879 878/878/878 910/910/910 
f 910/910/910 878/878/878 911/911/911 
f 878/878/878 877/877/877 911/911/911 
f 911/911/911 877/877/877 912/912/912 
f 877/877/877 876/876/876 912/912/912 
f 912/912/912 876/876/876 913/913/913 
f 876/876/876 875/875/875 913/913/913 
f 913/913/913 875/875/875 914/914/914 
f 875/875/875 874/874/874 914/914/914 
f 914/914/914 874/874/874 915/915/915 
f 874/874/874 873/873/873 915/915/915 
f 915/915/915 873/873/873 916/916/916 
f 873/873/873 872/872/872 916/916/916 
f 916/916/916 872/872/872 917/917/917 
f 872/872/872 871/871/871 917/917/917 
f 917/917/917 871/871/871 918/918/918 
f 871/871/871 870/870/870 918/918/918 
f 918/918/918 870/870/870 919/919/919 
f 870/870/870 869/869/869 919/919/919 
f 919/919/919 869/869/869 920/920/920 
f 869/869/869 868/868/868 920/920/920 
f 920/920/920 868/868/868 921/921/921 
f 868/868/868 867/867/867 921/921/921 
f 921/921/921 867/867/867 922/922/922 
f 867/867/867 866/866/866 922/922/922 
f 922/922/922 866/866/866 923/923/923 
f 866/866/866 864/864/864 923/923/923 
f 923/923/923 864/864/864 924/924/924 
f 864/864/864 865/865/865 924/924/924 
f 924/924/924 865/865/865 924/924/924 
f 865/865/865 925/925/925 924/924/924 
f 924/924/924 925/925/925 926/926/926 
f 925/925/925 927/927/927 926/926/926 
f 926/926/926 927/927/927 927/927/927 
f 927/927/927 926/926/926 927/927/927 
f 927/927/927 926/926/926 926/926/926 
f 926/926/926 928/928/928 926/926/926 
f 926/926/926 928/928/928 924/924/924 
f 928/928/928 928/928/928 924/924/924 
f 924/924/924 928/928/928 923/923/923 
f 928/928/928 929/929/929 923/923/923 
f 923/923/923 929/929/929 922/922/922 
f 929/929/929 930/930/930 922/922/922 
f 922/922/922 930/930/930 921/921/921 
f 930/930/930 931/931/931 921/921/921 
f 921/921/921 931/931/931 920/920/920 
f 931/931/931 932/932/932 920/920/920 
f 920/920/920 932/932/932 919/919/919 
f 932/932/932 933/933/933 919/919/919 
f 919/919/919 933/933/933 918/918/918 
f 933/933/933 934/934/934 918/918/918 
f 918/918/918 934/934/934 917/917/917 
f 934/934/934 935/935/935 917/917/917 
f 917/917/917 935/935/935 916/916/916 
f 935/935/935 936/936/936 916/916/916 
f 916/916/916 936/936/936 915/915/915 
f 936/936/936 937/937/937 915/915/915 
f 915/915/915 937/937/937 914/914/914 
f 937/937/937 938/938/938 914/914/914 
f 914/914/914 938/938/938 913/913/913 
f 938/938/938 939/939/939 913/913/913 
f 913/913/913 939/939/939 912/912/912 
f 939/939/939 940/940/940 912/912/912 
f 912/912/912 940/940/940 911/911/911 
f 940/940/940 941/941/941 911/911/911 
f 911/911/911 941/941/941 910/910/910 
f 941/941/941 942/942/942 910/910/910 
f 910/910/910 942/942/942 909/909/909 
f 942/942/942 943/943/943 909/909/909 
f 909/909/909 943/943/943 908/908/908 
f 943/943/943 944/944/944 908/908/908 
f 908/908/908 944/944/944 907/907/907 
f 944/944/944 945/945/945 907/907/907 
f 907/907/907 945/945/945 906/906/906 
f 945/945/945 946/946/946 906/906/906 
f 906/906/906 946/946/946 905/905/905 
f 946/946/946 947/947/947 905/905/905 
f 905/905/905 947/947/947 904/904/904 
f 947/947/947 948/948/948 904/904/904 
f 904/904/904 948/948/948 903/903/903 
f 948/948/948 949/949/949 903/903/903 
f 903/903/903 949/949/949 902/902/902 
f 949/949/949 950/950/950 902/902/902 
f 902/902/902 950/950/950 901/901/901 
f 950/950/950 951/951/951 901/901/901 
f 901/901/901 951/951/951 900/900/900 
f 951/951/951 952/952/952 900/900/900 
f 900/900/900 952/952/952 899/899/899 
f 952/952/952 953/953/953 899/899/899 
f 899/899/899 953/953/953 898/898/898 
f 953/953/953 954/954/954 898/898/898 
f 898/898/898 954/954/954 897/897/897 
f 954/954/954 955/955/955 897/897/897 
f 897/897/897 955/955/955 896/896/896 
f 955/955/955 955/955/955 896/896/896 
f 896/896/896 955/955/955 895/895/895 
f 955/955/955 956/956/956 895/895/895 
f 895/895/895 956/956/956 156/156/156 
f 956/956/956 156/156/156 156/156/156 
f 156/156/156 156/156/156 956/956/956 
f 156/156/156 956/956/956 956/956/956 
f 956/956/956 956/956/956 957/957/957 
f 956/956/956 955/955/955 957/957/957 
f 957/957/957 955/955/955 957/957/957 
f 955/955/955 954/954/954 957/957/957 
f 957/957/957 954/954/954 958/958/958 
f 954/954/954 953/953/953 958/958/958 
f 958/958/958 953/953/953 959/959/959 
f 953/953/953 952/952/952 959/959/959 
f 959/959/959 952/952/952 960/960/960 
f 952/952/952 951/951/951 960/960/960 
f 960/960/960 951/951/951 961/961/961 
f 951/951/951 950/950/950 961/961/961 
f 961/961/961 950/950/950 962/962/962 
f 950/950/950 949/949/949 962/962/962 
f 962/962/962 949/949/949 963/963/963 
f 949/949/949 948/948/948 963/963/963 
f 963/963/963 948/948/948 964/964/964 
f 948/948/948 947/947/947 964/964/964 
f 964/964/964 947/947/947 965/965/965 
f 947/947/947 946/946/946 965/965/965 
f 965/965/965 946/946/946 966/966/966 
f 946/946/946 945/945/945 966/966/966 
f 966/966/966 945/945/945 967/967/967 
f 945/945/945 944/944/944 967/967/967 
f 967/967/967 944/944/944 968/968/968 
f 944/944/944 943/943/943 968/968/968 
f 968/968/968 943/943/943 969/969/969 
f 943/943/943 942/942/942 969/969/969 
f 969/969/969 942/942/942 970/970/970 
f 942/942/942 941/941/941 970/970/970 
f 970/970/970 941/941/941 971/971/971 
f 941/941/941 940/940/940 971/971/971 
f 971/971/971 940/940/940 972/972/972 
f 940/940/940 939/939/939 972/972/972 
f 972/972/972 939/939/939 973/973/973 
f 939/939/939 938/938/938 973/973/973 
f 973/973/973 938/938/938 974/974/974 
f 938/938/938 937/937/937 974/974/974 
f 974/974/974 937/937/937 975/975/975 
f 937/937/937 936/936/936 975/975/975 
f 975/975/975 936/936/936 976/976/976 
f 936/936/936 935/935/935 976/976/976 
f 976/976/976 935/935/935 977/977/977 
f 935/935/935 934/934/934 977/977/977 
f 977/977/977 934/934/934 978/978/978 
f 934/934/934 933/933/933 978/978/978 
f 978/978/978 933/933/933 979/979/979 
f 933/933/933 932/932/932 979/979/979 
f 979/979/979 932/932/932 980/980/980 
f 932/932/932 931/931/931 980/980/980 
f 980/980/980 931/931/931 981/981/981 
f 931/931/931 930/930/930 981/981/981 
f 981/981/981 930/930/930 982/982/982 
f 930/930/930 929/929/929 982/982/982 
f 982/982/982 929/929/929 983/983/983 
f 929/929/929 928/928/928 983/983/983 
f 983/983/983 928/928/928 984/984/984 
f 928/928/928 926/926/926 984/984/984 
f 984/984/984 926/926/926 985/985/985 
f 926/926/926 927/927/927 985/985/985 
f 985/985/985 927/927/927 985/985/985 
f 927/927/927 986/986/986 985/985/985 
f 985/985/985 986/986/986 987/987/987 
f 986/986/986 988/988/988 987/987/987 
f 987/987/987 988/988/988 988/988/988 
f 988/988/988 987/987/987 988/988/988 
f 988/988/988 987/987/987 987/987/987 
f 987/987/987 989/989/989 987/987/987 
f 987/987/987 989/989/989 985/985/985 
f 989/989/989 989/989/989 985/985/985 
f 985/985/985 989/989/989 984/984/984 
f 989/989/989 990/990/990 984/984/984 
f 984/984/984 990/990/990 983/983/983 
f 990/990/990 991/991/991 983/983/983 
f 983/983/983 991/991/991 982/982/982 
f 991/991/991 992/992/992 982/982/982 
f 982/982/982 992/992/992 981/981/981 
f 992/992/992 993/993/993 981/981/981 
f 981/981/981 993/993/993 980/980/980 
f 993/993/993 994/994/994 980/980/980 
f 980/980/980 994/994/994 979/979/979 
f 994/994/994 995/995/995 979/979/979 
f 979/979/979 995/995/995 978/978/978 
f 995/995/995 996/996/996 978/978/978 
f 978/978/978 996/996/996 977/977/977 
f 996/996/996 997/997/997 977/977/977 
f 977/977/977 997/997/997 976/976/976 
f 997/997/997 998/998/998 976/976/976 
f 976/976/976 998/998/998 975/975/975 
f 998/998/998 999/999/999 975/975/975 
f 975/975/975 999/999/999 974/974/974 
f 999/999/999 1000/1000/1000 974/974/974 
f 974/974/974 1000/1000/1000 973/973/973 
f 1000/1000/1000 1001/1001/1001 973/973/973 
f 973/973/973 1001/1001/1001 972/972/972 
f 1001/1001/1001 1002/1002/1002 972/972/972 
f 972/972/972 1002/1002/1002 971/971/971 
f 1002/1002/1002 1003/1003/1003 971/971/971 
f 971/971/971 1003/1003/1003 970/970/970 
f 1003/1003/1003 1004/1004/1004 970/970/970 
f 970/970/970 1004/1004/1004 969/969/969 
f 1004/1004/1004 1005/1005/1005 969/969/969 
f 969/969/969 1005/1005/1005 968/968/968 
f 1005/1005/1005 1006/1006/1006 968/968/968 
f 968/968/968 1006/1006/1006 967/967/967 
f 1006/1006/1006 1007/1007/1007 967/967/967 
f 967/967/967 1007/1007/1007 966/966/966 
f 1007/1007/1007 1008/1008/1008 966/966/966 
f 966/966/966 1008/1008/1008 965/965/965 
f 1008/1008/1008 1009/1009/1009 965/965/965 
f 965/965/965 1009/1009/1009 964/964/964 
f 1009/1009/1009 1010/1010/1010 964/964/964 
f 964/964/964 1010/1010/1010 963/963/963 
f 1010/1010/1010 1011/1011/1011 963/963/963 
f 963/963/963 1011/1011/1011 962/962/962 
f 1011/1011/1011 1012/1012/1012 962/962/962 
f 962/962/962 1012/1012/1012 961/961/961 
f 1012/1012/1012 1013/1013/1013 961/961/961 
f 961/961/961 1013/1013/1013 960/960/960 
f 1013/1013/1013 1014/1014/1014 960/960/960 
f 960/960/960 1014/1014/1014 959/959/959 
f 1014/1014/1014 1015/1015/1015 959/959/959 
f 959/959/959 1015/1015/1015 958/958/958 
f 1015/1015/1015 1016/1016/1016 958/958/958 
f 958/958/958 1016/1016/1016 957/957/957 
f 1016/1016/1016 1017/1017/1017 957/957/957 
f 957/957/957 1017/1017/1017 956/956/956 
f 1017/1017/1017 1018/1018/1018 956/956/956 
f 956/956/956 1018/1018/1018 156/156/156 
f 1018/1018/1018 1018/1018/1018 156/156/156 
f 156/156/156 1018/1018/1018 155/155/155 
f 1018/1018/1018 1019/1019/1019 155/155/155 
f 155/155/155 1019/1019/1019 154/154/154 
f 1019/1019/1019 1020/1020/1020 154/154/154 
f 154/154/154 1020/1020/1020 153/153/153 
f 1020/1020/1020 1020/1020/1020 153/153/153 
f 153/153/153 1020/1020/1020 152/152/152 
f 1020/1020/1020 1021/1021/1021 152/152/152 
f 152/152/152 1021/1021/1021 151/151/151 
f 1021/1021/1021 1022/1022/1022 151/151/151 
f 151/151/151 1022/1022/1022 148/148/148 
f 1022/1022/1022 1023/1023/1023 148/148/148 
f 148/148/148 1023/1023/1023 149/149/149 
f 1023/1023/1023 1023/1023/1023 149/149/149 
f 149/149/149 1023/1023/1023 1024/1024/1024 
f 1023/1023/1023 1025/1025/1025 1024/1024/1024 
f 1024/1024/1024 1025/1025/1025 1026/1026/1026 
f 1025/1025/1025 1026/1026/1026 1026/1026/1026 
f 1026/1026/1026 1026/1026/1026 1025/1025/1025 
f 1026/1026/1026 1025/1025/1025 1025/1025/1025 
f 1025/1025/1025 1025/1025/1025 1027/1027/1027 
f 1025/1025/1025 1023/1023/1023 1027/1027/1027 
f 1027/1027/1027 1023/1023/1023 1027/1027/1027 
f 1023/1023/1023 1022/1022/1022 1027/1027/1027 
f 1027/1027/1027 1022/1022/1022 1028/1028/1028 
f 1022/1022/1022 1021/1021/1021 1028/1028/1028 
f 1028/1028/1028 1021/1021/1021 1029/1029/1029 
f 1021/1021/1021 1020/1020/1020 1029/1029/1029 
f 1029/1029/1029 1020/1020/1020 1029/1029/1029 
f 1020/1020/1020 1019/1019/1019 1029/1029/1029 
f 1029/1029/1029 1019/1019/1019 1030/1030/1030 
f 1019/1019/1019 1018/1018/1018 1030/1030/1030 
f 1030/1030/1030 1018/1018/1018 1030/1030/1030 
f 1018/1018/1018 1017/1017/1017 1030/1030/1030 
f 1030/1030/1030 1017/1017/1017 1031/1031/1031 
f 1017/1017/1017 1016/1016/1016 1031/1031/1031 
f 1031/1031/1031 1016/1016/1016 1032/1032/1032 
f 1016/1016/1016 1015/1015/1015 1032/1032/1032 
f 1032/1032/1032 1015/1015/1015 1033/1033/1033 
f 1015/1015/1015 1014/1014/1014 1033/1033/1033 
f 1033/1033/1033 1014/1014/1014 1034/1034/1034 
f 1014/1014/1014 1013/1013/1013 1034/1034/1034 
f 1034/1034/1034 1013/1013/1013 1035/1035/1035 
f 1013/1013/1013 1012/1012/1012 1035/1035/1035 
f 1035/1035/1035 1012/1012/1012 1036/1036/1036 
f 1012/1012/1012 1011/1011/1011 1036/1036/1036 
f 1036/1036/1036 1011/1011/1011 1037/1037/1037 
f 1011/1011/1011 1010/1010/1010 1037/1037/1037 
f 1037/1037/1037 1010/1010/1010 1038/1038/1038 
f 1010/1010/1010 1009/1009/1009 1038/1038/1038 
f 1038/1038/1038 1009/1009/1009 1039/1039/1039 
f 1009/1009/1009 1008/1008/1008 1039/1039/1039 
f 1039/1039/1039 1008/1008/1008 1040/1040/1040 
f 1008/1008/1008 1007/1007/1007 1040/1040/1040 
f 1040/1040/1040 1007/1007/1007 1041/1041/1041 
f 1007/1007/1007 1006/1006/1006 1041/1041/1041 
f 1041/1041/1041 1006/1006/1006 1042/1042/1042 
f 1006/1006/1006 1005/1005/1005 1042/1042/1042 
f 1042/1042/1042 1005/1005/1005 1043/1043/1043 
f 1005/1005/1005 1004/1004/1004 1043/1043/1043 
f 1043/1043/1043 1004/1004/1004 1044/1044/1044 
f 1004/1004/1004 1003/1003/1003 1044/1044/1044 
f 1044/1044/1044 1003/1003/1003 1045/1045/1045 
f 1003/1003/1003 1002/1002/1002 1045/1045/1045 
f 1045/1045/1045 1002/1002/1002 1046/1046/1046 
f 1002/1002/1002 1001/1001/1001 1046/1046/1046 
f 1046/1046/1046 1001/1001/1001 1047/1047/1047 
f 1001/1001/1001 1000/1000/1000 1047/1047/1047 
f 1047/1047/1047 1000/1000/1000 1048/1048/1048 
f 1000/1000/1000 999/999/999 1048/1048/1048 
f 1048/1048/1048 999/999/999 1049/1049/1049 
f 999/999/999 998/998/998 1049/1049/1049 
f 1049/1049/1049 998/998/998 1050/1050/1050 
f 998/998/998 997/997/997 1050/1050/1050 
f 1050/1050/1050 997/997/997 1051/1051/1051 
f 997/997/997 996/996/996 1051/1051/1051 
f 1051/1051/1051 996/996/996 1052/1052/1052 
f 996/996/996 995/995/995 1052/1052/1052 
f 1052/1052/1052 995/995/995 1053/1053/1053 
f 995/995/995 994/994/994 1053/1053/1053 
f 1053/1053/1053 994/994/994 1054/1054/1054 
f 994/994/994 993/993/993 1054/1054/1054 
f 1054/1054/1054 993/993/993 1055/1055/1055 
f 993/993/993 992/992/992 1055/1055/1055 
f 1055/1055/1055 992/992/992 1056/1056/1056 
f 992/992/992 991/991/991 1056/1056/1056 
f 1056/1056/1056 991/991/991 1057/1057/1057 
f 991/991/991 990/990/990 1057/1057/1057 
f 1057/1057/1057 990/990/990 1058/1058/1058 
f 990/990/990 989/989/989 1058/1058/1058 
f 1058/1058/1058 989/989/989 1059/1059/1059 
f 989/989/989 987/987/987 1059/1059/1059 
f 1059/1059/1059 987/987/987 1060/1060/1060 
f 987/987/987 988/988/988 1060/1060/1060 
f 1060/1060/1060 988/988/988 1060/1060/1060 
f 988/988/988 1061/1061/1061 1060/1060/1060 
f 1060/1060/1060 1061/1061/1061 1062/1062/1062 
f 1061/1061/1061 1063/1063/1063 1062/1062/1062 
f 1062/1062/1062 1063/1063/1063 1063/1063/1063 
f 1063/1063/1063 1062/1062/1062 1063/1063/1063 
f 1063/1063/1063 1062/1062/1062 1062/1062/1062 
f 1062/1062/1062 1064/1064/1064 1062/1062/1062 
f 1062/1062/1062 1064/1064/1064 1060/1060/1060 
f 1064/1064/1064 1064/1064/1064 1060/1060/1060 
f 1060/1060/1060 1064/1064/1064 1059/1059/1059 
f 1064/1064/1064 1065/1065/1065 1059/1059/1059 
f 1059/1059/1059 1065/1065/1065 1058/1058/1058 
f 1065/1065/1065 1066/1066/1066 1058/1058/1058 
f 1058/1058/1058 1066/1066/1066 1057/1057/1057 
f 1066/1066/1066 1067/1067/1067 1057/1057/1057 
f 1057/1057/1057 1067/1067/1067 1056/1056/1056 
f 1067/1067/1067 1068/1068/1068 1056/1056/1056 
f 1056/1056/1056 1068/1068/1068 1055/1055/1055 
f 1068/1068/1068 1069/1069/1069 1055/1055/1055 
f 1055/1055/1055 1069/1069/1069 1054/1054/1054 
f 1069/1069/1069 1070/1070/1070 1054/1054/1054 
f 1054/1054/1054 1070/1070/1070 1053/1053/1053 
f 1070/1070/1070 1071/1071/1071 1053/1053/1053 
f 1053/1053/1053 1071/1071/1071 1052/1052/1052 
f 1071/1071/1071 1072/1072/1072 1052/1052/1052 
f 1052/1052/1052 1072/1072/1072 1051/1051/1051 
f 1072/1072/1072 1073/1073/1073 1051/1051/1051 
f 1051/1051/1051 1073/1073/1073 1050/1050/1050 
f 1073/1073/1073 1074/1074/1074 1050/1050/1050 
f 1050/1050/1050 1074/1074/1074 1049/1049/1049 
f 1074/1074/1074 1075/1075/1075 1049/1049/1049 
f 1049/1049/1049 1075/1075/1075 1048/1048/1048 
f 1075/1075/1075 1076/1076/1076 1048/1048/1048 
f 1048/1048/1048 1076/1076/1076 1047/1047/1047 
f 1076/1076/1076 1077/1077/1077 1047/1047/1047 
f 1047/1047/1047 1077/1077/1077 1046/1046/1046 
f 1077/1077/1077 1078/1078/1078 1046/1046/1046 
f 1046/1046/1046 1078/1078/1078 1045/1045/1045 
f 1078/1078/1078 1079/1079/1079 1045/1045/1045 
f 1045/1045/1045 1079/1079/1079 1044/1044/1044 
f 1079/1079/1079 1080/1080/1080 1044/1044/1044 
f 1044/1044/1044 1080/1080/1080 1043/1043/1043 
f 1080/1080/1080 1081/1081/1081 1043/1043/1043 
f 1043/1043/1043 1081/1081/1081 1042/1042/1042 
f 1081/1081/1081 1082/1082/1082 1042/1042/1042 
f 1042/1042/1042 1082/1082/1082 1041/1041/1041 
f 1082/1082/1082 1083/1083/1083 1041/1041/1041 
f 1041/1041/1041 1083/1083/1083 1040/1040/1040 
f 1083/1083/1083 1084/1084/1084 1040/1040/1040 
f 1040/1040/1040 1084/1084/1084 1039/1039/1039 
f 1084/1084/1084 1085/1085/1085 1039/1039/1039 
f 1039/1039/1039 1085/1085/1085 1038/1038/1038 
f 1085/1085/1085 1086/1086/1086 1038/1038/1038 
f 1038/1038/1038 1086/1086/1086 1037/1037/1037 
f 1086/1086/1086 1087/1087/1087 1037/1037/1037 
f 1037/1037/1037 1087/1087/1087 1036/1036/1036 
f 1087/1087/1087 1088/1088/1088 1036/1036/1036 
f 1036/1036/1036 1088/1088/1088 1035/1035/1035 
f 1088/1088/1088 1089/1089/1089 1035/1035/1035 
f 1035/1035/1035 1089/1089/1089 1034/1034/1034 
f 1089/1089/1089 1090/1090/1090 1034/1034/1034 
f 1034/1034/1034 1090/1090/1090 1033/1033/1033 
f 1090/1090/1090 1091/1091/1091 1033/1033/1033 
f 1033/1033/1033 1091/1091/1091 1032/1032/1032 
f 1091/1091/1091 1092/1092/1092 1032/1032/1032 
f 1032/1032/1032 1092/1092/1092 1031/1031/1031 
f 1092/1092/1092 1093/1093/1093 1031/1031/1031 
f 1031/1031/1031 1093/1093/1093 1030/1030/1030 
f 1093/1093/1093 1093/1093/1093 1030/1030/1030 
f 1030/1030/1030 1093/1093/1093 1029/1029/1029 
f 1093/1093/1093 1093/1093/1093 1029/1029/1029 
f 1029/1029/1029 1093/1093/1093 1028/1028/1028 
f 1093/1093/1093 1094/1094/1094 1028/1028/1028 
f 1028/1028/1028 1094/1094/1094 1027/1027/1027 
f 1094/1094/1094 1027/1027/1027 1027/1027/1027 
f 1027/1027/1027 1027/1027/1027 1093/1093/1093 
f 1027/1027/1027 1093/1093/1093 1093/1093/1093 
f 1093/1093/1093 1093/1093/1093 1094/1094/1094 
f 1093/1093/1093 1092/1092/1092 1094/1094/1094 
f 1094/1094/1094 1092/1092/1092 1095/1095/1095 
f 1092/1092/1092 1091/1091/1091 1095/1095/1095 
f 1095/1095/1095 1091/1091/1091 1096/1096/1096 
f 1091/1091/1091 1090/1090/1090 1096/1096/1096 
f 1096/1096/1096 1090/1090/1090 1097/1097/1097 
f 1090/1090/1090 1089/1089/1089 1097/1097/1097 
f 1097/1097/1097 1089/1089/1089 1098/1098/1098 
f 1089/1089/1089 1088/1088/1088 1098/1098/1098 
f 1098/1098/1098 1088/1088/1088 1099/1099/1099 
f 1088/1088/1088 1087/1087/1087 1099/1099/1099 
f 1099/1099/1099 1087/1087/1087 1100/1100/1100 
f 1087/1087/1087 1086/1086/1086 1100/1100/1100 
f 1100/1100/1100 1086/1086/1086 1101/1101/1101 
f 1086/1086/1086 1085/1085/1085 1101/1101/1101 
f 1101/1101/1101 1085/1085/1085 1102/1102/1102 
f 1085/1085/1085 1084/1084/1084 1102/1102/1102 
f 1102/1102/1102 1084/1084/1084 1103/1103/1103 
f 1084/1084/1084 1083/1083/1083 1103/1103/1103 
f 1103/1103/1103 1083/1083/1083 1104/1104/1104 
f 1083/1083/1083 1082/1082/1082 1104/1104/1104 
f 1104/1104/1104 1082/1082/1082 1105/1105/1105 
f 1082/1082/1082 1081/1081/1081 1105/1105/1105 
f 1105/1105/1105 1081/1081/1081 1106/1106/1106 
f 1081/1081/1081 1080/1080/1080 1106/1106/1106 
f 1106/1106/1106 1080/1080/1080 1107/1107/1107 
f 1080/1080/1080 1079/1079/1079 1107/1107/1107 
f 1107/1107/1107 1079/1079/1079 1108/1108/1108 
f 1079/1079/1079 1078/1078/1078 1108/1108/1108 
f 1108/1108/1108 1078/1078/1078 1109/1109/1109 
f 1078/1078/1078 1077/1077/1077 1109/1109/1109 
f 1109/1109/1109 1077/1077/1077 1110/1110/1110 
f 1077/1077/1077 1076/1076/1076 1110/1110/1110 
f 1110/1110/1110 1076/1076/1076 1111/1111/1111 
f 1076/1076/1076 1075/1075/1075 1111/1111/1111 
f 1111/1111/1111 1075/1075/1075 1112/1112/1112 
f 1075/1075/1075 1074/1074/1074 1112/1112/1112 
f 1112/1112/1112 1074/1074/1074 1113/1113/1113 
f 1074/1074/1074 1073/1073/1073 1113/1113/1113 
f 1113/1113/1113 1073/1073/1073 1114/1114/1114 
f 1073/1073/1073 1072/1072/1072 1114/1114/1114 
f 1114/1114/1114 1072/1072/1072 1115/1115/1115 
f 1072/1072/1072 1071/1071/1071 1115/1115/1115 
f 1115/1115/1115 1071/1071/1071 1116/1116/1116 
f 1071/1071/1071 1070/1070/1070 1116/1116/1116 
f 1116/1116/1116 1070/1070/1070 1117/1117/1117 
f 1070/1070/1070 1069/1069/1069 1117/1117/1117 
f 1117/1117/1117 1069/1069/1069 1118/1118/1118 
f 1069/1069/1069 1068/1068/1068 1118/1118/1118 
f 1118/1118/1118 1068/1068/1068 1119/1119/1119 
f 1068/1068/1068 1067/1067/1067 1119/1119/1119 
f 1119/1119/1119 1067/1067/1067 1120/1120/1120 
f 1067/1067/1067 1066/1066/1066 1120/1120/1120 
f 1120/1120/1120 1066/1066/1066 1121/1121/1121 
f 1066/1066/1066 1065/1065/1065 1121/1121/1121 
f 1121/1121/1121 1065/1065/1065 1122/1122/1122 
f 1065/1065/1065 1064/1064/1064 1122/1122/1122 
f 1122/1122/1122 1064/1064/1064 1123/1123/1123 
f 1064/1064/1064 1062/1062/1062 1123/1123/1123 
f 1123/1123/1123 1062/1062/1062 1124/1124/1124 
f 1062/1062/1062 1063/1063/1063 1124/1124/1124 
f 1124/1124/1124 1063/1063/1063 1124/1124/1124 
f 1063/1063/1063 1125/1125/1125 1124/1124/1124 
f 1124/1124/1124 1125/1125/1125 1126/1126/1126 
f 1125/1125/1125 1127/1127/1127 1126/1126/1126 
f 1126/1126/1126 1127/1127/1127 1127/1127/1127 
f 1127/1127/1127 1126/1126/1126 1127/1127/1127 
f 1127/1127/1127 1126/1126/1126 1126/1126/1126 
f 1126/1126/1126 1128/1128/1128 1126/1126/1126 
f 1126/1126/1126 1128/1128/1128 1124/1124/1124 
f 1128/1128/1128 1128/1128/1128 1124/1124/1124 
f 1124/1124/1124 1128/1128/1128 1123/1123/1123 
f 1128/1128/1128 1129/1129/1129 1123/1123/1123 
f 1123/1123/1123 1129/1129/1129 1122/1122/1122 
f 1129/1129/1129 1130/1130/1130 1122/1122/1122 
f 1122/1122/1122 1130/1130/1130 1121/1121/1121 
f 1130/1130/1130 1131/1131/1131 1121/1121/1121 
f 1121/1121/1121 1131/1131/1131 1120/1120/1120 
f 1131/1131/1131 1132/1132/1132 1120/1120/1120 
f 1120/1120/1120 1132/1132/1132 1119/1119/1119 
f 1132/1132/1132 1133/1133/1133 1119/1119/1119 
f 1119/1119/1119 1133/1133/1133 1118/1118/1118 
f 1133/1133/1133 1134/1134/1134 1118/1118/1118 
f 1118/1118/1118 1134/1134/1134 1117/1117/1117 
f 1134/1134/1134 1135/1135/1135 1117/1117/1117 
f 1117/1117/1117 1135/1135/1135 1116/1116/1116 
f 1135/1135/1135 1136/1136/1136 1116/1116/1116 
f 1116/1116/1116 1136/1136/1136 1115/1115/1115 
f 1136/1136/1136 1137/1137/1137 1115/1115/1115 
f 1115/1115/1115 1137/1137/1137 1114/1114/1114 
f 1137/1137/1137 1138/1138/1138 1114/1114/1114 
f 1114/1114/1114 1138/1138/1138 1113/1113/1113 
f 1138/1138/1138 1139/1139/1139 1113/1113/1113 
f 1113/1113/1113 1139/1139/1139 1112/1112/1112 
f 1139/1139/1139 1140/1140/1140 1112/1112/1112 
f 1112/1112/1112 1140/1140/1140 1111/1111/1111 
f 1140/1140/1140 1141/1141/1141 1111/1111/1111 
f 1111/1111/1111 1141/1141/1141 1110/1110/1110 
f 1141/1141/1141 1142/1142/1142 1110/1110/1110 
f 1110/1110/1110 1142/1142/1142 1109/1109/1109 
f 1142/1142/1142 1143/1143/1143 1109/1109/1109 
f 1109/1109/1109 1143/1143/1143 1108/1108/1108 
f 1143/1143/1143 1144/1144/1144 1108/1108/1108 
f 1108/1108/1108 1144/1144/1144 1107/1107/1107 
f 1144/1144/1144 1145/1145/1145 1107/1107/1107 
f 1107/1107/1107 1145/1145/1145 1106/1106/1106 
f 1145/1145/1145 1146/1146/1146 1106/1106/1106 
f 1106/1106/1106 1146/1146/1146 1105/1105/1105 
f 1146/1146/1146 1147/1147/1147 1105/1105/1105 
f 1105/1105/1105 1147/1147/1147 1104/1104/1104 
f 1147/1147/1147 1148/1148/1148 1104/1104/1104 
f 1104/1104/1104 1148/1148/1148 1103/1103/1103 
f 1148/1148/1148 1149/1149/1149 1103/1103/1103 
f 1103/1103/1103 1149/1149/1149 1102/1102/1102 
f 1149/1149/1149 1150/1150/1150 1102/1102/1102 
f 1102/1102/1102 1150/1150/1150 1101/1101/1101 
f 1150/1150/1150 1151/1151/1151 1101/1101/1101 
f 1101/1101/1101 1151/1151/1151 1100/1100/1100 
f 1151/1151/1151 1152/1152/1152 1100/1100/1100 
f 1100/1100/1100 1152/1152/1152 1099/1099/1099 
f 1152/1152/1152 1153/1153/1153 1099/1099/1099 
f 1099/1099/1099 1153/1153/1153 1098/1098/1098 
f 1153/1153/1153 1154/1154/1154 1098/1098/1098 
f 1098/1098/1098 1154/1154/1154 1097/1097/1097 
f 1154/1154/1154 1155/1155/1155 1097/1097/1097 
f 1097/1097/1097 1155/1155/1155 1096/1096/1096 
f 1155/1155/1155 1156/1156/1156 1096/1096/1096 
f 1096/1096/1096 1156/1156/1156 1095/1095/1095 
f 1156/1156/1156 1157/1157/1157 1095/1095/1095 
f 1095/1095/1095 1157/1157/1157 1094/1094/1094 
f 1157/1157/1157 1157/1157/1157 1094/1094/1094 
f 1094/1094/1094 1157/1157/1157 1027/1027/1027 
f 1157/1157/1157 1157/1157/1157 1027/1027/1027 
f 1027/1027/1027 1157/1157/1157 1025/1025/1025 
f 1157/1157/1157 1158/1158/1158 1025/1025/1025 
f 1025/1025/1025 1158/1158/1158 1026/1026/1026 
f 1158/1158/1158 1158/1158/1158 1026/1026/1026 
f 1026/1026/1026 1158/1158/1158 1159/1159/1159 
f 1158/1158/1158 1158/1158/1158 1159/1159/1159 
f 1159/1159/1159 1158/1158/1158 1160/1160/1160 
f 1158/1158/1158 1156/1156/1156 1160/1160/1160 
f 1160/1160/1160 1156/1156/1156 1160/1160/1160 
f 1156/1156/1156 1155/1155/1155 1160/1160/1160 
f 1160/1160/1160 1155/1155/1155 1161/1161/1161 
f 1155/1155/1155 1154/1154/1154 1161/1161/1161 
f 1161/1161/1161 1154/1154/1154 1162/1162/1162 
f 1154/1154/1154 1153/1153/1153 1162/1162/1162 
f 1162/1162/1162 1153/1153/1153 1163/1163/1163 
f 1153/1153/1153 1152/1152/1152 1163/1163/1163 
f 1163/1163/1163 1152/1152/1152 1164/1164/1164 
f 1152/1152/1152 1151/1151/1151 1164/1164/1164 
f 1164/1164/1164 1151/1151/1151 1165/1165/1165 
f 1151/1151/1151 1150/1150/1150 1165/1165/1165 
f 1165/1165/1165 1150/1150/1150 1166/1166/1166 
f 1150/1150/1150 1149/1149/1149 1166/1166/1166 
f 1166/1166/1166 1149/1149/1149 1167/1167/1167 
f 1149/1149/1149 1148/1148/1148 1167/1167/1167 
f 1167/1167/1167 1148/1148/1148 1168/1168/1168 
f 1148/1148/1148 1147/1147/1147 1168/1168/1168 
f 1168/1168/1168 1147/1147/1147 1169/1169/1169 
f 1147/1147/1147 1146/1146/1146 1169/1169/1169 
f 1169/1169/1169 1146/1146/1146 1170/1170/1170 
f 1146/1146/1146 1145/1145/1145 1170/1170/1170 
f 1170/1170/1170 1145/1145/1145 1171/1171/1171 
f 1145/1145/1145 1144/1144/1144 1171/1171/1171 
f 1171/1171/1171 1144/1144/1144 1172/1172/1172 
f 1144/1144/1144 1143/1143/1143 1172/1172/1172 
f 1172/1172/1172 1143/1143/1143 1173/1173/1173 
f 1143/1143/1143 1142/1142/1142 1173/1173/1173 
f 1173/1173/1173 1142/1142/1142 1174/1174/1174 
f 1142/1142/1142 1141/1141/1141 1174/1174/1174 
f 1174/1174/1174 1141/1141/1141 1175/1175/1175 
f 1141/1141/1141 1140/1140/1140 1175/1175/1175 
f 1175/1175/1175 1140/1140/1140 1176/1176/1176 
f 1140/1140/1140 1139/1139/1139 1176/1176/1176 
f 1176/1176/1176 1139/1139/1139 1177/1177/1177 
f 1139/1139/1139 1138/1138/1138 1177/1177/1177 
f 1177/1177/1177 1138/1138/1138 1178/1178/1178 
f 1138/1138/1138 1137/1137/1137 1178/1178/1178 
f 1178/1178/1178 1137/1137/1137 1179/1179/1179 
f 1137/1137/1137 1136/1136/1136 1179/1179/1179 
f 1179/1179/1179 1136/1136/1136 1180/1180/1180 
f 1136/1136/1136 1135/1135/1135 1180/1180/1180 
f 1180/1180/1180 1135/1135/1135 1181/1181/1181 
f 1135/1135/1135 1134/1134/1134 1181/1181/1181 
f 1181/1181/1181 1134/1134/1134 1182/1182/1182 
f 1134/1134/1134 1133/1133/1133 1182/1182/1182 
f 1182/1182/1182 1133/1133/1133 1183/1183/1183 
f 1133/1133/1133 1132/1132/1132 1183/1183/1183 
f 1183/1183/1183 1132/1132/1132 1184/1184/1184 
f 1132/1132/1132 1131/1131/1131 1184/1184/1184 
f 1184/1184/1184 1131/1131/1131 1185/1185/1185 
f 1131/1131/1131 1130/1130/1130 1185/1185/1185 
f 1185/1185/1185 1130/1130/1130 1186/1186/1186 
f 1130/1130/1130 1129/1129/1129 1186/1186/1186 
f 1186/1186/1186 1129/1129/1129 1187/1187/1187 
f 1129/1129/1129 1128/1128/1128 1187/1187/1187 
f 1187/1187/1187 1128/1128/1128 1188/1188/1188 
f 1128/1128/1128 1126/1126/1126 1188/1188/1188 
f 1188/1188/1188 1126/1126/1126 1189/1189/1189 
f 1126/1126/1126 1127/1127/1127 1189/1189/1189 
f 1189/1189/1189 1127/1127/1127 1189/1189/1189 
f 1127/1127/1127 1190/1190/1190 1189/1189/1189 
f 1189/1189/1189 1190/1190/1190 1191/1191/1191 
f 1190/1190/1190 1192/1192/1192 1191/1191/1191 
f 1191/1191/1191 1192/1192/1192 1192/1192/1192 
f 1192/1192/1192 1156/1156/1156 1192/1192/1192 
f 1192/1192/1192 1156/1156/1156 1156/1156/1156 
f 1156/1156/1156 1158/1158/1158 1156/1156/1156 
f 1156/1156/1156 1158/1158/1158 1157/1157/1157 
f 1158/1158/1158 1157/1157/1157 1157/1157/1157 
f 1157/1157/1157 1157/1157/1157 1191/1191/1191 
f 1157/1157/1157 1191/1191/1191 1191/1191/1191 
f 1191/1191/1191 1191/1191/1191 1189/1189/1189 
f 1191/1191/1191 1193/1193/1193 1189/1189/1189 
f 1189/1189/1189 1193/1193/1193 1188/1188/1188 
f 1193/1193/1193 1194/1194/1194 1188/1188/1188 
f 1188/1188/1188 1194/1194/1194 1187/1187/1187 
f 1194/1194/1194 1195/1195/1195 1187/1187/1187 
f 1187/1187/1187 1195/1195/1195 1186/1186/1186 
f 1195/1195/1195 1196/1196/1196 1186/1186/1186 
f 1186/1186/1186 1196/1196/1196 1185/1185/1185 
f 1196/1196/1196 1197/1197/1197 1185/1185/1185 
f 1185/1185/1185 1197/1197/1197 1184/1184/1184 
f 1197/1197/1197 1198/1198/1198 1184/1184/1184 
f 1184/1184/1184 1198/1198/1198 1183/1183/1183 
f 1198/1198/1198 1199/1199/1199 1183/1183/1183 
f 1183/1183/1183 1199/1199/1199 1182/1182/1182 
f 1199/1199/1199 1200/1200/1200 1182/1182/1182 
f 1182/1182/1182 1200/1200/1200 1181/1181/1181 
f 1200/1200/1200 1201/1201/1201 1181/1181/1181 
f 1181/1181/1181 1201/1201/1201 1180/1180/1180 
f 1201/1201/1201 1202/1202/1202 1180/1180/1180 
f 1180/1180/1180 1202/1202/1202 1179/1179/1179 
f 1202/1202/1202 1203/1203/1203 1179/1179/1179 
f 1179/1179/1179 1203/1203/1203 1178/1178/1178 
f 1203/1203/1203 1204/1204/1204 1178/1178/1178 
f 1178/1178/1178 1204/1204/1204 1177/1177/1177 
f 1204/1204/1204 1205/1205/1205 1177/1177/1177 
f 1177/1177/1177 1205/1205/1205 1176/1176/1176 
f 1205/1205/1205 1206/1206/1206 1176/1176/1176 
f 1176/1176/1176 1206/1206/1206 1175/1175/1175 
f 1206/1206/1206 1207/1207/1207 1175/1175/1175 
f 1175/1175/1175 1207/1207/1207 1174/1174/1174 
f 1207/1207/1207 1208/1208/1208 1174/1174/1174 
f 1174/1174/1174 1208/1208/1208 1173/1173/1173 
f 1208/1208/1208 1209/1209/1209 1173/1173/1173 
f 1173/1173/1173 1209/1209/1209 1172/1172/1172 
f 1209/1209/1209 1210/1210/1210 1172/1172/1172 
f 1172/1172/1172 1210/1210/1210 1171/1171/1171 
f 1210/1210/1210 1211/1211/1211 1171/1171/1171 
f 1171/1171/1171 1211/1211/1211 1170/1170/1170 
f 1211/1211/1211 1212/1212/1212 1170/1170/1170 
f 1170/1170/1170 1212/1212/1212 1169/1169/1169 
f 1212/1212/1212 1213/1213/1213 1169/1169/1169 
f 1169/1169/1169 1213/1213/1213 1168/1168/1168 
f 1213/1213/1213 1214/1214/1214 1168/1168/1168 
f 1168/1168/1168 1214/1214/1214 1167/1167/1167 
f 1214/1214/1214 1215/1215/1215 1167/1167/1167 
f 1167/1167/1167 1215/1215/1215 1166/1166/1166 
f 1215/1215/1215 1216/1216/1216 1166/1166/1166 
f 1166/1166/1166 1216/1216/1216 1165/1165/1165 
f 1216/1216/1216 1217/1217/1217 1165/1165/1165 
f 1165/1165/1165 1217/1217/1217 1164/1164/1164 
f 1217/1217/1217 1218/1218/1218 1164/1164/1164 
f 1164/1164/1164 1218/1218/1218 1163/1163/1163 
f 1218/1218/1218 1219/1219/1219 1163/1163/1163 
f 1163/1163/1163 1219/1219/1219 1162/1162/1162 
f 1219/1219/1219 1220/1220/1220 1162/1162/1162 
f 1162/1162/1162 1220/1220/1220 1161/1161/1161 
f 1220/1220/1220 1221/1221/1221 1161/1161/1161 
f 1161/1161/1161 1221/1221/1221 1160/1160/1160 
f 1221/1221/1221 1159/1159/1159 1160/1160/1160 

