mtllib model_4.mtl
o model_4
v 0.002334794495254755 0.37944409251213074 -2.4942142963409424 
v 0.002334794495254755 0.3800792098045349 -2.489623546600342 
v 0.0012277410132810473 0.37990984320640564 -2.4895570278167725 
v 0.0012277410132810473 0.38067200779914856 -2.483768939971924 
v -0.0000030421599603869254 0.38058730959892273 -2.483768939971924 
v -0.0000030421599603869254 0.3798675239086151 -2.489490509033203 
v 0.0012277410132810473 0.37923240661621094 -2.494147777557373 
v -0.0000030421599603869254 0.379190057516098 -2.4940812587738037 
v -0.0012273131869733334 0.37990984320640564 -2.4895570278167725 
v -0.0012273131869733334 0.37923240661621094 -2.494147777557373 
v -0.002334366785362363 0.3800792098045349 -2.489623546600342 
v -0.002334366785362363 0.37944409251213074 -2.4942142963409424 
v -0.002334366785362363 0.38084137439727783 -2.483835458755493 
v -0.0012273131869733334 0.38067200779914856 -2.483768939971924 
v -0.002334366785362363 0.3816458284854889 -2.4771158695220947 
v -0.0012273131869733334 0.381476491689682 -2.4771158695220947 
v -0.002334366785362363 0.3824079930782318 -2.469730854034424 
v -0.0012273131869733334 0.38223862648010254 -2.469730854034424 
v -0.002334366785362363 0.38312777876853943 -2.461946725845337 
v -0.0000030421599603869254 0.3813917934894562 -2.4771158695220947 
v 0.0012277410132810473 0.381476491689682 -2.4771158695220947 
v 0.002334794495254755 0.38084137439727783 -2.483835458755493 
v 0.002334794495254755 0.3816458284854889 -2.4771158695220947 
v 0.0012277410132810473 0.38223862648010254 -2.469730854034424 
v 0.002334794495254755 0.3824079930782318 -2.469730854034424 
v 0.0012277410132810473 0.38295841217041016 -2.461946725845337 
v 0.002334794495254755 0.38312777876853943 -2.461946725845337 
v 0.0012277410132810473 0.38363587856292725 -2.453763484954834 
v 0.002334794495254755 0.3838052451610565 -2.453763484954834 
v 0.0012277410132810473 0.3842709958553314 -2.445380449295044 
v 0.002334794495254755 0.3844403624534607 -2.445380449295044 
v 0.0012277410132810473 0.3849061131477356 -2.4369311332702637 
v 0.002334794495254755 0.38507547974586487 -2.4369311332702637 
v -0.0000030421599603869254 0.38482144474983215 -2.4369311332702637 
v -0.0000030421599603869254 0.3842286467552185 -2.445380449295044 
v -0.0012273131869733334 0.3849061131477356 -2.4369311332702637 
v -0.0000030421599603869254 0.3835512101650238 -2.453763484954834 
v -0.0000030421599603869254 0.38291609287261963 -2.461946725845337 
v -0.0000030421599603869254 0.3821962773799896 -2.469730854034424 
v -0.0012273131869733334 0.38295841217041016 -2.461946725845337 
v -0.002334366785362363 0.3838052451610565 -2.453763484954834 
v -0.0012273131869733334 0.38363587856292725 -2.453763484954834 
v -0.0012273131869733334 0.3842709958553314 -2.445380449295044 
v -0.002334366785362363 0.38507547974586487 -2.4369311332702637 
v -0.002334366785362363 0.3844403624534607 -2.445380449295044 
v -0.005701112095266581 0.32647526264190674 -2.561277389526367 
v -0.006254639010876417 0.32723739743232727 -2.5626745223999023 
v -0.004815469495952129 0.3266022801399231 -2.5614771842956543 
v -0.00529085099697113 0.3272797465324402 -2.562741279602051 
v -0.005570870358496904 0.3279572129249573 -2.5640718936920166 
v -0.004626619163900614 0.32838061451911926 -2.563739061355591 
v -0.004698251839727163 0.32901573181152344 -2.5650031566619873 
v -0.0027706760447472334 0.32482394576072693 -2.5580174922943115 
v -0.003942850511521101 0.3252050280570984 -2.558882474899292 
v -0.0023278547450900078 0.32507801055908203 -2.558549642562866 
v -0.003317690920084715 0.3254590630531311 -2.5593481063842773 
v -0.0019110816065222025 0.32575544714927673 -2.558749198913574 
v -0.0027316035702824593 0.3261365294456482 -2.559481143951416 
v -0.0015529171796515584 0.32694101333618164 -2.558549642562866 
v -0.004926174413412809 0.32579779624938965 -2.5600132942199707 
v -0.0041512371972203255 0.32600951194763184 -2.5603461265563965 
v -0.003428396303206682 0.3266022801399231 -2.5603461265563965 
v -0.00398843502625823 0.32715272903442383 -2.561410427093506 
v -0.004392183851450682 0.3277454972267151 -2.5625414848327637 
v -0.0022301734425127506 0.3272797465324402 -2.5591485500335693 
v -0.002809748752042651 0.3277031481266022 -2.5599467754364014 
v -0.0018459608545526862 0.3289310336112976 -2.558350086212158 
v -0.0023278547450900078 0.32931211590766907 -2.5590155124664307 
v -0.0032721064053475857 0.3281688988208771 -2.560878276824951 
v -0.002725091530010104 0.32977786660194397 -2.559880256652832 
v -0.0036107345949858427 0.3287193477153778 -2.5619428157806396 
v -0.0012794098583981395 0.3286769986152649 -2.557751417160034 
v -0.003011623164638877 0.3302859663963318 -2.560878276824951 
v -0.0031874491833150387 0.3308364152908325 -2.5618762969970703 
v -0.0038126090075820684 0.32931211590766907 -2.5630738735198975 
v -0.0032395459711551666 0.33138683438301086 -2.562940835952759 
v -0.003871217602863908 0.3299048840999603 -2.5642049312591553 
v -0.0031744251027703285 0.3319796025753021 -2.564005136489868 
v -0.0037930726539343596 0.330497682094574 -2.565335988998413 
v -0.002992086810991168 0.33248770236968994 -2.5650696754455566 
v -0.003571661887690425 0.33109045028686523 -2.5664002895355225 
v -0.002692531095817685 0.33299580216407776 -2.5660011768341064 
v -0.0032134975772351027 0.33159855008125305 -2.567464828491211 
v -0.0022887822706252337 0.33346155285835266 -2.566866159439087 
v -0.002738115843385458 0.33210664987564087 -2.5683963298797607 
v -0.0018003762234002352 0.3338426351547241 -2.5675978660583496 
v -0.0021585405338555574 0.33248770236968994 -2.5691280364990234 
v -0.0012468494242057204 0.33409667015075684 -2.568063735961914 
v -0.0014943084679543972 0.33278408646583557 -2.5697269439697266 
v -0.0006347139133140445 0.3342660367488861 -2.5683963298797607 
v -0.0007584434351883829 0.3330381512641907 -2.5701260566711426 
v 0.000003469920102361357 0.33435073494911194 -2.5685293674468994 
v 0.000003469920102361357 0.3330805003643036 -2.570192575454712 
v 0.0006416537798941135 0.3342660367488861 -2.5683963298797607 
v 0.000771895342040807 0.3330381512641907 -2.5701260566711426 
v 0.0012537892907857895 0.33409667015075684 -2.568063735961914 
v 0.0015012483345344663 0.33278408646583557 -2.5697269439697266 
v 0.0018073160899803042 0.3338426351547241 -2.5675313472747803 
v 0.0021654805168509483 0.33248770236968994 -2.5691280364990234 
v 0.002295722020789981 0.33346155285835266 -2.566866159439087 
v 0.0027450555935502052 0.33210664987564087 -2.5683298110961914 
v 0.002699471078813076 0.33299580216407776 -2.5660011768341064 
v 0.00322043732739985 0.33159855008125305 -2.567464828491211 
v 0.002992514753714204 0.33248770236968994 -2.5650696754455566 
v 0.003578601870685816 0.3310481011867523 -2.5664002895355225 
v 0.0031748528126627207 0.3319372832775116 -2.564005136489868 
v 0.0037935003638267517 0.330497682094574 -2.565335988998413 
v 0.003239973681047559 0.33138683438301086 -2.562940835952759 
v 0.0038716455455869436 0.3299048840999603 -2.5642049312591553 
v 0.0031813648529350758 0.3308364152908325 -2.5618762969970703 
v 0.0038065246772021055 0.32931211590766907 -2.5630738735198975 
v 0.003012050874531269 0.3302859663963318 -2.560878276824951 
v 0.00360465026460588 0.3287193477153778 -2.5619428157806396 
v 0.0027190071996301413 0.32977786660194397 -2.559880256652832 
v 0.0032660220749676228 0.3281688988208771 -2.560878276824951 
v 0.002321770414710045 0.32931211590766907 -2.5590155124664307 
v 0.0027971521485596895 0.32766079902648926 -2.5599467754364014 
v 0.0018333643674850464 0.3289310336112976 -2.558283567428589 
v 0.0022175770718604326 0.32723739743232727 -2.5591485500335693 
v 0.0012733255280181766 0.328634649515152 -2.557751417160034 
v 0.0015468328492715955 0.32694101333618164 -2.558549642562866 
v 0.00272551947273314 0.3261365294456482 -2.5594146251678467 
v 0.0018984852358698845 0.32575544714927673 -2.558749198913574 
v 0.003305094549432397 0.3254590630531311 -2.559281587600708 
v 0.0023087463341653347 0.32507801055908203 -2.558549642562866 
v 0.003923742100596428 0.3252050280570984 -2.5588157176971436 
v 0.0027515676338225603 0.32482394576072693 -2.5580174922943115 
v 0.004913578275591135 0.32579779624938965 -2.5599467754364014 
v 0.0041451528668403625 0.3259671628475189 -2.560279607772827 
v 0.0034223119728267193 0.3266022801399231 -2.5603461265563965 
v 0.003982350695878267 0.32715272903442383 -2.561410427093506 
v 0.005688515957444906 0.32647526264190674 -2.561277389526367 
v 0.0048093851655721664 0.3266022801399231 -2.5614771842956543 
v 0.006248554680496454 0.32719504833221436 -2.5626745223999023 
v 0.0052847666665911674 0.3272797465324402 -2.562741279602051 
v 0.0065741585567593575 0.3279572129249573 -2.5640718936920166 
v 0.004386099986732006 0.3277454972267151 -2.5625414848327637 
v 0.00557129830121994 0.3279572129249573 -2.5640718936920166 
v 0.004627046640962362 0.32838061451911926 -2.563739061355591 
v 0.006665327586233616 0.3286769986152649 -2.565535545349121 
v 0.0056494432501494884 0.328634649515152 -2.565335988998413 
v 0.0065220617689192295 0.3294391334056854 -2.5669326782226562 
v 0.0046921675093472 0.32901573181152344 -2.564936637878418 
v 0.004600998479872942 0.3296508491039276 -2.5662007331848145 
v 0.005525713786482811 0.32931211590766907 -2.566666603088379 
v 0.006144361570477486 0.33015894889831543 -2.5683298110961914 
v 0.005213133990764618 0.32998958230018616 -2.5679306983947754 
v 0.00554525014013052 0.3308364152908325 -2.5696604251861572 
v 0.004334003198891878 0.3302859663963318 -2.5673317909240723 
v 0.003904205746948719 0.33087873458862305 -2.56846284866333 
v 0.004698679782450199 0.33062469959259033 -2.5691945552825928 
v 0.004731240216642618 0.3314715325832367 -2.570791482925415 
v 0.004008399322628975 0.3312174677848816 -2.5702590942382812 
v 0.0037479158490896225 0.33210664987564087 -2.571789264678955 
v 0.003331142710521817 0.33138683438301086 -2.569460868835449 
v 0.002634350210428238 0.33185258507728577 -2.5703256130218506 
v 0.0031683407723903656 0.3317679166793823 -2.571190595626831 
v 0.002601789776235819 0.3326147198677063 -2.572521209716797 
v 0.0022045529913157225 0.3321913182735443 -2.571922540664673 
v 0.0013384462799876928 0.3329111337661743 -2.5729868412017822 
v 0.0018268523272126913 0.3322336673736572 -2.570991039276123 
v 0.0009412094368599355 0.33248770236968994 -2.571390151977539 
v 0.0011300597107037902 0.332445353269577 -2.572321653366089 
v 0.000009981999937735964 0.33299580216407776 -2.5731201171875 
v 0.000009981999937735964 0.33253005146980286 -2.5724546909332275 
v -0.0013184823328629136 0.3329111337661743 -2.5729868412017822 
v 0.000003469920102361357 0.33253005146980286 -2.5715231895446777 
v -0.0009277575300075114 0.33248770236968994 -2.571390151977539 
v -0.001116607803851366 0.332445353269577 -2.572321653366089 
v -0.0025883379857987165 0.3326147198677063 -2.572521209716797 
v -0.0021845889277756214 0.3321913182735443 -2.571922540664673 
v -0.003727952018380165 0.33210664987564087 -2.571789264678955 
v -0.0018134004203602672 0.3322336673736572 -2.570991039276123 
v -0.0026208984199911356 0.33185258507728577 -2.5703256130218506 
v -0.0031548889819532633 0.3317679166793823 -2.5712571144104004 
v -0.004724300000816584 0.3314715325832367 -2.570791482925415 
v -0.00400145910680294 0.3312174677848816 -2.5703256130218506 
v -0.005531798116862774 0.3308364152908325 -2.5696604251861572 
v -0.00332420296035707 0.33138683438301086 -2.569460868835449 
v -0.003897265996783972 0.33087873458862305 -2.56846284866333 
v -0.004691739566624165 0.33066704869270325 -2.5691945552825928 
v -0.006137421354651451 0.33015894889831543 -2.5683298110961914 
v -0.005206194240599871 0.32998958230018616 -2.5679972171783447 
v -0.006515122018754482 0.3294391334056854 -2.5669326782226562 
v -0.004327063448727131 0.3302859663963318 -2.5673983097076416 
v -0.004594058729708195 0.3296508491039276 -2.5662007331848145 
v -0.005649015307426453 0.328634649515152 -2.5654025077819824 
v -0.00658024288713932 0.3279572129249573 -2.564138412475586 
v -0.006664900109171867 0.3287193477153778 -2.565535545349121 
v -0.005525285843759775 0.329354465007782 -2.566666603088379 
v -0.0000030421599603869254 0.40637311339378357 -2.4538965225219727 
v -0.0012273131869733334 0.40628841519355774 -2.4538965225219727 
v -0.0012273131869733334 0.40379029512405396 -2.4622793197631836 
v -0.002334366785362363 0.40357857942581177 -2.4622793197631836 
v -0.002334366785362363 0.4009534418582916 -2.470529079437256 
v -0.0032134975772351027 0.4031975269317627 -2.4622793197631836 
v -0.0032134975772351027 0.4057379961013794 -2.4538965225219727 
v -0.002334366785362363 0.40607672929763794 -2.4538965225219727 
v -0.0012273131869733334 0.408744215965271 -2.4454469680786133 
v -0.0000030421599603869254 0.4087865650653839 -2.4454469680786133 
v -0.0000030421599603869254 0.41119998693466187 -2.4369311332702637 
v -0.0012273131869733334 0.4111153185367584 -2.4369311332702637 
v -0.002334366785362363 0.4085325002670288 -2.4454469680786133 
v -0.002334366785362363 0.41094595193862915 -2.4369311332702637 
v -0.0032134975772351027 0.4105648696422577 -2.4369311332702637 
v -0.0032134975772351027 0.40815144777297974 -2.4454469680786133 
v -0.0038777298759669065 0.40976038575172424 -2.4369311332702637 
v -0.0038777298759669065 0.4073892831802368 -2.4454469680786133 
v -0.0043465993367135525 0.4082784652709961 -2.4369311332702637 
v -0.0043465993367135525 0.4059920310974121 -2.4454469680786133 
v -0.004665691405534744 0.4057803153991699 -2.4369311332702637 
v -0.0038777298759669065 0.4049758315086365 -2.4538965225219727 
v -0.0038777298759669065 0.4025200605392456 -2.4622128009796143 
v -0.0032134975772351027 0.40057235956192017 -2.470529079437256 
v -0.002334366785362363 0.39820125699043274 -2.4786460399627686 
v -0.0012273131869733334 0.4011228084564209 -2.4705958366394043 
v -0.0000030421599603869254 0.40383264422416687 -2.4622793197631836 
v 0.0012277410132810473 0.40628841519355774 -2.4538965225219727 
v 0.0012277410132810473 0.408744215965271 -2.4454469680786133 
v 0.002334794495254755 0.4085325002670288 -2.4454469680786133 
v 0.002334794495254755 0.41094595193862915 -2.4369311332702637 
v 0.003213925287127495 0.40815144777297974 -2.4454469680786133 
v 0.003213925287127495 0.4105648696422577 -2.4369311332702637 
v 0.0038781575858592987 0.4073892831802368 -2.4454469680786133 
v 0.0038781575858592987 0.40976038575172424 -2.4369311332702637 
v 0.004347027279436588 0.4059920310974121 -2.4454469680786133 
v 0.004347027279436588 0.4082784652709961 -2.4369311332702637 
v 0.00466611934825778 0.4036632776260376 -2.4454469680786133 
v 0.00466611934825778 0.4057803153991699 -2.4369311332702637 
v 0.004854969680309296 0.40218132734298706 -2.4369311332702637 
v 0.004854969680309296 0.400360643863678 -2.4454469680786133 
v 0.004913578275591135 0.39794719219207764 -2.4369311332702637 
v 0.004913578275591135 0.3964229226112366 -2.445380449295044 
v 0.004854969680309296 0.3937130868434906 -2.4369311332702637 
v 0.004854969680309296 0.3925275206565857 -2.445380449295044 
v 0.00466611934825778 0.39011406898498535 -2.4369311332702637 
v 0.00466611934825778 0.38922491669654846 -2.445380449295044 
v 0.004347027279436588 0.3869384825229645 -2.445380449295044 
v 0.004347027279436588 0.3876582980155945 -2.4369311332702637 
v 0.0038781575858592987 0.38554123044013977 -2.445380449295044 
v 0.0038781575858592987 0.38621869683265686 -2.4369311332702637 
v 0.003213925287127495 0.38482144474983215 -2.445380449295044 
v 0.003213925287127495 0.38545656204223633 -2.4369311332702637 
v 0.002334794495254755 0.3844403624534607 -2.445380449295044 
v 0.002334794495254755 0.38507547974586487 -2.4369311332702637 
v 0.0012277410132810473 0.4111153185367584 -2.4369311332702637 
v 0.002334794495254755 0.3838052451610565 -2.453763484954834 
v 0.003213925287127495 0.38414397835731506 -2.453763484954834 
v 0.0038781575858592987 0.3848637640476227 -2.453763484954834 
v 0.002334794495254755 0.38312777876853943 -2.461946725845337 
v 0.003213925287127495 0.383466511964798 -2.461946725845337 
v 0.002334794495254755 0.3824079930782318 -2.469730854034424 
v 0.003213925287127495 0.38274672627449036 -2.469797372817993 
v 0.002334794495254755 0.3816458284854889 -2.4771158695220947 
v 0.0038781575858592987 0.38414397835731506 -2.461946725845337 
v 0.004347027279436588 0.38617634773254395 -2.453763484954834 
v 0.004347027279436588 0.3853718638420105 -2.461946725845337 
v 0.00466611934825778 0.38829341530799866 -2.4538300037384033 
v 0.0038781575858592987 0.38338184356689453 -2.469797372817993 
v 0.003213925287127495 0.38198456168174744 -2.477182388305664 
v 0.0038781575858592987 0.3825773596763611 -2.4772489070892334 
v 0.003213925287127495 0.381180077791214 -2.4839019775390625 
v 0.002334794495254755 0.38084137439727783 -2.483835458755493 
v 0.002334794495254755 0.3800792098045349 -2.489623546600342 
v 0.004347027279436588 0.3844827115535736 -2.4698638916015625 
v 0.004347027279436588 0.3835512101650238 -2.477381944656372 
v 0.0038781575858592987 0.3817305266857147 -2.484035015106201 
v 0.003213925287127495 0.38041794300079346 -2.489690065383911 
v 0.002334794495254755 0.37944409251213074 -2.4942142963409424 
v 0.003213925287127495 0.37974047660827637 -2.494347333908081 
v 0.0038781575858592987 0.3809260427951813 -2.489889621734619 
v 0.0038781575858592987 0.3802485764026642 -2.494546890258789 
v 0.00466611934825778 0.387277215719223 -2.4620132446289062 
v 0.00466611934825778 0.3862610459327698 -2.469930410385132 
v 0.00466611934825778 0.3851601481437683 -2.4775149822235107 
v 0.004347027279436588 0.3826196789741516 -2.48416805267334 
v 0.004854969680309296 0.3913419842720032 -2.4538300037384033 
v 0.004854969680309296 0.3900717496871948 -2.4620797634124756 
v 0.004854969680309296 0.38871681690216064 -2.4700634479522705 
v 0.004854969680309296 0.38731956481933594 -2.4777145385742188 
v 0.004913578275591135 0.3948986232280731 -2.4538300037384033 
v 0.004913578275591135 0.3932896852493286 -2.4620797634124756 
v 0.004913578275591135 0.3916383683681488 -2.47012996673584 
v 0.004913578275591135 0.38990238308906555 -2.4779140949249268 
v 0.004913578275591135 0.3881663978099823 -2.4850330352783203 
v 0.004854969680309296 0.38592231273651123 -2.4847002029418945 
v 0.00466611934825778 0.3840169608592987 -2.484434127807617 
v 0.004347027279436588 0.38177287578582764 -2.4900894165039062 
v 0.004347027279436588 0.3810107111930847 -2.4948129653930664 
v 0.00466611934825778 0.38300076127052307 -2.490422010421753 
v 0.00466611934825778 0.3821116089820862 -2.4952123165130615 
v 0.004854969680309296 0.3835512101650238 -2.495677947998047 
v 0.004854969680309296 0.3846520781517029 -2.490821123123169 
v 0.004913578275591135 0.38524484634399414 -2.4962100982666016 
v 0.004913578275591135 0.3865574300289154 -2.4912867546081543 
v 0.004854969680309296 0.38689616322517395 -2.4967424869537354 
v 0.004854969680309296 0.38846278190612793 -2.4916861057281494 
v 0.00466611934825778 0.3883357644081116 -2.4972081184387207 
v 0.004854969680309296 0.39036813378334045 -2.485365629196167 
v 0.004854969680309296 0.39244285225868225 -2.4781136512756348 
v 0.004854969680309296 0.39451757073402405 -2.4702630043029785 
v 0.004854969680309296 0.39654994010925293 -2.462146282196045 
v 0.004854969680309296 0.39845529198646545 -2.4538300037384033 
v 0.00466611934825778 0.4015462100505829 -2.4538300037384033 
v 0.004347027279436588 0.4036632776260376 -2.4538300037384033 
v 0.0038781575858592987 0.4049758315086365 -2.4538965225219727 
v 0.003213925287127495 0.4057379961013794 -2.4538965225219727 
v 0.002334794495254755 0.40607672929763794 -2.4538965225219727 
v 0.0012277410132810473 0.40379029512405396 -2.4622793197631836 
v -0.0000030421599603869254 0.40120747685432434 -2.4705958366394043 
v -0.0012273131869733334 0.398370623588562 -2.478712558746338 
v -0.002334366785362363 0.39549142122268677 -2.4862306118011475 
v -0.0032134975772351027 0.3978625237941742 -2.478579521179199 
v -0.0038777298759669065 0.399937242269516 -2.4704625606536865 
v -0.0043465993367135525 0.4012921452522278 -2.4622128009796143 
v -0.0043465993367135525 0.4036632776260376 -2.4538300037384033 
v -0.004665691405534744 0.4015462100505829 -2.4538300037384033 
v -0.004665691405534744 0.4036632776260376 -2.4454469680786133 
v -0.004665691405534744 0.39934447407722473 -2.4622128009796143 
v -0.0043465993367135525 0.398794025182724 -2.4704625606536865 
v -0.0038777298759669065 0.39722740650177 -2.47851300239563 
v -0.0032134975772351027 0.3951526880264282 -2.486164093017578 
v -0.002334366785362363 0.3930356204509735 -2.4928836822509766 
v -0.0012273131869733334 0.39566078782081604 -2.486297130584717 
v -0.0000030421599603869254 0.39845529198646545 -2.478712558746338 
v 0.0012277410132810473 0.4011228084564209 -2.4705958366394043 
v 0.002334794495254755 0.40357857942581177 -2.4622793197631836 
v 0.003213925287127495 0.4031975269317627 -2.4622793197631836 
v 0.0038781575858592987 0.4025200605392456 -2.4622128009796143 
v 0.004347027279436588 0.4012921452522278 -2.4622128009796143 
v 0.00466611934825778 0.39934447407722473 -2.4622128009796143 
v 0.00466611934825778 0.39701569080352783 -2.470329523086548 
v 0.004347027279436588 0.398794025182724 -2.4704625606536865 
v 0.0038781575858592987 0.399937242269516 -2.4704625606536865 
v 0.003213925287127495 0.40057235956192017 -2.470529079437256 
v 0.002334794495254755 0.4009534418582916 -2.470529079437256 
v 0.0012277410132810473 0.398370623588562 -2.478712558746338 
v -0.0000030421599603869254 0.39570310711860657 -2.486297130584717 
v -0.0012273131869733334 0.3932049870491028 -2.492950201034546 
v -0.002334366785362363 0.39100325107574463 -2.49820613861084 
v -0.0032134975772351027 0.39269688725471497 -2.492750644683838 
v -0.0038777298759669065 0.3946022391319275 -2.4860308170318604 
v -0.0043465993367135525 0.3962112069129944 -2.4784464836120605 
v -0.004665691405534744 0.39701569080352783 -2.470329523086548 
v -0.00485454173758626 0.39451757073402405 -2.4702630043029785 
v -0.00485454173758626 0.39654994010925293 -2.462146282196045 
v -0.00485454173758626 0.39845529198646545 -2.4538300037384033 
v -0.00485454173758626 0.400360643863678 -2.4454469680786133 
v -0.00485454173758626 0.40218132734298706 -2.4369311332702637 
v -0.004919662605971098 0.3964229226112366 -2.445380449295044 
v -0.004919662605971098 0.39794719219207764 -2.4369311332702637 
v -0.004919662605971098 0.3948986232280731 -2.4538300037384033 
v -0.004919662605971098 0.3932896852493286 -2.4620797634124756 
v -0.004919662605971098 0.3916383683681488 -2.47012996673584 
v -0.004919662605971098 0.38990238308906555 -2.4779140949249268 
v -0.00485454173758626 0.39244285225868225 -2.4781136512756348 
v -0.004665691405534744 0.3946445882320404 -2.4783132076263428 
v -0.0043465993367135525 0.3936707377433777 -2.4858977794647217 
v -0.0038777298759669065 0.39218878746032715 -2.492617607116699 
v -0.0032134975772351027 0.390706866979599 -2.498073101043701 
v -0.0038777298759669065 0.3901987671852112 -2.497873544692993 
v -0.0043465993367135525 0.3913419842720032 -2.492417812347412 
v -0.004665691405534744 0.392273485660553 -2.4856317043304443 
v -0.00485454173758626 0.39036813378334045 -2.485365629196167 
v -0.004919662605971098 0.3881663978099823 -2.4850330352783203 
v -0.00485454173758626 0.38592231273651123 -2.4847002029418945 
v -0.00485454173758626 0.38731956481933594 -2.4777145385742188 
v -0.00485454173758626 0.38871681690216064 -2.4700634479522705 
v -0.00485454173758626 0.3900717496871948 -2.4620797634124756 
v -0.00485454173758626 0.3913419842720032 -2.4538300037384033 
v -0.00485454173758626 0.3925275206565857 -2.445380449295044 
v -0.00485454173758626 0.3937130868434906 -2.4369311332702637 
v -0.004665691405534744 0.38922491669654846 -2.445380449295044 
v -0.004665691405534744 0.39011406898498535 -2.4369311332702637 
v -0.0043465993367135525 0.3876582980155945 -2.4369311332702637 
v -0.0043465993367135525 0.3869384825229645 -2.445380449295044 
v -0.0038777298759669065 0.38621869683265686 -2.4369311332702637 
v -0.0038777298759669065 0.38554123044013977 -2.445380449295044 
v -0.0032134975772351027 0.38545656204223633 -2.4369311332702637 
v -0.0032134975772351027 0.38482144474983215 -2.445380449295044 
v -0.002334366785362363 0.38507547974586487 -2.4369311332702637 
v -0.002334366785362363 0.3844403624534607 -2.445380449295044 
v -0.0032134975772351027 0.38414397835731506 -2.453763484954834 
v -0.002334366785362363 0.3838052451610565 -2.453763484954834 
v -0.0043465993367135525 0.38943663239479065 -2.4976072311401367 
v -0.0038777298759669065 0.3848637640476227 -2.453763484954834 
v -0.0043465993367135525 0.38617634773254395 -2.453763484954834 
v -0.004665691405534744 0.38829341530799866 -2.4538300037384033 
v -0.004665691405534744 0.387277215719223 -2.4620132446289062 
v -0.0043465993367135525 0.3853718638420105 -2.461946725845337 
v -0.0038777298759669065 0.38414397835731506 -2.461946725845337 
v -0.0032134975772351027 0.383466511964798 -2.461946725845337 
v -0.002334366785362363 0.38312777876853943 -2.461946725845337 
v -0.0032134975772351027 0.38274672627449036 -2.469797372817993 
v -0.002334366785362363 0.3824079930782318 -2.469730854034424 
v -0.0038777298759669065 0.38338184356689453 -2.469797372817993 
v -0.0043465993367135525 0.3844827115535736 -2.4698638916015625 
v -0.004665691405534744 0.3862610459327698 -2.469930410385132 
v -0.004665691405534744 0.3851601481437683 -2.4775149822235107 
v -0.004665691405534744 0.3840169608592987 -2.484434127807617 
v -0.004665691405534744 0.38300076127052307 -2.490422010421753 
v -0.0043465993367135525 0.3826196789741516 -2.48416805267334 
v -0.0043465993367135525 0.3835512101650238 -2.477381944656372 
v -0.0038777298759669065 0.3825773596763611 -2.4772489070892334 
v -0.0032134975772351027 0.38198456168174744 -2.477182388305664 
v -0.002334366785362363 0.3816458284854889 -2.4771158695220947 
v -0.0032134975772351027 0.381180077791214 -2.4839019775390625 
v -0.002334366785362363 0.38084137439727783 -2.483835458755493 
v -0.0038777298759669065 0.3817305266857147 -2.484035015106201 
v -0.0043465993367135525 0.38177287578582764 -2.4900894165039062 
v -0.002334366785362363 0.37944409251213074 -2.4942142963409424 
v -0.002334366785362363 0.3800792098045349 -2.489623546600342 
v -0.0032134975772351027 0.37974047660827637 -2.494347333908081 
v -0.0032134975772351027 0.38041794300079346 -2.489690065383911 
v -0.0038777298759669065 0.3802485764026642 -2.494546890258789 
v -0.0038777298759669065 0.3809260427951813 -2.489889621734619 
v -0.0043465993367135525 0.3810107111930847 -2.4948129653930664 
v -0.004665691405534744 0.3821116089820862 -2.4952123165130615 
v -0.00485454173758626 0.3846520781517029 -2.490821123123169 
v -0.004919662605971098 0.3865574300289154 -2.4912867546081543 
v -0.00485454173758626 0.3835512101650238 -2.495677947998047 
v -0.004919662605971098 0.38524484634399414 -2.4962100982666016 
v -0.00485454173758626 0.38846278190612793 -2.4916861057281494 
v -0.004665691405534744 0.39011406898498535 -2.4920852184295654 
v -0.004665691405534744 0.3883357644081116 -2.4972081184387207 
v -0.00485454173758626 0.38689616322517395 -2.4967424869537354 
v 0.002660398604348302 0.33456242084503174 -2.5594146251678467 
v 0.0025822536554187536 0.3372299373149872 -2.5548903942108154 
v 0.002608301816508174 0.3340120017528534 -2.558483123779297 
v 0.002432475797832012 0.33667948842048645 -2.5539591312408447 
v 0.002458524191752076 0.3335039019584656 -2.5574851036071777 
v 0.0022110650315880775 0.33299580216407776 -2.5566203594207764 
v 0.0021850166376680136 0.33617138862609863 -2.5530941486358643 
v 0.0025041087064892054 0.3416334092617035 -2.548370361328125 
v 0.003012050874531269 0.3302859663963318 -2.560878276824951 
v 0.0031813648529350758 0.3308364152908325 -2.5618762969970703 
v 0.002634350210428238 0.33155620098114014 -2.5596141815185547 
v 0.0027971521485596895 0.33206430077552795 -2.560612201690674 
v 0.0028492489363998175 0.3326147198677063 -2.561610221862793 
v 0.003239973681047559 0.33138683438301086 -2.562940835952759 
v 0.0027190071996301413 0.32977786660194397 -2.559880256652832 
v 0.002373866969719529 0.3310481011867523 -2.558682680130005 
v 0.002022214699536562 0.33062469959259033 -2.557884454727173 
v 0.002321770414710045 0.32931211590766907 -2.5590155124664307 
v 0.0018333643674850464 0.3289310336112976 -2.558283567428589 
v 0.0015924174804240465 0.3302859663963318 -2.5572190284729004 
v 0.0012733255280181766 0.328634649515152 -2.557751417160034 
v 0.001104011433199048 0.32998958230018616 -2.556753396987915 
v 0.0014817120973020792 0.3322336673736572 -2.555223226547241 
v 0.0010193544439971447 0.3319796025753021 -2.5547573566436768 
v 0.0018854610389098525 0.33257240056991577 -2.5558884143829346 
v 0.0018594127614051104 0.33570563793182373 -2.5523624420166016 
v 0.0014556637033820152 0.3353669047355652 -2.5517635345458984 
v 0.0010063302470371127 0.33507052063941956 -2.5513644218444824 
v 0.0015012483345344663 0.34019380807876587 -2.546374559402466 
v 0.0010323785245418549 0.33993977308273315 -2.5459089279174805 
v 0.0019115093164145947 0.34061720967292786 -2.5469067096710205 
v 0.0022501375060528517 0.34108296036720276 -2.547572135925293 
v 0.002634350210428238 0.3486196994781494 -2.540586233139038 
v 0.002367354929447174 0.34802693128585815 -2.5398545265197754 
v 0.002009190618991852 0.34751883149147034 -2.539189100265503 
v 0.0015793932834640145 0.34705308079719543 -2.5387234687805176 
v 0.001090987236239016 0.3467566967010498 -2.5383243560791016 
v 0.001696610706858337 0.3550132215023041 -2.529808282852173 
v 0.0011691321851685643 0.35467448830604553 -2.529475688934326 
v 0.002152456436306238 0.3555213212966919 -2.5302741527557373 
v 0.0025301568675786257 0.3560717701911926 -2.5308728218078613 
v 0.0028101764619350433 0.35674920678138733 -2.5314714908599854 
v 0.0027906401082873344 0.3492548167705536 -2.541384696960449 
v 0.002653886564075947 0.34222617745399475 -2.5492353439331055 
v 0.002705983119085431 0.3428189754486084 -2.550100326538086 
v 0.002627838170155883 0.3377803564071655 -2.5558218955993652 
v 0.0028492489363998175 0.3499322831630707 -2.5421831607818604 
v 0.00297949044033885 0.35746902227401733 -2.532203435897827 
v 0.003038099268451333 0.3647516965866089 -2.5224900245666504 
v 0.00273854355327785 0.36403191089630127 -2.5218911170959473 
v 0.00234130653552711 0.3633967936038971 -2.521425485610962 
v 0.0018529006047174335 0.3628886938095093 -2.521026134490967 
v 0.0012798375682905316 0.3625076115131378 -2.52069354057312 
v 0.002048263093456626 0.3694515824317932 -2.5135748386383057 
v 0.001429615425877273 0.36902815103530884 -2.513308525085449 
v 0.0025757416151463985 0.36995968222618103 -2.5139739513397217 
v 0.002999026793986559 0.37063711881637573 -2.5143730640411377 
v 0.003305094549432397 0.3714416027069092 -2.5149054527282715 
v 0.003213925287127495 0.36555618047714233 -2.5231552124023438 
v 0.003038099268451333 0.35823115706443787 -2.532935380935669 
v 0.0027971521485596895 0.35060974955558777 -2.5429813861846924 
v 0.002653886564075947 0.3434540927410126 -2.5510315895080566 
v 0.0025822536554187536 0.3383731245994568 -2.556753396987915 
v 0.002608301816508174 0.33511286973953247 -2.560412645339966 
v 0.0027906401082873344 0.33316516876220703 -2.562608003616333 
v 0.0031748528126627207 0.3319372832775116 -2.564005136489868 
v 0.002992514753714204 0.33248770236968994 -2.5650696754455566 
v 0.002634350210428238 0.33371561765670776 -2.563606023788452 
v 0.002458524191752076 0.3356632888317108 -2.5613439083099365 
v 0.002432475797832012 0.3389235734939575 -2.5576183795928955 
v 0.0025041087064892054 0.34404686093330383 -2.551896572113037 
v 0.002634350210428238 0.35128721594810486 -2.5437798500061035 
v 0.002986002480611205 0.35895097255706787 -2.5336670875549316 
v 0.003272534115239978 0.3664030134677887 -2.523820638656616 
v 0.0034874326083809137 0.37228843569755554 -2.5155041217803955 
v 0.00360465026460588 0.3758874535560608 -2.509716033935547 
v 0.003292070236057043 0.37504062056541443 -2.5092501640319824 
v 0.0028557609766721725 0.37436315417289734 -2.508784532546997 
v 0.002295722020789981 0.373812735080719 -2.5085184574127197 
v 0.0016184657579287887 0.3733893036842346 -2.5082523822784424 
v 0.0025562052614986897 0.37626850605010986 -2.5053913593292236 
v 0.0018203402869403362 0.3758874535560608 -2.5051918029785156 
v 0.0031488046515733004 0.3768189549446106 -2.5057241916656494 
v 0.003598137991502881 0.3775387406349182 -2.506056785583496 
v 0.003917229827493429 0.3783855736255646 -2.5065224170684814 
v 0.0037935003638267517 0.3768189549446106 -2.5102481842041016 
v 0.003552553476765752 0.37321993708610535 -2.5161030292510986 
v 0.003213925287127495 0.36720749735832214 -2.5244858264923096 
v 0.0028166885022073984 0.3596707582473755 -2.5343990325927734 
v 0.0025366691406816244 0.3603482246398926 -2.535064220428467 
v 0.002373866969719529 0.3518799841403961 -2.544511556625366 
v 0.0022566495463252068 0.3445972800254822 -2.5526950359344482 
v 0.0021915289107710123 0.33943167328834534 -2.558483123779297 
v 0.0022175770718604326 0.3361290395259857 -2.562208890914917 
v 0.002367354929447174 0.33418136835098267 -2.564537525177002 
v 0.002699471078813076 0.33299580216407776 -2.5660011768341064 
v 0.002015702659264207 0.33460476994514465 -2.565335988998413 
v 0.002295722020789981 0.33346155285835266 -2.566866159439087 
v 0.0018854610389098525 0.336594820022583 -2.563007354736328 
v 0.0018594127614051104 0.3398550748825073 -2.5592150688171387 
v 0.0019180214731022716 0.3450630307197571 -2.5533602237701416 
v 0.002015702659264207 0.35238808393478394 -2.5451104640960693 
v 0.0021589684765785933 0.36094099283218384 -2.5355966091156006 
v 0.002347818808630109 0.3693668842315674 -2.526149034500122 
v 0.0027450555935502052 0.3687317669391632 -2.5256834030151367 
v 0.003038099268451333 0.3680119812488556 -2.5250847339630127 
v 0.0034939448814839125 0.37415143847465515 -2.5167016983032227 
v 0.00385862123221159 0.37783512473106384 -2.5108470916748047 
v 0.004106080159544945 0.3794017732143402 -2.5070548057556152 
v 0.0041972496546804905 0.37961345911026 -2.5047261714935303 
v 0.0038781575858592987 0.3787243068218231 -2.504260301589966 
v 0.003415799932554364 0.3780044913291931 -2.503927707672119 
v 0.0028036644216626883 0.37745407223701477 -2.5035951137542725 
v 0.002009190618991852 0.3770729899406433 -2.5033955574035645 
v 0.002999026793986559 0.3780044913291931 -2.5024640560150146 
v 0.0021654805168509483 0.37766575813293457 -2.502331018447876 
v 0.003637210465967655 0.37851259112358093 -2.502730131149292 
v 0.004106080159544945 0.37923240661621094 -2.503129482269287 
v 0.0044251722283661366 0.3801215589046478 -2.5035951137542725 
v 0.004386099986732006 0.38067200779914856 -2.505258321762085 
v 0.004171201027929783 0.3805026412010193 -2.5076534748077393 
v 0.0038000126369297504 0.3788513243198395 -2.5114457607269287 
v 0.003305094549432397 0.37504062056541443 -2.517300605773926 
v 0.002999026793986559 0.37580275535583496 -2.517766237258911 
v 0.0025822536554187536 0.37648022174835205 -2.5182318687438965 
v 0.002054775133728981 0.3770306408405304 -2.5186312198638916 
v 0.0018594127614051104 0.3698749840259552 -2.5266149044036865 
v 0.001703122747130692 0.36140674352645874 -2.536062240600586 
v 0.0015859053237363696 0.35285383462905884 -2.545642614364624 
v 0.0015077603748068213 0.34544411301612854 -2.5538926124572754 
v 0.0014621758600696921 0.3402361571788788 -2.5598137378692627 
v 0.0014817120973020792 0.33693352341651917 -2.563606023788452 
v 0.0015859053237363696 0.3349858522415161 -2.5660011768341064 
v 0.0018073160899803042 0.3338426351547241 -2.5675313472747803 
v 0.001097499392926693 0.33523988723754883 -2.566466808319092 
v 0.0012537892907857895 0.33409667015075684 -2.568063735961914 
v 0.0006416537798941135 0.3342660367488861 -2.5683963298797607 
v 0.0005635087727569044 0.3354092538356781 -2.5667996406555176 
v 0.000003469920102361357 0.33435073494911194 -2.5685293674468994 
v 0.000003469920102361357 0.335451602935791 -2.566866159439087 
v -0.0006347139133140445 0.3342660367488861 -2.5683963298797607 
v -0.0005565689643844962 0.3354092538356781 -2.5667996406555176 
v -0.0012468494242057204 0.33409667015075684 -2.568063735961914 
v -0.001090559526346624 0.33523988723754883 -2.566466808319092 
v -0.0015789655735716224 0.3349858522415161 -2.5660011768341064 
v -0.0018003762234002352 0.3338426351547241 -2.5675978660583496 
v -0.0020087629090994596 0.33464711904525757 -2.565335988998413 
v -0.0022887822706252337 0.33346155285835266 -2.566866159439087 
v -0.002366927219554782 0.33418136835098267 -2.564537525177002 
v -0.002692531095817685 0.33299580216407776 -2.5660011768341064 
v -0.0026274104602634907 0.33371561765670776 -2.563606023788452 
v -0.002992086810991168 0.33248770236968994 -2.5650696754455566 
v -0.0031744251027703285 0.3319796025753021 -2.564005136489868 
v -0.0027902123983949423 0.33316516876220703 -2.5626745223999023 
v -0.0032395459711551666 0.33138683438301086 -2.562940835952759 
v -0.0028488212265074253 0.3326570689678192 -2.561610221862793 
v -0.0031874491833150387 0.3308364152908325 -2.5618762969970703 
v -0.0027967244386672974 0.33210664987564087 -2.560612201690674 
v -0.003011623164638877 0.3302859663963318 -2.560878276824951 
v -0.002640434540808201 0.33155620098114014 -2.5596141815185547 
v -0.002725091530010104 0.32977786660194397 -2.559880256652832 
v -0.002379951300099492 0.33109045028686523 -2.558749198913574 
v -0.0023278547450900078 0.32931211590766907 -2.5590155124664307 
v -0.002028299029916525 0.33062469959259033 -2.557950973510742 
v -0.0018459608545526862 0.3289310336112976 -2.558350086212158 
v -0.0015985018108040094 0.3302859663963318 -2.5572190284729004 
v -0.0012794098583981395 0.3286769986152649 -2.557751417160034 
v -0.001110095763579011 0.3300319314002991 -2.556753396987915 
v -0.0014877964276820421 0.3322336673736572 -2.555223226547241 
v -0.0010254387743771076 0.3319796025753021 -2.5547573566436768 
v -0.0014617480337619781 0.3353669047355652 -2.5518300533294678 
v -0.0010124145774170756 0.33507052063941956 -2.5513644218444824 
v -0.0015073326649144292 0.3402361571788788 -2.546374559402466 
v -0.0010384628549218178 0.33993977308273315 -2.5459089279174805 
v -0.0015854776138439775 0.34709542989730835 -2.5387234687805176 
v -0.001097071566618979 0.3467566967010498 -2.5383243560791016 
v -0.0017026950372382998 0.355055570602417 -2.529808282852173 
v -0.0011752165155485272 0.35467448830604553 -2.529475688934326 
v -0.0018589849350973964 0.3628886938095093 -2.521026134490967 
v -0.0012924340553581715 0.3625076115131378 -2.52069354057312 
v -0.002060859464108944 0.3694515824317932 -2.5135748386383057 
v -0.001442211796529591 0.36902815103530884 -2.513308525085449 
v -0.0016245500883087516 0.3733893036842346 -2.5082523822784424 
v -0.002301806351169944 0.373812735080719 -2.5085184574127197 
v -0.0018264246173202991 0.3758874535560608 -2.5051918029785156 
v -0.0025818259455263615 0.37000200152397156 -2.5139739513397217 
v -0.002347390865907073 0.3633967936038971 -2.521425485610962 
v -0.0021585405338555574 0.3555213212966919 -2.5302741527557373 
v -0.0020152749493718147 0.34751883149147034 -2.539189100265503 
v -0.0019175936467945576 0.34061720967292786 -2.5469067096710205 
v -0.0018654970917850733 0.33570563793182373 -2.552428960800171 
v -0.0018850333290174603 0.33257240056991577 -2.5558884143829346 
v -0.0022171493619680405 0.3330381512641907 -2.5566203594207764 
v -0.0021911009680479765 0.33617138862609863 -2.5531606674194336 
v -0.0022562218364328146 0.34108296036720276 -2.5476386547088623 
v -0.002373439259827137 0.34802693128585815 -2.5398545265197754 
v -0.0025362411979585886 0.3560717701911926 -2.5308728218078613 
v -0.002744627883657813 0.36403191089630127 -2.5219576358795166 
v -0.002998598851263523 0.37067946791648865 -2.5143730640411377 
v -0.0028553332667797804 0.37436315417289734 -2.5088510513305664 
v -0.0025622895918786526 0.37626850605010986 -2.5053913593292236 
v -0.0020152749493718147 0.3771153390407562 -2.5033955574035645 
v -0.0028032364789396524 0.37745407223701477 -2.5035951137542725 
v -0.002165052806958556 0.37766575813293457 -2.502331018447876 
v -0.0031483767088502645 0.3768189549446106 -2.5057241916656494 
v -0.003298154566437006 0.37504062056541443 -2.5092501640319824 
v -0.003304666606709361 0.3714416027069092 -2.5149054527282715 
v -0.0030376713257282972 0.3647516965866089 -2.5224900245666504 
v -0.0028162607923150063 0.35674920678138733 -2.5315380096435547 
v -0.0026339225005358458 0.3486196994781494 -2.540586233139038 
v -0.0025036807637661695 0.3416334092617035 -2.548370361328125 
v -0.00243204808793962 0.33667948842048645 -2.5539591312408447 
v -0.0024646082893013954 0.3335039019584656 -2.557551860809326 
v -0.002614386146888137 0.3340543210506439 -2.558483123779297 
v -0.0025818259455263615 0.3372299373149872 -2.5548903942108154 
v -0.002653458621352911 0.34222617745399475 -2.5492353439331055 
v -0.0027967244386672974 0.3492971658706665 -2.541384696960449 
v -0.002985574770718813 0.35746902227401733 -2.532203435897827 
v -0.0032200096175074577 0.36555618047714233 -2.5231552124023438 
v -0.0034935169387608767 0.37233078479766846 -2.5155041217803955 
v -0.0037995846942067146 0.3768189549446106 -2.5102481842041016 
v -0.0036107345949858427 0.3758874535560608 -2.509716033935547 
v -0.003597710281610489 0.3775387406349182 -2.506056785583496 
v -0.003421884262934327 0.3780044913291931 -2.503927707672119 
v -0.002998598851263523 0.3780044913291931 -2.5024640560150146 
v -0.0022627338767051697 0.37804684042930603 -2.501199960708618 
v -0.0031223285477608442 0.3783855736255646 -2.501399517059326 
v -0.0023148306645452976 0.3784279227256775 -2.4997363090515137 
v -0.003636782756075263 0.37851259112358093 -2.502730131149292 
v -0.0038842419162392616 0.3787243068218231 -2.504260301589966 
v -0.003916802350431681 0.3783855736255646 -2.5065224170684814 
v -0.004105652682483196 0.3794017732143402 -2.5071213245391846 
v -0.004392183851450682 0.38067200779914856 -2.505258321762085 
v -0.004196821711957455 0.37961345911026 -2.5047261714935303 
v -0.004105652682483196 0.37923240661621094 -2.503129482269287 
v -0.0037735365331172943 0.3788936734199524 -2.501599073410034 
v -0.0031874491833150387 0.37876662611961365 -2.4998693466186523 
v -0.0023278547450900078 0.3788936734199524 -2.497474193572998 
v -0.0032069855369627476 0.379190057516098 -2.497673749923706 
v -0.002334366785362363 0.37944409251213074 -2.4942142963409424 
v -0.0032134975772351027 0.37974047660827637 -2.494347333908081 
v -0.003871217602863908 0.37969815731048584 -2.497873544692993 
v -0.0038777298759669065 0.3802485764026642 -2.494546890258789 
v -0.0038451694417744875 0.37927472591400146 -2.5001354217529297 
v -0.004248918499797583 0.37961345911026 -2.5019984245300293 
v -0.004424744285643101 0.3801215589046478 -2.5035951137542725 
v -0.004613594617694616 0.3812647759914398 -2.504127264022827 
v -0.004672203678637743 0.38249266147613525 -2.5047261714935303 
v -0.004450792912393808 0.3818575441837311 -2.505857229232788 
v -0.004170773550868034 0.3805026412010193 -2.5076534748077393 
v -0.0038581935223191977 0.37783512473106384 -2.5108470916748047 
v -0.0035521257668733597 0.37326228618621826 -2.5161030292510986 
v -0.0032786184456199408 0.3664030134677887 -2.523820638656616 
v -0.0030376713257282972 0.35823115706443787 -2.532935380935669 
v -0.0028488212265074253 0.3499746322631836 -2.5421831607818604 
v -0.002705555409193039 0.3428612947463989 -2.5501668453216553 
v -0.0026274104602634907 0.33782270550727844 -2.5558218955993652 
v -0.0026599708944559097 0.33460476994514465 -2.5594146251678467 
v -0.002607874106615782 0.3351552188396454 -2.560412645339966 
v -0.0025818259455263615 0.3383731245994568 -2.556753396987915 
v -0.002653458621352911 0.3434540927410126 -2.5510315895080566 
v -0.0027902123983949423 0.3506520986557007 -2.5429813861846924 
v -0.002979062730446458 0.3589932918548584 -2.5336670875549316 
v -0.0032134975772351027 0.36724984645843506 -2.5244858264923096 
v -0.0034870048984885216 0.37415143847465515 -2.5167016983032227 
v -0.0037930726539343596 0.3788513243198395 -2.5114457607269287 
v -0.004105652682483196 0.38160350918769836 -2.5082523822784424 
v -0.00438567204400897 0.38300076127052307 -2.506455898284912 
v -0.004613594617694616 0.3837205469608307 -2.5053248405456543 
v -0.004750348627567291 0.38431334495544434 -2.504260301589966 
v -0.004815469495952129 0.38300076127052307 -2.503661632537842 
v -0.004750348627567291 0.3816881775856018 -2.5029964447021484 
v -0.004561498295515776 0.3805449604988098 -2.5024640560150146 
v -0.004320551175624132 0.37999454140663147 -2.5004682540893555 
v -0.0043465993367135525 0.38041794300079346 -2.49820613861084 
v -0.0043465993367135525 0.3810107111930847 -2.4948129653930664 
v -0.004665691405534744 0.3814341425895691 -2.498605251312256 
v -0.004665691405534744 0.3821116089820862 -2.4952123165130615 
v -0.00485454173758626 0.3835512101650238 -2.495677947998047 
v -0.004848029464483261 0.38274672627449036 -2.4991376399993896 
v -0.004919662605971098 0.38524484634399414 -2.4962100982666016 
v -0.004913150332868099 0.3842709958553314 -2.4997363090515137 
v -0.00485454173758626 0.38689616322517395 -2.4967424869537354 
v -0.004848029464483261 0.38575294613838196 -2.5003349781036377 
v -0.004665691405534744 0.3883357644081116 -2.4972081184387207 
v -0.004665691405534744 0.3870655298233032 -2.5008673667907715 
v -0.0043465993367135525 0.38803935050964355 -2.5012664794921875 
v -0.0043465993367135525 0.38943663239479065 -2.4976072311401367 
v -0.003871217602863908 0.38875916600227356 -2.501599073410034 
v -0.0038777298759669065 0.3901987671852112 -2.497873544692993 
v -0.0032069855369627476 0.3892672657966614 -2.5018653869628906 
v -0.0032134975772351027 0.390706866979599 -2.498073101043701 
v -0.0023278547450900078 0.389563649892807 -2.5019984245300293 
v -0.002334366785362363 0.39100325107574463 -2.49820613861084 
v -0.0012273131869733334 0.3911726176738739 -2.498272657394409 
v -0.0012273131869733334 0.3897330164909363 -2.5020649433135986 
v -0.0000030421599603869254 0.3912149667739868 -2.4983391761779785 
v -0.0000030421599603869254 0.3898176848888397 -2.502131462097168 
v 0.0012277410132810473 0.3911726176738739 -2.498272657394409 
v 0.0012277410132810473 0.3897330164909363 -2.5020649433135986 
v 0.002334794495254755 0.39100325107574463 -2.49820613861084 
v 0.0023282824549824 0.389563649892807 -2.5019984245300293 
v 0.0032074132468551397 0.3892672657966614 -2.5018653869628906 
v 0.003213925287127495 0.390706866979599 -2.498073101043701 
v 0.0038716455455869436 0.38875916600227356 -2.501599073410034 
v 0.0038781575858592987 0.3901987671852112 -2.497873544692993 
v 0.004347027279436588 0.38803935050964355 -2.5012664794921875 
v 0.004347027279436588 0.38943663239479065 -2.4976072311401367 
v 0.004659607075154781 0.3870655298233032 -2.5008673667907715 
v 0.00466611934825778 0.3883357644081116 -2.4972081184387207 
v 0.004854969680309296 0.38689616322517395 -2.4967424869537354 
v 0.004848457407206297 0.38575294613838196 -2.5003349781036377 
v 0.004913578275591135 0.38524484634399414 -2.4962100982666016 
v 0.004633558914065361 0.38613399863243103 -2.503262519836426 
v 0.004320979118347168 0.38710784912109375 -2.503728151321411 
v 0.0038455971516668797 0.38778531551361084 -2.504060745239258 
v 0.0031878771260380745 0.38825106620788574 -2.504260301589966 
v 0.0037739642430096865 0.3870655298233032 -2.5055911540985107 
v 0.00424283416941762 0.38638806343078613 -2.505258321762085 
v 0.004561925772577524 0.38545656204223633 -2.5047926902770996 
v 0.004822409246116877 0.3849061131477356 -2.502730131149292 
v 0.004913578275591135 0.3842709958553314 -2.4997363090515137 
v 0.004854969680309296 0.3835512101650238 -2.495677947998047 
v 0.004848457407206297 0.38274672627449036 -2.4991376399993896 
v 0.00466611934825778 0.3821116089820862 -2.4952123165130615 
v 0.004887530114501715 0.3835512101650238 -2.5020649433135986 
v 0.00475077610462904 0.38431334495544434 -2.504260301589966 
v 0.0044251722283661366 0.3848637640476227 -2.5059237480163574 
v 0.004106080159544945 0.38575294613838196 -2.5063893795013428 
v 0.0041972496546804905 0.38410162925720215 -2.506988286972046 
v 0.004614022560417652 0.3837205469608307 -2.5053248405456543 
v 0.004815896973013878 0.38300076127052307 -2.503661632537842 
v 0.004822409246116877 0.3821539282798767 -2.5014660358428955 
v 0.004659607075154781 0.3814341425895691 -2.498605251312256 
v 0.004347027279436588 0.38041794300079346 -2.49820613861084 
v 0.004347027279436588 0.3810107111930847 -2.4948129653930664 
v 0.0038716455455869436 0.37969815731048584 -2.497873544692993 
v 0.0038781575858592987 0.3802485764026642 -2.494546890258789 
v 0.0032074132468551397 0.379190057516098 -2.497673749923706 
v 0.003213925287127495 0.37974047660827637 -2.494347333908081 
v 0.0023282824549824 0.3788936734199524 -2.497474193572998 
v 0.002334794495254755 0.37944409251213074 -2.4942142963409424 
v 0.0023152583744376898 0.3784279227256775 -2.4997363090515137 
v 0.0031878771260380745 0.37876662611961365 -2.4998693466186523 
v 0.0038455971516668797 0.37927472591400146 -2.5001354217529297 
v 0.004320979118347168 0.37999454140663147 -2.5004682540893555 
v 0.004633558914065361 0.3809260427951813 -2.500933885574341 
v 0.00475077610462904 0.3816881775856018 -2.5029964447021484 
v 0.0046726311556994915 0.38249266147613525 -2.5047261714935303 
v 0.004386099986732006 0.38300076127052307 -2.506455898284912 
v 0.003917229827493429 0.3826196789741516 -2.508784532546997 
v 0.0038781575858592987 0.3849484622478485 -2.5074539184570312 
v 0.003637210465967655 0.38643041253089905 -2.5067219734191895 
v 0.0031227562576532364 0.38757359981536865 -2.505857229232788 
v 0.0023152583744376898 0.3885897994041443 -2.504460096359253 
v 0.0012147168163210154 0.38875916600227356 -2.5045266151428223 
v -0.0000030421599603869254 0.388843834400177 -2.5045931339263916 
v -0.0012142889900133014 0.38875916600227356 -2.5045266151428223 
v -0.0023148306645452976 0.3885897994041443 -2.504460096359253 
v -0.0031874491833150387 0.38825106620788574 -2.504260301589966 
v -0.0038451694417744875 0.38778531551361084 -2.504060745239258 
v -0.004320551175624132 0.38710784912109375 -2.503728151321411 
v -0.004633130971342325 0.38613399863243103 -2.503262519836426 
v -0.004821981303393841 0.3849061131477356 -2.502730131149292 
v -0.004887102171778679 0.3835512101650238 -2.5020649433135986 
v -0.004821981303393841 0.3821539282798767 -2.5014660358428955 
v -0.004633130971342325 0.3809260427951813 -2.500933885574341 
v -0.004561498295515776 0.38545656204223633 -2.5047926902770996 
v -0.004242406226694584 0.38638806343078613 -2.505258321762085 
v -0.0037735365331172943 0.3870655298233032 -2.5055911540985107 
v -0.0031223285477608442 0.38757359981536865 -2.505857229232788 
v -0.0022627338767051697 0.3879123330116272 -2.506056785583496 
v -0.0011882407125085592 0.38808169960975647 -2.5061233043670654 
v 0.000003469920102361357 0.3881663978099823 -2.5061898231506348 
v 0.0011886684224009514 0.38808169960975647 -2.5061233043670654 
v 0.002263161586597562 0.3879123330116272 -2.506056785583496 
v 0.002999026793986559 0.3869384825229645 -2.506988286972046 
v 0.0034223119728267193 0.38566824793815613 -2.5078530311584473 
v 0.003598137991502881 0.383466511964798 -2.5092501640319824 
v 0.003611162304878235 0.3797828257083893 -2.5119779109954834 
v 0.004106080159544945 0.38160350918769836 -2.5082523822784424 
v 0.004451220389455557 0.3818575441837311 -2.505857229232788 
v 0.004614022560417652 0.3812647759914398 -2.504127264022827 
v 0.004561925772577524 0.3805449604988098 -2.5024640560150146 
v 0.00424283416941762 0.37961345911026 -2.5019984245300293 
v 0.0037739642430096865 0.3788936734199524 -2.501599073410034 
v 0.0031227562576532364 0.3783855736255646 -2.501399517059326 
v 0.002263161586597562 0.37804684042930603 -2.501199960708618 
v 0.003298582509160042 0.38062965869903564 -2.512443780899048 
v 0.0028557609766721725 0.38130712509155273 -2.512842893600464 
v 0.002302234061062336 0.3818575441837311 -2.5131754875183105 
v 0.0016249777982011437 0.38223862648010254 -2.513441801071167 
v 0.001442639622837305 0.37741172313690186 -2.518897294998169 
v 0.0012928617652505636 0.37025606632232666 -2.526880979537964 
v 0.0011756443418562412 0.3617454767227173 -2.5363948345184326 
v 0.001097499392926693 0.35315021872520447 -2.546041965484619 
v 0.0010388906812295318 0.34574049711227417 -2.5543582439422607 
v 0.0010128422873094678 0.3405325412750244 -2.560279607772827 
v 0.0010258664842694998 0.33718758821487427 -2.5640718936920166 
v 0.0005244362982921302 0.33735695481300354 -2.5644044876098633 
v 0.000003469920102361357 0.33739927411079407 -2.5644710063934326 
v -0.0005174964899197221 0.33735695481300354 -2.5644044876098633 
v 0.0005179242580197752 0.34065955877304077 -2.5605456829071045 
v 0.000003469920102361357 0.3407442569732666 -2.560612201690674 
v 0.0005309483967721462 0.34590986371040344 -2.554624319076538 
v 0.0005635087727569044 0.35336193442344666 -2.5463080406188965 
v 0.000003469920102361357 0.3459945619106293 -2.5546908378601074 
v -0.0005109843914397061 0.3407019078731537 -2.5605456829071045 
v -0.0010189266176894307 0.33718758821487427 -2.5640718936920166 
v -0.0014747722307220101 0.33693352341651917 -2.563606023788452 
v -0.0018785211723297834 0.336594820022583 -2.563007354736328 
v -0.0022106373216956854 0.33617138862609863 -2.562208890914917 
v -0.0024580962490290403 0.3356632888317108 -2.5613439083099365 
v -0.00243204808793962 0.3389235734939575 -2.557684898376465 
v -0.0025036807637661695 0.34404686093330383 -2.551896572113037 
v -0.0026339225005358458 0.35128721594810486 -2.5437798500061035 
v -0.002809748752042651 0.3597131073474884 -2.5343990325927734 
v -0.0030376713257282972 0.3680119812488556 -2.5250847339630127 
v -0.003304666606709361 0.37504062056541443 -2.517300605773926 
v -0.003604222321882844 0.3797828257083893 -2.5119779109954834 
v -0.003916802350431681 0.3826196789741516 -2.508784532546997 
v -0.004196821711957455 0.38410162925720215 -2.506988286972046 
v -0.004424744285643101 0.3848637640476227 -2.5059237480163574 
v -0.004105652682483196 0.38575294613838196 -2.5063893795013428 
v -0.003636782756075263 0.3864727318286896 -2.5067219734191895 
v -0.002998598851263523 0.3869384825229645 -2.506988286972046 
v -0.002165052806958556 0.38731956481933594 -2.507187843322754 
v -0.0011361440410837531 0.3874889314174652 -2.5072543621063232 
v 0.000003469920102361357 0.38757359981536865 -2.5073208808898926 
v 0.001136571867391467 0.3874889314174652 -2.5072543621063232 
v 0.0021654805168509483 0.38731956481933594 -2.507187843322754 
v 0.0028036644216626883 0.38617634773254395 -2.5081191062927246 
v 0.0031488046515733004 0.38414397835731506 -2.5096495151519775 
v 0.0025627173017710447 0.3846943974494934 -2.509915590286255 
v -0.0021845889277756214 0.33943167328834534 -2.558483123779297 
v 0.002015702659264207 0.3865574300289154 -2.5083189010620117 
v 0.0018268523272126913 0.38507547974586487 -2.510115146636963 
v 0.0008435282506980002 0.38249266147613525 -2.5135748386383057 
v 0.0007458470645360649 0.37766575813293457 -2.5190303325653076 
v 0.0006611900171265006 0.3705101013183594 -2.527080535888672 
v 0.0006025813054293394 0.3619571924209595 -2.53666090965271 
v 0.000003469920102361357 0.3534042537212372 -2.546374559402466 
v -0.0005240085883997381 0.34590986371040344 -2.554624319076538 
v -0.0010059025371447206 0.3405325412750244 -2.560279607772827 
v -0.001455235993489623 0.3402361571788788 -2.5598137378692627 
v -0.0018589849350973964 0.33989742398262024 -2.5592150688171387 
v -0.0022497097961604595 0.3445972800254822 -2.5526950359344482 
v -0.002366927219554782 0.3518799841403961 -2.544511556625366 
v -0.0025297291576862335 0.3603482246398926 -2.535064220428467 
v -0.002738115843385458 0.3687741160392761 -2.5256834030151367 
v -0.002998598851263523 0.3758451044559479 -2.5178327560424805 
v -0.003291642526164651 0.38062965869903564 -2.512443780899048 
v -0.003597710281610489 0.383466511964798 -2.5092501640319824 
v -0.0038777298759669065 0.3849908113479614 -2.5074539184570312 
v -0.0034153719898313284 0.38566824793815613 -2.5078530311584473 
v -0.0028032364789396524 0.38617634773254395 -2.5081191062927246 
v -0.0020087629090994596 0.3865574300289154 -2.5083189010620117 
v -0.0010514870518818498 0.3867691159248352 -2.508385419845581 
v 0.000003469920102361357 0.38685381412506104 -2.5084519386291504 
v 0.001051914761774242 0.3867691159248352 -2.508385419845581 
v 0.0009542335756123066 0.3853295147418976 -2.5102481842041016 
v 0.000003469920102361357 0.3825773596763611 -2.5135748386383057 
v 0.000003469920102361357 0.3777504563331604 -2.519096851348877 
v 0.000003469920102361357 0.3705947995185852 -2.527147054672241 
v 0.000003469920102361357 0.3620418608188629 -2.5367274284362793 
v -0.0005500568659044802 0.35336193442344666 -2.5463080406188965 
v -0.0010319508146494627 0.34574049711227417 -2.5543582439422607 
v -0.0015008205082267523 0.34544411301612854 -2.5539591312408447 
v -0.0019110816065222025 0.3450630307197571 -2.5533602237701416 
v -0.0020087629090994596 0.35238808393478394 -2.5451104640960693 
v -0.0021520284935832024 0.36094099283218384 -2.5355966091156006 
v -0.002340878825634718 0.3693668842315674 -2.526149034500122 
v -0.0025753136724233627 0.37648022174835205 -2.5182318687438965 
v -0.0028553332667797804 0.38130712509155273 -2.512842893600464 
v -0.0031483767088502645 0.38414397835731506 -2.5096495151519775 
v -0.0025557775516062975 0.3846943974494934 -2.509915590286255 
v -0.0018199124606326222 0.38507547974586487 -2.510115146636963 
v -0.0009472937672398984 0.3853295147418976 -2.5102481842041016 
v 0.000003469920102361357 0.3853718638420105 -2.510314702987671 
v -0.0008365883841179311 0.38249266147613525 -2.5135748386383057 
v -0.0016180380480363965 0.38223862648010254 -2.513441801071167 
v -0.0022952943108975887 0.3818575441837311 -2.5131754875183105 
v -0.0020478353835642338 0.3770306408405304 -2.5186312198638916 
v -0.0015789655735716224 0.35285383462905884 -2.545642614364624 
v -0.001429187715984881 0.37741172313690186 -2.518897294998169 
v -0.0007323950994759798 0.37766575813293457 -2.5190303325653076 
v -0.0006542501505464315 0.3705101013183594 -2.527080535888672 
v -0.0012794098583981395 0.37025606632232666 -2.526880979537964 
v -0.0018524728948250413 0.3699173331260681 -2.5266149044036865 
v -0.0016961829969659448 0.36140674352645874 -2.536062240600586 
v -0.001090559526346624 0.35315021872520447 -2.546041965484619 
v -0.0005956414388492703 0.3619571924209595 -2.53666090965271 
v -0.0011687044752761722 0.3617454767227173 -2.5363948345184326 
v -0.0012273131869733334 0.3911726176738739 -2.498272657394409 
v -0.0000030421599603869254 0.3932473361492157 -2.492950201034546 
v -0.0000030421599603869254 0.3912149667739868 -2.4983391761779785 
v 0.0012277410132810473 0.3932049870491028 -2.492950201034546 
v 0.0012277410132810473 0.3911726176738739 -2.498272657394409 
v 0.0012277410132810473 0.39566078782081604 -2.486297130584717 
v 0.002334794495254755 0.39820125699043274 -2.4786460399627686 
v 0.003213925287127495 0.3978625237941742 -2.478579521179199 
v 0.0038781575858592987 0.39722740650177 -2.47851300239563 
v 0.004347027279436588 0.3962112069129944 -2.4784464836120605 
v 0.00466611934825778 0.3946445882320404 -2.4783132076263428 
v 0.00466611934825778 0.392273485660553 -2.4856317043304443 
v 0.004347027279436588 0.3936707377433777 -2.4858977794647217 
v 0.0038781575858592987 0.3946022391319275 -2.4860308170318604 
v 0.003213925287127495 0.3951526880264282 -2.486164093017578 
v 0.002334794495254755 0.39549142122268677 -2.4862306118011475 
v 0.002334794495254755 0.3930356204509735 -2.4928836822509766 
v 0.002334794495254755 0.39100325107574463 -2.49820613861084 
v 0.003213925287127495 0.390706866979599 -2.498073101043701 
v 0.003213925287127495 0.39269688725471497 -2.492750644683838 
v 0.0038781575858592987 0.39218878746032715 -2.492617607116699 
v 0.004347027279436588 0.3913419842720032 -2.492417812347412 
v 0.00466611934825778 0.39011406898498535 -2.4920852184295654 
v 0.004347027279436588 0.38943663239479065 -2.4976072311401367 
v 0.0038781575858592987 0.3901987671852112 -2.497873544692993 
v -0.002334366785362363 0.37944409251213074 -2.4942142963409424 
v -0.0023278547450900078 0.3788936734199524 -2.497474193572998 
v -0.0012273131869733334 0.3787243068218231 -2.4974076747894287 
v -0.0012208011467009783 0.3782585561275482 -2.499603271484375 
v -0.0000030421599603869254 0.3781738579273224 -2.499603271484375 
v -0.0000030421599603869254 0.3786396086215973 -2.4973411560058594 
v -0.0012273131869733334 0.37923240661621094 -2.494147777557373 
v -0.0000030421599603869254 0.379190057516098 -2.4940812587738037 
v 0.0012277410132810473 0.3787243068218231 -2.4974076747894287 
v 0.0012277410132810473 0.37923240661621094 -2.494147777557373 
v 0.0023282824549824 0.3788936734199524 -2.497474193572998 
v 0.002334794495254755 0.37944409251213074 -2.4942142963409424 
v 0.0023152583744376898 0.3784279227256775 -2.4997363090515137 
v 0.0012147168163210154 0.3782585561275482 -2.499603271484375 
v 0.002263161586597562 0.37804684042930603 -2.501199960708618 
v 0.0011886684224009514 0.37783512473106384 -2.5010669231414795 
v 0.0021654805168509483 0.37766575813293457 -2.502331018447876 
v 0.001136571867391467 0.37745407223701477 -2.5021979808807373 
v 0.002009190618991852 0.3770729899406433 -2.5033955574035645 
v -0.0000030421599603869254 0.3777928054332733 -2.5010669231414795 
v -0.0011882407125085592 0.37783512473106384 -2.5010669231414795 
v -0.0023148306645452976 0.3784279227256775 -2.4997363090515137 
v -0.0022627338767051697 0.37804684042930603 -2.501199960708618 
v -0.0011361440410837531 0.37745407223701477 -2.5021979808807373 
v -0.002165052806958556 0.37766575813293457 -2.502331018447876 
v -0.0010579990921542048 0.3768612742424011 -2.503329038619995 
v -0.0020152749493718147 0.3771153390407562 -2.5033955574035645 
v -0.0009538058657199144 0.3756333887577057 -2.505058765411377 
v -0.0018264246173202991 0.3758874535560608 -2.5051918029785156 
v -0.0008431004825979471 0.37317758798599243 -2.5081191062927246 
v -0.0016245500883087516 0.3733893036842346 -2.5082523822784424 
v -0.0007454192964360118 0.36881646513938904 -2.5131754875183105 
v -0.001442211796529591 0.36902815103530884 -2.513308525085449 
v -0.0006607622490264475 0.362295925617218 -2.520493984222412 
v -0.0012924340553581715 0.3625076115131378 -2.52069354057312 
v -0.0006021535373292863 0.35446280241012573 -2.529276132583618 
v -0.0011752165155485272 0.35467448830604553 -2.529475688934326 
v -0.0005630810628645122 0.3465449810028076 -2.538058280944824 
v -0.001097071566618979 0.3467566967010498 -2.5383243560791016 
v -0.0005305206286720932 0.33972805738449097 -2.545642614364624 
v -0.0010384628549218178 0.33993977308273315 -2.5459089279174805 
v -0.0005174964899197221 0.3349011540412903 -2.551098346710205 
v -0.0010124145774170756 0.33507052063941956 -2.5513644218444824 
v -0.0005240085883997381 0.33181023597717285 -2.5544912815093994 
v -0.0010254387743771076 0.3319796025753021 -2.5547573566436768 
v -0.0005695931031368673 0.3298625648021698 -2.5564208030700684 
v -0.001110095763579011 0.3300319314002991 -2.556753396987915 
v -0.0006607622490264475 0.3284652829170227 -2.5574851036071777 
v -0.0012794098583981395 0.3286769986152649 -2.557751417160034 
v -0.0000030421599603869254 0.3284229636192322 -2.557352066040039 
v -0.0000030421599603869254 0.32977786660194397 -2.556354284286499 
v 0.0006481658201664686 0.3284652829170227 -2.5574185848236084 
v 0.0005635087727569044 0.3298625648021698 -2.5564208030700684 
v 0.0012733255280181766 0.328634649515152 -2.557751417160034 
v 0.001104011433199048 0.32998958230018616 -2.556753396987915 
v 0.0005179242580197752 0.33181023597717285 -2.5544912815093994 
v 0.0010193544439971447 0.3319796025753021 -2.5547573566436768 
v -0.0000030421599603869254 0.3317679166793823 -2.55442476272583 
v -0.0000030421599603869254 0.33485880494117737 -2.5509650707244873 
v -0.0000030421599603869254 0.33968570828437805 -2.5455760955810547 
v 0.0005114121595397592 0.3349011540412903 -2.551098346710205 
v 0.0005244362982921302 0.33972805738449097 -2.545642614364624 
v -0.0000030421599603869254 0.3465026319026947 -2.537991523742676 
v -0.0000030421599603869254 0.3543781042098999 -2.529209613800049 
v 0.0010063302470371127 0.33507052063941956 -2.5513644218444824 
v 0.0010323785245418549 0.33993977308273315 -2.5459089279174805 
v 0.0005504846340045333 0.3465449810028076 -2.538058280944824 
v 0.001090987236239016 0.3467566967010498 -2.5383243560791016 
v 0.0005960692069493234 0.35446280241012573 -2.529276132583618 
v 0.0011691321851685643 0.35467448830604553 -2.529475688934326 
v -0.0000030421599603869254 0.3622112274169922 -2.5204274654388428 
v -0.0000030421599603869254 0.3687317669391632 -2.513108968734741 
v -0.0000030421599603869254 0.373092919588089 -2.5080525875091553 
v -0.0000030421599603869254 0.37554872035980225 -2.5049922466278076 
v -0.0000030421599603869254 0.3767766058444977 -2.503262519836426 
v -0.0000030421599603869254 0.37736937403678894 -2.502131462097168 
v 0.001051914761774242 0.3768612742424011 -2.503329038619995 
v 0.0018203402869403362 0.3758874535560608 -2.5051918029785156 
v 0.0009477215353399515 0.3756333887577057 -2.505058765411377 
v 0.0008370161522179842 0.37317758798599243 -2.5081191062927246 
v 0.0007328228675760329 0.36881646513938904 -2.5131754875183105 
v 0.0006546779186464846 0.3622535765171051 -2.520493984222412 
v 0.0012798375682905316 0.3625076115131378 -2.52069354057312 
v 0.001429615425877273 0.36902815103530884 -2.513308525085449 
v 0.0016184657579287887 0.3733893036842346 -2.5082523822784424 
v 0.0027515676338225603 0.32482394576072693 -2.5580174922943115 
v 0.0011886684224009514 0.32482394576072693 -2.558084011077881 
v 0.0023087463341653347 0.32507801055908203 -2.558549642562866 
v 0.0009737698128446937 0.32554376125335693 -2.558350086212158 
v -0.000009554240023135208 0.3254590630531311 -2.5582170486450195 
v -0.000009554240023135208 0.324781596660614 -2.557884454727173 
v 0.001416591228917241 0.32461225986480713 -2.5574851036071777 
v -0.000009554240023135208 0.3245275616645813 -2.557352066040039 
v -0.0012012649094685912 0.32482394576072693 -2.558084011077881 
v -0.001435699756257236 0.32461225986480713 -2.5574851036071777 
v -0.0023278547450900078 0.32507801055908203 -2.558549642562866 
v -0.0027706760447472334 0.32482394576072693 -2.5580174922943115 
v -0.0019110816065222025 0.32575544714927673 -2.558749198913574 
v -0.0009863661834970117 0.32554376125335693 -2.558350086212158 
v -0.0015529171796515584 0.32694101333618164 -2.558549642562866 
v -0.000804028008133173 0.32672929763793945 -2.5582170486450195 
v -0.0012794098583981395 0.3286769986152649 -2.557751417160034 
v -0.0006607622490264475 0.3284652829170227 -2.5574851036071777 
v -0.0000030421599603869254 0.3266869783401489 -2.558084011077881 
v 0.0007914315792731941 0.32672929763793945 -2.5582170486450195 
v 0.0018984852358698845 0.32575544714927673 -2.558749198913574 
v 0.0015468328492715955 0.32694101333618164 -2.558549642562866 
v 0.0006481658201664686 0.3284652829170227 -2.5574185848236084 
v 0.0012733255280181766 0.328634649515152 -2.557751417160034 
v -0.0000030421599603869254 0.3284229636192322 -2.557352066040039 
vn 0.2644420862197876 -0.953589141368866 0.14400748908519745 
vn 0.26212283968925476 -0.9561840295791626 0.13039833307266235 
vn 0.1075790524482727 -0.9847655892372131 0.13661447167396545 
vn 0.10797526687383652 -0.9862475395202637 0.12512865662574768 
vn -0.0018610621336847544 -0.9925254583358765 0.122023805975914 
vn -0.003720864886417985 -0.990840494632721 0.1349860578775406 
vn 0.11308597773313522 -0.9824016690254211 0.14865557849407196 
vn -1.5753023885345385e-14 -0.9883291721343994 0.1523333042860031 
vn -0.1075790524482727 -0.9847655892372131 0.13661447167396545 
vn -0.11008891463279724 -0.9824016690254211 0.15088853240013123 
vn -0.2604292631149292 -0.9561840295791626 0.13374866545200348 
vn -0.2644420862197876 -0.953589141368866 0.14400748908519745 
vn -0.25940296053886414 -0.9587059020996094 0.11658945679664612 
vn -0.11077553033828735 -0.9862475395202637 0.12265652418136597 
vn -0.2577853202819824 -0.9599394202232361 0.10983205586671829 
vn -0.1077159196138382 -0.9883291721343994 0.1077159196138382 
vn -0.2633090913295746 -0.9599394202232361 0.09583667665719986 
vn -0.10484819114208221 -0.9896226525306702 0.09825429320335388 
vn -0.2626174986362457 -0.961154580116272 0.08493491262197495 
vn -1.1747903133152784e-14 -0.9935539960861206 0.1133599802851677 
vn 0.1077159196138382 -0.9883291721343994 0.1077159196138382 
vn 0.25940296053886414 -0.9587059020996094 0.11658945679664612 
vn 0.2577853202819824 -0.9599394202232361 0.10983205586671829 
vn 0.10736359655857086 -0.9896226525306702 0.09549924731254578 
vn 0.2633090913295746 -0.9599394202232361 0.09583667665719986 
vn 0.10676009207963943 -0.9902410507202148 0.08958235383033752 
vn 0.26374828815460205 -0.961154580116272 0.08135557919740677 
vn 0.11097068339586258 -0.990840494632721 0.07694536447525024 
vn 0.2658633291721344 -0.961154580116272 0.07415243238210678 
vn 0.10574393719434738 -0.991421103477478 0.07682746648788452 
vn 0.27016693353652954 -0.9599394202232361 0.07433832436800003 
vn 0.10995746403932571 -0.991421103477478 0.0706653743982315 
vn 0.2720653712749481 -0.9599394202232361 0.06705808639526367 
vn -0.0018501408630982041 -0.9972425103187561 0.07418830692768097 
vn -0.0018501408630982041 -0.9972425103187561 0.07418830692768097 
vn -0.10995746403932571 -0.991421103477478 0.0706653743982315 
vn -0.0018418359104543924 -0.9969087839126587 0.07854640483856201 
vn -0.003704126225784421 -0.9961841106414795 0.08719801157712936 
vn 0.0018539319280534983 -0.994954526424408 0.10030980408191681 
vn -0.10912671685218811 -0.9902410507202148 0.08668376505374908 
vn -0.2648303210735321 -0.961154580116272 0.0777611956000328 
vn -0.11097068339586258 -0.990840494632721 0.07694536447525024 
vn -0.10574393719434738 -0.991421103477478 0.07682746648788452 
vn -0.2720653712749481 -0.9599394202232361 0.06705808639526367 
vn -0.27016693353652954 -0.9599394202232361 0.07433832436800003 
vn -0.016992410644888878 0.882628321647644 0.4697643518447876 
vn -0.024538783356547356 0.882628321647644 0.4694306552410126 
vn -0.25766289234161377 0.8033295273780823 0.5369092226028442 
vn -0.25695061683654785 0.8236515522003174 0.5055437684059143 
vn -0.2557803988456726 0.8429672718048096 0.47326791286468506 
vn -0.6667569875717163 0.6249527335166931 0.40604081749916077 
vn -0.6574661135673523 0.6715083718299866 0.3417818248271942 
vn 0.0075531331822276115 0.9060511589050293 0.4231007695198059 
vn -0.0056703295558691025 0.888714075088501 0.4584268033504486 
vn -0.16262266039848328 0.7511792182922363 0.6397528052330017 
vn -0.21847935020923615 0.762600839138031 0.6088569164276123 
vn -0.4451039433479309 0.2612801790237427 0.8565133810043335 
vn -0.5750506520271301 0.34862664341926575 0.7401190400123596 
vn -0.5749613642692566 -0.11553031951189041 0.8099828362464905 
vn -0.009441650472581387 0.882628321647644 0.4699767529964447 
vn -0.24634075164794922 0.7820260524749756 0.5724958777427673 
vn -0.6360318660736084 0.43303996324539185 0.6387016773223877 
vn -0.6614159941673279 0.5062933564186096 0.5533497333526611 
vn -0.6671159267425537 0.5688942670822144 0.4809528589248657 
vn -0.7384083271026611 -0.002184694167226553 0.6743503212928772 
vn -0.8255142569541931 0.10250037163496017 0.5549954175949097 
vn -0.8001201152801514 -0.1975002884864807 0.5663933157920837 
vn -0.8866574168205261 -0.08510008454322815 0.4545290470123291 
vn -0.8672041893005371 0.1975002884864807 0.457111120223999 
vn -0.9322560429573059 0.010923261754214764 0.3616342842578888 
vn -0.8857971429824829 0.2781098484992981 0.3715081512928009 
vn -0.6289143562316895 -0.3280687630176544 0.7048670649528503 
vn -0.9562026858329773 0.0981530249118805 0.27575790882110596 
vn -0.9641101360321045 0.1760382205247879 0.19875143468379974 
vn -0.8913888335227966 0.34862664341926575 0.2896297872066498 
vn -0.9616912603378296 0.24437066912651062 0.12422938644886017 
vn -0.8888752460479736 0.40926313400268555 0.20592360198497772 
vn -0.9505172967910767 0.30735430121421814 0.04527872055768967 
vn -0.8769418001174927 0.4642767012119293 0.12417808175086975 
vn -0.9284935593605042 0.3690181374549866 -0.04153664782643318 
vn -0.8548180460929871 0.5175535082817078 0.03774205222725868 
vn -0.892248809337616 0.43303996324539185 -0.12793923914432526 
vn -0.8207110166549683 0.5688942670822144 -0.05284589156508446 
vn -0.8337060213088989 0.5062933564186096 -0.2204570174217224 
vn -0.7625594735145569 0.6283578276634216 -0.15384887158870697 
vn -0.7350519895553589 0.590256929397583 -0.33360958099365234 
vn -0.6734736561775208 0.6938546895980835 -0.25494879484176636 
vn -0.5757108330726624 0.6875353455543518 -0.4425519108772278 
vn -0.5298882722854614 0.7710143327713013 -0.35320720076560974 
vn -0.3220140337944031 0.7792953848838806 -0.5375924706459045 
vn -0.29103076457977295 0.8476362228393555 -0.4436371922492981 
vn 1.7952378136582708e-13 0.8161473870277405 -0.5778437852859497 
vn 1.4919529912719998e-13 0.8763908743858337 -0.4816005229949951 
vn 0.32371091842651367 0.7765498161315918 -0.5405382513999939 
vn 0.29418373107910156 0.8476362228393555 -0.44155269861221313 
vn 0.5757108330726624 0.6875353455543518 -0.4425519108772278 
vn 0.5277813076972961 0.7710143327713013 -0.35634779930114746 
vn 0.7366058230400085 0.590256929397583 -0.33016446232795715 
vn 0.6748015284538269 0.6938546895980835 -0.25141310691833496 
vn 0.8350244164466858 0.5025205612182617 -0.2240700125694275 
vn 0.7632975578308105 0.6283578276634216 -0.15014436841011047 
vn 0.892248809337616 0.43303996324539185 -0.12793923914432526 
vn 0.8207110166549683 0.5688942670822144 -0.05284589156508446 
vn 0.9286547303199768 0.3690181374549866 -0.03776277229189873 
vn 0.8548180460929871 0.5175535082817078 0.03774205222725868 
vn 0.9518523812294006 0.30319350957870483 0.04528505355119705 
vn 0.8764045238494873 0.4642767012119293 0.12791506946086884 
vn 0.9632364511489868 0.2401314377784729 0.1204676702618599 
vn 0.8880152702331543 0.40926313400268555 0.20960098505020142 
vn 0.9648654460906982 0.1760382205247879 0.19505175948143005 
vn 0.8913888335227966 0.34862664341926575 0.2896297872066498 
vn 0.9562026858329773 0.0981530249118805 0.27575790882110596 
vn 0.8885459899902344 0.27391019463539124 0.3680478036403656 
vn 0.9322560429573059 0.010923261754214764 0.3616342842578888 
vn 0.8679592609405518 0.19321508705615997 0.4575091302394867 
vn 0.8849285244941711 -0.08510008454322815 0.45788586139678955 
vn 0.8255142569541931 0.10250037163496017 0.5549954175949097 
vn 0.7945891618728638 -0.2017817199230194 0.5726361870765686 
vn 0.7384083271026611 -0.002184694167226553 0.6743503212928772 
vn 0.6292592287063599 -0.33219319581985474 0.7026240229606628 
vn 0.5718802213668823 -0.11553031951189041 0.8121611475944519 
vn 0.5690701603889465 0.34862664341926575 0.7447271943092346 
vn 0.44174957275390625 0.2612801790237427 0.858248233795166 
vn 0.21847935020923615 0.762600839138031 0.6088569164276123 
vn 0.16628089547157288 0.7511792182922363 0.6388117671012878 
vn 0.0018901526927947998 0.888714075088501 0.45845797657966614 
vn -0.007568394299596548 0.9078915119171143 0.4191369414329529 
vn 0.013217457570135593 0.882628321647644 0.4698857069015503 
vn 0.24460308253765106 0.7792953848838806 0.5769472122192383 
vn 0.6360318660736084 0.43303996324539185 0.6387016773223877 
vn 0.6617555022239685 0.5025205612182617 0.5563746690750122 
vn 0.02076626755297184 0.882628321647644 0.46961265802383423 
vn 0.254250168800354 0.8033295273780823 0.5385336875915527 
vn 0.02076626755297184 0.882628321647644 0.46961265802383423 
vn 0.2603168785572052 0.8236515522003174 0.5038186311721802 
vn 0.02080843411386013 0.8846737742424011 0.4657459557056427 
vn 0.6671159267425537 0.5688942670822144 0.4809528589248657 
vn 0.2591002583503723 0.8429672718048096 0.4714585840702057 
vn 0.6681433320045471 0.6215357780456543 0.408996045589447 
vn 0.022685980424284935 0.8867024183273315 0.4617837071418762 
vn 0.25596722960472107 0.8590245246887207 0.443348228931427 
vn 0.024560293182730675 0.888714075088501 0.45780354738235474 
vn 0.6574661135673523 0.6715083718299866 0.3417818248271942 
vn 0.6466274261474609 0.7124928832054138 0.27244603633880615 
vn 0.2503187358379364 0.87427818775177 0.4159064292907715 
vn 0.024560293182730675 0.888714075088501 0.45780354738235474 
vn 0.24540075659751892 0.888714075088501 0.38725411891937256 
vn 0.02829831838607788 0.8926864862442017 0.4497888684272766 
vn 0.6322916746139526 0.7482877969741821 0.20068034529685974 
vn 0.6065390110015869 0.7847417593002319 0.12763534486293793 
vn 0.24023504555225372 0.9041935205459595 0.3531588912010193 
vn 0.032111942768096924 0.8784868121147156 0.4766862392425537 
vn 0.22508475184440613 0.913308322429657 0.3394182026386261 
vn 0.02077474258840084 0.8522403836250305 0.5227377414703369 
vn 0.5646255016326904 0.8236515522003174 0.05287889763712883 
vn 0.49661338329315186 0.8678402304649353 -0.015115143731236458 
vn 0.19525764882564545 0.916832447052002 0.3482710123062134 
vn 0.0018908836646005511 0.838234007358551 0.5453073978424072 
vn 0.1347452998161316 0.9302261471748352 0.341354638338089 
vn -0.003782470477744937 0.8310141563415527 0.5562383532524109 
vn 0.3824312686920166 0.9202865362167358 -0.08257708698511124 
vn 0.20714205503463745 0.9669547080993652 -0.1486295610666275 
vn 0.0712183490395546 0.9424833655357361 0.326577752828598 
vn 0.0018912923987954855 0.8285757899284363 0.5598737597465515 
vn -0.001893595326691866 0.946783721446991 0.3218648433685303 
vn 0.003782470477744937 0.8310141563415527 0.5562383532524109 
vn 5.535934259831912e-14 0.9839963912963867 -0.17818838357925415 
vn -0.20264668762683868 0.9669547080993652 -0.1547025889158249 
vn -0.0712183490395546 0.9424833655357361 0.326577752828598 
vn 0.0018908836646005511 0.838234007358551 0.5453073978424072 
vn -0.13825415074825287 0.9302261471748352 0.3399486243724823 
vn -0.02454940602183342 0.8522403836250305 0.5225740671157837 
vn -0.3783344328403473 0.9219872951507568 -0.08247736096382141 
vn -0.4967139959335327 0.8678402304649353 -0.01133712287992239 
vn -0.19525764882564545 0.916832447052002 0.3482710123062134 
vn -0.03588307276368141 0.8784868121147156 0.47641721367836 
vn -0.22508475184440613 0.913308322429657 0.3394182026386261 
vn -0.03206542506814003 0.8926864862442017 0.4495360255241394 
vn -0.5610053539276123 0.8261215686798096 0.052878644317388535 
vn -0.6073063015937805 0.7847417593002319 0.12393300235271454 
vn -0.23710037767887115 0.9041935205459595 0.35527101159095764 
vn -0.028334302827715874 0.888714075088501 0.45758548378944397 
vn -0.24219928681850433 0.888714075088501 0.38926443457603455 
vn -0.028334302827715874 0.888714075088501 0.45758548378944397 
vn -0.6276739835739136 0.7511792182922363 0.20434081554412842 
vn -0.6451498866081238 0.7124928832054138 0.27592653036117554 
vn -0.25596722960472107 0.8590245246887207 0.443348228931427 
vn -0.02458854392170906 0.8846737742424011 0.4655616879463196 
vn -0.022685980424284935 0.8867024183273315 0.4617837071418762 
vn -0.24706895649433136 0.87427818775177 0.41784512996673584 
vn 8.835683920627169e-14 0.9587059020996094 -0.2843993604183197 
vn -0.11435563117265701 0.953589141368866 -0.2785508334636688 
vn -0.11119859665632248 0.949560284614563 -0.2932066023349762 
vn -0.2719327211380005 0.9202865362167358 -0.2812921106815338 
vn -0.2651262879371643 0.9150791168212891 -0.3038720488548279 
vn -0.5501326322555542 0.7980946898460388 -0.24576200544834137 
vn -0.5636296272277832 0.7927988767623901 -0.23193012177944183 
vn -0.2751384377479553 0.9219872951507568 -0.27246707677841187 
vn -0.1123247966170311 0.9548956751823425 -0.27487701177597046 
vn 0.0018932452658191323 0.961154580116272 -0.27600419521331787 
vn -0.003778246697038412 0.962351381778717 -0.27178213000297546 
vn -0.11247377842664719 0.9561840295791626 -0.27029940485954285 
vn -0.27494016289711 0.9236704111099243 -0.26690998673439026 
vn -0.2727365791797638 0.9253358840942383 -0.26337864995002747 
vn -0.5613181591033936 0.7954543828964233 -0.22841691970825195 
vn -0.5750856399536133 0.7874425053596497 -0.22183501720428467 
vn -0.8510536551475525 0.5062933564186096 -0.1391930878162384 
vn -0.8599061369895935 0.4911448359489441 -0.13906197249889374 
vn -0.9696635603904724 0.23588760197162628 -0.06410662084817886 
vn -0.9719301462173462 0.22738653421401978 -0.06039178743958473 
vn -0.9949134588241577 0.0981530249118805 -0.022653281688690186 
vn -0.849801242351532 0.5062933564186096 -0.14664556086063385 
vn -0.8363579511642456 0.5250110030174255 -0.157698392868042 
vn -0.5383023619651794 0.8007197380065918 -0.26282790303230286 
vn -0.26144489645957947 0.9115201234817505 -0.3174549639225006 
vn -0.10775870829820633 0.9439348578453064 -0.3120497465133667 
vn -0.001888386206701398 0.9548956751823425 -0.29693543910980225 
vn 0.11435563117265701 0.953589141368866 -0.2785508334636688 
vn 0.1158117726445198 0.9548956751823425 -0.2734261453151703 
vn 0.27494016289711 0.9236704111099243 -0.26690998673439026 
vn 0.2753497064113617 0.9253358840942383 -0.2606455087661743 
vn 0.5750856399536133 0.7874425053596497 -0.22183501720428467 
vn 0.5613181591033936 0.7954543828964233 -0.22841691970825195 
vn 0.8605006337165833 0.4911448359489441 -0.13533450663089752 
vn 0.8504356145858765 0.5062933564186096 -0.14292068779468536 
vn 0.9719301462173462 0.22738653421401978 -0.06039178743958473 
vn 0.9699051976203918 0.23588760197162628 -0.060340650379657745 
vn 0.9949134588241577 0.0981530249118805 -0.022653281688690186 
vn 0.9949134588241577 0.0981530249118805 -0.022653281688690186 
vn 0.9992818832397461 0.03713129088282585 -0.007546626031398773 
vn 0.9992818832397461 0.03713129088282585 -0.007546626031398773 
vn 0.999997615814209 0.002184694167226553 0 
vn 0.999997615814209 0.002184694167226553 0 
vn 0.9994345903396606 -0.03276457265019417 0.007547779008746147 
vn 0.9992818832397461 -0.03713129088282585 0.007546626031398773 
vn 0.9959624409675598 -0.08945280313491821 0.007548777386546135 
vn 0.9951426982879639 -0.0981530249118805 0.007551673799753189 
vn 0.9725383520126343 -0.23163928091526031 0.022636082023382187 
vn 0.9754915833473206 -0.21886809170246124 0.022648874670267105 
vn 0.8615359663963318 -0.5062933564186096 0.03772038593888283 
vn 0.8702602386474609 -0.4911448359489441 0.0377340093255043 
vn 0.571113109588623 -0.8186644315719604 0.06015264615416527 
vn 0.5818533897399902 -0.8110666871070862 0.06014552712440491 
vn 0.27016693353652954 -0.9599394202232361 0.07433832436800003 
vn 0.2720653712749481 -0.9599394202232361 0.06705808639526367 
vn 0.10896994918584824 0.9561840295791626 -0.27173087000846863 
vn 0.2658633291721344 -0.961154580116272 0.07415243238210678 
vn 0.5594183206558228 -0.8261215686798096 0.06763382256031036 
vn 0.8498925566673279 -0.5250110030174255 0.04523332044482231 
vn 0.26374828815460205 -0.961154580116272 0.08135557919740677 
vn 0.547490119934082 -0.8334367275238037 0.07508550584316254 
vn 0.2633090913295746 -0.9599394202232361 0.09583667665719986 
vn 0.5353230834007263 -0.8406086564064026 0.0824999064207077 
vn 0.2577853202819824 -0.9599394202232361 0.10983205586671829 
vn 0.837762176990509 -0.5434780716896057 0.05278313159942627 
vn 0.9683400392532349 -0.24860523641109467 0.022650258615612984 
vn 0.9636399745941162 -0.26549527049064636 0.030170392245054245 
vn 0.9941611289978027 -0.10684575140476227 0.015089319087564945 
vn 0.8226815462112427 -0.5652954578399658 0.06030048802495003 
vn 0.5215843915939331 -0.8476362228393555 0.09727585315704346 
vn 0.8043590784072876 -0.590256929397583 0.06784687936306 
vn 0.5087400078773499 -0.8545181155204773 0.10479695349931717 
vn 0.25940296053886414 -0.9587059020996094 0.11658945679664612 
vn 0.26212283968925476 -0.9561840295791626 0.13039833307266235 
vn 0.9576071500778198 -0.2864931523799896 0.030169490724802017 
vn 0.9494937658309937 -0.31150925159454346 0.0377306193113327 
vn 0.787116527557373 -0.6112139225006104 0.08285574615001678 
vn 0.5016536116600037 -0.8567795157432556 0.11946772038936615 
vn 0.2644420862197876 -0.953589141368866 0.14400748908519745 
vn 0.49408218264579773 -0.8590245246887207 0.13401365280151367 
vn 0.7698975801467896 -0.6317508816719055 0.09026926755905151 
vn 0.7577396631240845 -0.6452018022537231 0.09769970923662186 
vn 0.99318927526474 -0.11553031951189041 0.015092799440026283 
vn 0.992141604423523 -0.1242060661315918 0.015095134265720844 
vn 0.9896751642227173 -0.1415284425020218 0.0226434376090765 
vn 0.9406623244285583 -0.3363112509250641 0.04526720941066742 
vn 0.9991101026535034 -0.04149730131030083 0.007545328699052334 
vn 0.9991101026535034 -0.04149730131030083 0.007545328699052334 
vn 0.9989191889762878 -0.04586252197623253 0.0075529650785028934 
vn 0.9984803199768066 -0.05459024757146835 0.0075496467761695385 
vn 0.999997615814209 0.002184694167226553 0 
vn 0.999997615814209 0.002184694167226553 0 
vn 0.999997615814209 0.002184694167226553 0 
vn 0.999997615814209 0.002184694167226553 0 
vn 0.999997615814209 0.002184694167226553 0 
vn 0.998146653175354 -0.058952588587999344 0.015095110982656479 
vn 0.9877342581748962 -0.15449213981628418 0.022654034197330475 
vn 0.9311177134513855 -0.36088213324546814 0.05276253819465637 
vn 0.9225361347198486 -0.3811691105365753 0.06030870974063873 
vn 0.9846804141998291 -0.17173540592193604 0.030189597979187965 
vn 0.9812653660774231 -0.18892620503902435 0.03775099664926529 
vn 0.9969637393951416 -0.0763898640871048 0.015095389448106289 
vn 0.9975931644439697 -0.06767380982637405 0.015104919672012329 
vn 0.999997615814209 -0.002184694167226553 0 
vn 0.999997615814209 -0.002184694167226553 0 
vn 0.9968209266662598 0.0763898640871048 -0.022642003372311592 
vn 0.9974502325057983 0.06767380982637405 -0.02265629731118679 
vn 0.9812553524971008 0.18033768236637115 -0.06794284284114838 
vn 0.998146653175354 0.058952588587999344 -0.015095110982656479 
vn 0.9983946681022644 0.05459024757146835 -0.015098861418664455 
vn 0.9986236691474915 0.05022686347365379 -0.015102324075996876 
vn 0.9991101026535034 0.04149730131030083 -0.007545328699052334 
vn 0.9991101026535034 0.04149730131030083 -0.007545328699052334 
vn 0.9942747354507446 0.10250037163496017 -0.030189042910933495 
vn 0.9673022031784058 0.24437066912651062 -0.0678926333785057 
vn 0.849150538444519 0.5062933564186096 -0.1503676176071167 
vn 0.5650559663772583 0.7927988767623901 -0.22843320667743683 
vn 0.2751384377479553 0.9219872951507568 -0.27246707677841187 
vn 0.11119859665632248 0.949560284614563 -0.2932066023349762 
vn 9.714552431797432e-14 0.949560284614563 -0.31358450651168823 
vn -0.11140390485525131 0.9380210638046265 -0.3281853199005127 
vn -0.2596760094165802 0.9078915119171143 -0.3290918171405792 
vn -0.5236652493476868 0.8059239983558655 -0.27615436911582947 
vn -0.8199099898338318 0.5434780716896057 -0.17994223535060883 
vn -0.9620070457458496 0.2612801790237427 -0.07921557873487473 
vn -0.9670305848121643 0.24437066912651062 -0.07165774703025818 
vn -0.9942747354507446 0.10250037163496017 -0.030189042910933495 
vn -0.9949134588241577 0.0981530249118805 -0.022653281688690186 
vn -0.9927234649658203 0.11553031951189041 -0.03395349159836769 
vn -0.9566241502761841 0.2781098484992981 -0.08674779534339905 
vn -0.8041367530822754 0.5616858005523682 -0.19461025297641754 
vn -0.5105915665626526 0.8085030317306519 -0.2926073670387268 
vn -0.2616373598575592 0.9041935205459595 -0.337609201669693 
vn -0.10800662636756897 0.933397650718689 -0.3422037959098816 
vn 0.003785097738727927 0.9439348578453064 -0.3301100730895996 
vn 0.10775870829820633 0.9439348578453064 -0.3120497465133667 
vn 0.2692009508609772 0.9202865362167358 -0.28390753269195557 
vn 0.5516629219055176 0.7980946898460388 -0.24230751395225525 
vn 0.8363579511642456 0.5250110030174255 -0.157698392868042 
vn 0.9623095989227295 0.2612801790237427 -0.07545129954814911 
vn 0.9928452968597412 0.11553031951189041 -0.030182113870978355 
vn 0.9915388226509094 0.1242060661315918 -0.03773019462823868 
vn 0.9562756419181824 0.2781098484992981 -0.09050847589969635 
vn 0.8199099898338318 0.5434780716896057 -0.17994223535060883 
vn 0.5383023619651794 0.8007197380065918 -0.26282790303230286 
vn 0.26796427369117737 0.9150791168212891 -0.30137237906455994 
vn 0.11140390485525131 0.9380210638046265 -0.3281853199005127 
vn 0.0018875712994486094 0.9395264387130737 -0.3424711227416992 
vn -0.10980413109064102 0.9302261471748352 -0.3501747250556946 
vn -0.2635665237903595 0.9004265069961548 -0.3460704982280731 
vn -0.5029043555259705 0.8085030317306519 -0.30563053488731384 
vn -0.7876030802726746 0.5796254277229309 -0.20908309519290924 
vn -0.9491997957229614 0.2990269064903259 -0.09799325466156006 
vn -0.9915388226509094 0.1242060661315918 -0.03773019462823868 
vn -0.9986736178398132 0.05022686347365379 -0.011326932348310947 
vn -0.9991101026535034 0.04149730131030083 -0.007545328699052334 
vn -0.9991101026535034 0.04149730131030083 -0.007545328699052334 
vn -0.9992818832397461 0.03713129088282585 -0.007546626031398773 
vn -0.9992818832397461 0.03713129088282585 -0.007546626031398773 
vn -0.999997615814209 0.002184694167226553 -2.0682260971124217e-13 
vn -0.999997615814209 0.002184694167226553 -2.0682260971124217e-13 
vn -0.999997615814209 0.002184694167226553 -2.0682260971124217e-13 
vn -0.999997615814209 0.002184694167226553 -2.0682260971124217e-13 
vn -0.999997615814209 0.002184694167226553 -2.0682260971124217e-13 
vn -0.999997615814209 0.002184694167226553 -2.0682260971124217e-13 
vn -0.9983304738998413 0.05459024757146835 -0.018873171880841255 
vn -0.9895066022872925 0.1372016966342926 -0.045302875339984894 
vn -0.9397460222244263 0.3239381015300751 -0.10927724838256836 
vn -0.7712574601173401 0.5972883701324463 -0.22001925110816956 
vn -0.496868759393692 0.8110666871070862 -0.3086945414543152 
vn -0.7597963213920593 0.607749879360199 -0.2309754490852356 
vn -0.9305171370506287 0.34452807903289795 -0.1242506206035614 
vn -0.9865800738334656 0.15449213981628418 -0.052838824689388275 
vn -0.9980824589729309 0.058952588587999344 -0.01886848360300064 
vn -0.999997615814209 0.002184694167226553 -2.0682260971124217e-13 
vn -0.9981966018676758 -0.058952588587999344 0.011321521364152431 
vn -0.9984446167945862 -0.05459024757146835 0.011324334889650345 
vn -0.9988834857940674 -0.04586252197623253 0.011329312808811665 
vn -0.9991101026535034 -0.04149730131030083 0.007545328699052334 
vn -0.9991101026535034 -0.04149730131030083 0.007545328699052334 
vn -0.9992818832397461 -0.03713129088282585 0.007546626031398773 
vn -0.9994345903396606 -0.03276457265019417 0.007547779008746147 
vn -0.9951426982879639 -0.0981530249118805 0.007551673799753189 
vn -0.9959266781806946 -0.08945280313491821 0.011323031038045883 
vn -0.9754915833473206 -0.21886809170246124 0.022648874670267105 
vn -0.9725383520126343 -0.23163928091526031 0.022636082023382187 
vn -0.8700885772705078 -0.4911448359489441 0.04150468111038208 
vn -0.8615359663963318 -0.5062933564186096 0.03772038593888283 
vn -0.5818533897399902 -0.8110666871070862 0.06014552712440491 
vn -0.570706307888031 -0.8186644315719604 0.06389705836772919 
vn -0.2720653712749481 -0.9599394202232361 0.06705808639526367 
vn -0.27016693353652954 -0.9599394202232361 0.07433832436800003 
vn -0.5594183206558228 -0.8261215686798096 0.06763382256031036 
vn -0.2648303210735321 -0.961154580116272 0.0777611956000328 
vn -0.9227240085601807 0.36088213324546814 -0.1354418247938156 
vn -0.850084662437439 -0.5250110030174255 0.04146699979901314 
vn -0.9683400392532349 -0.24860523641109467 0.022650258615612984 
vn -0.9941611289978027 -0.10684575140476227 0.015089319087564945 
vn -0.9932394623756409 -0.11553031951189041 0.011319790035486221 
vn -0.9637506604194641 -0.26549527049064636 0.02640010416507721 
vn -0.837990939617157 -0.5434780716896057 0.04901736602187157 
vn -0.5479890704154968 -0.8334367275238037 0.07135279476642609 
vn -0.2626174986362457 -0.961154580116272 0.08493491262197495 
vn -0.5353230834007263 -0.8406086564064026 0.0824999064207077 
vn -0.2633090913295746 -0.9599394202232361 0.09583667665719986 
vn -0.822948694229126 -0.5652954578399658 0.05653781816363335 
vn -0.9576071500778198 -0.2864931523799896 0.030169490724802017 
vn -0.992141604423523 -0.1242060661315918 0.015095134265720844 
vn -0.9896751642227173 -0.1415284425020218 0.0226434376090765 
vn -0.9877342581748962 -0.15449213981628418 0.022654034197330475 
vn -0.9846804141998291 -0.17173540592193604 0.030189597979187965 
vn -0.9406623244285583 -0.3363112509250641 0.04526720941066742 
vn -0.9493364095687866 -0.31150925159454346 0.04150139167904854 
vn -0.8043590784072876 -0.590256929397583 0.06784687936306 
vn -0.5222610831260681 -0.8476362228393555 0.09357455372810364 
vn -0.2577853202819824 -0.9599394202232361 0.10983205586671829 
vn -0.5079662799835205 -0.8545181155204773 0.10848528146743774 
vn -0.25940296053886414 -0.9587059020996094 0.11658945679664612 
vn -0.7875025868415833 -0.6112139225006104 0.07910246402025223 
vn -0.9308967590332031 -0.36088213324546814 0.05652682110667229 
vn -0.2644420862197876 -0.953589141368866 0.14400748908519745 
vn -0.2604292631149292 -0.9561840295791626 0.13374866545200348 
vn -0.49505478143692017 -0.8590245246887207 0.13037492334842682 
vn -0.5016536116600037 -0.8567795157432556 0.11946772038936615 
vn -0.7572486400604248 -0.6452018022537231 0.1014355719089508 
vn -0.7698975801467896 -0.6317508816719055 0.09026926755905151 
vn -0.9225361347198486 -0.3811691105365753 0.06030870974063873 
vn -0.9814032912254333 -0.18892620503902435 0.033977486193180084 
vn -0.9975931644439697 -0.06767380982637405 0.015104919672012329 
vn -0.999997615814209 -0.002184694167226553 -2.0682260971124217e-13 
vn -0.9969637393951416 -0.0763898640871048 0.015095389448106289 
vn -0.999997615814209 -0.002184694167226553 -2.0682260971124217e-13 
vn -0.9974502325057983 0.06767380982637405 -0.02265629731118679 
vn -0.984032392501831 0.16742929816246033 -0.0603962317109108 
vn -0.9812553524971008 0.18033768236637115 -0.06794284284114838 
vn -0.9968209266662598 0.0763898640871048 -0.022642003372311592 
vn 0.9993491172790527 0.03276457265019417 0.015095127746462822 
vn 0.9955738186836243 -0.07203252613544464 0.06036658585071564 
vn 0.9956932067871094 -0.04149730131030083 0.08290397375822067 
vn 0.9793391227722168 -0.15017375349998474 0.13543520867824554 
vn 0.981322705745697 -0.11986933648586273 0.15045633912086487 
vn 0.9507265090942383 -0.2060592919588089 0.23164349794387817 
vn 0.9488925337791443 -0.23588760197162628 0.20966649055480957 
vn 0.978268027305603 -0.16312000155448914 0.12799812853336334 
vn 0.9562026858329773 0.0981530249118805 0.27575790882110596 
vn 0.9648654460906982 0.1760382205247879 0.19505175948143005 
vn 0.977444589138031 -0.024029340595006943 0.20982049405574799 
vn 0.9890298247337341 0.058952588587999344 0.13544213771820068 
vn 0.9893755316734314 0.12854042649269104 0.06792200356721878 
vn 0.9632364511489868 0.2401314377784729 0.1204676702618599 
vn 0.9322560429573059 0.010923261754214764 0.3616342842578888 
vn 0.9521937966346741 -0.11553031951189041 0.282806932926178 
vn 0.9018118977546692 -0.21460255980491638 0.3750746548175812 
vn 0.8849285244941711 -0.08510008454322815 0.45788586139678955 
vn 0.7945891618728638 -0.2017817199230194 0.5726361870765686 
vn 0.8092181086540222 -0.3363112509250641 0.48172691464424133 
vn 0.6292592287063599 -0.33219319581985474 0.7026240229606628 
vn 0.6430712938308716 -0.4719987213611603 0.6030559539794922 
vn 0.8089793920516968 -0.417220801115036 0.41410040855407715 
vn 0.6404494047164917 -0.5507928133010864 0.535211980342865 
vn 0.9006495475769043 -0.30319350957870483 0.3112941384315491 
vn 0.8952814936637878 -0.33219319581985474 0.2968480587005615 
vn 0.8012320399284363 -0.44481781125068665 0.4002053737640381 
vn 0.6371557116508484 -0.5724822878837585 0.5160393714904785 
vn 0.7947005033493042 -0.456519216299057 0.40005162358283997 
vn 0.6233661770820618 -0.5831804275512695 0.5208792686462402 
vn 0.8907079696655273 -0.34452807903289795 0.29654639959335327 
vn 0.9456223845481873 -0.24860523641109467 0.209746852517128 
vn 0.9757878184318542 -0.17173540592193604 0.13544408977031708 
vn 0.940579891204834 -0.2612801790237427 0.21689191460609436 
vn 0.879338264465332 -0.36088213324546814 0.3106899857521057 
vn 0.7787206172943115 -0.4719987213611603 0.41329336166381836 
vn 0.6007101535797119 -0.5972883701324463 0.5314074754714966 
vn 0.7537636160850525 -0.4949462115764618 0.4322831332683563 
vn 0.5773665904998779 -0.6112139225006104 0.5413551330566406 
vn 0.86555415391922 -0.3811691105365753 0.32484790682792664 
vn 0.9340091943740845 -0.2781098484992981 0.22423577308654785 
vn 0.9731738567352295 -0.18033768236637115 0.14286676049232483 
vn 0.9941607713699341 -0.08945280313491821 0.060353800654411316 
vn 0.9945414066314697 -0.08510008454322815 0.060376908630132675 
vn 0.9999118447303772 -0.010923261754214764 -0.007551383227109909 
vn 0.999997615814209 -0.002184694167226553 0 
vn 0.9999118447303772 -0.010923261754214764 -0.007551383227109909 
vn 0.9937611222267151 -0.09380380809307098 0.06032954156398773 
vn 0.9707006216049194 -0.19321508705615997 0.14285752177238464 
vn 0.9270772933959961 -0.2948545813560486 0.231491819024086 
vn 0.853784441947937 -0.401274174451828 0.33170950412750244 
vn 0.7284631729125977 -0.5212872624397278 0.44452330470085144 
vn 0.5381206274032593 -0.6351318359375 0.5541062355041504 
vn 0.6960061192512512 -0.5544344186782837 0.45626524090766907 
vn 0.49792546033859253 -0.661737859249115 0.560511589050293 
vn 0.8354415893554688 -0.43303996324539185 0.33839884400367737 
vn 0.9215789437294006 -0.31150925159454346 0.23163379728794098 
vn 0.9710308313369751 -0.2017817199230194 0.1279972940683365 
vn 0.9933381080627441 -0.0981530249118805 0.06037686765193939 
vn 0.9998263120651245 -0.010923261754214764 -0.015102335251867771 
vn 0.9948500990867615 0.06767380982637405 -0.07545536756515503 
vn 0.9951423406600952 0.0633138045668602 -0.07538635283708572 
vn 0.9950882792472839 0.07203252613544464 -0.0679013803601265 
vn 0.9937021136283875 0.10250037163496017 -0.045274872332811356 
vn 0.9803028106689453 0.1975002884864807 0 
vn 0.9518523812294006 0.30319350957870483 0.04528505355119705 
vn 0.9286547303199768 0.3690181374549866 -0.03776277229189873 
vn 0.9599818587303162 0.26970529556274414 -0.07545749843120575 
vn 0.9770832657814026 0.18033768236637115 -0.11307774484157562 
vn 0.9793391227722168 0.15017375349998474 -0.13543520867824554 
vn 0.978916585445404 0.1458524912595749 -0.14300142228603363 
vn 0.9771571159362793 0.15017375349998474 -0.15037234127521515 
vn 0.9942504167556763 0.06767380982637405 -0.08298425376415253 
vn 0.9997690320014954 -0.0152922747656703 -0.015101470053195953 
vn 0.9932451844215393 -0.10684575140476227 0.04525405541062355 
vn 0.9700345396995544 -0.21886809170246124 0.10549761354923248 
vn 0.9181392192840576 -0.3363112509250641 0.20955929160118103 
vn 0.8220434784889221 -0.46814218163490295 0.32417190074920654 
vn 0.6610422730445862 -0.5972883701324463 0.45416921377182007 
vn 0.4496098458766937 -0.6969945430755615 0.5586140155792236 
vn 0.6290345788002014 -0.6584556698799133 0.4132210612297058 
vn 0.40768760442733765 -0.7482877969741821 0.5233126878738403 
vn 0.80571448802948 -0.5212872624397278 0.2812183201313019 
vn 0.9171994924545288 -0.3690181374549866 0.1502353996038437 
vn 0.9693025946617126 -0.2401314377784729 0.05281474068760872 
vn 0.9930459260940552 -0.11553031951189041 0.0226381104439497 
vn 0.9993505477905273 -0.01966099627315998 -0.03019719012081623 
vn 0.9932897686958313 0.07203252613544464 -0.09048069268465042 
vn 0.9733824133872986 0.15880759060382843 -0.16524763405323029 
vn 0.9344365000724792 0.25706008076667786 -0.24647216498851776 
vn 0.9415741562843323 0.24437066912651062 -0.2317781150341034 
vn 0.9472355246543884 0.23588760197162628 -0.21702978014945984 
vn 0.9488925337791443 0.23588760197162628 -0.20966649055480957 
vn 0.9441800713539124 0.26549527049064636 -0.19502891600131989 
vn 0.9251244068145752 0.34862664341926575 -0.15034735202789307 
vn 0.892248809337616 0.43303996324539185 -0.12793923914432526 
vn 0.8691781163215637 0.43303996324539185 -0.23875883221626282 
vn 0.8350244164466858 0.5025205612182617 -0.2240700125694275 
vn 0.8926764130592346 0.3568037748336792 -0.27535420656204224 
vn 0.8952814936637878 0.33219319581985474 -0.2968480587005615 
vn 0.8928768038749695 0.33219319581985474 -0.30400437116622925 
vn 0.8831611275672913 0.34452807903289795 -0.31831878423690796 
vn 0.8686679601669312 0.36088213324546814 -0.3393819034099579 
vn 0.8513965010643005 0.3811691105365753 -0.36032500863075256 
vn 0.9280939698219299 0.26549527049064636 -0.261062890291214 
vn 0.9713614583015442 0.16312000155448914 -0.17276805639266968 
vn 0.9921095967292786 0.06767380982637405 -0.10554064065217972 
vn 0.9982003569602966 -0.028397228568792343 -0.052817411720752716 
vn 0.9908744692802429 -0.1328723281621933 -0.02264338731765747 
vn 0.9649977684020996 -0.2612801790237427 -0.02262824960052967 
vn 0.9098919034004211 -0.40926313400268555 0.0678267627954483 
vn 0.7879588603973389 -0.5867242813110352 0.1867496818304062 
vn 0.5931255221366882 -0.736579954624176 0.32504168152809143 
vn 0.3674730360507965 -0.8211658596992493 0.4366351366043091 
vn 0.5594160556793213 -0.7927988767623901 0.24191665649414062 
vn 0.3371075987815857 -0.8805659413337708 0.33310967683792114 
vn 0.7701457142829895 -0.6249527335166931 0.1277092695236206 
vn 0.9029744863510132 -0.42909738421440125 0.022638607770204544 
vn 0.9630498290061951 -0.26549527049064636 -0.04524635523557663 
vn 0.9845036864280701 -0.15449213981628418 -0.08297422528266907 
vn 0.9948387742042542 -0.04586252197623253 -0.09051214158535004 
vn 0.9902716279029846 0.05459024757146835 -0.12799209356307983 
vn 0.9686033725738525 0.16312000155448914 -0.1876150667667389 
vn 0.9192389845848083 0.27391019463539124 -0.2827948331832886 
vn 0.8316766023635864 0.3972681760787964 -0.38793298602104187 
vn 0.6964537501335144 0.5250110030174255 -0.4891989529132843 
vn 0.7288002371788025 0.5025205612182617 -0.46510568261146545 
vn 0.7592560052871704 0.4796847105026245 -0.4398100674152374 
vn 0.7816625833511353 0.46040233969688416 -0.4207531809806824 
vn 0.7953191995620728 0.4487268626689911 -0.4075678586959839 
vn 0.8020983338356018 0.4487268626689911 -0.3940589725971222 
vn 0.7977754473686218 0.46814218163490295 -0.37999629974365234 
vn 0.7705449461936951 0.5361219048500061 -0.34472280740737915 
vn 0.7366058230400085 0.590256929397583 -0.33016446232795715 
vn 0.6049714088439941 0.651853621006012 -0.45727068185806274 
vn 0.5757108330726624 0.6875353455543518 -0.4425519108772278 
vn 0.32371091842651367 0.7765498161315918 -0.5405382513999939 
vn 0.34298741817474365 0.7569189071655273 -0.5562673807144165 
vn 1.7952378136582708e-13 0.8161473870277405 -0.5778437852859497 
vn 0.005669392179697752 0.8033295273780823 -0.595507800579071 
vn -0.3220140337944031 0.7792953848838806 -0.5375924706459045 
vn -0.3359355330467224 0.7597671151161194 -0.5566877126693726 
vn -0.5757108330726624 0.6875353455543518 -0.4425519108772278 
vn -0.6012821197509766 0.6551609039306641 -0.45741015672683716 
vn -0.7705449461936951 0.5361219048500061 -0.34472280740737915 
vn -0.7350519895553589 0.590256929397583 -0.33360958099365234 
vn -0.8671474456787109 0.43303996324539185 -0.2460319697856903 
vn -0.8337060213088989 0.5062933564186096 -0.2204570174217224 
vn -0.9238832592964172 0.34862664341926575 -0.15779460966587067 
vn -0.892248809337616 0.43303996324539185 -0.12793923914432526 
vn -0.9587904810905457 0.27391019463539124 -0.07545845210552216 
vn -0.9284935593605042 0.3690181374549866 -0.04153664782643318 
vn -0.9505172967910767 0.30735430121421814 0.04527872055768967 
vn -0.9794232249259949 0.2017817199230194 -0.003775416174903512 
vn -0.9616912603378296 0.24437066912651062 0.12422938644886017 
vn -0.9896270036697388 0.12854042649269104 0.06415398418903351 
vn -0.9641101360321045 0.1760382205247879 0.19875143468379974 
vn -0.9895347952842712 0.058952588587999344 0.13170215487480164 
vn -0.9562026858329773 0.0981530249118805 0.27575790882110596 
vn -0.9790012836456299 -0.024029340595006943 0.2024330198764801 
vn -0.9322560429573059 0.010923261754214764 0.3616342842578888 
vn -0.9515868425369263 -0.1111890971660614 0.2865648865699768 
vn -0.8866574168205261 -0.08510008454322815 0.4545290470123291 
vn -0.9032545685768127 -0.21460255980491638 0.3715870678424835 
vn -0.8001201152801514 -0.1975002884864807 0.5663933157920837 
vn -0.8127250075340271 -0.33219319581985474 0.47867077589035034 
vn -0.6289143562316895 -0.3280687630176544 0.7048670649528503 
vn -0.6430712938308716 -0.4719987213611603 0.6030559539794922 
vn -0.8108532428741455 -0.41324591636657715 0.41442111134529114 
vn -0.6457678079605103 -0.5471406579017639 0.5325608253479004 
vn -0.8048892021179199 -0.4409002661705017 0.39719048142433167 
vn -0.6395225524902344 -0.5724822878837585 0.5131032466888428 
vn -0.7963894605636597 -0.456519216299057 0.39667877554893494 
vn -0.6257765889167786 -0.5831804275512695 0.5179809331893921 
vn -0.7787206172943115 -0.4719987213611603 0.41329336166381836 
vn -0.6087710857391357 -0.5937783122062683 0.5261416435241699 
vn -0.7578117847442627 -0.4911448359489441 0.42953231930732727 
vn -0.5799407362937927 -0.6112139225006104 0.5385965704917908 
vn -0.733036458492279 -0.5175535082817078 0.4413568675518036 
vn -0.541424572467804 -0.6317508816719055 0.5547524094581604 
vn -0.7008446455001831 -0.5507928133010864 0.4532594382762909 
vn -0.49853602051734924 -0.6584556698799133 0.5638244152069092 
vn -0.4554542601108551 -0.6969945430755615 0.5538592338562012 
vn -0.6652848720550537 -0.5972883701324463 0.4479314684867859 
vn -0.4106539487838745 -0.7482877969741821 0.5209881663322449 
vn -0.8373607397079468 -0.42909738421440125 0.33867746591567993 
vn -0.8524113893508911 -0.401274174451828 0.335222065448761 
vn -0.868573784828186 -0.37712597846984863 0.3214896619319916 
vn -0.8805872797966003 -0.36088213324546814 0.3071320950984955 
vn -0.8907079696655273 -0.34452807903289795 0.29654639959335327 
vn -0.8964622616767883 -0.33219319581985474 0.2932627499103546 
vn -0.9020236134529114 -0.2990269064903259 0.3113459050655365 
vn -0.95247882604599 -0.2017817199230194 0.22818459570407867 
vn -0.9496995806694031 -0.23588760197162628 0.2059800922870636 
vn -0.9456223845481873 -0.24860523641109467 0.209746852517128 
vn -0.940579891204834 -0.2612801790237427 0.21689191460609436 
vn -0.9343612194061279 -0.27391019463539124 0.22790859639644623 
vn -0.9274697303771973 -0.29067665338516235 0.23517438769340515 
vn -0.9224916696548462 -0.31150925159454346 0.22797177731990814 
vn -0.8220434784889221 -0.46814218163490295 0.32417190074920654 
vn -0.6269562840461731 -0.6584556698799133 0.41636765003204346 
vn -0.3674730360507965 -0.8211658596992493 0.4366351366043091 
vn -0.5931255221366882 -0.736579954624176 0.32504168152809143 
vn -0.33444762229919434 -0.8805659413337708 0.3357802629470825 
vn -0.8069491982460022 -0.5212872624397278 0.2776555120944977 
vn -0.91978919506073 -0.3363112509250641 0.2021944224834442 
vn -0.9705302119255066 -0.2017817199230194 0.13173937797546387 
vn -0.9720692038536072 -0.18892620503902435 0.1392422467470169 
vn -0.9737147688865662 -0.18033768236637115 0.13913272321224213 
vn -0.9757878184318542 -0.17173540592193604 0.13544408977031708 
vn -0.9777711033821106 -0.16312000155448914 0.13174057006835938 
vn -0.9798489809036255 -0.15017375349998474 0.13169585168361664 
vn -0.9812804460525513 -0.11553031951189041 0.15408241748809814 
vn -0.9958643913269043 -0.03713129088282585 0.08291822671890259 
vn -0.9955738186836243 -0.07203252613544464 0.06036658585071564 
vn -0.9949074983596802 -0.08074574917554855 0.06032618507742882 
vn -0.9943823218345642 -0.08945280313491821 0.0565858855843544 
vn -0.9939826130867004 -0.09380380809307098 0.05656314268708229 
vn -0.9933381080627441 -0.0981530249118805 0.06037686765193939 
vn -0.9932451844215393 -0.10684575140476227 0.04525405541062355 
vn -0.993124783039093 -0.11553031951189041 0.018865590915083885 
vn -0.9713903665542603 -0.21460255980491638 0.1017177477478981 
vn -0.9171994924545288 -0.3690181374549866 0.1502353996038437 
vn -0.789699137210846 -0.5831804275512695 0.19046226143836975 
vn -0.5594160556793213 -0.7927988767623901 0.24191665649414062 
vn -0.30599403381347656 -0.913308322429657 0.2687666714191437 
vn -0.5321522355079651 -0.8211658596992493 0.2061568796634674 
vn -0.2852276563644409 -0.9349566102027893 0.2109532654285431 
vn -0.7701457142829895 -0.6249527335166931 0.1277092695236206 
vn -0.9098919034004211 -0.40926313400268555 0.0678267627954483 
vn -0.970542311668396 -0.23588760197162628 0.04903750121593475 
vn -0.9907810688018799 -0.1328723281621933 -0.02641645446419716 
vn -0.985484778881073 -0.15017375349998474 -0.07916822284460068 
vn -0.9649977684020996 -0.2612801790237427 -0.02262824960052967 
vn -0.9029744863510132 -0.42909738421440125 0.022638607770204544 
vn -0.7595770955085754 -0.6385006904602051 0.12393322587013245 
vn -0.5117783546447754 -0.8406086564064026 0.1773696392774582 
vn -0.27458685636520386 -0.946783721446991 0.16793638467788696 
vn -0.5015711784362793 -0.8522403836250305 0.1487032026052475 
vn -0.2644420862197876 -0.953589141368866 0.14400748908519745 
vn -0.49505478143692017 -0.8590245246887207 0.13037492334842682 
vn -0.7527906894683838 -0.6485338807106018 0.11273838579654694 
vn -0.7572486400604248 -0.6452018022537231 0.1014355719089508 
vn -0.7539159655570984 -0.6452018022537231 0.12379574775695801 
vn -0.9056468605995178 -0.42118772864341736 0.04903758317232132 
vn -0.9632195234298706 -0.26549527049064636 -0.04147825762629509 
vn -0.9848516583442688 -0.15017375349998474 -0.08668951690196991 
vn -0.989270031452179 -0.0633138045668602 -0.13166691362857819 
vn -0.9884594678878784 -0.06767380982637405 -0.13552916049957275 
vn -0.9944894909858704 -0.04586252197623253 -0.09427247196435928 
vn -0.9982003569602966 -0.028397228568792343 -0.052817411720752716 
vn -0.9993505477905273 -0.01966099627315998 -0.03019719012081623 
vn -0.9997690320014954 -0.0152922747656703 -0.015101470053195953 
vn -0.9998263120651245 -0.010923261754214764 -0.015102335251867771 
vn -0.9999118447303772 -0.010923261754214764 -0.007551383227109909 
vn -0.9999118447303772 -0.010923261754214764 -0.007551383227109909 
vn -0.999997615814209 -0.002184694167226553 -2.0682260971124217e-13 
vn -0.9993491172790527 0.03276457265019417 0.015095127746462822 
vn -0.9930634498596191 0.10684575140476227 -0.04908151552081108 
vn -0.9950882792472839 0.07203252613544464 -0.0679013803601265 
vn -0.9948500990867615 0.06767380982637405 -0.07545536756515503 
vn -0.9948500990867615 0.06767380982637405 -0.07545536756515503 
vn -0.9939462542533875 0.07203252613544464 -0.08295886218547821 
vn -0.9932897686958313 0.07203252613544464 -0.09048069268465042 
vn -0.9921095967292786 0.06767380982637405 -0.10554064065217972 
vn -0.9907484650611877 0.05459024757146835 -0.1242474690079689 
vn -0.98676997423172 0.03713129088282585 -0.15781717002391815 
vn -0.9820407629013062 0.01966099627315998 -0.18764175474643707 
vn -0.9846687316894531 0.024029340595006943 -0.1727718561887741 
vn -0.992741584777832 0.05022686347365379 -0.10927680134773254 
vn -0.996614396572113 -0.03276457265019417 -0.07540678232908249 
vn -0.991223156452179 -0.1242060661315918 -0.04527143016457558 
vn -0.9696157574653625 -0.24437066912651062 -0.011324446648359299 
vn -0.9098919034004211 -0.40926313400268555 0.0678267627954483 
vn -0.9151899218559265 -0.3972681760787964 0.06786320358514786 
vn -0.9225361347198486 -0.3811691105365753 0.06030870974063873 
vn -0.9779506921768188 -0.2060592919588089 0.033941108733415604 
vn -0.9814032912254333 -0.18892620503902435 0.033977486193180084 
vn -0.9969637393951416 -0.0763898640871048 0.015095389448106289 
vn -0.9963080286979675 -0.08510008454322815 0.011327366344630718 
vn -0.999997615814209 -0.002184694167226553 -2.0682260971124217e-13 
vn -0.9999691247940063 -0.002184694167226553 -0.007551815826445818 
vn -0.9968209266662598 0.0763898640871048 -0.022642003372311592 
vn -0.9966209530830383 0.0763898640871048 -0.030187318101525307 
vn -0.9812553524971008 0.18033768236637115 -0.06794284284114838 
vn -0.9787914156913757 0.18892620503902435 -0.07921048253774643 
vn -0.9155364036560059 0.37307560443878174 -0.1503584384918213 
vn -0.9227240085601807 0.36088213324546814 -0.1354418247938156 
vn -0.7524944543838501 0.6112139225006104 -0.24529492855072021 
vn -0.7597963213920593 0.607749879360199 -0.2309754490852356 
vn -0.5009893178939819 0.8059239983558655 -0.31543025374412537 
vn -0.496868759393692 0.8110666871070862 -0.3086945414543152 
vn -0.27357780933380127 0.8965907096862793 -0.34825313091278076 
vn -0.2635665237903595 0.9004265069961548 -0.3460704982280731 
vn -0.11177672445774078 0.9286137819290161 -0.35381126403808594 
vn -0.11878269910812378 0.926983654499054 -0.3557976186275482 
vn -0.0018890041392296553 0.9349566102027893 -0.3547569811344147 
vn 0.0037829536013305187 0.933397650718689 -0.35882386565208435 
vn 0.11177672445774078 0.9286137819290161 -0.35381126403808594 
vn 0.11878269910812378 0.926983654499054 -0.3557976186275482 
vn 0.2635665237903595 0.9004265069961548 -0.3460704982280731 
vn 0.27357780933380127 0.8965907096862793 -0.34825313091278076 
vn 0.5009893178939819 0.8059239983558655 -0.31543025374412537 
vn 0.496868759393692 0.8110666871070862 -0.3086945414543152 
vn 0.7524944543838501 0.6112139225006104 -0.24529492855072021 
vn 0.7597963213920593 0.607749879360199 -0.2309754490852356 
vn 0.9155364036560059 0.37307560443878174 -0.1503584384918213 
vn 0.9227240085601807 0.36088213324546814 -0.1354418247938156 
vn 0.9790887236595154 0.18892620503902435 -0.07544618099927902 
vn 0.9812553524971008 0.18033768236637115 -0.06794284284114838 
vn 0.9968209266662598 0.0763898640871048 -0.022642003372311592 
vn 0.9966209530830383 0.0763898640871048 -0.030187318101525307 
vn 0.999997615814209 -0.002184694167226553 0 
vn 0.9763050079345703 0.18892620503902435 -0.1055246889591217 
vn 0.9117931723594666 0.3690181374549866 -0.1801633983850479 
vn 0.7538018822669983 0.5972883701324463 -0.27391478419303894 
vn 0.512507975101471 0.7874425053596497 -0.34244686365127563 
vn 0.7575904130935669 0.5544344186782837 -0.3444695472717285 
vn 0.9090071320533752 0.3363112509250641 -0.24617227911949158 
vn 0.9719093441963196 0.16742929816246033 -0.1654077023267746 
vn 0.9955738186836243 0.07203252613544464 -0.06036658585071564 
vn 0.9999691247940063 -0.002184694167226553 -0.007551815826445818 
vn 0.9969637393951416 -0.0763898640871048 0.015095389448106289 
vn 0.9962579607963562 -0.08510008454322815 0.015102901495993137 
vn 0.9812653660774231 -0.18892620503902435 0.03775099664926529 
vn 0.9996837377548218 -0.010923261754214764 -0.02265242673456669 
vn 0.9923213720321655 0.05022686347365379 -0.11302907019853592 
vn 0.961844265460968 0.1328723281621933 -0.23916640877723694 
vn 0.8970919251441956 0.29067665338516235 -0.33276596665382385 
vn 0.9557969570159912 0.11986933648586273 -0.2684837281703949 
vn 0.9846687316894531 0.024029340595006943 -0.1727718561887741 
vn 0.996614396572113 -0.03276457265019417 -0.07540678232908249 
vn 0.995171308517456 -0.0981530249118805 0 
vn 0.9778125882148743 -0.2060592919588089 0.03771056607365608 
vn 0.9151899218559265 -0.3972681760787964 0.06786320358514786 
vn 0.9225361347198486 -0.3811691105365753 0.06030870974063873 
vn 0.7527906894683838 -0.6485338807106018 0.11273838579654694 
vn 0.7577396631240845 -0.6452018022537231 0.09769970923662186 
vn 0.5015711784362793 -0.8522403836250305 0.1487032026052475 
vn 0.49408218264579773 -0.8590245246887207 0.13401365280151367 
vn 0.27260687947273254 -0.946783721446991 0.1711317002773285 
vn 0.2644420862197876 -0.953589141368866 0.14400748908519745 
vn 0.2852276563644409 -0.9349566102027893 0.2109532654285431 
vn 0.5117783546447754 -0.8406086564064026 0.1773696392774582 
vn 0.7545173168182373 -0.6452018022537231 0.12007605284452438 
vn 0.9098919034004211 -0.40926313400268555 0.0678267627954483 
vn 0.9754915833473206 -0.21886809170246124 0.022648874670267105 
vn 0.991223156452179 -0.1242060661315918 -0.04527143016457558 
vn 0.98976069688797 -0.0633138045668602 -0.1279260516166687 
vn 0.9820407629013062 0.01966099627315998 -0.18764175474643707 
vn 0.9612009525299072 0.1372016966342926 -0.23930834233760834 
vn 0.8951804637908936 0.2612801790237427 -0.3610880672931671 
vn 0.7596659660339355 0.4911448359489441 -0.4262445271015167 
vn 0.5275337100028992 0.7453821301460266 -0.40757042169570923 
vn 0.28628629446029663 0.882628321647644 -0.37283703684806824 
vn 0.11906211823225021 0.916832447052002 -0.3811068832874298 
vn -0.0018906746990978718 0.9253358840942383 -0.37914374470710754 
vn -0.11906211823225021 0.916832447052002 -0.3811068832874298 
vn -0.2832814157009125 0.882628321647644 -0.3751252293586731 
vn -0.512507975101471 0.7874425053596497 -0.34244686365127563 
vn -0.7525033950805664 0.5972883701324463 -0.2774621546268463 
vn -0.9110534191131592 0.3690181374549866 -0.18386757373809814 
vn -0.9767035245895386 0.18892620503902435 -0.10176975280046463 
vn -0.9955738186836243 0.07203252613544464 -0.06036658585071564 
vn -0.9996837377548218 -0.010923261754214764 -0.02265242673456669 
vn -0.995171308517456 -0.0981530249118805 -2.0582442542861623e-13 
vn -0.9754915833473206 -0.21886809170246124 0.022648874670267105 
vn -0.9719093441963196 0.16742929816246033 -0.1654077023267746 
vn -0.9090071320533752 0.3363112509250641 -0.24617227911949158 
vn -0.7575904130935669 0.5544344186782837 -0.3444695472717285 
vn -0.5275337100028992 0.7453821301460266 -0.40757042169570923 
vn -0.2998087704181671 0.8522403836250305 -0.4287202060222626 
vn -0.12867288291454315 0.8946471214294434 -0.4278431534767151 
vn 1.3109351386549062e-13 0.9060511589050293 -0.4231681823730469 
vn 0.13229116797447205 0.8946471214294434 -0.4267382323741913 
vn 0.3028971552848816 0.8522403836250305 -0.42654383182525635 
vn 0.5477170348167419 0.677958071231842 -0.4902845323085785 
vn 0.7667187452316284 0.4409002661705017 -0.46663618087768555 
vn 0.9021796584129333 0.26549527049064636 -0.3399766981601715 
vn 0.965451717376709 0.15449213981628418 -0.20984551310539246 
vn 0.98676997423172 0.03713129088282585 -0.15781717002391815 
vn 0.9884594678878784 -0.06767380982637405 -0.13552916049957275 
vn 0.9845135807991028 -0.15017375349998474 -0.090448297560215 
vn 0.9696524739265442 -0.24437066912651062 -0.007549726869910955 
vn 0.9058430790901184 -0.42118772864341736 0.04526872560381889 
vn 0.7589606046676636 -0.6385006904602051 0.12765447795391083 
vn 0.5321522355079651 -0.8211658596992493 0.2061568796634674 
vn 0.30599403381347656 -0.913308322429657 0.2687666714191437 
vn 0.9099025726318359 0.27391019463539124 -0.311529278755188 
vn 0.8092505931854248 0.40926313400268555 -0.4214465916156769 
vn 0.6524007320404053 0.5471406579017639 -0.5244143605232239 
vn 0.4459799826145172 0.6650074124336243 -0.5990551114082336 
vn 0.4964313805103302 0.641857385635376 -0.5844441652297974 
vn 0.5404325127601624 0.6215357780456543 -0.5671207904815674 
vn 0.5785456299781799 0.6042742133140564 -0.5478481650352478 
vn 0.6063252687454224 0.590256929397583 -0.532884955406189 
vn 0.6258516907691956 0.5796254277229309 -0.5218659043312073 
vn 0.6354161500930786 0.5796254277229309 -0.5101771354675293 
vn 0.6338873505592346 0.5972883701324463 -0.49135875701904297 
vn 0.36287569999694824 0.7185974717140198 -0.5932444334030151 
vn 1.9832190902534241e-13 0.7682244777679443 -0.6401805877685547 
vn -0.35640546679496765 0.7185974717140198 -0.5971539616584778 
vn 0.3635328710079193 0.7001210451126099 -0.6145521402359009 
vn 0.0037791531067341566 0.7540562748908997 -0.6567989587783813 
vn 0.35416486859321594 0.6969945430755615 -0.6235108971595764 
vn 0.34385138750076294 0.7001210451126099 -0.6257768869400024 
vn 2.0550706590020257e-13 0.7482877969741821 -0.6633741855621338 
vn -0.3620047867298126 0.7032341957092285 -0.6118939518928528 
vn -0.6285194754600525 0.6007870435714722 -0.4939819872379303 
vn -0.7970824241638184 0.4719987213611603 -0.3766653537750244 
vn -0.8910720944404602 0.36088213324546814 -0.2752356231212616 
vn -0.9441800713539124 0.26549527049064636 -0.19502891600131989 
vn -0.9761859178543091 0.18033768236637115 -0.12057946622371674 
vn -0.9798489809036255 0.15017375349998474 -0.13169585168361664 
vn -0.978363573551178 0.1458524912595749 -0.14673714339733124 
vn -0.9765759706497192 0.15017375349998474 -0.15410128235816956 
vn -0.9733824133872986 0.15880759060382843 -0.16524763405323029 
vn -0.9706932306289673 0.16312000155448914 -0.17648373544216156 
vn -0.9678783416748047 0.16312000155448914 -0.19132007658481598 
vn -0.965451717376709 0.15449213981628418 -0.20984551310539246 
vn -0.9612009525299072 0.1372016966342926 -0.23930834233760834 
vn -0.9557969570159912 0.11986933648586273 -0.2684837281703949 
vn -0.9609265327453613 0.1328723281621933 -0.242827370762825 
vn -0.8970919251441956 0.29067665338516235 -0.33276596665382385 
vn -0.7615058422088623 0.4911448359489441 -0.4229487478733063 
vn -0.5451889038085938 0.677958071231842 -0.49309423565864563 
vn -0.32705265283584595 0.7980946898460388 -0.5060449242591858 
vn -0.14359436929225922 0.8522403836250305 -0.503057599067688 
vn 0.0018896800465881824 0.8678402304649353 -0.4968397617340088 
vn 0.14722371101379395 0.8522403836250305 -0.5020074844360352 
vn 0.32387301325798035 0.7980946898460388 -0.5080857872962952 
vn 0.5735509991645813 0.6146662831306458 -0.5415021777153015 
vn 0.7851473689079285 0.42118772864341736 -0.4540313482284546 
vn 0.607122004032135 0.5724822878837585 -0.5510597825050354 
vn -0.9480711817741394 0.23588760197162628 -0.21334974467754364 
vn 0.355485200881958 0.736579954624176 -0.5753957033157349 
vn 0.3948535621166229 0.6907016038894653 -0.6058233380317688 
vn 0.21717052161693573 0.7336177229881287 -0.6439270377159119 
vn 0.2579316198825836 0.7216291427612305 -0.6424348950386047 
vn 0.2914881110191345 0.7124928832054138 -0.6382699608802795 
vn 0.3151310384273529 0.7063339352607727 -0.6338649392127991 
vn 0.00378031050786376 0.7453821301460266 -0.6666266918182373 
vn -0.35045135021209717 0.7001210451126099 -0.6221047639846802 
vn -0.6354161500930786 0.5796254277229309 -0.5101771354675293 
vn -0.8004249930381775 0.4487268626689911 -0.3974469006061554 
vn -0.8937740921974182 0.3363112509250641 -0.2967534363269806 
vn -0.9463855624198914 0.23588760197162628 -0.2207065373659134 
vn -0.9406647086143494 0.24437066912651062 -0.23544183373451233 
vn -0.9344365000724792 0.25706008076667786 -0.24647216498851776 
vn -0.9258480668067932 0.26970529556274414 -0.26469686627388 
vn -0.9192389845848083 0.27391019463539124 -0.2827948331832886 
vn -0.9099025726318359 0.27391019463539124 -0.311529278755188 
vn -0.9021796584129333 0.26549527049064636 -0.3399766981601715 
vn -0.8937609195709229 0.2612801790237427 -0.3645875155925751 
vn -0.7647494673728943 0.4409002661705017 -0.4698565602302551 
vn -0.5683382749557495 0.6146662831306458 -0.5469707250595093 
vn -0.355485200881958 0.736579954624176 -0.5753957033157349 
vn -0.16232392191886902 0.7980946898460388 -0.5802549719810486 
vn 1.7952378136582708e-13 0.8161473870277405 -0.5778437852859497 
vn 0.16595928370952606 0.7980946898460388 -0.5792257189750671 
vn 0.18998363614082336 0.7540562748908997 -0.6287331581115723 
vn 0.0037791531067341566 0.7540562748908997 -0.6567989587783813 
vn 2.0550706590020257e-13 0.7482877969741821 -0.6633741855621338 
vn 0.00378031050786376 0.7453821301460266 -0.6666266918182373 
vn 0.00378031050786376 0.7453821301460266 -0.6666266918182373 
vn -0.3356640636920929 0.7032341957092285 -0.6267306208610535 
vn -0.6228294968605042 0.5831804275512695 -0.5215208530426025 
vn -0.7935888171195984 0.4487268626689911 -0.41092702746391296 
vn -0.8889029622077942 0.3363112509250641 -0.31104061007499695 
vn -0.8790037035942078 0.34862664341926575 -0.32528752088546753 
vn -0.8656458258628845 0.3649536371231079 -0.3427334129810333 
vn -0.8499173521995544 0.3811691105365753 -0.36380019783973694 
vn -0.830072283744812 0.3972681760787964 -0.3913540542125702 
vn -0.8109880685806274 0.40926313400268555 -0.41809338331222534 
vn -0.7870298624038696 0.42118772864341736 -0.4507603943347931 
vn -0.6091341376304626 0.5760593414306641 -0.5450791120529175 
vn -0.39168137311935425 0.6907016038894653 -0.6078790426254272 
vn -0.18273596465587616 0.7540562748908997 -0.6308777332305908 
vn -0.001888061175122857 0.7737894654273987 -0.6334400177001953 
vn -0.22074760496616364 0.7336177229881287 -0.6427095532417297 
vn -0.4429437220096588 0.6650074124336243 -0.6013035774230957 
vn -0.649509608745575 0.5507928133010864 -0.5241798758506775 
vn -0.6920849680900574 0.5250110030174255 -0.4953603148460388 
vn -0.7778035998344421 0.4642767012119293 -0.4236374795436859 
vn -0.4893258512020111 0.6452018022537231 -0.5867494344711304 
vn -0.2509085536003113 0.7216291427612305 -0.6452102661132812 
vn -0.28424474596977234 0.715552031993866 -0.6381146311759949 
vn -0.539174497127533 0.6249527335166931 -0.5645572543144226 
vn -0.7267610430717468 0.5025205612182617 -0.4682856500148773 
vn -0.7568014860153198 0.4835140109062195 -0.4398473799228668 
vn -0.603823721408844 0.590256929397583 -0.5357179045677185 
vn -0.31174567341804504 0.7063339352607727 -0.635536789894104 
vn -0.5747378468513489 0.607749879360199 -0.5480114221572876 
vn -0.11177672445774078 0.9286137819290161 -0.35381126403808594 
vn -0.0018928999779745936 0.9364978075027466 -0.350668340921402 
vn -0.0018890041392296553 0.9349566102027893 -0.3547569811344147 
vn 0.11340514570474625 0.9302261471748352 -0.349025160074234 
vn 0.11177672445774078 0.9286137819290161 -0.35381126403808594 
vn 0.10800662636756897 0.933397650718689 -0.3422037959098816 
vn 0.26144489645957947 0.9115201234817505 -0.3174549639225006 
vn 0.5236652493476868 0.8059239983558655 -0.27615436911582947 
vn 0.8041367530822754 0.5616858005523682 -0.19461025297641754 
vn 0.9491997957229614 0.2990269064903259 -0.09799325466156006 
vn 0.9895066022872925 0.1372016966342926 -0.045302875339984894 
vn 0.9865800738334656 0.15449213981628418 -0.052838824689388275 
vn 0.9393023252487183 0.3239381015300751 -0.11302770674228668 
vn 0.7876030802726746 0.5796254277229309 -0.20908309519290924 
vn 0.5124608874320984 0.8085030317306519 -0.28932103514671326 
vn 0.2596760094165802 0.9078915119171143 -0.3290918171405792 
vn 0.25863945484161377 0.9041935205459595 -0.3399113118648529 
vn 0.2635665237903595 0.9004265069961548 -0.3460704982280731 
vn 0.496868759393692 0.8110666871070862 -0.3086945414543152 
vn 0.5048575401306152 0.8085030317306519 -0.3023933470249176 
vn 0.7702126502990723 0.5972883701324463 -0.22364944219589233 
vn 0.9300098419189453 0.34452807903289795 -0.127992644906044 
vn 0.984032392501831 0.16742929816246033 -0.0603962317109108 
vn 0.9227240085601807 0.36088213324546814 -0.1354418247938156 
vn 0.7597963213920593 0.607749879360199 -0.2309754490852356 
vn -0.2644420862197876 -0.953589141368866 0.14400748908519745 
vn -0.27458685636520386 -0.946783721446991 0.16793638467788696 
vn -0.11686922609806061 -0.9771679639816284 0.17743827402591705 
vn -0.12082582712173462 -0.9658315181732178 0.22928278148174286 
vn -2.417389849223e-14 -0.9722933769226074 0.23376400768756866 
vn 0.0018734870245680213 -0.983208417892456 0.18247652053833008 
vn -0.11008891463279724 -0.9824016690254211 0.15088853240013123 
vn -1.5753023885345385e-14 -0.9883291721343994 0.1523333042860031 
vn 0.11686922609806061 -0.9771679639816284 0.17743827402591705 
vn 0.11308597773313522 -0.9824016690254211 0.14865557849407196 
vn 0.27260687947273254 -0.946783721446991 0.1711317002773285 
vn 0.2644420862197876 -0.953589141368866 0.14400748908519745 
vn 0.2852276563644409 -0.9349566102027893 0.2109532654285431 
vn 0.12413246184587479 -0.9658315181732178 0.22750957310199738 
vn 0.30599403381347656 -0.913308322429657 0.2687666714191437 
vn 0.13294048607349396 -0.9453682899475098 0.29766687750816345 
vn 0.3371075987815857 -0.8805659413337708 0.33310967683792114 
vn 0.1523684859275818 -0.9097144603729248 0.3862685561180115 
vn 0.3674730360507965 -0.8211658596992493 0.4366351366043091 
vn -0.0018766504945233464 -0.9509214162826538 0.30942681431770325 
vn -0.13635706901550293 -0.9453682899475098 0.29611736536026 
vn -0.2852276563644409 -0.9349566102027893 0.2109532654285431 
vn -0.30599403381347656 -0.913308322429657 0.2687666714191437 
vn -0.14886517822742462 -0.9097144603729248 0.38763219118118286 
vn -0.33444762229919434 -0.8805659413337708 0.3357802629470825 
vn -0.17024189233779907 -0.8522403836250305 0.4946756660938263 
vn -0.3674730360507965 -0.8211658596992493 0.4366351366043091 
vn -0.1961980015039444 -0.7874425053596497 0.5843291878700256 
vn -0.4106539487838745 -0.7482877969741821 0.5209881663322449 
vn -0.22537319362163544 -0.7511792182922363 0.6204326748847961 
vn -0.4554542601108551 -0.6969945430755615 0.5538592338562012 
vn -0.2556115686893463 -0.7306414246559143 0.6331080794334412 
vn -0.49853602051734924 -0.6584556698799133 0.5638244152069092 
vn -0.2889442443847656 -0.715552031993866 0.6360004544258118 
vn -0.541424572467804 -0.6317508816719055 0.5547524094581604 
vn -0.316322386264801 -0.7063339352607727 0.6332712769508362 
vn -0.5799407362937927 -0.6112139225006104 0.5385965704917908 
vn -0.3416688144207001 -0.7001210451126099 0.6269712448120117 
vn -0.6087710857391357 -0.5937783122062683 0.5261416435241699 
vn -0.35636106133461 -0.6969945430755615 0.6222583055496216 
vn -0.6257765889167786 -0.5831804275512695 0.5179809331893921 
vn -0.3680756986141205 -0.6907016038894653 0.6224560737609863 
vn -0.6395225524902344 -0.5724822878837585 0.5131032466888428 
vn -0.36613336205482483 -0.6715083718299866 0.6442226767539978 
vn -0.6457678079605103 -0.5471406579017639 0.5325608253479004 
vn -0.37014874815940857 -0.5972883701324463 0.7115029692649841 
vn -0.6430712938308716 -0.4719987213611603 0.6030559539794922 
vn -0.3557632565498352 -0.44481781125068665 0.8219304084777832 
vn -0.6289143562316895 -0.3280687630176544 0.7048670649528503 
vn -0.0056618331000208855 -0.4911448359489441 0.8710595369338989 
vn -0.003771807299926877 -0.6485338807106018 0.7611764073371887 
vn 0.3488280177116394 -0.44481781125068665 0.8248976469039917 
vn 0.3634400963783264 -0.5972883701324463 0.7149530649185181 
vn 0.6292592287063599 -0.33219319581985474 0.7026240229606628 
vn 0.6430712938308716 -0.4719987213611603 0.6030559539794922 
vn 0.3628484308719635 -0.6715083718299866 0.6460785865783691 
vn 0.6404494047164917 -0.5507928133010864 0.535211980342865 
vn -0.00565382232889533 -0.7216291427612305 0.6922567486763 
vn -0.0037715123035013676 -0.7424622178077698 0.669877290725708 
vn -6.893801257927198e-14 -0.7453821301460266 0.6666374206542969 
vn 0.3600575029850006 -0.6938546895980835 0.6236379146575928 
vn 0.34980344772338867 -0.6969945430755615 0.6259681582450867 
vn -6.893801257927198e-14 -0.7453821301460266 0.6666374206542969 
vn -6.893801257927198e-14 -0.7453821301460266 0.6666374206542969 
vn 0.6371557116508484 -0.5724822878837585 0.5160393714904785 
vn 0.6233661770820618 -0.5831804275512695 0.5208792686462402 
vn 0.33347854018211365 -0.7032341957092285 0.627896249294281 
vn 0.6007101535797119 -0.5972883701324463 0.5314074754714966 
vn 0.31136631965637207 -0.7094202041625977 0.6322768330574036 
vn 0.5773665904998779 -0.6112139225006104 0.5413551330566406 
vn -0.005652874242514372 -0.7482877969741821 0.6633501052856445 
vn -0.0018861298449337482 -0.7540562748908997 0.6568071246147156 
vn -6.654855296385834e-14 -0.7654199600219727 0.6435311436653137 
vn -0.0037707132287323475 -0.7980946898460388 0.6025202870368958 
vn -0.0018832386704161763 -0.8590245246887207 0.5119310021400452 
vn 0.0018797018565237522 -0.9150791168212891 0.4032699465751648 
vn 0.17024189233779907 -0.8522403836250305 0.4946756660938263 
vn 0.40768760442733765 -0.7482877969741821 0.5233126878738403 
vn 0.1961980015039444 -0.7874425053596497 0.5843291878700256 
vn 0.21827083826065063 -0.7511792182922363 0.6229667663574219 
vn 0.25211212038993835 -0.7306414246559143 0.6345096826553345 
vn 0.28514760732650757 -0.7185974717140198 0.6342779994010925 
vn 0.5381206274032593 -0.6351318359375 0.5541062355041504 
vn 0.49792546033859253 -0.661737859249115 0.560511589050293 
vn 0.4496098458766937 -0.6969945430755615 0.5586140155792236 
vn -0.007568394299596548 0.9078915119171143 0.4191369414329529 
vn 0.09227411448955536 0.7424622178077698 0.6635022759437561 
vn 0.16628089547157288 0.7511792182922363 0.6388117671012878 
vn 0.2556774616241455 0.18892620503902435 0.9481223225593567 
vn -1.0195180610112972e-13 0.16742929816246033 0.9858840703964233 
vn 0.00188929692376405 0.7336177229881287 0.6795597672462463 
vn -0.0037778534460812807 0.9219872951507568 0.3872017562389374 
vn -0.0018906746990978718 0.9253358840942383 0.37914374470710754 
vn -0.09601490944623947 0.7424622178077698 0.6629713177680969 
vn 0.0037778534460812807 0.9219872951507568 0.3872017562389374 
vn -0.16262266039848328 0.7511792182922363 0.6397528052330017 
vn 0.0075531331822276115 0.9060511589050293 0.4231007695198059 
vn -0.4451039433479309 0.2612801790237427 0.8565133810043335 
vn -0.25394198298454285 0.19321508705615997 0.9477243423461914 
vn -0.5749613642692566 -0.11553031951189041 0.8099828362464905 
vn -0.32212740182876587 -0.2103329300880432 0.923035204410553 
vn -0.6289143562316895 -0.3280687630176544 0.7048670649528503 
vn -0.3557632565498352 -0.44481781125068665 0.8219304084777832 
vn -0.0018874495290219784 -0.24437066912651062 0.9696800708770752 
vn 0.32212740182876587 -0.2103329300880432 0.923035204410553 
vn 0.44174957275390625 0.2612801790237427 0.858248233795166 
vn 0.5718802213668823 -0.11553031951189041 0.8121611475944519 
vn 0.3488280177116394 -0.44481781125068665 0.8248976469039917 
vn 0.6292592287063599 -0.33219319581985474 0.7026240229606628 
vn -0.0056618331000208855 -0.4911448359489441 0.8710595369338989 
vt 1.7494254112243652 0.617314338684082 
vt 1.7494254112243652 0.6232803463935852 
vt 1.7479956150054932 0.6233280897140503 
vt 1.7479956150054932 0.6307737231254578 
vt 1.7463750839233398 0.6307976245880127 
vt 1.7463750839233398 0.6233519911766052 
vt 1.7479956150054932 0.6173859238624573 
vt 1.7463750839233398 0.6174097657203674 
vt 1.7448500394821167 0.6233280897140503 
vt 1.7448500394821167 0.6173859238624573 
vt 1.7434202432632446 0.6232803463935852 
vt 1.7434202432632446 0.617314338684082 
vt 1.7434202432632446 0.6307498812675476 
vt 1.7448500394821167 0.6307737231254578 
vt 1.7434202432632446 0.6393886804580688 
vt 1.7448500394821167 0.6394125819206238 
vt 1.7434202432632446 0.6489105224609375 
vt 1.7448500394821167 0.6489105224609375 
vt 1.7434202432632446 0.658981204032898 
vt 1.7463750839233398 0.6394125819206238 
vt 1.7479956150054932 0.6394125819206238 
vt 1.7494254112243652 0.6307498812675476 
vt 1.7494254112243652 0.6393886804580688 
vt 1.7479956150054932 0.6489105224609375 
vt 1.7494254112243652 0.6489105224609375 
vt 1.7479956150054932 0.658981204032898 
vt 1.7494254112243652 0.658981204032898 
vt 1.7479956150054932 0.6694576144218445 
vt 1.7494254112243652 0.6694814562797546 
vt 1.7479956150054932 0.680220365524292 
vt 1.7494254112243652 0.680220365524292 
vt 1.7479956150054932 0.6911024451255798 
vt 1.7494254112243652 0.69112628698349 
vt 1.7463750839233398 0.6911024451255798 
vt 1.7463750839233398 0.680220365524292 
vt 1.7448500394821167 0.6911024451255798 
vt 1.7463750839233398 0.6694576144218445 
vt 1.7463750839233398 0.6589573621749878 
vt 1.7463750839233398 0.6488866806030273 
vt 1.7448500394821167 0.658981204032898 
vt 1.7434202432632446 0.6694814562797546 
vt 1.7448500394821167 0.6694576144218445 
vt 1.7448500394821167 0.680220365524292 
vt 1.7434202432632446 0.69112628698349 
vt 1.7434202432632446 0.680220365524292 
vt 1.0083123445510864 0.7116017937660217 
vt 1.008026361465454 0.7133916020393372 
vt 1.0094561576843262 0.7116017937660217 
vt 1.0092655420303345 0.7133677005767822 
vt 1.0089795589447021 0.7151098251342773 
vt 1.0104093551635742 0.7150620818138123 
vt 1.0102187395095825 0.7167803049087524 
vt 1.0096468925476074 0.7062800526618958 
vt 1.0089795589447021 0.7079266905784607 
vt 1.0105047225952148 0.7066141366958618 
vt 1.0099327564239502 0.7081653475761414 
vt 1.011457920074463 0.7070437073707581 
vt 1.0110766887664795 0.7084278464317322 
vt 1.012887716293335 0.7074255347251892 
vt 1.0085983276367188 0.7097642421722412 
vt 1.0096468925476074 0.7098596692085266 
vt 1.0108859539031982 0.7099551558494568 
vt 1.0106953382492065 0.7116017937660217 
vt 1.0106000900268555 0.7133200168609619 
vt 1.0126971006393433 0.7086426019668579 
vt 1.0126017332077026 0.710026741027832 
vt 1.0151753425598145 0.7085948586463928 
vt 1.0150800943374634 0.7098596692085266 
vt 1.012411117553711 0.7115540504455566 
vt 1.0149847269058228 0.711315393447876 
vt 1.0123157501220703 0.7132006883621216 
vt 1.0151753425598145 0.7074971199035645 
vt 1.0148894786834717 0.7129142880439758 
vt 1.0146987438201904 0.7146086692810059 
vt 1.0121251344680786 0.7149189114570618 
vt 1.0146034955978394 0.7163746356964111 
vt 1.0120298862457275 0.7166609764099121 
vt 1.0144128799438477 0.7181644439697266 
vt 1.0118391513824463 0.7184269428253174 
vt 1.0142221450805664 0.719954252243042 
vt 1.0115532875061035 0.7201690077781677 
vt 1.0140315294265747 0.7216963171958923 
vt 1.0113625526428223 0.7218395471572876 
vt 1.0137455463409424 0.7233429551124573 
vt 1.0110766887664795 0.7234384417533875 
vt 1.0134596824645996 0.7248702645301819 
vt 1.0107907056808472 0.724894106388092 
vt 1.0132689476013184 0.7262305021286011 
vt 1.0105047225952148 0.7262066602706909 
vt 1.0130783319473267 0.7274237275123596 
vt 1.0103141069412231 0.7274476289749146 
vt 1.0130783319473267 0.7285453677177429 
vt 1.0103141069412231 0.7285453677177429 
vt 1.0130783319473267 0.7296669483184814 
vt 1.0103141069412231 0.7296669483184814 
vt 1.0132689476013184 0.7308840751647949 
vt 1.0105047225952148 0.7308840751647949 
vt 1.0134596824645996 0.7322443127632141 
vt 1.0107907056808472 0.732220470905304 
vt 1.0137455463409424 0.7337716221809387 
vt 1.0110766887664795 0.7336761355400085 
vt 1.0140315294265747 0.7354182600975037 
vt 1.0113625526428223 0.7352750897407532 
vt 1.0142221450805664 0.737160325050354 
vt 1.0115532875061035 0.7369455695152283 
vt 1.0144128799438477 0.7389501333236694 
vt 1.0118391513824463 0.7386876344680786 
vt 1.0146034955978394 0.7407399415969849 
vt 1.0120298862457275 0.7404536008834839 
vt 1.0146987438201904 0.7425059080123901 
vt 1.0121251344680786 0.7421956658363342 
vt 1.0148894786834717 0.7442002892494202 
vt 1.0123157501220703 0.7439138889312744 
vt 1.0149847269058228 0.74579918384552 
vt 1.012411117553711 0.7455605268478394 
vt 1.0150800943374634 0.7472310066223145 
vt 1.0126017332077026 0.747087836265564 
vt 1.0151753425598145 0.7485197186470032 
vt 1.0126971006393433 0.7484719753265381 
vt 1.0151753425598145 0.7495935559272766 
vt 1.012887716293335 0.7496652007102966 
vt 1.0110766887664795 0.7486867308616638 
vt 1.011457920074463 0.7500708699226379 
vt 1.0099327564239502 0.7489492297172546 
vt 1.0105047225952148 0.7505004405975342 
vt 1.0089795589447021 0.7491640448570251 
vt 1.0096468925476074 0.7508345246315002 
vt 1.0085983276367188 0.7473503351211548 
vt 1.0096468925476074 0.7472549080848694 
vt 1.0108859539031982 0.7471594214439392 
vt 1.0106953382492065 0.7455127835273743 
vt 1.0083123445510864 0.7455127835273743 
vt 1.0094561576843262 0.7455127835273743 
vt 1.008026361465454 0.7437229752540588 
vt 1.0092655420303345 0.7437468767166138 
vt 1.0077404975891113 0.7419809103012085 
vt 1.0106000900268555 0.7437945604324341 
vt 1.0089795589447021 0.7420047521591187 
vt 1.0104093551635742 0.7420524954795837 
vt 1.007454514503479 0.7403104305267334 
vt 1.0087889432907104 0.7402865290641785 
vt 1.0072638988494873 0.7386637926101685 
vt 1.0102187395095825 0.7403342723846436 
vt 1.0100281238555908 0.7386160492897034 
vt 1.0085983276367188 0.7386160492897034 
vt 1.007073163986206 0.7370171546936035 
vt 1.008407711982727 0.7369455695152283 
vt 1.0068825483322144 0.7353943586349487 
vt 1.0097421407699585 0.7369216680526733 
vt 1.0095515251159668 0.7352750897407532 
vt 1.0081217288970947 0.7353227734565735 
vt 1.0066919326782227 0.733890950679779 
vt 1.0078357458114624 0.7337716221809387 
vt 1.006501317024231 0.7324352264404297 
vt 1.0092655420303345 0.7337238788604736 
vt 1.0089795589447021 0.7322681546211243 
vt 1.0076451301574707 0.7323158979415894 
vt 1.0063105821609497 0.7310749888420105 
vt 1.0073591470718384 0.7310033440589905 
vt 1.0062153339385986 0.7298101782798767 
vt 1.0086936950683594 0.7309079170227051 
vt 1.0085029602050781 0.7297146916389465 
vt 1.0072638988494873 0.7297624349594116 
vt 1.006119966506958 0.7285453677177429 
vt 1.0071685314178467 0.7285453677177429 
vt 1.0062153339385986 0.7273043990135193 
vt 1.008407711982727 0.7285453677177429 
vt 1.0085029602050781 0.7273998856544495 
vt 1.0072638988494873 0.7273521423339844 
vt 1.0063105821609497 0.7260395884513855 
vt 1.0073591470718384 0.7261112332344055 
vt 1.006501317024231 0.7246793508529663 
vt 1.0086936950683594 0.7261828184127808 
vt 1.0089795589447021 0.7248464226722717 
vt 1.0076451301574707 0.7247748374938965 
vt 1.0066919326782227 0.7232236266136169 
vt 1.0078357458114624 0.7233429551124573 
vt 1.0068825483322144 0.7217202186584473 
vt 1.0092655420303345 0.7233906984329224 
vt 1.0095515251159668 0.7218395471572876 
vt 1.0081217288970947 0.7217918038368225 
vt 1.007073163986206 0.7200974225997925 
vt 1.008407711982727 0.7201690077781677 
vt 1.0072638988494873 0.7184507846832275 
vt 1.0097421407699585 0.7201929092407227 
vt 1.0100281238555908 0.7184985280036926 
vt 1.0087889432907104 0.7168280482292175 
vt 1.0077404975891113 0.7151336669921875 
vt 1.007454514503479 0.7168041467666626 
vt 1.0085983276367188 0.7184985280036926 
vt 1.7489488124847412 0.7384728789329529 
vt 1.747328281402588 0.738496720790863 
vt 1.747328281402588 0.749760627746582 
vt 1.7459938526153564 0.7498322129249573 
vt 1.7459938526153564 0.7610006928443909 
vt 1.744754672050476 0.7499515414237976 
vt 1.744754672050476 0.7387115359306335 
vt 1.7458984851837158 0.7385922074317932 
vt 1.747328281402588 0.7272089719772339 
vt 1.7489488124847412 0.727185070514679 
vt 1.7489488124847412 0.7158734798431396 
vt 1.747328281402588 0.7158973217010498 
vt 1.7458984851837158 0.7272805571556091 
vt 1.7458032369613647 0.71599280834198 
vt 1.7445640563964844 0.7161359786987305 
vt 1.7446593046188354 0.7274237275123596 
vt 1.7432295083999634 0.7164223194122314 
vt 1.743324875831604 0.7277101278305054 
vt 1.7412278652191162 0.7169950604438782 
vt 1.7415138483047485 0.728235125541687 
vt 1.7379869222640991 0.7179257869720459 
vt 1.7435154914855957 0.7389978766441345 
vt 1.7436108589172363 0.7501901984214783 
vt 1.744754672050476 0.7610961198806763 
vt 1.7458984851837158 0.7720259428024292 
vt 1.747328281402588 0.7609529495239258 
vt 1.7489488124847412 0.7497367858886719 
vt 1.7504738569259644 0.738496720790863 
vt 1.750569224357605 0.7272089719772339 
vt 1.751999020576477 0.7272805571556091 
vt 1.7520942687988281 0.71599280834198 
vt 1.7532382011413574 0.7274476289749146 
vt 1.7533334493637085 0.7161359786987305 
vt 1.7544772624969482 0.7277339696884155 
vt 1.7546679973602295 0.7164462208747864 
vt 1.7563837766647339 0.7282589673995972 
vt 1.7566696405410767 0.7169950604438782 
vt 1.759243369102478 0.7291181087493896 
vt 1.7599105834960938 0.717949628829956 
vt 1.7644859552383423 0.7193576693534851 
vt 1.763342022895813 0.7304306030273438 
vt 1.7698237895965576 0.7210758924484253 
vt 1.7682033777236938 0.7319818139076233 
vt 1.7751617431640625 0.7228417992591858 
vt 1.772969365119934 0.7336045503616333 
vt 1.7795464992523193 0.7244168519973755 
vt 1.7769728899002075 0.7350125312805176 
vt 1.779737114906311 0.7360148429870605 
vt 1.7825967073440552 0.725562334060669 
vt 1.7815481424331665 0.7366591691970825 
vt 1.7845031023025513 0.7262782454490662 
vt 1.7826920747756958 0.7370887398719788 
vt 1.7857422828674316 0.7267555594444275 
vt 1.7838358879089355 0.7374705672264099 
vt 1.7868860960006714 0.7271612286567688 
vt 1.750569224357605 0.7158973217010498 
vt 1.7813575267791748 0.7476367354393005 
vt 1.780213713645935 0.7473264932632446 
vt 1.7789745330810547 0.7469685077667236 
vt 1.7790699005126953 0.7577312588691711 
vt 1.7779260873794556 0.7574449181556702 
vt 1.7769728899002075 0.7674917578697205 
vt 1.7757337093353271 0.7672291994094849 
vt 1.7749711275100708 0.7766556143760681 
vt 1.7767821550369263 0.7571346759796143 
vt 1.777354121208191 0.7464196681976318 
vt 1.7751617431640625 0.7566573619842529 
vt 1.774780511856079 0.7455605268478394 
vt 1.7745898962020874 0.766966700553894 
vt 1.7737319469451904 0.7764407992362976 
vt 1.7725881338119507 0.776249885559082 
vt 1.7721115350723267 0.7847455739974976 
vt 1.7732553482055664 0.7848648428916931 
vt 1.7723021507263184 0.791833221912384 
vt 1.7731599807739258 0.7665848731994629 
vt 1.7712535858154297 0.7759873867034912 
vt 1.770967721939087 0.7846739292144775 
vt 1.771062970161438 0.7918809652328491 
vt 1.7721115350723267 0.7975367903709412 
vt 1.770967721939087 0.7977038025856018 
vt 1.7699191570281982 0.7919763922691345 
vt 1.7698237895965576 0.7978947162628174 
vt 1.7727787494659424 0.7559176087379456 
vt 1.770967721939087 0.765988290309906 
vt 1.7692519426345825 0.7756055593490601 
vt 1.769633173942566 0.7845785021781921 
vt 1.771062970161438 0.7443196177482605 
vt 1.7694425582885742 0.7548675537109375 
vt 1.7679173946380615 0.7651530504226685 
vt 1.7664875984191895 0.7750089764595032 
vt 1.7667735815048218 0.7428877353668213 
vt 1.7655344009399414 0.7536504864692688 
vt 1.7643905878067017 0.7641745805740356 
vt 1.763342022895813 0.7743169069290161 
vt 1.7625795602798462 0.7837910056114197 
vt 1.7653437852859497 0.7841489315032959 
vt 1.7678221464157104 0.7844114303588867 
vt 1.7686799764633179 0.7920479774475098 
vt 1.7685847282409668 0.7981094717979431 
vt 1.767059564590454 0.792119562625885 
vt 1.7669641971588135 0.7983481287956238 
vt 1.7647719383239746 0.7985390424728394 
vt 1.7647719383239746 0.7921434640884399 
vt 1.762388825416565 0.7986822128295898 
vt 1.7621982097625732 0.7920957207679749 
vt 1.7599105834960938 0.7988015413284302 
vt 1.7596246004104614 0.7919763922691345 
vt 1.7577182054519653 0.7988970279693604 
vt 1.759719967842102 0.7833852767944336 
vt 1.760196566581726 0.773624837398529 
vt 1.7608637809753418 0.7631723284721375 
vt 1.7615309953689575 0.7524334192276001 
vt 1.762388825416565 0.741479754447937 
vt 1.7586714029312134 0.7403104305267334 
vt 1.7560977935791016 0.739499032497406 
vt 1.7543820142745972 0.7389978766441345 
vt 1.7531428337097168 0.7387353777885437 
vt 1.7519036531448364 0.7385922074317932 
vt 1.7504738569259644 0.749760627746582 
vt 1.7488534450531006 0.7609291076660156 
vt 1.747328281402588 0.7719781994819641 
vt 1.7458984851837158 0.7824784517288208 
vt 1.744754672050476 0.7720975279808044 
vt 1.7436108589172363 0.761310875415802 
vt 1.7419904470443726 0.7506436109542847 
vt 1.7417997121810913 0.7394751906394958 
vt 1.7391308546066284 0.7402865290641785 
vt 1.7385588884353638 0.7291181087493896 
vt 1.7396074533462524 0.7513595223426819 
vt 1.7421810626983643 0.7616927027702332 
vt 1.7436108589172363 0.7722406983375549 
vt 1.7446593046188354 0.782502293586731 
vt 1.7457078695297241 0.7917138934135437 
vt 1.747328281402588 0.7824546098709106 
vt 1.7488534450531006 0.7719781994819641 
vt 1.7504738569259644 0.7609529495239258 
vt 1.7519036531448364 0.7498322129249573 
vt 1.7530474662780762 0.7499515414237976 
vt 1.7541913986206055 0.7502140402793884 
vt 1.7558118104934692 0.7506674528121948 
vt 1.7581948041915894 0.7513834238052368 
vt 1.757813572883606 0.762313187122345 
vt 1.7556211948394775 0.7616927027702332 
vt 1.7541913986206055 0.7613347768783569 
vt 1.7530474662780762 0.7611200213432312 
vt 1.7518084049224854 0.7610006928443909 
vt 1.7503786087036133 0.7720020413398743 
vt 1.7488534450531006 0.7824546098709106 
vt 1.7472330331802368 0.7917377352714539 
vt 1.7455172538757324 0.7991117835044861 
vt 1.7444686889648438 0.7916900515556335 
vt 1.7436108589172363 0.7825738787651062 
vt 1.7422763109207153 0.7725270986557007 
vt 1.7399886846542358 0.7622893452644348 
vt 1.7369384765625 0.7631484270095825 
vt 1.7362711429595947 0.7524095773696899 
vt 1.7354133129119873 0.7414559125900269 
vt 1.7344601154327393 0.7304067611694336 
vt 1.7334115505218506 0.7193337678909302 
vt 1.729694128036499 0.7319579124450684 
vt 1.7280737161636353 0.7210281491279602 
vt 1.731123924255371 0.7428638935089111 
vt 1.7322677373886108 0.7536266446113586 
vt 1.7334115505218506 0.7641507387161255 
vt 1.7344601154327393 0.7742930054664612 
vt 1.7376056909561157 0.7736009955406189 
vt 1.7402746677398682 0.7729566097259521 
vt 1.7422763109207153 0.7827409505844116 
vt 1.743324875831604 0.7917138934135437 
vt 1.7441827058792114 0.799064040184021 
vt 1.7429436445236206 0.7989924550056458 
vt 1.7420856952667236 0.7917377352714539 
vt 1.7404652833938599 0.7830034494400024 
vt 1.7379869222640991 0.7833614349365234 
vt 1.7352226972579956 0.7837671041488647 
vt 1.7323631048202515 0.7841250896453857 
vt 1.7313145399093628 0.7749850749969482 
vt 1.7298847436904907 0.7651291489601135 
vt 1.7283596992492676 0.7548437118530273 
vt 1.7267391681671143 0.7442718744277954 
vt 1.7249281406402588 0.733556866645813 
vt 1.7227357625961304 0.7227941155433655 
vt 1.7208293676376343 0.7349648475646973 
vt 1.7182557582855225 0.7243691086769104 
vt 1.715205430984497 0.7254907488822937 
vt 1.7180650234222412 0.7359670996665955 
vt 1.713299036026001 0.7262066602706909 
vt 1.7163493633270264 0.7366114854812622 
vt 1.7121552228927612 0.7266839742660522 
vt 1.715110182762146 0.7370171546936035 
vt 1.7110114097595215 0.7270896434783936 
vt 1.7139663696289062 0.7373989820480347 
vt 1.7175884246826172 0.7472787499427795 
vt 1.7164446115493774 0.7475889921188354 
vt 1.7417044639587402 0.7989447712898254 
vt 1.7188276052474976 0.7469207644462585 
vt 1.7204481363296509 0.7463719248771667 
vt 1.7231169939041138 0.7455127835273743 
vt 1.7250233888626099 0.7558698654174805 
vt 1.7226403951644897 0.7566096782684326 
vt 1.721019983291626 0.757063090801239 
vt 1.7198761701583862 0.7573733329772949 
vt 1.7187323570251465 0.7576596736907959 
vt 1.7220685482025146 0.7671815156936646 
vt 1.7208293676376343 0.7674440145492554 
vt 1.7231169939041138 0.7669190168380737 
vt 1.7246421575546265 0.7665371894836426 
vt 1.7268345355987549 0.7659644484519958 
vt 1.7285503149032593 0.775557816028595 
vt 1.7298847436904907 0.7843637466430664 
vt 1.7307426929473877 0.7920957207679749 
vt 1.7280737161636353 0.784530758857727 
vt 1.7265485525131226 0.775963544845581 
vt 1.7251187562942505 0.7762021422386169 
vt 1.7239749431610107 0.7764169573783875 
vt 1.722831130027771 0.776607871055603 
vt 1.7256907224655151 0.7846978306770325 
vt 1.7244515419006348 0.7848171591758728 
vt 1.7267391681671143 0.7846262454986572 
vt 1.7290269136428833 0.7920241355895996 
vt 1.7255953550338745 0.7974890470504761 
vt 1.7254047393798828 0.791785478591919 
vt 1.7267391681671143 0.7976799607276917 
vt 1.7266439199447632 0.7918570637702942 
vt 1.727882981300354 0.7978708744049072 
vt 1.727787733078003 0.7919286489486694 
vt 1.7291221618652344 0.798085629940033 
vt 1.7308379411697388 0.7983003854751587 
vt 1.7329349517822266 0.7920957207679749 
vt 1.735508680343628 0.7920718789100647 
vt 1.7329349517822266 0.7985152006149292 
vt 1.7353179454803467 0.7986583709716797 
vt 1.7380822896957397 0.7919525504112244 
vt 1.7403699159622192 0.791833221912384 
vt 1.7399886846542358 0.7988731265068054 
vt 1.7377963066101074 0.7988015413284302 
vt 1.0615962743759155 0.7109097242355347 
vt 1.0631213188171387 0.7042993307113647 
vt 1.062930703163147 0.7104563117027283 
vt 1.0644558668136597 0.7039413452148438 
vt 1.064265251159668 0.7100028991699219 
vt 1.0655996799468994 0.7095971703529358 
vt 1.06569504737854 0.7036311626434326 
vt 1.0650277137756348 0.694467306137085 
vt 1.0645511150360107 0.715968906879425 
vt 1.0631213188171387 0.7165178060531616 
vt 1.064360499382019 0.7136779427528381 
vt 1.0630260705947876 0.7141790986061096 
vt 1.0615962743759155 0.7146802544593811 
vt 1.0616915225982666 0.7170428037643433 
vt 1.0659809112548828 0.7154439091682434 
vt 1.06569504737854 0.7132006883621216 
vt 1.0668388605117798 0.7127472758293152 
vt 1.0672200918197632 0.7149427533149719 
vt 1.068363904953003 0.7144893407821655 
vt 1.067887306213379 0.7123415470123291 
vt 1.069317102432251 0.7140359282493591 
vt 1.068840503692627 0.712007462978363 
vt 1.0676966905593872 0.7089051008224487 
vt 1.0685546398162842 0.7086665034294128 
vt 1.0667434930801392 0.7092153429985046 
vt 1.0668388605117798 0.7033447623252869 
vt 1.067887306213379 0.7031300067901611 
vt 1.0687452554702759 0.7029629349708557 
vt 1.0684592723846436 0.6939422488212585 
vt 1.069317102432251 0.6938468217849731 
vt 1.0674107074737549 0.6940854787826538 
vt 1.0662668943405151 0.6942524909973145 
vt 1.0659809112548828 0.6810794472694397 
vt 1.0672200918197632 0.6809840202331543 
vt 1.068363904953003 0.680912435054779 
vt 1.0694124698638916 0.680864691734314 
vt 1.0702704191207886 0.6808169484138489 
vt 1.0704610347747803 0.665639340877533 
vt 1.0714142322540283 0.665687084197998 
vt 1.0694124698638916 0.6655915975570679 
vt 1.0682686567306519 0.6655438542366028 
vt 1.0670294761657715 0.6655200123786926 
vt 1.0646464824676514 0.6811749339103699 
vt 1.0636932849884033 0.6947059035301208 
vt 1.0623588562011719 0.6949445605278015 
vt 1.0617868900299072 0.7046811580657959 
vt 1.06331205368042 0.6812942624092102 
vt 1.0657902956008911 0.6654722690582275 
vt 1.0682686567306519 0.6501275897026062 
vt 1.0694124698638916 0.6502946615219116 
vt 1.0705562829971313 0.6504616737365723 
vt 1.07160484790802 0.6506049036979675 
vt 1.072558045387268 0.6507242321968079 
vt 1.0728440284729004 0.6379806995391846 
vt 1.0737972259521484 0.6381716132164001 
vt 1.0717954635620117 0.6377421021461487 
vt 1.070651650428772 0.6374795436859131 
vt 1.0694124698638916 0.6371932029724121 
vt 1.0669341087341309 0.6499366760253906 
vt 1.064360499382019 0.6654484272003174 
vt 1.061977505683899 0.6813896894454956 
vt 1.0610243082046509 0.6952070593833923 
vt 1.0604523420333862 0.7050391435623169 
vt 1.0601664781570435 0.7113631367683411 
vt 1.0601664781570435 0.7151814103126526 
vt 1.0602617263793945 0.7175678014755249 
vt 1.058927297592163 0.7180689573287964 
vt 1.0588319301605225 0.715634822845459 
vt 1.0588319301605225 0.7117927074432373 
vt 1.0591179132461548 0.7053970694541931 
vt 1.0596898794174194 0.695445716381073 
vt 1.0606430768966675 0.6815090179443359 
vt 1.0630260705947876 0.6654006838798523 
vt 1.0655996799468994 0.649745762348175 
vt 1.0680780410766602 0.6368829607963562 
vt 1.0703656673431396 0.6283873319625854 
vt 1.07160484790802 0.6287452578544617 
vt 1.0727486610412598 0.6290794014930725 
vt 1.0737972259521484 0.6293895840644836 
vt 1.0748456716537476 0.6296521425247192 
vt 1.0745598077774048 0.6241872310638428 
vt 1.075608253479004 0.624545156955719 
vt 1.0735112428665161 0.6238530874252319 
vt 1.0723674297332764 0.6234951615333557 
vt 1.071128249168396 0.6231133341789246 
vt 1.0690312385559082 0.6280055046081543 
vt 1.066648244857788 0.6365488767623901 
vt 1.0641698837280273 0.6495548486709595 
vt 1.0616915225982666 0.6653768420219421 
vt 1.0604523420333862 0.6653529405593872 
vt 1.059403896331787 0.6816045045852661 
vt 1.058450698852539 0.6956843733787537 
vt 1.0577834844589233 0.705731213092804 
vt 1.057592749595642 0.7121745347976685 
vt 1.057497501373291 0.7160643935203552 
vt 1.057592749595642 0.7185223698616028 
vt 1.0563536882400513 0.7164462208747864 
vt 1.0563536882400513 0.718951940536499 
vt 1.0563536882400513 0.7125086188316345 
vt 1.056639552116394 0.7059937119483948 
vt 1.0573068857192993 0.6958752870559692 
vt 1.0582600831985474 0.6816999316215515 
vt 1.0593085289001465 0.665329098701477 
vt 1.0604523420333862 0.6491014361381531 
vt 1.0615962743759155 0.6492446064949036 
vt 1.062835454940796 0.6493878364562988 
vt 1.065313696861267 0.6362386345863342 
vt 1.0676014423370361 0.6275997757911682 
vt 1.069698452949524 0.6227076053619385 
vt 1.07160484790802 0.620225727558136 
vt 1.0729392766952515 0.6206075549125671 
vt 1.0739878416061401 0.6209893822669983 
vt 1.0751316547393799 0.6213473677635193 
vt 1.0761802196502686 0.6217530369758606 
vt 1.0755130052566528 0.6196768879890442 
vt 1.0766568183898926 0.6201064586639404 
vt 1.0744644403457642 0.6193189024925232 
vt 1.0733206272125244 0.618960976600647 
vt 1.072081446647644 0.6185791492462158 
vt 1.0700796842575073 0.6197962164878845 
vt 1.0681732892990112 0.622278094291687 
vt 1.066171646118164 0.6272179484367371 
vt 1.0639792680740356 0.6359522342681885 
vt 1.0627400875091553 0.6356897354125977 
vt 1.0615962743759155 0.6354749798774719 
vt 1.0604523420333862 0.6353079080581665 
vt 1.059403896331787 0.6489821076393127 
vt 1.0583553314208984 0.6653052568435669 
vt 1.0572115182876587 0.6817715167999268 
vt 1.0562583208084106 0.6960184574127197 
vt 1.055686354637146 0.7062323093414307 
vt 1.0553051233291626 0.7127949595451355 
vt 1.055209755897522 0.7167564630508423 
vt 1.055209755897522 0.7192860245704651 
vt 1.054256558418274 0.7169950604438782 
vt 1.054256558418274 0.7195246815681458 
vt 1.0533987283706665 0.7196678519248962 
vt 1.0534940958023071 0.7171143889427185 
vt 1.052540898323059 0.7196917533874512 
vt 1.0527315139770508 0.7171143889427185 
vt 1.0517783164978027 0.7195724248886108 
vt 1.0519689321517944 0.7170189619064331 
vt 1.0509203672409058 0.7193337678909302 
vt 1.051206350326538 0.7168041467666626 
vt 1.05025315284729 0.7164700627326965 
vt 1.0499671697616577 0.718975841999054 
vt 1.049299955368042 0.7160404920578003 
vt 1.0489187240600586 0.7185223698616028 
vt 1.0481561422348022 0.7155154943466187 
vt 1.0477747917175293 0.717973530292511 
vt 1.0468215942382812 0.7149427533149719 
vt 1.0465357303619385 0.7173530459403992 
vt 1.0452011823654175 0.716684877872467 
vt 1.0455825328826904 0.7143222689628601 
vt 1.0437713861465454 0.71599280834198 
vt 1.0442479848861694 0.713654100894928 
vt 1.042436957359314 0.7153007388114929 
vt 1.0428181886672974 0.713009774684906 
vt 1.041102409362793 0.7146086692810059 
vt 1.041579008102417 0.7123415470123291 
vt 1.0398632287979126 0.7139165997505188 
vt 1.0403398275375366 0.7117211222648621 
vt 1.0386241674423218 0.7132722735404968 
vt 1.0391960144042969 0.7111244797706604 
vt 1.037575602531433 0.7126756906509399 
vt 1.0382428169250488 0.7105994820594788 
vt 1.036622405052185 0.7121267914772034 
vt 1.0373849868774414 0.7101699113845825 
vt 1.0388147830963135 0.7072107791900635 
vt 1.0379568338394165 0.7068766355514526 
vt 1.0392913818359375 0.7014594674110413 
vt 1.0384334325790405 0.7011969685554504 
vt 1.0398632287979126 0.6922479271888733 
vt 1.0389100313186646 0.6920570135116577 
vt 1.0404351949691772 0.6791464686393738 
vt 1.0395773649215698 0.6790271401405334 
vt 1.041102409362793 0.6639211177825928 
vt 1.0402445793151855 0.6638495326042175 
vt 1.0417696237564087 0.6488389372825623 
vt 1.0408164262771606 0.6488627791404724 
vt 1.042055606842041 0.636167049407959 
vt 1.041007161140442 0.6362624764442444 
vt 1.041007161140442 0.6276713609695435 
vt 1.042055606842041 0.6275043487548828 
vt 1.0408164262771606 0.6224928498268127 
vt 1.0431041717529297 0.6360715627670288 
vt 1.0428181886672974 0.6488150954246521 
vt 1.0421509742736816 0.663992702960968 
vt 1.041483759880066 0.6793373823165894 
vt 1.0408164262771606 0.6925104260444641 
vt 1.0403398275375366 0.7017936110496521 
vt 1.0397679805755615 0.7076402902603149 
vt 1.0409117937088013 0.7081414461135864 
vt 1.0413883924484253 0.7021992802619934 
vt 1.04196035861969 0.69282066822052 
vt 1.0426275730133057 0.6795282959938049 
vt 1.0432947874069214 0.6640881299972534 
vt 1.043962001800537 0.6487911939620972 
vt 1.0442479848861694 0.6359283924102783 
vt 1.0431041717529297 0.6273372769355774 
vt 1.04196035861969 0.622278094291687 
vt 1.040625810623169 0.6196529865264893 
vt 1.0417696237564087 0.6193904876708984 
vt 1.0403398275375366 0.6179825067520142 
vt 1.043008804321289 0.6220632791519165 
vt 1.0442479848861694 0.6271463632583618 
vt 1.0455825328826904 0.6357852220535278 
vt 1.0452011823654175 0.648767352104187 
vt 1.0445339679718018 0.6641836166381836 
vt 1.0437713861465454 0.6797669529914856 
vt 1.0431995391845703 0.6931785941123962 
vt 1.0426275730133057 0.7026765942573547 
vt 1.042055606842041 0.7087141871452332 
vt 1.043390154838562 0.7093108296394348 
vt 1.043866753578186 0.7031776905059814 
vt 1.0444386005401611 0.6935843229293823 
vt 1.0451059341430664 0.6800294518470764 
vt 1.0458683967590332 0.6643029451370239 
vt 1.0465357303619385 0.6487434506416321 
vt 1.0469169616699219 0.6356420516967773 
vt 1.0469169616699219 0.6266929507255554 
vt 1.0455825328826904 0.6269316077232361 
vt 1.0441527366638184 0.6218485236167908 
vt 1.0428181886672974 0.6191518902778625 
vt 1.041483759880066 0.6176961660385132 
vt 1.0399585962295532 0.6164313554763794 
vt 1.041102409362793 0.6161211133003235 
vt 1.0393866300582886 0.6144744753837585 
vt 1.042532205581665 0.6174336671829224 
vt 1.043962001800537 0.6189132332801819 
vt 1.0454871654510498 0.6216098666191101 
vt 1.0469169616699219 0.6213473677635193 
vt 1.0468215942382812 0.6184359192848206 
vt 1.045296549797058 0.6186984181404114 
vt 1.0436761379241943 0.6172188520431519 
vt 1.0422462224960327 0.6158824563026428 
vt 1.0405305624008179 0.6141642332077026 
vt 1.0383381843566895 0.6117300987243652 
vt 1.0394819974899292 0.6113721132278442 
vt 1.036622405052185 0.6078163981437683 
vt 1.0377662181854248 0.6074106693267822 
vt 1.0405305624008179 0.6111096143722534 
vt 1.0388147830963135 0.6071243286132812 
vt 1.041579008102417 0.613925576210022 
vt 1.043390154838562 0.6156677007675171 
vt 1.0451059341430664 0.6170040965080261 
vt 1.0466309785842896 0.6167415976524353 
vt 1.048346757888794 0.6164790987968445 
vt 1.0484421253204346 0.6181973218917847 
vt 1.0485373735427856 0.6211087107658386 
vt 1.0484421253204346 0.6264781951904297 
vt 1.048346757888794 0.6354749798774719 
vt 1.04787015914917 0.6487196087837219 
vt 1.0472029447555542 0.6644222736358643 
vt 1.0464403629302979 0.6802919507026672 
vt 1.0457731485366821 0.6939899921417236 
vt 1.0452011823654175 0.7037027478218079 
vt 1.0446293354034424 0.7099312543869019 
vt 1.0459637641906738 0.7105278968811035 
vt 1.0465357303619385 0.7042277455329895 
vt 1.0471075773239136 0.6943956613540649 
vt 1.0477747917175293 0.6805782914161682 
vt 1.0485373735427856 0.6645416021347046 
vt 1.049299955368042 0.6486957669258118 
vt 1.0496811866760254 0.6353318095207214 
vt 1.0499671697616577 0.6262633800506592 
vt 1.0500625371932983 0.6208939552307129 
vt 1.0501577854156494 0.6179347634315491 
vt 1.0500625371932983 0.6162165403366089 
vt 1.0498719215393066 0.614641547203064 
vt 1.0481561422348022 0.6149040460586548 
vt 1.0463449954986572 0.6151903867721558 
vt 1.0447245836257935 0.6154528856277466 
vt 1.0427228212356567 0.6137108206748962 
vt 1.0416743755340576 0.6108948588371277 
vt 1.0400539636611938 0.6068140864372253 
vt 1.0431995391845703 0.6105846166610718 
vt 1.041579008102417 0.6064322590827942 
vt 1.0435807704925537 0.6058833599090576 
vt 1.0450105667114258 0.6102027893066406 
vt 1.0457731485366821 0.6052867770195007 
vt 1.0470123291015625 0.6097971200942993 
vt 1.0481561422348022 0.6046901345252991 
vt 1.0491093397140503 0.6093913912773132 
vt 1.05025315284729 0.6042367219924927 
vt 1.0509203672409058 0.6091050505638123 
vt 1.0524455308914185 0.6089141368865967 
vt 1.0519689321517944 0.6039503812789917 
vt 1.0535893440246582 0.6088425517082214 
vt 1.0533033609390259 0.6038072109222412 
vt 1.054733157157898 0.6087948083877563 
vt 1.0545425415039062 0.603711724281311 
vt 1.0559723377227783 0.6087709665298462 
vt 1.0558770895004272 0.603663980960846 
vt 1.057592749595642 0.603663980960846 
vt 1.057497501373291 0.6087948083877563 
vt 1.059403896331787 0.603711724281311 
vt 1.0591179132461548 0.6088663935661316 
vt 1.0612149238586426 0.6038787961006165 
vt 1.0607383251190186 0.6089857220649719 
vt 1.062835454940796 0.604069709777832 
vt 1.0621681213378906 0.6091288924217224 
vt 1.063407301902771 0.6092959642410278 
vt 1.0641698837280273 0.6042844653129578 
vt 1.0645511150360107 0.6094629764556885 
vt 1.0654090642929077 0.6044992208480835 
vt 1.06569504737854 0.6097016334533691 
vt 1.0667434930801392 0.6048094630241394 
vt 1.067124843597412 0.6100596189498901 
vt 1.068363904953003 0.6052867770195007 
vt 1.0704610347747803 0.606002688407898 
vt 1.0689358711242676 0.6105607748031616 
vt 1.0726534128189087 0.6068618297576904 
vt 1.0664575099945068 0.6131858229637146 
vt 1.0651230812072754 0.6128994226455688 
vt 1.0639792680740356 0.6127085089683533 
vt 1.062930703163147 0.6125653386116028 
vt 1.0635979175567627 0.6148085594177246 
vt 1.064741849899292 0.6149994730949402 
vt 1.0659809112548828 0.6152858734130859 
vt 1.0680780410766602 0.6136153936386108 
vt 1.0709376335144043 0.6111811995506287 
vt 1.0748456716537476 0.6077209115028381 
vt 1.0729392766952515 0.6118494272232056 
vt 1.0767520666122437 0.6084845662117004 
vt 1.0698890686035156 0.6141403913497925 
vt 1.0675060749053955 0.6156677007675171 
vt 1.06569504737854 0.6168370246887207 
vt 1.0644558668136597 0.6165506839752197 
vt 1.0655043125152588 0.6185552477836609 
vt 1.0672200918197632 0.6172188520431519 
vt 1.0692218542099 0.6161449551582336 
vt 1.0717002153396606 0.6146892309188843 
vt 1.0746550559997559 0.6124460101127625 
vt 1.076084852218628 0.6128994226455688 
vt 1.0781818628311157 0.6090573072433472 
vt 1.0772286653518677 0.61328125 
vt 1.079325795173645 0.6095107197761536 
vt 1.0782772302627563 0.6136630773544312 
vt 1.0803742408752441 0.6099164485931396 
vt 1.079325795173645 0.6141403913497925 
vt 1.0815181732177734 0.6104414463043213 
vt 1.077991247177124 0.6167415976524353 
vt 1.0768474340438843 0.6162881851196289 
vt 1.0758942365646362 0.6159301996231079 
vt 1.0747504234313965 0.6155722141265869 
vt 1.0734158754348755 0.6151903867721558 
vt 1.0710328817367554 0.616622269153595 
vt 1.068840503692627 0.6176722645759583 
vt 1.0669341087341309 0.618937075138092 
vt 1.065218448638916 0.6214905381202698 
vt 1.064265251159668 0.6182689070701599 
vt 1.063407301902771 0.6163597702980042 
vt 1.0626447200775146 0.6146653890609741 
vt 1.0617868900299072 0.6124221682548523 
vt 1.0603570938110352 0.612302839756012 
vt 1.058927297592163 0.6121835112571716 
vt 1.0574021339416504 0.6121119260787964 
vt 1.0559723377227783 0.6120880842208862 
vt 1.0548285245895386 0.6120880842208862 
vt 1.05377995967865 0.6121119260787964 
vt 1.0526361465454102 0.6121835112571716 
vt 1.0513017177581787 0.612302839756012 
vt 1.0495859384536743 0.6125414967536926 
vt 1.0476795434951782 0.6128278374671936 
vt 1.0458683967590332 0.6131619811058044 
vt 1.0441527366638184 0.6134721636772156 
vt 1.0514923334121704 0.6144267320632935 
vt 1.0527315139770508 0.6143074035644531 
vt 1.0538753271102905 0.6142358183860779 
vt 1.0549238920211792 0.6142119765281677 
vt 1.0559723377227783 0.6142358183860779 
vt 1.0573068857192993 0.6142597198486328 
vt 1.0587366819381714 0.6143313050270081 
vt 1.0601664781570435 0.6144267320632935 
vt 1.061500906944275 0.6145460605621338 
vt 1.0623588562011719 0.6162165403366089 
vt 1.0631213188171387 0.6180302500724792 
vt 1.0639792680740356 0.6212041974067688 
vt 1.064741849899292 0.6268600225448608 
vt 1.066648244857788 0.6218723654747009 
vt 1.0685546398162842 0.6193666458129883 
vt 1.0704610347747803 0.6181495785713196 
vt 1.072558045387268 0.6170756816864014 
vt 1.0738924741744995 0.6174575090408325 
vt 1.0750364065170288 0.6178154945373535 
vt 1.076084852218628 0.6181734204292297 
vt 1.0771334171295166 0.618602991104126 
vt 1.0635026693344116 0.6265736222267151 
vt 1.0623588562011719 0.6263349652290344 
vt 1.0613102912902832 0.6261440515518188 
vt 1.0602617263793945 0.6260008811950684 
vt 1.0594991445541382 0.635164737701416 
vt 1.058450698852539 0.6489105224609375 
vt 1.0574021339416504 0.665281355381012 
vt 1.0563536882400513 0.6818192601203918 
vt 1.0554004907608032 0.6961377859115601 
vt 1.0548285245895386 0.7063755393028259 
vt 1.0544472932815552 0.7129858732223511 
vt 1.0536847114562988 0.7130813598632812 
vt 1.0529221296310425 0.7131052017211914 
vt 1.0522549152374268 0.713009774684906 
vt 1.0540659427642822 0.7064709663391113 
vt 1.0533987283706665 0.7064709663391113 
vt 1.0546379089355469 0.6961855292320251 
vt 1.0554957389831543 0.681843101978302 
vt 1.0539706945419312 0.6961855292320251 
vt 1.0527315139770508 0.7063993811607361 
vt 1.0514923334121704 0.7128188610076904 
vt 1.0506343841552734 0.7125086188316345 
vt 1.0496811866760254 0.7121267914772034 
vt 1.0485373735427856 0.711649477481842 
vt 1.0472981929779053 0.7111244797706604 
vt 1.0477747917175293 0.7047527432441711 
vt 1.048346757888794 0.694801390171051 
vt 1.0491093397140503 0.6808408498764038 
vt 1.0498719215393066 0.6646847724914551 
vt 1.0505391359329224 0.6486718654632568 
vt 1.0511109828948975 0.6351885795593262 
vt 1.0513017177581787 0.6260724663734436 
vt 1.0514923334121704 0.6206791996955872 
vt 1.0515875816345215 0.6177438497543335 
vt 1.0515875816345215 0.6160256266593933 
vt 1.0528267621994019 0.6158824563026428 
vt 1.0539706945419312 0.6158108711242676 
vt 1.0549238920211792 0.6157870292663574 
vt 1.056067705154419 0.6157870292663574 
vt 1.0573068857192993 0.6158347129821777 
vt 1.0586413145065308 0.6159063577651978 
vt 1.0599757432937622 0.6160017848014832 
vt 1.0613102912902832 0.6160972714424133 
vt 1.0620728731155396 0.6178870797157288 
vt 1.062835454940796 0.6209655404090881 
vt 1.0617868900299072 0.6207746267318726 
vt 1.0490139722824097 0.7052061557769775 
vt 1.0610243082046509 0.6177677512168884 
vt 1.0607383251190186 0.6206552982330322 
vt 1.0592132806777954 0.625881552696228 
vt 1.0585459470748901 0.6350693106651306 
vt 1.057592749595642 0.6488389372825623 
vt 1.056544303894043 0.6652336120605469 
vt 1.0548285245895386 0.6818192601203918 
vt 1.0533033609390259 0.6961138844490051 
vt 1.0519689321517944 0.7062084674835205 
vt 1.0511109828948975 0.7059698104858398 
vt 1.0501577854156494 0.7056118845939636 
vt 1.0495859384536743 0.6951593160629272 
vt 1.05025315284729 0.6810794472694397 
vt 1.0511109828948975 0.6648041009902954 
vt 1.0518735647201538 0.6486480236053467 
vt 1.0523501634597778 0.6350931525230408 
vt 1.0526361465454102 0.6259292960166931 
vt 1.0528267621994019 0.6205359697341919 
vt 1.0529221296310425 0.617600679397583 
vt 1.0539706945419312 0.6175052523612976 
vt 1.0550191402435303 0.6174575090408325 
vt 1.056067705154419 0.6174575090408325 
vt 1.0573068857192993 0.6175052523612976 
vt 1.0585459470748901 0.6175768375396729 
vt 1.0598804950714111 0.6176722645759583 
vt 1.0595945119857788 0.6205359697341919 
vt 1.0580693483352661 0.6258099675178528 
vt 1.057592749595642 0.6349976658821106 
vt 1.0567349195480347 0.648767352104187 
vt 1.0557817220687866 0.6652097702026367 
vt 1.0540659427642822 0.6817476749420166 
vt 1.052540898323059 0.6959707140922546 
vt 1.051682949066162 0.6957559585571289 
vt 1.050729751586914 0.6954934597015381 
vt 1.0513969659805298 0.6812942624092102 
vt 1.0522549152374268 0.6648995280265808 
vt 1.053017497062683 0.6486718654632568 
vt 1.0534940958023071 0.6350215673446655 
vt 1.05377995967865 0.6258338689804077 
vt 1.0539706945419312 0.6204405426979065 
vt 1.0550191402435303 0.6203689575195312 
vt 1.056067705154419 0.6203689575195312 
vt 1.0572115182876587 0.6203927993774414 
vt 1.0583553314208984 0.6204405426979065 
vt 1.057020902633667 0.6257622241973877 
vt 1.0559723377227783 0.6257383823394775 
vt 1.0548285245895386 0.6257622241973877 
vt 1.0546379089355469 0.6349738240242004 
vt 1.0524455308914185 0.6814851760864258 
vt 1.055591106414795 0.6349499821662903 
vt 1.056544303894043 0.6349499821662903 
vt 1.0558770895004272 0.6487196087837219 
vt 1.0550191402435303 0.6486957669258118 
vt 1.0540659427642822 0.6486718654632568 
vt 1.0533033609390259 0.664995014667511 
vt 1.0533033609390259 0.6816521883010864 
vt 1.0550191402435303 0.6651620268821716 
vt 1.0541613101959229 0.6650904417037964 
vt 1.7471376657485962 0.799135684967041 
vt 1.7488534450531006 0.7917616367340088 
vt 1.7488534450531006 0.799135684967041 
vt 1.7504738569259644 0.7917616367340088 
vt 1.750569224357605 0.799135684967041 
vt 1.7504738569259644 0.7824546098709106 
vt 1.7518084049224854 0.7720259428024292 
vt 1.7530474662780762 0.7720975279808044 
vt 1.7540960311889648 0.7722645998001099 
vt 1.755525827407837 0.7725270986557007 
vt 1.7575275897979736 0.7729805111885071 
vt 1.757336974143982 0.7830034494400024 
vt 1.755525827407837 0.7827409505844116 
vt 1.7541913986206055 0.7825738787651062 
vt 1.7530474662780762 0.782502293586731 
vt 1.7519036531448364 0.7824784517288208 
vt 1.751999020576477 0.7917377352714539 
vt 1.7521896362304688 0.7991117835044861 
vt 1.7535240650177002 0.799064040184021 
vt 1.7532382011413574 0.7917138934135437 
vt 1.7543820142745972 0.7917138934135437 
vt 1.7557164430618286 0.7917616367340088 
vt 1.757432222366333 0.7918570637702942 
vt 1.7560977935791016 0.7989447712898254 
vt 1.7547632455825806 0.7990163564682007 
vt 1.0280436277389526 0.7091675996780396 
vt 1.0280436277389526 0.7048959136009216 
vt 1.0294734239578247 0.7049675583839417 
vt 1.0294734239578247 0.7020799517631531 
vt 1.0309984683990479 0.702103853225708 
vt 1.0309984683990479 0.7049914002418518 
vt 1.0294734239578247 0.7092392444610596 
vt 1.0309984683990479 0.7092630863189697 
vt 1.0326189994812012 0.7049675583839417 
vt 1.0326189994812012 0.7092392444610596 
vt 1.0340487957000732 0.7049198150634766 
vt 1.0340487957000732 0.7091675996780396 
vt 1.0340487957000732 0.702032208442688 
vt 1.0326189994812012 0.7020799517631531 
vt 1.0339534282684326 0.7000753879547119 
vt 1.0325236320495605 0.7000992298126221 
vt 1.033858060836792 0.6985719203948975 
vt 1.0325236320495605 0.6985957622528076 
vt 1.0336674451828003 0.6969968676567078 
vt 1.0309984683990479 0.7001230716705322 
vt 1.0294734239578247 0.7000992298126221 
vt 1.0280436277389526 0.702032208442688 
vt 1.0280436277389526 0.7000753879547119 
vt 1.0295686721801758 0.6985957622528076 
vt 1.0282342433929443 0.6985719203948975 
vt 1.0296640396118164 0.6969730257987976 
vt 1.028424859046936 0.6969968676567078 
vt 1.029759407043457 0.6942286491394043 
vt 1.0286154747009277 0.6942763924598694 
vt 1.0299500226974487 0.6891694068908691 
vt 1.02890145778656 0.6892409920692444 
vt 1.0300452709197998 0.6806260347366333 
vt 1.0290920734405518 0.6806737780570984 
vt 1.0301406383514404 0.6680018901824951 
vt 1.029282808303833 0.6680257320404053 
vt 1.030236005783081 0.6529912948608398 
vt 1.029378056526184 0.6529674530029297 
vt 1.0303312540054321 0.637789785861969 
vt 1.0294734239578247 0.6377421021461487 
vt 1.0303312540054321 0.6247122287750244 
vt 1.0295686721801758 0.6246167421340942 
vt 1.0303312540054321 0.6154052019119263 
vt 1.0295686721801758 0.6152858734130859 
vt 1.0303312540054321 0.6094868779182434 
vt 1.0295686721801758 0.6093675494194031 
vt 1.030236005783081 0.6059311032295227 
vt 1.0294734239578247 0.6058356165885925 
vt 1.0301406383514404 0.6037355661392212 
vt 1.029282808303833 0.603663980960846 
vt 1.0309984683990479 0.6037833094596863 
vt 1.0309984683990479 0.6059549450874329 
vt 1.0318564176559448 0.6037355661392212 
vt 1.0317610502243042 0.6059311032295227 
vt 1.0328096151351929 0.603663980960846 
vt 1.0326189994812012 0.6058356165885925 
vt 1.0316658020019531 0.6094868779182434 
vt 1.03242826461792 0.6093675494194031 
vt 1.0309984683990479 0.6095346212387085 
vt 1.0309984683990479 0.6154528856277466 
vt 1.0309984683990479 0.6247360706329346 
vt 1.0316658020019531 0.6154052019119263 
vt 1.0317610502243042 0.6247122287750244 
vt 1.0309984683990479 0.6378136873245239 
vt 1.0309984683990479 0.6529912948608398 
vt 1.03242826461792 0.6152858734130859 
vt 1.03242826461792 0.6246167421340942 
vt 1.0317610502243042 0.637789785861969 
vt 1.0325236320495605 0.6377421021461487 
vt 1.0317610502243042 0.6529912948608398 
vt 1.0326189994812012 0.6529674530029297 
vt 1.0309984683990479 0.6680018901824951 
vt 1.0309984683990479 0.6806260347366333 
vt 1.0309984683990479 0.6891694068908691 
vt 1.0309984683990479 0.6942286491394043 
vt 1.0309984683990479 0.6969730257987976 
vt 1.0309984683990479 0.6985957622528076 
vt 1.03242826461792 0.6969730257987976 
vt 1.033381462097168 0.6942763924598694 
vt 1.0322376489639282 0.6942286491394043 
vt 1.0321424007415771 0.6891694068908691 
vt 1.031951665878296 0.6806260347366333 
vt 1.0318564176559448 0.6680018901824951 
vt 1.0328096151351929 0.6680257320404053 
vt 1.032904863357544 0.6806737780570984 
vt 1.0331908464431763 0.6892409920692444 
vt 1.023468255996704 0.7131529450416565 
vt 1.0228962898254395 0.7112199664115906 
vt 1.0226103067398071 0.7127949595451355 
vt 1.0218478441238403 0.711029052734375 
vt 1.0219430923461914 0.7097164988517761 
vt 1.0228962898254395 0.7097164988517761 
vt 1.0237542390823364 0.7113631367683411 
vt 1.0237542390823364 0.7097164988517761 
vt 1.0228962898254395 0.7081891894340515 
vt 1.0237542390823364 0.708046019077301 
vt 1.0226103067398071 0.7066380381584167 
vt 1.023468255996704 0.7062800526618958 
vt 1.021561861038208 0.7070675492286682 
vt 1.0218478441238403 0.7083801031112671 
vt 1.020132064819336 0.7075448632240295 
vt 1.0203226804733276 0.7086426019668579 
vt 1.0177490711212158 0.7079744338989258 
vt 1.017844319343567 0.7088812589645386 
vt 1.0203226804733276 0.7097164988517761 
vt 1.0203226804733276 0.7107665538787842 
vt 1.021561861038208 0.712365448474884 
vt 1.020132064819336 0.7118642926216125 
vt 1.017844319343567 0.7105517387390137 
vt 1.0177490711212158 0.7114585638046265 
vt 1.017844319343567 0.7097164988517761 
s on 
f 1/1/1 2/2/2 3/3/3 
f 2/2/2 4/4/4 3/3/3 
f 3/3/3 4/4/4 3/3/3 
f 4/4/4 5/5/5 3/3/3 
f 3/3/3 5/5/5 3/3/3 
f 5/5/5 6/6/6 3/3/3 
f 3/3/3 6/6/6 7/7/7 
f 6/6/6 6/6/6 7/7/7 
f 7/7/7 6/6/6 8/8/8 
f 6/6/6 9/9/9 8/8/8 
f 8/8/8 9/9/9 10/10/10 
f 9/9/9 11/11/11 10/10/10 
f 10/10/10 11/11/11 12/12/12 
f 11/11/11 12/12/12 12/12/12 
f 12/12/12 12/12/12 1/1/1 
f 12/12/12 1/1/1 1/1/1 
f 1/1/1 1/1/1 7/7/7 
f 1/1/1 3/3/3 7/7/7 
f 7/7/7 3/3/3 3/3/3 
f 3/3/3 11/11/11 3/3/3 
f 3/3/3 11/11/11 11/11/11 
f 11/11/11 9/9/9 11/11/11 
f 11/11/11 9/9/9 13/13/13 
f 9/9/9 14/14/14 13/13/13 
f 13/13/13 14/14/14 15/15/15 
f 14/14/14 16/16/16 15/15/15 
f 15/15/15 16/16/16 17/17/17 
f 16/16/16 18/18/18 17/17/17 
f 17/17/17 18/18/18 19/19/19 
f 18/18/18 19/19/19 19/19/19 
f 19/19/19 19/19/19 9/9/9 
f 19/19/19 9/9/9 9/9/9 
f 9/9/9 9/9/9 14/14/14 
f 9/9/9 6/6/6 14/14/14 
f 14/14/14 6/6/6 14/14/14 
f 6/6/6 5/5/5 14/14/14 
f 14/14/14 5/5/5 16/16/16 
f 5/5/5 20/20/20 16/16/16 
f 16/16/16 20/20/20 18/18/18 
f 20/20/20 18/18/18 18/18/18 
f 18/18/18 18/18/18 5/5/5 
f 18/18/18 5/5/5 5/5/5 
f 5/5/5 5/5/5 20/20/20 
f 5/5/5 4/4/4 20/20/20 
f 20/20/20 4/4/4 21/21/21 
f 4/4/4 22/22/22 21/21/21 
f 21/21/21 22/22/22 21/21/21 
f 22/22/22 23/23/23 21/21/21 
f 21/21/21 23/23/23 24/24/24 
f 23/23/23 25/25/25 24/24/24 
f 24/24/24 25/25/25 26/26/26 
f 25/25/25 27/27/27 26/26/26 
f 26/26/26 27/27/27 28/28/28 
f 27/27/27 29/29/29 28/28/28 
f 28/28/28 29/29/29 30/30/30 
f 29/29/29 31/31/31 30/30/30 
f 30/30/30 31/31/31 32/32/32 
f 31/31/31 33/33/33 32/32/32 
f 32/32/32 33/33/33 33/33/33 
f 33/33/33 2/2/2 33/33/33 
f 33/33/33 2/2/2 2/2/2 
f 2/2/2 22/22/22 2/2/2 
f 2/2/2 22/22/22 4/4/4 
f 22/22/22 4/4/4 4/4/4 
f 4/4/4 4/4/4 32/32/32 
f 4/4/4 32/32/32 32/32/32 
f 32/32/32 32/32/32 30/30/30 
f 32/32/32 34/34/34 30/30/30 
f 30/30/30 34/34/34 35/35/35 
f 34/34/34 36/36/36 35/35/35 
f 35/35/35 36/36/36 36/36/36 
f 36/36/36 30/30/30 36/36/36 
f 36/36/36 30/30/30 30/30/30 
f 30/30/30 35/35/35 30/30/30 
f 30/30/30 35/35/35 28/28/28 
f 35/35/35 37/37/37 28/28/28 
f 28/28/28 37/37/37 26/26/26 
f 37/37/37 38/38/38 26/26/26 
f 26/26/26 38/38/38 24/24/24 
f 38/38/38 39/39/39 24/24/24 
f 24/24/24 39/39/39 21/21/21 
f 39/39/39 39/39/39 21/21/21 
f 21/21/21 39/39/39 20/20/20 
f 39/39/39 39/39/39 20/20/20 
f 20/20/20 39/39/39 18/18/18 
f 39/39/39 40/40/40 18/18/18 
f 18/18/18 40/40/40 19/19/19 
f 40/40/40 40/40/40 19/19/19 
f 19/19/19 40/40/40 41/41/41 
f 40/40/40 40/40/40 41/41/41 
f 41/41/41 40/40/40 42/42/42 
f 40/40/40 38/38/38 42/42/42 
f 42/42/42 38/38/38 42/42/42 
f 38/38/38 37/37/37 42/42/42 
f 42/42/42 37/37/37 43/43/43 
f 37/37/37 35/35/35 43/43/43 
f 43/43/43 35/35/35 43/43/43 
f 35/35/35 36/36/36 43/43/43 
f 43/43/43 36/36/36 43/43/43 
f 36/36/36 44/44/44 43/43/43 
f 43/43/43 44/44/44 43/43/43 
f 44/44/44 45/45/45 43/43/43 
f 43/43/43 45/45/45 42/42/42 
f 45/45/45 41/41/41 42/42/42 
f 42/42/42 41/41/41 41/41/41 
f 41/41/41 39/39/39 41/41/41 
f 41/41/41 39/39/39 39/39/39 
f 39/39/39 38/38/38 39/39/39 
f 39/39/39 38/38/38 40/40/40 
f 38/38/38 40/40/40 40/40/40 
f 40/40/40 40/40/40 46/46/46 
f 40/40/40 46/46/46 46/46/46 
f 46/46/46 46/46/46 47/47/47 
f 46/46/46 48/48/48 47/47/47 
f 47/47/47 48/48/48 47/47/47 
f 48/48/48 49/49/49 47/47/47 
f 47/47/47 49/49/49 50/50/50 
f 49/49/49 51/51/51 50/50/50 
f 50/50/50 51/51/51 52/52/52 
f 51/51/51 52/52/52 52/52/52 
f 52/52/52 52/52/52 53/53/53 
f 52/52/52 53/53/53 53/53/53 
f 53/53/53 53/53/53 54/54/54 
f 53/53/53 55/55/55 54/54/54 
f 54/54/54 55/55/55 56/56/56 
f 55/55/55 57/57/57 56/56/56 
f 56/56/56 57/57/57 58/58/58 
f 57/57/57 59/59/59 58/58/58 
f 58/58/58 59/59/59 59/59/59 
f 59/59/59 54/54/54 59/59/59 
f 59/59/59 54/54/54 54/54/54 
f 54/54/54 56/56/56 54/54/54 
f 54/54/54 56/56/56 60/60/60 
f 56/56/56 61/61/61 60/60/60 
f 60/60/60 61/61/61 46/46/46 
f 61/61/61 61/61/61 46/46/46 
f 46/46/46 61/61/61 48/48/48 
f 61/61/61 62/62/62 48/48/48 
f 48/48/48 62/62/62 48/48/48 
f 62/62/62 63/63/63 48/48/48 
f 48/48/48 63/63/63 49/49/49 
f 63/63/63 64/64/64 49/49/49 
f 49/49/49 64/64/64 51/51/51 
f 64/64/64 51/51/51 51/51/51 
f 51/51/51 51/51/51 56/56/56 
f 51/51/51 56/56/56 56/56/56 
f 56/56/56 56/56/56 61/61/61 
f 56/56/56 58/58/58 61/61/61 
f 61/61/61 58/58/58 62/62/62 
f 58/58/58 65/65/65 62/62/62 
f 62/62/62 65/65/65 66/66/66 
f 65/65/65 67/67/67 66/66/66 
f 66/66/66 67/67/67 66/66/66 
f 67/67/67 68/68/68 66/66/66 
f 66/66/66 68/68/68 69/69/69 
f 68/68/68 70/70/70 69/69/69 
f 69/69/69 70/70/70 69/69/69 
f 70/70/70 71/71/71 69/69/69 
f 69/69/69 71/71/71 69/69/69 
f 71/71/71 64/64/64 69/69/69 
f 69/69/69 64/64/64 69/69/69 
f 64/64/64 63/63/63 69/69/69 
f 69/69/69 63/63/63 66/66/66 
f 63/63/63 62/62/62 66/66/66 
f 66/66/66 62/62/62 62/62/62 
f 62/62/62 58/58/58 62/62/62 
f 62/62/62 58/58/58 58/58/58 
f 58/58/58 59/59/59 58/58/58 
f 58/58/58 59/59/59 65/65/65 
f 59/59/59 72/72/72 65/65/65 
f 65/65/65 72/72/72 67/67/67 
f 72/72/72 67/67/67 67/67/67 
f 67/67/67 67/67/67 70/70/70 
f 67/67/67 70/70/70 70/70/70 
f 70/70/70 70/70/70 71/71/71 
f 70/70/70 73/73/73 71/71/71 
f 71/71/71 73/73/73 71/71/71 
f 73/73/73 74/74/74 71/71/71 
f 71/71/71 74/74/74 75/75/75 
f 74/74/74 76/76/76 75/75/75 
f 75/75/75 76/76/76 77/77/77 
f 76/76/76 78/78/78 77/77/77 
f 77/77/77 78/78/78 79/79/79 
f 78/78/78 80/80/80 79/79/79 
f 79/79/79 80/80/80 81/81/81 
f 80/80/80 82/82/82 81/81/81 
f 81/81/81 82/82/82 83/83/83 
f 82/82/82 84/84/84 83/83/83 
f 83/83/83 84/84/84 85/85/85 
f 84/84/84 86/86/86 85/85/85 
f 85/85/85 86/86/86 87/87/87 
f 86/86/86 88/88/88 87/87/87 
f 87/87/87 88/88/88 89/89/89 
f 88/88/88 90/90/90 89/89/89 
f 89/89/89 90/90/90 91/91/91 
f 90/90/90 92/92/92 91/91/91 
f 91/91/91 92/92/92 93/93/93 
f 92/92/92 94/94/94 93/93/93 
f 93/93/93 94/94/94 95/95/95 
f 94/94/94 96/96/96 95/95/95 
f 95/95/95 96/96/96 97/97/97 
f 96/96/96 98/98/98 97/97/97 
f 97/97/97 98/98/98 99/99/99 
f 98/98/98 100/100/100 99/99/99 
f 99/99/99 100/100/100 101/101/101 
f 100/100/100 102/102/102 101/101/101 
f 101/101/101 102/102/102 103/103/103 
f 102/102/102 104/104/104 103/103/103 
f 103/103/103 104/104/104 105/105/105 
f 104/104/104 106/106/106 105/105/105 
f 105/105/105 106/106/106 107/107/107 
f 106/106/106 108/108/108 107/107/107 
f 107/107/107 108/108/108 109/109/109 
f 108/108/108 110/110/110 109/109/109 
f 109/109/109 110/110/110 111/111/111 
f 110/110/110 112/112/112 111/111/111 
f 111/111/111 112/112/112 113/113/113 
f 112/112/112 114/114/114 113/113/113 
f 113/113/113 114/114/114 115/115/115 
f 114/114/114 116/116/116 115/115/115 
f 115/115/115 116/116/116 117/117/117 
f 116/116/116 118/118/118 117/117/117 
f 117/117/117 118/118/118 119/119/119 
f 118/118/118 120/120/120 119/119/119 
f 119/119/119 120/120/120 119/119/119 
f 120/120/120 121/121/121 119/119/119 
f 119/119/119 121/121/121 122/122/122 
f 121/121/121 123/123/123 122/122/122 
f 122/122/122 123/123/123 124/124/124 
f 123/123/123 125/125/125 124/124/124 
f 124/124/124 125/125/125 126/126/126 
f 125/125/125 127/127/127 126/126/126 
f 126/126/126 127/127/127 127/127/127 
f 127/127/127 71/71/71 127/127/127 
f 127/127/127 71/71/71 71/71/71 
f 71/71/71 75/75/75 71/71/71 
f 71/71/71 75/75/75 64/64/64 
f 75/75/75 75/75/75 64/64/64 
f 64/64/64 75/75/75 51/51/51 
f 75/75/75 77/77/77 51/51/51 
f 51/51/51 77/77/77 52/52/52 
f 77/77/77 79/79/79 52/52/52 
f 52/52/52 79/79/79 79/79/79 
f 79/79/79 126/126/126 79/79/79 
f 79/79/79 126/126/126 126/126/126 
f 126/126/126 128/128/128 126/126/126 
f 126/126/126 128/128/128 124/124/124 
f 128/128/128 129/129/129 124/124/124 
f 124/124/124 129/129/129 122/122/122 
f 129/129/129 130/130/130 122/122/122 
f 122/122/122 130/130/130 119/119/119 
f 130/130/130 130/130/130 119/119/119 
f 119/119/119 130/130/130 117/117/117 
f 130/130/130 131/131/131 117/117/117 
f 117/117/117 131/131/131 115/115/115 
f 131/131/131 115/115/115 115/115/115 
f 115/115/115 115/115/115 128/128/128 
f 115/115/115 128/128/128 128/128/128 
f 128/128/128 128/128/128 129/129/129 
f 128/128/128 132/132/132 129/129/129 
f 129/129/129 132/132/132 133/133/133 
f 132/132/132 134/134/134 133/133/133 
f 133/133/133 134/134/134 135/135/135 
f 134/134/134 136/136/136 135/135/135 
f 135/135/135 136/136/136 136/136/136 
f 136/136/136 129/129/129 136/136/136 
f 136/136/136 129/129/129 129/129/129 
f 129/129/129 133/133/133 129/129/129 
f 129/129/129 133/133/133 130/130/130 
f 133/133/133 133/133/133 130/130/130 
f 130/130/130 133/133/133 131/131/131 
f 133/133/133 135/135/135 131/131/131 
f 131/131/131 135/135/135 137/137/137 
f 135/135/135 138/138/138 137/137/137 
f 137/137/137 138/138/138 137/137/137 
f 138/138/138 139/139/139 137/137/137 
f 137/137/137 139/139/139 113/113/113 
f 139/139/139 111/111/111 113/113/113 
f 113/113/113 111/111/111 111/111/111 
f 111/111/111 131/131/131 111/111/111 
f 111/111/111 131/131/131 131/131/131 
f 131/131/131 137/137/137 131/131/131 
f 131/131/131 137/137/137 115/115/115 
f 137/137/137 113/113/113 115/115/115 
f 115/115/115 113/113/113 113/113/113 
f 113/113/113 135/135/135 113/113/113 
f 113/113/113 135/135/135 135/135/135 
f 135/135/135 136/136/136 135/135/135 
f 135/135/135 136/136/136 138/138/138 
f 136/136/136 140/140/140 138/138/138 
f 138/138/138 140/140/140 141/141/141 
f 140/140/140 142/142/142 141/141/141 
f 141/141/141 142/142/142 142/142/142 
f 142/142/142 138/138/138 142/142/142 
f 142/142/142 138/138/138 138/138/138 
f 138/138/138 141/141/141 138/138/138 
f 138/138/138 141/141/141 139/139/139 
f 141/141/141 143/143/143 139/139/139 
f 139/139/139 143/143/143 111/111/111 
f 143/143/143 143/143/143 111/111/111 
f 111/111/111 143/143/143 109/109/109 
f 143/143/143 144/144/144 109/109/109 
f 109/109/109 144/144/144 107/107/107 
f 144/144/144 107/107/107 107/107/107 
f 107/107/107 107/107/107 144/144/144 
f 107/107/107 144/144/144 144/144/144 
f 144/144/144 144/144/144 145/145/145 
f 144/144/144 143/143/143 145/145/145 
f 145/145/145 143/143/143 145/145/145 
f 143/143/143 141/141/141 145/145/145 
f 145/145/145 141/141/141 145/145/145 
f 141/141/141 142/142/142 145/145/145 
f 145/145/145 142/142/142 145/145/145 
f 142/142/142 146/146/146 145/145/145 
f 145/145/145 146/146/146 147/147/147 
f 146/146/146 148/148/148 147/147/147 
f 147/147/147 148/148/148 148/148/148 
f 148/148/148 145/145/145 148/148/148 
f 148/148/148 145/145/145 145/145/145 
f 145/145/145 147/147/147 145/145/145 
f 145/145/145 147/147/147 144/144/144 
f 147/147/147 149/149/149 144/144/144 
f 144/144/144 149/149/149 107/107/107 
f 149/149/149 149/149/149 107/107/107 
f 107/107/107 149/149/149 105/105/105 
f 149/149/149 150/150/150 105/105/105 
f 105/105/105 150/150/150 103/103/103 
f 150/150/150 103/103/103 103/103/103 
f 103/103/103 103/103/103 150/150/150 
f 103/103/103 150/150/150 150/150/150 
f 150/150/150 150/150/150 151/151/151 
f 150/150/150 149/149/149 151/151/151 
f 151/151/151 149/149/149 151/151/151 
f 149/149/149 147/147/147 151/151/151 
f 151/151/151 147/147/147 151/151/151 
f 147/147/147 148/148/148 151/151/151 
f 151/151/151 148/148/148 151/151/151 
f 148/148/148 152/152/152 151/151/151 
f 151/151/151 152/152/152 153/153/153 
f 152/152/152 154/154/154 153/153/153 
f 153/153/153 154/154/154 154/154/154 
f 154/154/154 151/151/151 154/154/154 
f 154/154/154 151/151/151 151/151/151 
f 151/151/151 153/153/153 151/151/151 
f 151/151/151 153/153/153 150/150/150 
f 153/153/153 155/155/155 150/150/150 
f 150/150/150 155/155/155 103/103/103 
f 155/155/155 155/155/155 103/103/103 
f 103/103/103 155/155/155 101/101/101 
f 155/155/155 156/156/156 101/101/101 
f 101/101/101 156/156/156 99/99/99 
f 156/156/156 99/99/99 99/99/99 
f 99/99/99 99/99/99 156/156/156 
f 99/99/99 156/156/156 156/156/156 
f 156/156/156 156/156/156 157/157/157 
f 156/156/156 155/155/155 157/157/157 
f 157/157/157 155/155/155 157/157/157 
f 155/155/155 153/153/153 157/157/157 
f 157/157/157 153/153/153 157/157/157 
f 153/153/153 154/154/154 157/157/157 
f 157/157/157 154/154/154 157/157/157 
f 154/154/154 158/158/158 157/157/157 
f 157/157/157 158/158/158 159/159/159 
f 158/158/158 160/160/160 159/159/159 
f 159/159/159 160/160/160 160/160/160 
f 160/160/160 157/157/157 160/160/160 
f 160/160/160 157/157/157 157/157/157 
f 157/157/157 159/159/159 157/157/157 
f 157/157/157 159/159/159 156/156/156 
f 159/159/159 161/161/161 156/156/156 
f 156/156/156 161/161/161 99/99/99 
f 161/161/161 161/161/161 99/99/99 
f 99/99/99 161/161/161 97/97/97 
f 161/161/161 162/162/162 97/97/97 
f 97/97/97 162/162/162 95/95/95 
f 162/162/162 95/95/95 95/95/95 
f 95/95/95 95/95/95 162/162/162 
f 95/95/95 162/162/162 162/162/162 
f 162/162/162 162/162/162 163/163/163 
f 162/162/162 161/161/161 163/163/163 
f 163/163/163 161/161/161 163/163/163 
f 161/161/161 159/159/159 163/163/163 
f 163/163/163 159/159/159 163/163/163 
f 159/159/159 160/160/160 163/163/163 
f 163/163/163 160/160/160 163/163/163 
f 160/160/160 164/164/164 163/163/163 
f 163/163/163 164/164/164 165/165/165 
f 164/164/164 166/166/166 165/165/165 
f 165/165/165 166/166/166 166/166/166 
f 166/166/166 163/163/163 166/166/166 
f 166/166/166 163/163/163 163/163/163 
f 163/163/163 165/165/165 163/163/163 
f 163/163/163 165/165/165 162/162/162 
f 165/165/165 167/167/167 162/162/162 
f 162/162/162 167/167/167 95/95/95 
f 167/167/167 167/167/167 95/95/95 
f 95/95/95 167/167/167 93/93/93 
f 167/167/167 168/168/168 93/93/93 
f 93/93/93 168/168/168 91/91/91 
f 168/168/168 91/91/91 91/91/91 
f 91/91/91 91/91/91 168/168/168 
f 91/91/91 168/168/168 168/168/168 
f 168/168/168 168/168/168 169/169/169 
f 168/168/168 167/167/167 169/169/169 
f 169/169/169 167/167/167 169/169/169 
f 167/167/167 165/165/165 169/169/169 
f 169/169/169 165/165/165 169/169/169 
f 165/165/165 166/166/166 169/169/169 
f 169/169/169 166/166/166 169/169/169 
f 166/166/166 170/170/170 169/169/169 
f 169/169/169 170/170/170 171/171/171 
f 170/170/170 172/172/172 171/171/171 
f 171/171/171 172/172/172 172/172/172 
f 172/172/172 169/169/169 172/172/172 
f 172/172/172 169/169/169 169/169/169 
f 169/169/169 171/171/171 169/169/169 
f 169/169/169 171/171/171 168/168/168 
f 171/171/171 173/173/173 168/168/168 
f 168/168/168 173/173/173 91/91/91 
f 173/173/173 173/173/173 91/91/91 
f 91/91/91 173/173/173 89/89/89 
f 173/173/173 174/174/174 89/89/89 
f 89/89/89 174/174/174 87/87/87 
f 174/174/174 87/87/87 87/87/87 
f 87/87/87 87/87/87 174/174/174 
f 87/87/87 174/174/174 174/174/174 
f 174/174/174 174/174/174 175/175/175 
f 174/174/174 173/173/173 175/175/175 
f 175/175/175 173/173/173 175/175/175 
f 173/173/173 171/171/171 175/175/175 
f 175/175/175 171/171/171 175/175/175 
f 171/171/171 172/172/172 175/175/175 
f 175/175/175 172/172/172 175/175/175 
f 172/172/172 176/176/176 175/175/175 
f 175/175/175 176/176/176 177/177/177 
f 176/176/176 178/178/178 177/177/177 
f 177/177/177 178/178/178 178/178/178 
f 178/178/178 175/175/175 178/178/178 
f 178/178/178 175/175/175 175/175/175 
f 175/175/175 177/177/177 175/175/175 
f 175/175/175 177/177/177 174/174/174 
f 177/177/177 179/179/179 174/174/174 
f 174/174/174 179/179/179 87/87/87 
f 179/179/179 179/179/179 87/87/87 
f 87/87/87 179/179/179 85/85/85 
f 179/179/179 180/180/180 85/85/85 
f 85/85/85 180/180/180 83/83/83 
f 180/180/180 83/83/83 83/83/83 
f 83/83/83 83/83/83 180/180/180 
f 83/83/83 180/180/180 180/180/180 
f 180/180/180 180/180/180 181/181/181 
f 180/180/180 179/179/179 181/181/181 
f 181/181/181 179/179/179 181/181/181 
f 179/179/179 177/177/177 181/181/181 
f 181/181/181 177/177/177 181/181/181 
f 177/177/177 178/178/178 181/181/181 
f 181/181/181 178/178/178 181/181/181 
f 178/178/178 182/182/182 181/181/181 
f 181/181/181 182/182/182 183/183/183 
f 182/182/182 184/184/184 183/183/183 
f 183/183/183 184/184/184 184/184/184 
f 184/184/184 181/181/181 184/184/184 
f 184/184/184 181/181/181 181/181/181 
f 181/181/181 183/183/183 181/181/181 
f 181/181/181 183/183/183 180/180/180 
f 183/183/183 185/185/185 180/180/180 
f 180/180/180 185/185/185 83/83/83 
f 185/185/185 185/185/185 83/83/83 
f 83/83/83 185/185/185 81/81/81 
f 185/185/185 186/186/186 81/81/81 
f 81/81/81 186/186/186 79/79/79 
f 186/186/186 186/186/186 79/79/79 
f 79/79/79 186/186/186 52/52/52 
f 186/186/186 187/187/187 52/52/52 
f 52/52/52 187/187/187 50/50/50 
f 187/187/187 188/188/188 50/50/50 
f 50/50/50 188/188/188 47/47/47 
f 188/188/188 47/47/47 47/47/47 
f 47/47/47 47/47/47 188/188/188 
f 47/47/47 188/188/188 188/188/188 
f 188/188/188 188/188/188 189/189/189 
f 188/188/188 187/187/187 189/189/189 
f 189/189/189 187/187/187 190/190/190 
f 187/187/187 186/186/186 190/190/190 
f 190/190/190 186/186/186 190/190/190 
f 186/186/186 185/185/185 190/190/190 
f 190/190/190 185/185/185 190/190/190 
f 185/185/185 183/183/183 190/190/190 
f 190/190/190 183/183/183 190/190/190 
f 183/183/183 184/184/184 190/190/190 
f 190/190/190 184/184/184 189/189/189 
f 184/184/184 189/189/189 189/189/189 
f 189/189/189 189/189/189 191/191/191 
f 189/189/189 191/191/191 191/191/191 
f 191/191/191 191/191/191 192/192/192 
f 191/191/191 193/193/193 192/192/192 
f 192/192/192 193/193/193 194/194/194 
f 193/193/193 195/195/195 194/194/194 
f 194/194/194 195/195/195 194/194/194 
f 195/195/195 196/196/196 194/194/194 
f 194/194/194 196/196/196 194/194/194 
f 196/196/196 197/197/197 194/194/194 
f 194/194/194 197/197/197 194/194/194 
f 197/197/197 198/198/198 194/194/194 
f 194/194/194 198/198/198 192/192/192 
f 198/198/198 199/199/199 192/192/192 
f 192/192/192 199/199/199 200/200/200 
f 199/199/199 199/199/199 200/200/200 
f 200/200/200 199/199/199 201/201/201 
f 199/199/199 199/199/199 201/201/201 
f 201/201/201 199/199/199 202/202/202 
f 199/199/199 203/203/203 202/202/202 
f 202/202/202 203/203/203 204/204/204 
f 203/203/203 203/203/203 204/204/204 
f 204/204/204 203/203/203 205/205/205 
f 203/203/203 206/206/206 205/205/205 
f 205/205/205 206/206/206 207/207/207 
f 206/206/206 208/208/208 207/207/207 
f 207/207/207 208/208/208 209/209/209 
f 208/208/208 210/210/210 209/209/209 
f 209/209/209 210/210/210 211/211/211 
f 210/210/210 211/211/211 211/211/211 
f 211/211/211 211/211/211 192/192/192 
f 211/211/211 192/192/192 192/192/192 
f 192/192/192 192/192/192 191/191/191 
f 192/192/192 200/200/200 191/191/191 
f 191/191/191 200/200/200 200/200/200 
f 200/200/200 199/199/199 200/200/200 
f 200/200/200 199/199/199 199/199/199 
f 199/199/199 198/198/198 199/199/199 
f 199/199/199 198/198/198 203/203/203 
f 198/198/198 198/198/198 203/203/203 
f 203/203/203 198/198/198 206/206/206 
f 198/198/198 197/197/197 206/206/206 
f 206/206/206 197/197/197 208/208/208 
f 197/197/197 212/212/212 208/208/208 
f 208/208/208 212/212/212 210/210/210 
f 212/212/212 210/210/210 210/210/210 
f 210/210/210 210/210/210 197/197/197 
f 210/210/210 197/197/197 197/197/197 
f 197/197/197 197/197/197 212/212/212 
f 197/197/197 196/196/196 212/212/212 
f 212/212/212 196/196/196 213/213/213 
f 196/196/196 196/196/196 213/213/213 
f 213/213/213 196/196/196 214/214/214 
f 196/196/196 195/195/195 214/214/214 
f 214/214/214 195/195/195 215/215/215 
f 195/195/195 195/195/195 215/215/215 
f 215/215/215 195/195/195 216/216/216 
f 195/195/195 193/193/193 216/216/216 
f 216/216/216 193/193/193 217/217/217 
f 193/193/193 191/191/191 217/217/217 
f 217/217/217 191/191/191 218/218/218 
f 191/191/191 219/219/219 218/218/218 
f 218/218/218 219/219/219 220/220/220 
f 219/219/219 221/221/221 220/220/220 
f 220/220/220 221/221/221 222/222/222 
f 221/221/221 223/223/223 222/222/222 
f 222/222/222 223/223/223 224/224/224 
f 223/223/223 225/225/225 224/224/224 
f 224/224/224 225/225/225 226/226/226 
f 225/225/225 227/227/227 226/226/226 
f 226/226/226 227/227/227 228/228/228 
f 227/227/227 229/229/229 228/228/228 
f 228/228/228 229/229/229 228/228/228 
f 229/229/229 230/230/230 228/228/228 
f 228/228/228 230/230/230 231/231/231 
f 230/230/230 232/232/232 231/231/231 
f 231/231/231 232/232/232 233/233/233 
f 232/232/232 234/234/234 233/233/233 
f 233/233/233 234/234/234 235/235/235 
f 234/234/234 236/236/236 235/235/235 
f 235/235/235 236/236/236 237/237/237 
f 236/236/236 236/236/236 237/237/237 
f 237/237/237 236/236/236 238/238/238 
f 236/236/236 239/239/239 238/238/238 
f 238/238/238 239/239/239 240/240/240 
f 239/239/239 241/241/241 240/240/240 
f 240/240/240 241/241/241 242/242/242 
f 241/241/241 243/243/243 242/242/242 
f 242/242/242 243/243/243 244/244/244 
f 243/243/243 245/245/245 244/244/244 
f 244/244/244 245/245/245 245/245/245 
f 245/245/245 191/191/191 245/245/245 
f 245/245/245 191/191/191 191/191/191 
f 191/191/191 200/200/200 191/191/191 
f 191/191/191 200/200/200 219/219/219 
f 200/200/200 246/246/246 219/219/219 
f 219/219/219 246/246/246 221/221/221 
f 246/246/246 221/221/221 221/221/221 
f 221/221/221 221/221/221 200/200/200 
f 221/221/221 200/200/200 200/200/200 
f 200/200/200 200/200/200 246/246/246 
f 200/200/200 201/201/201 246/246/246 
f 246/246/246 201/201/201 201/201/201 
f 201/201/201 244/244/244 201/201/201 
f 201/201/201 244/244/244 244/244/244 
f 244/244/244 247/247/247 244/244/244 
f 244/244/244 247/247/247 242/242/242 
f 247/247/247 248/248/248 242/242/242 
f 242/242/242 248/248/248 240/240/240 
f 248/248/248 249/249/249 240/240/240 
f 240/240/240 249/249/249 238/238/238 
f 249/249/249 238/238/238 238/238/238 
f 238/238/238 238/238/238 247/247/247 
f 238/238/238 247/247/247 247/247/247 
f 247/247/247 247/247/247 248/248/248 
f 247/247/247 250/250/250 248/248/248 
f 248/248/248 250/250/250 251/251/251 
f 250/250/250 252/252/252 251/251/251 
f 251/251/251 252/252/252 253/253/253 
f 252/252/252 254/254/254 253/253/253 
f 253/253/253 254/254/254 254/254/254 
f 254/254/254 248/248/248 254/254/254 
f 254/254/254 248/248/248 248/248/248 
f 248/248/248 251/251/251 248/248/248 
f 248/248/248 251/251/251 249/249/249 
f 251/251/251 255/255/255 249/249/249 
f 249/249/249 255/255/255 256/256/256 
f 255/255/255 257/257/257 256/256/256 
f 256/256/256 257/257/257 256/256/256 
f 257/257/257 258/258/258 256/256/256 
f 256/256/256 258/258/258 256/256/256 
f 258/258/258 237/237/237 256/256/256 
f 256/256/256 237/237/237 256/256/256 
f 237/237/237 238/238/238 256/256/256 
f 256/256/256 238/238/238 249/249/249 
f 238/238/238 249/249/249 249/249/249 
f 249/249/249 249/249/249 251/251/251 
f 249/249/249 251/251/251 251/251/251 
f 251/251/251 251/251/251 255/255/255 
f 251/251/251 253/253/253 255/255/255 
f 255/255/255 253/253/253 259/259/259 
f 253/253/253 260/260/260 259/259/259 
f 259/259/259 260/260/260 261/261/261 
f 260/260/260 260/260/260 261/261/261 
f 261/261/261 260/260/260 262/262/262 
f 260/260/260 263/263/263 262/262/262 
f 262/262/262 263/263/263 264/264/264 
f 263/263/263 264/264/264 264/264/264 
f 264/264/264 264/264/264 255/255/255 
f 264/264/264 255/255/255 255/255/255 
f 255/255/255 255/255/255 257/257/257 
f 255/255/255 259/259/259 257/257/257 
f 257/257/257 259/259/259 265/265/265 
f 259/259/259 261/261/261 265/265/265 
f 265/265/265 261/261/261 266/266/266 
f 261/261/261 261/261/261 266/266/266 
f 266/266/266 261/261/261 267/267/267 
f 261/261/261 262/262/262 267/267/267 
f 267/267/267 262/262/262 268/268/268 
f 262/262/262 264/264/264 268/268/268 
f 268/268/268 264/264/264 268/268/268 
f 264/264/264 269/269/269 268/268/268 
f 268/268/268 269/269/269 268/268/268 
f 269/269/269 270/270/270 268/268/268 
f 268/268/268 270/270/270 268/268/268 
f 270/270/270 271/271/271 268/268/268 
f 268/268/268 271/271/271 267/267/267 
f 271/271/271 267/267/267 267/267/267 
f 267/267/267 267/267/267 253/253/253 
f 267/267/267 253/253/253 253/253/253 
f 253/253/253 253/253/253 260/260/260 
f 253/253/253 254/254/254 260/260/260 
f 260/260/260 254/254/254 263/263/263 
f 254/254/254 263/263/263 263/263/263 
f 263/263/263 263/263/263 271/271/271 
f 263/263/263 271/271/271 271/271/271 
f 271/271/271 271/271/271 272/272/272 
f 271/271/271 270/270/270 272/272/272 
f 272/272/272 270/270/270 270/270/270 
f 270/270/270 265/265/265 270/270/270 
f 270/270/270 265/265/265 265/265/265 
f 265/265/265 273/273/273 265/265/265 
f 265/265/265 273/273/273 257/257/257 
f 273/273/273 258/258/258 257/257/257 
f 257/257/257 258/258/258 258/258/258 
f 258/258/258 273/273/273 258/258/258 
f 258/258/258 273/273/273 273/273/273 
f 273/273/273 265/265/265 273/273/273 
f 273/273/273 265/265/265 274/274/274 
f 265/265/265 266/266/266 274/274/274 
f 274/274/274 266/266/266 275/275/275 
f 266/266/266 266/266/266 275/275/275 
f 275/275/275 266/266/266 276/276/276 
f 266/266/266 267/267/267 276/276/276 
f 276/276/276 267/267/267 271/271/271 
f 267/267/267 271/271/271 271/271/271 
f 271/271/271 271/271/271 237/237/237 
f 271/271/271 237/237/237 237/237/237 
f 237/237/237 237/237/237 277/277/277 
f 237/237/237 258/258/258 277/277/277 
f 277/277/277 258/258/258 278/278/278 
f 258/258/258 273/273/273 278/278/278 
f 278/278/278 273/273/273 279/279/279 
f 273/273/273 274/274/274 279/279/279 
f 279/279/279 274/274/274 280/280/280 
f 274/274/274 275/275/275 280/280/280 
f 280/280/280 275/275/275 275/275/275 
f 275/275/275 237/237/237 275/275/275 
f 275/275/275 237/237/237 237/237/237 
f 237/237/237 277/277/277 237/237/237 
f 237/237/237 277/277/277 235/235/235 
f 277/277/277 281/281/281 235/235/235 
f 235/235/235 281/281/281 233/233/233 
f 281/281/281 233/233/233 233/233/233 
f 233/233/233 233/233/233 281/281/281 
f 233/233/233 281/281/281 281/281/281 
f 281/281/281 281/281/281 282/282/282 
f 281/281/281 277/277/277 282/282/282 
f 282/282/282 277/277/277 282/282/282 
f 277/277/277 278/278/278 282/282/282 
f 282/282/282 278/278/278 283/283/283 
f 278/278/278 279/279/279 283/283/283 
f 283/283/283 279/279/279 284/284/284 
f 279/279/279 280/280/280 284/284/284 
f 284/284/284 280/280/280 285/285/285 
f 280/280/280 280/280/280 285/285/285 
f 285/285/285 280/280/280 286/286/286 
f 280/280/280 275/275/275 286/286/286 
f 286/286/286 275/275/275 287/287/287 
f 275/275/275 276/276/276 287/287/287 
f 287/287/287 276/276/276 288/288/288 
f 276/276/276 271/271/271 288/288/288 
f 288/288/288 271/271/271 288/288/288 
f 271/271/271 272/272/272 288/288/288 
f 288/288/288 272/272/272 288/288/288 
f 272/272/272 289/289/289 288/288/288 
f 288/288/288 289/289/289 290/290/290 
f 289/289/289 291/291/291 290/290/290 
f 290/290/290 291/291/291 290/290/290 
f 291/291/291 292/292/292 290/290/290 
f 290/290/290 292/292/292 293/293/293 
f 292/292/292 294/294/294 293/293/293 
f 293/293/293 294/294/294 295/295/295 
f 294/294/294 296/296/296 295/295/295 
f 295/295/295 296/296/296 297/297/297 
f 296/296/296 298/298/298 297/297/297 
f 297/297/297 298/298/298 298/298/298 
f 298/298/298 288/288/288 298/298/298 
f 298/298/298 288/288/288 288/288/288 
f 288/288/288 290/290/290 288/288/288 
f 288/288/288 290/290/290 287/287/287 
f 290/290/290 293/293/293 287/287/287 
f 287/287/287 293/293/293 286/286/286 
f 293/293/293 295/295/295 286/286/286 
f 286/286/286 295/295/295 285/285/285 
f 295/295/295 297/297/297 285/285/285 
f 285/285/285 297/297/297 285/285/285 
f 297/297/297 299/299/299 285/285/285 
f 285/285/285 299/299/299 284/284/284 
f 299/299/299 300/300/300 284/284/284 
f 284/284/284 300/300/300 283/283/283 
f 300/300/300 301/301/301 283/283/283 
f 283/283/283 301/301/301 282/282/282 
f 301/301/301 302/302/302 282/282/282 
f 282/282/282 302/302/302 281/281/281 
f 302/302/302 303/303/303 281/281/281 
f 281/281/281 303/303/303 233/233/233 
f 303/303/303 303/303/303 233/233/233 
f 233/233/233 303/303/303 231/231/231 
f 303/303/303 304/304/304 231/231/231 
f 231/231/231 304/304/304 228/228/228 
f 304/304/304 304/304/304 228/228/228 
f 228/228/228 304/304/304 226/226/226 
f 304/304/304 305/305/305 226/226/226 
f 226/226/226 305/305/305 224/224/224 
f 305/305/305 306/306/306 224/224/224 
f 224/224/224 306/306/306 222/222/222 
f 306/306/306 307/307/307 222/222/222 
f 222/222/222 307/307/307 220/220/220 
f 307/307/307 308/308/308 220/220/220 
f 220/220/220 308/308/308 218/218/218 
f 308/308/308 309/309/309 218/218/218 
f 218/218/218 309/309/309 217/217/217 
f 309/309/309 310/310/310 217/217/217 
f 217/217/217 310/310/310 216/216/216 
f 310/310/310 311/311/311 216/216/216 
f 216/216/216 311/311/311 215/215/215 
f 311/311/311 312/312/312 215/215/215 
f 215/215/215 312/312/312 215/215/215 
f 312/312/312 313/313/313 215/215/215 
f 215/215/215 313/313/313 214/214/214 
f 313/313/313 314/314/314 214/214/214 
f 214/214/214 314/314/314 213/213/213 
f 314/314/314 315/315/315 213/213/213 
f 213/213/213 315/315/315 316/316/316 
f 315/315/315 317/317/317 316/316/316 
f 316/316/316 317/317/317 316/316/316 
f 317/317/317 318/318/318 316/316/316 
f 316/316/316 318/318/318 210/210/210 
f 318/318/318 211/211/211 210/210/210 
f 210/210/210 211/211/211 211/211/211 
f 211/211/211 213/213/213 211/211/211 
f 211/211/211 213/213/213 213/213/213 
f 213/213/213 316/316/316 213/213/213 
f 213/213/213 316/316/316 212/212/212 
f 316/316/316 210/210/210 212/212/212 
f 212/212/212 210/210/210 210/210/210 
f 210/210/210 317/317/317 210/210/210 
f 210/210/210 317/317/317 317/317/317 
f 317/317/317 315/315/315 317/317/317 
f 317/317/317 315/315/315 319/319/319 
f 315/315/315 315/315/315 319/319/319 
f 319/319/319 315/315/315 320/320/320 
f 315/315/315 314/314/314 320/320/320 
f 320/320/320 314/314/314 321/321/321 
f 314/314/314 313/313/313 321/321/321 
f 321/321/321 313/313/313 322/322/322 
f 313/313/313 312/312/312 322/322/322 
f 322/322/322 312/312/312 323/323/323 
f 312/312/312 312/312/312 323/323/323 
f 323/323/323 312/312/312 324/324/324 
f 312/312/312 311/311/311 324/324/324 
f 324/324/324 311/311/311 325/325/325 
f 311/311/311 310/310/310 325/325/325 
f 325/325/325 310/310/310 326/326/326 
f 310/310/310 309/309/309 326/326/326 
f 326/326/326 309/309/309 327/327/327 
f 309/309/309 308/308/308 327/327/327 
f 327/327/327 308/308/308 328/328/328 
f 308/308/308 307/307/307 328/328/328 
f 328/328/328 307/307/307 329/329/329 
f 307/307/307 306/306/306 329/329/329 
f 329/329/329 306/306/306 330/330/330 
f 306/306/306 305/305/305 330/330/330 
f 330/330/330 305/305/305 331/331/331 
f 305/305/305 304/304/304 331/331/331 
f 331/331/331 304/304/304 331/331/331 
f 304/304/304 303/303/303 331/331/331 
f 331/331/331 303/303/303 331/331/331 
f 303/303/303 302/302/302 331/331/331 
f 331/331/331 302/302/302 332/332/332 
f 302/302/302 301/301/301 332/332/332 
f 332/332/332 301/301/301 301/301/301 
f 301/301/301 331/331/331 301/301/301 
f 301/301/301 331/331/331 331/331/331 
f 331/331/331 332/332/332 331/331/331 
f 331/331/331 332/332/332 330/330/330 
f 332/332/332 333/333/333 330/330/330 
f 330/330/330 333/333/333 329/329/329 
f 333/333/333 334/334/334 329/329/329 
f 329/329/329 334/334/334 328/328/328 
f 334/334/334 335/335/335 328/328/328 
f 328/328/328 335/335/335 327/327/327 
f 335/335/335 336/336/336 327/327/327 
f 327/327/327 336/336/336 326/326/326 
f 336/336/336 337/337/337 326/326/326 
f 326/326/326 337/337/337 325/325/325 
f 337/337/337 338/338/338 325/325/325 
f 325/325/325 338/338/338 324/324/324 
f 338/338/338 339/339/339 324/324/324 
f 324/324/324 339/339/339 323/323/323 
f 339/339/339 340/340/340 323/323/323 
f 323/323/323 340/340/340 323/323/323 
f 340/340/340 341/341/341 323/323/323 
f 323/323/323 341/341/341 322/322/322 
f 341/341/341 342/342/342 322/322/322 
f 322/322/322 342/342/342 321/321/321 
f 342/342/342 343/343/343 321/321/321 
f 321/321/321 343/343/343 320/320/320 
f 343/343/343 344/344/344 320/320/320 
f 320/320/320 344/344/344 319/319/319 
f 344/344/344 345/345/345 319/319/319 
f 319/319/319 345/345/345 319/319/319 
f 345/345/345 346/346/346 319/319/319 
f 319/319/319 346/346/346 317/317/317 
f 346/346/346 347/347/347 317/317/317 
f 317/317/317 347/347/347 318/318/318 
f 347/347/347 348/348/348 318/318/318 
f 318/318/318 348/348/348 211/211/211 
f 348/348/348 348/348/348 211/211/211 
f 211/211/211 348/348/348 349/349/349 
f 348/348/348 350/350/350 349/349/349 
f 349/349/349 350/350/350 351/351/351 
f 350/350/350 351/351/351 351/351/351 
f 351/351/351 351/351/351 350/350/350 
f 351/351/351 350/350/350 350/350/350 
f 350/350/350 350/350/350 352/352/352 
f 350/350/350 348/348/348 352/352/352 
f 352/352/352 348/348/348 352/352/352 
f 348/348/348 347/347/347 352/352/352 
f 352/352/352 347/347/347 353/353/353 
f 347/347/347 346/346/346 353/353/353 
f 353/353/353 346/346/346 354/354/354 
f 346/346/346 345/345/345 354/354/354 
f 354/354/354 345/345/345 355/355/355 
f 345/345/345 345/345/345 355/355/355 
f 355/355/355 345/345/345 356/356/356 
f 345/345/345 344/344/344 356/356/356 
f 356/356/356 344/344/344 357/357/357 
f 344/344/344 343/343/343 357/357/357 
f 357/357/357 343/343/343 358/358/358 
f 343/343/343 342/342/342 358/358/358 
f 358/358/358 342/342/342 359/359/359 
f 342/342/342 341/341/341 359/359/359 
f 359/359/359 341/341/341 360/360/360 
f 341/341/341 340/340/340 360/360/360 
f 360/360/360 340/340/340 340/340/340 
f 340/340/340 360/360/360 340/340/340 
f 340/340/340 360/360/360 360/360/360 
f 360/360/360 361/361/361 360/360/360 
f 360/360/360 361/361/361 359/359/359 
f 361/361/361 362/362/362 359/359/359 
f 359/359/359 362/362/362 358/358/358 
f 362/362/362 363/363/363 358/358/358 
f 358/358/358 363/363/363 357/357/357 
f 363/363/363 364/364/364 357/357/357 
f 357/357/357 364/364/364 356/356/356 
f 364/364/364 365/365/365 356/356/356 
f 356/356/356 365/365/365 355/355/355 
f 365/365/365 366/366/366 355/355/355 
f 355/355/355 366/366/366 355/355/355 
f 366/366/366 367/367/367 355/355/355 
f 355/355/355 367/367/367 354/354/354 
f 367/367/367 368/368/368 354/354/354 
f 354/354/354 368/368/368 353/353/353 
f 368/368/368 369/369/369 353/353/353 
f 353/353/353 369/369/369 352/352/352 
f 369/369/369 370/370/370 352/352/352 
f 352/352/352 370/370/370 350/350/350 
f 370/370/370 371/371/371 350/350/350 
f 350/350/350 371/371/371 351/351/351 
f 371/371/371 371/371/371 351/351/351 
f 351/351/351 371/371/371 372/372/372 
f 371/371/371 373/373/373 372/372/372 
f 372/372/372 373/373/373 374/374/374 
f 373/373/373 373/373/373 374/374/374 
f 374/374/374 373/373/373 375/375/375 
f 373/373/373 376/376/376 375/375/375 
f 375/375/375 376/376/376 377/377/377 
f 376/376/376 378/378/378 377/377/377 
f 377/377/377 378/378/378 379/379/379 
f 378/378/378 380/380/380 379/379/379 
f 379/379/379 380/380/380 381/381/381 
f 380/380/380 380/380/380 381/381/381 
f 381/381/381 380/380/380 382/382/382 
f 380/380/380 383/383/383 382/382/382 
f 382/382/382 383/383/383 384/384/384 
f 383/383/383 384/384/384 384/384/384 
f 384/384/384 384/384/384 362/362/362 
f 384/384/384 362/362/362 362/362/362 
f 362/362/362 362/362/362 385/385/385 
f 362/362/362 361/361/361 385/385/385 
f 385/385/385 361/361/361 361/361/361 
f 361/361/361 383/383/383 361/361/361 
f 361/361/361 383/383/383 383/383/383 
f 383/383/383 380/380/380 383/383/383 
f 383/383/383 380/380/380 386/386/386 
f 380/380/380 378/378/378 386/386/386 
f 386/386/386 378/378/378 387/387/387 
f 378/378/378 376/376/376 387/387/387 
f 387/387/387 376/376/376 388/388/388 
f 376/376/376 373/373/373 388/388/388 
f 388/388/388 373/373/373 388/388/388 
f 373/373/373 371/371/371 388/388/388 
f 388/388/388 371/371/371 388/388/388 
f 371/371/371 370/370/370 388/388/388 
f 388/388/388 370/370/370 389/389/389 
f 370/370/370 369/369/369 389/389/389 
f 389/389/389 369/369/369 369/369/369 
f 369/369/369 388/388/388 369/369/369 
f 369/369/369 388/388/388 388/388/388 
f 388/388/388 389/389/389 388/388/388 
f 388/388/388 389/389/389 387/387/387 
f 389/389/389 390/390/390 387/387/387 
f 387/387/387 390/390/390 386/386/386 
f 390/390/390 391/391/391 386/386/386 
f 386/386/386 391/391/391 383/383/383 
f 391/391/391 392/392/392 383/383/383 
f 383/383/383 392/392/392 384/384/384 
f 392/392/392 392/392/392 384/384/384 
f 384/384/384 392/392/392 393/393/393 
f 392/392/392 394/394/394 393/393/393 
f 393/393/393 394/394/394 395/395/395 
f 394/394/394 395/395/395 395/395/395 
f 395/395/395 395/395/395 394/394/394 
f 395/395/395 394/394/394 394/394/394 
f 394/394/394 394/394/394 396/396/396 
f 394/394/394 392/392/392 396/396/396 
f 396/396/396 392/392/392 396/396/396 
f 392/392/392 391/391/391 396/396/396 
f 396/396/396 391/391/391 397/397/397 
f 391/391/391 390/390/390 397/397/397 
f 397/397/397 390/390/390 398/398/398 
f 390/390/390 389/389/389 398/398/398 
f 398/398/398 389/389/389 398/398/398 
f 389/389/389 369/369/369 398/398/398 
f 398/398/398 369/369/369 398/398/398 
f 369/369/369 368/368/368 398/398/398 
f 398/398/398 368/368/368 399/399/399 
f 368/368/368 367/367/367 399/399/399 
f 399/399/399 367/367/367 400/400/400 
f 367/367/367 366/366/366 400/400/400 
f 400/400/400 366/366/366 400/400/400 
f 366/366/366 401/401/401 400/400/400 
f 400/400/400 401/401/401 400/400/400 
f 401/401/401 402/402/402 400/400/400 
f 400/400/400 402/402/402 403/403/403 
f 402/402/402 404/404/404 403/403/403 
f 403/403/403 404/404/404 396/396/396 
f 404/404/404 404/404/404 396/396/396 
f 396/396/396 404/404/404 394/394/394 
f 404/404/404 405/405/405 394/394/394 
f 394/394/394 405/405/405 395/395/395 
f 405/405/405 405/405/405 395/395/395 
f 395/395/395 405/405/405 406/406/406 
f 405/405/405 407/407/407 406/406/406 
f 406/406/406 407/407/407 408/408/408 
f 407/407/407 408/408/408 408/408/408 
f 408/408/408 408/408/408 398/398/398 
f 408/408/408 398/398/398 398/398/398 
f 398/398/398 398/398/398 397/397/397 
f 398/398/398 399/399/399 397/397/397 
f 397/397/397 399/399/399 403/403/403 
f 399/399/399 400/400/400 403/403/403 
f 403/403/403 400/400/400 400/400/400 
f 400/400/400 403/403/403 400/400/400 
f 400/400/400 403/403/403 403/403/403 
f 403/403/403 396/396/396 403/403/403 
f 403/403/403 396/396/396 397/397/397 
f 396/396/396 397/397/397 397/397/397 
f 397/397/397 397/397/397 407/407/407 
f 397/397/397 407/407/407 407/407/407 
f 407/407/407 407/407/407 409/409/409 
f 407/407/407 405/405/405 409/409/409 
f 409/409/409 405/405/405 409/409/409 
f 405/405/405 404/404/404 409/409/409 
f 409/409/409 404/404/404 409/409/409 
f 404/404/404 402/402/402 409/409/409 
f 409/409/409 402/402/402 410/410/410 
f 402/402/402 401/401/401 410/410/410 
f 410/410/410 401/401/401 401/401/401 
f 401/401/401 411/411/411 401/401/401 
f 401/401/401 411/411/411 411/411/411 
f 411/411/411 412/412/412 411/411/411 
f 411/411/411 412/412/412 413/413/413 
f 412/412/412 414/414/414 413/413/413 
f 413/413/413 414/414/414 415/415/415 
f 414/414/414 416/416/416 415/415/415 
f 415/415/415 416/416/416 417/417/417 
f 416/416/416 410/410/410 417/417/417 
f 417/417/417 410/410/410 418/418/418 
f 410/410/410 401/401/401 418/418/418 
f 418/418/418 401/401/401 419/419/419 
f 401/401/401 366/366/366 419/419/419 
f 419/419/419 366/366/366 419/419/419 
f 366/366/366 365/365/365 419/419/419 
f 419/419/419 365/365/365 420/420/420 
f 365/365/365 364/364/364 420/420/420 
f 420/420/420 364/364/364 364/364/364 
f 364/364/364 410/410/410 364/364/364 
f 364/364/364 410/410/410 410/410/410 
f 410/410/410 416/416/416 410/410/410 
f 410/410/410 416/416/416 409/409/409 
f 416/416/416 416/416/416 409/409/409 
f 409/409/409 416/416/416 407/407/407 
f 416/416/416 414/414/414 407/407/407 
f 407/407/407 414/414/414 408/408/408 
f 414/414/414 412/412/412 408/408/408 
f 408/408/408 412/412/412 412/412/412 
f 412/412/412 418/418/418 412/412/412 
f 412/412/412 418/418/418 418/418/418 
f 418/418/418 419/419/419 418/418/418 
f 418/418/418 419/419/419 421/421/421 
f 419/419/419 420/420/420 421/421/421 
f 421/421/421 420/420/420 422/422/422 
f 420/420/420 420/420/420 422/422/422 
f 422/422/422 420/420/420 423/423/423 
f 420/420/420 364/364/364 423/423/423 
f 423/423/423 364/364/364 423/423/423 
f 364/364/364 363/363/363 423/423/423 
f 423/423/423 363/363/363 424/424/424 
f 363/363/363 362/362/362 424/424/424 
f 424/424/424 362/362/362 424/424/424 
f 362/362/362 385/385/385 424/424/424 
f 424/424/424 385/385/385 424/424/424 
f 385/385/385 425/425/425 424/424/424 
f 424/424/424 425/425/425 424/424/424 
f 425/425/425 426/426/426 424/424/424 
f 424/424/424 426/426/426 423/423/423 
f 426/426/426 422/422/422 423/423/423 
f 423/423/423 422/422/422 422/422/422 
f 422/422/422 427/427/427 422/422/422 
f 422/422/422 427/427/427 427/427/427 
f 427/427/427 428/428/428 427/427/427 
f 427/427/427 428/428/428 429/429/429 
f 428/428/428 430/430/430 429/429/429 
f 429/429/429 430/430/430 431/431/431 
f 430/430/430 430/430/430 431/431/431 
f 431/431/431 430/430/430 432/432/432 
f 430/430/430 430/430/430 432/432/432 
f 432/432/432 430/430/430 433/433/433 
f 430/430/430 430/430/430 433/433/433 
f 433/433/433 430/430/430 434/434/434 
f 430/430/430 428/428/428 434/434/434 
f 434/434/434 428/428/428 428/428/428 
f 428/428/428 435/435/435 428/428/428 
f 428/428/428 435/435/435 435/435/435 
f 435/435/435 436/436/436 435/435/435 
f 435/435/435 436/436/436 437/437/437 
f 436/436/436 438/438/438 437/437/437 
f 437/437/437 438/438/438 431/431/431 
f 438/438/438 438/438/438 431/431/431 
f 431/431/431 438/438/438 429/429/429 
f 438/438/438 439/439/439 429/429/429 
f 429/429/429 439/439/439 427/427/427 
f 439/439/439 427/427/427 427/427/427 
f 427/427/427 427/427/427 436/436/436 
f 427/427/427 436/436/436 436/436/436 
f 436/436/436 436/436/436 438/438/438 
f 436/436/436 440/440/440 438/438/438 
f 438/438/438 440/440/440 439/439/439 
f 440/440/440 439/439/439 439/439/439 
f 439/439/439 439/439/439 435/435/435 
f 439/439/439 435/435/435 435/435/435 
f 435/435/435 435/435/435 441/441/441 
f 435/435/435 437/437/437 441/441/441 
f 441/441/441 437/437/437 442/442/442 
f 437/437/437 431/431/431 442/442/442 
f 442/442/442 431/431/431 442/442/442 
f 431/431/431 432/432/432 442/442/442 
f 442/442/442 432/432/432 442/442/442 
f 432/432/432 443/443/443 442/442/442 
f 442/442/442 443/443/443 444/444/444 
f 443/443/443 443/443/443 444/444/444 
f 444/444/444 443/443/443 445/445/445 
f 443/443/443 446/446/446 445/445/445 
f 445/445/445 446/446/446 447/447/447 
f 446/446/446 446/446/446 447/447/447 
f 447/447/447 446/446/446 448/448/448 
f 446/446/446 449/449/449 448/448/448 
f 448/448/448 449/449/449 450/450/450 
f 449/449/449 450/450/450 450/450/450 
f 450/450/450 450/450/450 442/442/442 
f 450/450/450 442/442/442 442/442/442 
f 442/442/442 442/442/442 441/441/441 
f 442/442/442 444/444/444 441/441/441 
f 441/441/441 444/444/444 444/444/444 
f 444/444/444 449/449/449 444/444/444 
f 444/444/444 449/449/449 449/449/449 
f 449/449/449 446/446/446 449/449/449 
f 449/449/449 446/446/446 451/451/451 
f 446/446/446 443/443/443 451/451/451 
f 451/451/451 443/443/443 451/451/451 
f 443/443/443 432/432/432 451/451/451 
f 451/451/451 432/432/432 451/451/451 
f 432/432/432 433/433/433 451/451/451 
f 451/451/451 433/433/433 451/451/451 
f 433/433/433 452/452/452 451/451/451 
f 451/451/451 452/452/452 449/449/449 
f 452/452/452 453/453/453 449/449/449 
f 449/449/449 453/453/453 450/450/450 
f 453/453/453 453/453/453 450/450/450 
f 450/450/450 453/453/453 454/454/454 
f 453/453/453 455/455/455 454/454/454 
f 454/454/454 455/455/455 456/456/456 
f 455/455/455 456/456/456 456/456/456 
f 456/456/456 456/456/456 455/455/455 
f 456/456/456 455/455/455 455/455/455 
f 455/455/455 455/455/455 457/457/457 
f 455/455/455 453/453/453 457/457/457 
f 457/457/457 453/453/453 457/457/457 
f 453/453/453 452/452/452 457/457/457 
f 457/457/457 452/452/452 458/458/458 
f 452/452/452 433/433/433 458/458/458 
f 458/458/458 433/433/433 458/458/458 
f 433/433/433 434/434/434 458/458/458 
f 458/458/458 434/434/434 458/458/458 
f 434/434/434 459/459/459 458/458/458 
f 458/458/458 459/459/459 458/458/458 
f 459/459/459 460/460/460 458/458/458 
f 458/458/458 460/460/460 457/457/457 
f 460/460/460 461/461/461 457/457/457 
f 457/457/457 461/461/461 455/455/455 
f 461/461/461 462/462/462 455/455/455 
f 455/455/455 462/462/462 456/456/456 
f 462/462/462 462/462/462 456/456/456 
f 456/456/456 462/462/462 463/463/463 
f 462/462/462 464/464/464 463/463/463 
f 463/463/463 464/464/464 465/465/465 
f 464/464/464 465/465/465 465/465/465 
f 465/465/465 465/465/465 464/464/464 
f 465/465/465 464/464/464 464/464/464 
f 464/464/464 464/464/464 466/466/466 
f 464/464/464 462/462/462 466/466/466 
f 466/466/466 462/462/462 466/466/466 
f 462/462/462 461/461/461 466/466/466 
f 466/466/466 461/461/461 467/467/467 
f 461/461/461 460/460/460 467/467/467 
f 467/467/467 460/460/460 468/468/468 
f 460/460/460 459/459/459 468/468/468 
f 468/468/468 459/459/459 469/469/469 
f 459/459/459 470/470/470 469/469/469 
f 469/469/469 470/470/470 471/471/471 
f 470/470/470 470/470/470 471/471/471 
f 471/471/471 470/470/470 472/472/472 
f 470/470/470 428/428/428 472/472/472 
f 472/472/472 428/428/428 427/427/427 
f 428/428/428 427/427/427 427/427/427 
f 427/427/427 427/427/427 459/459/459 
f 427/427/427 459/459/459 459/459/459 
f 459/459/459 459/459/459 470/470/470 
f 459/459/459 434/434/434 470/470/470 
f 470/470/470 434/434/434 428/428/428 
f 434/434/434 428/428/428 428/428/428 
f 428/428/428 428/428/428 471/471/471 
f 428/428/428 471/471/471 471/471/471 
f 471/471/471 471/471/471 469/469/469 
f 471/471/471 473/473/473 469/469/469 
f 469/469/469 473/473/473 469/469/469 
f 473/473/473 474/474/474 469/469/469 
f 469/469/469 474/474/474 468/468/468 
f 474/474/474 475/475/475 468/468/468 
f 468/468/468 475/475/475 467/467/467 
f 475/475/475 476/476/476 467/467/467 
f 467/467/467 476/476/476 466/466/466 
f 476/476/476 477/477/477 466/466/466 
f 466/466/466 477/477/477 464/464/464 
f 477/477/477 478/478/478 464/464/464 
f 464/464/464 478/478/478 465/465/465 
f 478/478/478 478/478/478 465/465/465 
f 465/465/465 478/478/478 479/479/479 
f 478/478/478 480/480/480 479/479/479 
f 479/479/479 480/480/480 481/481/481 
f 480/480/480 481/481/481 481/481/481 
f 481/481/481 481/481/481 480/480/480 
f 481/481/481 480/480/480 480/480/480 
f 480/480/480 480/480/480 482/482/482 
f 480/480/480 478/478/478 482/482/482 
f 482/482/482 478/478/478 482/482/482 
f 478/478/478 477/477/477 482/482/482 
f 482/482/482 477/477/477 483/483/483 
f 477/477/477 476/476/476 483/483/483 
f 483/483/483 476/476/476 484/484/484 
f 476/476/476 475/475/475 484/484/484 
f 484/484/484 475/475/475 485/485/485 
f 475/475/475 474/474/474 485/485/485 
f 485/485/485 474/474/474 486/486/486 
f 474/474/474 473/473/473 486/486/486 
f 486/486/486 473/473/473 487/487/487 
f 473/473/473 473/473/473 487/487/487 
f 487/487/487 473/473/473 488/488/488 
f 473/473/473 471/471/471 488/488/488 
f 488/488/488 471/471/471 489/489/489 
f 471/471/471 472/472/472 489/489/489 
f 489/489/489 472/472/472 490/490/490 
f 472/472/472 427/427/427 490/490/490 
f 490/490/490 427/427/427 491/491/491 
f 427/427/427 439/439/439 491/491/491 
f 491/491/491 439/439/439 492/492/492 
f 439/439/439 440/440/440 492/492/492 
f 492/492/492 440/440/440 440/440/440 
f 440/440/440 492/492/492 440/440/440 
f 440/440/440 492/492/492 492/492/492 
f 492/492/492 493/493/493 492/492/492 
f 492/492/492 493/493/493 491/491/491 
f 493/493/493 494/494/494 491/491/491 
f 491/491/491 494/494/494 490/490/490 
f 494/494/494 495/495/495 490/490/490 
f 490/490/490 495/495/495 489/489/489 
f 495/495/495 496/496/496 489/489/489 
f 489/489/489 496/496/496 488/488/488 
f 496/496/496 497/497/497 488/488/488 
f 488/488/488 497/497/497 487/487/487 
f 497/497/497 498/498/498 487/487/487 
f 487/487/487 498/498/498 487/487/487 
f 498/498/498 499/499/499 487/487/487 
f 487/487/487 499/499/499 486/486/486 
f 499/499/499 500/500/500 486/486/486 
f 486/486/486 500/500/500 485/485/485 
f 500/500/500 501/501/501 485/485/485 
f 485/485/485 501/501/501 484/484/484 
f 501/501/501 502/502/502 484/484/484 
f 484/484/484 502/502/502 483/483/483 
f 502/502/502 503/503/503 483/483/483 
f 483/483/483 503/503/503 482/482/482 
f 503/503/503 504/504/504 482/482/482 
f 482/482/482 504/504/504 480/480/480 
f 504/504/504 505/505/505 480/480/480 
f 480/480/480 505/505/505 481/481/481 
f 505/505/505 505/505/505 481/481/481 
f 481/481/481 505/505/505 506/506/506 
f 505/505/505 507/507/507 506/506/506 
f 506/506/506 507/507/507 508/508/508 
f 507/507/507 508/508/508 508/508/508 
f 508/508/508 508/508/508 507/507/507 
f 508/508/508 507/507/507 507/507/507 
f 507/507/507 507/507/507 509/509/509 
f 507/507/507 505/505/505 509/509/509 
f 509/509/509 505/505/505 509/509/509 
f 505/505/505 504/504/504 509/509/509 
f 509/509/509 504/504/504 510/510/510 
f 504/504/504 503/503/503 510/510/510 
f 510/510/510 503/503/503 511/511/511 
f 503/503/503 502/502/502 511/511/511 
f 511/511/511 502/502/502 512/512/512 
f 502/502/502 501/501/501 512/512/512 
f 512/512/512 501/501/501 513/513/513 
f 501/501/501 500/500/500 513/513/513 
f 513/513/513 500/500/500 514/514/514 
f 500/500/500 499/499/499 514/514/514 
f 514/514/514 499/499/499 515/515/515 
f 499/499/499 498/498/498 515/515/515 
f 515/515/515 498/498/498 516/516/516 
f 498/498/498 498/498/498 516/516/516 
f 516/516/516 498/498/498 517/517/517 
f 498/498/498 497/497/497 517/517/517 
f 517/517/517 497/497/497 518/518/518 
f 497/497/497 496/496/496 518/518/518 
f 518/518/518 496/496/496 519/519/519 
f 496/496/496 495/495/495 519/519/519 
f 519/519/519 495/495/495 520/520/520 
f 495/495/495 494/494/494 520/520/520 
f 520/520/520 494/494/494 521/521/521 
f 494/494/494 493/493/493 521/521/521 
f 521/521/521 493/493/493 521/521/521 
f 493/493/493 522/522/522 521/521/521 
f 521/521/521 522/522/522 523/523/523 
f 522/522/522 524/524/524 523/523/523 
f 523/523/523 524/524/524 524/524/524 
f 524/524/524 523/523/523 524/524/524 
f 524/524/524 523/523/523 523/523/523 
f 523/523/523 525/525/525 523/523/523 
f 523/523/523 525/525/525 521/521/521 
f 525/525/525 525/525/525 521/521/521 
f 521/521/521 525/525/525 520/520/520 
f 525/525/525 526/526/526 520/520/520 
f 520/520/520 526/526/526 519/519/519 
f 526/526/526 527/527/527 519/519/519 
f 519/519/519 527/527/527 518/518/518 
f 527/527/527 528/528/528 518/518/518 
f 518/518/518 528/528/528 517/517/517 
f 528/528/528 529/529/529 517/517/517 
f 517/517/517 529/529/529 516/516/516 
f 529/529/529 530/530/530 516/516/516 
f 516/516/516 530/530/530 516/516/516 
f 530/530/530 531/531/531 516/516/516 
f 516/516/516 531/531/531 515/515/515 
f 531/531/531 532/532/532 515/515/515 
f 515/515/515 532/532/532 514/514/514 
f 532/532/532 533/533/533 514/514/514 
f 514/514/514 533/533/533 513/513/513 
f 533/533/533 534/534/534 513/513/513 
f 513/513/513 534/534/534 512/512/512 
f 534/534/534 535/535/535 512/512/512 
f 512/512/512 535/535/535 511/511/511 
f 535/535/535 536/536/536 511/511/511 
f 511/511/511 536/536/536 510/510/510 
f 536/536/536 537/537/537 510/510/510 
f 510/510/510 537/537/537 509/509/509 
f 537/537/537 538/538/538 509/509/509 
f 509/509/509 538/538/538 507/507/507 
f 538/538/538 539/539/539 507/507/507 
f 507/507/507 539/539/539 508/508/508 
f 539/539/539 539/539/539 508/508/508 
f 508/508/508 539/539/539 540/540/540 
f 539/539/539 541/541/541 540/540/540 
f 540/540/540 541/541/541 542/542/542 
f 541/541/541 542/542/542 542/542/542 
f 542/542/542 542/542/542 541/541/541 
f 542/542/542 541/541/541 541/541/541 
f 541/541/541 541/541/541 543/543/543 
f 541/541/541 539/539/539 543/543/543 
f 543/543/543 539/539/539 543/543/543 
f 539/539/539 538/538/538 543/543/543 
f 543/543/543 538/538/538 544/544/544 
f 538/538/538 537/537/537 544/544/544 
f 544/544/544 537/537/537 545/545/545 
f 537/537/537 536/536/536 545/545/545 
f 545/545/545 536/536/536 546/546/546 
f 536/536/536 535/535/535 546/546/546 
f 546/546/546 535/535/535 547/547/547 
f 535/535/535 534/534/534 547/547/547 
f 547/547/547 534/534/534 548/548/548 
f 534/534/534 533/533/533 548/548/548 
f 548/548/548 533/533/533 549/549/549 
f 533/533/533 532/532/532 549/549/549 
f 549/549/549 532/532/532 550/550/550 
f 532/532/532 531/531/531 550/550/550 
f 550/550/550 531/531/531 551/551/551 
f 531/531/531 530/530/530 551/551/551 
f 551/551/551 530/530/530 552/552/552 
f 530/530/530 530/530/530 552/552/552 
f 552/552/552 530/530/530 553/553/553 
f 530/530/530 529/529/529 553/553/553 
f 553/553/553 529/529/529 554/554/554 
f 529/529/529 528/528/528 554/554/554 
f 554/554/554 528/528/528 555/555/555 
f 528/528/528 527/527/527 555/555/555 
f 555/555/555 527/527/527 556/556/556 
f 527/527/527 526/526/526 556/556/556 
f 556/556/556 526/526/526 557/557/557 
f 526/526/526 525/525/525 557/557/557 
f 557/557/557 525/525/525 558/558/558 
f 525/525/525 523/523/523 558/558/558 
f 558/558/558 523/523/523 559/559/559 
f 523/523/523 524/524/524 559/559/559 
f 559/559/559 524/524/524 559/559/559 
f 524/524/524 560/560/560 559/559/559 
f 559/559/559 560/560/560 561/561/561 
f 560/560/560 562/562/562 561/561/561 
f 561/561/561 562/562/562 561/561/561 
f 562/562/562 563/563/563 561/561/561 
f 561/561/561 563/563/563 564/564/564 
f 563/563/563 565/565/565 564/564/564 
f 564/564/564 565/565/565 566/566/566 
f 565/565/565 567/567/567 566/566/566 
f 566/566/566 567/567/567 568/568/568 
f 567/567/567 569/569/569 568/568/568 
f 568/568/568 569/569/569 570/570/570 
f 569/569/569 569/569/569 570/570/570 
f 570/570/570 569/569/569 571/571/571 
f 569/569/569 572/572/572 571/571/571 
f 571/571/571 572/572/572 573/573/573 
f 572/572/572 574/574/574 573/573/573 
f 573/573/573 574/574/574 575/575/575 
f 574/574/574 576/576/576 575/575/575 
f 575/575/575 576/576/576 577/577/577 
f 576/576/576 578/578/578 577/577/577 
f 577/577/577 578/578/578 577/577/577 
f 578/578/578 579/579/579 577/577/577 
f 577/577/577 579/579/579 580/580/580 
f 579/579/579 581/581/581 580/580/580 
f 580/580/580 581/581/581 582/582/582 
f 581/581/581 583/583/583 582/582/582 
f 582/582/582 583/583/583 584/584/584 
f 583/583/583 585/585/585 584/584/584 
f 584/584/584 585/585/585 586/586/586 
f 585/585/585 587/587/587 586/586/586 
f 586/586/586 587/587/587 588/588/588 
f 587/587/587 589/589/589 588/588/588 
f 588/588/588 589/589/589 590/590/590 
f 589/589/589 591/591/591 590/590/590 
f 590/590/590 591/591/591 592/592/592 
f 591/591/591 593/593/593 592/592/592 
f 592/592/592 593/593/593 592/592/592 
f 593/593/593 594/594/594 592/592/592 
f 592/592/592 594/594/594 595/595/595 
f 594/594/594 596/596/596 595/595/595 
f 595/595/595 596/596/596 597/597/597 
f 596/596/596 598/598/598 597/597/597 
f 597/597/597 598/598/598 599/599/599 
f 598/598/598 600/600/600 599/599/599 
f 599/599/599 600/600/600 601/601/601 
f 600/600/600 602/602/602 601/601/601 
f 601/601/601 602/602/602 603/603/603 
f 602/602/602 604/604/604 603/603/603 
f 603/603/603 604/604/604 605/605/605 
f 604/604/604 606/606/606 605/605/605 
f 605/605/605 606/606/606 607/607/607 
f 606/606/606 608/608/608 607/607/607 
f 607/607/607 608/608/608 607/607/607 
f 608/608/608 609/609/609 607/607/607 
f 607/607/607 609/609/609 610/610/610 
f 609/609/609 611/611/611 610/610/610 
f 610/610/610 611/611/611 611/611/611 
f 611/611/611 610/610/610 611/611/611 
f 611/611/611 610/610/610 610/610/610 
f 610/610/610 612/612/612 610/610/610 
f 610/610/610 612/612/612 607/607/607 
f 612/612/612 612/612/612 607/607/607 
f 607/607/607 612/612/612 605/605/605 
f 612/612/612 613/613/613 605/605/605 
f 605/605/605 613/613/613 603/603/603 
f 613/613/613 614/614/614 603/603/603 
f 603/603/603 614/614/614 601/601/601 
f 614/614/614 615/615/615 601/601/601 
f 601/601/601 615/615/615 599/599/599 
f 615/615/615 616/616/616 599/599/599 
f 599/599/599 616/616/616 597/597/597 
f 616/616/616 617/617/617 597/597/597 
f 597/597/597 617/617/617 595/595/595 
f 617/617/617 618/618/618 595/595/595 
f 595/595/595 618/618/618 592/592/592 
f 618/618/618 618/618/618 592/592/592 
f 592/592/592 618/618/618 590/590/590 
f 618/618/618 619/619/619 590/590/590 
f 590/590/590 619/619/619 588/588/588 
f 619/619/619 588/588/588 588/588/588 
f 588/588/588 588/588/588 619/619/619 
f 588/588/588 619/619/619 619/619/619 
f 619/619/619 619/619/619 620/620/620 
f 619/619/619 618/618/618 620/620/620 
f 620/620/620 618/618/618 620/620/620 
f 618/618/618 617/617/617 620/620/620 
f 620/620/620 617/617/617 621/621/621 
f 617/617/617 616/616/616 621/621/621 
f 621/621/621 616/616/616 622/622/622 
f 616/616/616 615/615/615 622/622/622 
f 622/622/622 615/615/615 623/623/623 
f 615/615/615 614/614/614 623/623/623 
f 623/623/623 614/614/614 624/624/624 
f 614/614/614 613/613/613 624/624/624 
f 624/624/624 613/613/613 625/625/625 
f 613/613/613 612/612/612 625/625/625 
f 625/625/625 612/612/612 626/626/626 
f 612/612/612 610/610/610 626/626/626 
f 626/626/626 610/610/610 627/627/627 
f 610/610/610 611/611/611 627/627/627 
f 627/627/627 611/611/611 627/627/627 
f 611/611/611 628/628/628 627/627/627 
f 627/627/627 628/628/628 629/629/629 
f 628/628/628 630/630/630 629/629/629 
f 629/629/629 630/630/630 630/630/630 
f 630/630/630 629/629/629 630/630/630 
f 630/630/630 629/629/629 629/629/629 
f 629/629/629 631/631/631 629/629/629 
f 629/629/629 631/631/631 627/627/627 
f 631/631/631 631/631/631 627/627/627 
f 627/627/627 631/631/631 626/626/626 
f 631/631/631 632/632/632 626/626/626 
f 626/626/626 632/632/632 625/625/625 
f 632/632/632 633/633/633 625/625/625 
f 625/625/625 633/633/633 624/624/624 
f 633/633/633 634/634/634 624/624/624 
f 624/624/624 634/634/634 623/623/623 
f 634/634/634 635/635/635 623/623/623 
f 623/623/623 635/635/635 622/622/622 
f 635/635/635 636/636/636 622/622/622 
f 622/622/622 636/636/636 621/621/621 
f 636/636/636 637/637/637 621/621/621 
f 621/621/621 637/637/637 620/620/620 
f 637/637/637 638/638/638 620/620/620 
f 620/620/620 638/638/638 619/619/619 
f 638/638/638 639/639/639 619/619/619 
f 619/619/619 639/639/639 588/588/588 
f 639/639/639 639/639/639 588/588/588 
f 588/588/588 639/639/639 586/586/586 
f 639/639/639 640/640/640 586/586/586 
f 586/586/586 640/640/640 584/584/584 
f 640/640/640 584/584/584 584/584/584 
f 584/584/584 584/584/584 640/640/640 
f 584/584/584 640/640/640 640/640/640 
f 640/640/640 640/640/640 641/641/641 
f 640/640/640 639/639/639 641/641/641 
f 641/641/641 639/639/639 641/641/641 
f 639/639/639 638/638/638 641/641/641 
f 641/641/641 638/638/638 642/642/642 
f 638/638/638 637/637/637 642/642/642 
f 642/642/642 637/637/637 643/643/643 
f 637/637/637 636/636/636 643/643/643 
f 643/643/643 636/636/636 644/644/644 
f 636/636/636 635/635/635 644/644/644 
f 644/644/644 635/635/635 645/645/645 
f 635/635/635 634/634/634 645/645/645 
f 645/645/645 634/634/634 646/646/646 
f 634/634/634 633/633/633 646/646/646 
f 646/646/646 633/633/633 647/647/647 
f 633/633/633 633/633/633 647/647/647 
f 647/647/647 633/633/633 648/648/648 
f 633/633/633 632/632/632 648/648/648 
f 648/648/648 632/632/632 649/649/649 
f 632/632/632 631/631/631 649/649/649 
f 649/649/649 631/631/631 650/650/650 
f 631/631/631 629/629/629 650/650/650 
f 650/650/650 629/629/629 651/651/651 
f 629/629/629 630/630/630 651/651/651 
f 651/651/651 630/630/630 651/651/651 
f 630/630/630 652/652/652 651/651/651 
f 651/651/651 652/652/652 653/653/653 
f 652/652/652 654/654/654 653/653/653 
f 653/653/653 654/654/654 654/654/654 
f 654/654/654 653/653/653 654/654/654 
f 654/654/654 653/653/653 653/653/653 
f 653/653/653 655/655/655 653/653/653 
f 653/653/653 655/655/655 651/651/651 
f 655/655/655 655/655/655 651/651/651 
f 651/651/651 655/655/655 650/650/650 
f 655/655/655 656/656/656 650/650/650 
f 650/650/650 656/656/656 649/649/649 
f 656/656/656 657/657/657 649/649/649 
f 649/649/649 657/657/657 648/648/648 
f 657/657/657 658/658/658 648/648/648 
f 648/648/648 658/658/658 647/647/647 
f 658/658/658 647/647/647 647/647/647 
f 647/647/647 647/647/647 658/658/658 
f 647/647/647 658/658/658 658/658/658 
f 658/658/658 658/658/658 659/659/659 
f 658/658/658 657/657/657 659/659/659 
f 659/659/659 657/657/657 660/660/660 
f 657/657/657 656/656/656 660/660/660 
f 660/660/660 656/656/656 661/661/661 
f 656/656/656 655/655/655 661/661/661 
f 661/661/661 655/655/655 662/662/662 
f 655/655/655 653/653/653 662/662/662 
f 662/662/662 653/653/653 663/663/663 
f 653/653/653 654/654/654 663/663/663 
f 663/663/663 654/654/654 663/663/663 
f 654/654/654 664/664/664 663/663/663 
f 663/663/663 664/664/664 665/665/665 
f 664/664/664 666/666/666 665/665/665 
f 665/665/665 666/666/666 665/665/665 
f 666/666/666 667/667/667 665/665/665 
f 665/665/665 667/667/667 668/668/668 
f 667/667/667 669/669/669 668/668/668 
f 668/668/668 669/669/669 669/669/669 
f 669/669/669 668/668/668 669/669/669 
f 669/669/669 668/668/668 668/668/668 
f 668/668/668 670/670/670 668/668/668 
f 668/668/668 670/670/670 665/665/665 
f 670/670/670 670/670/670 665/665/665 
f 665/665/665 670/670/670 663/663/663 
f 670/670/670 670/670/670 663/663/663 
f 663/663/663 670/670/670 662/662/662 
f 670/670/670 671/671/671 662/662/662 
f 662/662/662 671/671/671 661/661/661 
f 671/671/671 672/672/672 661/661/661 
f 661/661/661 672/672/672 660/660/660 
f 672/672/672 673/673/673 660/660/660 
f 660/660/660 673/673/673 659/659/659 
f 673/673/673 674/674/674 659/659/659 
f 659/659/659 674/674/674 659/659/659 
f 674/674/674 675/675/675 659/659/659 
f 659/659/659 675/675/675 658/658/658 
f 675/675/675 676/676/676 658/658/658 
f 658/658/658 676/676/676 647/647/647 
f 676/676/676 677/677/677 647/647/647 
f 647/647/647 677/677/677 646/646/646 
f 677/677/677 678/678/678 646/646/646 
f 646/646/646 678/678/678 645/645/645 
f 678/678/678 679/679/679 645/645/645 
f 645/645/645 679/679/679 644/644/644 
f 679/679/679 680/680/680 644/644/644 
f 644/644/644 680/680/680 643/643/643 
f 680/680/680 681/681/681 643/643/643 
f 643/643/643 681/681/681 642/642/642 
f 681/681/681 682/682/682 642/642/642 
f 642/642/642 682/682/682 641/641/641 
f 682/682/682 683/683/683 641/641/641 
f 641/641/641 683/683/683 640/640/640 
f 683/683/683 684/684/684 640/640/640 
f 640/640/640 684/684/684 584/584/584 
f 684/684/684 684/684/684 584/584/584 
f 584/584/584 684/684/684 582/582/582 
f 684/684/684 685/685/685 582/582/582 
f 582/582/582 685/685/685 580/580/580 
f 685/685/685 580/580/580 580/580/580 
f 580/580/580 580/580/580 685/685/685 
f 580/580/580 685/685/685 685/685/685 
f 685/685/685 685/685/685 686/686/686 
f 685/685/685 684/684/684 686/686/686 
f 686/686/686 684/684/684 686/686/686 
f 684/684/684 683/683/683 686/686/686 
f 686/686/686 683/683/683 687/687/687 
f 683/683/683 682/682/682 687/687/687 
f 687/687/687 682/682/682 688/688/688 
f 682/682/682 681/681/681 688/688/688 
f 688/688/688 681/681/681 689/689/689 
f 681/681/681 680/680/680 689/689/689 
f 689/689/689 680/680/680 690/690/690 
f 680/680/680 679/679/679 690/690/690 
f 690/690/690 679/679/679 691/691/691 
f 679/679/679 678/678/678 691/691/691 
f 691/691/691 678/678/678 692/692/692 
f 678/678/678 677/677/677 692/692/692 
f 692/692/692 677/677/677 693/693/693 
f 677/677/677 676/676/676 693/693/693 
f 693/693/693 676/676/676 694/694/694 
f 676/676/676 675/675/675 694/694/694 
f 694/694/694 675/675/675 695/695/695 
f 675/675/675 674/674/674 695/695/695 
f 695/695/695 674/674/674 696/696/696 
f 674/674/674 674/674/674 696/696/696 
f 696/696/696 674/674/674 697/697/697 
f 674/674/674 673/673/673 697/697/697 
f 697/697/697 673/673/673 698/698/698 
f 673/673/673 672/672/672 698/698/698 
f 698/698/698 672/672/672 699/699/699 
f 672/672/672 671/671/671 699/699/699 
f 699/699/699 671/671/671 700/700/700 
f 671/671/671 670/670/670 700/700/700 
f 700/700/700 670/670/670 700/700/700 
f 670/670/670 668/668/668 700/700/700 
f 700/700/700 668/668/668 701/701/701 
f 668/668/668 669/669/669 701/701/701 
f 701/701/701 669/669/669 701/701/701 
f 669/669/669 702/702/702 701/701/701 
f 701/701/701 702/702/702 703/703/703 
f 702/702/702 704/704/704 703/703/703 
f 703/703/703 704/704/704 703/703/703 
f 704/704/704 705/705/705 703/703/703 
f 703/703/703 705/705/705 706/706/706 
f 705/705/705 707/707/707 706/706/706 
f 706/706/706 707/707/707 708/708/708 
f 707/707/707 709/709/709 708/708/708 
f 708/708/708 709/709/709 710/710/710 
f 709/709/709 711/711/711 710/710/710 
f 710/710/710 711/711/711 712/712/712 
f 711/711/711 711/711/711 712/712/712 
f 712/712/712 711/711/711 713/713/713 
f 711/711/711 714/714/714 713/713/713 
f 713/713/713 714/714/714 715/715/715 
f 714/714/714 716/716/716 715/715/715 
f 715/715/715 716/716/716 717/717/717 
f 716/716/716 718/718/718 717/717/717 
f 717/717/717 718/718/718 719/719/719 
f 718/718/718 720/720/720 719/719/719 
f 719/719/719 720/720/720 719/719/719 
f 720/720/720 721/721/721 719/719/719 
f 719/719/719 721/721/721 722/722/722 
f 721/721/721 723/723/723 722/722/722 
f 722/722/722 723/723/723 724/724/724 
f 723/723/723 725/725/725 724/724/724 
f 724/724/724 725/725/725 726/726/726 
f 725/725/725 727/727/727 726/726/726 
f 726/726/726 727/727/727 728/728/728 
f 727/727/727 727/727/727 728/728/728 
f 728/728/728 727/727/727 729/729/729 
f 727/727/727 730/730/730 729/729/729 
f 729/729/729 730/730/730 731/731/731 
f 730/730/730 732/732/732 731/731/731 
f 731/731/731 732/732/732 733/733/733 
f 732/732/732 734/734/734 733/733/733 
f 733/733/733 734/734/734 735/735/735 
f 734/734/734 736/736/736 735/735/735 
f 735/735/735 736/736/736 735/735/735 
f 736/736/736 737/737/737 735/735/735 
f 735/735/735 737/737/737 738/738/738 
f 737/737/737 739/739/739 738/738/738 
f 738/738/738 739/739/739 739/739/739 
f 739/739/739 738/738/738 739/739/739 
f 739/739/739 738/738/738 738/738/738 
f 738/738/738 740/740/740 738/738/738 
f 738/738/738 740/740/740 735/735/735 
f 740/740/740 740/740/740 735/735/735 
f 735/735/735 740/740/740 733/733/733 
f 740/740/740 741/741/741 733/733/733 
f 733/733/733 741/741/741 731/731/731 
f 741/741/741 742/742/742 731/731/731 
f 731/731/731 742/742/742 729/729/729 
f 742/742/742 743/743/743 729/729/729 
f 729/729/729 743/743/743 728/728/728 
f 743/743/743 728/728/728 728/728/728 
f 728/728/728 728/728/728 743/743/743 
f 728/728/728 743/743/743 743/743/743 
f 743/743/743 743/743/743 744/744/744 
f 743/743/743 742/742/742 744/744/744 
f 744/744/744 742/742/742 745/745/745 
f 742/742/742 741/741/741 745/745/745 
f 745/745/745 741/741/741 746/746/746 
f 741/741/741 740/740/740 746/746/746 
f 746/746/746 740/740/740 747/747/747 
f 740/740/740 738/738/738 747/747/747 
f 747/747/747 738/738/738 748/748/748 
f 738/738/738 739/739/739 748/748/748 
f 748/748/748 739/739/739 748/748/748 
f 739/739/739 749/749/749 748/748/748 
f 748/748/748 749/749/749 750/750/750 
f 749/749/749 751/751/751 750/750/750 
f 750/750/750 751/751/751 751/751/751 
f 751/751/751 750/750/750 751/751/751 
f 751/751/751 750/750/750 750/750/750 
f 750/750/750 752/752/752 750/750/750 
f 750/750/750 752/752/752 748/748/748 
f 752/752/752 752/752/752 748/748/748 
f 748/748/748 752/752/752 747/747/747 
f 752/752/752 753/753/753 747/747/747 
f 747/747/747 753/753/753 746/746/746 
f 753/753/753 754/754/754 746/746/746 
f 746/746/746 754/754/754 745/745/745 
f 754/754/754 755/755/755 745/745/745 
f 745/745/745 755/755/755 744/744/744 
f 755/755/755 744/744/744 744/744/744 
f 744/744/744 744/744/744 755/755/755 
f 744/744/744 755/755/755 755/755/755 
f 755/755/755 755/755/755 756/756/756 
f 755/755/755 754/754/754 756/756/756 
f 756/756/756 754/754/754 757/757/757 
f 754/754/754 753/753/753 757/757/757 
f 757/757/757 753/753/753 758/758/758 
f 753/753/753 752/752/752 758/758/758 
f 758/758/758 752/752/752 759/759/759 
f 752/752/752 750/750/750 759/759/759 
f 759/759/759 750/750/750 760/760/760 
f 750/750/750 751/751/751 760/760/760 
f 760/760/760 751/751/751 761/761/761 
f 751/751/751 762/762/762 761/761/761 
f 761/761/761 762/762/762 763/763/763 
f 762/762/762 764/764/764 763/763/763 
f 763/763/763 764/764/764 765/765/765 
f 764/764/764 766/766/766 765/765/765 
f 765/765/765 766/766/766 767/767/767 
f 766/766/766 768/768/768 767/767/767 
f 767/767/767 768/768/768 768/768/768 
f 768/768/768 767/767/767 768/768/768 
f 768/768/768 767/767/767 767/767/767 
f 767/767/767 769/769/769 767/767/767 
f 767/767/767 769/769/769 765/765/765 
f 769/769/769 770/770/770 765/765/765 
f 765/765/765 770/770/770 763/763/763 
f 770/770/770 771/771/771 763/763/763 
f 763/763/763 771/771/771 761/761/761 
f 771/771/771 772/772/772 761/761/761 
f 761/761/761 772/772/772 760/760/760 
f 772/772/772 773/773/773 760/760/760 
f 760/760/760 773/773/773 759/759/759 
f 773/773/773 774/774/774 759/759/759 
f 759/759/759 774/774/774 758/758/758 
f 774/774/774 775/775/775 758/758/758 
f 758/758/758 775/775/775 757/757/757 
f 775/775/775 776/776/776 757/757/757 
f 757/757/757 776/776/776 756/756/756 
f 776/776/776 777/777/777 756/756/756 
f 756/756/756 777/777/777 756/756/756 
f 777/777/777 778/778/778 756/756/756 
f 756/756/756 778/778/778 755/755/755 
f 778/778/778 779/779/779 755/755/755 
f 755/755/755 779/779/779 744/744/744 
f 779/779/779 780/780/780 744/744/744 
f 744/744/744 780/780/780 743/743/743 
f 780/780/780 781/781/781 743/743/743 
f 743/743/743 781/781/781 728/728/728 
f 781/781/781 782/782/782 728/728/728 
f 728/728/728 782/782/782 726/726/726 
f 782/782/782 783/783/783 726/726/726 
f 726/726/726 783/783/783 724/724/724 
f 783/783/783 784/784/784 724/724/724 
f 724/724/724 784/784/784 722/722/722 
f 784/784/784 785/785/785 722/722/722 
f 722/722/722 785/785/785 719/719/719 
f 785/785/785 785/785/785 719/719/719 
f 719/719/719 785/785/785 717/717/717 
f 785/785/785 786/786/786 717/717/717 
f 717/717/717 786/786/786 715/715/715 
f 786/786/786 787/787/787 715/715/715 
f 715/715/715 787/787/787 713/713/713 
f 787/787/787 788/788/788 713/713/713 
f 713/713/713 788/788/788 712/712/712 
f 788/788/788 789/789/789 712/712/712 
f 712/712/712 789/789/789 712/712/712 
f 789/789/789 790/790/790 712/712/712 
f 712/712/712 790/790/790 710/710/710 
f 790/790/790 791/791/791 710/710/710 
f 710/710/710 791/791/791 708/708/708 
f 791/791/791 792/792/792 708/708/708 
f 708/708/708 792/792/792 706/706/706 
f 792/792/792 793/793/793 706/706/706 
f 706/706/706 793/793/793 703/703/703 
f 793/793/793 793/793/793 703/703/703 
f 703/703/703 793/793/793 701/701/701 
f 793/793/793 793/793/793 701/701/701 
f 701/701/701 793/793/793 700/700/700 
f 793/793/793 793/793/793 700/700/700 
f 700/700/700 793/793/793 699/699/699 
f 793/793/793 792/792/792 699/699/699 
f 699/699/699 792/792/792 698/698/698 
f 792/792/792 791/791/791 698/698/698 
f 698/698/698 791/791/791 697/697/697 
f 791/791/791 790/790/790 697/697/697 
f 697/697/697 790/790/790 696/696/696 
f 790/790/790 789/789/789 696/696/696 
f 696/696/696 789/789/789 794/794/794 
f 789/789/789 789/789/789 794/794/794 
f 794/794/794 789/789/789 795/795/795 
f 789/789/789 788/788/788 795/795/795 
f 795/795/795 788/788/788 796/796/796 
f 788/788/788 787/787/787 796/796/796 
f 796/796/796 787/787/787 797/797/797 
f 787/787/787 786/786/786 797/797/797 
f 797/797/797 786/786/786 798/798/798 
f 786/786/786 785/785/785 798/798/798 
f 798/798/798 785/785/785 798/798/798 
f 785/785/785 784/784/784 798/798/798 
f 798/798/798 784/784/784 799/799/799 
f 784/784/784 783/783/783 799/799/799 
f 799/799/799 783/783/783 800/800/800 
f 783/783/783 782/782/782 800/800/800 
f 800/800/800 782/782/782 801/801/801 
f 782/782/782 781/781/781 801/801/801 
f 801/801/801 781/781/781 802/802/802 
f 781/781/781 780/780/780 802/802/802 
f 802/802/802 780/780/780 803/803/803 
f 780/780/780 779/779/779 803/803/803 
f 803/803/803 779/779/779 804/804/804 
f 779/779/779 778/778/778 804/804/804 
f 804/804/804 778/778/778 805/805/805 
f 778/778/778 777/777/777 805/805/805 
f 805/805/805 777/777/777 806/806/806 
f 777/777/777 777/777/777 806/806/806 
f 806/806/806 777/777/777 807/807/807 
f 777/777/777 776/776/776 807/807/807 
f 807/807/807 776/776/776 808/808/808 
f 776/776/776 775/775/775 808/808/808 
f 808/808/808 775/775/775 809/809/809 
f 775/775/775 774/774/774 809/809/809 
f 809/809/809 774/774/774 810/810/810 
f 774/774/774 773/773/773 810/810/810 
f 810/810/810 773/773/773 811/811/811 
f 773/773/773 772/772/772 811/811/811 
f 811/811/811 772/772/772 812/812/812 
f 772/772/772 771/771/771 812/812/812 
f 812/812/812 771/771/771 813/813/813 
f 771/771/771 770/770/770 813/813/813 
f 813/813/813 770/770/770 814/814/814 
f 770/770/770 769/769/769 814/814/814 
f 814/814/814 769/769/769 769/769/769 
f 769/769/769 794/794/794 769/769/769 
f 769/769/769 794/794/794 794/794/794 
f 794/794/794 695/695/695 794/794/794 
f 794/794/794 695/695/695 696/696/696 
f 695/695/695 696/696/696 696/696/696 
f 696/696/696 696/696/696 814/814/814 
f 696/696/696 814/814/814 814/814/814 
f 814/814/814 814/814/814 813/813/813 
f 814/814/814 542/542/542 813/813/813 
f 813/813/813 542/542/542 813/813/813 
f 542/542/542 541/541/541 813/813/813 
f 813/813/813 541/541/541 812/812/812 
f 541/541/541 543/543/543 812/812/812 
f 812/812/812 543/543/543 811/811/811 
f 543/543/543 544/544/544 811/811/811 
f 811/811/811 544/544/544 810/810/810 
f 544/544/544 545/545/545 810/810/810 
f 810/810/810 545/545/545 809/809/809 
f 545/545/545 546/546/546 809/809/809 
f 809/809/809 546/546/546 808/808/808 
f 546/546/546 547/547/547 808/808/808 
f 808/808/808 547/547/547 807/807/807 
f 547/547/547 548/548/548 807/807/807 
f 807/807/807 548/548/548 806/806/806 
f 548/548/548 549/549/549 806/806/806 
f 806/806/806 549/549/549 815/815/815 
f 549/549/549 550/550/550 815/815/815 
f 815/815/815 550/550/550 816/816/816 
f 550/550/550 551/551/551 816/816/816 
f 816/816/816 551/551/551 817/817/817 
f 551/551/551 552/552/552 817/817/817 
f 817/817/817 552/552/552 818/818/818 
f 552/552/552 552/552/552 818/818/818 
f 818/818/818 552/552/552 819/819/819 
f 552/552/552 553/553/553 819/819/819 
f 819/819/819 553/553/553 820/820/820 
f 553/553/553 554/554/554 820/820/820 
f 820/820/820 554/554/554 821/821/821 
f 554/554/554 555/555/555 821/821/821 
f 821/821/821 555/555/555 822/822/822 
f 555/555/555 556/556/556 822/822/822 
f 822/822/822 556/556/556 823/823/823 
f 556/556/556 557/557/557 823/823/823 
f 823/823/823 557/557/557 824/824/824 
f 557/557/557 558/558/558 824/824/824 
f 824/824/824 558/558/558 825/825/825 
f 558/558/558 559/559/559 825/825/825 
f 825/825/825 559/559/559 825/825/825 
f 559/559/559 561/561/561 825/825/825 
f 825/825/825 561/561/561 825/825/825 
f 561/561/561 564/564/564 825/825/825 
f 825/825/825 564/564/564 826/826/826 
f 564/564/564 566/566/566 826/826/826 
f 826/826/826 566/566/566 827/827/827 
f 566/566/566 568/568/568 827/827/827 
f 827/827/827 568/568/568 828/828/828 
f 568/568/568 570/570/570 828/828/828 
f 828/828/828 570/570/570 570/570/570 
f 570/570/570 806/806/806 570/570/570 
f 570/570/570 806/806/806 806/806/806 
f 806/806/806 815/815/815 806/806/806 
f 806/806/806 815/815/815 805/805/805 
f 815/815/815 805/805/805 805/805/805 
f 805/805/805 805/805/805 825/825/825 
f 805/805/805 825/825/825 825/825/825 
f 825/825/825 825/825/825 824/824/824 
f 825/825/825 826/826/826 824/824/824 
f 824/824/824 826/826/826 829/829/829 
f 826/826/826 827/827/827 829/829/829 
f 829/829/829 827/827/827 830/830/830 
f 827/827/827 828/828/828 830/830/830 
f 830/830/830 828/828/828 828/828/828 
f 828/828/828 824/824/824 828/828/828 
f 828/828/828 824/824/824 824/824/824 
f 824/824/824 829/829/829 824/824/824 
f 824/824/824 829/829/829 823/823/823 
f 829/829/829 831/831/831 823/823/823 
f 823/823/823 831/831/831 822/822/822 
f 831/831/831 832/832/832 822/822/822 
f 822/822/822 832/832/832 821/821/821 
f 832/832/832 821/821/821 821/821/821 
f 821/821/821 821/821/821 829/829/829 
f 821/821/821 829/829/829 829/829/829 
f 829/829/829 829/829/829 831/831/831 
f 829/829/829 830/830/830 831/831/831 
f 831/831/831 830/830/830 833/833/833 
f 830/830/830 830/830/830 833/833/833 
f 833/833/833 830/830/830 834/834/834 
f 830/830/830 828/828/828 834/834/834 
f 834/834/834 828/828/828 835/835/835 
f 828/828/828 570/570/570 835/835/835 
f 835/835/835 570/570/570 836/836/836 
f 570/570/570 571/571/571 836/836/836 
f 836/836/836 571/571/571 837/837/837 
f 571/571/571 573/573/573 837/837/837 
f 837/837/837 573/573/573 838/838/838 
f 573/573/573 575/575/575 838/838/838 
f 838/838/838 575/575/575 839/839/839 
f 575/575/575 577/577/577 839/839/839 
f 839/839/839 577/577/577 839/839/839 
f 577/577/577 580/580/580 839/839/839 
f 839/839/839 580/580/580 839/839/839 
f 580/580/580 685/685/685 839/839/839 
f 839/839/839 685/685/685 840/840/840 
f 685/685/685 686/686/686 840/840/840 
f 840/840/840 686/686/686 841/841/841 
f 686/686/686 687/687/687 841/841/841 
f 841/841/841 687/687/687 842/842/842 
f 687/687/687 688/688/688 842/842/842 
f 842/842/842 688/688/688 843/843/843 
f 688/688/688 689/689/689 843/843/843 
f 843/843/843 689/689/689 844/844/844 
f 689/689/689 690/690/690 844/844/844 
f 844/844/844 690/690/690 845/845/845 
f 690/690/690 691/691/691 845/845/845 
f 845/845/845 691/691/691 846/846/846 
f 691/691/691 692/692/692 846/846/846 
f 846/846/846 692/692/692 847/847/847 
f 692/692/692 693/693/693 847/847/847 
f 847/847/847 693/693/693 848/848/848 
f 693/693/693 694/694/694 848/848/848 
f 848/848/848 694/694/694 849/849/849 
f 694/694/694 695/695/695 849/849/849 
f 849/849/849 695/695/695 849/849/849 
f 695/695/695 794/794/794 849/849/849 
f 849/849/849 794/794/794 850/850/850 
f 794/794/794 795/795/795 850/850/850 
f 850/850/850 795/795/795 851/851/851 
f 795/795/795 796/796/796 851/851/851 
f 851/851/851 796/796/796 852/852/852 
f 796/796/796 797/797/797 852/852/852 
f 852/852/852 797/797/797 853/853/853 
f 797/797/797 798/798/798 853/853/853 
f 853/853/853 798/798/798 853/853/853 
f 798/798/798 799/799/799 853/853/853 
f 853/853/853 799/799/799 854/854/854 
f 799/799/799 800/800/800 854/854/854 
f 854/854/854 800/800/800 855/855/855 
f 800/800/800 801/801/801 855/855/855 
f 855/855/855 801/801/801 856/856/856 
f 801/801/801 802/802/802 856/856/856 
f 856/856/856 802/802/802 857/857/857 
f 802/802/802 803/803/803 857/857/857 
f 857/857/857 803/803/803 858/858/858 
f 803/803/803 804/804/804 858/858/858 
f 858/858/858 804/804/804 859/859/859 
f 804/804/804 805/805/805 859/859/859 
f 859/859/859 805/805/805 859/859/859 
f 805/805/805 815/815/815 859/859/859 
f 859/859/859 815/815/815 859/859/859 
f 815/815/815 816/816/816 859/859/859 
f 859/859/859 816/816/816 860/860/860 
f 816/816/816 817/817/817 860/860/860 
f 860/860/860 817/817/817 817/817/817 
f 817/817/817 833/833/833 817/817/817 
f 817/817/817 833/833/833 833/833/833 
f 833/833/833 832/832/832 833/833/833 
f 833/833/833 832/832/832 831/831/831 
f 832/832/832 831/831/831 831/831/831 
f 831/831/831 831/831/831 839/839/839 
f 831/831/831 839/839/839 839/839/839 
f 839/839/839 839/839/839 838/838/838 
f 839/839/839 840/840/840 838/838/838 
f 838/838/838 840/840/840 861/861/861 
f 840/840/840 841/841/841 861/861/861 
f 861/861/861 841/841/841 841/841/841 
f 841/841/841 861/861/861 841/841/841 
f 841/841/841 861/861/861 861/861/861 
f 861/861/861 837/837/837 861/861/861 
f 861/861/861 837/837/837 838/838/838 
f 837/837/837 838/838/838 838/838/838 
f 838/838/838 838/838/838 859/859/859 
f 838/838/838 859/859/859 859/859/859 
f 859/859/859 859/859/859 858/858/858 
f 859/859/859 860/860/860 858/858/858 
f 858/858/858 860/860/860 862/862/862 
f 860/860/860 860/860/860 862/862/862 
f 862/862/862 860/860/860 863/863/863 
f 860/860/860 817/817/817 863/863/863 
f 863/863/863 817/817/817 863/863/863 
f 817/817/817 818/818/818 863/863/863 
f 863/863/863 818/818/818 864/864/864 
f 818/818/818 818/818/818 864/864/864 
f 864/864/864 818/818/818 865/865/865 
f 818/818/818 819/819/819 865/865/865 
f 865/865/865 819/819/819 866/866/866 
f 819/819/819 820/820/820 866/866/866 
f 866/866/866 820/820/820 867/867/867 
f 820/820/820 821/821/821 867/867/867 
f 867/867/867 821/821/821 867/867/867 
f 821/821/821 832/832/832 867/867/867 
f 867/867/867 832/832/832 868/868/868 
f 832/832/832 833/833/833 868/868/868 
f 868/868/868 833/833/833 869/869/869 
f 833/833/833 834/834/834 869/869/869 
f 869/869/869 834/834/834 870/870/870 
f 834/834/834 835/835/835 870/870/870 
f 870/870/870 835/835/835 871/871/871 
f 835/835/835 836/836/836 871/871/871 
f 871/871/871 836/836/836 872/872/872 
f 836/836/836 837/837/837 872/872/872 
f 872/872/872 837/837/837 872/872/872 
f 837/837/837 861/861/861 872/872/872 
f 872/872/872 861/861/861 873/873/873 
f 861/861/861 841/841/841 873/873/873 
f 873/873/873 841/841/841 873/873/873 
f 841/841/841 842/842/842 873/873/873 
f 873/873/873 842/842/842 874/874/874 
f 842/842/842 843/843/843 874/874/874 
f 874/874/874 843/843/843 875/875/875 
f 843/843/843 844/844/844 875/875/875 
f 875/875/875 844/844/844 876/876/876 
f 844/844/844 845/845/845 876/876/876 
f 876/876/876 845/845/845 877/877/877 
f 845/845/845 846/846/846 877/877/877 
f 877/877/877 846/846/846 878/878/878 
f 846/846/846 847/847/847 878/878/878 
f 878/878/878 847/847/847 879/879/879 
f 847/847/847 848/848/848 879/879/879 
f 879/879/879 848/848/848 880/880/880 
f 848/848/848 849/849/849 880/880/880 
f 880/880/880 849/849/849 880/880/880 
f 849/849/849 850/850/850 880/880/880 
f 880/880/880 850/850/850 881/881/881 
f 850/850/850 851/851/851 881/881/881 
f 881/881/881 851/851/851 882/882/882 
f 851/851/851 852/852/852 882/882/882 
f 882/882/882 852/852/852 883/883/883 
f 852/852/852 853/853/853 883/883/883 
f 883/883/883 853/853/853 883/883/883 
f 853/853/853 854/854/854 883/883/883 
f 883/883/883 854/854/854 884/884/884 
f 854/854/854 855/855/855 884/884/884 
f 884/884/884 855/855/855 885/885/885 
f 855/855/855 856/856/856 885/885/885 
f 885/885/885 856/856/856 886/886/886 
f 856/856/856 857/857/857 886/886/886 
f 886/886/886 857/857/857 862/862/862 
f 857/857/857 858/858/858 862/862/862 
f 862/862/862 858/858/858 858/858/858 
f 858/858/858 886/886/886 858/858/858 
f 858/858/858 886/886/886 886/886/886 
f 886/886/886 862/862/862 886/886/886 
f 886/886/886 862/862/862 887/887/887 
f 862/862/862 863/863/863 887/887/887 
f 887/887/887 863/863/863 887/887/887 
f 863/863/863 864/864/864 887/887/887 
f 887/887/887 864/864/864 888/888/888 
f 864/864/864 864/864/864 888/888/888 
f 888/888/888 864/864/864 889/889/889 
f 864/864/864 865/865/865 889/889/889 
f 889/889/889 865/865/865 890/890/890 
f 865/865/865 866/866/866 890/890/890 
f 890/890/890 866/866/866 891/891/891 
f 866/866/866 867/867/867 891/891/891 
f 891/891/891 867/867/867 891/891/891 
f 867/867/867 868/868/868 891/891/891 
f 891/891/891 868/868/868 892/892/892 
f 868/868/868 869/869/869 892/892/892 
f 892/892/892 869/869/869 893/893/893 
f 869/869/869 870/870/870 893/893/893 
f 893/893/893 870/870/870 894/894/894 
f 870/870/870 871/871/871 894/894/894 
f 894/894/894 871/871/871 895/895/895 
f 871/871/871 872/872/872 895/895/895 
f 895/895/895 872/872/872 895/895/895 
f 872/872/872 873/873/873 895/895/895 
f 895/895/895 873/873/873 895/895/895 
f 873/873/873 874/874/874 895/895/895 
f 895/895/895 874/874/874 896/896/896 
f 874/874/874 875/875/875 896/896/896 
f 896/896/896 875/875/875 897/897/897 
f 875/875/875 876/876/876 897/897/897 
f 897/897/897 876/876/876 898/898/898 
f 876/876/876 877/877/877 898/898/898 
f 898/898/898 877/877/877 899/899/899 
f 877/877/877 878/878/878 899/899/899 
f 899/899/899 878/878/878 900/900/900 
f 878/878/878 879/879/879 900/900/900 
f 900/900/900 879/879/879 901/901/901 
f 879/879/879 880/880/880 901/901/901 
f 901/901/901 880/880/880 901/901/901 
f 880/880/880 881/881/881 901/901/901 
f 901/901/901 881/881/881 902/902/902 
f 881/881/881 882/882/882 902/902/902 
f 902/902/902 882/882/882 903/903/903 
f 882/882/882 883/883/883 903/903/903 
f 903/903/903 883/883/883 903/903/903 
f 883/883/883 884/884/884 903/903/903 
f 903/903/903 884/884/884 904/904/904 
f 884/884/884 885/885/885 904/904/904 
f 904/904/904 885/885/885 905/905/905 
f 885/885/885 886/886/886 905/905/905 
f 905/905/905 886/886/886 905/905/905 
f 886/886/886 887/887/887 905/905/905 
f 905/905/905 887/887/887 905/905/905 
f 887/887/887 888/888/888 905/905/905 
f 905/905/905 888/888/888 905/905/905 
f 888/888/888 906/906/906 905/905/905 
f 905/905/905 906/906/906 904/904/904 
f 906/906/906 907/907/907 904/904/904 
f 904/904/904 907/907/907 903/903/903 
f 907/907/907 907/907/907 903/903/903 
f 903/903/903 907/907/907 902/902/902 
f 907/907/907 908/908/908 902/902/902 
f 902/902/902 908/908/908 901/901/901 
f 908/908/908 908/908/908 901/901/901 
f 901/901/901 908/908/908 900/900/900 
f 908/908/908 909/909/909 900/900/900 
f 900/900/900 909/909/909 899/899/899 
f 909/909/909 899/899/899 899/899/899 
f 899/899/899 899/899/899 895/895/895 
f 899/899/899 895/895/895 895/895/895 
f 895/895/895 895/895/895 894/894/894 
f 895/895/895 896/896/896 894/894/894 
f 894/894/894 896/896/896 910/910/910 
f 896/896/896 897/897/897 910/910/910 
f 910/910/910 897/897/897 897/897/897 
f 897/897/897 910/910/910 897/897/897 
f 897/897/897 910/910/910 910/910/910 
f 910/910/910 893/893/893 910/910/910 
f 910/910/910 893/893/893 894/894/894 
f 893/893/893 894/894/894 894/894/894 
f 894/894/894 894/894/894 909/909/909 
f 894/894/894 909/909/909 909/909/909 
f 909/909/909 909/909/909 911/911/911 
f 909/909/909 908/908/908 911/911/911 
f 911/911/911 908/908/908 911/911/911 
f 908/908/908 907/907/907 911/911/911 
f 911/911/911 907/907/907 911/911/911 
f 907/907/907 906/906/906 911/911/911 
f 911/911/911 906/906/906 912/912/912 
f 906/906/906 888/888/888 912/912/912 
f 912/912/912 888/888/888 912/912/912 
f 888/888/888 889/889/889 912/912/912 
f 912/912/912 889/889/889 913/913/913 
f 889/889/889 890/890/890 913/913/913 
f 913/913/913 890/890/890 890/890/890 
f 890/890/890 913/913/913 890/890/890 
f 890/890/890 913/913/913 913/913/913 
f 913/913/913 914/914/914 913/913/913 
f 913/913/913 914/914/914 912/912/912 
f 914/914/914 914/914/914 912/912/912 
f 912/912/912 914/914/914 911/911/911 
f 914/914/914 914/914/914 911/911/911 
f 911/911/911 914/914/914 909/909/909 
f 914/914/914 915/915/915 909/909/909 
f 909/909/909 915/915/915 899/899/899 
f 915/915/915 915/915/915 899/899/899 
f 899/899/899 915/915/915 898/898/898 
f 915/915/915 916/916/916 898/898/898 
f 898/898/898 916/916/916 897/897/897 
f 916/916/916 916/916/916 897/897/897 
f 897/897/897 916/916/916 910/910/910 
f 916/916/916 917/917/917 910/910/910 
f 910/910/910 917/917/917 893/893/893 
f 917/917/917 917/917/917 893/893/893 
f 893/893/893 917/917/917 892/892/892 
f 917/917/917 918/918/918 892/892/892 
f 892/892/892 918/918/918 891/891/891 
f 918/918/918 918/918/918 891/891/891 
f 891/891/891 918/918/918 890/890/890 
f 918/918/918 918/918/918 890/890/890 
f 890/890/890 918/918/918 913/913/913 
f 918/918/918 919/919/919 913/913/913 
f 913/913/913 919/919/919 914/914/914 
f 919/919/919 919/919/919 914/914/914 
f 914/914/914 919/919/919 915/915/915 
f 919/919/919 919/919/919 915/915/915 
f 915/915/915 919/919/919 916/916/916 
f 919/919/919 919/919/919 916/916/916 
f 916/916/916 919/919/919 917/917/917 
f 919/919/919 918/918/918 917/917/917 
f 917/917/917 918/918/918 918/918/918 
f 918/918/918 340/340/340 918/918/918 
f 918/918/918 340/340/340 340/340/340 
f 340/340/340 339/339/339 340/340/340 
f 340/340/340 339/339/339 920/920/920 
f 339/339/339 921/921/921 920/920/920 
f 920/920/920 921/921/921 922/922/922 
f 921/921/921 923/923/923 922/922/922 
f 922/922/922 923/923/923 924/924/924 
f 923/923/923 924/924/924 924/924/924 
f 924/924/924 924/924/924 339/339/339 
f 924/924/924 339/339/339 339/339/339 
f 339/339/339 339/339/339 921/921/921 
f 339/339/339 338/338/338 921/921/921 
f 921/921/921 338/338/338 925/925/925 
f 338/338/338 337/337/337 925/925/925 
f 925/925/925 337/337/337 926/926/926 
f 337/337/337 336/336/336 926/926/926 
f 926/926/926 336/336/336 927/927/927 
f 336/336/336 335/335/335 927/927/927 
f 927/927/927 335/335/335 928/928/928 
f 335/335/335 334/334/334 928/928/928 
f 928/928/928 334/334/334 929/929/929 
f 334/334/334 333/333/333 929/929/929 
f 929/929/929 333/333/333 930/930/930 
f 333/333/333 332/332/332 930/930/930 
f 930/930/930 332/332/332 930/930/930 
f 332/332/332 301/301/301 930/930/930 
f 930/930/930 301/301/301 930/930/930 
f 301/301/301 300/300/300 930/930/930 
f 930/930/930 300/300/300 931/931/931 
f 300/300/300 299/299/299 931/931/931 
f 931/931/931 299/299/299 299/299/299 
f 299/299/299 921/921/921 299/299/299 
f 299/299/299 921/921/921 921/921/921 
f 921/921/921 925/925/925 921/921/921 
f 921/921/921 925/925/925 923/923/923 
f 925/925/925 923/923/923 923/923/923 
f 923/923/923 923/923/923 930/930/930 
f 923/923/923 930/930/930 930/930/930 
f 930/930/930 930/930/930 929/929/929 
f 930/930/930 931/931/931 929/929/929 
f 929/929/929 931/931/931 929/929/929 
f 931/931/931 932/932/932 929/929/929 
f 929/929/929 932/932/932 928/928/928 
f 932/932/932 933/933/933 928/928/928 
f 928/928/928 933/933/933 927/927/927 
f 933/933/933 934/934/934 927/927/927 
f 927/927/927 934/934/934 926/926/926 
f 934/934/934 935/935/935 926/926/926 
f 926/926/926 935/935/935 925/925/925 
f 935/935/935 935/935/935 925/925/925 
f 925/925/925 935/935/935 923/923/923 
f 935/935/935 936/936/936 923/923/923 
f 923/923/923 936/936/936 924/924/924 
f 936/936/936 936/936/936 924/924/924 
f 924/924/924 936/936/936 937/937/937 
f 936/936/936 936/936/936 937/937/937 
f 937/937/937 936/936/936 938/938/938 
f 936/936/936 936/936/936 938/938/938 
f 938/938/938 936/936/936 939/939/939 
f 936/936/936 935/935/935 939/939/939 
f 939/939/939 935/935/935 939/939/939 
f 935/935/935 934/934/934 939/939/939 
f 939/939/939 934/934/934 940/940/940 
f 934/934/934 933/933/933 940/940/940 
f 940/940/940 933/933/933 941/941/941 
f 933/933/933 932/932/932 941/941/941 
f 941/941/941 932/932/932 942/942/942 
f 932/932/932 931/931/931 942/942/942 
f 942/942/942 931/931/931 942/942/942 
f 931/931/931 299/299/299 942/942/942 
f 942/942/942 299/299/299 942/942/942 
f 299/299/299 297/297/297 942/942/942 
f 942/942/942 297/297/297 942/942/942 
f 297/297/297 298/298/298 942/942/942 
f 942/942/942 298/298/298 941/941/941 
f 298/298/298 943/943/943 941/941/941 
f 941/941/941 943/943/943 940/940/940 
f 943/943/943 944/944/944 940/940/940 
f 940/940/940 944/944/944 939/939/939 
f 944/944/944 938/938/938 939/939/939 
f 939/939/939 938/938/938 938/938/938 
f 938/938/938 945/945/945 938/938/938 
f 938/938/938 945/945/945 945/945/945 
f 945/945/945 946/946/946 945/945/945 
f 945/945/945 946/946/946 947/947/947 
f 946/946/946 948/948/948 947/947/947 
f 947/947/947 948/948/948 947/947/947 
f 948/948/948 949/949/949 947/947/947 
f 947/947/947 949/949/949 947/947/947 
f 949/949/949 950/950/950 947/947/947 
f 947/947/947 950/950/950 951/951/951 
f 950/950/950 950/950/950 951/951/951 
f 951/951/951 950/950/950 952/952/952 
f 950/950/950 953/953/953 952/952/952 
f 952/952/952 953/953/953 954/954/954 
f 953/953/953 955/955/955 954/954/954 
f 954/954/954 955/955/955 956/956/956 
f 955/955/955 956/956/956 956/956/956 
f 956/956/956 956/956/956 945/945/945 
f 956/956/956 945/945/945 945/945/945 
f 945/945/945 945/945/945 951/951/951 
f 945/945/945 947/947/947 951/951/951 
f 951/951/951 947/947/947 947/947/947 
f 947/947/947 955/955/955 947/947/947 
f 947/947/947 955/955/955 955/955/955 
f 955/955/955 953/953/953 955/955/955 
f 955/955/955 953/953/953 957/957/957 
f 953/953/953 958/958/958 957/957/957 
f 957/957/957 958/958/958 959/959/959 
f 958/958/958 960/960/960 959/959/959 
f 959/959/959 960/960/960 961/961/961 
f 960/960/960 962/962/962 961/961/961 
f 961/961/961 962/962/962 963/963/963 
f 962/962/962 963/963/963 963/963/963 
f 963/963/963 963/963/963 953/953/953 
f 963/963/963 953/953/953 953/953/953 
f 953/953/953 953/953/953 958/958/958 
f 953/953/953 950/950/950 958/958/958 
f 958/958/958 950/950/950 958/958/958 
f 950/950/950 949/949/949 958/958/958 
f 958/958/958 949/949/949 960/960/960 
f 949/949/949 964/964/964 960/960/960 
f 960/960/960 964/964/964 962/962/962 
f 964/964/964 962/962/962 962/962/962 
f 962/962/962 962/962/962 949/949/949 
f 962/962/962 949/949/949 949/949/949 
f 949/949/949 949/949/949 964/964/964 
f 949/949/949 948/948/948 964/964/964 
f 964/964/964 948/948/948 965/965/965 
f 948/948/948 966/966/966 965/965/965 
f 965/965/965 966/966/966 965/965/965 
f 966/966/966 967/967/967 965/965/965 
f 965/965/965 967/967/967 968/968/968 
f 967/967/967 969/969/969 968/968/968 
f 968/968/968 969/969/969 970/970/970 
f 969/969/969 971/971/971 970/970/970 
f 970/970/970 971/971/971 972/972/972 
f 971/971/971 973/973/973 972/972/972 
f 972/972/972 973/973/973 974/974/974 
f 973/973/973 975/975/975 974/974/974 
f 974/974/974 975/975/975 976/976/976 
f 975/975/975 977/977/977 976/976/976 
f 976/976/976 977/977/977 978/978/978 
f 977/977/977 979/979/979 978/978/978 
f 978/978/978 979/979/979 980/980/980 
f 979/979/979 981/981/981 980/980/980 
f 980/980/980 981/981/981 982/982/982 
f 981/981/981 983/983/983 982/982/982 
f 982/982/982 983/983/983 984/984/984 
f 983/983/983 985/985/985 984/984/984 
f 984/984/984 985/985/985 986/986/986 
f 985/985/985 987/987/987 986/986/986 
f 986/986/986 987/987/987 988/988/988 
f 987/987/987 989/989/989 988/988/988 
f 988/988/988 989/989/989 990/990/990 
f 989/989/989 991/991/991 990/990/990 
f 990/990/990 991/991/991 992/992/992 
f 991/991/991 993/993/993 992/992/992 
f 992/992/992 993/993/993 993/993/993 
f 993/993/993 946/946/946 993/993/993 
f 993/993/993 946/946/946 946/946/946 
f 946/946/946 966/966/966 946/946/946 
f 946/946/946 966/966/966 948/948/948 
f 966/966/966 948/948/948 948/948/948 
f 948/948/948 948/948/948 992/992/992 
f 948/948/948 992/992/992 992/992/992 
f 992/992/992 992/992/992 990/990/990 
f 992/992/992 994/994/994 990/990/990 
f 990/990/990 994/994/994 995/995/995 
f 994/994/994 996/996/996 995/995/995 
f 995/995/995 996/996/996 997/997/997 
f 996/996/996 998/998/998 997/997/997 
f 997/997/997 998/998/998 997/997/997 
f 998/998/998 999/999/999 997/997/997 
f 997/997/997 999/999/999 1000/1000/1000 
f 999/999/999 1001/1001/1001 1000/1000/1000 
f 1000/1000/1000 1001/1001/1001 1001/1001/1001 
f 1001/1001/1001 990/990/990 1001/1001/1001 
f 1001/1001/1001 990/990/990 990/990/990 
f 990/990/990 995/995/995 990/990/990 
f 990/990/990 995/995/995 988/988/988 
f 995/995/995 1002/1002/1002 988/988/988 
f 988/988/988 1002/1002/1002 986/986/986 
f 1002/1002/1002 1003/1003/1003 986/986/986 
f 986/986/986 1003/1003/1003 984/984/984 
f 1003/1003/1003 1004/1004/1004 984/984/984 
f 984/984/984 1004/1004/1004 982/982/982 
f 1004/1004/1004 982/982/982 982/982/982 
f 982/982/982 982/982/982 995/995/995 
f 982/982/982 995/995/995 995/995/995 
f 995/995/995 995/995/995 1002/1002/1002 
f 995/995/995 997/997/997 1002/1002/1002 
f 1002/1002/1002 997/997/997 1002/1002/1002 
f 997/997/997 1000/1000/1000 1002/1002/1002 
f 1002/1002/1002 1000/1000/1000 1003/1003/1003 
f 1000/1000/1000 1005/1005/1005 1003/1003/1003 
f 1003/1003/1003 1005/1005/1005 1004/1004/1004 
f 1005/1005/1005 1006/1006/1006 1004/1004/1004 
f 1004/1004/1004 1006/1006/1006 1004/1004/1004 
f 1006/1006/1006 1007/1007/1007 1004/1004/1004 
f 1004/1004/1004 1007/1007/1007 982/982/982 
f 1007/1007/1007 1007/1007/1007 982/982/982 
f 982/982/982 1007/1007/1007 980/980/980 
f 1007/1007/1007 1008/1008/1008 980/980/980 
f 980/980/980 1008/1008/1008 978/978/978 
f 1008/1008/1008 978/978/978 978/978/978 
f 978/978/978 978/978/978 1000/1000/1000 
f 978/978/978 1000/1000/1000 1000/1000/1000 
f 1000/1000/1000 1000/1000/1000 1005/1005/1005 
f 1000/1000/1000 1001/1001/1001 1005/1005/1005 
f 1005/1005/1005 1001/1001/1001 1005/1005/1005 
f 1001/1001/1001 1009/1009/1009 1005/1005/1005 
f 1005/1005/1005 1009/1009/1009 1006/1006/1006 
f 1009/1009/1009 1010/1010/1010 1006/1006/1006 
f 1006/1006/1006 1010/1010/1010 1011/1011/1011 
f 1010/1010/1010 1012/1012/1012 1011/1011/1011 
f 1011/1011/1011 1012/1012/1012 1013/1013/1013 
f 1012/1012/1012 1014/1014/1014 1013/1013/1013 
f 1013/1013/1013 1014/1014/1014 1014/1014/1014 
f 1014/1014/1014 1006/1006/1006 1014/1014/1014 
f 1014/1014/1014 1006/1006/1006 1006/1006/1006 
f 1006/1006/1006 1011/1011/1011 1006/1006/1006 
f 1006/1006/1006 1011/1011/1011 1007/1007/1007 
f 1011/1011/1011 1011/1011/1011 1007/1007/1007 
f 1007/1007/1007 1011/1011/1011 1008/1008/1008 
f 1011/1011/1011 1013/1013/1013 1008/1008/1008 
f 1008/1008/1008 1013/1013/1013 1008/1008/1008 
f 1013/1013/1013 1015/1015/1015 1008/1008/1008 
f 1008/1008/1008 1015/1015/1015 978/978/978 
f 1015/1015/1015 1015/1015/1015 978/978/978 
f 978/978/978 1015/1015/1015 976/976/976 
f 1015/1015/1015 1016/1016/1016 976/976/976 
f 976/976/976 1016/1016/1016 974/974/974 
f 1016/1016/1016 1017/1017/1017 974/974/974 
f 974/974/974 1017/1017/1017 972/972/972 
f 1017/1017/1017 1018/1018/1018 972/972/972 
f 972/972/972 1018/1018/1018 970/970/970 
f 1018/1018/1018 1019/1019/1019 970/970/970 
f 970/970/970 1019/1019/1019 968/968/968 
f 1019/1019/1019 1020/1020/1020 968/968/968 
f 968/968/968 1020/1020/1020 965/965/965 
f 1020/1020/1020 1020/1020/1020 965/965/965 
f 965/965/965 1020/1020/1020 964/964/964 
f 1020/1020/1020 1020/1020/1020 964/964/964 
f 964/964/964 1020/1020/1020 962/962/962 
f 1020/1020/1020 1021/1021/1021 962/962/962 
f 962/962/962 1021/1021/1021 963/963/963 
f 1021/1021/1021 1021/1021/1021 963/963/963 
f 963/963/963 1021/1021/1021 1022/1022/1022 
f 1021/1021/1021 1021/1021/1021 1022/1022/1022 
f 1022/1022/1022 1021/1021/1021 1023/1023/1023 
f 1021/1021/1021 1019/1019/1019 1023/1023/1023 
f 1023/1023/1023 1019/1019/1019 1023/1023/1023 
f 1019/1019/1019 1018/1018/1018 1023/1023/1023 
f 1023/1023/1023 1018/1018/1018 1024/1024/1024 
f 1018/1018/1018 1017/1017/1017 1024/1024/1024 
f 1024/1024/1024 1017/1017/1017 1025/1025/1025 
f 1017/1017/1017 1016/1016/1016 1025/1025/1025 
f 1025/1025/1025 1016/1016/1016 1026/1026/1026 
f 1016/1016/1016 1015/1015/1015 1026/1026/1026 
f 1026/1026/1026 1015/1015/1015 1026/1026/1026 
f 1015/1015/1015 1013/1013/1013 1026/1026/1026 
f 1026/1026/1026 1013/1013/1013 1026/1026/1026 
f 1013/1013/1013 1014/1014/1014 1026/1026/1026 
f 1026/1026/1026 1014/1014/1014 1026/1026/1026 
f 1014/1014/1014 1027/1027/1027 1026/1026/1026 
f 1026/1026/1026 1027/1027/1027 1025/1025/1025 
f 1027/1027/1027 1028/1028/1028 1025/1025/1025 
f 1025/1025/1025 1028/1028/1028 1024/1024/1024 
f 1028/1028/1028 1029/1029/1029 1024/1024/1024 
f 1024/1024/1024 1029/1029/1029 1023/1023/1023 
f 1029/1029/1029 1022/1022/1022 1023/1023/1023 
f 1023/1023/1023 1022/1022/1022 1022/1022/1022 
f 1022/1022/1022 1020/1020/1020 1022/1022/1022 
f 1022/1022/1022 1020/1020/1020 1020/1020/1020 
f 1020/1020/1020 1019/1019/1019 1020/1020/1020 
f 1020/1020/1020 1019/1019/1019 1021/1021/1021 
f 1019/1019/1019 1021/1021/1021 1021/1021/1021 
f 1021/1021/1021 1021/1021/1021 1030/1030/1030 
f 1021/1021/1021 1030/1030/1030 1030/1030/1030 
f 1030/1030/1030 1030/1030/1030 1031/1031/1031 
f 1030/1030/1030 1032/1032/1032 1031/1031/1031 
f 1031/1031/1031 1032/1032/1032 1031/1031/1031 
f 1032/1032/1032 1033/1033/1033 1031/1031/1031 
f 1031/1031/1031 1033/1033/1033 1031/1031/1031 
f 1033/1033/1033 1034/1034/1034 1031/1031/1031 
f 1031/1031/1031 1034/1034/1034 1031/1031/1031 
f 1034/1034/1034 1035/1035/1035 1031/1031/1031 
f 1031/1031/1031 1035/1035/1035 1036/1036/1036 
f 1035/1035/1035 1035/1035/1035 1036/1036/1036 
f 1036/1036/1036 1035/1035/1035 1037/1037/1037 
f 1035/1035/1035 1038/1038/1038 1037/1037/1037 
f 1037/1037/1037 1038/1038/1038 1039/1039/1039 
f 1038/1038/1038 1040/1040/1040 1039/1039/1039 
f 1039/1039/1039 1040/1040/1040 1041/1041/1041 
f 1040/1040/1040 1041/1041/1041 1041/1041/1041 
f 1041/1041/1041 1041/1041/1041 1030/1030/1030 
f 1041/1041/1041 1030/1030/1030 1030/1030/1030 
f 1030/1030/1030 1030/1030/1030 1036/1036/1036 
f 1030/1030/1030 1031/1031/1031 1036/1036/1036 
f 1036/1036/1036 1031/1031/1031 1031/1031/1031 
f 1031/1031/1031 1040/1040/1040 1031/1031/1031 
f 1031/1031/1031 1040/1040/1040 1040/1040/1040 
f 1040/1040/1040 1038/1038/1038 1040/1040/1040 
f 1040/1040/1040 1038/1038/1038 1042/1042/1042 
f 1038/1038/1038 1043/1043/1043 1042/1042/1042 
f 1042/1042/1042 1043/1043/1043 1044/1044/1044 
f 1043/1043/1043 1045/1045/1045 1044/1044/1044 
f 1044/1044/1044 1045/1045/1045 1046/1046/1046 
f 1045/1045/1045 1045/1045/1045 1046/1046/1046 
f 1046/1046/1046 1045/1045/1045 1047/1047/1047 
f 1045/1045/1045 1045/1045/1045 1047/1047/1047 
f 1047/1047/1047 1045/1045/1045 1048/1048/1048 
f 1045/1045/1045 1034/1034/1034 1048/1048/1048 
f 1048/1048/1048 1034/1034/1034 1048/1048/1048 
f 1034/1034/1034 1033/1033/1033 1048/1048/1048 
f 1048/1048/1048 1033/1033/1033 1049/1049/1049 
f 1033/1033/1033 1050/1050/1050 1049/1049/1049 
f 1049/1049/1049 1050/1050/1050 1049/1049/1049 
f 1050/1050/1050 1051/1051/1051 1049/1049/1049 
f 1049/1049/1049 1051/1051/1051 1052/1052/1052 
f 1051/1051/1051 1053/1053/1053 1052/1052/1052 
f 1052/1052/1052 1053/1053/1053 1053/1053/1053 
f 1053/1053/1053 1038/1038/1038 1053/1053/1053 
f 1053/1053/1053 1038/1038/1038 1038/1038/1038 
f 1038/1038/1038 1035/1035/1035 1038/1038/1038 
f 1038/1038/1038 1035/1035/1035 1043/1043/1043 
f 1035/1035/1035 1034/1034/1034 1043/1043/1043 
f 1043/1043/1043 1034/1034/1034 1045/1045/1045 
f 1034/1034/1034 1045/1045/1045 1045/1045/1045 
f 1045/1045/1045 1045/1045/1045 1032/1032/1032 
f 1045/1045/1045 1032/1032/1032 1032/1032/1032 
f 1032/1032/1032 1032/1032/1032 1033/1033/1033 
f 1032/1032/1032 1050/1050/1050 1033/1033/1033 
f 1033/1033/1033 1050/1050/1050 1050/1050/1050 
f 1050/1050/1050 1052/1052/1052 1050/1050/1050 
f 1050/1050/1050 1052/1052/1052 1052/1052/1052 
f 1052/1052/1052 1054/1054/1054 1052/1052/1052 
f 1052/1052/1052 1054/1054/1054 1049/1049/1049 
f 1054/1054/1054 1054/1054/1054 1049/1049/1049 
f 1049/1049/1049 1054/1054/1054 1048/1048/1048 
f 1054/1054/1054 1047/1047/1047 1048/1048/1048 

