mtllib model_8.mtl
o model_8
v 0.5882580876350403 0.31508979201316833 -1.7804733514785767 
v 0.5882580876350403 0.35974767804145813 -1.7777169942855835 
v 0.5758890509605408 0.316496342420578 -1.7909735441207886 
v 0.565934956073761 0.2778162956237793 -1.8128925561904907 
v 0.5758890509605408 0.2742999494075775 -1.7995048761367798 
v 0.565934956073761 0.23843297362327576 -1.8261492252349854 
v 0.5758890509605408 0.2331584393978119 -1.8135490417480469 
v 0.5882580876350403 0.2714868485927582 -1.7892671823501587 
v 0.5758890509605408 0.2742999494075775 -1.7995048761367798 
v 0.5758890509605408 0.316496342420578 -1.7909735441207886 
v 0.565934956073761 0.35974767804145813 -1.802261233329773 
v 0.565934956073761 0.3186061680316925 -1.8047550916671753 
v 0.5758890509605408 0.35974767804145813 -1.7882171869277954 
v 0.5758890509605408 0.316496342420578 -1.7909735441207886 
v 0.565934956073761 0.2778162956237793 -1.8128925561904907 
v 0.5758890509605408 0.316496342420578 -1.7909735441207886 
v 0.5609873533248901 0.24441081285476685 -1.8405869007110596 
v 0.565934956073761 0.23843297362327576 -1.8261492252349854 
v 0.5609873533248901 0.2088955044746399 -1.857780933380127 
v 0.565934956073761 0.23843297362327576 -1.8261492252349854 
v 0.5601627230644226 0.25038865208625793 -1.8550245761871338 
v 0.5609873533248901 0.2816843092441559 -1.8279865980148315 
v 0.5609873533248901 0.24441081285476685 -1.8405869007110596 
v 0.5758890509605408 0.35974767804145813 -1.7882171869277954 
v 0.5882580876350403 0.40440553426742554 -1.7804733514785767 
v 0.565934956073761 0.2778162956237793 -1.8128925561904907 
v 0.5601627230644226 0.21663151681423187 -1.8715624809265137 
v 0.5651103854179382 0.22401590645313263 -1.8839001655578613 
v 0.5601627230644226 0.25038865208625793 -1.8550245761871338 
v 0.5651103854179382 0.2560148239135742 -1.8684121370315552 
v 0.5601627230644226 0.2859039604663849 -1.8430806398391724 
v 0.5651103854179382 0.28942033648490906 -1.8567308187484741 
v 0.5601627230644226 0.2859039604663849 -1.8430806398391724 
v 0.5725906491279602 0.32599055767059326 -1.8634246587753296 
v 0.5725906491279602 0.29293668270111084 -1.8698559999465942 
v 0.5651103854179382 0.3242323696613312 -1.8501681089401245 
v 0.5651103854179382 0.35974767804145813 -1.8476744890213013 
v 0.5651103854179382 0.3242323696613312 -1.8501681089401245 
v 0.5601627230644226 0.35974767804145813 -1.833236575126648 
v 0.5651103854179382 0.35974767804145813 -1.8476744890213013 
v 0.5601627230644226 0.39702120423316956 -1.8357304334640503 
v 0.5601627230644226 0.35974767804145813 -1.833236575126648 
v 0.5609873533248901 0.39913100004196167 -1.8202427625656128 
v 0.5609873533248901 0.39913100004196167 -1.8202427625656128 
v 0.5609873533248901 0.35974767804145813 -1.8177489042282104 
v 0.5601627230644226 0.3224741816520691 -1.8357304334640503 
v 0.5609873533248901 0.3203643560409546 -1.8202427625656128 
v 0.565934956073761 0.40124082565307617 -1.8047550916671753 
v 0.5758890509605408 0.40299901366233826 -1.7909735441207886 
v 0.5758890509605408 0.35974767804145813 -1.7882171869277954 
v 0.5601627230644226 0.3224741816520691 -1.8357304334640503 
v 0.5758890509605408 0.40299901366233826 -1.7909735441207886 
v 0.565934956073761 0.35974767804145813 -1.802261233329773 
v 0.5609873533248901 0.39913100004196167 -1.8202427625656128 
v 0.5609873533248901 0.35974767804145813 -1.8177489042282104 
v 0.565934956073761 0.40124082565307617 -1.8047550916671753 
v 0.5601627230644226 0.4339430630207062 -1.8430806398391724 
v 0.5609873533248901 0.4378110468387604 -1.8279865980148315 
v 0.5609873533248901 0.5105998516082764 -1.8577808141708374 
v 0.5609873533248901 0.4750845432281494 -1.84058678150177 
v 0.565934956073761 0.5183358788490295 -1.8445242643356323 
v 0.5609873533248901 0.4378110468387604 -1.8279865980148315 
v 0.565934956073761 0.4420306980609894 -1.8128925561904907 
v 0.5758890509605408 0.44554704427719116 -1.7995048761367798 
v 0.5758890509605408 0.40299901366233826 -1.7909735441207886 
v 0.565934956073761 0.5183358788490295 -1.8445242643356323 
v 0.565934956073761 0.5527963042259216 -1.8676246404647827 
v 0.565934956073761 0.5840699672698975 -1.8950563669204712 
v 0.5758890509605408 0.5939158201217651 -1.8852125406265259 
v 0.565934956073761 0.5183358788490295 -1.8445242643356323 
v 0.5758890509605408 0.5612355470657349 -1.8564683198928833 
v 0.5758890509605408 0.5253686308860779 -1.8325804471969604 
v 0.565934956073761 0.4810623824596405 -1.8261491060256958 
v 0.5758890509605408 0.48633691668510437 -1.8135489225387573 
v 0.5882580876350403 0.5306431651115417 -1.8233927488327026 
v 0.5882580876350403 0.4905565679073334 -1.803704857826233 
v 0.5758890509605408 0.44554704427719116 -1.7995048761367798 
v 0.5758890509605408 0.5253686308860779 -1.8325804471969604 
v 0.5882580876350403 0.5679166913032532 -1.847936987876892 
v 0.5758890509605408 0.5612355470657349 -1.8564683198928833 
v 0.5758890509605408 0.5612355470657349 -1.8564683198928833 
v 0.5882580876350403 0.6013001799583435 -1.8774687051773071 
v 0.5758890509605408 0.5939158201217651 -1.8852125406265259 
v 0.5882580876350403 0.6308376789093018 -1.9113315343856812 
v 0.5758890509605408 0.6223984360694885 -1.91763174533844 
v 0.565934956073761 0.5840699672698975 -1.8950563669204712 
v 0.5609873533248901 0.599190354347229 -1.9356132745742798 
v 0.5609873533248901 0.573191225528717 -1.9059501886367798 
v 0.565934956073761 0.6115196347236633 -1.9260317087173462 
v 0.5758890509605408 0.6463097333908081 -1.9538573026657104 
v 0.565934956073761 0.6115196347236633 -1.9260317087173462 
v 0.565934956073761 0.6343540549278259 -1.960551142692566 
v 0.5609873533248901 0.6382220983505249 -2.003732919692993 
v 0.565934956073761 0.6526392102241516 -1.9978266954421997 
v 0.5609873533248901 0.6209918856620789 -1.9682949781417847 
v 0.565934956073761 0.6526392102241516 -1.9978266954421997 
v 0.565934956073761 0.6660013794898987 -2.0372021198272705 
v 0.5609873533248901 0.6512326598167419 -2.041008472442627 
v 0.5609873533248901 0.6382220983505249 -2.003732919692993 
v 0.565934956073761 0.6660013794898987 -2.0372021198272705 
v 0.565934956073761 0.6740890145301819 -2.077890157699585 
v 0.5609873533248901 0.6586170196533203 -2.0797278881073 
v 0.565934956073761 0.676902174949646 -2.11910343170166 
v 0.5758890509605408 0.6906160116195679 -2.11910343170166 
v 0.565934956073761 0.6660013794898987 -2.0372021198272705 
v 0.5758890509605408 0.6878028512001038 -2.0757901668548584 
v 0.5758890509605408 0.6906160116195679 -2.11910343170166 
v 0.5758890509605408 0.6878028512001038 -2.0757901668548584 
v 0.5882580876350403 0.7015167474746704 -2.11910343170166 
v 0.5758890509605408 0.6906160116195679 -2.11910343170166 
v 0.5882580876350403 0.6983519792556763 -2.163729190826416 
v 0.5609873533248901 0.5433021187782288 -1.8799623250961304 
v 0.5609873533248901 0.5105998516082764 -1.8577808141708374 
v 0.5609873533248901 0.599190354347229 -1.9356132745742798 
v 0.5601627230644226 0.6434966325759888 -2.0818278789520264 
v 0.5609873533248901 0.6614301204681396 -2.11910343170166 
v 0.5609873533248901 0.6586170196533203 -2.1584789752960205 
v 0.565934956073761 0.6740890741348267 -2.160578966140747 
v 0.5609873533248901 0.6586170196533203 -2.0797278881073 
v 0.5601627230644226 0.6361122727394104 -2.04520845413208 
v 0.5651103854179382 0.6220467686653137 -2.0487523078918457 
v 0.5651103854179382 0.6290795207023621 -2.083534002304077 
v 0.5601627230644226 0.6459581255912781 -2.11910343170166 
v 0.5609873533248901 0.6614301204681396 -2.11910343170166 
v 0.5609873533248901 0.6614301204681396 -2.11910343170166 
v 0.5609873533248901 0.6586170196533203 -2.1584789752960205 
v 0.5601627230644226 0.6434966325759888 -2.156378984451294 
v 0.5609873533248901 0.6512326598167419 -2.1971983909606934 
v 0.5609873533248901 0.6512326598167419 -2.1971983909606934 
v 0.565934956073761 0.6660014390945435 -2.2013983726501465 
v 0.565934956073761 0.6740890741348267 -2.160578966140747 
v 0.565934956073761 0.6660014390945435 -2.2013983726501465 
v 0.5758890509605408 0.6793636083602905 -2.204942226409912 
v 0.5758890509605408 0.6878029108047485 -2.162285327911377 
v 0.5758890509605408 0.6906160116195679 -2.11910343170166 
v 0.565934956073761 0.6526392102241516 -2.24038028717041 
v 0.565934956073761 0.6660014390945435 -2.2013983726501465 
v 0.565934956073761 0.6526392102241516 -2.24038028717041 
v 0.5758890509605408 0.6656497716903687 -2.2456302642822266 
v 0.5609873533248901 0.6382220983505249 -2.234473943710327 
v 0.5609873533248901 0.6209919452667236 -2.269912004470825 
v 0.565934956073761 0.6343541145324707 -2.277655839920044 
v 0.565934956073761 0.6343541145324707 -2.277655839920044 
v 0.565934956073761 0.6526392102241516 -2.24038028717041 
v 0.5601627230644226 0.624156653881073 -2.228436231613159 
v 0.5601627230644226 0.6361122727394104 -2.193260669708252 
v 0.5651103854179382 0.6220468282699585 -2.1894545555114746 
v 0.5651103854179382 0.6290795207023621 -2.154672622680664 
v 0.5651103854179382 0.6290795207023621 -2.154672622680664 
v 0.5725906491279602 0.6157393455505371 -2.1528353691101074 
v 0.5725906491279602 0.6090362668037415 -2.185910940170288 
v 0.5651103854179382 0.6108164191246033 -2.223186492919922 
v 0.5651103854179382 0.6290795207023621 -2.154672622680664 
v 0.5725906491279602 0.6178491711616516 -2.1191036701202393 
v 0.5725906491279602 0.6115196943283081 -2.1191036701202393 
v 0.5725906491279602 0.6093878746032715 -2.0864219665527344 
v 0.5725906491279602 0.6034100651741028 -2.087078094482422 
v 0.5725906491279602 0.5970805883407593 -2.0554463863372803 
v 0.5725906491279602 0.6055198907852173 -2.1191036701202393 
v 0.5725906491279602 0.6093878746032715 -2.15217924118042 
v 0.5725906491279602 0.6157393455505371 -2.1528353691101074 
v 0.5725906491279602 0.6034100651741028 -2.1511290073394775 
v 0.5725906491279602 0.602706789970398 -2.184204578399658 
v 0.5725906491279602 0.5970805883407593 -2.1827609539031982 
v 0.5725906491279602 0.6157393455505371 -2.1528353691101074 
v 0.5725906491279602 0.5981355309486389 -2.2179362773895264 
v 0.5725906491279602 0.6090362668037415 -2.185910940170288 
v 0.5725906491279602 0.5921577215194702 -2.215442657470703 
v 0.5725906491279602 0.5833667516708374 -2.248124361038208 
v 0.5651103854179382 0.5949708223342896 -2.2548182010650635 
v 0.5651103854179382 0.5753011107444763 -2.2843499183654785 
v 0.5601627230644226 0.5865315198898315 -2.2931437492370605 
v 0.5725906491279602 0.602706789970398 -2.184204578399658 
v 0.5725906491279602 0.5981355309486389 -2.2179362773895264 
v 0.5601627230644226 0.6076297163963318 -2.2621684074401855 
v 0.5609873533248901 0.6209919452667236 -2.269912004470825 
v 0.5609873533248901 0.6382220983505249 -2.234473943710327 
v 0.5609873533248901 0.6209919452667236 -2.269912004470825 
v 0.5609873533248901 0.5991904139518738 -2.302593946456909 
v 0.5609873533248901 0.5731912851333618 -2.332519292831421 
v 0.5725906491279602 0.5644003748893738 -2.276212215423584 
v 0.5651103854179382 0.5753011107444763 -2.2843499183654785 
v 0.5651103854179382 0.5517414808273315 -2.3111252784729004 
v 0.5725906491279602 0.5644003748893738 -2.276212215423584 
v 0.5601627230644226 0.5338079929351807 -2.345907211303711 
v 0.5651103854179382 0.5250170826911926 -2.3346195220947266 
v 0.5601627230644226 0.6076297163963318 -2.2621684074401855 
v 0.5601627230644226 0.5865315198898315 -2.2931437492370605 
v 0.5601627230644226 0.5619389414787292 -2.3212316036224365 
v 0.5609873533248901 0.5731912851333618 -2.332519292831421 
v 0.5601627230644226 0.5619389414787292 -2.3212316036224365 
v 0.5601627230644226 0.5338079929351807 -2.345907211303711 
v 0.5609873533248901 0.5433021783828735 -2.3585073947906494 
v 0.5609873533248901 0.5105999708175659 -2.3802950382232666 
v 0.5609873533248901 0.5433021783828735 -2.3585073947906494 
v 0.5609873533248901 0.5731912851333618 -2.332519292831421 
v 0.565934956073761 0.5527963638305664 -2.370845079421997 
v 0.5609873533248901 0.5731912851333618 -2.332519292831421 
v 0.565934956073761 0.5527963638305664 -2.370845079421997 
v 0.565934956073761 0.5183359980583191 -2.3936827182769775 
v 0.5758890509605408 0.4863370358943939 -2.4250521659851074 
v 0.5758890509605408 0.5253686904907227 -2.4056267738342285 
v 0.565934956073761 0.48106247186660767 -2.412058115005493 
v 0.5758890509605408 0.4863370358943939 -2.4250521659851074 
v 0.5758890509605408 0.5253686904907227 -2.4056267738342285 
v 0.565934956073761 0.5527963638305664 -2.370845079421997 
v 0.5758890509605408 0.5612356662750244 -2.3817389011383057 
v 0.565934956073761 0.584070086479187 -2.3434133529663086 
v 0.5758890509605408 0.5612356662750244 -2.3817389011383057 
v 0.5758890509605408 0.5253686904907227 -2.4056267738342285 
v 0.5758890509605408 0.5939158797264099 -2.353257179260254 
v 0.565934956073761 0.6115196943283081 -2.3121752738952637 
v 0.5758890509605408 0.5939158797264099 -2.353257179260254 
v 0.565934956073761 0.6343541145324707 -2.277655839920044 
v 0.5609873533248901 0.5991904139518738 -2.302593946456909 
v 0.565934956073761 0.584070086479187 -2.3434133529663086 
v 0.565934956073761 0.584070086479187 -2.3434133529663086 
v 0.5758890509605408 0.5939158797264099 -2.353257179260254 
v 0.5758890509605408 0.6223984956741333 -2.32057523727417 
v 0.5758890509605408 0.6463097929954529 -2.284743309020996 
v 0.565934956073761 0.6526392102241516 -2.24038028717041 
v 0.5758890509605408 0.6656497716903687 -2.2456302642822266 
v 0.5758890509605408 0.6463097929954529 -2.284743309020996 
v 0.5882580876350403 0.6558039784431458 -2.2899935245513916 
v 0.5882580876350403 0.6308377385139465 -2.3272690773010254 
v 0.5758890509605408 0.6223984956741333 -2.32057523727417 
v 0.5882580876350403 0.6013002991676331 -2.360607385635376 
v 0.5882580876350403 0.567916750907898 -2.390139102935791 
v 0.5882580876350403 0.567916750907898 -2.390139102935791 
v 0.5758890509605408 0.5612356662750244 -2.3817389011383057 
v 0.5882580876350403 0.5306432843208313 -2.415208101272583 
v 0.5758890509605408 0.5253686904907227 -2.4056267738342285 
v 0.5758890509605408 0.5253686904907227 -2.4056267738342285 
v 0.5882580876350403 0.49055665731430054 -2.4348959922790527 
v 0.5758890509605408 0.4863370358943939 -2.4250521659851074 
v 0.5882580876350403 0.44836026430130005 -2.449202299118042 
v 0.5758890509605408 0.4455471634864807 -2.438702344894409 
v 0.5882580876350403 0.4044056534767151 -2.4577338695526123 
v 0.5758890509605408 0.4029991030693054 -2.4471023082733154 
v 0.5758890509605408 0.4029991030693054 -2.4471023082733154 
v 0.5882580876350403 0.3597477674484253 -2.460883855819702 
v 0.5758890509605408 0.3597477674484253 -2.4499900341033936 
v 0.5882580876350403 0.3150899112224579 -2.4577338695526123 
v 0.5758890509605408 0.23315854370594025 -2.4250521659851074 
v 0.5758890509605408 0.2743000388145447 -2.438702344894409 
v 0.5882580876350403 0.22893889248371124 -2.4348959922790527 
v 0.5882580876350403 0.27148693799972534 -2.449202299118042 
v 0.5758890509605408 0.31649646162986755 -2.4471023082733154 
v 0.5882580876350403 0.3150899112224579 -2.4577338695526123 
v 0.565934956073761 0.3597477674484253 -2.436208486557007 
v 0.565934956073761 0.31860628724098206 -2.4334521293640137 
v 0.5609873533248901 0.3597477674484253 -2.4207208156585693 
v 0.565934956073761 0.27781638503074646 -2.4253146648406982 
v 0.565934956073761 0.3597477674484253 -2.436208486557007 
v 0.5609873533248901 0.39913108944892883 -2.417964458465576 
v 0.5609873533248901 0.43781113624572754 -2.410614252090454 
v 0.565934956073761 0.40124091506004333 -2.4334521293640137 
v 0.5601627230644226 0.3970212936401367 -2.4028704166412354 
v 0.5601627230644226 0.43394315242767334 -2.3955204486846924 
v 0.5609873533248901 0.3597477674484253 -2.4207208156585693 
v 0.5609873533248901 0.39913108944892883 -2.417964458465576 
v 0.5601627230644226 0.3597477674484253 -2.4053642749786377 
v 0.5609873533248901 0.3597477674484253 -2.4207208156585693 
v 0.5609873533248901 0.32036444544792175 -2.417964458465576 
v 0.5609873533248901 0.3597477674484253 -2.4207208156585693 
v 0.565934956073761 0.27781638503074646 -2.4253146648406982 
v 0.565934956073761 0.31860628724098206 -2.4334521293640137 
v 0.565934956073761 0.23843306303024292 -2.412058115005493 
v 0.5609873533248901 0.28168439865112305 -2.410614252090454 
v 0.5609873533248901 0.244410902261734 -2.397620439529419 
v 0.565934956073761 0.23843306303024292 -2.412058115005493 
v 0.565934956073761 0.20115956664085388 -2.3936827182769775 
v 0.565934956073761 0.27781638503074646 -2.4253146648406982 
v 0.5609873533248901 0.32036444544792175 -2.417964458465576 
v 0.5601627230644226 0.32247427105903625 -2.4028704166412354 
v 0.5609873533248901 0.28168439865112305 -2.410614252090454 
v 0.5609873533248901 0.32036444544792175 -2.417964458465576 
v 0.5601627230644226 0.3597477674484253 -2.4053642749786377 
v 0.5651103854179382 0.3597477674484253 -2.3905327320098877 
v 0.5725906491279602 0.39350491762161255 -2.37504506111145 
v 0.5651103854179382 0.39526310563087463 -2.388432741165161 
v 0.5601627230644226 0.3597477674484253 -2.4053642749786377 
v 0.5651103854179382 0.39526310563087463 -2.388432741165161 
v 0.5651103854179382 0.43007513880729675 -2.38134503364563 
v 0.5725906491279602 0.4265587627887726 -2.3683512210845947 
v 0.5725906491279602 0.4248005747795105 -2.362051010131836 
v 0.5725906491279602 0.3928016126155853 -2.3687448501586914 
v 0.5725906491279602 0.42339402437210083 -2.3564071655273438 
v 0.5725906491279602 0.4536347985267639 -2.345907211303711 
v 0.5725906491279602 0.45609626173973083 -2.351550817489624 
v 0.5725906491279602 0.48246902227401733 -2.3318631649017334 
v 0.5725906491279602 0.3597477674484253 -2.3771450519561768 
v 0.5725906491279602 0.4265587627887726 -2.3683512210845947 
v 0.5725906491279602 0.48879846930503845 -2.342756986618042 
v 0.5725906491279602 0.4856337308883667 -2.33711314201355 
v 0.5725906491279602 0.5130614042282104 -2.318869113922119 
v 0.5725906491279602 0.5091934204101562 -2.3138816356658936 
v 0.5725906491279602 0.5334563255310059 -2.292750120162964 
v 0.5725906491279602 0.5376759767532349 -2.296950101852417 
v 0.5725906491279602 0.5545545220375061 -2.2684683799743652 
v 0.5725906491279602 0.5594774484634399 -2.2724058628082275 
v 0.5725906491279602 0.48246902227401733 -2.3318631649017334 
v 0.5725906491279602 0.45855769515037537 -2.357457160949707 
v 0.5725906491279602 0.5594774484634399 -2.2724058628082275 
v 0.5725906491279602 0.572488009929657 -2.241824150085449 
v 0.5725906491279602 0.5970805883407593 -2.1827609539031982 
v 0.5725906491279602 0.5865315198898315 -2.212948799133301 
v 0.5725906491279602 0.5777625441551208 -2.244974374771118 
v 0.5725906491279602 0.5594774484634399 -2.2724058628082275 
v 0.5725906491279602 0.5833667516708374 -2.248124361038208 
v 0.5725906491279602 0.5422472357749939 -2.301543951034546 
v 0.5725906491279602 0.5422472357749939 -2.301543951034546 
v 0.5725906491279602 0.5169293880462646 -2.323725461959839 
v 0.5725906491279602 0.5422472357749939 -2.301543951034546 
v 0.5651103854179382 0.5250170826911926 -2.3346195220947266 
v 0.5651103854179382 0.4954795837402344 -2.354307174682617 
v 0.5651103854179382 0.5250170826911926 -2.3346195220947266 
v 0.5725906491279602 0.5169293880462646 -2.323725461959839 
v 0.5725906491279602 0.48879846930503845 -2.342756986618042 
v 0.5725906491279602 0.5169293880462646 -2.323725461959839 
v 0.5651103854179382 0.4954795837402344 -2.354307174682617 
v 0.5651103854179382 0.4638322591781616 -2.3701887130737305 
v 0.5651103854179382 0.43007513880729675 -2.38134503364563 
v 0.5651103854179382 0.4638322591781616 -2.3701887130737305 
v 0.5725906491279602 0.45855769515037537 -2.357457160949707 
v 0.5601627230644226 0.3597477674484253 -2.4053642749786377 
v 0.5601627230644226 0.3970212936401367 -2.4028704166412354 
v 0.5651103854179382 0.4638322591781616 -2.3701887130737305 
v 0.5601627230644226 0.4691068232059479 -2.3835763931274414 
v 0.5609873533248901 0.43781113624572754 -2.410614252090454 
v 0.5609873533248901 0.39913108944892883 -2.417964458465576 
v 0.5609873533248901 0.43781113624572754 -2.410614252090454 
v 0.5609873533248901 0.4750846326351166 -2.397620439529419 
v 0.5609873533248901 0.4750846326351166 -2.397620439529419 
v 0.5601627230644226 0.5028639435768127 -2.3670387268066406 
v 0.5651103854179382 0.4954795837402344 -2.354307174682617 
v 0.5609873533248901 0.5105999708175659 -2.3802950382232666 
v 0.5601627230644226 0.4691068232059479 -2.3835763931274414 
v 0.5609873533248901 0.5105999708175659 -2.3802950382232666 
v 0.5609873533248901 0.4750846326351166 -2.397620439529419 
v 0.5725906491279602 0.5422472357749939 -2.301543951034546 
v 0.5651103854179382 0.5517414808273315 -2.3111252784729004 
v 0.5725906491279602 0.5644003748893738 -2.276212215423584 
v 0.5651103854179382 0.5517414808273315 -2.3111252784729004 
v 0.5609873533248901 0.5105999708175659 -2.3802950382232666 
v 0.565934956073761 0.48106247186660767 -2.412058115005493 
v 0.565934956073761 0.5183359980583191 -2.3936827182769775 
v 0.5609873533248901 0.5433021783828735 -2.3585073947906494 
v 0.565934956073761 0.5183359980583191 -2.3936827182769775 
v 0.5758890509605408 0.4455471634864807 -2.438702344894409 
v 0.5758890509605408 0.4029991030693054 -2.4471023082733154 
v 0.565934956073761 0.40124091506004333 -2.4334521293640137 
v 0.565934956073761 0.44203078746795654 -2.4253146648406982 
v 0.5609873533248901 0.43781113624572754 -2.410614252090454 
v 0.5758890509605408 0.3597477674484253 -2.4499900341033936 
v 0.5758890509605408 0.3597477674484253 -2.4499900341033936 
v 0.5882580876350403 0.2714868485927582 -1.7892671823501587 
v 0.5882580876350403 0.22893878817558289 -1.8037049770355225 
v 0.5758890509605408 0.19447839260101318 -1.83258056640625 
v 0.565934956073761 0.23843297362327576 -1.8261492252349854 
v 0.565934956073761 0.20115947723388672 -1.8445243835449219 
v 0.5758890509605408 0.2331584393978119 -1.8135490417480469 
v 0.5758890509605408 0.19447839260101318 -1.83258056640625 
v 0.565934956073761 0.16672104597091675 -1.8676247596740723 
v 0.5882580876350403 0.22893878817558289 -1.8037049770355225 
v 0.5882580876350403 0.18887418508529663 -1.8233928680419922 
v 0.5758890509605408 0.15828177332878113 -1.8564684391021729 
v 0.5882580876350403 0.15195229649543762 -1.8479371070861816 
v 0.5758890509605408 0.15828177332878113 -1.8564684391021729 
v 0.5758890509605408 0.12593118846416473 -1.8852126598358154 
v 0.5882580876350403 0.15195229649543762 -1.8479371070861816 
v 0.5882580876350403 0.11819518357515335 -1.8774688243865967 
v 0.5758890509605408 0.0970969945192337 -1.9176318645477295 
v 0.565934956073761 0.10834936797618866 -1.9260318279266357 
v 0.5758890509605408 0.12593118846416473 -1.8852126598358154 
v 0.565934956073761 0.1357770413160324 -1.8950564861297607 
v 0.5758890509605408 0.12593118846416473 -1.8852126598358154 
v 0.5758890509605408 0.15828177332878113 -1.8564684391021729 
v 0.5758890509605408 0.15828177332878113 -1.8564684391021729 
v 0.5609873533248901 0.1762152761220932 -1.87996244430542 
v 0.565934956073761 0.20115947723388672 -1.8445243835449219 
v 0.5609873533248901 0.14667777717113495 -1.9059503078460693 
v 0.565934956073761 0.16672104597091675 -1.8676247596740723 
v 0.5609873533248901 0.2088955044746399 -1.857780933380127 
v 0.565934956073761 0.20115947723388672 -1.8445243835449219 
v 0.565934956073761 0.20115947723388672 -1.8445243835449219 
v 0.5601627230644226 0.21663151681423187 -1.8715624809265137 
v 0.5601627230644226 0.18570946156978607 -1.8923001289367676 
v 0.5651103854179382 0.19447840750217438 -1.9038503170013428 
v 0.5651103854179382 0.1677759736776352 -1.9270820617675781 
v 0.5601627230644226 0.1575785130262375 -1.916975498199463 
v 0.5609873533248901 0.24441081285476685 -1.8405869007110596 
v 0.5609873533248901 0.2088955044746399 -1.857780933380127 
v 0.5609873533248901 0.1762152761220932 -1.87996244430542 
v 0.5601627230644226 0.1575785130262375 -1.916975498199463 
v 0.5725906491279602 0.15511706471443176 -1.9618637561798096 
v 0.5651103854179382 0.14456795156002045 -1.953857421875 
v 0.5601627230644226 0.1575785130262375 -1.916975498199463 
v 0.5651103854179382 0.14456795156002045 -1.953857421875 
v 0.5609873533248901 0.14667777717113495 -1.9059503078460693 
v 0.565934956073761 0.16672104597091675 -1.8676247596740723 
v 0.5609873533248901 0.12065665423870087 -1.9356133937835693 
v 0.565934956073761 0.1357770413160324 -1.8950564861297607 
v 0.565934956073761 0.1357770413160324 -1.8950564861297607 
v 0.565934956073761 0.10834936797618866 -1.9260318279266357 
v 0.5609873533248901 0.09850355237722397 -1.9682950973510742 
v 0.565934956073761 0.10834936797618866 -1.9260318279266357 
v 0.565934956073761 0.08514135330915451 -1.9605512619018555 
v 0.5609873533248901 0.08127334713935852 -2.0037331581115723 
v 0.565934956073761 0.08514135330915451 -1.9605512619018555 
v 0.565934956073761 0.10834936797618866 -1.9260318279266357 
v 0.5609873533248901 0.14667777717113495 -1.9059503078460693 
v 0.5601627230644226 0.13296394050121307 -1.945063591003418 
v 0.5609873533248901 0.14667777717113495 -1.9059503078460693 
v 0.5609873533248901 0.12065665423870087 -1.9356133937835693 
v 0.5601627230644226 0.11221738904714584 -1.976038932800293 
v 0.5609873533248901 0.09850355237722397 -1.9682950973510742 
v 0.5601627230644226 0.09569045901298523 -2.009770631790161 
v 0.5651103854179382 0.10905265808105469 -2.0154144763946533 
v 0.5651103854179382 0.12452468276023865 -1.983389139175415 
v 0.5601627230644226 0.1575785130262375 -1.916975498199463 
v 0.5651103854179382 0.12452468276023865 -1.983389139175415 
v 0.5725906491279602 0.13648033142089844 -1.9900829792022705 
v 0.5725906491279602 0.1417548656463623 -1.9932329654693604 
v 0.5725906491279602 0.1600399911403656 -1.9661951065063477 
v 0.5725906491279602 0.17727018892765045 -1.9366633892059326 
v 0.5725906491279602 0.15511706471443176 -1.9618637561798096 
v 0.5651103854179382 0.1677759736776352 -1.9270820617675781 
v 0.5651103854179382 0.19447840750217438 -1.9038503170013428 
v 0.5651103854179382 0.1677759736776352 -1.9270820617675781 
v 0.5725906491279602 0.20256604254245758 -1.9144818782806396 
v 0.5601627230644226 0.21663151681423187 -1.8715624809265137 
v 0.5651103854179382 0.19447840750217438 -1.9038503170013428 
v 0.5725906491279602 0.23069699108600616 -1.8958439826965332 
v 0.5725906491279602 0.20256604254245758 -1.9144818782806396 
v 0.5725906491279602 0.17727018892765045 -1.9366633892059326 
v 0.5725906491279602 0.18184144794940948 -1.9411258697509766 
v 0.5725906491279602 0.20678569376468658 -1.9193379878997803 
v 0.5725906491279602 0.1860610991716385 -1.9454572200775146 
v 0.5725906491279602 0.21030206978321075 -1.924325704574585 
v 0.5725906491279602 0.23386172950267792 -1.9010939598083496 
v 0.5725906491279602 0.23702646791934967 -1.9063441753387451 
v 0.5725906491279602 0.263399213552475 -1.8866561651229858 
v 0.5725906491279602 0.26093775033950806 -1.8807498216629028 
v 0.5725906491279602 0.26093775033950806 -1.8807498216629028 
v 0.5725906491279602 0.16496288776397705 -1.9696075916290283 
v 0.5725906491279602 0.1600399911403656 -1.9661951065063477 
v 0.5725906491279602 0.17727018892765045 -1.9366633892059326 
v 0.5651103854179382 0.2560148239135742 -1.8684121370315552 
v 0.5725906491279602 0.23069699108600616 -1.8958439826965332 
v 0.5651103854179382 0.22401590645313263 -1.8839001655578613 
v 0.5725906491279602 0.2658606469631195 -1.892300009727478 
v 0.5725906491279602 0.2946948707103729 -1.876155972480774 
v 0.5725906491279602 0.2961014211177826 -1.882062315940857 
v 0.5725906491279602 0.3270454704761505 -1.8698559999465942 
v 0.5725906491279602 0.32774874567985535 -1.8757623434066772 
v 0.5725906491279602 0.35974767804145813 -1.8676246404647827 
v 0.5725906491279602 0.35974767804145813 -1.8736623525619507 
v 0.5725906491279602 0.39280155301094055 -1.8698559999465942 
v 0.5725906491279602 0.3917466402053833 -1.8757623434066772 
v 0.5725906491279602 0.4248005151748657 -1.876155972480774 
v 0.5725906491279602 0.42339396476745605 -1.882062315940857 
v 0.5725906491279602 0.45609617233276367 -1.8866561651229858 
v 0.5725906491279602 0.45363470911979675 -1.892300009727478 
v 0.5725906491279602 0.4856336712837219 -1.90109384059906 
v 0.5725906491279602 0.48246893286705017 -1.9063440561294556 
v 0.5725906491279602 0.5130613446235657 -1.9193378686904907 
v 0.5725906491279602 0.5169293284416199 -1.91448175907135 
v 0.5725906491279602 0.5422471761703491 -1.936663269996643 
v 0.5725906491279602 0.5376759171485901 -1.941125750541687 
v 0.5725906491279602 0.5091933608055115 -1.9243255853652954 
v 0.5725906491279602 0.5334562659263611 -1.945457100868225 
v 0.5725906491279602 0.3935048282146454 -1.8634246587753296 
v 0.5725906491279602 0.4887984097003937 -1.8958438634872437 
v 0.5725906491279602 0.5130613446235657 -1.9193378686904907 
v 0.5725906491279602 0.5594773888587952 -1.966194987297058 
v 0.5725906491279602 0.5376759171485901 -1.941125750541687 
v 0.5725906491279602 0.5545545220375061 -1.9696074724197388 
v 0.5725906491279602 0.5594773888587952 -1.966194987297058 
v 0.5725906491279602 0.35974767804145813 -1.8610621690750122 
v 0.5725906491279602 0.3935048282146454 -1.8634246587753296 
v 0.5725906491279602 0.5724879503250122 -1.9963828325271606 
v 0.5725906491279602 0.5921576619148254 -2.0227646827697754 
v 0.5725906491279602 0.5777625441551208 -1.9932328462600708 
v 0.5725906491279602 0.5865314602851868 -2.0252585411071777 
v 0.5725906491279602 0.602706789970398 -2.0540027618408203 
v 0.5725906491279602 0.564400315284729 -1.96186363697052 
v 0.5725906491279602 0.5833886861801147 -1.990082859992981 
v 0.5725906491279602 0.5777625441551208 -1.9932328462600708 
v 0.5725906491279602 0.5921576619148254 -2.0227646827697754 
v 0.5725906491279602 0.6157392859458923 -2.085371971130371 
v 0.5651103854179382 0.6311893463134766 -2.11910343170166 
v 0.5651103854179382 0.6290795207023621 -2.083534002304077 
v 0.5725906491279602 0.6090362071990967 -2.0522964000701904 
v 0.5651103854179382 0.6290795207023621 -2.083534002304077 
v 0.5725906491279602 0.6090362071990967 -2.0522964000701904 
v 0.5725906491279602 0.5981354713439941 -2.020270824432373 
v 0.5725906491279602 0.5833886861801147 -1.990082859992981 
v 0.5725906491279602 0.5981354713439941 -2.020270824432373 
v 0.5651103854179382 0.6311893463134766 -2.11910343170166 
v 0.5725906491279602 0.5981354713439941 -2.020270824432373 
v 0.5651103854179382 0.6108164191246033 -2.0154144763946533 
v 0.5725906491279602 0.6090362071990967 -2.0522964000701904 
v 0.5651103854179382 0.6290795207023621 -2.083534002304077 
v 0.5601627230644226 0.6361122727394104 -2.04520845413208 
v 0.5651103854179382 0.6108164191246033 -2.0154144763946533 
v 0.5651103854179382 0.6108164191246033 -2.0154144763946533 
v 0.5651103854179382 0.5949707627296448 -1.9833890199661255 
v 0.5725906491279602 0.564400315284729 -1.96186363697052 
v 0.5651103854179382 0.5949707627296448 -1.9833890199661255 
v 0.5725906491279602 0.5169293284416199 -1.91448175907135 
v 0.5651103854179382 0.5517414212226868 -1.9270819425582886 
v 0.5651103854179382 0.5753010511398315 -1.9538573026657104 
v 0.5601627230644226 0.5865314602851868 -1.9450634717941284 
v 0.5601627230644226 0.607629656791687 -1.9760388135910034 
v 0.5601627230644226 0.6241565942764282 -2.009770393371582 
v 0.5601627230644226 0.5865314602851868 -1.9450634717941284 
v 0.5601627230644226 0.607629656791687 -1.9760388135910034 
v 0.5601627230644226 0.5619388818740845 -1.9169753789901733 
v 0.5725906491279602 0.5169293284416199 -1.91448175907135 
v 0.5651103854179382 0.5250169634819031 -1.9038501977920532 
v 0.5601627230644226 0.5619388818740845 -1.9169753789901733 
v 0.5601627230644226 0.5619388818740845 -1.9169753789901733 
v 0.5609873533248901 0.599190354347229 -1.9356132745742798 
v 0.5609873533248901 0.6209918856620789 -1.9682949781417847 
v 0.5601627230644226 0.607629656791687 -1.9760388135910034 
v 0.5609873533248901 0.6382220983505249 -2.003732919692993 
v 0.5609873533248901 0.6382220983505249 -2.003732919692993 
v 0.5609873533248901 0.6512326598167419 -2.041008472442627 
v 0.5651103854179382 0.6108164191246033 -2.0154144763946533 
v 0.5601627230644226 0.6241565942764282 -2.009770393371582 
v 0.5651103854179382 0.5949707627296448 -1.9833890199661255 
v 0.5609873533248901 0.6586170196533203 -2.0797278881073 
v 0.5609873533248901 0.6512326598167419 -2.041008472442627 
v 0.5609873533248901 0.6614301204681396 -2.11910343170166 
v 0.565934956073761 0.676902174949646 -2.11910343170166 
v 0.565934956073761 0.676902174949646 -2.11910343170166 
v 0.5882580876350403 0.0886576920747757 -1.9113316535949707 
v 0.5882580876350403 0.11819518357515335 -1.8774688243865967 
v 0.5758890509605408 0.0970969945192337 -1.9176318645477295 
v 0.5758890509605408 0.0970969945192337 -1.9176318645477295 
v 0.5758890509605408 0.07318567484617233 -1.953857421875 
v 0.565934956073761 0.08514135330915451 -1.9605512619018555 
v 0.565934956073761 0.06685623526573181 -1.9978268146514893 
v 0.5758890509605408 0.05419730767607689 -1.9925765991210938 
v 0.5882580876350403 0.06404312700033188 -1.9482135772705078 
v 0.5758890509605408 0.0970969945192337 -1.9176318645477295 
v 0.565934956073761 0.05349403992295265 -2.0372023582458496 
v 0.5758890509605408 0.05419730767607689 -1.9925765991210938 
v 0.5609873533248901 0.0686144307255745 -2.041008710861206 
v 0.565934956073761 0.05349403992295265 -2.0372023582458496 
v 0.5609873533248901 0.06087840721011162 -2.079728126525879 
v 0.565934956073761 0.05349403992295265 -2.0372023582458496 
v 0.565934956073761 0.05349403992295265 -2.0372023582458496 
v 0.565934956073761 0.045406412333250046 -2.077890396118164 
v 0.5609873533248901 0.058416981250047684 -2.1191036701202393 
v 0.565934956073761 0.045406412333250046 -2.077890396118164 
v 0.565934956073761 0.042944956570863724 -2.1191036701202393 
v 0.5609873533248901 0.06087842211127281 -2.1584792137145996 
v 0.565934956073761 0.042944956570863724 -2.1191036701202393 
v 0.565934956073761 0.045406412333250046 -2.077890396118164 
v 0.5758890509605408 0.040131840854883194 -2.033658504486084 
v 0.5758890509605408 0.03169257566332817 -2.0757904052734375 
v 0.5758890509605408 0.040131840854883194 -2.033658504486084 
v 0.5882580876350403 0.0299343504011631 -2.03090238571167 
v 0.5882580876350403 0.02114344760775566 -2.0744779109954834 
v 0.5758890509605408 0.028879482299089432 -2.1191036701202393 
v 0.565934956073761 0.042944956570863724 -2.1191036701202393 
v 0.5758890509605408 0.03169257566332817 -2.0757904052734375 
v 0.565934956073761 0.045406412333250046 -2.077890396118164 
v 0.5758890509605408 0.03169257566332817 -2.0757904052734375 
v 0.5882580876350403 0.02114344760775566 -2.0744779109954834 
v 0.5882580876350403 0.018330354243516922 -2.1191036701202393 
v 0.5758890509605408 0.031692590564489365 -2.162285566329956 
v 0.565934956073761 0.04540642723441124 -2.160579204559326 
v 0.5882580876350403 0.021143462508916855 -2.163729429244995 
v 0.5882580876350403 0.018330354243516922 -2.1191036701202393 
v 0.5758890509605408 0.04013187065720558 -2.204942464828491 
v 0.5758890509605408 0.031692590564489365 -2.162285566329956 
v 0.565934956073761 0.05349406972527504 -2.2013986110687256 
v 0.5882580876350403 0.02993438020348549 -2.2076988220214844 
v 0.5758890509605408 0.05419734865427017 -2.2456305027008057 
v 0.565934956073761 0.0668562725186348 -2.2403805255889893 
v 0.565934956073761 0.08514140546321869 -2.277656078338623 
v 0.5758890509605408 0.07318572700023651 -2.284743547439575 
v 0.5882580876350403 0.04435152933001518 -2.249830722808838 
v 0.5758890509605408 0.05419734865427017 -2.2456305027008057 
v 0.5882580876350403 0.06404317915439606 -2.2899937629699707 
v 0.5758890509605408 0.09709706157445908 -2.320575475692749 
v 0.565934956073761 0.10834943503141403 -2.3121752738952637 
v 0.5882580876350403 0.06404317915439606 -2.2899937629699707 
v 0.5882580876350403 0.08865775913000107 -2.3272693157196045 
v 0.5758890509605408 0.1259312629699707 -2.353257179260254 
v 0.5882580876350403 0.08865775913000107 -2.3272693157196045 
v 0.5882580876350403 0.11819526553153992 -2.360607385635376 
v 0.5758890509605408 0.1582818627357483 -2.3817389011383057 
v 0.565934956073761 0.1667211353778839 -2.370845079421997 
v 0.5882580876350403 0.11819526553153992 -2.360607385635376 
v 0.5882580876350403 0.15195238590240479 -2.390139102935791 
v 0.5758890509605408 0.19447848200798035 -2.4056267738342285 
v 0.565934956073761 0.20115956664085388 -2.3936827182769775 
v 0.5758890509605408 0.1582818627357483 -2.3817389011383057 
v 0.5758890509605408 0.1582818627357483 -2.3817389011383057 
v 0.5609873533248901 0.20889559388160706 -2.3802950382232666 
v 0.5609873533248901 0.244410902261734 -2.397620439529419 
v 0.5882580876350403 0.1888742744922638 -2.415208101272583 
v 0.5758890509605408 0.23315854370594025 -2.4250521659851074 
v 0.5882580876350403 0.1888742744922638 -2.415208101272583 
v 0.565934956073761 0.27781638503074646 -2.4253146648406982 
v 0.5758890509605408 0.23315854370594025 -2.4250521659851074 
v 0.5758890509605408 0.19447848200798035 -2.4056267738342285 
v 0.565934956073761 0.20115956664085388 -2.3936827182769775 
v 0.5882580876350403 0.15195238590240479 -2.390139102935791 
v 0.5758890509605408 0.1259312629699707 -2.353257179260254 
v 0.565934956073761 0.13577711582183838 -2.3434133529663086 
v 0.5609873533248901 0.17621535062789917 -2.3585073947906494 
v 0.5609873533248901 0.20889559388160706 -2.3802950382232666 
v 0.5609873533248901 0.14667785167694092 -2.332519292831421 
v 0.5758890509605408 0.09709706157445908 -2.320575475692749 
v 0.5758890509605408 0.09709706157445908 -2.320575475692749 
v 0.565934956073761 0.08514140546321869 -2.277656078338623 
v 0.5758890509605408 0.07318572700023651 -2.284743547439575 
v 0.5609873533248901 0.09850360453128815 -2.2699122428894043 
v 0.565934956073761 0.0668562725186348 -2.2403805255889893 
v 0.565934956073761 0.08514140546321869 -2.277656078338623 
v 0.5609873533248901 0.12065671384334564 -2.302593946456909 
v 0.5601627230644226 0.13296400010585785 -2.2931437492370605 
v 0.5609873533248901 0.12065671384334564 -2.302593946456909 
v 0.5609873533248901 0.12065671384334564 -2.302593946456909 
v 0.5601627230644226 0.15757857263088226 -2.3212316036224365 
v 0.5601627230644226 0.11221744120121002 -2.2621684074401855 
v 0.5609873533248901 0.09850360453128815 -2.2699122428894043 
v 0.565934956073761 0.0668562725186348 -2.2403805255889893 
v 0.5609873533248901 0.0812733843922615 -2.2344741821289062 
v 0.565934956073761 0.05349406972527504 -2.2013986110687256 
v 0.5609873533248901 0.06861445307731628 -2.1971986293792725 
v 0.5758890509605408 0.04013187065720558 -2.204942464828491 
v 0.5601627230644226 0.09569049626588821 -2.2284364700317383 
v 0.5609873533248901 0.06861445307731628 -2.1971986293792725 
v 0.5609873533248901 0.0812733843922615 -2.2344741821289062 
v 0.5601627230644226 0.08373484015464783 -2.193260908126831 
v 0.5609873533248901 0.06861445307731628 -2.1971986293792725 
v 0.5609873533248901 0.06861445307731628 -2.1971986293792725 
v 0.5609873533248901 0.06087842211127281 -2.1584792137145996 
v 0.5601627230644226 0.07635044306516647 -2.156379222869873 
v 0.5651103854179382 0.0974486768245697 -2.1894547939300537 
v 0.5651103854179382 0.10905269533395767 -2.223186492919922 
v 0.5601627230644226 0.09569049626588821 -2.2284364700317383 
v 0.5601627230644226 0.11221744120121002 -2.2621684074401855 
v 0.5651103854179382 0.12452472001314163 -2.2548182010650635 
v 0.5601627230644226 0.09569049626588821 -2.2284364700317383 
v 0.5725906491279602 0.13648037612438202 -2.248124361038208 
v 0.5725906491279602 0.15511710941791534 -2.276212215423584 
v 0.5725906491279602 0.15511710941791534 -2.276212215423584 
v 0.5651103854179382 0.14456801116466522 -2.2843499183654785 
v 0.5651103854179382 0.14456801116466522 -2.2843499183654785 
v 0.5601627230644226 0.13296400010585785 -2.2931437492370605 
v 0.5651103854179382 0.16777603328227997 -2.3111252784729004 
v 0.5601627230644226 0.15757857263088226 -2.3212316036224365 
v 0.5601627230644226 0.18570953607559204 -2.345907211303711 
v 0.5651103854179382 0.19447848200798035 -2.3346195220947266 
v 0.5601627230644226 0.15757857263088226 -2.3212316036224365 
v 0.5725906491279602 0.20256610214710236 -2.323725461959839 
v 0.5725906491279602 0.17727024853229523 -2.301543951034546 
v 0.5651103854179382 0.14456801116466522 -2.2843499183654785 
v 0.5725906491279602 0.17727024853229523 -2.301543951034546 
v 0.5725906491279602 0.18184150755405426 -2.296950101852417 
v 0.5725906491279602 0.17727024853229523 -2.301543951034546 
v 0.5725906491279602 0.20678575336933136 -2.318869113922119 
v 0.5725906491279602 0.21030212938785553 -2.3138816356658936 
v 0.5725906491279602 0.23702654242515564 -2.3318631649017334 
v 0.5725906491279602 0.2338618040084839 -2.33711314201355 
v 0.5725906491279602 0.18606115877628326 -2.292750120162964 
v 0.5725906491279602 0.20256610214710236 -2.323725461959839 
v 0.5725906491279602 0.2338618040084839 -2.33711314201355 
v 0.5725906491279602 0.23069706559181213 -2.342756986618042 
v 0.5725906491279602 0.26586073637008667 -2.345907211303711 
v 0.5725906491279602 0.26339930295944214 -2.351550817489624 
v 0.5725906491279602 0.29610151052474976 -2.3564071655273438 
v 0.5725906491279602 0.2946949601173401 -2.362051010131836 
v 0.5725906491279602 0.3277488052845001 -2.3627073764801025 
v 0.5725906491279602 0.3270455300807953 -2.3687448501586914 
v 0.5725906491279602 0.3597477674484253 -2.364938735961914 
v 0.5725906491279602 0.3597477674484253 -2.370845079421997 
v 0.5725906491279602 0.3917466998100281 -2.3627073764801025 
v 0.5725906491279602 0.23069706559181213 -2.342756986618042 
v 0.5725906491279602 0.3597477674484253 -2.3771450519561768 
v 0.5725906491279602 0.3259906470775604 -2.37504506111145 
v 0.5725906491279602 0.292936772108078 -2.3683512210845947 
v 0.5725906491279602 0.292936772108078 -2.3683512210845947 
v 0.5725906491279602 0.2609378397464752 -2.357457160949707 
v 0.5651103854179382 0.2240159809589386 -2.354307174682617 
v 0.5601627230644226 0.18570953607559204 -2.345907211303711 
v 0.5651103854179382 0.2560149133205414 -2.3701887130737305 
v 0.5601627230644226 0.21663159132003784 -2.3670387268066406 
v 0.5601627230644226 0.18570953607559204 -2.345907211303711 
v 0.5651103854179382 0.2560149133205414 -2.3701887130737305 
v 0.5601627230644226 0.21663159132003784 -2.3670387268066406 
v 0.5601627230644226 0.2503887414932251 -2.3835763931274414 
v 0.5609873533248901 0.20889559388160706 -2.3802950382232666 
v 0.5725906491279602 0.292936772108078 -2.3683512210845947 
v 0.5609873533248901 0.244410902261734 -2.397620439529419 
v 0.5609873533248901 0.17621535062789917 -2.3585073947906494 
v 0.5601627230644226 0.18570953607559204 -2.345907211303711 
v 0.5609873533248901 0.14667785167694092 -2.332519292831421 
v 0.5609873533248901 0.17621535062789917 -2.3585073947906494 
v 0.5601627230644226 0.15757857263088226 -2.3212316036224365 
v 0.5609873533248901 0.14667785167694092 -2.332519292831421 
v 0.5609873533248901 0.12065671384334564 -2.302593946456909 
v 0.565934956073761 0.10834943503141403 -2.3121752738952637 
v 0.5601627230644226 0.2503887414932251 -2.3835763931274414 
v 0.5651103854179382 0.2894204258918762 -2.38134503364563 
v 0.5725906491279602 0.3259906470775604 -2.37504506111145 
v 0.5651103854179382 0.32423245906829834 -2.388432741165161 
v 0.5601627230644226 0.28590404987335205 -2.3955204486846924 
v 0.5609873533248901 0.244410902261734 -2.397620439529419 
v 0.5609873533248901 0.28168439865112305 -2.410614252090454 
v 0.5651103854179382 0.32423245906829834 -2.388432741165161 
v 0.5601627230644226 0.32247427105903625 -2.4028704166412354 
v 0.5651103854179382 0.32423245906829834 -2.388432741165161 
v 0.5651103854179382 0.3597477674484253 -2.3905327320098877 
v 0.5725906491279602 0.39350491762161255 -2.37504506111145 
v 0.5651103854179382 0.3597477674484253 -2.3905327320098877 
v 0.5882580876350403 0.0443514846265316 -1.9882454872131348 
v 0.5758890509605408 0.05419730767607689 -1.9925765991210938 
v 0.5758890509605408 0.040131840854883194 -2.033658504486084 
v 0.5882580876350403 0.6754956245422363 -2.249830484390259 
v 0.5758890509605408 0.6793636083602905 -2.204942226409912 
v 0.5882580876350403 0.689912736415863 -2.2076985836029053 
v 0.5882580876350403 0.7015167474746704 -2.11910343170166 
v 0.5882580876350403 0.6983519792556763 -2.0744776725769043 
v 0.5758890509605408 0.6793636083602905 -2.033658266067505 
v 0.5882580876350403 0.6899126768112183 -2.030902147293091 
v 0.5758890509605408 0.6656497716903687 -1.9925764799118042 
v 0.5758890509605408 0.6878028512001038 -2.0757901668548584 
v 0.565934956073761 0.6343540549278259 -1.960551142692566 
v 0.5758890509605408 0.6656497716903687 -1.9925764799118042 
v 0.5758890509605408 0.6463097333908081 -1.9538573026657104 
v 0.5882580876350403 0.6754955649375916 -1.9882453680038452 
v 0.5882580876350403 0.6899126768112183 -2.030902147293091 
v 0.5758890509605408 0.6223984360694885 -1.91763174533844 
v 0.565934956073761 0.6115196347236633 -1.9260317087173462 
v 0.5758890509605408 0.6463097333908081 -1.9538573026657104 
v 0.5882580876350403 0.655803918838501 -1.9482134580612183 
v 0.5758890509605408 0.6463097333908081 -1.9538573026657104 
v 0.5882580876350403 0.6754955649375916 -1.9882453680038452 
v 0.5882580876350403 0.4483601450920105 -1.7892671823501587 
v 0.5882580876350403 0.4905565679073334 -1.803704857826233 
v 0.5758890509605408 0.48633691668510437 -1.8135489225387573 
v 0.5609873533248901 0.39913100004196167 -1.8202427625656128 
v 0.5609873533248901 0.4378110468387604 -1.8279865980148315 
v 0.565934956073761 0.4810623824596405 -1.8261491060256958 
v 0.5609873533248901 0.4750845432281494 -1.84058678150177 
v 0.5882580876350403 0.4483601450920105 -1.7892671823501587 
v 0.5758890509605408 0.44554704427719116 -1.7995048761367798 
v 0.5758890509605408 0.40299901366233826 -1.7909735441207886 
v 0.565934956073761 0.04540642723441124 -2.160579204559326 
v 0.5758890509605408 0.031692590564489365 -2.162285566329956 
v 0.5758890509605408 0.028879482299089432 -2.1191036701202393 
v 0.565934956073761 0.042944956570863724 -2.1191036701202393 
v 0.565934956073761 0.04540642723441124 -2.160579204559326 
v 0.565934956073761 0.05349406972527504 -2.2013986110687256 
v 0.565934956073761 0.3186061680316925 -1.8047550916671753 
v 0.565934956073761 0.35974767804145813 -1.802261233329773 
v 0.565934956073761 0.3186061680316925 -1.8047550916671753 
v 0.5601627230644226 0.2859039604663849 -1.8430806398391724 
v 0.565934956073761 0.06685623526573181 -1.9978268146514893 
v 0.5609873533248901 0.0686144307255745 -2.041008710861206 
v 0.5609873533248901 0.08127334713935852 -2.0037331581115723 
v 0.5601627230644226 0.08373481780290604 -2.045208692550659 
v 0.565934956073761 0.08514135330915451 -1.9605512619018555 
v 0.5609873533248901 0.09850355237722397 -1.9682950973510742 
v 0.5651103854179382 0.09744865447282791 -2.048752546310425 
v 0.5725906491279602 0.11045921593904495 -2.0522964000701904 
v 0.5725906491279602 0.10412974655628204 -2.085371971130371 
v 0.5651103854179382 0.10905265808105469 -2.0154144763946533 
v 0.5651103854179382 0.09744865447282791 -2.048752546310425 
v 0.5725906491279602 0.1213599443435669 -2.020270824432373 
v 0.5725906491279602 0.11045921593904495 -2.0522964000701904 
v 0.5725906491279602 0.11678866297006607 -2.0540027618408203 
v 0.5725906491279602 0.11045922338962555 -2.0864219665527344 
v 0.5725906491279602 0.11643703281879425 -2.087078094482422 
v 0.5725906491279602 0.11432720720767975 -2.1191036701202393 
v 0.5725906491279602 0.10834939777851105 -2.1191036701202393 
v 0.5725906491279602 0.10412974655628204 -2.085371971130371 
v 0.5725906491279602 0.12276650220155716 -2.0554463863372803 
v 0.5725906491279602 0.1273377537727356 -2.0227646827697754 
v 0.5651103854179382 0.10905265808105469 -2.0154144763946533 
v 0.5725906491279602 0.13296395540237427 -2.0252585411071777 
v 0.5725906491279602 0.13648033142089844 -1.9900829792022705 
v 0.5725906491279602 0.1273377537727356 -2.0227646827697754 
v 0.5725906491279602 0.13296395540237427 -2.0252585411071777 
v 0.5725906491279602 0.14702942967414856 -1.9963829517364502 
v 0.5725906491279602 0.1600399911403656 -1.9661951065063477 
v 0.5725906491279602 0.14702942967414856 -1.9963829517364502 
v 0.5609873533248901 0.4750845432281494 -1.84058678150177 
v 0.5601627230644226 0.4691067337989807 -1.8550244569778442 
v 0.5601627230644226 0.5338079333305359 -1.892300009727478 
v 0.5601627230644226 0.502863883972168 -1.8715623617172241 
v 0.5651103854179382 0.4954794943332672 -1.8839000463485718 
v 0.5651103854179382 0.46383219957351685 -1.8684121370315552 
v 0.5609873533248901 0.5433021187782288 -1.8799623250961304 
v 0.5651103854179382 0.5250169634819031 -1.9038501977920532 
v 0.5609873533248901 0.573191225528717 -1.9059501886367798 
v 0.5601627230644226 0.5619388818740845 -1.9169753789901733 
v 0.5651103854179382 0.4954794943332672 -1.8839000463485718 
v 0.5725906491279602 0.4887984097003937 -1.8958438634872437 
v 0.5725906491279602 0.4585576355457306 -1.8807498216629028 
v 0.5651103854179382 0.4954794943332672 -1.8839000463485718 
v 0.5725906491279602 0.4265586733818054 -1.8698559999465942 
v 0.5651103854179382 0.39526301622390747 -1.8501681089401245 
v 0.5725906491279602 0.3935048282146454 -1.8634246587753296 
v 0.5651103854179382 0.4300750494003296 -1.8567308187484741 
v 0.5651103854179382 0.46383219957351685 -1.8684121370315552 
v 0.5651103854179382 0.46383219957351685 -1.8684121370315552 
v 0.5651103854179382 0.4300750494003296 -1.8567308187484741 
v 0.5601627230644226 0.4691067337989807 -1.8550244569778442 
v 0.5651103854179382 0.39526301622390747 -1.8501681089401245 
v 0.5601627230644226 0.4339430630207062 -1.8430806398391724 
v 0.5601627230644226 0.4691067337989807 -1.8550244569778442 
v 0.5651103854179382 0.39526301622390747 -1.8501681089401245 
v 0.5601627230644226 0.39702120423316956 -1.8357304334640503 
v 0.5651103854179382 0.35974767804145813 -1.8476744890213013 
v 0.5725906491279602 0.35974767804145813 -1.8610621690750122 
v 0.5725906491279602 0.32599055767059326 -1.8634246587753296 
v 0.5651103854179382 0.35974767804145813 -1.8476744890213013 
v 0.5651103854179382 0.39526301622390747 -1.8501681089401245 
v 0.5725906491279602 0.32599055767059326 -1.8634246587753296 
v 0.5725906491279602 0.29293668270111084 -1.8698559999465942 
v 0.5725906491279602 0.29293668270111084 -1.8698559999465942 
v 0.5651103854179382 0.28942033648490906 -1.8567308187484741 
v 0.5651103854179382 0.28942033648490906 -1.8567308187484741 
v 0.5651103854179382 0.2560148239135742 -1.8684121370315552 
v 0.5609873533248901 0.6512326598167419 -2.1971983909606934 
v 0.5651103854179382 0.6290795207023621 -2.154672622680664 
v 0.5601627230644226 0.6459581255912781 -2.11910343170166 
v 0.5609873533248901 0.6382220983505249 -2.234473943710327 
v 0.5609873533248901 0.058416981250047684 -2.1191036701202393 
v 0.5609873533248901 0.06087842211127281 -2.1584792137145996 
v 0.5601627230644226 0.07388897240161896 -2.1191036701202393 
v 0.5609873533248901 0.058416981250047684 -2.1191036701202393 
v 0.5609873533248901 0.06087840721011162 -2.079728126525879 
v 0.5609873533248901 0.058416981250047684 -2.1191036701202393 
v 0.5601627230644226 0.07635043561458588 -2.0818281173706055 
v 0.5609873533248901 0.06087840721011162 -2.079728126525879 
v 0.5609873533248901 0.0686144307255745 -2.041008710861206 
v 0.5651103854179382 0.09076755493879318 -2.154672861099243 
v 0.5601627230644226 0.07388897240161896 -2.1191036701202393 
v 0.5651103854179382 0.08830608427524567 -2.1191036701202393 
v 0.5601627230644226 0.07388897240161896 -2.1191036701202393 
v 0.5601627230644226 0.07635044306516647 -2.156379222869873 
v 0.5725906491279602 0.11045923829078674 -2.185910940170288 
v 0.5651103854179382 0.0974486768245697 -2.1894547939300537 
v 0.5725906491279602 0.10412975400686264 -2.1528353691101074 
v 0.5725906491279602 0.11045923829078674 -2.185910940170288 
v 0.5651103854179382 0.09076755493879318 -2.154672861099243 
v 0.5725906491279602 0.10166828334331512 -2.1191036701202393 
v 0.5725906491279602 0.11045923084020615 -2.15217924118042 
v 0.5725906491279602 0.11643704026937485 -2.1511290073394775 
v 0.5651103854179382 0.09076754748821259 -2.0835342407226562 
v 0.5651103854179382 0.08830608427524567 -2.1191036701202393 
v 0.5651103854179382 0.09076754748821259 -2.0835342407226562 
v 0.5725906491279602 0.11045923084020615 -2.15217924118042 
v 0.5725906491279602 0.12276652455329895 -2.1827609539031982 
v 0.5725906491279602 0.10412975400686264 -2.1528353691101074 
v 0.5725906491279602 0.11678868532180786 -2.184204578399658 
v 0.5725906491279602 0.12276652455329895 -2.1827609539031982 
v 0.5725906491279602 0.11678868532180786 -2.184204578399658 
v 0.5725906491279602 0.11045923829078674 -2.185910940170288 
v 0.5725906491279602 0.12733778357505798 -2.215442657470703 
v 0.5725906491279602 0.13296398520469666 -2.212948799133301 
v 0.5725906491279602 0.14702947437763214 -2.241824150085449 
v 0.5725906491279602 0.1417549103498459 -2.244974374771118 
v 0.5725906491279602 0.12135998159646988 -2.2179362773895264 
v 0.5725906491279602 0.12135998159646988 -2.2179362773895264 
v 0.5725906491279602 0.11678868532180786 -2.184204578399658 
v 0.5651103854179382 0.10905269533395767 -2.223186492919922 
v 0.5725906491279602 0.13648037612438202 -2.248124361038208 
v 0.5725906491279602 0.16496293246746063 -2.2684683799743652 
v 0.5725906491279602 0.16004003584384918 -2.2724058628082275 
v 0.5725906491279602 0.18184150755405426 -2.296950101852417 
v 0.5725906491279602 0.13648037612438202 -2.248124361038208 
v 0.5725906491279602 0.15511710941791534 -2.276212215423584 
v 0.5609873533248901 0.08127334713935852 -2.0037331581115723 
v 0.5601627230644226 0.08373481780290604 -2.045208692550659 
v 0.5651103854179382 0.09744865447282791 -2.048752546310425 
v 0.5651103854179382 0.09076754748821259 -2.0835342407226562 
v 0.5725906491279602 0.23069706559181213 -2.342756986618042 
v 0.5651103854179382 0.16777603328227997 -2.3111252784729004 
v -0.5750777721405029 0.31649646162986755 -2.4481523036956787 
v -0.5750777721405029 0.3597477674484253 -2.450908660888672 
v -0.5874468088150024 0.3597477674484253 -2.4615402221679688 
v -0.5874468088150024 0.4044056534767151 -2.4586524963378906 
v -0.5750777721405029 0.4029991030693054 -2.4481523036956787 
v -0.5874468088150024 0.44836026430130005 -2.4498586654663086 
v -0.5750777721405029 0.4455471634864807 -2.4397523403167725 
v -0.5651236772537231 0.40124091506004333 -2.434370994567871 
v -0.5651236772537231 0.3597477674484253 -2.4368646144866943 
v -0.5651236772537231 0.31860628724098206 -2.434370994567871 
v -0.5874468088150024 0.44836026430130005 -2.4498586654663086 
v -0.5750777721405029 0.4455471634864807 -2.4397523403167725 
v -0.5601760745048523 0.3597477674484253 -2.421376943588257 
v -0.5651236772537231 0.40124091506004333 -2.434370994567871 
v -0.5874468088150024 0.3150899112224579 -2.4586524963378906 
v -0.5874468088150024 0.3597477674484253 -2.4615402221679688 
v -0.5750777721405029 0.31649646162986755 -2.4481523036956787 
v -0.5750777721405029 0.2743000388145447 -2.4397523403167725 
v -0.5651236772537231 0.27781638503074646 -2.4263646602630615 
v -0.5651236772537231 0.23843306303024292 -2.4129769802093506 
v -0.5651236772537231 0.27781638503074646 -2.4263646602630615 
v -0.5750777721405029 0.31649646162986755 -2.4481523036956787 
v -0.5750777721405029 0.31649646162986755 -2.4481523036956787 
v -0.5601760745048523 0.28168439865112305 -2.4112706184387207 
v -0.5601760745048523 0.32036444544792175 -2.4190144538879395 
v -0.5651236772537231 0.3597477674484253 -2.4368646144866943 
v -0.5651236772537231 0.31860628724098206 -2.434370994567871 
v -0.5593514442443848 0.28590404987335205 -2.396045446395874 
v -0.5651236772537231 0.3597477674484253 -2.4368646144866943 
v -0.5593514442443848 0.32247427105903625 -2.403526782989502 
v -0.5601760745048523 0.32036444544792175 -2.4190144538879395 
v -0.5642990469932556 0.2894204258918762 -2.3823952674865723 
v -0.5593514442443848 0.2503887414932251 -2.384101390838623 
v -0.5601760745048523 0.28168439865112305 -2.4112706184387207 
v -0.5601760745048523 0.244410902261734 -2.3985390663146973 
v -0.5601760745048523 0.244410902261734 -2.3985390663146973 
v -0.5651236772537231 0.27781638503074646 -2.4263646602630615 
v -0.5651236772537231 0.23843306303024292 -2.4129769802093506 
v -0.5601760745048523 0.20889559388160706 -2.38134503364563 
v -0.5601760745048523 0.20889559388160706 -2.38134503364563 
v -0.5593514442443848 0.21663159132003784 -2.3675637245178223 
v -0.5593514442443848 0.18570953607559204 -2.3468258380889893 
v -0.5642990469932556 0.19447848200798035 -2.335275650024414 
v -0.5642990469932556 0.16777603328227997 -2.312044143676758 
v -0.5593514442443848 0.15757857263088226 -2.322281837463379 
v -0.5601760745048523 0.17621535062789917 -2.359163522720337 
v -0.5593514442443848 0.15757857263088226 -2.322281837463379 
v -0.5601760745048523 0.17621535062789917 -2.359163522720337 
v -0.5601760745048523 0.20889559388160706 -2.38134503364563 
v -0.5651236772537231 0.23843306303024292 -2.4129769802093506 
v -0.5651236772537231 0.20115956664085388 -2.39473295211792 
v -0.5601760745048523 0.17621535062789917 -2.359163522720337 
v -0.5651236772537231 0.20115956664085388 -2.39473295211792 
v -0.5651236772537231 0.20115956664085388 -2.39473295211792 
v -0.5651236772537231 0.1667211353778839 -2.3715012073516846 
v -0.5651236772537231 0.13577711582183838 -2.344069480895996 
v -0.5750777721405029 0.1582818627357483 -2.382788896560669 
v -0.5750777721405029 0.1259312629699707 -2.3539135456085205 
v -0.5651236772537231 0.10834943503141403 -2.313094139099121 
v -0.5601760745048523 0.12065672129392624 -2.3036439418792725 
v -0.5601760745048523 0.14667785167694092 -2.3331756591796875 
v -0.5651236772537231 0.13577711582183838 -2.344069480895996 
v -0.5651236772537231 0.1667211353778839 -2.3715012073516846 
v -0.5651236772537231 0.20115956664085388 -2.39473295211792 
v -0.5750777721405029 0.19447848200798035 -2.406676769256592 
v -0.5750777721405029 0.1582818627357483 -2.382788896560669 
v -0.5874468088150024 0.1888742744922638 -2.4157330989837646 
v -0.5750777721405029 0.19447848200798035 -2.406676769256592 
v -0.5874468088150024 0.15195238590240479 -2.3911890983581543 
v -0.5874468088150024 0.1888742744922638 -2.4157330989837646 
v -0.5750777721405029 0.1259312629699707 -2.3539135456085205 
v -0.5750777721405029 0.1582818627357483 -2.382788896560669 
v -0.5874468088150024 0.11819526553153992 -2.3616573810577393 
v -0.5750777721405029 0.09709706157445908 -2.3214943408966064 
v -0.5651236772537231 0.08514140546321869 -2.2787060737609863 
v -0.5750777721405029 0.07318572700023651 -2.285399913787842 
v -0.5651236772537231 0.0668562725186348 -2.2414305210113525 
v -0.5601760745048523 0.0812733843922615 -2.2353928089141846 
v -0.5874468088150024 0.08865775913000107 -2.327925682067871 
v -0.5651236772537231 0.0668562725186348 -2.2414305210113525 
v -0.5601760745048523 0.06861445307731628 -2.198117256164551 
v -0.5593514442443848 0.08373484015464783 -2.1939172744750977 
v -0.5601760745048523 0.06861445307731628 -2.198117256164551 
v -0.5750777721405029 0.09709706157445908 -2.3214943408966064 
v -0.5874468088150024 0.11819526553153992 -2.3616573810577393 
v -0.5593514442443848 0.07635044306516647 -2.1572980880737305 
v -0.5601760745048523 0.06087842211127281 -2.159398078918457 
v -0.5601760745048523 0.06861445307731628 -2.198117256164551 
v -0.5593514442443848 0.07635044306516647 -2.1572980880737305 
v -0.5642990469932556 0.09076755493879318 -2.1555917263031006 
v -0.5593514442443848 0.08373484015464783 -2.1939172744750977 
v -0.5642990469932556 0.0974486768245697 -2.190373420715332 
v -0.5593514442443848 0.09569049626588821 -2.2294864654541016 
v -0.5601760745048523 0.0812733843922615 -2.2353928089141846 
v -0.5601760745048523 0.09850360453128815 -2.2709622383117676 
v -0.5593514442443848 0.11221744120121002 -2.263218402862549 
v -0.5642990469932556 0.10905269533395767 -2.2238426208496094 
v -0.5642990469932556 0.12452472001314163 -2.2558681964874268 
v -0.5717793703079224 0.12135998159646988 -2.218855142593384 
v -0.5601760745048523 0.09850360453128815 -2.2709622383117676 
v -0.5651236772537231 0.10834943503141403 -2.313094139099121 
v -0.5593514442443848 0.13296400010585785 -2.294193744659424 
v -0.5601760745048523 0.12065672129392624 -2.3036439418792725 
v -0.5651236772537231 0.08514140546321869 -2.2787060737609863 
v -0.5651236772537231 0.10834943503141403 -2.313094139099121 
v -0.5601760745048523 0.14667785167694092 -2.3331756591796875 
v -0.5593514442443848 0.15757857263088226 -2.322281837463379 
v -0.5642990469932556 0.14456801116466522 -2.285399913787842 
v -0.5593514442443848 0.13296400010585785 -2.294193744659424 
v -0.5642990469932556 0.12452472001314163 -2.2558681964874268 
v -0.5593514442443848 0.15757857263088226 -2.322281837463379 
v -0.5642990469932556 0.14456801116466522 -2.285399913787842 
v -0.5717793703079224 0.15511710941791534 -2.2772622108459473 
v -0.5717793703079224 0.17727024853229523 -2.302593946456909 
v -0.5717793703079224 0.16004003584384918 -2.273062229156494 
v -0.5717793703079224 0.18184150755405426 -2.2980000972747803 
v -0.5717793703079224 0.20256610214710236 -2.324775457382202 
v -0.5642990469932556 0.16777603328227997 -2.312044143676758 
v -0.5642990469932556 0.2240159809589386 -2.3553571701049805 
v -0.5593514442443848 0.21663159132003784 -2.3675637245178223 
v -0.5601760745048523 0.244410902261734 -2.3985390663146973 
v -0.5593514442443848 0.28590404987335205 -2.396045446395874 
v -0.5642990469932556 0.2560149133205414 -2.370845079421997 
v -0.5593514442443848 0.2503887414932251 -2.384101390838623 
v -0.5593514442443848 0.28590404987335205 -2.396045446395874 
v -0.5642990469932556 0.19447848200798035 -2.335275650024414 
v -0.5717793703079224 0.17727024853229523 -2.302593946456909 
v -0.5642990469932556 0.19447848200798035 -2.335275650024414 
v -0.5642990469932556 0.2240159809589386 -2.3553571701049805 
v -0.5717793703079224 0.23069706559181213 -2.3434133529663086 
v -0.5642990469932556 0.2240159809589386 -2.3553571701049805 
v -0.5642990469932556 0.2560149133205414 -2.370845079421997 
v -0.5717793703079224 0.2609378397464752 -2.3585073947906494 
v -0.5642990469932556 0.2560149133205414 -2.370845079421997 
v -0.5717793703079224 0.20678575336933136 -2.3197879791259766 
v -0.5717793703079224 0.20256610214710236 -2.324775457382202 
v -0.5717793703079224 0.2338618040084839 -2.3380320072174072 
v -0.5717793703079224 0.2609378397464752 -2.3585073947906494 
v -0.5717793703079224 0.26339930295944214 -2.3524696826934814 
v -0.5717793703079224 0.23702654242515564 -2.3327817916870117 
v -0.5717793703079224 0.21030212938785553 -2.314931631088257 
v -0.5717793703079224 0.18606115877628326 -2.293800115585327 
v -0.5717793703079224 0.16496293246746063 -2.2695183753967285 
v -0.5717793703079224 0.14702947437763214 -2.2427430152893066 
v -0.5717793703079224 0.1417549103498459 -2.2458930015563965 
v -0.5717793703079224 0.13296398520469666 -2.213998794555664 
v -0.5717793703079224 0.12733778357505798 -2.2163612842559814 
v -0.5717793703079224 0.12276652455329895 -2.1836795806884766 
v -0.5717793703079224 0.11678868532180786 -2.1851234436035156 
v -0.5717793703079224 0.11643704026937485 -2.152047872543335 
v -0.5717793703079224 0.11045923084020615 -2.1528353691101074 
v -0.5717793703079224 0.11432721465826035 -2.1200222969055176 
v -0.5717793703079224 0.10834940522909164 -2.1200222969055176 
v -0.5717793703079224 0.11643703281879425 -2.088128089904785 
v -0.5717793703079224 0.11045922338962555 -2.087078094482422 
v -0.5717793703079224 0.12276650220155716 -2.0564963817596436 
v -0.5717793703079224 0.11678866297006607 -2.0550527572631836 
v -0.5717793703079224 0.13296395540237427 -2.026177167892456 
v -0.5717793703079224 0.1273377537727356 -2.023683547973633 
v -0.5717793703079224 0.14702942967414856 -1.9973018169403076 
v -0.5717793703079224 0.1417548656463623 -1.9941518306732178 
v -0.5717793703079224 0.16496288776397705 -1.9706575870513916 
v -0.5717793703079224 0.1600399911403656 -1.9667201042175293 
v -0.5717793703079224 0.1860610991716385 -1.946376085281372 
v -0.5717793703079224 0.18184144794940948 -1.9421758651733398 
v -0.5717793703079224 0.21030206978321075 -1.9252443313598633 
v -0.5717793703079224 0.20678569376468658 -1.9203882217407227 
v -0.5717793703079224 0.23702646791934967 -1.9073941707611084 
v -0.5717793703079224 0.23386172950267792 -1.902012825012207 
v -0.5717793703079224 0.2658606469631195 -1.8933500051498413 
v -0.5717793703079224 0.263399213552475 -1.8877061605453491 
v -0.5717793703079224 0.2961014211177826 -1.8827186822891235 
v -0.5717793703079224 0.2946948707103729 -1.8770748376846313 
v -0.5717793703079224 0.32774874567985535 -1.8764184713363647 
v -0.5717793703079224 0.3270454704761505 -1.8703809976577759 
v -0.5717793703079224 0.35974767804145813 -1.8743184804916382 
v -0.5717793703079224 0.35974767804145813 -1.8682810068130493 
v -0.5717793703079224 0.3917466402053833 -1.8764184713363647 
v -0.5717793703079224 0.39280155301094055 -1.8703809976577759 
v -0.5717793703079224 0.42339396476745605 -1.8827186822891235 
v -0.5717793703079224 0.4248005151748657 -1.8770748376846313 
v -0.5717793703079224 0.45363470911979675 -1.8933500051498413 
v -0.5717793703079224 0.45609617233276367 -1.8877061605453491 
v -0.5717793703079224 0.48246893286705017 -1.9073940515518188 
v -0.5717793703079224 0.4856336712837219 -1.9020127058029175 
v -0.5717793703079224 0.5091933608055115 -1.9252442121505737 
v -0.5717793703079224 0.5130613446235657 -1.920388102531433 
v -0.5717793703079224 0.5334562659263611 -1.9463759660720825 
v -0.5717793703079224 0.5376759171485901 -1.9421757459640503 
v -0.5717793703079224 0.5545545220375061 -1.970657467842102 
v -0.5717793703079224 0.5594773888587952 -1.9667199850082397 
v -0.5717793703079224 0.5724879503250122 -1.997301697731018 
v -0.5717793703079224 0.5777625441551208 -1.9941517114639282 
v -0.5717793703079224 0.5865314602851868 -2.026177167892456 
v -0.5717793703079224 0.5921576619148254 -2.023683547973633 
v -0.5717793703079224 0.5970805883407593 -2.0564963817596436 
v -0.5717793703079224 0.602706789970398 -2.0550527572631836 
v -0.5717793703079224 0.6034100651741028 -2.088128089904785 
v -0.5717793703079224 0.6093878746032715 -2.087078094482422 
v -0.5717793703079224 0.6055198907852173 -2.1200222969055176 
v -0.5717793703079224 0.6115196943283081 -2.1200222969055176 
v -0.5717793703079224 0.6034100651741028 -2.152047872543335 
v -0.5717793703079224 0.6093878746032715 -2.1528353691101074 
v -0.5717793703079224 0.5970805883407593 -2.1836795806884766 
v -0.5717793703079224 0.602706789970398 -2.1851234436035156 
v -0.5717793703079224 0.5865315198898315 -2.213998794555664 
v -0.5717793703079224 0.5921577215194702 -2.2163612842559814 
v -0.5717793703079224 0.572488009929657 -2.2427430152893066 
v -0.5717793703079224 0.5777625441551208 -2.2458930015563965 
v -0.5717793703079224 0.5545545220375061 -2.2695183753967285 
v -0.5717793703079224 0.5594774484634399 -2.273062229156494 
v -0.5717793703079224 0.5334563255310059 -2.293800115585327 
v -0.5717793703079224 0.5376759767532349 -2.2980000972747803 
v -0.5717793703079224 0.5091934204101562 -2.314931631088257 
v -0.5717793703079224 0.5130614042282104 -2.3197879791259766 
v -0.5717793703079224 0.48246902227401733 -2.3327817916870117 
v -0.5717793703079224 0.4856337308883667 -2.3380320072174072 
v -0.5717793703079224 0.4536347985267639 -2.3468258380889893 
v -0.5717793703079224 0.45609626173973083 -2.3524696826934814 
v -0.5717793703079224 0.42339402437210083 -2.3570635318756104 
v -0.5717793703079224 0.4248005747795105 -2.363101005554199 
v -0.5717793703079224 0.3917466998100281 -2.36336350440979 
v -0.5717793703079224 0.3928016126155853 -2.369401216506958 
v -0.5717793703079224 0.3597477674484253 -2.3654637336730957 
v -0.5717793703079224 0.3597477674484253 -2.3715012073516846 
v -0.5717793703079224 0.3277488052845001 -2.36336350440979 
v -0.5717793703079224 0.3270455300807953 -2.369401216506958 
v -0.5717793703079224 0.29610151052474976 -2.3570635318756104 
v -0.5717793703079224 0.2946949601173401 -2.363101005554199 
v -0.5717793703079224 0.26586073637008667 -2.3468258380889893 
v -0.5717793703079224 0.13648037612438202 -2.2491743564605713 
v -0.5642990469932556 0.2894204258918762 -2.3823952674865723 
v -0.5717793703079224 0.292936772108078 -2.369401216506958 
v -0.5717793703079224 0.3259906470775604 -2.3757011890411377 
v -0.5717793703079224 0.3597477674484253 -2.37819504737854 
v -0.5717793703079224 0.39350491762161255 -2.3757011890411377 
v -0.5717793703079224 0.4265587627887726 -2.369401216506958 
v -0.5717793703079224 0.45855769515037537 -2.3585073947906494 
v -0.5717793703079224 0.48879846930503845 -2.3434133529663086 
v -0.5717793703079224 0.5169293880462646 -2.324775457382202 
v -0.5717793703079224 0.5422472357749939 -2.302593946456909 
v -0.5717793703079224 0.5644003748893738 -2.2772622108459473 
v -0.5717793703079224 0.5833887457847595 -2.2491743564605713 
v -0.5717793703079224 0.5981355309486389 -2.218855142593384 
v -0.5717793703079224 0.6090362668037415 -2.1868295669555664 
v -0.5717793703079224 0.6157393455505371 -2.1538853645324707 
v -0.5717793703079224 0.6178491711616516 -2.1200222969055176 
v -0.5642990469932556 0.2894204258918762 -2.3823952674865723 
v -0.5642990469932556 0.2560149133205414 -2.370845079421997 
v -0.5642990469932556 0.2894204258918762 -2.3823952674865723 
v -0.5642990469932556 0.32423245906829834 -2.3890891075134277 
v -0.5642990469932556 0.3597477674484253 -2.391582727432251 
v -0.5642990469932556 0.3597477674484253 -2.391582727432251 
v -0.5642990469932556 0.39526310563087463 -2.3890891075134277 
v -0.5717793703079224 0.6157393455505371 -2.1538853645324707 
v -0.5642990469932556 0.6311893463134766 -2.1200220584869385 
v -0.5642990469932556 0.6290795207023621 -2.1555914878845215 
v -0.5642990469932556 0.6220468282699585 -2.190373182296753 
v -0.5717793703079224 0.6090362668037415 -2.1868295669555664 
v -0.5642990469932556 0.6311893463134766 -2.1200220584869385 
v -0.5642990469932556 0.6290795207023621 -2.1555914878845215 
v -0.5593514442443848 0.6434966325759888 -2.0827465057373047 
v -0.5593514442443848 0.6361122727394104 -2.0458648204803467 
v -0.5642990469932556 0.6290795207023621 -2.0845842361450195 
v -0.5601760745048523 0.6512326598167419 -2.0420584678649902 
v -0.5593514442443848 0.6434966325759888 -2.0827465057373047 
v -0.5593514442443848 0.6241565942764282 -2.0106892585754395 
v -0.5601760745048523 0.6382220983505249 -2.0047829151153564 
v -0.5601760745048523 0.6382220983505249 -2.0047829151153564 
v -0.5601760745048523 0.6512326598167419 -2.0420584678649902 
v -0.5601760745048523 0.6586170196533203 -2.080646514892578 
v -0.5651236772537231 0.6740890145301819 -2.0785465240478516 
v -0.5651236772537231 0.6660013794898987 -2.037858486175537 
v -0.5750777721405029 0.6463097333908081 -1.954513430595398 
v -0.5651236772537231 0.6526392102241516 -1.998745322227478 
v -0.5651236772537231 0.6343540549278259 -1.9614697694778442 
v -0.5601760745048523 0.6382220983505249 -2.0047829151153564 
v -0.5750777721405029 0.6656497716903687 -1.9934953451156616 
v -0.5750777721405029 0.6463097333908081 -1.954513430595398 
v -0.5750777721405029 0.6656497716903687 -1.9934953451156616 
v -0.5593514442443848 0.6459581255912781 -2.1200220584869385 
v -0.5642990469932556 0.6290795207023621 -2.1555914878845215 
v -0.5874468088150024 0.6754955649375916 -1.9892953634262085 
v -0.5874468088150024 0.6899126768112183 -2.0314271450042725 
v -0.5750777721405029 0.6793636083602905 -2.0343146324157715 
v -0.5750777721405029 0.6878028512001038 -2.0768401622772217 
v -0.5651236772537231 0.6740890145301819 -2.0785465240478516 
v -0.5874468088150024 0.6754955649375916 -1.9892953634262085 
v -0.5874468088150024 0.655803918838501 -1.9491320848464966 
v -0.5750777721405029 0.6463097333908081 -1.954513430595398 
v -0.5874468088150024 0.6308376789093018 -1.9118565320968628 
v -0.5874468088150024 0.6013001799583435 -1.8785187005996704 
v -0.5874468088150024 0.5679166913032532 -1.8489869832992554 
v -0.5750777721405029 0.5939158201217651 -1.8858686685562134 
v -0.5750777721405029 0.6223984360694885 -1.9185503721237183 
v -0.5651236772537231 0.6115196347236633 -1.9270819425582886 
v -0.5601760745048523 0.6209918856620789 -1.969213843345642 
v -0.5874468088150024 0.6308376789093018 -1.9118565320968628 
v -0.5750777721405029 0.5939158201217651 -1.8858686685562134 
v -0.5651236772537231 0.5840699672698975 -1.8957127332687378 
v -0.5651236772537231 0.5527963042259216 -1.8682810068130493 
v -0.5651236772537231 0.5840699672698975 -1.8957127332687378 
v -0.5750777721405029 0.5612355470657349 -1.8573869466781616 
v -0.5651236772537231 0.6343540549278259 -1.9614697694778442 
v -0.5601760745048523 0.6382220983505249 -2.0047829151153564 
v -0.5601760745048523 0.6209918856620789 -1.969213843345642 
v -0.5601760745048523 0.599190354347229 -1.936531901359558 
v -0.5651236772537231 0.6115196347236633 -1.9270819425582886 
v -0.5651236772537231 0.5840699672698975 -1.8957127332687378 
v -0.5601760745048523 0.573191225528717 -1.9066065549850464 
v -0.5750777721405029 0.5612355470657349 -1.8573869466781616 
v -0.5874468088150024 0.5679166913032532 -1.8489869832992554 
v -0.5651236772537231 0.5183358788490295 -1.8454431295394897 
v -0.5750777721405029 0.5253686308860779 -1.8334990739822388 
v -0.5750777721405029 0.5612355470657349 -1.8573869466781616 
v -0.5750777721405029 0.5253686308860779 -1.8334990739822388 
v -0.5874468088150024 0.5306431651115417 -1.8240491151809692 
v -0.5874468088150024 0.4905565679073334 -1.8043612241744995 
v -0.5651236772537231 0.5183358788490295 -1.8454431295394897 
v -0.5750777721405029 0.48633691668510437 -1.8142050504684448 
v -0.5651236772537231 0.4810623824596405 -1.827199101448059 
v -0.5750777721405029 0.48633691668510437 -1.8142050504684448 
v -0.5651236772537231 0.4420306980609894 -1.8138114213943481 
v -0.5750777721405029 0.44554704427719116 -1.8004237413406372 
v -0.5750777721405029 0.40299901366233826 -1.7920235395431519 
v -0.5750777721405029 0.44554704427719116 -1.8004237413406372 
v -0.5874468088150024 0.4905565679073334 -1.8043612241744995 
v -0.5750777721405029 0.48633691668510437 -1.8142050504684448 
v -0.5874468088150024 0.4483601450920105 -1.7899235486984253 
v -0.5750777721405029 0.44554704427719116 -1.8004237413406372 
v -0.5874468088150024 0.40440553426742554 -1.78152334690094 
v -0.5874468088150024 0.40440553426742554 -1.78152334690094 
v -0.5750777721405029 0.40299901366233826 -1.7920235395431519 
v -0.5874468088150024 0.35974767804145813 -1.7782419919967651 
v -0.5750777721405029 0.40299901366233826 -1.7920235395431519 
v -0.5750777721405029 0.35974767804145813 -1.7892671823501587 
v -0.5874468088150024 0.31508979201316833 -1.78152334690094 
v -0.5750777721405029 0.316496342420578 -1.7920235395431519 
v -0.5651236772537231 0.35974767804145813 -1.8029173612594604 
v -0.5651236772537231 0.3186061680316925 -1.8056737184524536 
v -0.5750777721405029 0.316496342420578 -1.7920235395431519 
v -0.5750777721405029 0.316496342420578 -1.7920235395431519 
v -0.5750777721405029 0.2742999494075775 -1.8004237413406372 
v -0.5874468088150024 0.2714868485927582 -1.7899235486984253 
v -0.5874468088150024 0.2714868485927582 -1.7899235486984253 
v -0.5750777721405029 0.2742999494075775 -1.8004237413406372 
v -0.5874468088150024 0.22893878817558289 -1.804361343383789 
v -0.5750777721405029 0.2331584393978119 -1.8142051696777344 
v -0.5874468088150024 0.18887418508529663 -1.8240492343902588 
v -0.5750777721405029 0.19447839260101318 -1.8334991931915283 
v -0.5874468088150024 0.15195229649543762 -1.848987102508545 
v -0.5750777721405029 0.15828177332878113 -1.8573870658874512 
v -0.5651236772537231 0.20115947723388672 -1.8454432487487793 
v -0.5651236772537231 0.23843297362327576 -1.8271992206573486 
v -0.5651236772537231 0.2778162956237793 -1.8138114213943481 
v -0.5750777721405029 0.19447839260101318 -1.8334991931915283 
v -0.5651236772537231 0.16672104597091675 -1.8682811260223389 
v -0.5750777721405029 0.15828177332878113 -1.8573870658874512 
v -0.5651236772537231 0.1357770413160324 -1.8957128524780273 
v -0.5750777721405029 0.12593118846416473 -1.885868787765503 
v -0.5874468088150024 0.11819518357515335 -1.87851881980896 
v -0.5750777721405029 0.12593118846416473 -1.885868787765503 
v -0.5750777721405029 0.15828177332878113 -1.8573870658874512 
v -0.5750777721405029 0.12593118846416473 -1.885868787765503 
v -0.5874468088150024 0.0886576920747757 -1.9118566513061523 
v -0.5750777721405029 0.15828177332878113 -1.8573870658874512 
v -0.5874468088150024 0.11819518357515335 -1.87851881980896 
v -0.5601760745048523 0.2088955044746399 -1.8588309288024902 
v -0.5651236772537231 0.20115947723388672 -1.8454432487487793 
v -0.5651236772537231 0.20115947723388672 -1.8454432487487793 
v -0.5601760745048523 0.24441081285476685 -1.8416368961334229 
v -0.5651236772537231 0.23843297362327576 -1.8271992206573486 
v -0.5601760745048523 0.2816843092441559 -1.828642725944519 
v -0.5593514442443848 0.2859039604663849 -1.8437367677688599 
v -0.5593514442443848 0.3224741816520691 -1.836386799812317 
v -0.5651236772537231 0.2778162956237793 -1.8138114213943481 
v -0.5601760745048523 0.3203643560409546 -1.8211613893508911 
v -0.5651236772537231 0.3186061680316925 -1.8056737184524536 
v -0.5601760745048523 0.35974767804145813 -1.818405270576477 
v -0.5651236772537231 0.35974767804145813 -1.8029173612594604 
v -0.5651236772537231 0.3186061680316925 -1.8056737184524536 
v -0.5651236772537231 0.35974767804145813 -1.8029173612594604 
v -0.5601760745048523 0.39913100004196167 -1.8211613893508911 
v -0.5593514442443848 0.39702120423316956 -1.836386799812317 
v -0.5601760745048523 0.4378110468387604 -1.828642725944519 
v -0.5651236772537231 0.40124082565307617 -1.8056737184524536 
v -0.5651236772537231 0.35974767804145813 -1.8029173612594604 
v -0.5651236772537231 0.40124082565307617 -1.8056737184524536 
v -0.5593514442443848 0.4339430630207062 -1.8437367677688599 
v -0.5601760745048523 0.4378110468387604 -1.828642725944519 
v -0.5601760745048523 0.39913100004196167 -1.8211613893508911 
v -0.5601760745048523 0.4378110468387604 -1.828642725944519 
v -0.5593514442443848 0.4691067337989807 -1.8556808233261108 
v -0.5642990469932556 0.46383219957351685 -1.8690685033798218 
v -0.5593514442443848 0.39702120423316956 -1.836386799812317 
v -0.5642990469932556 0.4300750494003296 -1.8577808141708374 
v -0.5642990469932556 0.39526301622390747 -1.8506931066513062 
v -0.5593514442443848 0.35974767804145813 -1.8338929414749146 
v -0.5593514442443848 0.35974767804145813 -1.8338929414749146 
v -0.5601760745048523 0.35974767804145813 -1.818405270576477 
v -0.5601760745048523 0.3203643560409546 -1.8211613893508911 
v -0.5601760745048523 0.2816843092441559 -1.828642725944519 
v -0.5601760745048523 0.3203643560409546 -1.8211613893508911 
v -0.5642990469932556 0.35974767804145813 -1.8485931158065796 
v -0.5642990469932556 0.39526301622390747 -1.8506931066513062 
v -0.5717793703079224 0.3935048282146454 -1.864080786705017 
v -0.5593514442443848 0.3224741816520691 -1.836386799812317 
v -0.5642990469932556 0.3242323696613312 -1.8506931066513062 
v -0.5717793703079224 0.35974767804145813 -1.8619807958602905 
v -0.5717793703079224 0.3935048282146454 -1.864080786705017 
v -0.5593514442443848 0.2859039604663849 -1.8437367677688599 
v -0.5642990469932556 0.28942033648490906 -1.8577808141708374 
v -0.5593514442443848 0.25038865208625793 -1.8556809425354004 
v -0.5717793703079224 0.32599055767059326 -1.864080786705017 
v -0.5642990469932556 0.3242323696613312 -1.8506931066513062 
v -0.5642990469932556 0.3242323696613312 -1.8506931066513062 
v -0.5717793703079224 0.4265586733818054 -1.8707746267318726 
v -0.5717793703079224 0.4585576355457306 -1.8816686868667603 
v -0.5717793703079224 0.4887984097003937 -1.8965002298355103 
v -0.5717793703079224 0.5169293284416199 -1.9154003858566284 
v -0.5642990469932556 0.39526301622390747 -1.8506931066513062 
v -0.5642990469932556 0.4954794943332672 -1.88481867313385 
v -0.5642990469932556 0.4954794943332672 -1.88481867313385 
v -0.5642990469932556 0.46383219957351685 -1.8690685033798218 
v -0.5593514442443848 0.4339430630207062 -1.8437367677688599 
v -0.5642990469932556 0.39526301622390747 -1.8506931066513062 
v -0.5717793703079224 0.4887984097003937 -1.8965002298355103 
v -0.5642990469932556 0.46383219957351685 -1.8690685033798218 
v -0.5642990469932556 0.4300750494003296 -1.8577808141708374 
v -0.5642990469932556 0.46383219957351685 -1.8690685033798218 
v -0.5642990469932556 0.5250169634819031 -1.9045065641403198 
v -0.5593514442443848 0.502863883972168 -1.8722184896469116 
v -0.5593514442443848 0.4691067337989807 -1.8556808233261108 
v -0.5601760745048523 0.4378110468387604 -1.828642725944519 
v -0.5601760745048523 0.4750845432281494 -1.8416367769241333 
v -0.5593514442443848 0.502863883972168 -1.8722184896469116 
v -0.5601760745048523 0.4750845432281494 -1.8416367769241333 
v -0.5601760745048523 0.4750845432281494 -1.8416367769241333 
v -0.5601760745048523 0.5105998516082764 -1.8588308095932007 
v -0.5593514442443848 0.5338079333305359 -1.8933500051498413 
v -0.5642990469932556 0.5250169634819031 -1.9045065641403198 
v -0.5651236772537231 0.5183358788490295 -1.8454431295394897 
v -0.5601760745048523 0.5433021187782288 -1.880618691444397 
v -0.5651236772537231 0.40124082565307617 -1.8056737184524536 
v -0.5750777721405029 0.35974767804145813 -1.7892671823501587 
v -0.5651236772537231 0.4420306980609894 -1.8138114213943481 
v -0.5601760745048523 0.4378110468387604 -1.828642725944519 
v -0.5651236772537231 0.4810623824596405 -1.827199101448059 
v -0.5651236772537231 0.5183358788490295 -1.8454431295394897 
v -0.5651236772537231 0.5527963042259216 -1.8682810068130493 
v -0.5651236772537231 0.5527963042259216 -1.8682810068130493 
v -0.5593514442443848 0.5865314602851868 -1.9459820985794067 
v -0.5601760745048523 0.599190354347229 -1.936531901359558 
v -0.5601760745048523 0.5433021187782288 -1.880618691444397 
v -0.5593514442443848 0.5619388818740845 -1.9178942441940308 
v -0.5642990469932556 0.5517414212226868 -1.9281319379806519 
v -0.5601760745048523 0.573191225528717 -1.9066065549850464 
v -0.5593514442443848 0.5619388818740845 -1.9178942441940308 
v -0.5642990469932556 0.5753010511398315 -1.9547759294509888 
v -0.5642990469932556 0.5949707627296448 -1.9843076467514038 
v -0.5717793703079224 0.5833667516708374 -1.9910014867782593 
v -0.5717793703079224 0.564400315284729 -1.9629136323928833 
v -0.5593514442443848 0.5619388818740845 -1.9178942441940308 
v -0.5642990469932556 0.5753010511398315 -1.9547759294509888 
v -0.5717793703079224 0.5422471761703491 -1.9375818967819214 
v -0.5717793703079224 0.5169293284416199 -1.9154003858566284 
v -0.5593514442443848 0.5338079333305359 -1.8933500051498413 
v -0.5642990469932556 0.5250169634819031 -1.9045065641403198 
v -0.5717793703079224 0.5422471761703491 -1.9375818967819214 
v -0.5717793703079224 0.5981354713439941 -2.0213208198547363 
v -0.5717793703079224 0.6090362071990967 -2.0532150268554688 
v -0.5717793703079224 0.6157392859458923 -2.0862905979156494 
v -0.5717793703079224 0.6178491711616516 -2.1200222969055176 
v -0.5642990469932556 0.6108164191246033 -2.015939474105835 
v -0.5642990469932556 0.6108164191246033 -2.015939474105835 
v -0.5642990469932556 0.6220467686653137 -2.049802303314209 
v -0.5593514442443848 0.6241565942764282 -2.0106892585754395 
v -0.5642990469932556 0.6290795207023621 -2.0845842361450195 
v -0.5642990469932556 0.6311893463134766 -2.1200220584869385 
v -0.5642990469932556 0.6290795207023621 -2.0845842361450195 
v -0.5717793703079224 0.6178491711616516 -2.1200222969055176 
v -0.5593514442443848 0.6361122727394104 -2.0458648204803467 
v -0.5593514442443848 0.6361122727394104 -2.0458648204803467 
v -0.5593514442443848 0.5865314602851868 -1.9459820985794067 
v -0.5593514442443848 0.607629656791687 -1.9769576787948608 
v -0.5601760745048523 0.599190354347229 -1.936531901359558 
v -0.5593514442443848 0.607629656791687 -1.9769576787948608 
v -0.5601760745048523 0.6209918856620789 -1.969213843345642 
v -0.5601760745048523 0.6209918856620789 -1.969213843345642 
v -0.5874468088150024 0.27148693799972534 -2.4498586654663086 
v -0.5874468088150024 0.3150899112224579 -2.4586524963378906 
v -0.5750777721405029 0.2743000388145447 -2.4397523403167725 
v -0.5750777721405029 0.23315854370594025 -2.425577163696289 
v -0.5750777721405029 0.2743000388145447 -2.4397523403167725 
v -0.5651236772537231 0.20115956664085388 -2.39473295211792 
v -0.5874468088150024 0.27148693799972534 -2.4498586654663086 
v -0.5874468088150024 0.22893889248371124 -2.4354209899902344 
v -0.5750777721405029 0.19447848200798035 -2.406676769256592 
v -0.5750777721405029 0.23315854370594025 -2.425577163696289 
v -0.5874468088150024 0.22893889248371124 -2.4354209899902344 
v -0.5874468088150024 0.06404317915439606 -2.290912389755249 
v -0.5874468088150024 0.08865775913000107 -2.327925682067871 
v -0.5601760745048523 0.06861445307731628 -2.198117256164551 
v -0.5651236772537231 0.05349406972527504 -2.202054977416992 
v -0.5651236772537231 0.05349406972527504 -2.202054977416992 
v -0.5601760745048523 0.06087842211127281 -2.159398078918457 
v -0.5874468088150024 0.02993438020348549 -2.208354949951172 
v -0.5874468088150024 0.04435152933001518 -2.250880718231201 
v -0.5750777721405029 0.04013187065720558 -2.205467462539673 
v -0.5750777721405029 0.031692590564489365 -2.1633355617523193 
v -0.5750777721405029 0.04013187065720558 -2.205467462539673 
v -0.5651236772537231 0.04540642723441124 -2.1612355709075928 
v -0.5651236772537231 0.05349406972527504 -2.202054977416992 
v -0.5601760745048523 0.06087842211127281 -2.159398078918457 
v -0.5651236772537231 0.05349406972527504 -2.202054977416992 
v -0.5651236772537231 0.04540642723441124 -2.1612355709075928 
v -0.5601760745048523 0.058416981250047684 -2.1200222969055176 
v -0.5750777721405029 0.031692590564489365 -2.1633355617523193 
v -0.5651236772537231 0.042944956570863724 -2.1200222969055176 
v -0.5750777721405029 0.031692590564489365 -2.1633355617523193 
v -0.5750777721405029 0.028879482299089432 -2.1200222969055176 
v -0.5874468088150024 0.021143462508916855 -2.1647794246673584 
v -0.5874468088150024 0.018330354243516922 -2.1200222969055176 
v -0.5750777721405029 0.03169257566332817 -2.076840400695801 
v -0.5651236772537231 0.045406412333250046 -2.0785467624664307 
v -0.5651236772537231 0.042944956570863724 -2.1200222969055176 
v -0.5601760745048523 0.06087840721011162 -2.0806467533111572 
v -0.5651236772537231 0.045406412333250046 -2.0785467624664307 
v -0.5601760745048523 0.0686144307255745 -2.0420587062835693 
v -0.5651236772537231 0.05349403992295265 -2.037858724594116 
v -0.5601760745048523 0.08127334713935852 -2.0047831535339355 
v -0.5593514442443848 0.09569045901298523 -2.0106894969940186 
v -0.5593514442443848 0.08373481780290604 -2.045865058898926 
v -0.5642990469932556 0.10905265808105469 -2.015939474105835 
v -0.5642990469932556 0.12452468276023865 -1.9843077659606934 
v -0.5593514442443848 0.11221738904714584 -1.9769577980041504 
v -0.5601760745048523 0.08127334713935852 -2.0047831535339355 
v -0.5593514442443848 0.11221738904714584 -1.9769577980041504 
v -0.5601760745048523 0.09850355237722397 -1.9692139625549316 
v -0.5651236772537231 0.05349403992295265 -2.037858724594116 
v -0.5651236772537231 0.06685623526573181 -1.9987454414367676 
v -0.5601760745048523 0.09850355237722397 -1.9692139625549316 
v -0.5651236772537231 0.06685623526573181 -1.9987454414367676 
v -0.5651236772537231 0.08514135330915451 -1.9614698886871338 
v -0.5601760745048523 0.12065665423870087 -1.9365320205688477 
v -0.5593514442443848 0.1575785130262375 -1.9178943634033203 
v -0.5601760745048523 0.14667777717113495 -1.906606674194336 
v -0.5601760745048523 0.14667777717113495 -1.906606674194336 
v -0.5593514442443848 0.18570946156978607 -1.8933501243591309 
v -0.5601760745048523 0.1762152761220932 -1.8806188106536865 
v -0.5593514442443848 0.21663151681423187 -1.8722186088562012 
v -0.5642990469932556 0.22401590645313263 -1.8848187923431396 
v -0.5642990469932556 0.2560148239135742 -1.8690685033798218 
v -0.5717793703079224 0.23069699108600616 -1.8965003490447998 
v -0.5717793703079224 0.26093775033950806 -1.8816686868667603 
v -0.5642990469932556 0.19447840750217438 -1.9045066833496094 
v -0.5642990469932556 0.22401590645313263 -1.8848187923431396 
v -0.5717793703079224 0.26093775033950806 -1.8816686868667603 
v -0.5717793703079224 0.29293668270111084 -1.8707746267318726 
v -0.5642990469932556 0.2560148239135742 -1.8690685033798218 
v -0.5642990469932556 0.28942033648490906 -1.8577808141708374 
v -0.5717793703079224 0.32599055767059326 -1.864080786705017 
v -0.5642990469932556 0.28942033648490906 -1.8577808141708374 
v -0.5593514442443848 0.25038865208625793 -1.8556809425354004 
v -0.5593514442443848 0.25038865208625793 -1.8556809425354004 
v -0.5593514442443848 0.21663151681423187 -1.8722186088562012 
v -0.5642990469932556 0.22401590645313263 -1.8848187923431396 
v -0.5642990469932556 0.2560148239135742 -1.8690685033798218 
v -0.5601760745048523 0.2088955044746399 -1.8588309288024902 
v -0.5601760745048523 0.1762152761220932 -1.8806188106536865 
v -0.5651236772537231 0.16672104597091675 -1.8682811260223389 
v -0.5651236772537231 0.1357770413160324 -1.8957128524780273 
v -0.5601760745048523 0.14667777717113495 -1.906606674194336 
v -0.5651236772537231 0.10834936797618866 -1.9270820617675781 
v -0.5601760745048523 0.1762152761220932 -1.8806188106536865 
v -0.5651236772537231 0.1357770413160324 -1.8957128524780273 
v -0.5601760745048523 0.12065665423870087 -1.9365320205688477 
v -0.5651236772537231 0.10834936797618866 -1.9270820617675781 
v -0.5651236772537231 0.08514135330915451 -1.9614698886871338 
v -0.5750777721405029 0.07318567484617233 -1.9545135498046875 
v -0.5750777721405029 0.07318567484617233 -1.9545135498046875 
v -0.5750777721405029 0.0970969945192337 -1.9185504913330078 
v -0.5874468088150024 0.06404312700033188 -1.9491322040557861 
v -0.5874468088150024 0.0443514846265316 -1.989295482635498 
v -0.5874468088150024 0.0886576920747757 -1.9118566513061523 
v -0.5874468088150024 0.06404312700033188 -1.9491322040557861 
v -0.5750777721405029 0.12593118846416473 -1.885868787765503 
v -0.5750777721405029 0.0970969945192337 -1.9185504913330078 
v -0.5651236772537231 0.1357770413160324 -1.8957128524780273 
v -0.5750777721405029 0.0970969945192337 -1.9185504913330078 
v -0.5651236772537231 0.10834936797618866 -1.9270820617675781 
v -0.5750777721405029 0.0970969945192337 -1.9185504913330078 
v -0.5874468088150024 0.04435152933001518 -2.250880718231201 
v -0.5750777721405029 0.05419735237956047 -2.246680498123169 
v -0.5750777721405029 0.07318572700023651 -2.285399913787842 
v -0.5750777721405029 0.04013187065720558 -2.205467462539673 
v -0.5750777721405029 0.040131840854883194 -2.0343148708343506 
v -0.5874468088150024 0.0299343504011631 -2.0314273834228516 
v -0.5750777721405029 0.05419730767607689 -1.9934954643249512 
v -0.5874468088150024 0.0443514846265316 -1.989295482635498 
v -0.5750777721405029 0.05419730767607689 -1.9934954643249512 
v -0.5651236772537231 0.08514135330915451 -1.9614698886871338 
v -0.5750777721405029 0.040131840854883194 -2.0343148708343506 
v -0.5874468088150024 0.02114344760775566 -2.075396776199341 
v -0.5874468088150024 0.02114344760775566 -2.075396776199341 
v -0.5750777721405029 0.03169257566332817 -2.076840400695801 
v -0.5874468088150024 0.018330354243516922 -2.1200222969055176 
v -0.5651236772537231 0.05349403992295265 -2.037858724594116 
v -0.5651236772537231 0.06685623526573181 -1.9987454414367676 
v -0.5750777721405029 0.040131840854883194 -2.0343148708343506 
v -0.5750777721405029 0.03169257566332817 -2.076840400695801 
v -0.5593514442443848 0.13296394050121307 -1.9459822177886963 
v -0.5601760745048523 0.12065665423870087 -1.9365320205688477 
v -0.5593514442443848 0.1575785130262375 -1.9178943634033203 
v -0.5642990469932556 0.1677759736776352 -1.9281320571899414 
v -0.5601760745048523 0.09850355237722397 -1.9692139625549316 
v -0.5642990469932556 0.14456795156002045 -1.9547760486602783 
v -0.5593514442443848 0.11221738904714584 -1.9769577980041504 
v -0.5593514442443848 0.13296394050121307 -1.9459822177886963 
v -0.5593514442443848 0.1575785130262375 -1.9178943634033203 
v -0.5593514442443848 0.18570946156978607 -1.8933501243591309 
v -0.5717793703079224 0.20256604254245758 -1.915400505065918 
v -0.5717793703079224 0.23069699108600616 -1.8965003490447998 
v -0.5642990469932556 0.19447840750217438 -1.9045066833496094 
v -0.5642990469932556 0.1677759736776352 -1.9281320571899414 
v -0.5717793703079224 0.23069699108600616 -1.8965003490447998 
v -0.5717793703079224 0.20256604254245758 -1.915400505065918 
v -0.5717793703079224 0.17727018892765045 -1.937582015991211 
v -0.5717793703079224 0.15511706471443176 -1.9629137516021729 
v -0.5717793703079224 0.13648033142089844 -1.9910016059875488 
v -0.5642990469932556 0.14456795156002045 -1.9547760486602783 
v -0.5717793703079224 0.20256604254245758 -1.915400505065918 
v -0.5593514442443848 0.11221738904714584 -1.9769577980041504 
v -0.5642990469932556 0.10905265808105469 -2.015939474105835 
v -0.5642990469932556 0.10905265808105469 -2.015939474105835 
v -0.5717793703079224 0.1213599443435669 -2.0213208198547363 
v -0.5717793703079224 0.11045921593904495 -2.0532150268554688 
v -0.5717793703079224 0.10412974655628204 -2.0862905979156494 
v -0.5717793703079224 0.10166829079389572 -2.1200222969055176 
v -0.5717793703079224 0.10412975400686264 -2.1538853645324707 
v -0.5717793703079224 0.11045923829078674 -2.1868295669555664 
v -0.5717793703079224 0.13648037612438202 -2.2491743564605713 
v -0.5642990469932556 0.09744865447282791 -2.049802541732788 
v -0.5642990469932556 0.08830609172582626 -2.1200222969055176 
v -0.5642990469932556 0.09076755493879318 -2.1555917263031006 
v -0.5642990469932556 0.0974486768245697 -2.190373420715332 
v -0.5642990469932556 0.10905269533395767 -2.2238426208496094 
v -0.5717793703079224 0.12135998159646988 -2.218855142593384 
v -0.5642990469932556 0.14456801116466522 -2.285399913787842 
v -0.5642990469932556 0.12452472001314163 -2.2558681964874268 
v -0.5642990469932556 0.08830609172582626 -2.1200222969055176 
v -0.5593514442443848 0.07635044306516647 -2.1572980880737305 
v -0.5642990469932556 0.09744865447282791 -2.049802541732788 
v -0.5642990469932556 0.09076754748821259 -2.0845844745635986 
v -0.5593514442443848 0.07635043561458588 -2.082746744155884 
v -0.5642990469932556 0.09744865447282791 -2.049802541732788 
v -0.5593514442443848 0.08373481780290604 -2.045865058898926 
v -0.5642990469932556 0.10905265808105469 -2.015939474105835 
v -0.5593514442443848 0.07635043561458588 -2.082746744155884 
v -0.5601760745048523 0.06087840721011162 -2.0806467533111572 
v -0.5651236772537231 0.042944956570863724 -2.1200222969055176 
v -0.5601760745048523 0.06087840721011162 -2.0806467533111572 
v -0.5593514442443848 0.07388897985219955 -2.1200222969055176 
v -0.5593514442443848 0.07388897985219955 -2.1200222969055176 
v -0.5601760745048523 0.06087842211127281 -2.159398078918457 
v -0.5601760745048523 0.0686144307255745 -2.0420587062835693 
v -0.5874468088150024 0.6983519792556763 -2.0753965377807617 
v -0.5874468088150024 0.6899126768112183 -2.0314271450042725 
v -0.5651236772537231 0.6740890145301819 -2.0785465240478516 
v -0.5651236772537231 0.676902174949646 -2.1200220584869385 
v -0.5750777721405029 0.6906160116195679 -2.1200220584869385 
v -0.5750777721405029 0.6878028512001038 -2.0768401622772217 
v -0.5874468088150024 0.7015167474746704 -2.1200220584869385 
v -0.5750777721405029 0.6906160116195679 -2.1200220584869385 
v -0.5750777721405029 0.6878029108047485 -2.1633353233337402 
v -0.5874468088150024 0.6983519792556763 -2.1647791862487793 
v -0.5874468088150024 0.689912736415863 -2.2083547115325928 
v -0.5750777721405029 0.6793636083602905 -2.2054672241210938 
v -0.5750777721405029 0.6878029108047485 -2.1633353233337402 
v -0.5750777721405029 0.6793636083602905 -2.2054672241210938 
v -0.5750777721405029 0.6656497716903687 -2.24668025970459 
v -0.5651236772537231 0.6526392102241516 -2.2414302825927734 
v -0.5750777721405029 0.6793636083602905 -2.2054672241210938 
v -0.5651236772537231 0.6660014390945435 -2.202054738998413 
v -0.5750777721405029 0.6878029108047485 -2.1633353233337402 
v -0.5651236772537231 0.6740890741348267 -2.1612353324890137 
v -0.5750777721405029 0.6878029108047485 -2.1633353233337402 
v -0.5750777721405029 0.6906160116195679 -2.1200220584869385 
v -0.5651236772537231 0.676902174949646 -2.1200220584869385 
v -0.5601760745048523 0.6586170196533203 -2.159397840499878 
v -0.5651236772537231 0.6740890741348267 -2.1612353324890137 
v -0.5601760745048523 0.6512326598167419 -2.1981170177459717 
v -0.5593514442443848 0.6361122727394104 -2.1939170360565186 
v -0.5601760745048523 0.6586170196533203 -2.159397840499878 
v -0.5601760745048523 0.6614301204681396 -2.1200220584869385 
v -0.5651236772537231 0.676902174949646 -2.1200220584869385 
v -0.5593514442443848 0.6434966325759888 -2.1572978496551514 
v -0.5651236772537231 0.6740890145301819 -2.0785465240478516 
v -0.5601760745048523 0.6512326598167419 -2.1981170177459717 
v -0.5651236772537231 0.6660014390945435 -2.202054738998413 
v -0.5601760745048523 0.6586170196533203 -2.159397840499878 
v -0.5593514442443848 0.6459581255912781 -2.1200220584869385 
v -0.5601760745048523 0.6614301204681396 -2.1200220584869385 
v -0.5593514442443848 0.6361122727394104 -2.1939170360565186 
v -0.5642990469932556 0.6220468282699585 -2.190373182296753 
v -0.5593514442443848 0.6361122727394104 -2.1939170360565186 
v -0.5642990469932556 0.6108164191246033 -2.2238426208496094 
v -0.5642990469932556 0.5949708223342896 -2.2558681964874268 
v -0.5642990469932556 0.5949708223342896 -2.2558681964874268 
v -0.5717793703079224 0.5644003748893738 -2.2772622108459473 
v -0.5642990469932556 0.6108164191246033 -2.2238426208496094 
v -0.5642990469932556 0.6220468282699585 -2.190373182296753 
v -0.5593514442443848 0.6434966325759888 -2.1572978496551514 
v -0.5593514442443848 0.6459581255912781 -2.1200220584869385 
v -0.5593514442443848 0.624156653881073 -2.2294862270355225 
v -0.5642990469932556 0.5949708223342896 -2.2558681964874268 
v -0.5593514442443848 0.624156653881073 -2.2294862270355225 
v -0.5642990469932556 0.5753011107444763 -2.285399913787842 
v -0.5642990469932556 0.5753011107444763 -2.285399913787842 
v -0.5642990469932556 0.5517414808273315 -2.312044143676758 
v -0.5601760745048523 0.6512326598167419 -2.1981170177459717 
v -0.5601760745048523 0.6382220983505249 -2.2353925704956055 
v -0.5593514442443848 0.6076297163963318 -2.263218402862549 
v -0.5651236772537231 0.6526392102241516 -2.2414302825927734 
v -0.5601760745048523 0.6209919452667236 -2.2709619998931885 
v -0.5651236772537231 0.6343541145324707 -2.2787058353424072 
v -0.5651236772537231 0.6343541145324707 -2.2787058353424072 
v -0.5601760745048523 0.5991904735565186 -2.3036439418792725 
v -0.5750777721405029 0.6656497716903687 -2.24668025970459 
v -0.5874468088150024 0.6754956245422363 -2.250880479812622 
v -0.5874468088150024 0.689912736415863 -2.2083547115325928 
v -0.5651236772537231 0.6660014390945435 -2.202054738998413 
v -0.5593514442443848 0.5865315198898315 -2.294193744659424 
v -0.5601760745048523 0.5991904735565186 -2.3036439418792725 
v -0.5601760745048523 0.6209919452667236 -2.2709619998931885 
v -0.5642990469932556 0.5517414808273315 -2.312044143676758 
v -0.5593514442443848 0.5619389414787292 -2.322281837463379 
v -0.5717793703079224 0.5169293880462646 -2.324775457382202 
v -0.5593514442443848 0.5619389414787292 -2.322281837463379 
v -0.5642990469932556 0.5250170826911926 -2.335275650024414 
v -0.5601760745048523 0.5433021783828735 -2.359163522720337 
v -0.5593514442443848 0.5028639435768127 -2.3675637245178223 
v -0.5593514442443848 0.5338079929351807 -2.3468258380889893 
v -0.5642990469932556 0.4954795837402344 -2.3553571701049805 
v -0.5593514442443848 0.5619389414787292 -2.322281837463379 
v -0.5642990469932556 0.4638322591781616 -2.370845079421997 
v -0.5593514442443848 0.4691068232059479 -2.384101390838623 
v -0.5601760745048523 0.5105999708175659 -2.38134503364563 
v -0.5601760745048523 0.5433021783828735 -2.359163522720337 
v -0.5601760745048523 0.5105999708175659 -2.38134503364563 
v -0.5593514442443848 0.4691068232059479 -2.384101390838623 
v -0.5642990469932556 0.43007513880729675 -2.3823952674865723 
v -0.5717793703079224 0.39350491762161255 -2.3757011890411377 
v -0.5642990469932556 0.39526310563087463 -2.3890891075134277 
v -0.5593514442443848 0.43394315242767334 -2.396045446395874 
v -0.5593514442443848 0.43394315242767334 -2.396045446395874 
v -0.5601760745048523 0.4750846326351166 -2.3985390663146973 
v -0.5601760745048523 0.4750846326351166 -2.3985390663146973 
v -0.5601760745048523 0.43781113624572754 -2.4112706184387207 
v -0.5593514442443848 0.3970212936401367 -2.403526782989502 
v -0.5642990469932556 0.39526310563087463 -2.3890891075134277 
v -0.5642990469932556 0.3597477674484253 -2.391582727432251 
v -0.5593514442443848 0.3597477674484253 -2.4058892726898193 
v -0.5642990469932556 0.39526310563087463 -2.3890891075134277 
v -0.5593514442443848 0.3597477674484253 -2.4058892726898193 
v -0.5593514442443848 0.3597477674484253 -2.4058892726898193 
v -0.5593514442443848 0.32247427105903625 -2.403526782989502 
v -0.5642990469932556 0.2894204258918762 -2.3823952674865723 
v -0.5651236772537231 0.44203078746795654 -2.4263646602630615 
v -0.5601760745048523 0.39913108944892883 -2.4190144538879395 
v -0.5651236772537231 0.40124091506004333 -2.434370994567871 
v -0.5651236772537231 0.40124091506004333 -2.434370994567871 
v -0.5651236772537231 0.44203078746795654 -2.4263646602630615 
v -0.5750777721405029 0.4455471634864807 -2.4397523403167725 
v -0.5874468088150024 0.49055665731430054 -2.4354209899902344 
v -0.5750777721405029 0.4455471634864807 -2.4397523403167725 
v -0.5874468088150024 0.49055665731430054 -2.4354209899902344 
v -0.5750777721405029 0.4863370358943939 -2.425577163696289 
v -0.5750777721405029 0.4863370358943939 -2.425577163696289 
v -0.5651236772537231 0.48106247186660767 -2.4129769802093506 
v -0.5874468088150024 0.5306432843208313 -2.4157330989837646 
v -0.5750777721405029 0.4863370358943939 -2.425577163696289 
v -0.5750777721405029 0.5253686904907227 -2.406676769256592 
v -0.5874468088150024 0.567916750907898 -2.3911890983581543 
v -0.5750777721405029 0.5253686904907227 -2.406676769256592 
v -0.5874468088150024 0.567916750907898 -2.3911890983581543 
v -0.5750777721405029 0.5612356662750244 -2.382788896560669 
v -0.5874468088150024 0.6013002991676331 -2.3616573810577393 
v -0.5750777721405029 0.5612356662750244 -2.382788896560669 
v -0.5750777721405029 0.5612356662750244 -2.382788896560669 
v -0.5750777721405029 0.5939158797264099 -2.3539135456085205 
v -0.5874468088150024 0.6308377385139465 -2.327925443649292 
v -0.5750777721405029 0.5939158797264099 -2.3539135456085205 
v -0.5750777721405029 0.6223984956741333 -2.3214941024780273 
v -0.5651236772537231 0.5527963638305664 -2.3715012073516846 
v -0.5651236772537231 0.584070086479187 -2.344069480895996 
v -0.5601760745048523 0.5433021783828735 -2.359163522720337 
v -0.5601760745048523 0.5105999708175659 -2.38134503364563 
v -0.5651236772537231 0.5183359980583191 -2.39473295211792 
v -0.5601760745048523 0.4750846326351166 -2.3985390663146973 
v -0.5750777721405029 0.5612356662750244 -2.382788896560669 
v -0.5651236772537231 0.48106247186660767 -2.4129769802093506 
v -0.5651236772537231 0.44203078746795654 -2.4263646602630615 
v -0.5750777721405029 0.5253686904907227 -2.406676769256592 
v -0.5750777721405029 0.5253686904907227 -2.406676769256592 
v -0.5750777721405029 0.6223984956741333 -2.3214941024780273 
v -0.5651236772537231 0.6115196943283081 -2.313094139099121 
v -0.5651236772537231 0.584070086479187 -2.344069480895996 
v -0.5601760745048523 0.5731912851333618 -2.3331756591796875 
v -0.5874468088150024 0.6558039784431458 -2.29091215133667 
v -0.5750777721405029 0.6463097929954529 -2.2853996753692627 
v -0.5651236772537231 0.6115196943283081 -2.313094139099121 
v -0.5601760745048523 0.5991904735565186 -2.3036439418792725 
v -0.5601760745048523 0.5991904735565186 -2.3036439418792725 
v -0.5601760745048523 0.5731912851333618 -2.3331756591796875 
v -0.5750777721405029 0.6463097929954529 -2.2853996753692627 
v -0.5750777721405029 0.6463097929954529 -2.2853996753692627 
v -0.5750777721405029 0.6656497716903687 -2.24668025970459 
v -0.5750777721405029 0.6656497716903687 -2.24668025970459 
v -0.5651236772537231 0.6660013794898987 -2.037858486175537 
v -0.5601760745048523 0.6586170196533203 -2.080646514892578 
v -0.5601760745048523 0.6614301204681396 -2.1200220584869385 
v -0.5593514442443848 0.3597477674484253 -2.4058892726898193 
v -0.5601760745048523 0.3597477674484253 -2.421376943588257 
v -0.5601760745048523 0.39913108944892883 -2.4190144538879395 
v -0.5601760745048523 0.3597477674484253 -2.421376943588257 
v -0.5601760745048523 0.39913108944892883 -2.4190144538879395 
v -0.5593514442443848 0.25038865208625793 -1.8556809425354004 
v -0.5601760745048523 0.24441081285476685 -1.8416368961334229 
v -0.5601760745048523 0.2088955044746399 -1.8588309288024902 
v -0.5642990469932556 0.4638322591781616 -2.370845079421997 
v -0.5717793703079224 0.4265587627887726 -2.369401216506958 
v -0.5642990469932556 0.4638322591781616 -2.370845079421997 
v -0.5642990469932556 0.4954795837402344 -2.3553571701049805 
v -0.5642990469932556 0.4954795837402344 -2.3553571701049805 
v -0.5642990469932556 0.5250170826911926 -2.335275650024414 
v -0.5717793703079224 0.48879846930503845 -2.3434133529663086 
v -0.5642990469932556 0.5250170826911926 -2.335275650024414 
v -0.5642990469932556 0.5517414808273315 -2.312044143676758 
v -0.5642990469932556 0.09076754748821259 -2.0845844745635986 
v -0.5717793703079224 0.11045921593904495 -2.0532150268554688 
v -0.5642990469932556 0.09076754748821259 -2.0845844745635986 
v -0.5642990469932556 0.08830609172582626 -2.1200222969055176 
vn -0.6491785645484924 -0.11553043872117996 0.7518110871315002 
vn -0.6459203362464905 -0.015292399562895298 0.7632516026496887 
vn -0.7390155792236328 -0.0851001963019371 0.6682918071746826 
vn -0.8956160545349121 -0.11118916422128677 0.43070733547210693 
vn -0.7343121767044067 -0.17603832483291626 0.6555884480476379 
vn -0.8933369517326355 -0.1674293726682663 0.4170328974723816 
vn -0.7370554804801941 -0.257060170173645 0.6250354051589966 
vn -0.6501681208610535 -0.21460267901420593 0.7288532257080078 
vn -0.7343121767044067 -0.17603832483291626 0.6555884480476379 
vn -0.7390155792236328 -0.0851001963019371 0.6682918071746826 
vn -0.8957543969154358 0.0021846217568963766 0.4445439279079437 
vn -0.8941746354103088 -0.054590318351984024 0.4443778395652771 
vn -0.7384083271026611 0.0021845842711627483 0.6743503212928772 
vn -0.7390155792236328 -0.0851001963019371 0.6682918071746826 
vn -0.8956160545349121 -0.11118916422128677 0.43070733547210693 
vn -0.7390155792236328 -0.0851001963019371 0.6682918071746826 
vn -0.9839031100273132 -0.06767383962869644 0.1653933972120285 
vn -0.8933369517326355 -0.1674293726682663 0.4170328974723816 
vn -0.983401894569397 -0.08945282548666 0.15785734355449677 
vn -0.8933369517326355 -0.1674293726682663 0.4170328974723816 
vn -0.9902716279029846 0.054590269923210144 -0.12799207866191864 
vn -0.9838805794715881 -0.045862551778554916 0.17284555733203888 
vn -0.9839031100273132 -0.06767383962869644 0.1653933972120285 
vn -0.7384083271026611 0.0021845842711627483 0.6743503212928772 
vn -0.6480443477630615 0.0807456225156784 0.757310152053833 
vn -0.8956160545349121 -0.11118916422128677 0.43070733547210693 
vn -0.9900950789451599 0.07203254848718643 -0.12051182240247726 
vn -0.915834903717041 0.20178177952766418 -0.3471750319004059 
vn -0.9902716279029846 0.054590269923210144 -0.12799207866191864 
vn -0.9132343530654907 0.1588076502084732 -0.37521082162857056 
vn -0.9899216890335083 0.04149732366204262 -0.13539931178092957 
vn -0.9119608402252197 0.10684581845998764 -0.39612045884132385 
vn -0.9899216890335083 0.04149732366204262 -0.13539931178092957 
vn -0.968716025352478 0.028397269546985626 -0.24654176831245422 
vn -0.969183623790741 0.05895262584090233 -0.2391812801361084 
vn -0.9134073257446289 0.054590314626693726 -0.4033694863319397 
vn -0.9149710536003113 0.0021847598254680634 -0.4035136103630066 
vn -0.9134073257446289 0.054590314626693726 -0.4033694863319397 
vn -0.9907727837562561 0.0021847162861377 -0.1355157196521759 
vn -0.9149710536003113 0.0021847598254680634 -0.4035136103630066 
vn -0.9906592965126038 -0.015292252413928509 -0.1355002075433731 
vn -0.9907727837562561 0.0021847162861377 -0.1355157196521759 
vn -0.9833359122276306 0.024029310792684555 0.18020299077033997 
vn -0.9833359122276306 0.024029310792684555 0.18020299077033997 
vn -0.9836175441741943 0.0021846648305654526 0.18025460839271545 
vn -0.9904890656471252 0.024029362946748734 -0.13547691702842712 
vn -0.9834297895431519 -0.01966102607548237 0.18022020161151886 
vn -0.893952488899231 0.05895251780748367 0.4442674517631531 
vn -0.7387327551841736 0.08945269137620926 0.6680360436439514 
vn -0.7384083271026611 0.0021845842711627483 0.6743503212928772 
vn -0.9904890656471252 0.024029362946748734 -0.13547691702842712 
vn -0.7387327551841736 0.08945269137620926 0.6680360436439514 
vn -0.8957543969154358 0.0021846217568963766 0.4445439279079437 
vn -0.9833359122276306 0.024029310792684555 0.18020299077033997 
vn -0.9836175441741943 0.0021846648305654526 0.18025460839271545 
vn -0.893952488899231 0.05895251780748367 0.4442674517631531 
vn -0.9902431964874268 -0.03276455029845238 -0.1354432851076126 
vn -0.9836738705635071 0.050226833671331406 0.17280925810337067 
vn -0.9830065965652466 0.0938037857413292 0.15779392421245575 
vn -0.9836021065711975 0.07203249633312225 0.16534283757209778 
vn -0.892857551574707 0.227386474609375 0.3887168765068054 
vn -0.9836738705635071 0.050226833671331406 0.17280925810337067 
vn -0.894472599029541 0.11986926943063736 0.4307553172111511 
vn -0.7393200397491455 0.17603811621665955 0.6499357223510742 
vn -0.7387327551841736 0.08945269137620926 0.6680360436439514 
vn -0.892857551574707 0.227386474609375 0.3887168765068054 
vn -0.89438396692276 0.27391013503074646 0.3536248505115509 
vn -0.8924752473831177 0.3198011517524719 0.3181432783603668 
vn -0.7359181046485901 0.47968462109565735 0.4778359532356262 
vn -0.892857551574707 0.227386474609375 0.3887168765068054 
vn -0.7402397990226746 0.41324582695961 0.5303516983985901 
vn -0.7362905144691467 0.3363111615180969 0.5871721506118774 
vn -0.8917549252510071 0.17603814601898193 0.4168737530708313 
vn -0.7361918091773987 0.2612800896167755 0.6243031024932861 
vn -0.649381697177887 0.3608820140361786 0.6693785190582275 
vn -0.6535669565200806 0.2739100754261017 0.7055661082267761 
vn -0.7393200397491455 0.17603811621665955 0.6499357223510742 
vn -0.7362905144691467 0.3363111615180969 0.5871721506118774 
vn -0.6529014110565186 0.4487267732620239 0.6102163791656494 
vn -0.7402397990226746 0.41324582695961 0.5303516983985901 
vn -0.7402397990226746 0.41324582695961 0.5303516983985901 
vn -0.6557322144508362 0.5250109434127808 0.5425668358802795 
vn -0.7359181046485901 0.47968462109565735 0.4778359532356262 
vn -0.646494448184967 0.5937782526016235 0.4790326952934265 
vn -0.7369466423988342 0.5361218452453613 0.41168317198753357 
vn -0.8924752473831177 0.3198011517524719 0.3181432783603668 
vn -0.9836745262145996 0.1458524763584137 0.1054111048579216 
vn -0.9834039211273193 0.12854041159152985 0.12803922593593597 
vn -0.8911781311035156 0.36088207364082336 0.27489209175109863 
vn -0.7394303679466248 0.5831803679466248 0.33636802434921265 
vn -0.8911781311035156 0.36088207364082336 0.27489209175109863 
vn -0.8917320966720581 0.3932545781135559 0.22397471964359283 
vn -0.9835464358329773 0.16742928326129913 0.06785187125205994 
vn -0.8955197334289551 0.41324588656425476 0.1651431918144226 
vn -0.983159065246582 0.15880757570266724 0.09043437987565994 
vn -0.8955197334289551 0.41324588656425476 0.1651431918144226 
vn -0.8923624753952026 0.43697425723075867 0.11288377642631531 
vn -0.9833406209945679 0.1760382205247879 0.045295845717191696 
vn -0.9835464358329773 0.16742928326129913 0.06785187125205994 
vn -0.8923624753952026 0.43697425723075867 0.11288377642631531 
vn -0.8940649628639221 0.44481781125068665 0.052773065865039825 
vn -0.9833442568778992 0.18033768236637115 0.022636020556092262 
vn -0.8936689496040344 0.4487268626689911 7.310703153962095e-8 
vn -0.7380558252334595 0.67473965883255 1.0992926036124118e-7 
vn -0.8923624753952026 0.43697425723075867 0.11288377642631531 
vn -0.7384297847747803 0.6682642698287964 0.09024590998888016 
vn -0.7380558252334595 0.67473965883255 1.0992926036124118e-7 
vn -0.7384297847747803 0.6682642698287964 0.09024590998888016 
vn -0.6566365361213684 0.7540562748908997 0.015087855979800224 
vn -0.7380558252334595 0.67473965883255 1.0992926036124118e-7 
vn -0.6548932194709778 0.7511792182922363 -0.08273213356733322 
vn -0.9834628701210022 0.11118907481431961 0.14296092092990875 
vn -0.9830065965652466 0.0938037857413292 0.15779392421245575 
vn -0.9836745262145996 0.1458524763584137 0.1054111048579216 
vn -0.9902839660644531 -0.1372016966342926 -0.02265738882124424 
vn -0.9836047291755676 0.18033768236637115 2.9380794686062472e-8 
vn -0.9833442568778992 0.18033768236637115 -0.022635960951447487 
vn -0.8935887813568115 0.44481781125068665 -0.06030122935771942 
vn -0.9833442568778992 0.18033768236637115 0.022636020556092262 
vn -0.9904146194458008 -0.1328723281621933 -0.03773316368460655 
vn -0.9150720834732056 -0.3892334997653961 -0.10554791986942291 
vn -0.9144326448440552 -0.401274174451828 -0.05283939838409424 
vn -0.99051433801651 -0.1372016966342926 -0.007553063333034515 
vn -0.9836047291755676 0.18033768236637115 2.9380794686062472e-8 
vn -0.9836047291755676 0.18033768236637115 2.9380794686062472e-8 
vn -0.9833442568778992 0.18033768236637115 -0.022635960951447487 
vn -0.9904279708862305 -0.1372016966342926 0.01510562002658844 
vn -0.9829642176628113 0.1760382354259491 -0.05283835157752037 
vn -0.9829642176628113 0.1760382354259491 -0.05283835157752037 
vn -0.8933107852935791 0.43303999304771423 -0.12030044198036194 
vn -0.8935887813568115 0.44481781125068665 -0.06030122935771942 
vn -0.8933107852935791 0.43303999304771423 -0.12030044198036194 
vn -0.7414970993995667 0.6485338807106018 -0.17200520634651184 
vn -0.7384297847747803 0.6682642698287964 -0.09024568647146225 
vn -0.7380558252334595 0.67473965883255 1.0992926036124118e-7 
vn -0.8941200971603394 0.41324594616889954 -0.17256039381027222 
vn -0.8933107852935791 0.43303999304771423 -0.12030044198036194 
vn -0.8941200971603394 0.41324594616889954 -0.17256039381027222 
vn -0.7393803000450134 0.6215358376502991 -0.2588628828525543 
vn -0.9835464358329773 0.16742931306362152 -0.06785181164741516 
vn -0.9838406443595886 0.15449215471744537 -0.09049703180789948 
vn -0.893462061882019 0.3892335593700409 -0.2241044044494629 
vn -0.893462061882019 0.3892335593700409 -0.2241044044494629 
vn -0.8941200971603394 0.41324594616889954 -0.17256039381027222 
vn -0.9906690716743469 -0.12854042649269104 0.04530102014541626 
vn -0.990673303604126 -0.1328723281621933 0.030189117416739464 
vn -0.9133580327033997 -0.3932546377182007 0.10548901557922363 
vn -0.9144326448440552 -0.401274174451828 0.052839264273643494 
vn -0.9144326448440552 -0.401274174451828 0.052839264273643494 
vn -0.967869222164154 -0.24860523641109467 0.037744272500276566 
vn -0.9683640003204346 -0.2401314526796341 0.0678827315568924 
vn -0.9155364036560059 -0.3730756342411041 0.1503583788871765 
vn -0.9144326448440552 -0.401274174451828 0.052839264273643494 
vn -0.967479944229126 -0.25283506512641907 0.007551485672593117 
vn -0.999997615814209 0.002184694167226553 3.5593242242448753e-10 
vn -0.999997615814209 0.002184694167226553 3.5593242242448753e-10 
vn -0.999997615814209 0.002184694167226553 3.5593242242448753e-10 
vn -0.999997615814209 0.002184694167226553 3.5593242242448753e-10 
vn -0.999997615814209 0.002184694167226553 3.5593242242448753e-10 
vn -0.999997615814209 0.002184694167226553 3.5593242242448753e-10 
vn -0.967869222164154 -0.24860523641109467 0.037744272500276566 
vn -0.999997615814209 0.002184694167226553 3.5593242242448753e-10 
vn -0.999997615814209 0.002184694167226553 3.5593242242448753e-10 
vn -0.999997615814209 0.002184694167226553 3.5593242242448753e-10 
vn -0.967869222164154 -0.24860523641109467 0.037744272500276566 
vn -0.96885746717453 -0.22738654911518097 0.09803328663110733 
vn -0.9683640003204346 -0.2401314526796341 0.0678827315568924 
vn -0.999997615814209 -0.002184694167226553 -3.5593267222466807e-10 
vn -0.9682839512825012 -0.21460257470607758 0.12795281410217285 
vn -0.9135716557502747 -0.3527185916900635 0.20242638885974884 
vn -0.9134328961372375 -0.32393813133239746 0.24638265371322632 
vn -0.990330696105957 -0.1111891120672226 0.08295832574367523 
vn -0.999997615814209 0.002184694167226553 3.5593242242448753e-10 
vn -0.96885746717453 -0.22738654911518097 0.09803328663110733 
vn -0.9904640316963196 -0.11986934393644333 0.06791412830352783 
vn -0.9838406443595886 0.15449215471744537 -0.09049703180789948 
vn -0.9835464358329773 0.16742931306362152 -0.06785181164741516 
vn -0.9838406443595886 0.15449215471744537 -0.09049703180789948 
vn -0.9834659099578857 0.14152845740318298 -0.11298032104969025 
vn -0.9839715957641602 0.12420608848333359 -0.12795625627040863 
vn -0.9683573246002197 -0.19321511685848236 0.1579621136188507 
vn -0.9134328961372375 -0.32393813133239746 0.24638265371322632 
vn -0.914100170135498 -0.29067671298980713 0.28271523118019104 
vn -0.9683573246002197 -0.19321511685848236 0.1579621136188507 
vn -0.9903892874717712 -0.0894528180360794 0.10548567026853561 
vn -0.9146944284439087 -0.24860528111457825 0.3186368942260742 
vn -0.9904640316963196 -0.11986934393644333 0.06791412830352783 
vn -0.990330696105957 -0.1111891120672226 0.08295832574367523 
vn -0.9898967146873474 -0.10250038653612137 0.09797035902738571 
vn -0.9839715957641602 0.12420608848333359 -0.12795625627040863 
vn -0.9898967146873474 -0.10250038653612137 0.09797035902738571 
vn -0.9903892874717712 -0.0894528180360794 0.10548567026853561 
vn -0.9839591383934021 0.10684577375650406 -0.1428578644990921 
vn -0.983401894569397 0.08945282548666 -0.15785734355449677 
vn -0.9839591383934021 0.10684577375650406 -0.1428578644990921 
vn -0.9839715957641602 0.12420608848333359 -0.12795625627040863 
vn -0.8928565382957458 0.2697053551673889 -0.3606470227241516 
vn -0.9839715957641602 0.12420608848333359 -0.12795625627040863 
vn -0.8928565382957458 0.2697053551673889 -0.3606470227241516 
vn -0.8948422074317932 0.21886815130710602 -0.3890426754951477 
vn -0.7424522638320923 0.257060170173645 -0.6186151504516602 
vn -0.7409725785255432 0.33631134033203125 -0.58125239610672 
vn -0.8935586810112 0.1674293726682663 -0.4165576100349426 
vn -0.7424522638320923 0.257060170173645 -0.6186151504516602 
vn -0.7409725785255432 0.33631134033203125 -0.58125239610672 
vn -0.8928565382957458 0.2697053551673889 -0.3606470227241516 
vn -0.7381603717803955 0.4092632234096527 -0.5363048315048218 
vn -0.8939209580421448 0.315658301115036 -0.3182218670845032 
vn -0.7381603717803955 0.4092632234096527 -0.5363048315048218 
vn -0.7409725785255432 0.33631134033203125 -0.58125239610672 
vn -0.7380455732345581 0.4758463501930237 -0.4783921241760254 
vn -0.8927822113037109 0.356803834438324 -0.2750108242034912 
vn -0.7380455732345581 0.4758463501930237 -0.4783921241760254 
vn -0.893462061882019 0.3892335593700409 -0.2241044044494629 
vn -0.9834659099578857 0.14152845740318298 -0.11298032104969025 
vn -0.8939209580421448 0.315658301115036 -0.3182218670845032 
vn -0.8939209580421448 0.315658301115036 -0.3182218670845032 
vn -0.7380455732345581 0.4758463501930237 -0.4783921241760254 
vn -0.7369466423988342 0.5361219644546509 -0.41168299317359924 
vn -0.7421663999557495 0.5796254873275757 -0.33648672699928284 
vn -0.8941200971603394 0.41324594616889954 -0.17256039381027222 
vn -0.7393803000450134 0.6215358376502991 -0.2588628828525543 
vn -0.7421663999557495 0.5796254873275757 -0.33648672699928284 
vn -0.6569980382919312 0.6617379188537598 -0.361187607049942 
vn -0.6563418507575989 0.6077499389648438 -0.4470518231391907 
vn -0.7369466423988342 0.5361219644546509 -0.41168299317359924 
vn -0.6500214338302612 0.5507928729057312 -0.52354496717453 
vn -0.6505774259567261 0.4758463501930237 -0.5918777585029602 
vn -0.6505774259567261 0.4758463501930237 -0.5918777585029602 
vn -0.7381603717803955 0.4092632234096527 -0.5363048315048218 
vn -0.6559957265853882 0.38923364877700806 -0.646658182144165 
vn -0.7409725785255432 0.33631134033203125 -0.58125239610672 
vn -0.7409725785255432 0.33631134033203125 -0.58125239610672 
vn -0.6582997441291809 0.3031936287879944 -0.6889957189559937 
vn -0.7424522638320923 0.257060170173645 -0.6186151504516602 
vn -0.6571474075317383 0.21033304929733276 -0.7238212823867798 
vn -0.7404623627662659 0.1717355102300644 -0.6497864127159119 
vn -0.6548717021942139 0.11553043872117996 -0.7468572854995728 
vn -0.7390155792236328 0.0851001963019371 -0.6682918071746826 
vn -0.7390155792236328 0.0851001963019371 -0.6682918071746826 
vn -0.6573742628097534 0.015292397700250149 -0.7534090876579285 
vn -0.7384083271026611 -0.0021845842711627483 -0.6743503212928772 
vn -0.6529819369316101 -0.080745629966259 -0.7530569434165955 
vn -0.7419174909591675 -0.2570599913597107 -0.6192564964294434 
vn -0.7393200397491455 -0.17603811621665955 -0.6499357223510742 
vn -0.6528401970863342 -0.2739100754261017 -0.7062386274337769 
vn -0.6598026752471924 -0.17603810131549835 -0.7305278778076172 
vn -0.7387327551841736 -0.08945269137620926 -0.6680360436439514 
vn -0.6529819369316101 -0.080745629966259 -0.7530569434165955 
vn -0.8923717141151428 -0.0021846205927431583 -0.4512958228588104 
vn -0.8937132358551025 -0.06331373006105423 -0.44414857029914856 
vn -0.9836175441741943 -0.0021846648305654526 -0.18025460839271545 
vn -0.894472599029541 -0.11986926943063736 -0.4307553172111511 
vn -0.8923717141151428 -0.0021846205927431583 -0.4512958228588104 
vn -0.9834297895431519 0.01966102607548237 -0.18022020161151886 
vn -0.9838805794715881 0.045862551778554916 -0.17284555733203888 
vn -0.8941746354103088 0.054590318351984024 -0.4443778395652771 
vn -0.9904890656471252 -0.024029362946748734 0.13547691702842712 
vn -0.9899216890335083 -0.04149732366204262 0.13539931178092957 
vn -0.9836175441741943 -0.0021846648305654526 -0.18025460839271545 
vn -0.9834297895431519 0.01966102607548237 -0.18022020161151886 
vn -0.9907727837562561 -0.0021847162861377 0.1355157196521759 
vn -0.9836175441741943 -0.0021846648305654526 -0.18025460839271545 
vn -0.9832232594490051 -0.028397198766469955 -0.1801823377609253 
vn -0.9836175441741943 -0.0021846648305654526 -0.18025460839271545 
vn -0.894472599029541 -0.11986926943063736 -0.4307553172111511 
vn -0.8937132358551025 -0.06331373006105423 -0.44414857029914856 
vn -0.8949267864227295 -0.17603816092014313 -0.41002020239830017 
vn -0.9836738705635071 -0.050226833671331406 -0.17280925810337067 
vn -0.9836021065711975 -0.07203249633312225 -0.16534283757209778 
vn -0.8949267864227295 -0.17603816092014313 -0.41002020239830017 
vn -0.89266037940979 -0.227386474609375 -0.3891694247722626 
vn -0.894472599029541 -0.11986926943063736 -0.4307553172111511 
vn -0.9832232594490051 -0.028397198766469955 -0.1801823377609253 
vn -0.9906592965126038 0.015292252413928509 0.1355002075433731 
vn -0.9836738705635071 -0.050226833671331406 -0.17280925810337067 
vn -0.9832232594490051 -0.028397198766469955 -0.1801823377609253 
vn -0.9907727837562561 -0.0021847162861377 0.1355157196521759 
vn -0.9149710536003113 -0.0021847598254680634 0.4035136103630066 
vn -0.968716025352478 -0.028397269546985626 0.24654176831245422 
vn -0.9134073257446289 -0.054590314626693726 0.4033694863319397 
vn -0.9907727837562561 -0.0021847162861377 0.1355157196521759 
vn -0.9134073257446289 -0.054590314626693726 0.4033694863319397 
vn -0.9147510528564453 -0.10684581845998764 0.3896337151527405 
vn -0.969183623790741 -0.05895262584090233 0.2391812801361084 
vn -0.999997615814209 0.002184694167226553 3.5593242242448753e-10 
vn -0.999997615814209 -0.002184694167226553 -3.5593267222466807e-10 
vn -0.999997615814209 0.002184694167226553 3.5593242242448753e-10 
vn -0.999997615814209 0.002184694167226553 3.5593242242448753e-10 
vn -0.999997615814209 -0.002184694167226553 -3.5593267222466807e-10 
vn -0.999997615814209 -0.002184694167226553 -3.5593267222466807e-10 
vn -0.9671958684921265 0.006553999148309231 0.25394728779792786 
vn -0.969183623790741 -0.05895262584090233 0.2391812801361084 
vn -0.9687315821647644 -0.11986937373876572 0.2172335982322693 
vn -0.999997615814209 -0.002184694167226553 -3.5593267222466807e-10 
vn -0.999997615814209 0.002184694167226553 3.5593242242448753e-10 
vn -0.999997615814209 -0.002184694167226553 -3.5593267222466807e-10 
vn -0.999997615814209 -0.002184694167226553 -3.5593267222466807e-10 
vn -0.999997615814209 -0.002184694167226553 -3.5593267222466807e-10 
vn -0.999997615814209 -0.002184694167226553 -3.5593267222466807e-10 
vn -0.999997615814209 -0.002184694167226553 -3.5593267222466807e-10 
vn -0.999997615814209 -0.002184694167226553 -3.5593267222466807e-10 
vn -0.9686257243156433 -0.0894528403878212 0.23186714947223663 
vn -0.999997615814209 -0.002184694167226553 -3.5593267222466807e-10 
vn -0.999997615814209 0.002184694167226553 3.5593242242448753e-10 
vn -0.999997615814209 0.002184694167226553 3.5593242242448753e-10 
vn -0.999997615814209 -0.002184694167226553 -3.5593267222466807e-10 
vn -0.999997615814209 0.002184694167226553 3.5593242242448753e-10 
vn -0.999997615814209 -0.002184694167226553 -3.5593267222466807e-10 
vn -0.9682839512825012 -0.21460257470607758 0.12795281410217285 
vn -0.9685319662094116 -0.17173543572425842 0.18014651536941528 
vn -0.9685319662094116 -0.17173543572425842 0.18014651536941528 
vn -0.9683628082275391 -0.14585252106189728 0.2024858295917511 
vn -0.9685319662094116 -0.17173543572425842 0.18014651536941528 
vn -0.9146944284439087 -0.24860528111457825 0.3186368942260742 
vn -0.9148472547531128 -0.20605935156345367 0.34726646542549133 
vn -0.9146944284439087 -0.24860528111457825 0.3186368942260742 
vn -0.9683628082275391 -0.14585252106189728 0.2024858295917511 
vn -0.9687315821647644 -0.11986937373876572 0.2172335982322693 
vn -0.9683628082275391 -0.14585252106189728 0.2024858295917511 
vn -0.9148472547531128 -0.20605935156345367 0.34726646542549133 
vn -0.9138674736022949 -0.15449219942092896 0.37547093629837036 
vn -0.9147510528564453 -0.10684581845998764 0.3896337151527405 
vn -0.9138674736022949 -0.15449219942092896 0.37547093629837036 
vn -0.9686257243156433 -0.0894528403878212 0.23186714947223663 
vn -0.9907727837562561 -0.0021847162861377 0.1355157196521759 
vn -0.9904890656471252 -0.024029362946748734 0.13547691702842712 
vn -0.9138674736022949 -0.15449219942092896 0.37547093629837036 
vn -0.9900256395339966 -0.058952610939741135 0.12796027958393097 
vn -0.9838805794715881 0.045862551778554916 -0.17284555733203888 
vn -0.9834297895431519 0.01966102607548237 -0.18022020161151886 
vn -0.9838805794715881 0.045862551778554916 -0.17284555733203888 
vn -0.9839031100273132 0.06767383962869644 -0.1653933972120285 
vn -0.9839031100273132 0.06767383962869644 -0.1653933972120285 
vn -0.9909789562225342 -0.07203254103660583 0.11301331967115402 
vn -0.9148472547531128 -0.20605935156345367 0.34726646542549133 
vn -0.983401894569397 0.08945282548666 -0.15785734355449677 
vn -0.9900256395339966 -0.058952610939741135 0.12796027958393097 
vn -0.983401894569397 0.08945282548666 -0.15785734355449677 
vn -0.9839031100273132 0.06767383962869644 -0.1653933972120285 
vn -0.9685319662094116 -0.17173543572425842 0.18014651536941528 
vn -0.914100170135498 -0.29067671298980713 0.28271523118019104 
vn -0.9683573246002197 -0.19321511685848236 0.1579621136188507 
vn -0.914100170135498 -0.29067671298980713 0.28271523118019104 
vn -0.983401894569397 0.08945282548666 -0.15785734355449677 
vn -0.8935586810112 0.1674293726682663 -0.4165576100349426 
vn -0.8948422074317932 0.21886815130710602 -0.3890426754951477 
vn -0.9839591383934021 0.10684577375650406 -0.1428578644990921 
vn -0.8948422074317932 0.21886815130710602 -0.3890426754951477 
vn -0.7404623627662659 0.1717355102300644 -0.6497864127159119 
vn -0.7390155792236328 0.0851001963019371 -0.6682918071746826 
vn -0.8941746354103088 0.054590318351984024 -0.4443778395652771 
vn -0.8918731808662415 0.11553039401769638 -0.4372812807559967 
vn -0.9838805794715881 0.045862551778554916 -0.17284555733203888 
vn -0.7384083271026611 -0.0021845842711627483 -0.6743503212928772 
vn -0.7384083271026611 -0.0021845842711627483 -0.6743503212928772 
vn -0.6501681208610535 -0.21460267901420593 0.7288532257080078 
vn -0.6528199911117554 -0.3031936287879944 0.6941899657249451 
vn -0.7362905144691467 -0.33631134033203125 0.5871720314025879 
vn -0.8933369517326355 -0.1674293726682663 0.4170328974723816 
vn -0.8937599658966064 -0.2231294959783554 0.38910970091819763 
vn -0.7370554804801941 -0.257060170173645 0.6250354051589966 
vn -0.7362905144691467 -0.33631134033203125 0.5871720314025879 
vn -0.895488440990448 -0.2697053551673889 0.354061484336853 
vn -0.6528199911117554 -0.3031936287879944 0.6941899657249451 
vn -0.6534636616706848 -0.39325472712516785 0.6467889547348022 
vn -0.7377161383628845 -0.4092632234096527 0.5369157195091248 
vn -0.6505774259567261 -0.4758463501930237 0.5918777585029602 
vn -0.7377161383628845 -0.4092632234096527 0.5369157195091248 
vn -0.7401592135429382 -0.47199881076812744 0.47893786430358887 
vn -0.6505774259567261 -0.4758463501930237 0.5918777585029602 
vn -0.6552768349647522 -0.5434781312942505 0.5246368050575256 
vn -0.7392832040786743 -0.5324284434318542 0.412286639213562 
vn -0.8942636251449585 -0.35271862149238586 0.2754671573638916 
vn -0.7401592135429382 -0.47199881076812744 0.47893786430358887 
vn -0.893782913684845 -0.315658301115036 0.3186092972755432 
vn -0.7401592135429382 -0.47199881076812744 0.47893786430358887 
vn -0.7377161383628845 -0.4092632234096527 0.5369157195091248 
vn -0.7377161383628845 -0.4092632234096527 0.5369157195091248 
vn -0.983934223651886 -0.10684577375650406 0.14302940666675568 
vn -0.8937599658966064 -0.2231294959783554 0.38910970091819763 
vn -0.9839715957641602 -0.12420608848333359 0.12795625627040863 
vn -0.895488440990448 -0.2697053551673889 0.354061484336853 
vn -0.983401894569397 -0.08945282548666 0.15785734355449677 
vn -0.8937599658966064 -0.2231294959783554 0.38910970091819763 
vn -0.8937599658966064 -0.2231294959783554 0.38910970091819763 
vn -0.9900950789451599 0.07203254848718643 -0.12051182240247726 
vn -0.9907684922218323 0.08510009944438934 -0.10552605986595154 
vn -0.9146944284439087 0.24860528111457825 -0.3186368942260742 
vn -0.911952018737793 0.29067671298980713 -0.28956952691078186 
vn -0.9898967146873474 0.10250038653612137 -0.09797035902738571 
vn -0.9839031100273132 -0.06767383962869644 0.1653933972120285 
vn -0.983401894569397 -0.08945282548666 0.15785734355449677 
vn -0.983934223651886 -0.10684577375650406 0.14302940666675568 
vn -0.9898967146873474 0.10250038653612137 -0.09797035902738571 
vn -0.9675148725509644 0.1975003182888031 -0.15782469511032104 
vn -0.9135152101516724 0.32393813133239746 -0.24607723951339722 
vn -0.9898967146873474 0.10250038653612137 -0.09797035902738571 
vn -0.9135152101516724 0.32393813133239746 -0.24607723951339722 
vn -0.9839715957641602 -0.12420608848333359 0.12795625627040863 
vn -0.895488440990448 -0.2697053551673889 0.354061484336853 
vn -0.9834659099578857 -0.14152845740318298 0.11298032104969025 
vn -0.893782913684845 -0.315658301115036 0.3186092972755432 
vn -0.893782913684845 -0.315658301115036 0.3186092972755432 
vn -0.8942636251449585 -0.35271862149238586 0.2754671573638916 
vn -0.9838406443595886 -0.15449215471744537 0.09049703180789948 
vn -0.8942636251449585 -0.35271862149238586 0.2754671573638916 
vn -0.8933901190757751 -0.3892335593700409 0.22439104318618774 
vn -0.9835407137870789 -0.16742931306362152 0.06793442368507385 
vn -0.8933901190757751 -0.3892335593700409 0.22439104318618774 
vn -0.8942636251449585 -0.35271862149238586 0.2754671573638916 
vn -0.9839715957641602 -0.12420608848333359 0.12795625627040863 
vn -0.990330696105957 0.1111891120672226 -0.08295832574367523 
vn -0.9839715957641602 -0.12420608848333359 0.12795625627040863 
vn -0.9834659099578857 -0.14152845740318298 0.11298032104969025 
vn -0.9899320602416992 0.1242060735821724 -0.06787765026092529 
vn -0.9838406443595886 -0.15449215471744537 0.09049703180789948 
vn -0.9902952909469604 0.12854044139385223 -0.05284455046057701 
vn -0.9126323461532593 0.377126008272171 -0.15772826969623566 
vn -0.9136282801628113 0.3527185916900635 -0.20217065513134003 
vn -0.9898967146873474 0.10250038653612137 -0.09797035902738571 
vn -0.9136282801628113 0.3527185916900635 -0.20217065513134003 
vn -0.9692249894142151 0.2103329449892044 -0.12791799008846283 
vn -0.999997615814209 -0.002184694167226553 -3.5593267222466807e-10 
vn -0.999997615814209 -0.002184694167226553 -3.5593267222466807e-10 
vn -0.9685319662094116 0.17173543572425842 -0.18014651536941528 
vn -0.9675148725509644 0.1975003182888031 -0.15782469511032104 
vn -0.911952018737793 0.29067671298980713 -0.28956952691078186 
vn -0.9146944284439087 0.24860528111457825 -0.3186368942260742 
vn -0.911952018737793 0.29067671298980713 -0.28956952691078186 
vn -0.9677297472953796 0.15017378330230713 -0.20235346257686615 
vn -0.9900950789451599 0.07203254848718643 -0.12051182240247726 
vn -0.9146944284439087 0.24860528111457825 -0.3186368942260742 
vn -0.9687315821647644 0.11986937373876572 -0.2172335982322693 
vn -0.9677297472953796 0.15017378330230713 -0.20235346257686615 
vn -0.9685319662094116 0.17173543572425842 -0.18014651536941528 
vn -0.999997615814209 -0.002184694167226553 -3.5593267222466807e-10 
vn -0.999997615814209 0.002184694167226553 3.5593242242448753e-10 
vn -0.999997615814209 -0.002184694167226553 -3.5593267222466807e-10 
vn -0.999997615814209 0.002184694167226553 3.5593242242448753e-10 
vn -0.999997615814209 0.002184694167226553 3.5593242242448753e-10 
vn -0.999997615814209 0.002184694167226553 3.5593242242448753e-10 
vn -0.999997615814209 0.002184694167226553 3.5593242242448753e-10 
vn -0.9682363867759705 0.09380384534597397 -0.2317739576101303 
vn -0.9682363867759705 0.09380384534597397 -0.2317739576101303 
vn -0.999997615814209 -0.002184694167226553 -3.5593267222466807e-10 
vn -0.999997615814209 -0.002184694167226553 -3.5593267222466807e-10 
vn -0.9685319662094116 0.17173543572425842 -0.18014651536941528 
vn -0.9132343530654907 0.1588076502084732 -0.37521082162857056 
vn -0.9687315821647644 0.11986937373876572 -0.2172335982322693 
vn -0.915834903717041 0.20178177952766418 -0.3471750319004059 
vn -0.999997615814209 0.002184694167226553 3.5593242242448753e-10 
vn -0.999997615814209 0.002184694167226553 3.5593242242448753e-10 
vn -0.999997615814209 0.002184694167226553 3.5593242242448753e-10 
vn -0.999997615814209 0.002184694167226553 3.5593242242448753e-10 
vn -0.999997615814209 0.002184694167226553 3.5593242242448753e-10 
vn -0.999997615814209 -0.002184694167226553 -3.5593267222466807e-10 
vn -0.999997615814209 0.002184694167226553 3.5593242242448753e-10 
vn -0.999997615814209 -0.002184694167226553 -3.5593267222466807e-10 
vn -0.999997615814209 0.002184694167226553 3.5593242242448753e-10 
vn -0.999997615814209 0.002184694167226553 3.5593242242448753e-10 
vn -0.999997615814209 0.002184694167226553 3.5593242242448753e-10 
vn -0.999997615814209 0.002184694167226553 3.5593242242448753e-10 
vn -0.999997615814209 0.002184694167226553 3.5593242242448753e-10 
vn -0.999997615814209 -0.002184694167226553 -3.5593267222466807e-10 
vn -0.999997615814209 -0.002184694167226553 -3.5593267222466807e-10 
vn -0.999997615814209 -0.002184694167226553 -3.5593267222466807e-10 
vn -0.9678758382797241 -0.15880756080150604 -0.19492706656455994 
vn -0.9682949781417847 -0.18033765256404877 -0.17286759614944458 
vn -0.999997615814209 0.002184694167226553 3.5593242242448753e-10 
vn -0.999997615814209 -0.002184694167226553 -3.5593267222466807e-10 
vn -0.999997615814209 0.002184694167226553 3.5593242242448753e-10 
vn -0.9684385657310486 -0.03713124990463257 -0.24647115170955658 
vn -0.9692409634590149 -0.12854039669036865 -0.2098792940378189 
vn -0.999997615814209 -0.002184694167226553 -3.5593267222466807e-10 
vn -0.999997615814209 0.002184694167226553 3.5593242242448753e-10 
vn -0.999997615814209 0.002184694167226553 3.5593242242448753e-10 
vn -0.999997615814209 0.002184694167226553 3.5593242242448753e-10 
vn -0.999997615814209 0.002184694167226553 3.5593242242448753e-10 
vn -0.9671958684921265 -0.006553999148309231 -0.25394728779792786 
vn -0.9684385657310486 -0.03713124990463257 -0.24647115170955658 
vn -0.999997615814209 0.002184694167226553 3.5593242242448753e-10 
vn -0.999997615814209 0.002184694167226553 3.5593242242448753e-10 
vn -0.999997615814209 0.002184694167226553 3.5593242242448753e-10 
vn -0.999997615814209 0.002184694167226553 3.5593242242448753e-10 
vn -0.999997615814209 0.002184694167226553 3.5593242242448753e-10 
vn -0.9678109884262085 -0.20178169012069702 -0.15041936933994293 
vn -0.9682857990264893 -0.21886807680130005 -0.12049650400876999 
vn -0.999997615814209 0.002184694167226553 3.5593242242448753e-10 
vn -0.999997615814209 0.002184694167226553 3.5593242242448753e-10 
vn -0.9681340456008911 -0.24860523641109467 -0.030198244377970695 
vn -0.9141958951950073 -0.405272513628006 -6.60274039887554e-8 
vn -0.9144326448440552 -0.401274174451828 -0.05283939838409424 
vn -0.9678015112876892 -0.24437065422534943 -0.060359418392181396 
vn -0.9144326448440552 -0.401274174451828 -0.05283939838409424 
vn -0.9678015112876892 -0.24437065422534943 -0.060359418392181396 
vn -0.968579888343811 -0.23163926601409912 -0.09053327143192291 
vn -0.9682857990264893 -0.21886807680130005 -0.12049650400876999 
vn -0.968579888343811 -0.23163926601409912 -0.09053327143192291 
vn -0.9141958951950073 -0.405272513628006 -6.60274039887554e-8 
vn -0.968579888343811 -0.23163926601409912 -0.09053327143192291 
vn -0.9142823815345764 -0.37307557463645935 -0.15780484676361084 
vn -0.9678015112876892 -0.24437065422534943 -0.060359418392181396 
vn -0.9144326448440552 -0.401274174451828 -0.05283939838409424 
vn -0.9904146194458008 -0.1328723281621933 -0.03773316368460655 
vn -0.9142823815345764 -0.37307557463645935 -0.15780484676361084 
vn -0.9142823815345764 -0.37307557463645935 -0.15780484676361084 
vn -0.9151808023452759 -0.34862661361694336 -0.20224632322788239 
vn -0.9678109884262085 -0.20178169012069702 -0.15041936933994293 
vn -0.9151808023452759 -0.34862661361694336 -0.20224632322788239 
vn -0.9678758382797241 -0.15880756080150604 -0.19492706656455994 
vn -0.913153886795044 -0.28649309277534485 -0.28995126485824585 
vn -0.9148731827735901 -0.3198011815547943 -0.24644313752651215 
vn -0.9901462197303772 -0.10684573650360107 -0.09052335470914841 
vn -0.9904385209083557 -0.11553030461072922 -0.07539433985948563 
vn -0.9908500909805298 -0.1242060586810112 -0.05281006544828415 
vn -0.9901462197303772 -0.10684573650360107 -0.09052335470914841 
vn -0.9904385209083557 -0.11553030461072922 -0.07539433985948563 
vn -0.990761935710907 -0.09380379319190979 -0.0979369655251503 
vn -0.9678758382797241 -0.15880756080150604 -0.19492706656455994 
vn -0.9133355617523193 -0.24437060952186584 -0.3257317543029785 
vn -0.990761935710907 -0.09380379319190979 -0.0979369655251503 
vn -0.990761935710907 -0.09380379319190979 -0.0979369655251503 
vn -0.9836745262145996 0.1458524763584137 0.1054111048579216 
vn -0.983159065246582 0.15880757570266724 0.09043437987565994 
vn -0.9904385209083557 -0.11553030461072922 -0.07539433985948563 
vn -0.9835464358329773 0.16742928326129913 0.06785187125205994 
vn -0.9835464358329773 0.16742928326129913 0.06785187125205994 
vn -0.9833406209945679 0.1760382205247879 0.045295845717191696 
vn -0.9142823815345764 -0.37307557463645935 -0.15780484676361084 
vn -0.9908500909805298 -0.1242060586810112 -0.05281006544828415 
vn -0.9151808023452759 -0.34862661361694336 -0.20224632322788239 
vn -0.9833442568778992 0.18033768236637115 0.022636020556092262 
vn -0.9833406209945679 0.1760382205247879 0.045295845717191696 
vn -0.9836047291755676 0.18033768236637115 2.9380794686062472e-8 
vn -0.8936689496040344 0.4487268626689911 7.310703153962095e-8 
vn -0.8936689496040344 0.4487268626689911 7.310703153962095e-8 
vn -0.649489164352417 -0.6146663427352905 0.4476037323474884 
vn -0.6552768349647522 -0.5434781312942505 0.5246368050575256 
vn -0.7392832040786743 -0.5324284434318542 0.412286639213562 
vn -0.7392832040786743 -0.5324284434318542 0.412286639213562 
vn -0.736465334892273 -0.5867243409156799 0.336709588766098 
vn -0.8933901190757751 -0.3892335593700409 0.22439104318618774 
vn -0.8941200971603394 -0.41324594616889954 0.17256039381027222 
vn -0.7362730503082275 -0.6249527931213379 0.25949180126190186 
vn -0.6532897353172302 -0.665007472038269 0.36190828680992126 
vn -0.7392832040786743 -0.5324284434318542 0.412286639213562 
vn -0.89328932762146 -0.43303999304771423 0.12045988440513611 
vn -0.7362730503082275 -0.6249527931213379 0.25949180126190186 
vn -0.9837263822555542 -0.17173542082309723 0.05281470715999603 
vn -0.89328932762146 -0.43303999304771423 0.12045988440513611 
vn -0.984122633934021 -0.1760382205247879 0.02265387959778309 
vn -0.89328932762146 -0.43303999304771423 0.12045988440513611 
vn -0.89328932762146 -0.43303999304771423 0.12045988440513611 
vn -0.8935832977294922 -0.44481781125068665 0.060382045805454254 
vn -0.9836047291755676 -0.18033768236637115 -2.9380796462419312e-8 
vn -0.8935832977294922 -0.44481781125068665 0.060382045805454254 
vn -0.8936689496040344 -0.4487268626689911 -7.310703153962095e-8 
vn -0.9833436012268066 -0.18033768236637115 -0.02266368828713894 
vn -0.8936689496040344 -0.4487268626689911 -7.310703153962095e-8 
vn -0.8935832977294922 -0.44481781125068665 0.060382045805454254 
vn -0.7367925643920898 -0.651853621006012 0.17950910329818726 
vn -0.738412082195282 -0.6682642698287964 0.09039075672626495 
vn -0.7367925643920898 -0.651853621006012 0.17950910329818726 
vn -0.6488680839538574 -0.7395281791687012 0.17907609045505524 
vn -0.6515546441078186 -0.7540562748908997 0.08291984349489212 
vn -0.7380558252334595 -0.67473965883255 -1.0992926036124118e-7 
vn -0.8936689496040344 -0.4487268626689911 -7.310703153962095e-8 
vn -0.738412082195282 -0.6682642698287964 0.09039075672626495 
vn -0.8935832977294922 -0.44481781125068665 0.060382045805454254 
vn -0.738412082195282 -0.6682642698287964 0.09039075672626495 
vn -0.6515546441078186 -0.7540562748908997 0.08291984349489212 
vn -0.6500198841094971 -0.7597671151161194 -0.015101529657840729 
vn -0.7363377213478088 -0.6715083718299866 -0.08296544849872589 
vn -0.8940607905387878 -0.44481781125068665 -0.05284382030367851 
vn -0.6503952145576477 -0.7511792182922363 -0.11276454478502274 
vn -0.6500198841094971 -0.7597671151161194 -0.015101529657840729 
vn -0.7355745434761047 -0.6551609039306641 -0.17232051491737366 
vn -0.7363377213478088 -0.6715083718299866 -0.08296544849872589 
vn -0.8942670822143555 -0.43303993344306946 -0.11297227442264557 
vn -0.6511964797973633 -0.7276511788368225 -0.2155618667602539 
vn -0.7362730503082275 -0.6249526739120483 -0.2594919800758362 
vn -0.8922516703605652 -0.4172207713127136 -0.1726667732000351 
vn -0.8933901190757751 -0.3892334997653961 -0.2243911623954773 
vn -0.736465334892273 -0.5867242217063904 -0.33670976758003235 
vn -0.6513542532920837 -0.6938546299934387 -0.3070885241031647 
vn -0.7362730503082275 -0.6249526739120483 -0.2594919800758362 
vn -0.6474322080612183 -0.6518535614013672 -0.39486515522003174 
vn -0.740307629108429 -0.5361218452453613 -0.4056081473827362 
vn -0.8948737978935242 -0.3568037450313568 -0.2681267261505127 
vn -0.6474322080612183 -0.6518535614013672 -0.39486515522003174 
vn -0.6534950137138367 -0.5902568697929382 -0.47385770082473755 
vn -0.7380455732345581 -0.47584617137908936 -0.4783923029899597 
vn -0.6534950137138367 -0.5902568697929382 -0.47385770082473755 
vn -0.6503557562828064 -0.525010883808136 -0.5489999055862427 
vn -0.7358182668685913 -0.41324582695961 -0.5364693403244019 
vn -0.892929196357727 -0.2781097888946533 -0.35402318835258484 
vn -0.6503557562828064 -0.525010883808136 -0.5489999055862427 
vn -0.652283787727356 -0.4487267732620239 -0.6108765602111816 
vn -0.7409725785255432 -0.3363111615180969 -0.5812525153160095 
vn -0.89266037940979 -0.227386474609375 -0.3891694247722626 
vn -0.7358182668685913 -0.41324582695961 -0.5364693403244019 
vn -0.7358182668685913 -0.41324582695961 -0.5364693403244019 
vn -0.9830065965652466 -0.0938037857413292 -0.15779392421245575 
vn -0.9836021065711975 -0.07203249633312225 -0.16534283757209778 
vn -0.6594558954238892 -0.3608820140361786 -0.6594559550285339 
vn -0.7419174909591675 -0.2570599913597107 -0.6192564964294434 
vn -0.6594558954238892 -0.3608820140361786 -0.6594559550285339 
vn -0.894472599029541 -0.11986926943063736 -0.4307553172111511 
vn -0.7419174909591675 -0.2570599913597107 -0.6192564964294434 
vn -0.7409725785255432 -0.3363111615180969 -0.5812525153160095 
vn -0.89266037940979 -0.227386474609375 -0.3891694247722626 
vn -0.652283787727356 -0.4487267732620239 -0.6108765602111816 
vn -0.7380455732345581 -0.47584617137908936 -0.4783923029899597 
vn -0.8948483467102051 -0.3198011517524719 -0.31140589714050293 
vn -0.9834628701210022 -0.11118907481431961 -0.14296092092990875 
vn -0.9830065965652466 -0.0938037857413292 -0.15779392421245575 
vn -0.9834039211273193 -0.12854041159152985 -0.12803922593593597 
vn -0.740307629108429 -0.5361218452453613 -0.4056081473827362 
vn -0.740307629108429 -0.5361218452453613 -0.4056081473827362 
vn -0.8933901190757751 -0.3892334997653961 -0.2243911623954773 
vn -0.736465334892273 -0.5867242217063904 -0.33670976758003235 
vn -0.983159065246582 -0.15880757570266724 -0.09043437987565994 
vn -0.8922516703605652 -0.4172207713127136 -0.1726667732000351 
vn -0.8933901190757751 -0.3892334997653961 -0.2243911623954773 
vn -0.9836608171463013 -0.1458524763584137 -0.10553870350122452 
vn -0.9901561737060547 0.10684573650360107 0.09041433036327362 
vn -0.9836608171463013 -0.1458524763584137 -0.10553870350122452 
vn -0.9836608171463013 -0.1458524763584137 -0.10553870350122452 
vn -0.990761935710907 0.09380379319190979 0.0979369655251503 
vn -0.9899187684059143 0.11986932158470154 0.07544635981321335 
vn -0.983159065246582 -0.15880757570266724 -0.09043437987565994 
vn -0.8922516703605652 -0.4172207713127136 -0.1726667732000351 
vn -0.9835407137870789 -0.16742928326129913 -0.06793448328971863 
vn -0.8942670822143555 -0.43303993344306946 -0.11297227442264557 
vn -0.984102189540863 -0.17173540592193604 -0.04527556523680687 
vn -0.7355745434761047 -0.6551609039306641 -0.17232051491737366 
vn -0.9898641109466553 0.12854041159152985 0.06038506329059601 
vn -0.984102189540863 -0.17173540592193604 -0.04527556523680687 
vn -0.9835407137870789 -0.16742928326129913 -0.06793448328971863 
vn -0.9904146194458008 0.1328723281621933 0.03773316368460655 
vn -0.984102189540863 -0.17173540592193604 -0.04527556523680687 
vn -0.984102189540863 -0.17173540592193604 -0.04527556523680687 
vn -0.9833436012268066 -0.18033768236637115 -0.02266368828713894 
vn -0.9902846217155457 0.1372016966342926 0.022629929706454277 
vn -0.9133738279342651 0.3932545781135559 0.10535203665494919 
vn -0.91431725025177 0.37307557463645935 0.1576026827096939 
vn -0.9898641109466553 0.12854041159152985 0.06038506329059601 
vn -0.9899187684059143 0.11986932158470154 0.07544635981321335 
vn -0.9151808023452759 0.34862661361694336 0.20224632322788239 
vn -0.9898641109466553 0.12854041159152985 0.06038506329059601 
vn -0.9682857990264893 0.21886807680130005 0.12049650400876999 
vn -0.9678109884262085 0.20178169012069702 0.15041936933994293 
vn -0.9678109884262085 0.20178169012069702 0.15041936933994293 
vn -0.9135152101516724 0.3239380717277527 0.24607735872268677 
vn -0.9135152101516724 0.3239380717277527 0.24607735872268677 
vn -0.9901561737060547 0.10684573650360107 0.09041433036327362 
vn -0.9132655262947083 0.28649309277534485 0.2895994186401367 
vn -0.990761935710907 0.09380379319190979 0.0979369655251503 
vn -0.9903157353401184 0.08074573427438736 0.11293771117925644 
vn -0.9133355617523193 0.24437060952186584 0.3257317543029785 
vn -0.990761935710907 0.09380379319190979 0.0979369655251503 
vn -0.9685468077659607 0.1544921100139618 0.19506220519542694 
vn -0.9683322310447693 0.18033765256404877 0.17265872657299042 
vn -0.9135152101516724 0.3239380717277527 0.24607735872268677 
vn -0.9683322310447693 0.18033765256404877 0.17265872657299042 
vn -0.999997615814209 0.002184694167226553 3.5593242242448753e-10 
vn -0.9683322310447693 0.18033765256404877 0.17265872657299042 
vn -0.999997615814209 0.002184694167226553 3.5593242242448753e-10 
vn -0.999997615814209 0.002184694167226553 3.5593242242448753e-10 
vn -0.999997615814209 0.002184694167226553 3.5593242242448753e-10 
vn -0.999997615814209 0.002184694167226553 3.5593242242448753e-10 
vn -0.999997615814209 0.002184694167226553 3.5593242242448753e-10 
vn -0.9685468077659607 0.1544921100139618 0.19506220519542694 
vn -0.999997615814209 0.002184694167226553 3.5593242242448753e-10 
vn -0.9676144123077393 0.12854039669036865 0.2172548621892929 
vn -0.999997615814209 0.002184694167226553 3.5593242242448753e-10 
vn -0.999997615814209 0.002184694167226553 3.5593242242448753e-10 
vn -0.999997615814209 0.002184694167226553 3.5593242242448753e-10 
vn -0.999997615814209 0.002184694167226553 3.5593242242448753e-10 
vn -0.999997615814209 0.002184694167226553 3.5593242242448753e-10 
vn -0.999997615814209 0.002184694167226553 3.5593242242448753e-10 
vn -0.999997615814209 0.002184694167226553 3.5593242242448753e-10 
vn -0.999997615814209 0.002184694167226553 3.5593242242448753e-10 
vn -0.999997615814209 0.002184694167226553 3.5593242242448753e-10 
vn -0.9676144123077393 0.12854039669036865 0.2172548621892929 
vn -0.9671958684921265 0.006553999148309231 0.25394728779792786 
vn -0.9684385657310486 0.03713124990463257 0.24647115170955658 
vn -0.9685767292976379 0.06767377257347107 0.23933111131191254 
vn -0.9685767292976379 0.06767377257347107 0.23933111131191254 
vn -0.9694949984550476 0.09815298765897751 0.22460061311721802 
vn -0.9131312370300293 0.20178166031837463 0.3542252779006958 
vn -0.9903157353401184 0.08074573427438736 0.11293771117925644 
vn -0.9138674736022949 0.1544920802116394 0.37547099590301514 
vn -0.9906996488571167 0.06331378221511841 0.12043890357017517 
vn -0.9903157353401184 0.08074573427438736 0.11293771117925644 
vn -0.9138674736022949 0.1544920802116394 0.37547099590301514 
vn -0.9906996488571167 0.06331378221511841 0.12043890357017517 
vn -0.9904987215995789 0.050226841121912 0.1280214637517929 
vn -0.9830065965652466 -0.0938037857413292 -0.15779392421245575 
vn -0.9685767292976379 0.06767377257347107 0.23933111131191254 
vn -0.9836021065711975 -0.07203249633312225 -0.16534283757209778 
vn -0.9834628701210022 -0.11118907481431961 -0.14296092092990875 
vn -0.9903157353401184 0.08074573427438736 0.11293771117925644 
vn -0.9834039211273193 -0.12854041159152985 -0.12803922593593597 
vn -0.9834628701210022 -0.11118907481431961 -0.14296092092990875 
vn -0.990761935710907 0.09380379319190979 0.0979369655251503 
vn -0.9834039211273193 -0.12854041159152985 -0.12803922593593597 
vn -0.9836608171463013 -0.1458524763584137 -0.10553870350122452 
vn -0.8948737978935242 -0.3568037450313568 -0.2681267261505127 
vn -0.9904987215995789 0.050226841121912 0.1280214637517929 
vn -0.9153613448143005 0.1025003045797348 0.38936787843704224 
vn -0.9684385657310486 0.03713124990463257 0.24647115170955658 
vn -0.9136168360710144 0.05022679641842842 0.4034619927406311 
vn -0.9902431964874268 0.03276455029845238 0.1354432851076126 
vn -0.9836021065711975 -0.07203249633312225 -0.16534283757209778 
vn -0.9836738705635071 -0.050226833671331406 -0.17280925810337067 
vn -0.9136168360710144 0.05022679641842842 0.4034619927406311 
vn -0.9906592965126038 0.015292252413928509 0.1355002075433731 
vn -0.9136168360710144 0.05022679641842842 0.4034619927406311 
vn -0.9149710536003113 -0.0021847598254680634 0.4035136103630066 
vn -0.968716025352478 -0.028397269546985626 0.24654176831245422 
vn -0.9149710536003113 -0.0021847598254680634 0.4035136103630066 
vn -0.6534515619277954 -0.7063339948654175 0.27220091223716736 
vn -0.7362730503082275 -0.6249527931213379 0.25949180126190186 
vn -0.7367925643920898 -0.651853621006012 0.17950910329818726 
vn -0.6568397879600525 0.7032342553138733 -0.27207183837890625 
vn -0.7414970993995667 0.6485338807106018 -0.17200520634651184 
vn -0.655586302280426 0.7336177229881287 -0.17891784012317657 
vn -0.6566365361213684 0.7540562748908997 0.015087855979800224 
vn -0.6537631750106812 0.7482877969741821 0.11251243948936462 
vn -0.7414970993995667 0.6485338807106018 0.17200541496276855 
vn -0.6570046544075012 0.724647045135498 0.2079218626022339 
vn -0.7393803000450134 0.6215357184410095 0.25886306166648865 
vn -0.7384297847747803 0.6682642698287964 0.09024590998888016 
vn -0.8917320966720581 0.3932545781135559 0.22397471964359283 
vn -0.7393803000450134 0.6215357184410095 0.25886306166648865 
vn -0.7394303679466248 0.5831803679466248 0.33636802434921265 
vn -0.654988706111908 0.6907015442848206 0.30646559596061707 
vn -0.6570046544075012 0.724647045135498 0.2079218626022339 
vn -0.7369466423988342 0.5361218452453613 0.41168317198753357 
vn -0.8911781311035156 0.36088207364082336 0.27489209175109863 
vn -0.7394303679466248 0.5831803679466248 0.33636802434921265 
vn -0.6612435579299927 0.6418573260307312 0.3882990777492523 
vn -0.7394303679466248 0.5831803679466248 0.33636802434921265 
vn -0.654988706111908 0.6907015442848206 0.30646559596061707 
vn -0.6480036377906799 0.1803375631570816 0.7399794459342957 
vn -0.6535669565200806 0.2739100754261017 0.7055661082267761 
vn -0.7361918091773987 0.2612800896167755 0.6243031024932861 
vn -0.9833359122276306 0.024029310792684555 0.18020299077033997 
vn -0.9836738705635071 0.050226833671331406 0.17280925810337067 
vn -0.8917549252510071 0.17603814601898193 0.4168737530708313 
vn -0.9836021065711975 0.07203249633312225 0.16534283757209778 
vn -0.6480036377906799 0.1803375631570816 0.7399794459342957 
vn -0.7393200397491455 0.17603811621665955 0.6499357223510742 
vn -0.7387327551841736 0.08945269137620926 0.6680360436439514 
vn -0.8940607905387878 -0.44481781125068665 -0.05284382030367851 
vn -0.7363377213478088 -0.6715083718299866 -0.08296544849872589 
vn -0.7380558252334595 -0.67473965883255 -1.0992926036124118e-7 
vn -0.8936689496040344 -0.4487268626689911 -7.310703153962095e-8 
vn -0.8940607905387878 -0.44481781125068665 -0.05284382030367851 
vn -0.8942670822143555 -0.43303993344306946 -0.11297227442264557 
vn -0.8941746354103088 -0.054590318351984024 0.4443778395652771 
vn -0.8957543969154358 0.0021846217568963766 0.4445439279079437 
vn -0.8941746354103088 -0.054590318351984024 0.4443778395652771 
vn -0.9899216890335083 0.04149732366204262 -0.13539931178092957 
vn -0.8941200971603394 -0.41324594616889954 0.17256039381027222 
vn -0.9837263822555542 -0.17173542082309723 0.05281470715999603 
vn -0.9835407137870789 -0.16742931306362152 0.06793442368507385 
vn -0.9900835156440735 0.1372016966342926 -0.030171146616339684 
vn -0.8933901190757751 -0.3892335593700409 0.22439104318618774 
vn -0.9838406443595886 -0.15449215471744537 0.09049703180789948 
vn -0.9133738279342651 0.3932546377182007 -0.10535190254449844 
vn -0.9683640003204346 0.2401314526796341 -0.0678827315568924 
vn -0.967869222164154 0.24860523641109467 -0.037744272500276566 
vn -0.9126323461532593 0.377126008272171 -0.15772826969623566 
vn -0.9133738279342651 0.3932546377182007 -0.10535190254449844 
vn -0.9678597450256348 0.2316392958164215 -0.09793232381343842 
vn -0.9683640003204346 0.2401314526796341 -0.0678827315568924 
vn -0.999997615814209 -0.002184694167226553 -3.5593267222466807e-10 
vn -0.999997615814209 0.002184694167226553 3.5593242242448753e-10 
vn -0.999997615814209 0.002184694167226553 3.5593242242448753e-10 
vn -0.999997615814209 0.002184694167226553 3.5593242242448753e-10 
vn -0.999997615814209 0.002184694167226553 3.5593242242448753e-10 
vn -0.967869222164154 0.24860523641109467 -0.037744272500276566 
vn -0.999997615814209 -0.002184694167226553 -3.5593267222466807e-10 
vn -0.999997615814209 0.002184694167226553 3.5593242242448753e-10 
vn -0.9126323461532593 0.377126008272171 -0.15772826969623566 
vn -0.999997615814209 -0.002184694167226553 -3.5593267222466807e-10 
vn -0.9692249894142151 0.2103329449892044 -0.12791799008846283 
vn -0.999997615814209 0.002184694167226553 3.5593242242448753e-10 
vn -0.999997615814209 -0.002184694167226553 -3.5593267222466807e-10 
vn -0.999997615814209 -0.002184694167226553 -3.5593267222466807e-10 
vn -0.999997615814209 -0.002184694167226553 -3.5593267222466807e-10 
vn -0.999997615814209 -0.002184694167226553 -3.5593267222466807e-10 
vn -0.9836021065711975 0.07203249633312225 0.16534283757209778 
vn -0.9904987215995789 -0.050226841121912 -0.1280214637517929 
vn -0.9903002381324768 -0.08074573427438736 -0.11307335644960403 
vn -0.9903980493545532 -0.06767378747463226 -0.12054872512817383 
vn -0.915834903717041 -0.20178166031837463 -0.34717509150505066 
vn -0.9138674736022949 -0.1544920802116394 -0.37547099590301514 
vn -0.9834628701210022 0.11118907481431961 0.14296092092990875 
vn -0.9133355617523193 -0.24437060952186584 -0.3257317543029785 
vn -0.9834039211273193 0.12854041159152985 0.12803922593593597 
vn -0.990761935710907 -0.09380379319190979 -0.0979369655251503 
vn -0.915834903717041 -0.20178166031837463 -0.34717509150505066 
vn -0.9692409634590149 -0.12854039669036865 -0.2098792940378189 
vn -0.9690679311752319 -0.10250033438205719 -0.22450166940689087 
vn -0.915834903717041 -0.20178166031837463 -0.34717509150505066 
vn -0.9685767292976379 -0.06767377257347107 -0.23933111131191254 
vn -0.9136168360710144 -0.05022679641842842 -0.4034619927406311 
vn -0.9684385657310486 -0.03713124990463257 -0.24647115170955658 
vn -0.9123803377151489 -0.1025003045797348 -0.396302729845047 
vn -0.9138674736022949 -0.1544920802116394 -0.37547099590301514 
vn -0.9138674736022949 -0.1544920802116394 -0.37547099590301514 
vn -0.9123803377151489 -0.1025003045797348 -0.396302729845047 
vn -0.9904987215995789 -0.050226841121912 -0.1280214637517929 
vn -0.9136168360710144 -0.05022679641842842 -0.4034619927406311 
vn -0.9902431964874268 -0.03276455029845238 -0.1354432851076126 
vn -0.9904987215995789 -0.050226841121912 -0.1280214637517929 
vn -0.9136168360710144 -0.05022679641842842 -0.4034619927406311 
vn -0.9906592965126038 -0.015292252413928509 -0.1355002075433731 
vn -0.9149710536003113 0.0021847598254680634 -0.4035136103630066 
vn -0.9671958684921265 -0.006553999148309231 -0.25394728779792786 
vn -0.968716025352478 0.028397269546985626 -0.24654176831245422 
vn -0.9149710536003113 0.0021847598254680634 -0.4035136103630066 
vn -0.9136168360710144 -0.05022679641842842 -0.4034619927406311 
vn -0.968716025352478 0.028397269546985626 -0.24654176831245422 
vn -0.969183623790741 0.05895262584090233 -0.2391812801361084 
vn -0.969183623790741 0.05895262584090233 -0.2391812801361084 
vn -0.9119608402252197 0.10684581845998764 -0.39612045884132385 
vn -0.9119608402252197 0.10684581845998764 -0.39612045884132385 
vn -0.9132343530654907 0.1588076502084732 -0.37521082162857056 
vn -0.9829642176628113 0.1760382354259491 -0.05283835157752037 
vn -0.9144326448440552 -0.401274174451828 0.052839264273643494 
vn -0.99051433801651 -0.1372016966342926 -0.007553063333034515 
vn -0.9835464358329773 0.16742931306362152 -0.06785181164741516 
vn -0.9836047291755676 -0.18033768236637115 -2.9380796462419312e-8 
vn -0.9833436012268066 -0.18033768236637115 -0.02266368828713894 
vn -0.9905143976211548 0.1372016966342926 0.007543908432126045 
vn -0.9836047291755676 -0.18033768236637115 -2.9380796462419312e-8 
vn -0.984122633934021 -0.1760382205247879 0.02265387959778309 
vn -0.9836047291755676 -0.18033768236637115 -2.9380796462419312e-8 
vn -0.9904282093048096 0.1372016966342926 -0.015087312087416649 
vn -0.984122633934021 -0.1760382205247879 0.02265387959778309 
vn -0.9837263822555542 -0.17173542082309723 0.05281470715999603 
vn -0.9144366383552551 0.401274174451828 0.0527702234685421 
vn -0.9905143976211548 0.1372016966342926 0.007543908432126045 
vn -0.9141958951950073 0.405272513628006 6.60274039887554e-8 
vn -0.9905143976211548 0.1372016966342926 0.007543908432126045 
vn -0.9902846217155457 0.1372016966342926 0.022629929706454277 
vn -0.9678015112876892 0.24437065422534943 0.060359418392181396 
vn -0.9133738279342651 0.3932545781135559 0.10535203665494919 
vn -0.9681340456008911 0.24860523641109467 0.030198244377970695 
vn -0.9678015112876892 0.24437065422534943 0.060359418392181396 
vn -0.9144366383552551 0.401274174451828 0.0527702234685421 
vn -0.9685754776000977 0.24860523641109467 -0.007550657261162996 
vn -0.999997615814209 -0.002184694167226553 -3.5593267222466807e-10 
vn -0.999997615814209 -0.002184694167226553 -3.5593267222466807e-10 
vn -0.9126694798469543 0.405272513628006 -0.05280683934688568 
vn -0.9141958951950073 0.405272513628006 6.60274039887554e-8 
vn -0.9126694798469543 0.405272513628006 -0.05280683934688568 
vn -0.999997615814209 -0.002184694167226553 -3.5593267222466807e-10 
vn -0.999997615814209 -0.002184694167226553 -3.5593267222466807e-10 
vn -0.9681340456008911 0.24860523641109467 0.030198244377970695 
vn -0.999997615814209 -0.002184694167226553 -3.5593267222466807e-10 
vn -0.999997615814209 -0.002184694167226553 -3.5593267222466807e-10 
vn -0.999997615814209 -0.002184694167226553 -3.5593267222466807e-10 
vn -0.9678015112876892 0.24437065422534943 0.060359418392181396 
vn -0.999997615814209 0.002184694167226553 3.5593242242448753e-10 
vn -0.999997615814209 0.002184694167226553 3.5593242242448753e-10 
vn -0.999997615814209 -0.002184694167226553 -3.5593267222466807e-10 
vn -0.999997615814209 -0.002184694167226553 -3.5593267222466807e-10 
vn -0.968590259552002 0.23163926601409912 0.09042182564735413 
vn -0.968590259552002 0.23163926601409912 0.09042182564735413 
vn -0.999997615814209 -0.002184694167226553 -3.5593267222466807e-10 
vn -0.91431725025177 0.37307557463645935 0.1576026827096939 
vn -0.9682857990264893 0.21886807680130005 0.12049650400876999 
vn -0.999997615814209 0.002184694167226553 3.5593242242448753e-10 
vn -0.999997615814209 0.002184694167226553 3.5593242242448753e-10 
vn -0.999997615814209 0.002184694167226553 3.5593242242448753e-10 
vn -0.9682857990264893 0.21886807680130005 0.12049650400876999 
vn -0.9678109884262085 0.20178169012069702 0.15041936933994293 
vn -0.9835407137870789 -0.16742931306362152 0.06793442368507385 
vn -0.9900835156440735 0.1372016966342926 -0.030171146616339684 
vn -0.9133738279342651 0.3932546377182007 -0.10535190254449844 
vn -0.9126694798469543 0.405272513628006 -0.05280683934688568 
vn -0.9676144123077393 0.12854039669036865 0.2172548621892929 
vn -0.9132655262947083 0.28649309277534485 0.2895994186401367 
vn 0.7364777326583862 -0.0850999727845192 -0.6710875630378723 
vn 0.7384083271026611 0.0021848040632903576 -0.6743503212928772 
vn 0.6459203362464905 -0.015292149968445301 -0.7632516026496887 
vn 0.6480443477630615 0.0807458758354187 -0.757310152053833 
vn 0.7361958622932434 0.08945291489362717 -0.6708307266235352 
vn 0.6508373618125916 0.1803378015756607 -0.737488329410553 
vn 0.7368215322494507 0.17603832483291626 -0.6527668833732605 
vn 0.8922665119171143 0.05895266309380531 -0.44764384627342224 
vn 0.8957543969154358 0.0021847665775567293 -0.4445439279079437 
vn 0.8958481550216675 -0.05459017679095268 -0.4409942626953125 
vn 0.6508373618125916 0.1803378015756607 -0.737488329410553 
vn 0.7368215322494507 0.17603832483291626 -0.6527668833732605 
vn 0.9836175441741943 0.0021847235038876534 -0.18025460839271545 
vn 0.8922665119171143 0.05895266309380531 -0.44764384627342224 
vn 0.652029812335968 -0.11553020030260086 -0.7493395805358887 
vn 0.6459203362464905 -0.015292149968445301 -0.7632516026496887 
vn 0.7364777326583862 -0.0850999727845192 -0.6710875630378723 
vn 0.7368215322494507 -0.17603811621665955 -0.6527668833732605 
vn 0.8939734697341919 -0.11118903011083603 -0.4341065287590027 
vn 0.8933369517326355 -0.16742922365665436 -0.41703295707702637 
vn 0.8939734697341919 -0.11118903011083603 -0.4341065287590027 
vn 0.7364777326583862 -0.0850999727845192 -0.6710875630378723 
vn 0.7364777326583862 -0.0850999727845192 -0.6710875630378723 
vn 0.9832201600074768 -0.04586249217391014 -0.17656388878822327 
vn 0.9834297895431519 -0.019660966470837593 -0.18022020161151886 
vn 0.8957543969154358 0.0021847665775567293 -0.4445439279079437 
vn 0.8958481550216675 -0.05459017679095268 -0.4409942626953125 
vn 0.9899216890335083 0.041497278958559036 0.13539931178092957 
vn 0.8957543969154358 0.0021847665775567293 -0.4445439279079437 
vn 0.9904890656471252 0.024029318243265152 0.13547691702842712 
vn 0.9834297895431519 -0.019660966470837593 -0.18022020161151886 
vn 0.9119608402252197 0.1068456843495369 0.39612051844596863 
vn 0.9907484650611877 0.05459022894501686 0.1242474764585495 
vn 0.9832201600074768 -0.04586249217391014 -0.17656388878822327 
vn 0.9839031100273132 -0.06767378002405167 -0.1653934270143509 
vn 0.9839031100273132 -0.06767378002405167 -0.1653934270143509 
vn 0.8939734697341919 -0.11118903011083603 -0.4341065287590027 
vn 0.8933369517326355 -0.16742922365665436 -0.41703295707702637 
vn 0.9839930534362793 -0.08945278078317642 -0.1541295349597931 
vn 0.9839930534362793 -0.08945278078317642 -0.1541295349597931 
vn 0.9900950789451599 0.07203250378370285 0.12051185220479965 
vn 0.9903615117073059 0.08510006964206696 0.10927996039390564 
vn 0.9146944284439087 0.24860519170761108 0.318636953830719 
vn 0.9130863547325134 0.2906765937805176 0.2859727144241333 
vn 0.9898967146873474 0.10250035673379898 0.0979703888297081 
vn 0.9833837747573853 -0.10684572905302048 -0.14676615595817566 
vn 0.9898967146873474 0.10250035673379898 0.0979703888297081 
vn 0.9833837747573853 -0.10684572905302048 -0.14676615595817566 
vn 0.9839930534362793 -0.08945278078317642 -0.1541295349597931 
vn 0.8933369517326355 -0.16742922365665436 -0.41703295707702637 
vn 0.8922459483146667 -0.22312937676906586 -0.39256900548934937 
vn 0.9833837747573853 -0.10684572905302048 -0.14676615595817566 
vn 0.8922459483146667 -0.22312937676906586 -0.39256900548934937 
vn 0.8922459483146667 -0.22312937676906586 -0.39256900548934937 
vn 0.894092857837677 -0.26970523595809937 -0.35757097601890564 
vn 0.8950444459915161 -0.31565818190574646 -0.31504809856414795 
vn 0.7399321794509888 -0.4092630445957184 -0.5338577628135681 
vn 0.7422050833702087 -0.4719986319541931 -0.47576138377189636 
vn 0.8942636251449585 -0.3527185022830963 -0.27546727657318115 
vn 0.9834659099578857 -0.1415284276008606 -0.11298036575317383 
vn 0.9839715957641602 -0.12420604377985 -0.12795628607273102 
vn 0.8950444459915161 -0.31565818190574646 -0.31504809856414795 
vn 0.894092857837677 -0.26970523595809937 -0.35757097601890564 
vn 0.8922459483146667 -0.22312937676906586 -0.39256900548934937 
vn 0.7362905144691467 -0.3363111615180969 -0.5871721506118774 
vn 0.7399321794509888 -0.4092630445957184 -0.5338577628135681 
vn 0.6508020162582397 -0.39325448870658875 -0.6494671702384949 
vn 0.7362905144691467 -0.3363111615180969 -0.5871721506118774 
vn 0.6505774259567261 -0.47584617137908936 -0.5918778777122498 
vn 0.6508020162582397 -0.39325448870658875 -0.6494671702384949 
vn 0.7422050833702087 -0.4719986319541931 -0.47576138377189636 
vn 0.7399321794509888 -0.4092630445957184 -0.5338577628135681 
vn 0.6552768349647522 -0.5434780120849609 -0.5246369242668152 
vn 0.7392832040786743 -0.5324283242225647 -0.41228681802749634 
vn 0.8933901190757751 -0.3892334997653961 -0.2243911623954773 
vn 0.736465334892273 -0.5867242217063904 -0.33670976758003235 
vn 0.8941200971603394 -0.41324588656425476 -0.17256054282188416 
vn 0.9835407137870789 -0.16742928326129913 -0.06793448328971863 
vn 0.649489164352417 -0.614666223526001 -0.44760391116142273 
vn 0.8941200971603394 -0.41324588656425476 -0.17256054282188416 
vn 0.9837263822555542 -0.17173539102077484 -0.05281476676464081 
vn 0.9899614453315735 0.1372016966342926 0.03394119068980217 
vn 0.9837263822555542 -0.17173539102077484 -0.05281476676464081 
vn 0.7392832040786743 -0.5324283242225647 -0.41228681802749634 
vn 0.6552768349647522 -0.5434780120849609 -0.5246369242668152 
vn 0.990478515625 0.1372016966342926 0.011315714567899704 
vn 0.9840285181999207 -0.1760382205247879 -0.026428744196891785 
vn 0.9837263822555542 -0.17173539102077484 -0.05281476676464081 
vn 0.990478515625 0.1372016966342926 0.011315714567899704 
vn 0.9128797054290771 0.405272513628006 0.04903881251811981 
vn 0.9899614453315735 0.1372016966342926 0.03394119068980217 
vn 0.9133738279342651 0.3932545781135559 0.10535203665494919 
vn 0.9904893636703491 0.12854041159152985 0.04907318577170372 
vn 0.9835407137870789 -0.16742928326129913 -0.06793448328971863 
vn 0.9838406443595886 -0.15449212491512299 -0.09049707651138306 
vn 0.9899320602416992 0.1242060586810112 0.06787769496440887 
vn 0.9132674336433411 0.37712594866752625 0.1540083885192871 
vn 0.9144361615180969 0.3527185320854187 0.1984846144914627 
vn 0.9678597450256348 0.23163926601409912 0.09793239831924438 
vn 0.9838406443595886 -0.15449212491512299 -0.09049707651138306 
vn 0.8942636251449585 -0.3527185022830963 -0.27546727657318115 
vn 0.9906386733055115 0.11118908226490021 0.07919571548700333 
vn 0.9834659099578857 -0.1415284276008606 -0.11298036575317383 
vn 0.8933901190757751 -0.3892334997653961 -0.2243911623954773 
vn 0.8942636251449585 -0.3527185022830963 -0.27546727657318115 
vn 0.9839715957641602 -0.12420604377985 -0.12795628607273102 
vn 0.9898967146873474 0.10250035673379898 0.0979703888297081 
vn 0.9135152101516724 0.3239380717277527 0.24607735872268677 
vn 0.9906386733055115 0.11118908226490021 0.07919571548700333 
vn 0.9144361615180969 0.3527185320854187 0.1984846144914627 
vn 0.9898967146873474 0.10250035673379898 0.0979703888297081 
vn 0.9135152101516724 0.3239380717277527 0.24607735872268677 
vn 0.9675148725509644 0.19750025868415833 0.15782475471496582 
vn 0.9685319662094116 0.17173537611961365 0.18014657497406006 
vn 0.999997615814209 0.002184694167226553 3.55725865430756e-10 
vn 0.999997615814209 0.002184694167226553 3.55725865430756e-10 
vn 0.9684951305389404 0.15017372369766235 0.19865798950195312 
vn 0.9130863547325134 0.2906765937805176 0.2859727144241333 
vn 0.9144898653030396 0.20178166031837463 0.35070279240608215 
vn 0.9900950789451599 0.07203250378370285 0.12051185220479965 
vn 0.9839031100273132 -0.06767378002405167 -0.1653934270143509 
vn 0.9899216890335083 0.041497278958559036 0.13539931178092957 
vn 0.9132343530654907 0.15880753099918365 0.37521088123321533 
vn 0.9907484650611877 0.05459022894501686 0.1242474764585495 
vn 0.9899216890335083 0.041497278958559036 0.13539931178092957 
vn 0.9146944284439087 0.24860519170761108 0.318636953830719 
vn 0.9685319662094116 0.17173537611961365 0.18014657497406006 
vn 0.9146944284439087 0.24860519170761108 0.318636953830719 
vn 0.9144898653030396 0.20178166031837463 0.35070279240608215 
vn 0.9687315821647644 0.11986929923295975 0.21723362803459167 
vn 0.9144898653030396 0.20178166031837463 0.35070279240608215 
vn 0.9132343530654907 0.15880753099918365 0.37521088123321533 
vn 0.9673510789871216 0.093803770840168 0.23544155061244965 
vn 0.9132343530654907 0.15880753099918365 0.37521088123321533 
vn 0.999997615814209 0.002184694167226553 3.55725865430756e-10 
vn 0.9684951305389404 0.15017372369766235 0.19865798950195312 
vn 0.999997615814209 0.002184694167226553 3.55725865430756e-10 
vn 0.9673510789871216 0.093803770840168 0.23544155061244965 
vn 0.999997615814209 0.002184694167226553 3.55725865430756e-10 
vn 0.999997615814209 0.002184694167226553 3.55725865430756e-10 
vn 0.999997615814209 0.002184694167226553 3.55725865430756e-10 
vn 0.999997615814209 0.002184694167226553 3.55725865430756e-10 
vn 0.999997615814209 0.002184694167226553 3.55725865430756e-10 
vn 0.999997615814209 0.002184694167226553 3.55725865430756e-10 
vn 0.999997615814209 0.002184694167226553 3.55725865430756e-10 
vn 0.999997615814209 0.002184694167226553 3.55725865430756e-10 
vn 0.999997615814209 0.002184694167226553 3.55725865430756e-10 
vn 0.999997615814209 0.002184694167226553 3.55725865430756e-10 
vn 0.999997615814209 0.002184694167226553 3.55725865430756e-10 
vn 0.999997615814209 0.002184694167226553 3.55725865430756e-10 
vn 0.999997615814209 0.002184694167226553 3.55725865430756e-10 
vn 0.999997615814209 0.002184694167226553 3.55725865430756e-10 
vn 0.999997615814209 0.002184694167226553 3.55725865430756e-10 
vn 0.999997615814209 0.002184694167226553 3.55725865430756e-10 
vn 0.999997615814209 0.002184694167226553 3.55725865430756e-10 
vn 0.999997615814209 0.002184694167226553 3.55725865430756e-10 
vn 0.999997615814209 0.002184694167226553 3.55725865430756e-10 
vn 0.999997615814209 0.002184694167226553 3.55725865430756e-10 
vn 0.999997615814209 0.002184694167226553 3.55725865430756e-10 
vn 0.999997615814209 0.002184694167226553 3.55725865430756e-10 
vn 0.999997615814209 0.002184694167226553 3.55725865430756e-10 
vn 0.999997615814209 0.002184694167226553 3.55725865430756e-10 
vn 0.999997615814209 0.002184694167226553 3.55725865430756e-10 
vn 0.999997615814209 0.002184694167226553 3.55725865430756e-10 
vn 0.999997615814209 0.002184694167226553 3.55725865430756e-10 
vn 0.999997615814209 0.002184694167226553 3.55725865430756e-10 
vn 0.999997615814209 0.002184694167226553 3.55725865430756e-10 
vn 0.999997615814209 0.002184694167226553 3.55725865430756e-10 
vn 0.999997615814209 0.002184694167226553 3.55725865430756e-10 
vn 0.999997615814209 0.002184694167226553 3.55725865430756e-10 
vn 0.999997615814209 0.002184694167226553 3.55725865430756e-10 
vn 0.999997615814209 0.002184694167226553 3.55725865430756e-10 
vn 0.999997615814209 0.002184694167226553 3.55725865430756e-10 
vn 0.999997615814209 0.002184694167226553 3.55725865430756e-10 
vn 0.999997615814209 0.002184694167226553 3.55725865430756e-10 
vn 0.999997615814209 0.002184694167226553 3.55725865430756e-10 
vn 0.999997615814209 0.002184694167226553 3.55725865430756e-10 
vn 0.999997615814209 0.002184694167226553 3.55725865430756e-10 
vn 0.999997615814209 0.002184694167226553 3.55725865430756e-10 
vn 0.999997615814209 0.002184694167226553 3.55725865430756e-10 
vn 0.999997615814209 0.002184694167226553 3.55725865430756e-10 
vn 0.999997615814209 0.002184694167226553 3.55725865430756e-10 
vn 0.999997615814209 0.002184694167226553 3.55725865430756e-10 
vn 0.999997615814209 0.002184694167226553 3.55725865430756e-10 
vn 0.999997615814209 0.002184694167226553 3.55725865430756e-10 
vn 0.999997615814209 0.002184694167226553 3.55725865430756e-10 
vn 0.999997615814209 0.002184694167226553 3.55725865430756e-10 
vn 0.999997615814209 0.002184694167226553 3.55725865430756e-10 
vn 0.999997615814209 0.002184694167226553 3.55725865430756e-10 
vn 0.999997615814209 0.002184694167226553 3.55725865430756e-10 
vn 0.999997615814209 0.002184694167226553 3.55725865430756e-10 
vn 0.999997615814209 0.002184694167226553 3.55725865430756e-10 
vn 0.999997615814209 0.002184694167226553 3.55725865430756e-10 
vn 0.999997615814209 0.002184694167226553 3.55725865430756e-10 
vn 0.999997615814209 0.002184694167226553 3.55725865430756e-10 
vn 0.999997615814209 0.002184694167226553 3.55725865430756e-10 
vn 0.999997615814209 0.002184694167226553 3.55725865430756e-10 
vn 0.999997615814209 0.002184694167226553 3.55725865430756e-10 
vn 0.999997615814209 0.002184694167226553 3.55725865430756e-10 
vn 0.999997615814209 0.002184694167226553 3.55725865430756e-10 
vn 0.999997615814209 0.002184694167226553 3.55725865430756e-10 
vn 0.999997615814209 0.002184694167226553 3.55725865430756e-10 
vn 0.999997615814209 0.002184694167226553 3.55725865430756e-10 
vn 0.999997615814209 0.002184694167226553 3.55725865430756e-10 
vn 0.999997615814209 0.002184694167226553 3.55725865430756e-10 
vn 0.999997615814209 0.002184694167226553 3.55725865430756e-10 
vn 0.999997615814209 0.002184694167226553 3.55725865430756e-10 
vn 0.999997615814209 0.002184694167226553 3.55725865430756e-10 
vn 0.999997615814209 0.002184694167226553 3.55725865430756e-10 
vn 0.999997615814209 0.002184694167226553 3.55725865430756e-10 
vn 0.999997615814209 0.002184694167226553 3.55725865430756e-10 
vn 0.999997615814209 0.002184694167226553 3.55725865430756e-10 
vn 0.999997615814209 0.002184694167226553 3.55725865430756e-10 
vn 0.999997615814209 0.002184694167226553 3.55725865430756e-10 
vn 0.999997615814209 0.002184694167226553 3.55725865430756e-10 
vn 0.999997615814209 0.002184694167226553 3.55725865430756e-10 
vn 0.999997615814209 0.002184694167226553 3.55725865430756e-10 
vn 0.999997615814209 0.002184694167226553 3.55725865430756e-10 
vn 0.999997615814209 0.002184694167226553 3.55725865430756e-10 
vn 0.999997615814209 0.002184694167226553 3.55725865430756e-10 
vn 0.999997615814209 0.002184694167226553 3.55725865430756e-10 
vn 0.999997615814209 0.002184694167226553 3.55725865430756e-10 
vn 0.999997615814209 0.002184694167226553 3.55725865430756e-10 
vn 0.999997615814209 0.002184694167226553 3.55725865430756e-10 
vn 0.999997615814209 0.002184694167226553 3.55725865430756e-10 
vn 0.999997615814209 0.002184694167226553 3.55725865430756e-10 
vn 0.999997615814209 0.002184694167226553 3.55725865430756e-10 
vn 0.999997615814209 0.002184694167226553 3.55725865430756e-10 
vn 0.999997615814209 0.002184694167226553 3.55725865430756e-10 
vn 0.999997615814209 0.002184694167226553 3.55725865430756e-10 
vn 0.9692249894142151 0.21033291518688202 0.1279180496931076 
vn 0.9119608402252197 0.1068456843495369 0.39612051844596863 
vn 0.9682724475860596 0.05895254760980606 0.2428435981273651 
vn 0.968716025352478 0.02839718759059906 0.24654176831245422 
vn 0.9671958684921265 -0.006554082036018372 0.25394728779792786 
vn 0.9684385657310486 -0.037131331861019135 0.24647115170955658 
vn 0.9685767292976379 -0.06767384707927704 0.23933108150959015 
vn 0.9690679311752319 -0.10250040888786316 0.22450163960456848 
vn 0.9684346914291382 -0.12854045629501343 0.21356859803199768 
vn 0.9678758382797241 -0.15880762040615082 0.19492700695991516 
vn 0.9682949781417847 -0.18033771216869354 0.1728675365447998 
vn 0.9683836698532104 -0.2017817497253418 0.1466875672340393 
vn 0.9682857990264893 -0.21886810660362244 0.12049642950296402 
vn 0.9689241647720337 -0.2316392958164215 0.08677123486995697 
vn 0.9680291414260864 -0.24437068402767181 0.05659130588173866 
vn 0.9681340456008911 -0.24860523641109467 0.03019816242158413 
vn 0.9675019979476929 -0.25283506512641907 -0.0037758334074169397 
vn 0.9119608402252197 0.1068456843495369 0.39612051844596863 
vn 0.9132343530654907 0.15880753099918365 0.37521088123321533 
vn 0.9119608402252197 0.1068456843495369 0.39612051844596863 
vn 0.914925754070282 0.05459018424153328 0.3999134600162506 
vn 0.9149710536003113 0.0021846285089850426 0.4035136103630066 
vn 0.9149710536003113 0.0021846285089850426 0.4035136103630066 
vn 0.9151355624198914 -0.05022692680358887 0.40000519156455994 
vn 0.9681340456008911 -0.24860523641109467 0.03019816242158413 
vn 0.9141881465911865 -0.405272513628006 0.003773945849388838 
vn 0.9144326448440552 -0.401274174451828 0.052839264273643494 
vn 0.9150720834732056 -0.3892335593700409 0.10554778575897217 
vn 0.9680291414260864 -0.24437068402767181 0.05659130588173866 
vn 0.9141881465911865 -0.405272513628006 0.003773945849388838 
vn 0.9144326448440552 -0.401274174451828 0.052839264273643494 
vn 0.9904279708862305 -0.1372016966342926 -0.015105664730072021 
vn 0.9905511140823364 -0.1328723281621933 -0.03396140784025192 
vn 0.9144326448440552 -0.401274174451828 -0.05283939838409424 
vn 0.9831596612930298 0.1760382056236267 0.04906748980283737 
vn 0.9904279708862305 -0.1372016966342926 -0.015105664730072021 
vn 0.9904893636703491 -0.12854041159152985 -0.04907318577170372 
vn 0.9832795858383179 0.16742928326129913 0.07161495089530945 
vn 0.9832795858383179 0.16742928326129913 0.07161495089530945 
vn 0.9831596612930298 0.1760382056236267 0.04906748980283737 
vn 0.9832502007484436 0.18033768236637115 0.026407843455672264 
vn 0.8935887813568115 0.44481781125068665 0.06030137091875076 
vn 0.8938062191009521 0.43303993344306946 0.1165626272559166 
vn 0.740601658821106 0.5796253681182861 0.3399171531200409 
vn 0.8941200971603394 0.41324588656425476 0.17256054282188416 
vn 0.8925366401672363 0.3892334997653961 0.22776220738887787 
vn 0.9832795858383179 0.16742928326129913 0.07161495089530945 
vn 0.7406171560287476 0.6215357184410095 0.25530290603637695 
vn 0.740601658821106 0.5796253681182861 0.3399171531200409 
vn 0.7406171560287476 0.6215357184410095 0.25530290603637695 
vn 0.99051433801651 -0.1372016966342926 0.007553018629550934 
vn 0.9144326448440552 -0.401274174451828 0.052839264273643494 
vn 0.6568397879600525 0.7032341361045837 0.27207207679748535 
vn 0.655586302280426 0.7336177229881287 0.17891807854175568 
vn 0.7414970993995667 0.6485338807106018 0.17200541496276855 
vn 0.7384297847747803 0.6682642698287964 0.09024590998888016 
vn 0.8935887813568115 0.44481781125068665 0.06030137091875076 
vn 0.6568397879600525 0.7032341361045837 0.27207207679748535 
vn 0.6551742553710938 0.6617377996444702 0.3644857108592987 
vn 0.740601658821106 0.5796253681182861 0.3399171531200409 
vn 0.6563418507575989 0.6077498197555542 0.447052001953125 
vn 0.6476482152938843 0.5507927536964417 0.526478111743927 
vn 0.6505774259567261 0.47584617137908936 0.5918778777122498 
vn 0.7380455732345581 0.47584617137908936 0.4783923029899597 
vn 0.7350995540618896 0.5361218452453613 0.41497236490249634 
vn 0.8927822113037109 0.3568037152290344 0.27501094341278076 
vn 0.9838406443595886 0.15449212491512299 0.09049707651138306 
vn 0.6563418507575989 0.6077498197555542 0.447052001953125 
vn 0.7380455732345581 0.47584617137908936 0.4783923029899597 
vn 0.8939209580421448 0.31565818190574646 0.3182219862937927 
vn 0.8928565382957458 0.26970523595809937 0.3606470823287964 
vn 0.8939209580421448 0.31565818190574646 0.3182219862937927 
vn 0.7381603717803955 0.4092630445957184 0.5363049507141113 
vn 0.8925366401672363 0.3892334997653961 0.22776220738887787 
vn 0.9832795858383179 0.16742928326129913 0.07161495089530945 
vn 0.9838406443595886 0.15449212491512299 0.09049707651138306 
vn 0.9834659099578857 0.1415284276008606 0.11298036575317383 
vn 0.8927822113037109 0.3568037152290344 0.27501094341278076 
vn 0.8939209580421448 0.31565818190574646 0.3182219862937927 
vn 0.9839715957641602 0.12420604377985 0.12795628607273102 
vn 0.7381603717803955 0.4092630445957184 0.5363049507141113 
vn 0.6505774259567261 0.47584617137908936 0.5918778777122498 
vn 0.8948422074317932 0.21886803209781647 0.3890427350997925 
vn 0.7409725785255432 0.3363111615180969 0.5812525153160095 
vn 0.7381603717803955 0.4092630445957184 0.5363049507141113 
vn 0.7409725785255432 0.3363111615180969 0.5812525153160095 
vn 0.6586388945579529 0.38923341035842896 0.6439659595489502 
vn 0.6555650234222412 0.3031933903694153 0.6915983557701111 
vn 0.8948422074317932 0.21886803209781647 0.3890427350997925 
vn 0.740032434463501 0.2570599913597107 0.621508002281189 
vn 0.8951461315155029 0.16742922365665436 0.4131353795528412 
vn 0.740032434463501 0.2570599913597107 0.621508002281189 
vn 0.8935278654098511 0.11553025245666504 0.433890163898468 
vn 0.7404623627662659 0.17173530161380768 0.6497864127159119 
vn 0.7364777326583862 0.0850999727845192 0.6710875630378723 
vn 0.7404623627662659 0.17173530161380768 0.6497864127159119 
vn 0.6555650234222412 0.3031933903694153 0.6915983557701111 
vn 0.740032434463501 0.2570599913597107 0.621508002281189 
vn 0.6571474075317383 0.21033281087875366 0.7238214015960693 
vn 0.7404623627662659 0.17173530161380768 0.6497864127159119 
vn 0.652029812335968 0.11553020030260086 0.7493395805358887 
vn 0.652029812335968 0.11553020030260086 0.7493395805358887 
vn 0.7364777326583862 0.0850999727845192 0.6710875630378723 
vn 0.6573742628097534 0.01529215183109045 0.7534090876579285 
vn 0.7364777326583862 0.0850999727845192 0.6710875630378723 
vn 0.7384083271026611 -0.0021848040632903576 0.6743503212928772 
vn 0.6558310389518738 -0.0807458683848381 0.7505769729614258 
vn 0.7361958622932434 -0.08945291489362717 0.6708307266235352 
vn 0.8923717141151428 -0.0021847677417099476 0.4512958228588104 
vn 0.8920277953147888 -0.06331387907266617 0.4475240707397461 
vn 0.7361958622932434 -0.08945291489362717 0.6708307266235352 
vn 0.7361958622932434 -0.08945291489362717 0.6708307266235352 
vn 0.7418076395988464 -0.17603832483291626 0.6470950245857239 
vn 0.6569955945014954 -0.17603833973407745 0.73305344581604 
vn 0.6569955945014954 -0.17603833973407745 0.73305344581604 
vn 0.7418076395988464 -0.17603832483291626 0.6470950245857239 
vn 0.6528401970863342 -0.2739103138446808 0.7062385082244873 
vn 0.7419174909591675 -0.257060170173645 0.6192563772201538 
vn 0.6594558954238892 -0.3608822524547577 0.6594558358192444 
vn 0.7409725785255432 -0.33631134033203125 0.58125239610672 
vn 0.6548608541488647 -0.44872695207595825 0.6081129312515259 
vn 0.7358182668685913 -0.4132460057735443 0.5364692211151123 
vn 0.89266037940979 -0.22738659381866455 0.3891693651676178 
vn 0.893347442150116 -0.17603829503059387 0.4134499728679657 
vn 0.894472599029541 -0.1198694035410881 0.43075525760650635 
vn 0.7409725785255432 -0.33631134033203125 0.58125239610672 
vn 0.8915303349494934 -0.27810990810394287 0.35753121972084045 
vn 0.7358182668685913 -0.4132460057735443 0.5364692211151123 
vn 0.8948483467102051 -0.3198012709617615 0.3114057779312134 
vn 0.7380455732345581 -0.4758463501930237 0.4783921241760254 
vn 0.6503557562828064 -0.5250111222267151 0.5489997863769531 
vn 0.7380455732345581 -0.4758463501930237 0.4783921241760254 
vn 0.7358182668685913 -0.4132460057735443 0.5364692211151123 
vn 0.7380455732345581 -0.4758463501930237 0.4783921241760254 
vn 0.6557064056396484 -0.5902569890022278 0.4707927107810974 
vn 0.7358182668685913 -0.4132460057735443 0.5364692211151123 
vn 0.6503557562828064 -0.5250111222267151 0.5489997863769531 
vn 0.9835975170135498 -0.09380383044481277 0.15406754612922668 
vn 0.89266037940979 -0.22738659381866455 0.3891693651676178 
vn 0.89266037940979 -0.22738659381866455 0.3891693651676178 
vn 0.9836021065711975 -0.07203255593776703 0.1653428077697754 
vn 0.893347442150116 -0.17603829503059387 0.4134499728679657 
vn 0.9830135107040405 -0.05022689327597618 0.1765267550945282 
vn 0.9902431964874268 0.03276459500193596 -0.1354432851076126 
vn 0.9906592965126038 0.01529229711741209 -0.1355002075433731 
vn 0.894472599029541 -0.1198694035410881 0.43075525760650635 
vn 0.9832232594490051 -0.02839725837111473 0.1801823377609253 
vn 0.8920277953147888 -0.06331387907266617 0.4475240707397461 
vn 0.9836175441741943 -0.0021847235038876534 0.18025460839271545 
vn 0.8923717141151428 -0.0021847677417099476 0.4512958228588104 
vn 0.8920277953147888 -0.06331387907266617 0.4475240707397461 
vn 0.8923717141151428 -0.0021847677417099476 0.4512958228588104 
vn 0.9834297895431519 0.019660966470837593 0.18022020161151886 
vn 0.9904890656471252 -0.024029318243265152 -0.13547691702842712 
vn 0.9832201600074768 0.04586249217391014 0.17656388878822327 
vn 0.8924882411956787 0.054590173065662384 0.4477550983428955 
vn 0.8923717141151428 -0.0021847677417099476 0.4512958228588104 
vn 0.8924882411956787 0.054590173065662384 0.4477550983428955 
vn 0.9899216890335083 -0.041497278958559036 -0.13539931178092957 
vn 0.9832201600074768 0.04586249217391014 0.17656388878822327 
vn 0.9834297895431519 0.019660966470837593 0.18022020161151886 
vn 0.9832201600074768 0.04586249217391014 0.17656388878822327 
vn 0.9905022978782654 -0.05895256996154785 -0.12421660870313644 
vn 0.9138674736022949 -0.1544920802116394 -0.37547099590301514 
vn 0.9904890656471252 -0.024029318243265152 -0.13547691702842712 
vn 0.9162245988845825 -0.10684569180011749 -0.38615602254867554 
vn 0.914925754070282 -0.05459018424153328 -0.3999134600162506 
vn 0.9907727837562561 -0.002184672048315406 -0.1355157196521759 
vn 0.9907727837562561 -0.002184672048315406 -0.1355157196521759 
vn 0.9836175441741943 -0.0021847235038876534 0.18025460839271545 
vn 0.9832232594490051 -0.02839725837111473 0.1801823377609253 
vn 0.9830135107040405 -0.05022689327597618 0.1765267550945282 
vn 0.9832232594490051 -0.02839725837111473 0.1801823377609253 
vn 0.9149710536003113 -0.0021846285089850426 -0.4035136103630066 
vn 0.914925754070282 -0.05459018424153328 -0.3999134600162506 
vn 0.968716025352478 -0.02839718759059906 -0.24654176831245422 
vn 0.9906592965126038 0.01529229711741209 -0.1355002075433731 
vn 0.9151355624198914 0.05022692680358887 -0.40000519156455994 
vn 0.9671958684921265 0.006554082036018372 -0.25394728779792786 
vn 0.968716025352478 -0.02839718759059906 -0.24654176831245422 
vn 0.9902431964874268 0.03276459500193596 -0.1354432851076126 
vn 0.9153613448143005 0.10250043869018555 -0.38936781883239746 
vn 0.9900076985359192 0.050226885825395584 -0.13176508247852325 
vn 0.9684385657310486 0.037131331861019135 -0.24647115170955658 
vn 0.9151355624198914 0.05022692680358887 -0.40000519156455994 
vn 0.9151355624198914 0.05022692680358887 -0.40000519156455994 
vn 0.9682724475860596 -0.05895254760980606 -0.2428435981273651 
vn 0.9694974422454834 -0.08945276588201523 -0.22819480299949646 
vn 0.9687315821647644 -0.11986929923295975 -0.21723362803459167 
vn 0.9691286683082581 -0.1458524614572525 -0.19878794252872467 
vn 0.914925754070282 -0.05459018424153328 -0.3999134600162506 
vn 0.9148472547531128 -0.20605923235416412 -0.3472665250301361 
vn 0.9148472547531128 -0.20605923235416412 -0.3472665250301361 
vn 0.9138674736022949 -0.1544920802116394 -0.37547099590301514 
vn 0.9899216890335083 -0.041497278958559036 -0.13539931178092957 
vn 0.914925754070282 -0.05459018424153328 -0.3999134600162506 
vn 0.9687315821647644 -0.11986929923295975 -0.21723362803459167 
vn 0.9138674736022949 -0.1544920802116394 -0.37547099590301514 
vn 0.9162245988845825 -0.10684569180011749 -0.38615602254867554 
vn 0.9138674736022949 -0.1544920802116394 -0.37547099590301514 
vn 0.9146944284439087 -0.24860519170761108 -0.318636953830719 
vn 0.9909789562225342 -0.07203251123428345 -0.11301334947347641 
vn 0.9905022978782654 -0.05895256996154785 -0.12421660870313644 
vn 0.9832201600074768 0.04586249217391014 0.17656388878822327 
vn 0.9839031100273132 0.06767378002405167 0.1653934270143509 
vn 0.9909789562225342 -0.07203251123428345 -0.11301334947347641 
vn 0.9839031100273132 0.06767378002405167 0.1653934270143509 
vn 0.9839031100273132 0.06767378002405167 0.1653934270143509 
vn 0.9839930534362793 0.08945278078317642 0.1541295349597931 
vn 0.9899824261665344 -0.08945278823375702 -0.10923813283443451 
vn 0.9146944284439087 -0.24860519170761108 -0.318636953830719 
vn 0.8948422074317932 0.21886803209781647 0.3890427350997925 
vn 0.9839591383934021 0.10684572905302048 0.1428578943014145 
vn 0.8924882411956787 0.054590173065662384 0.4477550983428955 
vn 0.7384083271026611 -0.0021848040632903576 0.6743503212928772 
vn 0.8935278654098511 0.11553025245666504 0.433890163898468 
vn 0.9832201600074768 0.04586249217391014 0.17656388878822327 
vn 0.8951461315155029 0.16742922365665436 0.4131353795528412 
vn 0.8948422074317932 0.21886803209781647 0.3890427350997925 
vn 0.8928565382957458 0.26970523595809937 0.3606470823287964 
vn 0.8928565382957458 0.26970523595809937 0.3606470823287964 
vn 0.9906386733055115 -0.11118908226490021 -0.07919571548700333 
vn 0.9834659099578857 0.1415284276008606 0.11298036575317383 
vn 0.9839591383934021 0.10684572905302048 0.1428578943014145 
vn 0.9898967146873474 -0.10250035673379898 -0.0979703888297081 
vn 0.914100170135498 -0.2906765937805176 -0.2827153503894806 
vn 0.9839715957641602 0.12420604377985 0.12795628607273102 
vn 0.9898967146873474 -0.10250035673379898 -0.0979703888297081 
vn 0.9144091606140137 -0.3239380717277527 -0.24273452162742615 
vn 0.9135716557502747 -0.3527185320854187 -0.2024265080690384 
vn 0.9677823185920715 -0.2146025449037552 -0.1316935420036316 
vn 0.9683573246002197 -0.19321505725383759 -0.15796217322349548 
vn 0.9898967146873474 -0.10250035673379898 -0.0979703888297081 
vn 0.9144091606140137 -0.3239380717277527 -0.24273452162742615 
vn 0.9685319662094116 -0.17173537611961365 -0.18014657497406006 
vn 0.9691286683082581 -0.1458524614572525 -0.19878794252872467 
vn 0.9899824261665344 -0.08945278823375702 -0.10923813283443451 
vn 0.9146944284439087 -0.24860519170761108 -0.318636953830719 
vn 0.9685319662094116 -0.17173537611961365 -0.18014657497406006 
vn 0.96885746717453 -0.22738651931285858 -0.0980333611369133 
vn 0.9683640003204346 -0.2401314228773117 -0.06788280606269836 
vn 0.967869222164154 -0.24860523641109467 -0.03774435445666313 
vn 0.9675019979476929 -0.25283506512641907 -0.0037758334074169397 
vn 0.9155364036560059 -0.37307557463645935 -0.15035849809646606 
vn 0.9155364036560059 -0.37307557463645935 -0.15035849809646606 
vn 0.9137835502624512 -0.3932545781135559 -0.10173741728067398 
vn 0.9904893636703491 -0.12854041159152985 -0.04907318577170372 
vn 0.9144326448440552 -0.401274174451828 -0.05283939838409424 
vn 0.9141881465911865 -0.405272513628006 0.003773945849388838 
vn 0.9144326448440552 -0.401274174451828 -0.05283939838409424 
vn 0.9675019979476929 -0.25283506512641907 -0.0037758334074169397 
vn 0.9905511140823364 -0.1328723281621933 -0.03396140784025192 
vn 0.9905511140823364 -0.1328723281621933 -0.03396140784025192 
vn 0.9906386733055115 -0.11118908226490021 -0.07919571548700333 
vn 0.9904640316963196 -0.11986932903528214 -0.06791417300701141 
vn 0.9834659099578857 0.1415284276008606 0.11298036575317383 
vn 0.9904640316963196 -0.11986932903528214 -0.06791417300701141 
vn 0.9838406443595886 0.15449212491512299 0.09049707651138306 
vn 0.9838406443595886 0.15449212491512299 0.09049707651138306 
vn 0.6473468542098999 -0.21460244059562683 -0.7313603162765503 
vn 0.652029812335968 -0.11553020030260086 -0.7493395805358887 
vn 0.7368215322494507 -0.17603811621665955 -0.6527668833732605 
vn 0.7370554804801941 -0.2570599913597107 -0.6250355243682861 
vn 0.7368215322494507 -0.17603811621665955 -0.6527668833732605 
vn 0.8922459483146667 -0.22312937676906586 -0.39256900548934937 
vn 0.6473468542098999 -0.21460244059562683 -0.7313603162765503 
vn 0.6555650234222412 -0.3031933903694153 -0.6915983557701111 
vn 0.7362905144691467 -0.3363111615180969 -0.5871721506118774 
vn 0.7370554804801941 -0.2570599913597107 -0.6250355243682861 
vn 0.6555650234222412 -0.3031933903694153 -0.6915983557701111 
vn 0.651450514793396 -0.6650073528289795 -0.36520883440971375 
vn 0.649489164352417 -0.614666223526001 -0.44760391116142273 
vn 0.9837263822555542 -0.17173539102077484 -0.05281476676464081 
vn 0.89328932762146 -0.43303993344306946 -0.12046001851558685 
vn 0.89328932762146 -0.43303993344306946 -0.12046001851558685 
vn 0.9840285181999207 -0.1760382205247879 -0.026428744196891785 
vn 0.6488680839538574 -0.7395281791687012 -0.17907632887363434 
vn 0.6519904136657715 -0.7063338756561279 -0.27568262815475464 
vn 0.7376772165298462 -0.651853621006012 -0.17583878338336945 
vn 0.7388613224029541 -0.6682642698287964 -0.08664219081401825 
vn 0.7376772165298462 -0.651853621006012 -0.17583878338336945 
vn 0.8933207392692566 -0.44481781125068665 -0.06414979696273804 
vn 0.89328932762146 -0.43303993344306946 -0.12046001851558685 
vn 0.9840285181999207 -0.1760382205247879 -0.026428744196891785 
vn 0.89328932762146 -0.43303993344306946 -0.12046001851558685 
vn 0.8933207392692566 -0.44481781125068665 -0.06414979696273804 
vn 0.9836047291755676 -0.18033768236637115 -2.9380998967099003e-8 
vn 0.7388613224029541 -0.6682642698287964 -0.08664219081401825 
vn 0.8936609625816345 -0.4487268626689911 -0.003778720973059535 
vn 0.7388613224029541 -0.6682642698287964 -0.08664219081401825 
vn 0.7380558252334595 -0.67473965883255 -1.0992940957521569e-7 
vn 0.6515546441078186 -0.7540562748908997 -0.08292008191347122 
vn 0.6499212384223938 -0.7597671151161194 0.01887567900121212 
vn 0.7363377213478088 -0.6715083718299866 0.08296522498130798 
vn 0.8938300013542175 -0.44481781125068665 0.056613367050886154 
vn 0.8936609625816345 -0.4487268626689911 -0.003778720973059535 
vn 0.9833436012268066 -0.18033768236637115 0.022663628682494164 
vn 0.8938300013542175 -0.44481781125068665 0.056613367050886154 
vn 0.984102189540863 -0.17173540592193604 0.045275505632162094 
vn 0.8942670822143555 -0.43303999304771423 0.11297214031219482 
vn 0.9835407137870789 -0.16742931306362152 0.06793442368507385 
vn 0.9900869131088257 0.12854044139385223 -0.0566151961684227 
vn 0.9902637600898743 0.1328723281621933 -0.041504327207803726 
vn 0.9136691689491272 0.3730756342411041 -0.16131718456745148 
vn 0.9151808023452759 0.34862667322158813 -0.20224620401859283 
vn 0.9899187684059143 0.11986935138702393 -0.07544631510972977 
vn 0.9835407137870789 -0.16742931306362152 0.06793442368507385 
vn 0.9899187684059143 0.11986935138702393 -0.07544631510972977 
vn 0.983159065246582 -0.15880760550498962 0.09043433517217636 
vn 0.8942670822143555 -0.43303999304771423 0.11297214031219482 
vn 0.8922516703605652 -0.4172208309173584 0.17266662418842316 
vn 0.983159065246582 -0.15880760550498962 0.09043433517217636 
vn 0.8922516703605652 -0.4172208309173584 0.17266662418842316 
vn 0.8933901190757751 -0.3892335593700409 0.22439104318618774 
vn 0.9832507967948914 -0.14585250616073608 0.10929275304079056 
vn 0.9903836846351624 0.09380382299423218 -0.10169083625078201 
vn 0.9838843941688538 -0.12854044139385223 0.1242934837937355 
vn 0.9838843941688538 -0.12854044139385223 0.1242934837937355 
vn 0.9903157353401184 0.08074576407670975 -0.11293768137693405 
vn 0.9839988350868225 -0.11118911951780319 0.13922390341758728 
vn 0.9911479353904724 0.06331382691860199 -0.11669269949197769 
vn 0.9144898653030396 0.20178177952766418 -0.3507027328014374 
vn 0.9138674736022949 0.15449219942092896 -0.37547093629837036 
vn 0.9684346914291382 0.12854045629501343 -0.21356859803199768 
vn 0.9694949984550476 0.09815306216478348 -0.22460058331489563 
vn 0.914596676826477 0.2443707287311554 -0.32217368483543396 
vn 0.9144898653030396 0.20178177952766418 -0.3507027328014374 
vn 0.9694949984550476 0.09815306216478348 -0.22460058331489563 
vn 0.9685767292976379 0.06767384707927704 -0.23933108150959015 
vn 0.9138674736022949 0.15449219942092896 -0.37547093629837036 
vn 0.9153613448143005 0.10250043869018555 -0.38936781883239746 
vn 0.9684385657310486 0.037131331861019135 -0.24647115170955658 
vn 0.9153613448143005 0.10250043869018555 -0.38936781883239746 
vn 0.9900076985359192 0.050226885825395584 -0.13176508247852325 
vn 0.9900076985359192 0.050226885825395584 -0.13176508247852325 
vn 0.9911479353904724 0.06331382691860199 -0.11669269949197769 
vn 0.9144898653030396 0.20178177952766418 -0.3507027328014374 
vn 0.9138674736022949 0.15449219942092896 -0.37547093629837036 
vn 0.9835975170135498 -0.09380383044481277 0.15406754612922668 
vn 0.9839988350868225 -0.11118911951780319 0.13922390341758728 
vn 0.8915303349494934 -0.27810990810394287 0.35753121972084045 
vn 0.8948483467102051 -0.3198012709617615 0.3114057779312134 
vn 0.9838843941688538 -0.12854044139385223 0.1242934837937355 
vn 0.8937824368476868 -0.3568038046360016 0.2717426121234894 
vn 0.9839988350868225 -0.11118911951780319 0.13922390341758728 
vn 0.8948483467102051 -0.3198012709617615 0.3114057779312134 
vn 0.9832507967948914 -0.14585250616073608 0.10929275304079056 
vn 0.8937824368476868 -0.3568038046360016 0.2717426121234894 
vn 0.8933901190757751 -0.3892335593700409 0.22439104318618774 
vn 0.736465334892273 -0.5867243409156799 0.336709588766098 
vn 0.736465334892273 -0.5867243409156799 0.336709588766098 
vn 0.740307629108429 -0.5361219644546509 0.4056079685688019 
vn 0.6493901610374451 -0.6518536806106567 0.39163661003112793 
vn 0.6529558897018433 -0.6938547492027283 0.30366790294647217 
vn 0.6557064056396484 -0.5902569890022278 0.4707927107810974 
vn 0.6493901610374451 -0.6518536806106567 0.39163661003112793 
vn 0.7380455732345581 -0.4758463501930237 0.4783921241760254 
vn 0.740307629108429 -0.5361219644546509 0.4056079685688019 
vn 0.8948483467102051 -0.3198012709617615 0.3114057779312134 
vn 0.740307629108429 -0.5361219644546509 0.4056079685688019 
vn 0.8937824368476868 -0.3568038046360016 0.2717426121234894 
vn 0.740307629108429 -0.5361219644546509 0.4056079685688019 
vn 0.6519904136657715 -0.7063338756561279 -0.27568262815475464 
vn 0.7350082993507385 -0.6249526739120483 -0.26305297017097473 
vn 0.736465334892273 -0.5867242217063904 -0.33670976758003235 
vn 0.7376772165298462 -0.651853621006012 -0.17583878338336945 
vn 0.7355745434761047 -0.6551609039306641 0.17232030630111694 
vn 0.6511964797973633 -0.7276512980461121 0.2155616283416748 
vn 0.7375205159187317 -0.6249527931213379 0.2559247314929962 
vn 0.6529558897018433 -0.6938547492027283 0.30366790294647217 
vn 0.7375205159187317 -0.6249527931213379 0.2559247314929962 
vn 0.8933901190757751 -0.3892335593700409 0.22439104318618774 
vn 0.7355745434761047 -0.6551609039306641 0.17232030630111694 
vn 0.6497393250465393 -0.7511792182922363 0.11648425459861755 
vn 0.6497393250465393 -0.7511792182922363 0.11648425459861755 
vn 0.7363377213478088 -0.6715083718299866 0.08296522498130798 
vn 0.6499212384223938 -0.7597671151161194 0.01887567900121212 
vn 0.8942670822143555 -0.43303999304771423 0.11297214031219482 
vn 0.8922516703605652 -0.4172208309173584 0.17266662418842316 
vn 0.7355745434761047 -0.6551609039306641 0.17232030630111694 
vn 0.7363377213478088 -0.6715083718299866 0.08296522498130798 
vn 0.9901561737060547 0.10684576630592346 -0.09041430056095123 
vn 0.9832507967948914 -0.14585250616073608 0.10929275304079056 
vn 0.9903836846351624 0.09380382299423218 -0.10169083625078201 
vn 0.9132655262947083 0.2864932119846344 -0.28959929943084717 
vn 0.983159065246582 -0.15880760550498962 0.09043433517217636 
vn 0.9135152101516724 0.32393813133239746 -0.24607723951339722 
vn 0.9899187684059143 0.11986935138702393 -0.07544631510972977 
vn 0.9901561737060547 0.10684576630592346 -0.09041430056095123 
vn 0.9903836846351624 0.09380382299423218 -0.10169083625078201 
vn 0.9903157353401184 0.08074576407670975 -0.11293768137693405 
vn 0.9685468077659607 0.15449216961860657 -0.19506214559078217 
vn 0.9684346914291382 0.12854045629501343 -0.21356859803199768 
vn 0.914596676826477 0.2443707287311554 -0.32217368483543396 
vn 0.9132655262947083 0.2864932119846344 -0.28959929943084717 
vn 0.9684346914291382 0.12854045629501343 -0.21356859803199768 
vn 0.9685468077659607 0.15449216961860657 -0.19506214559078217 
vn 0.9676628112792969 0.18033771216869354 -0.17637179791927338 
vn 0.9683836698532104 0.2017817497253418 -0.1466875672340393 
vn 0.9682857990264893 0.21886810660362244 -0.12049642950296402 
vn 0.9135152101516724 0.32393813133239746 -0.24607723951339722 
vn 0.9685468077659607 0.15449216961860657 -0.19506214559078217 
vn 0.9899187684059143 0.11986935138702393 -0.07544631510972977 
vn 0.9136691689491272 0.3730756342411041 -0.16131718456745148 
vn 0.9136691689491272 0.3730756342411041 -0.16131718456745148 
vn 0.968590259552002 0.2316392958164215 -0.09042175114154816 
vn 0.9680291414260864 0.24437068402767181 -0.05659130588173866 
vn 0.9681340456008911 0.24860523641109467 -0.03019816242158413 
vn 0.9685754776000977 0.24860523641109467 0.007550738286226988 
vn 0.967869222164154 0.24860523641109467 0.03774435445666313 
vn 0.9683640003204346 0.2401314228773117 0.06788280606269836 
vn 0.9692249894142151 0.21033291518688202 0.1279180496931076 
vn 0.9133738279342651 0.3932546377182007 -0.10535190254449844 
vn 0.9141881465911865 0.405272513628006 -0.003773945849388838 
vn 0.9128797054290771 0.405272513628006 0.04903881251811981 
vn 0.9133738279342651 0.3932545781135559 0.10535203665494919 
vn 0.9132674336433411 0.37712594866752625 0.1540083885192871 
vn 0.9678597450256348 0.23163926601409912 0.09793239831924438 
vn 0.9135152101516724 0.3239380717277527 0.24607735872268677 
vn 0.9144361615180969 0.3527185320854187 0.1984846144914627 
vn 0.9141881465911865 0.405272513628006 -0.003773945849388838 
vn 0.990478515625 0.1372016966342926 0.011315714567899704 
vn 0.9133738279342651 0.3932546377182007 -0.10535190254449844 
vn 0.9142115712165833 0.401274174451828 -0.05653475224971771 
vn 0.990363597869873 0.1372016966342926 -0.018858734518289566 
vn 0.9133738279342651 0.3932546377182007 -0.10535190254449844 
vn 0.9902637600898743 0.1328723281621933 -0.041504327207803726 
vn 0.9136691689491272 0.3730756342411041 -0.16131718456745148 
vn 0.990363597869873 0.1372016966342926 -0.018858734518289566 
vn 0.9833436012268066 -0.18033768236637115 0.022663628682494164 
vn 0.8936609625816345 -0.4487268626689911 -0.003778720973059535 
vn 0.9833436012268066 -0.18033768236637115 0.022663628682494164 
vn 0.9905359745025635 0.1372016966342926 -0.003771947929635644 
vn 0.9905359745025635 0.1372016966342926 -0.003771947929635644 
vn 0.9840285181999207 -0.1760382205247879 -0.026428744196891785 
vn 0.984102189540863 -0.17173540592193604 0.045275505632162094 
vn 0.6548932194709778 0.7511792182922363 0.08273237198591232 
vn 0.655586302280426 0.7336177229881287 0.17891807854175568 
vn 0.8935887813568115 0.44481781125068665 0.06030137091875076 
vn 0.8936689496040344 0.4487268626689911 7.310684679850965e-8 
vn 0.7380461692810059 0.67473965883255 0.0037702899426221848 
vn 0.7384297847747803 0.6682642698287964 0.09024590998888016 
vn 0.6565390229225159 0.7540562748908997 -0.018858609721064568 
vn 0.7380461692810059 0.67473965883255 0.0037702899426221848 
vn 0.7384297847747803 0.6682642698287964 -0.09024568647146225 
vn 0.6531134843826294 0.7482877969741821 -0.11622439324855804 
vn 0.6570046544075012 0.7246471643447876 -0.20792162418365479 
vn 0.7414970993995667 0.6485338807106018 -0.17200520634651184 
vn 0.7384297847747803 0.6682642698287964 -0.09024568647146225 
vn 0.7414970993995667 0.6485338807106018 -0.17200520634651184 
vn 0.7406171560287476 0.6215358376502991 -0.2553027272224426 
vn 0.8955197334289551 0.41324594616889954 -0.16514304280281067 
vn 0.7414970993995667 0.6485338807106018 -0.17200520634651184 
vn 0.8918811082839966 0.43697431683540344 -0.11662553250789642 
vn 0.7384297847747803 0.6682642698287964 -0.09024568647146225 
vn 0.8940649628639221 0.44481781125068665 -0.052772924304008484 
vn 0.7384297847747803 0.6682642698287964 -0.09024568647146225 
vn 0.7380461692810059 0.67473965883255 0.0037702899426221848 
vn 0.8936689496040344 0.4487268626689911 7.310684679850965e-8 
vn 0.9834238290786743 0.18033768236637115 -0.018863804638385773 
vn 0.8940649628639221 0.44481781125068665 -0.052772924304008484 
vn 0.9835071563720703 0.1760382205247879 -0.04152347892522812 
vn 0.9902637600898743 -0.1328723281621933 0.041504327207803726 
vn 0.9834238290786743 0.18033768236637115 -0.018863804638385773 
vn 0.9835975170135498 0.18033768236637115 0.003773018252104521 
vn 0.8936689496040344 0.4487268626689911 7.310684679850965e-8 
vn 0.9902839660644531 -0.1372016966342926 0.022657344117760658 
vn 0.8935887813568115 0.44481781125068665 0.06030137091875076 
vn 0.9835071563720703 0.1760382205247879 -0.04152347892522812 
vn 0.8918811082839966 0.43697431683540344 -0.11662553250789642 
vn 0.9834238290786743 0.18033768236637115 -0.018863804638385773 
vn 0.99051433801651 -0.1372016966342926 0.007553018629550934 
vn 0.9835975170135498 0.18033768236637115 0.003773018252104521 
vn 0.9902637600898743 -0.1328723281621933 0.041504327207803726 
vn 0.9150720834732056 -0.3892335593700409 0.10554778575897217 
vn 0.9902637600898743 -0.1328723281621933 0.041504327207803726 
vn 0.9142823815345764 -0.3730756342411041 0.1578047275543213 
vn 0.9151808023452759 -0.34862667322158813 0.20224620401859283 
vn 0.9151808023452759 -0.34862667322158813 0.20224620401859283 
vn 0.9683836698532104 -0.2017817497253418 0.1466875672340393 
vn 0.9142823815345764 -0.3730756342411041 0.1578047275543213 
vn 0.9150720834732056 -0.3892335593700409 0.10554778575897217 
vn 0.9902839660644531 -0.1372016966342926 0.022657344117760658 
vn 0.99051433801651 -0.1372016966342926 0.007553018629550934 
vn 0.9908500909805298 -0.1242060735821724 0.052810028195381165 
vn 0.9151808023452759 -0.34862667322158813 0.20224620401859283 
vn 0.9908500909805298 -0.1242060735821724 0.052810028195381165 
vn 0.9148731827735901 -0.3198012411594391 0.24644304811954498 
vn 0.9148731827735901 -0.3198012411594391 0.24644304811954498 
vn 0.9120038747787476 -0.2864932119846344 0.2935483455657959 
vn 0.9835071563720703 0.1760382205247879 -0.04152347892522812 
vn 0.9837988615036011 0.16742931306362152 -0.06408774107694626 
vn 0.9907177686691284 -0.1155303344130516 0.0716313049197197 
vn 0.8955197334289551 0.41324594616889954 -0.16514304280281067 
vn 0.983159065246582 0.15880760550498962 -0.09043433517217636 
vn 0.8917320966720581 0.3932546377182007 -0.22397460043430328 
vn 0.8917320966720581 0.3932546377182007 -0.22397460043430328 
vn 0.9836745262145996 0.14585250616073608 -0.10541106015443802 
vn 0.7406171560287476 0.6215358376502991 -0.2553027272224426 
vn 0.6565764546394348 0.6907016634941101 -0.3030487596988678 
vn 0.6570046544075012 0.7246471643447876 -0.20792162418365479 
vn 0.8918811082839966 0.43697431683540344 -0.11662553250789642 
vn 0.9904829263687134 -0.10684576630592346 0.08676133304834366 
vn 0.9836745262145996 0.14585250616073608 -0.10541106015443802 
vn 0.983159065246582 0.15880760550498962 -0.09043433517217636 
vn 0.9120038747787476 -0.2864932119846344 0.2935483455657959 
vn 0.9903836846351624 -0.09380382299423218 0.10169083625078201 
vn 0.9678758382797241 -0.15880762040615082 0.19492700695991516 
vn 0.9903836846351624 -0.09380382299423218 0.10169083625078201 
vn 0.914596676826477 -0.2443707287311554 0.32217368483543396 
vn 0.9839988350868225 0.11118911951780319 -0.13922390341758728 
vn 0.9903980493545532 -0.06767383217811584 0.12054871022701263 
vn 0.9907216429710388 -0.08074576407670975 0.10931966453790665 
vn 0.9144898653030396 -0.20178177952766418 0.3507027328014374 
vn 0.9903836846351624 -0.09380382299423218 0.10169083625078201 
vn 0.9138674736022949 -0.15449219942092896 0.37547093629837036 
vn 0.9900076985359192 -0.050226885825395584 0.13176508247852325 
vn 0.9835975170135498 0.09380383044481277 -0.15406754612922668 
vn 0.9839988350868225 0.11118911951780319 -0.13922390341758728 
vn 0.9835975170135498 0.09380383044481277 -0.15406754612922668 
vn 0.9900076985359192 -0.050226885825395584 0.13176508247852325 
vn 0.9123803377151489 -0.10250043869018555 0.3963026702404022 
vn 0.9684385657310486 -0.037131331861019135 0.24647115170955658 
vn 0.9151355624198914 -0.05022692680358887 0.40000519156455994 
vn 0.9902431964874268 -0.03276459500193596 0.1354432851076126 
vn 0.9902431964874268 -0.03276459500193596 0.1354432851076126 
vn 0.9836021065711975 0.07203255593776703 -0.1653428077697754 
vn 0.9836021065711975 0.07203255593776703 -0.1653428077697754 
vn 0.9843201041221619 0.05022688955068588 -0.16908922791481018 
vn 0.9906592965126038 -0.01529229711741209 0.1355002075433731 
vn 0.9151355624198914 -0.05022692680358887 0.40000519156455994 
vn 0.9149710536003113 0.0021846285089850426 0.4035136103630066 
vn 0.9907727837562561 0.002184672048315406 0.1355157196521759 
vn 0.9151355624198914 -0.05022692680358887 0.40000519156455994 
vn 0.9907727837562561 0.002184672048315406 0.1355157196521759 
vn 0.9907727837562561 0.002184672048315406 0.1355157196521759 
vn 0.9904890656471252 0.024029318243265152 0.13547691702842712 
vn 0.9119608402252197 0.1068456843495369 0.39612051844596863 
vn 0.894472599029541 0.1198694035410881 -0.43075525760650635 
vn 0.9833359122276306 0.02402937039732933 -0.18020299077033997 
vn 0.8922665119171143 0.05895266309380531 -0.44764384627342224 
vn 0.8922665119171143 0.05895266309380531 -0.44764384627342224 
vn 0.894472599029541 0.1198694035410881 -0.43075525760650635 
vn 0.7368215322494507 0.17603832483291626 -0.6527668833732605 
vn 0.6507946252822876 0.2739103138446808 -0.7081239223480225 
vn 0.7368215322494507 0.17603832483291626 -0.6527668833732605 
vn 0.6507946252822876 0.2739103138446808 -0.7081239223480225 
vn 0.7361918091773987 0.26128026843070984 -0.6243029832839966 
vn 0.7361918091773987 0.26128026843070984 -0.6243029832839966 
vn 0.893347442150116 0.17603829503059387 -0.4134499728679657 
vn 0.6520828604698181 0.3608822524547577 -0.6667473316192627 
vn 0.7361918091773987 0.26128026843070984 -0.6243029832839966 
vn 0.7362905144691467 0.33631134033203125 -0.5871720314025879 
vn 0.6529014110565186 0.44872695207595825 -0.6102162599563599 
vn 0.7362905144691467 0.33631134033203125 -0.5871720314025879 
vn 0.6529014110565186 0.44872695207595825 -0.6102162599563599 
vn 0.7402397990226746 0.4132460057735443 -0.5303515791893005 
vn 0.6533216834068298 0.5250110626220703 -0.5454668998718262 
vn 0.7402397990226746 0.4132460057735443 -0.5303515791893005 
vn 0.7402397990226746 0.4132460057735443 -0.5303515791893005 
vn 0.7379648685455322 0.4796847999095917 -0.4746686518192291 
vn 0.646494448184967 0.5937783718109131 -0.4790325164794922 
vn 0.7379648685455322 0.4796847999095917 -0.4746686518192291 
vn 0.7387790083885193 0.5361219644546509 -0.40838560461997986 
vn 0.8957640528678894 0.273910254240036 -0.35011422634124756 
vn 0.8937349319458008 0.3198012709617615 -0.3145870268344879 
vn 0.9839988350868225 0.11118911951780319 -0.13922390341758728 
vn 0.9835975170135498 0.09380383044481277 -0.15406754612922668 
vn 0.8943566083908081 0.22738659381866455 -0.38525521755218506 
vn 0.9836021065711975 0.07203255593776703 -0.1653428077697754 
vn 0.7402397990226746 0.4132460057735443 -0.5303515791893005 
vn 0.893347442150116 0.17603829503059387 -0.4134499728679657 
vn 0.894472599029541 0.1198694035410881 -0.43075525760650635 
vn 0.7362905144691467 0.33631134033203125 -0.5871720314025879 
vn 0.7362905144691467 0.33631134033203125 -0.5871720314025879 
vn 0.7387790083885193 0.5361219644546509 -0.40838560461997986 
vn 0.8922823071479797 0.3608821630477905 -0.2712865173816681 
vn 0.8937349319458008 0.3198012709617615 -0.3145870268344879 
vn 0.9838843941688538 0.12854044139385223 -0.1242934837937355 
vn 0.6593264937400818 0.6418574452400208 -0.3915450870990753 
vn 0.740983247756958 0.5831804871559143 -0.3329329192638397 
vn 0.8922823071479797 0.3608821630477905 -0.2712865173816681 
vn 0.9836745262145996 0.14585250616073608 -0.10541106015443802 
vn 0.9836745262145996 0.14585250616073608 -0.10541106015443802 
vn 0.9838843941688538 0.12854044139385223 -0.1242934837937355 
vn 0.740983247756958 0.5831804871559143 -0.3329329192638397 
vn 0.740983247756958 0.5831804871559143 -0.3329329192638397 
vn 0.7406171560287476 0.6215358376502991 -0.2553027272224426 
vn 0.7406171560287476 0.6215358376502991 -0.2553027272224426 
vn 0.8938062191009521 0.43303993344306946 0.1165626272559166 
vn 0.9832502007484436 0.18033768236637115 0.026407843455672264 
vn 0.9835975170135498 0.18033768236637115 0.003773018252104521 
vn 0.9907727837562561 0.002184672048315406 0.1355157196521759 
vn 0.9836175441741943 0.0021847235038876534 -0.18025460839271545 
vn 0.9833359122276306 0.02402937039732933 -0.18020299077033997 
vn 0.9836175441741943 0.0021847235038876534 -0.18025460839271545 
vn 0.9833359122276306 0.02402937039732933 -0.18020299077033997 
vn 0.9900076985359192 0.050226885825395584 -0.13176508247852325 
vn 0.9836021065711975 -0.07203255593776703 0.1653428077697754 
vn 0.9835975170135498 -0.09380383044481277 0.15406754612922668 
vn 0.9138674736022949 -0.15449219942092896 0.37547093629837036 
vn 0.9685767292976379 -0.06767384707927704 0.23933108150959015 
vn 0.9138674736022949 -0.15449219942092896 0.37547093629837036 
vn 0.9144898653030396 -0.20178177952766418 0.3507027328014374 
vn 0.9144898653030396 -0.20178177952766418 0.3507027328014374 
vn 0.914596676826477 -0.2443707287311554 0.32217368483543396 
vn 0.9684346914291382 -0.12854045629501343 0.21356859803199768 
vn 0.914596676826477 -0.2443707287311554 0.32217368483543396 
vn 0.9120038747787476 -0.2864932119846344 0.2935483455657959 
vn 0.9142115712165833 0.401274174451828 -0.05653475224971771 
vn 0.9680291414260864 0.24437068402767181 -0.05659130588173866 
vn 0.9142115712165833 0.401274174451828 -0.05653475224971771 
vn 0.9141881465911865 0.405272513628006 -0.003773945849388838 
vt 0.004848343785852194 0.43431904911994934 
vt 0.0007041179924272001 0.49953019618988037 
vt 0.020206358283758163 0.4363911747932434 
vt 0.05214127525687218 0.37983423471450806 
vt 0.032517146319150925 0.37471485137939453 
vt 0.07164351642131805 0.3223021328449249 
vt 0.053116388618946075 0.31462305784225464 
vt 0.01764668896794319 0.370570570230484 
vt 0.032517146319150925 0.37471485137939453 
vt 0.020206358283758163 0.4363911747932434 
vt 0.03666137158870697 0.49953019618988037 
vt 0.040318042039871216 0.43943843245506287 
vt 0.01606213115155697 0.49953019618988037 
vt 0.020206358283758163 0.4363911747932434 
vt 0.05214127525687218 0.37983423471450806 
vt 0.020206358283758163 0.4363911747932434 
vt 0.092730313539505 0.3310782313346863 
vt 0.07164351642131805 0.3223021328449249 
vt 0.11783944815397263 0.27915307879447937 
vt 0.07164351642131805 0.3223021328449249 
vt 0.11369521915912628 0.33973240852355957 
vt 0.07420318573713303 0.38556304574012756 
vt 0.092730313539505 0.3310782313346863 
vt 0.01606213115155697 0.49953019618988037 
vt 0.004848343785852194 0.5648632645606995 
vt 0.05214127525687218 0.37983423471450806 
vt 0.13795113563537598 0.2904888391494751 
vt 0.15586881339550018 0.30121517181396484 
vt 0.11369521915912628 0.33973240852355957 
vt 0.13331934809684753 0.3480209410190582 
vt 0.09626509249210358 0.3916575610637665 
vt 0.11637677997350693 0.39677694439888 
vt 0.09626509249210358 0.3916575610637665 
vt 0.12612789869308472 0.4502866566181183 
vt 0.13526956737041473 0.40189629793167114 
vt 0.10650376975536346 0.4477269649505615 
vt 0.10296899080276489 0.49953019618988037 
vt 0.10650376975536346 0.4477269649505615 
vt 0.08188219368457794 0.49953019618988037 
vt 0.10296899080276489 0.49953019618988037 
vt 0.08553886413574219 0.554015040397644 
vt 0.08188219368457794 0.49953019618988037 
vt 0.06286750733852386 0.5571841597557068 
vt 0.06286750733852386 0.5571841597557068 
vt 0.05933272838592529 0.49953019618988037 
vt 0.08553886413574219 0.44516727328300476 
vt 0.06286750733852386 0.44199812412261963 
vt 0.040318042039871216 0.5602314472198486 
vt 0.020206358283758163 0.562791109085083 
vt 0.01606213115155697 0.49953019618988037 
vt 0.08553886413574219 0.44516727328300476 
vt 0.020206358283758163 0.562791109085083 
vt 0.03666137158870697 0.49953019618988037 
vt 0.06286750733852386 0.5571841597557068 
vt 0.05933272838592529 0.49953019618988037 
vt 0.040318042039871216 0.5602314472198486 
vt 0.09626509249210358 0.608012318611145 
vt 0.07420318573713303 0.6136192679405212 
vt 0.11783944815397263 0.7200292348861694 
vt 0.092730313539505 0.6681040525436401 
vt 0.09833721071481705 0.7313649654388428 
vt 0.07420318573713303 0.6136192679405212 
vt 0.05214127525687218 0.619835615158081 
vt 0.032517146319150925 0.6249549984931946 
vt 0.020206358283758163 0.562791109085083 
vt 0.09833721071481705 0.7313649654388428 
vt 0.13222235441207886 0.7817055583000183 
vt 0.1723238229751587 0.8274142742156982 
vt 0.15794092416763306 0.8417972922325134 
vt 0.09833721071481705 0.7313649654388428 
vt 0.11576733738183975 0.794016420841217 
vt 0.08090707659721375 0.7416037321090698 
vt 0.07164351642131805 0.6768801808357239 
vt 0.053116388618946075 0.6845592260360718 
vt 0.06749928742647171 0.7492828369140625 
vt 0.03873348608613014 0.6907756328582764 
vt 0.032517146319150925 0.6249549984931946 
vt 0.08090707659721375 0.7416037321090698 
vt 0.1034565418958664 0.8037676215171814 
vt 0.11576733738183975 0.794016420841217 
vt 0.11576733738183975 0.794016420841217 
vt 0.1466052532196045 0.8526455163955688 
vt 0.15794092416763306 0.8417972922325134 
vt 0.1959702968597412 0.8957945704460144 
vt 0.2052338570356369 0.88336181640625 
vt 0.1723238229751587 0.8274142742156982 
vt 0.2314399927854538 0.8494763970375061 
vt 0.1882912963628769 0.8114467263221741 
vt 0.21754464507102966 0.8675161004066467 
vt 0.2581336796283722 0.918344259262085 
vt 0.21754464507102966 0.8675161004066467 
vt 0.2678848206996918 0.9009139537811279 
vt 0.33114519715309143 0.9065209031105042 
vt 0.32236918807029724 0.9276078939437866 
vt 0.27922049164772034 0.8814115524291992 
vt 0.32236918807029724 0.9276078939437866 
vt 0.3799007833003998 0.9471102952957153 
vt 0.3856295943260193 0.9255357384681702 
vt 0.33114519715309143 0.9065209031105042 
vt 0.3799007833003998 0.9471102952957153 
vt 0.4395045042037964 0.9589335918426514 
vt 0.44206419587135315 0.9363839626312256 
vt 0.4995957911014557 0.9630778431892395 
vt 0.4995957911014557 0.9830678105354309 
vt 0.3799007833003998 0.9471102952957153 
vt 0.4364573061466217 0.9790454506874084 
vt 0.4995957911014557 0.9830678105354309 
vt 0.4364573061466217 0.9790454506874084 
vt 0.4995957911014557 0.9990354180335999 
vt 0.4995957911014557 0.9830678105354309 
vt 0.5649282932281494 0.994403600692749 
vt 0.15026192367076874 0.7678101062774658 
vt 0.11783944815397263 0.7200292348861694 
vt 0.2314399927854538 0.8494763970375061 
vt 0.4452333152294159 0.9142000079154968 
vt 0.4995957911014557 0.940406322479248 
vt 0.5572493076324463 0.9363839626312256 
vt 0.5602965354919434 0.9589335918426514 
vt 0.44206419587135315 0.9363839626312256 
vt 0.39172402024269104 0.9034736752510071 
vt 0.3968433737754822 0.8828742504119873 
vt 0.44779297709465027 0.89323490858078 
vt 0.4995957911014557 0.9178566932678223 
vt 0.4995957911014557 0.940406322479248 
vt 0.4995957911014557 0.940406322479248 
vt 0.5572493076324463 0.9363839626312256 
vt 0.5540801882743835 0.9142000079154968 
vt 0.6136838793754578 0.9255357384681702 
vt 0.6136838793754578 0.9255357384681702 
vt 0.6199002265930176 0.9471102952957153 
vt 0.5602965354919434 0.9589335918426514 
vt 0.6199002265930176 0.9471102952957153 
vt 0.6250195503234863 0.966612696647644 
vt 0.5628561973571777 0.9790454506874084 
vt 0.4995957911014557 0.9830678105354309 
vt 0.6769443154335022 0.9276078939437866 
vt 0.6199002265930176 0.9471102952957153 
vt 0.6769443154335022 0.9276078939437866 
vt 0.6846233010292053 0.9466227293014526 
vt 0.668168306350708 0.9065209031105042 
vt 0.7200930118560791 0.8814115524291992 
vt 0.7314286828041077 0.9009139537811279 
vt 0.7314286828041077 0.9009139537811279 
vt 0.6769443154335022 0.9276078939437866 
vt 0.6593922972679138 0.88604336977005 
vt 0.6080769896507263 0.9034736752510071 
vt 0.6024700999259949 0.8828742504119873 
vt 0.5515205264091492 0.89323490858078 
vt 0.5515205264091492 0.89323490858078 
vt 0.5489608645439148 0.8736106157302856 
vt 0.5972288846969604 0.8638594150543213 
vt 0.6517132520675659 0.8664190769195557 
vt 0.5515205264091492 0.89323490858078 
vt 0.4995957911014557 0.8767797350883484 
vt 0.4995957911014557 0.8675161004066467 
vt 0.45181530714035034 0.864346981048584 
vt 0.452912300825119 0.8556928038597107 
vt 0.40659448504447937 0.846429169178009 
vt 0.4995957911014557 0.8587400317192078 
vt 0.5479857325553894 0.864346981048584 
vt 0.5489608645439148 0.8736106157302856 
vt 0.5464011430740356 0.8556928038597107 
vt 0.5946692228317261 0.8545957803726196 
vt 0.5925971269607544 0.846429169178009 
vt 0.5489608645439148 0.8736106157302856 
vt 0.6440342664718628 0.848013699054718 
vt 0.5972288846969604 0.8638594150543213 
vt 0.6403775811195374 0.839237630367279 
vt 0.6882799863815308 0.8264392018318176 
vt 0.6980310678482056 0.8433818817138672 
vt 0.7411797642707825 0.8146158456802368 
vt 0.7539781332015991 0.8309491276741028 
vt 0.5946692228317261 0.8545957803726196 
vt 0.6440342664718628 0.848013699054718 
vt 0.7087573409080505 0.8617872595787048 
vt 0.7200930118560791 0.8814115524291992 
vt 0.668168306350708 0.9065209031105042 
vt 0.7200930118560791 0.8814115524291992 
vt 0.7678734660148621 0.8494763970375061 
vt 0.8115097284317017 0.8114467263221741 
vt 0.729356586933136 0.7986482381820679 
vt 0.7411797642707825 0.8146158456802368 
vt 0.780184268951416 0.7801209688186646 
vt 0.729356586933136 0.7986482381820679 
vt 0.8310120105743408 0.7539146542549133 
vt 0.8146788477897644 0.7411161661148071 
vt 0.7087573409080505 0.8617872595787048 
vt 0.7539781332015991 0.8309491276741028 
vt 0.7950547337532043 0.7949915528297424 
vt 0.8115097284317017 0.8114467263221741 
vt 0.7950547337532043 0.7949915528297424 
vt 0.8310120105743408 0.7539146542549133 
vt 0.8495391011238098 0.7678101062774658 
vt 0.8814740180969238 0.7200292348861694 
vt 0.8495391011238098 0.7678101062774658 
vt 0.8115097284317017 0.8114467263221741 
vt 0.8675786852836609 0.7817055583000183 
vt 0.8115097284317017 0.8114467263221741 
vt 0.8675786852836609 0.7817055583000183 
vt 0.900976300239563 0.7313649654388428 
vt 0.9466846585273743 0.6845592260360718 
vt 0.9184064269065857 0.7416037321090698 
vt 0.9276699423789978 0.6768801808357239 
vt 0.9466846585273743 0.6845592260360718 
vt 0.9184064269065857 0.7416037321090698 
vt 0.8675786852836609 0.7817055583000183 
vt 0.8834242820739746 0.794016420841217 
vt 0.827477216720581 0.8274142742156982 
vt 0.8834242820739746 0.794016420841217 
vt 0.9184064269065857 0.7416037321090698 
vt 0.8418601155281067 0.8417972922325134 
vt 0.7817688584327698 0.8675161004066467 
vt 0.8418601155281067 0.8417972922325134 
vt 0.7314286828041077 0.9009139537811279 
vt 0.7678734660148621 0.8494763970375061 
vt 0.827477216720581 0.8274142742156982 
vt 0.827477216720581 0.8274142742156982 
vt 0.8418601155281067 0.8417972922325134 
vt 0.794079601764679 0.88336181640625 
vt 0.7416673302650452 0.918344259262085 
vt 0.6769443154335022 0.9276078939437866 
vt 0.6846233010292053 0.9466227293014526 
vt 0.7416673302650452 0.918344259262085 
vt 0.7493463754653931 0.9322397112846375 
vt 0.8038307428359985 0.8957945704460144 
vt 0.794079601764679 0.88336181640625 
vt 0.8527082204818726 0.8526455163955688 
vt 0.8958569169044495 0.8037676215171814 
vt 0.8958569169044495 0.8037676215171814 
vt 0.8834242820739746 0.794016420841217 
vt 0.9323017597198486 0.7492828369140625 
vt 0.9184064269065857 0.7416037321090698 
vt 0.9184064269065857 0.7416037321090698 
vt 0.9610675573348999 0.6907756328582764 
vt 0.9466846585273743 0.6845592260360718 
vt 0.982154369354248 0.6290992498397827 
vt 0.9666744470596313 0.6249549984931946 
vt 0.9944651126861572 0.5648632645606995 
vt 0.979107141494751 0.562791109085083 
vt 0.979107141494751 0.562791109085083 
vt 0.9990969300270081 0.49953019618988037 
vt 0.9831294417381287 0.49953019618988037 
vt 0.9944651126861572 0.43431904911994934 
vt 0.9466846585273743 0.31462305784225464 
vt 0.9666744470596313 0.37471485137939453 
vt 0.9610675573348999 0.30840668082237244 
vt 0.982154369354248 0.370570570230484 
vt 0.979107141494751 0.4363911747932434 
vt 0.9944651126861572 0.43431904911994934 
vt 0.9631396532058716 0.49953019618988037 
vt 0.9589954614639282 0.43943843245506287 
vt 0.9404683113098145 0.49953019618988037 
vt 0.947172224521637 0.37983423471450806 
vt 0.9631396532058716 0.49953019618988037 
vt 0.936445951461792 0.5571841597557068 
vt 0.9255978465080261 0.6136192679405212 
vt 0.9589954614639282 0.5602314472198486 
vt 0.9142621755599976 0.554015040397644 
vt 0.9035359621047974 0.608012318611145 
vt 0.9404683113098145 0.49953019618988037 
vt 0.936445951461792 0.5571841597557068 
vt 0.917918860912323 0.49953019618988037 
vt 0.9404683113098145 0.49953019618988037 
vt 0.936445951461792 0.44199812412261963 
vt 0.9404683113098145 0.49953019618988037 
vt 0.947172224521637 0.37983423471450806 
vt 0.9589954614639282 0.43943843245506287 
vt 0.9276699423789978 0.3223021328449249 
vt 0.9255978465080261 0.38556304574012756 
vt 0.9065831899642944 0.3310782313346863 
vt 0.9276699423789978 0.3223021328449249 
vt 0.900976300239563 0.26781731843948364 
vt 0.947172224521637 0.37983423471450806 
vt 0.936445951461792 0.44199812412261963 
vt 0.9142621755599976 0.44516727328300476 
vt 0.9255978465080261 0.38556304574012756 
vt 0.936445951461792 0.44199812412261963 
vt 0.917918860912323 0.49953019618988037 
vt 0.8963444828987122 0.49953019618988037 
vt 0.873673141002655 0.5488956570625305 
vt 0.8932972550392151 0.5514553189277649 
vt 0.917918860912323 0.49953019618988037 
vt 0.8932972550392151 0.5514553189277649 
vt 0.8829367160797119 0.6022834777832031 
vt 0.8639219999313354 0.5971640944480896 
vt 0.8546584248542786 0.5946043729782104 
vt 0.8645314574241638 0.5479205250740051 
vt 0.8464918732643127 0.5925322771072388 
vt 0.8310120105743408 0.6367783546447754 
vt 0.8393004536628723 0.6403131484985352 
vt 0.810534656047821 0.6789522767066956 
vt 0.8768422603607178 0.49953019618988037 
vt 0.8639219999313354 0.5971640944480896 
vt 0.8265020847320557 0.6882159113883972 
vt 0.8182136416435242 0.6835840940475464 
vt 0.7915199398994446 0.7235640287399292 
vt 0.7843285202980042 0.717957079410553 
vt 0.7534905672073364 0.7534270882606506 
vt 0.7597069144248962 0.7595215439796448 
vt 0.7180208563804626 0.7842652201652527 
vt 0.7236278057098389 0.7914567589759827 
vt 0.810534656047821 0.6789522767066956 
vt 0.8480764627456665 0.6439698338508606 
vt 0.7236278057098389 0.7914567589759827 
vt 0.6790164113044739 0.8104715943336487 
vt 0.5925971269607544 0.846429169178009 
vt 0.6368427872657776 0.8309491276741028 
vt 0.6836481690406799 0.8181506395339966 
vt 0.7236278057098389 0.7914567589759827 
vt 0.6882799863815308 0.8264392018318176 
vt 0.7662889361381531 0.7662255167961121 
vt 0.7662889361381531 0.7662255167961121 
vt 0.7987114191055298 0.7292928695678711 
vt 0.7662889361381531 0.7662255167961121 
vt 0.8146788477897644 0.7411161661148071 
vt 0.8434446454048157 0.6979671120643616 
vt 0.8146788477897644 0.7411161661148071 
vt 0.7987114191055298 0.7292928695678711 
vt 0.8265020847320557 0.6882159113883972 
vt 0.7987114191055298 0.7292928695678711 
vt 0.8434446454048157 0.6979671120643616 
vt 0.8664816617965698 0.6516489386558533 
vt 0.8829367160797119 0.6022834777832031 
vt 0.8664816617965698 0.6516489386558533 
vt 0.8480764627456665 0.6439698338508606 
vt 0.917918860912323 0.49953019618988037 
vt 0.9142621755599976 0.554015040397644 
vt 0.8664816617965698 0.6516489386558533 
vt 0.8861058354377747 0.6593279838562012 
vt 0.9255978465080261 0.6136192679405212 
vt 0.936445951461792 0.5571841597557068 
vt 0.9255978465080261 0.6136192679405212 
vt 0.9065831899642944 0.6681040525436401 
vt 0.9065831899642944 0.6681040525436401 
vt 0.8618499040603638 0.7086934447288513 
vt 0.8434446454048157 0.6979671120643616 
vt 0.8814740180969238 0.7200292348861694 
vt 0.8861058354377747 0.6593279838562012 
vt 0.8814740180969238 0.7200292348861694 
vt 0.9065831899642944 0.6681040525436401 
vt 0.7662889361381531 0.7662255167961121 
vt 0.780184268951416 0.7801209688186646 
vt 0.729356586933136 0.7986482381820679 
vt 0.780184268951416 0.7801209688186646 
vt 0.8814740180969238 0.7200292348861694 
vt 0.9276699423789978 0.6768801808357239 
vt 0.900976300239563 0.7313649654388428 
vt 0.8495391011238098 0.7678101062774658 
vt 0.900976300239563 0.7313649654388428 
vt 0.9666744470596313 0.6249549984931946 
vt 0.979107141494751 0.562791109085083 
vt 0.9589954614639282 0.5602314472198486 
vt 0.947172224521637 0.619835615158081 
vt 0.9255978465080261 0.6136192679405212 
vt 0.9831294417381287 0.49953019618988037 
vt 0.9831294417381287 0.49953019618988037 
vt 0.01764668896794319 0.370570570230484 
vt 0.03873348608613014 0.30840668082237244 
vt 0.08090707659721375 0.2580661177635193 
vt 0.07164351642131805 0.3223021328449249 
vt 0.09833721071481705 0.26781731843948364 
vt 0.053116388618946075 0.31462305784225464 
vt 0.08090707659721375 0.2580661177635193 
vt 0.13222235441207886 0.2174767404794693 
vt 0.03873348608613014 0.30840668082237244 
vt 0.06749928742647171 0.2498994767665863 
vt 0.11576733738183975 0.20516584813594818 
vt 0.1034565418958664 0.19590221345424652 
vt 0.11576733738183975 0.20516584813594818 
vt 0.15794092416763306 0.1578725278377533 
vt 0.1034565418958664 0.19590221345424652 
vt 0.1466052532196045 0.14653676748275757 
vt 0.2052338570356369 0.11569859087467194 
vt 0.21754464507102966 0.1321537345647812 
vt 0.15794092416763306 0.1578725278377533 
vt 0.1723238229751587 0.17225554585456848 
vt 0.15794092416763306 0.1578725278377533 
vt 0.11576733738183975 0.20516584813594818 
vt 0.11576733738183975 0.20516584813594818 
vt 0.15026192367076874 0.23137220740318298 
vt 0.09833721071481705 0.26781731843948364 
vt 0.1882912963628769 0.18822313845157623 
vt 0.13222235441207886 0.2174767404794693 
vt 0.11783944815397263 0.27915307879447937 
vt 0.09833721071481705 0.26781731843948364 
vt 0.09833721071481705 0.26781731843948364 
vt 0.13795113563537598 0.2904888391494751 
vt 0.16817960143089294 0.24526765942573547 
vt 0.18512217700481415 0.2580661177635193 
vt 0.21912920475006104 0.21906131505966187 
vt 0.20413686335086823 0.2040688395500183 
vt 0.092730313539505 0.3310782313346863 
vt 0.11783944815397263 0.27915307879447937 
vt 0.15026192367076874 0.23137220740318298 
vt 0.20413686335086823 0.2040688395500183 
vt 0.26995691657066345 0.20053403079509735 
vt 0.2581336796283722 0.1850540041923523 
vt 0.20413686335086823 0.2040688395500183 
vt 0.2581336796283722 0.1850540041923523 
vt 0.1882912963628769 0.18822313845157623 
vt 0.13222235441207886 0.2174767404794693 
vt 0.2314399927854538 0.1501934677362442 
vt 0.1723238229751587 0.17225554585456848 
vt 0.1723238229751587 0.17225554585456848 
vt 0.21754464507102966 0.1321537345647812 
vt 0.27922049164772034 0.1177707239985466 
vt 0.21754464507102966 0.1321537345647812 
vt 0.2678848206996918 0.09826832264661789 
vt 0.33114519715309143 0.09266138076782227 
vt 0.2678848206996918 0.09826832264661789 
vt 0.21754464507102966 0.1321537345647812 
vt 0.1882912963628769 0.18822313845157623 
vt 0.24533534049987793 0.16811129450798035 
vt 0.1882912963628769 0.18822313845157623 
vt 0.2314399927854538 0.1501934677362442 
vt 0.2905561625957489 0.13788257539272308 
vt 0.27922049164772034 0.1177707239985466 
vt 0.33979931473731995 0.11362646520137787 
vt 0.34808775782585144 0.13325075805187225 
vt 0.3012824058532715 0.15580040216445923 
vt 0.20413686335086823 0.2040688395500183 
vt 0.3012824058532715 0.15580040216445923 
vt 0.3110335171222687 0.17323067784309387 
vt 0.3156653046607971 0.18103162944316864 
vt 0.27617326378822327 0.20772553980350494 
vt 0.2329026609659195 0.23283487558364868 
vt 0.26995691657066345 0.20053403079509735 
vt 0.21912920475006104 0.21906131505966187 
vt 0.18512217700481415 0.2580661177635193 
vt 0.21912920475006104 0.21906131505966187 
vt 0.20060208439826965 0.2698894441127777 
vt 0.13795113563537598 0.2904888391494751 
vt 0.18512217700481415 0.2580661177635193 
vt 0.1732989400625229 0.3109663724899292 
vt 0.20060208439826965 0.2698894441127777 
vt 0.2329026609659195 0.23283487558364868 
vt 0.2396065592765808 0.23953883349895477 
vt 0.20779353380203247 0.2761058211326599 
vt 0.24582289159297943 0.24575522541999817 
vt 0.2149849832057953 0.28122520446777344 
vt 0.18109983205795288 0.31559818983078003 
vt 0.1887788474559784 0.32023000717163086 
vt 0.16001303493976593 0.3587472438812256 
vt 0.15123702585697174 0.3552124500274658 
vt 0.15123702585697174 0.3552124500274658 
vt 0.281292587518692 0.21491704881191254 
vt 0.27617326378822327 0.20772553980350494 
vt 0.2329026609659195 0.23283487558364868 
vt 0.13331934809684753 0.3480209410190582 
vt 0.1732989400625229 0.3109663724899292 
vt 0.15586881339550018 0.30121517181396484 
vt 0.16817960143089294 0.3624039590358734 
vt 0.14453314244747162 0.4044559895992279 
vt 0.1533091515302658 0.40652814507484436 
vt 0.13526956737041473 0.451749324798584 
vt 0.14404557645320892 0.45284631848335266 
vt 0.13222235441207886 0.49953019618988037 
vt 0.14099836349487305 0.49953019618988037 
vt 0.13526956737041473 0.5479205250740051 
vt 0.14404557645320892 0.5463359355926514 
vt 0.14453314244747162 0.5946043729782104 
vt 0.1533091515302658 0.5925322771072388 
vt 0.16001303493976593 0.6403131484985352 
vt 0.16817960143089294 0.6367783546447754 
vt 0.18109983205795288 0.6835840940475464 
vt 0.1887788474559784 0.6789522767066956 
vt 0.20779353380203247 0.7235640287399292 
vt 0.20060208439826965 0.7292928695678711 
vt 0.2329026609659195 0.7662255167961121 
vt 0.2396065592765808 0.7595215439796448 
vt 0.2149849832057953 0.717957079410553 
vt 0.24582289159297943 0.7534270882606506 
vt 0.12612789869308472 0.5488956570625305 
vt 0.1732989400625229 0.6882159113883972 
vt 0.20779353380203247 0.7235640287399292 
vt 0.27617326378822327 0.7914567589759827 
vt 0.2396065592765808 0.7595215439796448 
vt 0.281292587518692 0.7842652201652527 
vt 0.27617326378822327 0.7914567589759827 
vt 0.12247122824192047 0.49953019618988037 
vt 0.12612789869308472 0.5488956570625305 
vt 0.3202970623970032 0.8104715943336487 
vt 0.358814001083374 0.839237630367279 
vt 0.3156653046607971 0.8181506395339966 
vt 0.3624706566333771 0.8309491276741028 
vt 0.4045223891735077 0.8545957803726196 
vt 0.26995691657066345 0.7986482381820679 
vt 0.3110335171222687 0.8264392018318176 
vt 0.3156653046607971 0.8181506395339966 
vt 0.358814001083374 0.839237630367279 
vt 0.45035263895988464 0.8736106157302856 
vt 0.4995957911014557 0.8962821364402771 
vt 0.44779297709465027 0.89323490858078 
vt 0.4019626975059509 0.8638594150543213 
vt 0.44779297709465027 0.89323490858078 
vt 0.4019626975059509 0.8638594150543213 
vt 0.35527920722961426 0.848013699054718 
vt 0.3110335171222687 0.8264392018318176 
vt 0.35527920722961426 0.848013699054718 
vt 0.4995957911014557 0.8962821364402771 
vt 0.35527920722961426 0.848013699054718 
vt 0.34808775782585144 0.8664190769195557 
vt 0.4019626975059509 0.8638594150543213 
vt 0.44779297709465027 0.89323490858078 
vt 0.39172402024269104 0.9034736752510071 
vt 0.34808775782585144 0.8664190769195557 
vt 0.34808775782585144 0.8664190769195557 
vt 0.3012824058532715 0.8433818817138672 
vt 0.26995691657066345 0.7986482381820679 
vt 0.3012824058532715 0.8433818817138672 
vt 0.20060208439826965 0.7292928695678711 
vt 0.21912920475006104 0.7801209688186646 
vt 0.2581336796283722 0.8146158456802368 
vt 0.24533534049987793 0.8309491276741028 
vt 0.2905561625957489 0.8617872595787048 
vt 0.33979931473731995 0.88604336977005 
vt 0.24533534049987793 0.8309491276741028 
vt 0.2905561625957489 0.8617872595787048 
vt 0.20413686335086823 0.7949915528297424 
vt 0.20060208439826965 0.7292928695678711 
vt 0.18512217700481415 0.7411161661148071 
vt 0.20413686335086823 0.7949915528297424 
vt 0.20413686335086823 0.7949915528297424 
vt 0.2314399927854538 0.8494763970375061 
vt 0.27922049164772034 0.8814115524291992 
vt 0.2905561625957489 0.8617872595787048 
vt 0.33114519715309143 0.9065209031105042 
vt 0.33114519715309143 0.9065209031105042 
vt 0.3856295943260193 0.9255357384681702 
vt 0.34808775782585144 0.8664190769195557 
vt 0.33979931473731995 0.88604336977005 
vt 0.3012824058532715 0.8433818817138672 
vt 0.44206419587135315 0.9363839626312256 
vt 0.3856295943260193 0.9255357384681702 
vt 0.4995957911014557 0.940406322479248 
vt 0.4995957911014557 0.9630778431892395 
vt 0.4995957911014557 0.9630778431892395 
vt 0.1959702968597412 0.10338769853115082 
vt 0.1466052532196045 0.14653676748275757 
vt 0.2052338570356369 0.11569859087467194 
vt 0.2052338570356369 0.11569859087467194 
vt 0.2581336796283722 0.08083805441856384 
vt 0.2678848206996918 0.09826832264661789 
vt 0.32236918807029724 0.07157441228628159 
vt 0.31469017267227173 0.05304713174700737 
vt 0.24996712803840637 0.06743015348911285 
vt 0.2052338570356369 0.11569859087467194 
vt 0.3799007833003998 0.052072010934352875 
vt 0.31469017267227173 0.05304713174700737 
vt 0.3856295943260193 0.07413410395383835 
vt 0.3799007833003998 0.052072010934352875 
vt 0.44206419587135315 0.06279832869768143 
vt 0.3799007833003998 0.052072010934352875 
vt 0.3799007833003998 0.052072010934352875 
vt 0.4395045042037964 0.04024868085980415 
vt 0.4995957911014557 0.059263523668050766 
vt 0.4395045042037964 0.04024868085980415 
vt 0.4995957911014557 0.03659198060631752 
vt 0.5572493076324463 0.06279832869768143 
vt 0.4995957911014557 0.03659198060631752 
vt 0.4395045042037964 0.04024868085980415 
vt 0.37478145956993103 0.03244772180914879 
vt 0.4364573061466217 0.02013683132827282 
vt 0.37478145956993103 0.03244772180914879 
vt 0.3706372380256653 0.017577141523361206 
vt 0.43438518047332764 0.004778692033141851 
vt 0.4995957911014557 0.015992572531104088 
vt 0.4995957911014557 0.03659198060631752 
vt 0.4364573061466217 0.02013683132827282 
vt 0.4395045042037964 0.04024868085980415 
vt 0.4364573061466217 0.02013683132827282 
vt 0.43438518047332764 0.004778692033141851 
vt 0.4995957911014557 0.0006344320136122406 
vt 0.5628561973571777 0.02013683132827282 
vt 0.5602965354919434 0.04024868085980415 
vt 0.5649282932281494 0.004778692033141851 
vt 0.4995957911014557 0.0006344320136122406 
vt 0.6250195503234863 0.03244772180914879 
vt 0.5628561973571777 0.02013683132827282 
vt 0.6199002265930176 0.052072010934352875 
vt 0.6291638016700745 0.017577141523361206 
vt 0.6846233010292053 0.05304713174700737 
vt 0.6769443154335022 0.07157441228628159 
vt 0.7314286828041077 0.09826832264661789 
vt 0.7416673302650452 0.08083805441856384 
vt 0.6908396482467651 0.038664113730192184 
vt 0.6846233010292053 0.05304713174700737 
vt 0.7493463754653931 0.06743015348911285 
vt 0.794079601764679 0.11569859087467194 
vt 0.7817688584327698 0.1321537345647812 
vt 0.7493463754653931 0.06743015348911285 
vt 0.8038307428359985 0.10338769853115082 
vt 0.8418601155281067 0.1578725278377533 
vt 0.8038307428359985 0.10338769853115082 
vt 0.8527082204818726 0.14653676748275757 
vt 0.8834242820739746 0.20516584813594818 
vt 0.8675786852836609 0.2174767404794693 
vt 0.8527082204818726 0.14653676748275757 
vt 0.8958569169044495 0.19590221345424652 
vt 0.9184064269065857 0.2580661177635193 
vt 0.900976300239563 0.26781731843948364 
vt 0.8834242820739746 0.20516584813594818 
vt 0.8834242820739746 0.20516584813594818 
vt 0.8814740180969238 0.27915307879447937 
vt 0.9065831899642944 0.3310782313346863 
vt 0.9323017597198486 0.2498994767665863 
vt 0.9466846585273743 0.31462305784225464 
vt 0.9323017597198486 0.2498994767665863 
vt 0.947172224521637 0.37983423471450806 
vt 0.9466846585273743 0.31462305784225464 
vt 0.9184064269065857 0.2580661177635193 
vt 0.900976300239563 0.26781731843948364 
vt 0.8958569169044495 0.19590221345424652 
vt 0.8418601155281067 0.1578725278377533 
vt 0.827477216720581 0.17225554585456848 
vt 0.8495391011238098 0.23137220740318298 
vt 0.8814740180969238 0.27915307879447937 
vt 0.8115097284317017 0.18822313845157623 
vt 0.794079601764679 0.11569859087467194 
vt 0.794079601764679 0.11569859087467194 
vt 0.7314286828041077 0.09826832264661789 
vt 0.7416673302650452 0.08083805441856384 
vt 0.7200930118560791 0.1177707239985466 
vt 0.6769443154335022 0.07157441228628159 
vt 0.7314286828041077 0.09826832264661789 
vt 0.7678734660148621 0.1501934677362442 
vt 0.7539781332015991 0.16811129450798035 
vt 0.7678734660148621 0.1501934677362442 
vt 0.7678734660148621 0.1501934677362442 
vt 0.7950547337532043 0.2040688395500183 
vt 0.7087573409080505 0.13788257539272308 
vt 0.7200930118560791 0.1177707239985466 
vt 0.6769443154335022 0.07157441228628159 
vt 0.668168306350708 0.09266138076782227 
vt 0.6199002265930176 0.052072010934352875 
vt 0.6136838793754578 0.07413410395383835 
vt 0.6250195503234863 0.03244772180914879 
vt 0.6593922972679138 0.11362646520137787 
vt 0.6136838793754578 0.07413410395383835 
vt 0.668168306350708 0.09266138076782227 
vt 0.6080769896507263 0.09619618952274323 
vt 0.6136838793754578 0.07413410395383835 
vt 0.6136838793754578 0.07413410395383835 
vt 0.5572493076324463 0.06279832869768143 
vt 0.5540801882743835 0.08546987175941467 
vt 0.6024700999259949 0.11630804091691971 
vt 0.6517132520675659 0.13325075805187225 
vt 0.6593922972679138 0.11362646520137787 
vt 0.7087573409080505 0.13788257539272308 
vt 0.6980310678482056 0.15580040216445923 
vt 0.6593922972679138 0.11362646520137787 
vt 0.6882799863815308 0.17323067784309387 
vt 0.729356586933136 0.20053403079509735 
vt 0.729356586933136 0.20053403079509735 
vt 0.7411797642707825 0.1850540041923523 
vt 0.7411797642707825 0.1850540041923523 
vt 0.7539781332015991 0.16811129450798035 
vt 0.780184268951416 0.21906131505966187 
vt 0.7950547337532043 0.2040688395500183 
vt 0.8310120105743408 0.24526765942573547 
vt 0.8146788477897644 0.2580661177635193 
vt 0.7950547337532043 0.2040688395500183 
vt 0.7987114191055298 0.2698894441127777 
vt 0.7662889361381531 0.23283487558364868 
vt 0.7411797642707825 0.1850540041923523 
vt 0.7662889361381531 0.23283487558364868 
vt 0.7597069144248962 0.23953883349895477 
vt 0.7662889361381531 0.23283487558364868 
vt 0.7915199398994446 0.2761058211326599 
vt 0.7843285202980042 0.28122520446777344 
vt 0.810534656047821 0.32023000717163086 
vt 0.8182136416435242 0.31559818983078003 
vt 0.7534905672073364 0.24575522541999817 
vt 0.7987114191055298 0.2698894441127777 
vt 0.8182136416435242 0.31559818983078003 
vt 0.8265020847320557 0.3109663724899292 
vt 0.8310120105743408 0.3624039590358734 
vt 0.8393004536628723 0.3587472438812256 
vt 0.8464918732643127 0.40652814507484436 
vt 0.8546584248542786 0.4044559895992279 
vt 0.8557554483413696 0.45284631848335266 
vt 0.8645314574241638 0.451749324798584 
vt 0.8588026762008667 0.49953019618988037 
vt 0.8675786852836609 0.49953019618988037 
vt 0.8557554483413696 0.5463359355926514 
vt 0.8265020847320557 0.3109663724899292 
vt 0.8768422603607178 0.49953019618988037 
vt 0.873673141002655 0.4502866566181183 
vt 0.8639219999313354 0.40189629793167114 
vt 0.8639219999313354 0.40189629793167114 
vt 0.8480764627456665 0.3552124500274658 
vt 0.8434446454048157 0.30121517181396484 
vt 0.8310120105743408 0.24526765942573547 
vt 0.8664816617965698 0.3480209410190582 
vt 0.8618499040603638 0.2904888391494751 
vt 0.8310120105743408 0.24526765942573547 
vt 0.8664816617965698 0.3480209410190582 
vt 0.8618499040603638 0.2904888391494751 
vt 0.8861058354377747 0.33973240852355957 
vt 0.8814740180969238 0.27915307879447937 
vt 0.8639219999313354 0.40189629793167114 
vt 0.9065831899642944 0.3310782313346863 
vt 0.8495391011238098 0.23137220740318298 
vt 0.8310120105743408 0.24526765942573547 
vt 0.8115097284317017 0.18822313845157623 
vt 0.8495391011238098 0.23137220740318298 
vt 0.7950547337532043 0.2040688395500183 
vt 0.8115097284317017 0.18822313845157623 
vt 0.7678734660148621 0.1501934677362442 
vt 0.7817688584327698 0.1321537345647812 
vt 0.8861058354377747 0.33973240852355957 
vt 0.8829367160797119 0.39677694439888 
vt 0.873673141002655 0.4502866566181183 
vt 0.8932972550392151 0.4477269649505615 
vt 0.9035359621047974 0.3916575610637665 
vt 0.9065831899642944 0.3310782313346863 
vt 0.9255978465080261 0.38556304574012756 
vt 0.8932972550392151 0.4477269649505615 
vt 0.9142621755599976 0.44516727328300476 
vt 0.8932972550392151 0.4477269649505615 
vt 0.8963444828987122 0.49953019618988037 
vt 0.873673141002655 0.5488956570625305 
vt 0.8963444828987122 0.49953019618988037 
vt 0.3084738552570343 0.038664113730192184 
vt 0.31469017267227173 0.05304713174700737 
vt 0.37478145956993103 0.03244772180914879 
vt 0.6908396482467651 0.9610057473182678 
vt 0.6250195503234863 0.966612696647644 
vt 0.6291638016700745 0.9820927381515503 
vt 0.4995957911014557 0.9990354180335999 
vt 0.43438518047332764 0.994403600692749 
vt 0.37478145956993103 0.966612696647644 
vt 0.3706372380256653 0.9820927381515503 
vt 0.31469017267227173 0.9466227293014526 
vt 0.4364573061466217 0.9790454506874084 
vt 0.2678848206996918 0.9009139537811279 
vt 0.31469017267227173 0.9466227293014526 
vt 0.2581336796283722 0.918344259262085 
vt 0.3084738552570343 0.9610057473182678 
vt 0.3706372380256653 0.9820927381515503 
vt 0.2052338570356369 0.88336181640625 
vt 0.21754464507102966 0.8675161004066467 
vt 0.2581336796283722 0.918344259262085 
vt 0.24996712803840637 0.9322397112846375 
vt 0.2581336796283722 0.918344259262085 
vt 0.3084738552570343 0.9610057473182678 
vt 0.01764668896794319 0.6290992498397827 
vt 0.03873348608613014 0.6907756328582764 
vt 0.053116388618946075 0.6845592260360718 
vt 0.06286750733852386 0.5571841597557068 
vt 0.07420318573713303 0.6136192679405212 
vt 0.07164351642131805 0.6768801808357239 
vt 0.092730313539505 0.6681040525436401 
vt 0.01764668896794319 0.6290992498397827 
vt 0.032517146319150925 0.6249549984931946 
vt 0.020206358283758163 0.562791109085083 
vt 0.5602965354919434 0.04024868085980415 
vt 0.5628561973571777 0.02013683132827282 
vt 0.4995957911014557 0.015992572531104088 
vt 0.4995957911014557 0.03659198060631752 
vt 0.5602965354919434 0.04024868085980415 
vt 0.6199002265930176 0.052072010934352875 
vt 0.040318042039871216 0.43943843245506287 
vt 0.03666137158870697 0.49953019618988037 
vt 0.040318042039871216 0.43943843245506287 
vt 0.09626509249210358 0.3916575610637665 
vt 0.32236918807029724 0.07157441228628159 
vt 0.3856295943260193 0.07413410395383835 
vt 0.33114519715309143 0.09266138076782227 
vt 0.39172402024269104 0.09619618952274323 
vt 0.2678848206996918 0.09826832264661789 
vt 0.27922049164772034 0.1177707239985466 
vt 0.3968433737754822 0.11630804091691971 
vt 0.4019626975059509 0.13520099222660065 
vt 0.45035263895988464 0.12605924904346466 
vt 0.34808775782585144 0.13325075805187225 
vt 0.3968433737754822 0.11630804091691971 
vt 0.35527920722961426 0.1511685848236084 
vt 0.4019626975059509 0.13520099222660065 
vt 0.4045223891735077 0.1444646269083023 
vt 0.45181530714035034 0.13520099222660065 
vt 0.452912300825119 0.1439770758152008 
vt 0.4995957911014557 0.14092981815338135 
vt 0.4995957911014557 0.1321537345647812 
vt 0.45035263895988464 0.12605924904346466 
vt 0.40659448504447937 0.15324071049690247 
vt 0.358814001083374 0.15994466841220856 
vt 0.34808775782585144 0.13325075805187225 
vt 0.3624706566333771 0.16811129450798035 
vt 0.3110335171222687 0.17323067784309387 
vt 0.358814001083374 0.15994466841220856 
vt 0.3624706566333771 0.16811129450798035 
vt 0.3202970623970032 0.18871070444583893 
vt 0.27617326378822327 0.20772553980350494 
vt 0.3202970623970032 0.18871070444583893 
vt 0.092730313539505 0.6681040525436401 
vt 0.11369521915912628 0.6593279838562012 
vt 0.16817960143089294 0.7539146542549133 
vt 0.13795113563537598 0.7086934447288513 
vt 0.15586881339550018 0.6979671120643616 
vt 0.13331934809684753 0.6516489386558533 
vt 0.15026192367076874 0.7678101062774658 
vt 0.18512217700481415 0.7411161661148071 
vt 0.1882912963628769 0.8114467263221741 
vt 0.20413686335086823 0.7949915528297424 
vt 0.15586881339550018 0.6979671120643616 
vt 0.1732989400625229 0.6882159113883972 
vt 0.15123702585697174 0.6439698338508606 
vt 0.15586881339550018 0.6979671120643616 
vt 0.13526956737041473 0.5971640944480896 
vt 0.10650376975536346 0.5514553189277649 
vt 0.12612789869308472 0.5488956570625305 
vt 0.11637677997350693 0.6022834777832031 
vt 0.13331934809684753 0.6516489386558533 
vt 0.13331934809684753 0.6516489386558533 
vt 0.11637677997350693 0.6022834777832031 
vt 0.11369521915912628 0.6593279838562012 
vt 0.10650376975536346 0.5514553189277649 
vt 0.09626509249210358 0.608012318611145 
vt 0.11369521915912628 0.6593279838562012 
vt 0.10650376975536346 0.5514553189277649 
vt 0.08553886413574219 0.554015040397644 
vt 0.10296899080276489 0.49953019618988037 
vt 0.12247122824192047 0.49953019618988037 
vt 0.12612789869308472 0.4502866566181183 
vt 0.10296899080276489 0.49953019618988037 
vt 0.10650376975536346 0.5514553189277649 
vt 0.12612789869308472 0.4502866566181183 
vt 0.13526956737041473 0.40189629793167114 
vt 0.13526956737041473 0.40189629793167114 
vt 0.11637677997350693 0.39677694439888 
vt 0.11637677997350693 0.39677694439888 
vt 0.13331934809684753 0.3480209410190582 
vt 0.6136838793754578 0.9255357384681702 
vt 0.5515205264091492 0.89323490858078 
vt 0.4995957911014557 0.9178566932678223 
vt 0.668168306350708 0.9065209031105042 
vt 0.4995957911014557 0.059263523668050766 
vt 0.5572493076324463 0.06279832869768143 
vt 0.4995957911014557 0.08181317150592804 
vt 0.4995957911014557 0.059263523668050766 
vt 0.44206419587135315 0.06279832869768143 
vt 0.4995957911014557 0.059263523668050766 
vt 0.4452333152294159 0.08546987175941467 
vt 0.44206419587135315 0.06279832869768143 
vt 0.3856295943260193 0.07413410395383835 
vt 0.5515205264091492 0.10643494874238968 
vt 0.4995957911014557 0.08181317150592804 
vt 0.4995957911014557 0.10290013998746872 
vt 0.4995957911014557 0.08181317150592804 
vt 0.5540801882743835 0.08546987175941467 
vt 0.5972288846969604 0.13520099222660065 
vt 0.6024700999259949 0.11630804091691971 
vt 0.5489608645439148 0.12605924904346466 
vt 0.5972288846969604 0.13520099222660065 
vt 0.5515205264091492 0.10643494874238968 
vt 0.4995957911014557 0.12240254133939743 
vt 0.5479857325553894 0.13520099222660065 
vt 0.5464011430740356 0.1439770758152008 
vt 0.44779297709465027 0.10643494874238968 
vt 0.4995957911014557 0.10290013998746872 
vt 0.44779297709465027 0.10643494874238968 
vt 0.5479857325553894 0.13520099222660065 
vt 0.5925971269607544 0.15324071049690247 
vt 0.5489608645439148 0.12605924904346466 
vt 0.5946692228317261 0.1444646269083023 
vt 0.5925971269607544 0.15324071049690247 
vt 0.5946692228317261 0.1444646269083023 
vt 0.5972288846969604 0.13520099222660065 
vt 0.6403775811195374 0.15994466841220856 
vt 0.6368427872657776 0.16811129450798035 
vt 0.6790164113044739 0.18871070444583893 
vt 0.6836481690406799 0.18103162944316864 
vt 0.6440342664718628 0.1511685848236084 
vt 0.6440342664718628 0.1511685848236084 
vt 0.5946692228317261 0.1444646269083023 
vt 0.6517132520675659 0.13325075805187225 
vt 0.6882799863815308 0.17323067784309387 
vt 0.7180208563804626 0.21491704881191254 
vt 0.7236278057098389 0.20772553980350494 
vt 0.7597069144248962 0.23953883349895477 
vt 0.6882799863815308 0.17323067784309387 
vt 0.729356586933136 0.20053403079509735 
vt 0.33114519715309143 0.09266138076782227 
vt 0.39172402024269104 0.09619618952274323 
vt 0.3968433737754822 0.11630804091691971 
vt 0.44779297709465027 0.10643494874238968 
vt 0.8265020847320557 0.3109663724899292 
vt 0.780184268951416 0.21906131505966187 
vt 0.020206358283758163 0.4363911747932434 
vt 0.01606213115155697 0.49953019618988037 
vt 0.0007041179924272001 0.49953019618988037 
vt 0.004848343785852194 0.5648632645606995 
vt 0.020206358283758163 0.562791109085083 
vt 0.01764668896794319 0.6290992498397827 
vt 0.032517146319150925 0.6249549984931946 
vt 0.040318042039871216 0.5602314472198486 
vt 0.03666137158870697 0.49953019618988037 
vt 0.040318042039871216 0.43943843245506287 
vt 0.01764668896794319 0.6290992498397827 
vt 0.032517146319150925 0.6249549984931946 
vt 0.05933272838592529 0.49953019618988037 
vt 0.040318042039871216 0.5602314472198486 
vt 0.004848343785852194 0.43431904911994934 
vt 0.0007041179924272001 0.49953019618988037 
vt 0.020206358283758163 0.4363911747932434 
vt 0.032517146319150925 0.37471485137939453 
vt 0.05214127525687218 0.37983423471450806 
vt 0.07164351642131805 0.3223021328449249 
vt 0.05214127525687218 0.37983423471450806 
vt 0.020206358283758163 0.4363911747932434 
vt 0.020206358283758163 0.4363911747932434 
vt 0.07420318573713303 0.38556304574012756 
vt 0.06286750733852386 0.44199812412261963 
vt 0.03666137158870697 0.49953019618988037 
vt 0.040318042039871216 0.43943843245506287 
vt 0.09626509249210358 0.3916575610637665 
vt 0.03666137158870697 0.49953019618988037 
vt 0.08553886413574219 0.44516727328300476 
vt 0.06286750733852386 0.44199812412261963 
vt 0.11637677997350693 0.39677694439888 
vt 0.11369521915912628 0.33973240852355957 
vt 0.07420318573713303 0.38556304574012756 
vt 0.092730313539505 0.3310782313346863 
vt 0.092730313539505 0.3310782313346863 
vt 0.05214127525687218 0.37983423471450806 
vt 0.07164351642131805 0.3223021328449249 
vt 0.11783944815397263 0.27915307879447937 
vt 0.11783944815397263 0.27915307879447937 
vt 0.13795113563537598 0.2904888391494751 
vt 0.16817960143089294 0.24526765942573547 
vt 0.18512217700481415 0.2580661177635193 
vt 0.21912920475006104 0.21906131505966187 
vt 0.20413686335086823 0.2040688395500183 
vt 0.15026192367076874 0.23137220740318298 
vt 0.20413686335086823 0.2040688395500183 
vt 0.15026192367076874 0.23137220740318298 
vt 0.11783944815397263 0.27915307879447937 
vt 0.07164351642131805 0.3223021328449249 
vt 0.09833721071481705 0.26781731843948364 
vt 0.15026192367076874 0.23137220740318298 
vt 0.09833721071481705 0.26781731843948364 
vt 0.09833721071481705 0.26781731843948364 
vt 0.13222235441207886 0.2174767404794693 
vt 0.1723238229751587 0.17225554585456848 
vt 0.11576733738183975 0.20516584813594818 
vt 0.15794092416763306 0.1578725278377533 
vt 0.21754464507102966 0.1321537345647812 
vt 0.2314399927854538 0.1501934677362442 
vt 0.1882912963628769 0.18822313845157623 
vt 0.1723238229751587 0.17225554585456848 
vt 0.13222235441207886 0.2174767404794693 
vt 0.09833721071481705 0.26781731843948364 
vt 0.08090707659721375 0.2580661177635193 
vt 0.11576733738183975 0.20516584813594818 
vt 0.06749928742647171 0.2498994767665863 
vt 0.08090707659721375 0.2580661177635193 
vt 0.1034565418958664 0.19590221345424652 
vt 0.06749928742647171 0.2498994767665863 
vt 0.15794092416763306 0.1578725278377533 
vt 0.11576733738183975 0.20516584813594818 
vt 0.1466052532196045 0.14653676748275757 
vt 0.2052338570356369 0.11569859087467194 
vt 0.2678848206996918 0.09826832264661789 
vt 0.2581336796283722 0.08083805441856384 
vt 0.32236918807029724 0.07157441228628159 
vt 0.33114519715309143 0.09266138076782227 
vt 0.1959702968597412 0.10338769853115082 
vt 0.32236918807029724 0.07157441228628159 
vt 0.3856295943260193 0.07413410395383835 
vt 0.39172402024269104 0.09619618952274323 
vt 0.3856295943260193 0.07413410395383835 
vt 0.2052338570356369 0.11569859087467194 
vt 0.1466052532196045 0.14653676748275757 
vt 0.4452333152294159 0.08546987175941467 
vt 0.44206419587135315 0.06279832869768143 
vt 0.3856295943260193 0.07413410395383835 
vt 0.4452333152294159 0.08546987175941467 
vt 0.44779297709465027 0.10643494874238968 
vt 0.39172402024269104 0.09619618952274323 
vt 0.3968433737754822 0.11630804091691971 
vt 0.33979931473731995 0.11362646520137787 
vt 0.33114519715309143 0.09266138076782227 
vt 0.27922049164772034 0.1177707239985466 
vt 0.2905561625957489 0.13788257539272308 
vt 0.34808775782585144 0.13325075805187225 
vt 0.3012824058532715 0.15580040216445923 
vt 0.35527920722961426 0.1511685848236084 
vt 0.27922049164772034 0.1177707239985466 
vt 0.21754464507102966 0.1321537345647812 
vt 0.24533534049987793 0.16811129450798035 
vt 0.2314399927854538 0.1501934677362442 
vt 0.2678848206996918 0.09826832264661789 
vt 0.21754464507102966 0.1321537345647812 
vt 0.1882912963628769 0.18822313845157623 
vt 0.20413686335086823 0.2040688395500183 
vt 0.2581336796283722 0.1850540041923523 
vt 0.24533534049987793 0.16811129450798035 
vt 0.3012824058532715 0.15580040216445923 
vt 0.20413686335086823 0.2040688395500183 
vt 0.2581336796283722 0.1850540041923523 
vt 0.26995691657066345 0.20053403079509735 
vt 0.2329026609659195 0.23283487558364868 
vt 0.27617326378822327 0.20772553980350494 
vt 0.2396065592765808 0.23953883349895477 
vt 0.20060208439826965 0.2698894441127777 
vt 0.21912920475006104 0.21906131505966187 
vt 0.15586881339550018 0.30121517181396484 
vt 0.13795113563537598 0.2904888391494751 
vt 0.092730313539505 0.3310782313346863 
vt 0.09626509249210358 0.3916575610637665 
vt 0.13331934809684753 0.3480209410190582 
vt 0.11369521915912628 0.33973240852355957 
vt 0.09626509249210358 0.3916575610637665 
vt 0.18512217700481415 0.2580661177635193 
vt 0.2329026609659195 0.23283487558364868 
vt 0.18512217700481415 0.2580661177635193 
vt 0.15586881339550018 0.30121517181396484 
vt 0.1732989400625229 0.3109663724899292 
vt 0.15586881339550018 0.30121517181396484 
vt 0.13331934809684753 0.3480209410190582 
vt 0.15123702585697174 0.3552124500274658 
vt 0.13331934809684753 0.3480209410190582 
vt 0.20779353380203247 0.2761058211326599 
vt 0.20060208439826965 0.2698894441127777 
vt 0.18109983205795288 0.31559818983078003 
vt 0.15123702585697174 0.3552124500274658 
vt 0.16001303493976593 0.3587472438812256 
vt 0.1887788474559784 0.32023000717163086 
vt 0.2149849832057953 0.28122520446777344 
vt 0.24582289159297943 0.24575522541999817 
vt 0.281292587518692 0.21491704881191254 
vt 0.3202970623970032 0.18871070444583893 
vt 0.3156653046607971 0.18103162944316864 
vt 0.3624706566333771 0.16811129450798035 
vt 0.358814001083374 0.15994466841220856 
vt 0.40659448504447937 0.15324071049690247 
vt 0.4045223891735077 0.1444646269083023 
vt 0.452912300825119 0.1439770758152008 
vt 0.45181530714035034 0.13520099222660065 
vt 0.4995957911014557 0.14092981815338135 
vt 0.4995957911014557 0.1321537345647812 
vt 0.5464011430740356 0.1439770758152008 
vt 0.5479857325553894 0.13520099222660065 
vt 0.5925971269607544 0.15324071049690247 
vt 0.5946692228317261 0.1444646269083023 
vt 0.6368427872657776 0.16811129450798035 
vt 0.6403775811195374 0.15994466841220856 
vt 0.6790164113044739 0.18871070444583893 
vt 0.6836481690406799 0.18103162944316864 
vt 0.7180208563804626 0.21491704881191254 
vt 0.7236278057098389 0.20772553980350494 
vt 0.7534905672073364 0.24575522541999817 
vt 0.7597069144248962 0.23953883349895477 
vt 0.7843285202980042 0.28122520446777344 
vt 0.7915199398994446 0.2761058211326599 
vt 0.810534656047821 0.32023000717163086 
vt 0.8182136416435242 0.31559818983078003 
vt 0.8310120105743408 0.3624039590358734 
vt 0.8393004536628723 0.3587472438812256 
vt 0.8464918732643127 0.40652814507484436 
vt 0.8546584248542786 0.4044559895992279 
vt 0.8557554483413696 0.45284631848335266 
vt 0.8645314574241638 0.451749324798584 
vt 0.8588026762008667 0.49953019618988037 
vt 0.8675786852836609 0.49953019618988037 
vt 0.8557554483413696 0.5463359355926514 
vt 0.8645314574241638 0.5479205250740051 
vt 0.8464918732643127 0.5925322771072388 
vt 0.8546584248542786 0.5946043729782104 
vt 0.8310120105743408 0.6367783546447754 
vt 0.8393004536628723 0.6403131484985352 
vt 0.810534656047821 0.6789522767066956 
vt 0.8182136416435242 0.6835840940475464 
vt 0.7843285202980042 0.717957079410553 
vt 0.7915199398994446 0.7235640287399292 
vt 0.7534905672073364 0.7534270882606506 
vt 0.7597069144248962 0.7595215439796448 
vt 0.7180208563804626 0.7842652201652527 
vt 0.7236278057098389 0.7914567589759827 
vt 0.6790164113044739 0.8104715943336487 
vt 0.6836481690406799 0.8181506395339966 
vt 0.6368427872657776 0.8309491276741028 
vt 0.6403775811195374 0.839237630367279 
vt 0.5925971269607544 0.846429169178009 
vt 0.5946692228317261 0.8545957803726196 
vt 0.5464011430740356 0.8556928038597107 
vt 0.5479857325553894 0.864346981048584 
vt 0.4995957911014557 0.8587400317192078 
vt 0.4995957911014557 0.8675161004066467 
vt 0.452912300825119 0.8556928038597107 
vt 0.45181530714035034 0.864346981048584 
vt 0.40659448504447937 0.846429169178009 
vt 0.4045223891735077 0.8545957803726196 
vt 0.3624706566333771 0.8309491276741028 
vt 0.358814001083374 0.839237630367279 
vt 0.3202970623970032 0.8104715943336487 
vt 0.3156653046607971 0.8181506395339966 
vt 0.281292587518692 0.7842652201652527 
vt 0.27617326378822327 0.7914567589759827 
vt 0.24582289159297943 0.7534270882606506 
vt 0.2396065592765808 0.7595215439796448 
vt 0.2149849832057953 0.717957079410553 
vt 0.20779353380203247 0.7235640287399292 
vt 0.1887788474559784 0.6789522767066956 
vt 0.18109983205795288 0.6835840940475464 
vt 0.16817960143089294 0.6367783546447754 
vt 0.16001303493976593 0.6403131484985352 
vt 0.1533091515302658 0.5925322771072388 
vt 0.14453314244747162 0.5946043729782104 
vt 0.14404557645320892 0.5463359355926514 
vt 0.13526956737041473 0.5479205250740051 
vt 0.14099836349487305 0.49953019618988037 
vt 0.13222235441207886 0.49953019618988037 
vt 0.14404557645320892 0.45284631848335266 
vt 0.13526956737041473 0.451749324798584 
vt 0.1533091515302658 0.40652814507484436 
vt 0.14453314244747162 0.4044559895992279 
vt 0.16817960143089294 0.3624039590358734 
vt 0.3110335171222687 0.17323067784309387 
vt 0.11637677997350693 0.39677694439888 
vt 0.13526956737041473 0.40189629793167114 
vt 0.12612789869308472 0.4502866566181183 
vt 0.12247122824192047 0.49953019618988037 
vt 0.12612789869308472 0.5488956570625305 
vt 0.13526956737041473 0.5971640944480896 
vt 0.15123702585697174 0.6439698338508606 
vt 0.1732989400625229 0.6882159113883972 
vt 0.20060208439826965 0.7292928695678711 
vt 0.2329026609659195 0.7662255167961121 
vt 0.26995691657066345 0.7986482381820679 
vt 0.3110335171222687 0.8264392018318176 
vt 0.35527920722961426 0.848013699054718 
vt 0.4019626975059509 0.8638594150543213 
vt 0.45035263895988464 0.8736106157302856 
vt 0.4995957911014557 0.8767797350883484 
vt 0.11637677997350693 0.39677694439888 
vt 0.13331934809684753 0.3480209410190582 
vt 0.11637677997350693 0.39677694439888 
vt 0.10650376975536346 0.4477269649505615 
vt 0.10296899080276489 0.49953019618988037 
vt 0.10296899080276489 0.49953019618988037 
vt 0.10650376975536346 0.5514553189277649 
vt 0.45035263895988464 0.8736106157302856 
vt 0.4995957911014557 0.8962821364402771 
vt 0.44779297709465027 0.89323490858078 
vt 0.3968433737754822 0.8828742504119873 
vt 0.4019626975059509 0.8638594150543213 
vt 0.4995957911014557 0.8962821364402771 
vt 0.44779297709465027 0.89323490858078 
vt 0.5540801882743835 0.9142000079154968 
vt 0.6080769896507263 0.9034736752510071 
vt 0.5515205264091492 0.89323490858078 
vt 0.6136838793754578 0.9255357384681702 
vt 0.5540801882743835 0.9142000079154968 
vt 0.6593922972679138 0.88604336977005 
vt 0.668168306350708 0.9065209031105042 
vt 0.668168306350708 0.9065209031105042 
vt 0.6136838793754578 0.9255357384681702 
vt 0.5572493076324463 0.9363839626312256 
vt 0.5602965354919434 0.9589335918426514 
vt 0.6199002265930176 0.9471102952957153 
vt 0.7416673302650452 0.918344259262085 
vt 0.6769443154335022 0.9276078939437866 
vt 0.7314286828041077 0.9009139537811279 
vt 0.668168306350708 0.9065209031105042 
vt 0.6846233010292053 0.9466227293014526 
vt 0.7416673302650452 0.918344259262085 
vt 0.6846233010292053 0.9466227293014526 
vt 0.4995957911014557 0.9178566932678223 
vt 0.44779297709465027 0.89323490858078 
vt 0.6908396482467651 0.9610057473182678 
vt 0.6291638016700745 0.9820927381515503 
vt 0.6250195503234863 0.966612696647644 
vt 0.5628561973571777 0.9790454506874084 
vt 0.5602965354919434 0.9589335918426514 
vt 0.6908396482467651 0.9610057473182678 
vt 0.7493463754653931 0.9322397112846375 
vt 0.7416673302650452 0.918344259262085 
vt 0.8038307428359985 0.8957945704460144 
vt 0.8527082204818726 0.8526455163955688 
vt 0.8958569169044495 0.8037676215171814 
vt 0.8418601155281067 0.8417972922325134 
vt 0.794079601764679 0.88336181640625 
vt 0.7817688584327698 0.8675161004066467 
vt 0.7200930118560791 0.8814115524291992 
vt 0.8038307428359985 0.8957945704460144 
vt 0.8418601155281067 0.8417972922325134 
vt 0.827477216720581 0.8274142742156982 
vt 0.8675786852836609 0.7817055583000183 
vt 0.827477216720581 0.8274142742156982 
vt 0.8834242820739746 0.794016420841217 
vt 0.7314286828041077 0.9009139537811279 
vt 0.668168306350708 0.9065209031105042 
vt 0.7200930118560791 0.8814115524291992 
vt 0.7678734660148621 0.8494763970375061 
vt 0.7817688584327698 0.8675161004066467 
vt 0.827477216720581 0.8274142742156982 
vt 0.8115097284317017 0.8114467263221741 
vt 0.8834242820739746 0.794016420841217 
vt 0.8958569169044495 0.8037676215171814 
vt 0.900976300239563 0.7313649654388428 
vt 0.9184064269065857 0.7416037321090698 
vt 0.8834242820739746 0.794016420841217 
vt 0.9184064269065857 0.7416037321090698 
vt 0.9323017597198486 0.7492828369140625 
vt 0.9610675573348999 0.6907756328582764 
vt 0.900976300239563 0.7313649654388428 
vt 0.9466846585273743 0.6845592260360718 
vt 0.9276699423789978 0.6768801808357239 
vt 0.9466846585273743 0.6845592260360718 
vt 0.947172224521637 0.619835615158081 
vt 0.9666744470596313 0.6249549984931946 
vt 0.979107141494751 0.562791109085083 
vt 0.9666744470596313 0.6249549984931946 
vt 0.9610675573348999 0.6907756328582764 
vt 0.9466846585273743 0.6845592260360718 
vt 0.982154369354248 0.6290992498397827 
vt 0.9666744470596313 0.6249549984931946 
vt 0.9944651126861572 0.5648632645606995 
vt 0.9944651126861572 0.5648632645606995 
vt 0.979107141494751 0.562791109085083 
vt 0.9990969300270081 0.49953019618988037 
vt 0.979107141494751 0.562791109085083 
vt 0.9831294417381287 0.49953019618988037 
vt 0.9944651126861572 0.43431904911994934 
vt 0.979107141494751 0.4363911747932434 
vt 0.9631396532058716 0.49953019618988037 
vt 0.9589954614639282 0.43943843245506287 
vt 0.979107141494751 0.4363911747932434 
vt 0.979107141494751 0.4363911747932434 
vt 0.9666744470596313 0.37471485137939453 
vt 0.982154369354248 0.370570570230484 
vt 0.982154369354248 0.370570570230484 
vt 0.9666744470596313 0.37471485137939453 
vt 0.9610675573348999 0.30840668082237244 
vt 0.9466846585273743 0.31462305784225464 
vt 0.9323017597198486 0.2498994767665863 
vt 0.9184064269065857 0.2580661177635193 
vt 0.8958569169044495 0.19590221345424652 
vt 0.8834242820739746 0.20516584813594818 
vt 0.900976300239563 0.26781731843948364 
vt 0.9276699423789978 0.3223021328449249 
vt 0.947172224521637 0.37983423471450806 
vt 0.9184064269065857 0.2580661177635193 
vt 0.8675786852836609 0.2174767404794693 
vt 0.8834242820739746 0.20516584813594818 
vt 0.827477216720581 0.17225554585456848 
vt 0.8418601155281067 0.1578725278377533 
vt 0.8527082204818726 0.14653676748275757 
vt 0.8418601155281067 0.1578725278377533 
vt 0.8834242820739746 0.20516584813594818 
vt 0.8418601155281067 0.1578725278377533 
vt 0.8038307428359985 0.10338769853115082 
vt 0.8834242820739746 0.20516584813594818 
vt 0.8527082204818726 0.14653676748275757 
vt 0.8814740180969238 0.27915307879447937 
vt 0.900976300239563 0.26781731843948364 
vt 0.900976300239563 0.26781731843948364 
vt 0.9065831899642944 0.3310782313346863 
vt 0.9276699423789978 0.3223021328449249 
vt 0.9255978465080261 0.38556304574012756 
vt 0.9035359621047974 0.3916575610637665 
vt 0.9142621755599976 0.44516727328300476 
vt 0.947172224521637 0.37983423471450806 
vt 0.936445951461792 0.44199812412261963 
vt 0.9589954614639282 0.43943843245506287 
vt 0.9404683113098145 0.49953019618988037 
vt 0.9631396532058716 0.49953019618988037 
vt 0.9589954614639282 0.43943843245506287 
vt 0.9631396532058716 0.49953019618988037 
vt 0.936445951461792 0.5571841597557068 
vt 0.9142621755599976 0.554015040397644 
vt 0.9255978465080261 0.6136192679405212 
vt 0.9589954614639282 0.5602314472198486 
vt 0.9631396532058716 0.49953019618988037 
vt 0.9589954614639282 0.5602314472198486 
vt 0.9035359621047974 0.608012318611145 
vt 0.9255978465080261 0.6136192679405212 
vt 0.936445951461792 0.5571841597557068 
vt 0.9255978465080261 0.6136192679405212 
vt 0.8861058354377747 0.6593279838562012 
vt 0.8664816617965698 0.6516489386558533 
vt 0.9142621755599976 0.554015040397644 
vt 0.8829367160797119 0.6022834777832031 
vt 0.8932972550392151 0.5514553189277649 
vt 0.917918860912323 0.49953019618988037 
vt 0.917918860912323 0.49953019618988037 
vt 0.9404683113098145 0.49953019618988037 
vt 0.936445951461792 0.44199812412261963 
vt 0.9255978465080261 0.38556304574012756 
vt 0.936445951461792 0.44199812412261963 
vt 0.8963444828987122 0.49953019618988037 
vt 0.8932972550392151 0.5514553189277649 
vt 0.873673141002655 0.5488956570625305 
vt 0.9142621755599976 0.44516727328300476 
vt 0.8932972550392151 0.4477269649505615 
vt 0.8768422603607178 0.49953019618988037 
vt 0.873673141002655 0.5488956570625305 
vt 0.9035359621047974 0.3916575610637665 
vt 0.8829367160797119 0.39677694439888 
vt 0.8861058354377747 0.33973240852355957 
vt 0.873673141002655 0.4502866566181183 
vt 0.8932972550392151 0.4477269649505615 
vt 0.8932972550392151 0.4477269649505615 
vt 0.8639219999313354 0.5971640944480896 
vt 0.8480764627456665 0.6439698338508606 
vt 0.8265020847320557 0.6882159113883972 
vt 0.7987114191055298 0.7292928695678711 
vt 0.8932972550392151 0.5514553189277649 
vt 0.8434446454048157 0.6979671120643616 
vt 0.8434446454048157 0.6979671120643616 
vt 0.8664816617965698 0.6516489386558533 
vt 0.9035359621047974 0.608012318611145 
vt 0.8932972550392151 0.5514553189277649 
vt 0.8265020847320557 0.6882159113883972 
vt 0.8664816617965698 0.6516489386558533 
vt 0.8829367160797119 0.6022834777832031 
vt 0.8664816617965698 0.6516489386558533 
vt 0.8146788477897644 0.7411161661148071 
vt 0.8618499040603638 0.7086934447288513 
vt 0.8861058354377747 0.6593279838562012 
vt 0.9255978465080261 0.6136192679405212 
vt 0.9065831899642944 0.6681040525436401 
vt 0.8618499040603638 0.7086934447288513 
vt 0.9065831899642944 0.6681040525436401 
vt 0.9065831899642944 0.6681040525436401 
vt 0.8814740180969238 0.7200292348861694 
vt 0.8310120105743408 0.7539146542549133 
vt 0.8146788477897644 0.7411161661148071 
vt 0.900976300239563 0.7313649654388428 
vt 0.8495391011238098 0.7678101062774658 
vt 0.9589954614639282 0.5602314472198486 
vt 0.9831294417381287 0.49953019618988037 
vt 0.947172224521637 0.619835615158081 
vt 0.9255978465080261 0.6136192679405212 
vt 0.9276699423789978 0.6768801808357239 
vt 0.900976300239563 0.7313649654388428 
vt 0.8675786852836609 0.7817055583000183 
vt 0.8675786852836609 0.7817055583000183 
vt 0.7539781332015991 0.8309491276741028 
vt 0.7678734660148621 0.8494763970375061 
vt 0.8495391011238098 0.7678101062774658 
vt 0.7950547337532043 0.7949915528297424 
vt 0.780184268951416 0.7801209688186646 
vt 0.8115097284317017 0.8114467263221741 
vt 0.7950547337532043 0.7949915528297424 
vt 0.7411797642707825 0.8146158456802368 
vt 0.6980310678482056 0.8433818817138672 
vt 0.6882799863815308 0.8264392018318176 
vt 0.729356586933136 0.7986482381820679 
vt 0.7950547337532043 0.7949915528297424 
vt 0.7411797642707825 0.8146158456802368 
vt 0.7662889361381531 0.7662255167961121 
vt 0.7987114191055298 0.7292928695678711 
vt 0.8310120105743408 0.7539146542549133 
vt 0.8146788477897644 0.7411161661148071 
vt 0.7662889361381531 0.7662255167961121 
vt 0.6440342664718628 0.848013699054718 
vt 0.5972288846969604 0.8638594150543213 
vt 0.5489608645439148 0.8736106157302856 
vt 0.4995957911014557 0.8767797350883484 
vt 0.6517132520675659 0.8664190769195557 
vt 0.6517132520675659 0.8664190769195557 
vt 0.6024700999259949 0.8828742504119873 
vt 0.6593922972679138 0.88604336977005 
vt 0.5515205264091492 0.89323490858078 
vt 0.4995957911014557 0.8962821364402771 
vt 0.5515205264091492 0.89323490858078 
vt 0.4995957911014557 0.8767797350883484 
vt 0.6080769896507263 0.9034736752510071 
vt 0.6080769896507263 0.9034736752510071 
vt 0.7539781332015991 0.8309491276741028 
vt 0.7087573409080505 0.8617872595787048 
vt 0.7678734660148621 0.8494763970375061 
vt 0.7087573409080505 0.8617872595787048 
vt 0.7200930118560791 0.8814115524291992 
vt 0.7200930118560791 0.8814115524291992 
vt 0.01764668896794319 0.370570570230484 
vt 0.004848343785852194 0.43431904911994934 
vt 0.032517146319150925 0.37471485137939453 
vt 0.053116388618946075 0.31462305784225464 
vt 0.032517146319150925 0.37471485137939453 
vt 0.09833721071481705 0.26781731843948364 
vt 0.01764668896794319 0.370570570230484 
vt 0.03873348608613014 0.30840668082237244 
vt 0.08090707659721375 0.2580661177635193 
vt 0.053116388618946075 0.31462305784225464 
vt 0.03873348608613014 0.30840668082237244 
vt 0.24996712803840637 0.06743015348911285 
vt 0.1959702968597412 0.10338769853115082 
vt 0.3856295943260193 0.07413410395383835 
vt 0.3799007833003998 0.052072010934352875 
vt 0.3799007833003998 0.052072010934352875 
vt 0.44206419587135315 0.06279832869768143 
vt 0.3706372380256653 0.017577141523361206 
vt 0.3084738552570343 0.038664113730192184 
vt 0.37478145956993103 0.03244772180914879 
vt 0.4364573061466217 0.02013683132827282 
vt 0.37478145956993103 0.03244772180914879 
vt 0.4395045042037964 0.04024868085980415 
vt 0.3799007833003998 0.052072010934352875 
vt 0.44206419587135315 0.06279832869768143 
vt 0.3799007833003998 0.052072010934352875 
vt 0.4395045042037964 0.04024868085980415 
vt 0.4995957911014557 0.059263523668050766 
vt 0.4364573061466217 0.02013683132827282 
vt 0.4995957911014557 0.03659198060631752 
vt 0.4364573061466217 0.02013683132827282 
vt 0.4995957911014557 0.015992572531104088 
vt 0.43438518047332764 0.004778692033141851 
vt 0.4995957911014557 0.0006344320136122406 
vt 0.5628561973571777 0.02013683132827282 
vt 0.5602965354919434 0.04024868085980415 
vt 0.4995957911014557 0.03659198060631752 
vt 0.5572493076324463 0.06279832869768143 
vt 0.5602965354919434 0.04024868085980415 
vt 0.6136838793754578 0.07413410395383835 
vt 0.6199002265930176 0.052072010934352875 
vt 0.668168306350708 0.09266138076782227 
vt 0.6593922972679138 0.11362646520137787 
vt 0.6080769896507263 0.09619618952274323 
vt 0.6517132520675659 0.13325075805187225 
vt 0.6980310678482056 0.15580040216445923 
vt 0.7087573409080505 0.13788257539272308 
vt 0.668168306350708 0.09266138076782227 
vt 0.7087573409080505 0.13788257539272308 
vt 0.7200930118560791 0.1177707239985466 
vt 0.6199002265930176 0.052072010934352875 
vt 0.6769443154335022 0.07157441228628159 
vt 0.7200930118560791 0.1177707239985466 
vt 0.6769443154335022 0.07157441228628159 
vt 0.7314286828041077 0.09826832264661789 
vt 0.7678734660148621 0.1501934677362442 
vt 0.7950547337532043 0.2040688395500183 
vt 0.8115097284317017 0.18822313845157623 
vt 0.8115097284317017 0.18822313845157623 
vt 0.8310120105743408 0.24526765942573547 
vt 0.8495391011238098 0.23137220740318298 
vt 0.8618499040603638 0.2904888391494751 
vt 0.8434446454048157 0.30121517181396484 
vt 0.8664816617965698 0.3480209410190582 
vt 0.8265020847320557 0.3109663724899292 
vt 0.8480764627456665 0.3552124500274658 
vt 0.8146788477897644 0.2580661177635193 
vt 0.8434446454048157 0.30121517181396484 
vt 0.8480764627456665 0.3552124500274658 
vt 0.8639219999313354 0.40189629793167114 
vt 0.8664816617965698 0.3480209410190582 
vt 0.8829367160797119 0.39677694439888 
vt 0.873673141002655 0.4502866566181183 
vt 0.8829367160797119 0.39677694439888 
vt 0.8861058354377747 0.33973240852355957 
vt 0.8861058354377747 0.33973240852355957 
vt 0.8618499040603638 0.2904888391494751 
vt 0.8434446454048157 0.30121517181396484 
vt 0.8664816617965698 0.3480209410190582 
vt 0.8814740180969238 0.27915307879447937 
vt 0.8495391011238098 0.23137220740318298 
vt 0.8675786852836609 0.2174767404794693 
vt 0.827477216720581 0.17225554585456848 
vt 0.8115097284317017 0.18822313845157623 
vt 0.7817688584327698 0.1321537345647812 
vt 0.8495391011238098 0.23137220740318298 
vt 0.827477216720581 0.17225554585456848 
vt 0.7678734660148621 0.1501934677362442 
vt 0.7817688584327698 0.1321537345647812 
vt 0.7314286828041077 0.09826832264661789 
vt 0.7416673302650452 0.08083805441856384 
vt 0.7416673302650452 0.08083805441856384 
vt 0.794079601764679 0.11569859087467194 
vt 0.7493463754653931 0.06743015348911285 
vt 0.6908396482467651 0.038664113730192184 
vt 0.8038307428359985 0.10338769853115082 
vt 0.7493463754653931 0.06743015348911285 
vt 0.8418601155281067 0.1578725278377533 
vt 0.794079601764679 0.11569859087467194 
vt 0.827477216720581 0.17225554585456848 
vt 0.794079601764679 0.11569859087467194 
vt 0.7817688584327698 0.1321537345647812 
vt 0.794079601764679 0.11569859087467194 
vt 0.3084738552570343 0.038664113730192184 
vt 0.31469017267227173 0.05304713174700737 
vt 0.2581336796283722 0.08083805441856384 
vt 0.37478145956993103 0.03244772180914879 
vt 0.6250195503234863 0.03244772180914879 
vt 0.6291638016700745 0.017577141523361206 
vt 0.6846233010292053 0.05304713174700737 
vt 0.6908396482467651 0.038664113730192184 
vt 0.6846233010292053 0.05304713174700737 
vt 0.7314286828041077 0.09826832264661789 
vt 0.6250195503234863 0.03244772180914879 
vt 0.5649282932281494 0.004778692033141851 
vt 0.5649282932281494 0.004778692033141851 
vt 0.5628561973571777 0.02013683132827282 
vt 0.4995957911014557 0.0006344320136122406 
vt 0.6199002265930176 0.052072010934352875 
vt 0.6769443154335022 0.07157441228628159 
vt 0.6250195503234863 0.03244772180914879 
vt 0.5628561973571777 0.02013683132827282 
vt 0.7539781332015991 0.16811129450798035 
vt 0.7678734660148621 0.1501934677362442 
vt 0.7950547337532043 0.2040688395500183 
vt 0.780184268951416 0.21906131505966187 
vt 0.7200930118560791 0.1177707239985466 
vt 0.7411797642707825 0.1850540041923523 
vt 0.7087573409080505 0.13788257539272308 
vt 0.7539781332015991 0.16811129450798035 
vt 0.7950547337532043 0.2040688395500183 
vt 0.8310120105743408 0.24526765942573547 
vt 0.7987114191055298 0.2698894441127777 
vt 0.8265020847320557 0.3109663724899292 
vt 0.8146788477897644 0.2580661177635193 
vt 0.780184268951416 0.21906131505966187 
vt 0.8265020847320557 0.3109663724899292 
vt 0.7987114191055298 0.2698894441127777 
vt 0.7662889361381531 0.23283487558364868 
vt 0.729356586933136 0.20053403079509735 
vt 0.6882799863815308 0.17323067784309387 
vt 0.7411797642707825 0.1850540041923523 
vt 0.7987114191055298 0.2698894441127777 
vt 0.7087573409080505 0.13788257539272308 
vt 0.6517132520675659 0.13325075805187225 
vt 0.6517132520675659 0.13325075805187225 
vt 0.6440342664718628 0.1511685848236084 
vt 0.5972288846969604 0.13520099222660065 
vt 0.5489608645439148 0.12605924904346466 
vt 0.4995957911014557 0.12240254133939743 
vt 0.45035263895988464 0.12605924904346466 
vt 0.4019626975059509 0.13520099222660065 
vt 0.3110335171222687 0.17323067784309387 
vt 0.6024700999259949 0.11630804091691971 
vt 0.4995957911014557 0.10290013998746872 
vt 0.44779297709465027 0.10643494874238968 
vt 0.3968433737754822 0.11630804091691971 
vt 0.34808775782585144 0.13325075805187225 
vt 0.35527920722961426 0.1511685848236084 
vt 0.2581336796283722 0.1850540041923523 
vt 0.3012824058532715 0.15580040216445923 
vt 0.4995957911014557 0.10290013998746872 
vt 0.4452333152294159 0.08546987175941467 
vt 0.6024700999259949 0.11630804091691971 
vt 0.5515205264091492 0.10643494874238968 
vt 0.5540801882743835 0.08546987175941467 
vt 0.6024700999259949 0.11630804091691971 
vt 0.6080769896507263 0.09619618952274323 
vt 0.6517132520675659 0.13325075805187225 
vt 0.5540801882743835 0.08546987175941467 
vt 0.5572493076324463 0.06279832869768143 
vt 0.4995957911014557 0.03659198060631752 
vt 0.5572493076324463 0.06279832869768143 
vt 0.4995957911014557 0.08181317150592804 
vt 0.4995957911014557 0.08181317150592804 
vt 0.44206419587135315 0.06279832869768143 
vt 0.6136838793754578 0.07413410395383835 
vt 0.5649282932281494 0.994403600692749 
vt 0.6291638016700745 0.9820927381515503 
vt 0.5602965354919434 0.9589335918426514 
vt 0.4995957911014557 0.9630778431892395 
vt 0.4995957911014557 0.9830678105354309 
vt 0.5628561973571777 0.9790454506874084 
vt 0.4995957911014557 0.9990354180335999 
vt 0.4995957911014557 0.9830678105354309 
vt 0.4364573061466217 0.9790454506874084 
vt 0.43438518047332764 0.994403600692749 
vt 0.3706372380256653 0.9820927381515503 
vt 0.37478145956993103 0.966612696647644 
vt 0.4364573061466217 0.9790454506874084 
vt 0.37478145956993103 0.966612696647644 
vt 0.31469017267227173 0.9466227293014526 
vt 0.32236918807029724 0.9276078939437866 
vt 0.37478145956993103 0.966612696647644 
vt 0.3799007833003998 0.9471102952957153 
vt 0.4364573061466217 0.9790454506874084 
vt 0.4395045042037964 0.9589335918426514 
vt 0.4364573061466217 0.9790454506874084 
vt 0.4995957911014557 0.9830678105354309 
vt 0.4995957911014557 0.9630778431892395 
vt 0.44206419587135315 0.9363839626312256 
vt 0.4395045042037964 0.9589335918426514 
vt 0.3856295943260193 0.9255357384681702 
vt 0.39172402024269104 0.9034736752510071 
vt 0.44206419587135315 0.9363839626312256 
vt 0.4995957911014557 0.940406322479248 
vt 0.4995957911014557 0.9630778431892395 
vt 0.4452333152294159 0.9142000079154968 
vt 0.5602965354919434 0.9589335918426514 
vt 0.3856295943260193 0.9255357384681702 
vt 0.3799007833003998 0.9471102952957153 
vt 0.44206419587135315 0.9363839626312256 
vt 0.4995957911014557 0.9178566932678223 
vt 0.4995957911014557 0.940406322479248 
vt 0.39172402024269104 0.9034736752510071 
vt 0.3968433737754822 0.8828742504119873 
vt 0.39172402024269104 0.9034736752510071 
vt 0.34808775782585144 0.8664190769195557 
vt 0.3012824058532715 0.8433818817138672 
vt 0.3012824058532715 0.8433818817138672 
vt 0.26995691657066345 0.7986482381820679 
vt 0.34808775782585144 0.8664190769195557 
vt 0.3968433737754822 0.8828742504119873 
vt 0.4452333152294159 0.9142000079154968 
vt 0.4995957911014557 0.9178566932678223 
vt 0.33979931473731995 0.88604336977005 
vt 0.3012824058532715 0.8433818817138672 
vt 0.33979931473731995 0.88604336977005 
vt 0.2581336796283722 0.8146158456802368 
vt 0.2581336796283722 0.8146158456802368 
vt 0.21912920475006104 0.7801209688186646 
vt 0.3856295943260193 0.9255357384681702 
vt 0.33114519715309143 0.9065209031105042 
vt 0.2905561625957489 0.8617872595787048 
vt 0.32236918807029724 0.9276078939437866 
vt 0.27922049164772034 0.8814115524291992 
vt 0.2678848206996918 0.9009139537811279 
vt 0.2678848206996918 0.9009139537811279 
vt 0.2314399927854538 0.8494763970375061 
vt 0.31469017267227173 0.9466227293014526 
vt 0.3084738552570343 0.9610057473182678 
vt 0.3706372380256653 0.9820927381515503 
vt 0.3799007833003998 0.9471102952957153 
vt 0.24533534049987793 0.8309491276741028 
vt 0.2314399927854538 0.8494763970375061 
vt 0.27922049164772034 0.8814115524291992 
vt 0.21912920475006104 0.7801209688186646 
vt 0.20413686335086823 0.7949915528297424 
vt 0.20060208439826965 0.7292928695678711 
vt 0.20413686335086823 0.7949915528297424 
vt 0.18512217700481415 0.7411161661148071 
vt 0.15026192367076874 0.7678101062774658 
vt 0.13795113563537598 0.7086934447288513 
vt 0.16817960143089294 0.7539146542549133 
vt 0.15586881339550018 0.6979671120643616 
vt 0.20413686335086823 0.7949915528297424 
vt 0.13331934809684753 0.6516489386558533 
vt 0.11369521915912628 0.6593279838562012 
vt 0.11783944815397263 0.7200292348861694 
vt 0.15026192367076874 0.7678101062774658 
vt 0.11783944815397263 0.7200292348861694 
vt 0.11369521915912628 0.6593279838562012 
vt 0.11637677997350693 0.6022834777832031 
vt 0.12612789869308472 0.5488956570625305 
vt 0.10650376975536346 0.5514553189277649 
vt 0.09626509249210358 0.608012318611145 
vt 0.09626509249210358 0.608012318611145 
vt 0.092730313539505 0.6681040525436401 
vt 0.092730313539505 0.6681040525436401 
vt 0.07420318573713303 0.6136192679405212 
vt 0.08553886413574219 0.554015040397644 
vt 0.10650376975536346 0.5514553189277649 
vt 0.10296899080276489 0.49953019618988037 
vt 0.08188219368457794 0.49953019618988037 
vt 0.10650376975536346 0.5514553189277649 
vt 0.08188219368457794 0.49953019618988037 
vt 0.08188219368457794 0.49953019618988037 
vt 0.08553886413574219 0.44516727328300476 
vt 0.11637677997350693 0.39677694439888 
vt 0.05214127525687218 0.619835615158081 
vt 0.06286750733852386 0.5571841597557068 
vt 0.040318042039871216 0.5602314472198486 
vt 0.040318042039871216 0.5602314472198486 
vt 0.05214127525687218 0.619835615158081 
vt 0.032517146319150925 0.6249549984931946 
vt 0.03873348608613014 0.6907756328582764 
vt 0.032517146319150925 0.6249549984931946 
vt 0.03873348608613014 0.6907756328582764 
vt 0.053116388618946075 0.6845592260360718 
vt 0.053116388618946075 0.6845592260360718 
vt 0.07164351642131805 0.6768801808357239 
vt 0.06749928742647171 0.7492828369140625 
vt 0.053116388618946075 0.6845592260360718 
vt 0.08090707659721375 0.7416037321090698 
vt 0.1034565418958664 0.8037676215171814 
vt 0.08090707659721375 0.7416037321090698 
vt 0.1034565418958664 0.8037676215171814 
vt 0.11576733738183975 0.794016420841217 
vt 0.1466052532196045 0.8526455163955688 
vt 0.11576733738183975 0.794016420841217 
vt 0.11576733738183975 0.794016420841217 
vt 0.15794092416763306 0.8417972922325134 
vt 0.1959702968597412 0.8957945704460144 
vt 0.15794092416763306 0.8417972922325134 
vt 0.2052338570356369 0.88336181640625 
vt 0.13222235441207886 0.7817055583000183 
vt 0.1723238229751587 0.8274142742156982 
vt 0.15026192367076874 0.7678101062774658 
vt 0.11783944815397263 0.7200292348861694 
vt 0.09833721071481705 0.7313649654388428 
vt 0.092730313539505 0.6681040525436401 
vt 0.11576733738183975 0.794016420841217 
vt 0.07164351642131805 0.6768801808357239 
vt 0.05214127525687218 0.619835615158081 
vt 0.08090707659721375 0.7416037321090698 
vt 0.08090707659721375 0.7416037321090698 
vt 0.2052338570356369 0.88336181640625 
vt 0.21754464507102966 0.8675161004066467 
vt 0.1723238229751587 0.8274142742156982 
vt 0.1882912963628769 0.8114467263221741 
vt 0.24996712803840637 0.9322397112846375 
vt 0.2581336796283722 0.918344259262085 
vt 0.21754464507102966 0.8675161004066467 
vt 0.2314399927854538 0.8494763970375061 
vt 0.2314399927854538 0.8494763970375061 
vt 0.1882912963628769 0.8114467263221741 
vt 0.2581336796283722 0.918344259262085 
vt 0.2581336796283722 0.918344259262085 
vt 0.31469017267227173 0.9466227293014526 
vt 0.31469017267227173 0.9466227293014526 
vt 0.6199002265930176 0.9471102952957153 
vt 0.5572493076324463 0.9363839626312256 
vt 0.4995957911014557 0.940406322479248 
vt 0.08188219368457794 0.49953019618988037 
vt 0.05933272838592529 0.49953019618988037 
vt 0.06286750733852386 0.5571841597557068 
vt 0.05933272838592529 0.49953019618988037 
vt 0.06286750733852386 0.5571841597557068 
vt 0.8861058354377747 0.33973240852355957 
vt 0.9065831899642944 0.3310782313346863 
vt 0.8814740180969238 0.27915307879447937 
vt 0.13331934809684753 0.6516489386558533 
vt 0.13526956737041473 0.5971640944480896 
vt 0.13331934809684753 0.6516489386558533 
vt 0.15586881339550018 0.6979671120643616 
vt 0.15586881339550018 0.6979671120643616 
vt 0.18512217700481415 0.7411161661148071 
vt 0.1732989400625229 0.6882159113883972 
vt 0.18512217700481415 0.7411161661148071 
vt 0.21912920475006104 0.7801209688186646 
vt 0.5515205264091492 0.10643494874238968 
vt 0.5972288846969604 0.13520099222660065 
vt 0.5515205264091492 0.10643494874238968 
vt 0.4995957911014557 0.10290013998746872 
s on 
f 1/1/1 2/2/2 3/3/3 
f 2/2/2 3/3/3 3/3/3 
f 3/3/3 3/3/3 4/4/4 
f 3/3/3 4/4/4 4/4/4 
f 4/4/4 4/4/4 5/5/5 
f 4/4/4 6/6/6 5/5/5 
f 5/5/5 6/6/6 5/5/5 
f 6/6/6 7/7/7 5/5/5 
f 5/5/5 7/7/7 5/5/5 
f 7/7/7 8/8/8 5/5/5 
f 5/5/5 8/8/8 1/1/1 
f 8/8/8 1/1/1 1/1/1 
f 1/1/1 1/1/1 1/1/1 
f 1/1/1 1/1/1 1/1/1 
f 1/1/1 1/1/1 9/9/9 
f 1/1/1 10/10/10 9/9/9 
f 9/9/9 10/10/10 10/10/10 
f 10/10/10 11/11/11 10/10/10 
f 10/10/10 11/11/11 11/11/11 
f 11/11/11 12/12/12 11/11/11 
f 11/11/11 12/12/12 13/13/13 
f 12/12/12 13/13/13 13/13/13 
f 13/13/13 13/13/13 12/12/12 
f 13/13/13 12/12/12 12/12/12 
f 12/12/12 12/12/12 14/14/14 
f 12/12/12 15/15/15 14/14/14 
f 14/14/14 15/15/15 15/15/15 
f 15/15/15 15/15/15 15/15/15 
f 15/15/15 15/15/15 15/15/15 
f 15/15/15 9/9/9 15/15/15 
f 15/15/15 9/9/9 16/16/16 
f 9/9/9 16/16/16 16/16/16 
f 16/16/16 16/16/16 17/17/17 
f 16/16/16 17/17/17 17/17/17 
f 17/17/17 17/17/17 15/15/15 
f 17/17/17 18/18/18 15/15/15 
f 15/15/15 18/18/18 18/18/18 
f 18/18/18 17/17/17 18/18/18 
f 18/18/18 17/17/17 17/17/17 
f 17/17/17 19/19/19 17/17/17 
f 17/17/17 19/19/19 20/20/20 
f 19/19/19 20/20/20 20/20/20 
f 20/20/20 20/20/20 21/21/21 
f 20/20/20 21/21/21 21/21/21 
f 21/21/21 21/21/21 22/22/22 
f 21/21/21 23/23/23 22/22/22 
f 22/22/22 23/23/23 23/23/23 
f 23/23/23 10/10/10 23/23/23 
f 23/23/23 10/10/10 10/10/10 
f 10/10/10 2/2/2 10/10/10 
f 10/10/10 2/2/2 24/24/24 
f 2/2/2 25/25/25 24/24/24 
f 24/24/24 25/25/25 25/25/25 
f 25/25/25 12/12/12 25/25/25 
f 25/25/25 12/12/12 12/12/12 
f 12/12/12 10/10/10 12/12/12 
f 12/12/12 10/10/10 24/24/24 
f 10/10/10 24/24/24 24/24/24 
f 24/24/24 24/24/24 12/12/12 
f 24/24/24 12/12/12 12/12/12 
f 12/12/12 12/12/12 26/26/26 
f 12/12/12 22/22/22 26/26/26 
f 26/26/26 22/22/22 17/17/17 
f 22/22/22 17/17/17 17/17/17 
f 17/17/17 17/17/17 27/27/27 
f 17/17/17 27/27/27 27/27/27 
f 27/27/27 27/27/27 28/28/28 
f 27/27/27 21/21/21 28/28/28 
f 28/28/28 21/21/21 21/21/21 
f 21/21/21 29/29/29 21/21/21 
f 21/21/21 29/29/29 29/29/29 
f 29/29/29 30/30/30 29/29/29 
f 29/29/29 30/30/30 28/28/28 
f 30/30/30 28/28/28 28/28/28 
f 28/28/28 28/28/28 31/31/31 
f 28/28/28 31/31/31 31/31/31 
f 31/31/31 31/31/31 30/30/30 
f 31/31/31 32/32/32 30/30/30 
f 30/30/30 32/32/32 32/32/32 
f 32/32/32 30/30/30 32/32/32 
f 32/32/32 30/30/30 30/30/30 
f 30/30/30 21/21/21 30/30/30 
f 30/30/30 21/21/21 33/33/33 
f 21/21/21 22/22/22 33/33/33 
f 33/33/33 22/22/22 22/22/22 
f 22/22/22 34/34/34 22/22/22 
f 22/22/22 34/34/34 34/34/34 
f 34/34/34 35/35/35 34/34/34 
f 34/34/34 35/35/35 36/36/36 
f 35/35/35 36/36/36 36/36/36 
f 36/36/36 36/36/36 34/34/34 
f 36/36/36 34/34/34 34/34/34 
f 34/34/34 34/34/34 37/37/37 
f 34/34/34 38/38/38 37/37/37 
f 37/37/37 38/38/38 38/38/38 
f 38/38/38 39/39/39 38/38/38 
f 38/38/38 39/39/39 39/39/39 
f 39/39/39 40/40/40 39/39/39 
f 39/39/39 40/40/40 38/38/38 
f 40/40/40 38/38/38 38/38/38 
f 38/38/38 38/38/38 40/40/40 
f 38/38/38 40/40/40 40/40/40 
f 40/40/40 40/40/40 41/41/41 
f 40/40/40 42/42/42 41/41/41 
f 41/41/41 42/42/42 43/43/43 
f 42/42/42 43/43/43 43/43/43 
f 43/43/43 43/43/43 44/44/44 
f 43/43/43 44/44/44 44/44/44 
f 44/44/44 44/44/44 45/45/45 
f 44/44/44 42/42/42 45/45/45 
f 45/45/45 42/42/42 45/45/45 
f 42/42/42 46/46/46 45/45/45 
f 45/45/45 46/46/46 45/45/45 
f 46/46/46 47/47/47 45/45/45 
f 45/45/45 47/47/47 45/45/45 
f 47/47/47 11/11/11 45/45/45 
f 45/45/45 11/11/11 48/48/48 
f 11/11/11 48/48/48 48/48/48 
f 48/48/48 48/48/48 11/11/11 
f 48/48/48 11/11/11 11/11/11 
f 11/11/11 11/11/11 49/49/49 
f 11/11/11 50/50/50 49/49/49 
f 49/49/49 50/50/50 25/25/25 
f 50/50/50 25/25/25 25/25/25 
f 25/25/25 25/25/25 42/42/42 
f 25/25/25 42/42/42 42/42/42 
f 42/42/42 42/42/42 51/51/51 
f 42/42/42 36/36/36 51/51/51 
f 51/51/51 36/36/36 32/32/32 
f 36/36/36 32/32/32 32/32/32 
f 32/32/32 32/32/32 48/48/48 
f 32/32/32 48/48/48 48/48/48 
f 48/48/48 48/48/48 52/52/52 
f 48/48/48 53/53/53 52/52/52 
f 52/52/52 53/53/53 53/53/53 
f 53/53/53 54/54/54 53/53/53 
f 53/53/53 54/54/54 54/54/54 
f 54/54/54 55/55/55 54/54/54 
f 54/54/54 55/55/55 56/56/56 
f 55/55/55 56/56/56 56/56/56 
f 56/56/56 56/56/56 57/57/57 
f 56/56/56 57/57/57 57/57/57 
f 57/57/57 57/57/57 58/58/58 
f 57/57/57 41/41/41 58/58/58 
f 58/58/58 41/41/41 41/41/41 
f 41/41/41 59/59/59 41/41/41 
f 41/41/41 59/59/59 59/59/59 
f 59/59/59 60/60/60 59/59/59 
f 59/59/59 60/60/60 61/61/61 
f 60/60/60 61/61/61 61/61/61 
f 61/61/61 61/61/61 57/57/57 
f 61/61/61 57/57/57 57/57/57 
f 57/57/57 57/57/57 60/60/60 
f 57/57/57 62/62/62 60/60/60 
f 60/60/60 62/62/62 62/62/62 
f 62/62/62 41/41/41 62/62/62 
f 62/62/62 41/41/41 41/41/41 
f 41/41/41 54/54/54 41/41/41 
f 41/41/41 54/54/54 62/62/62 
f 54/54/54 62/62/62 62/62/62 
f 62/62/62 62/62/62 54/54/54 
f 62/62/62 54/54/54 54/54/54 
f 54/54/54 54/54/54 63/63/63 
f 54/54/54 48/48/48 63/63/63 
f 63/63/63 48/48/48 64/64/64 
f 48/48/48 65/65/65 64/64/64 
f 64/64/64 65/65/65 65/65/65 
f 65/65/65 59/59/59 65/65/65 
f 65/65/65 59/59/59 59/59/59 
f 59/59/59 66/66/66 59/59/59 
f 59/59/59 66/66/66 67/67/67 
f 66/66/66 67/67/67 67/67/67 
f 67/67/67 67/67/67 68/68/68 
f 67/67/67 68/68/68 68/68/68 
f 68/68/68 68/68/68 69/69/69 
f 68/68/68 67/67/67 69/69/69 
f 69/69/69 67/67/67 67/67/67 
f 67/67/67 67/67/67 67/67/67 
f 67/67/67 67/67/67 67/67/67 
f 67/67/67 70/70/70 67/67/67 
f 67/67/67 70/70/70 71/71/71 
f 70/70/70 71/71/71 71/71/71 
f 71/71/71 71/71/71 70/70/70 
f 71/71/71 70/70/70 70/70/70 
f 70/70/70 70/70/70 72/72/72 
f 70/70/70 73/73/73 72/72/72 
f 72/72/72 73/73/73 73/73/73 
f 73/73/73 72/72/72 73/73/73 
f 73/73/73 72/72/72 72/72/72 
f 72/72/72 74/74/74 72/72/72 
f 72/72/72 74/74/74 75/75/75 
f 74/74/74 74/74/74 75/75/75 
f 75/75/75 74/74/74 76/76/76 
f 74/74/74 77/77/77 76/76/76 
f 76/76/76 77/77/77 77/77/77 
f 77/77/77 73/73/73 77/77/77 
f 77/77/77 73/73/73 73/73/73 
f 73/73/73 74/74/74 73/73/73 
f 73/73/73 74/74/74 78/78/78 
f 74/74/74 78/78/78 78/78/78 
f 78/78/78 78/78/78 75/75/75 
f 78/78/78 75/75/75 75/75/75 
f 75/75/75 75/75/75 78/78/78 
f 75/75/75 79/79/79 78/78/78 
f 78/78/78 79/79/79 78/78/78 
f 79/79/79 80/80/80 78/78/78 
f 78/78/78 80/80/80 70/70/70 
f 80/80/80 70/70/70 70/70/70 
f 70/70/70 70/70/70 79/79/79 
f 70/70/70 79/79/79 79/79/79 
f 79/79/79 79/79/79 81/81/81 
f 79/79/79 82/82/82 81/81/81 
f 81/81/81 82/82/82 83/83/83 
f 82/82/82 84/84/84 83/83/83 
f 83/83/83 84/84/84 83/83/83 
f 84/84/84 85/85/85 83/83/83 
f 83/83/83 85/85/85 86/86/86 
f 85/85/85 86/86/86 86/86/86 
f 86/86/86 86/86/86 67/67/67 
f 86/86/86 67/67/67 67/67/67 
f 67/67/67 67/67/67 83/83/83 
f 67/67/67 81/81/81 83/83/83 
f 83/83/83 81/81/81 81/81/81 
f 81/81/81 87/87/87 81/81/81 
f 81/81/81 87/87/87 87/87/87 
f 87/87/87 88/88/88 87/87/87 
f 87/87/87 88/88/88 89/89/89 
f 88/88/88 89/89/89 89/89/89 
f 89/89/89 89/89/89 90/90/90 
f 89/89/89 90/90/90 90/90/90 
f 90/90/90 90/90/90 91/91/91 
f 90/90/90 92/92/92 91/91/91 
f 91/91/91 92/92/92 87/87/87 
f 92/92/92 87/87/87 87/87/87 
f 87/87/87 87/87/87 93/93/93 
f 87/87/87 93/93/93 93/93/93 
f 93/93/93 93/93/93 94/94/94 
f 93/93/93 95/95/95 94/94/94 
f 94/94/94 95/95/95 95/95/95 
f 95/95/95 93/93/93 95/95/95 
f 95/95/95 93/93/93 93/93/93 
f 93/93/93 96/96/96 93/93/93 
f 93/93/93 96/96/96 97/97/97 
f 96/96/96 97/97/97 97/97/97 
f 97/97/97 97/97/97 98/98/98 
f 97/97/97 98/98/98 98/98/98 
f 98/98/98 98/98/98 97/97/97 
f 98/98/98 99/99/99 97/97/97 
f 97/97/97 99/99/99 99/99/99 
f 99/99/99 100/100/100 99/99/99 
f 99/99/99 100/100/100 100/100/100 
f 100/100/100 101/101/101 100/100/100 
f 100/100/100 101/101/101 98/98/98 
f 101/101/101 101/101/101 98/98/98 
f 98/98/98 101/101/101 102/102/102 
f 101/101/101 101/101/101 102/102/102 
f 102/102/102 101/101/101 103/103/103 
f 101/101/101 104/104/104 103/103/103 
f 103/103/103 104/104/104 104/104/104 
f 104/104/104 101/101/101 104/104/104 
f 104/104/104 101/101/101 101/101/101 
f 101/101/101 105/105/105 101/101/101 
f 101/101/101 105/105/105 106/106/106 
f 105/105/105 106/106/106 106/106/106 
f 106/106/106 106/106/106 101/101/101 
f 106/106/106 101/101/101 101/101/101 
f 101/101/101 101/101/101 107/107/107 
f 101/101/101 108/108/108 107/107/107 
f 107/107/107 108/108/108 109/109/109 
f 108/108/108 109/109/109 109/109/109 
f 109/109/109 109/109/109 109/109/109 
f 109/109/109 109/109/109 109/109/109 
f 109/109/109 109/109/109 110/110/110 
f 109/109/109 111/111/111 110/110/110 
f 110/110/110 111/111/111 111/111/111 
f 111/111/111 86/86/86 111/111/111 
f 111/111/111 86/86/86 86/86/86 
f 86/86/86 112/112/112 86/86/86 
f 86/86/86 112/112/112 67/67/67 
f 112/112/112 113/113/113 67/67/67 
f 67/67/67 113/113/113 113/113/113 
f 113/113/113 112/112/112 113/113/113 
f 113/113/113 112/112/112 112/112/112 
f 112/112/112 86/86/86 112/112/112 
f 112/112/112 86/86/86 88/88/88 
f 86/86/86 91/91/91 88/88/88 
f 88/88/88 91/91/91 91/91/91 
f 91/91/91 114/114/114 91/91/91 
f 91/91/91 114/114/114 114/114/114 
f 114/114/114 92/92/92 114/114/114 
f 114/114/114 92/92/92 95/95/95 
f 92/92/92 96/96/96 95/95/95 
f 95/95/95 96/96/96 96/96/96 
f 96/96/96 115/115/115 96/96/96 
f 96/96/96 115/115/115 115/115/115 
f 115/115/115 102/102/102 115/115/115 
f 115/115/115 102/102/102 116/116/116 
f 102/102/102 116/116/116 116/116/116 
f 116/116/116 116/116/116 117/117/117 
f 116/116/116 117/117/117 117/117/117 
f 117/117/117 117/117/117 118/118/118 
f 117/117/117 116/116/116 118/118/118 
f 118/118/118 116/116/116 116/116/116 
f 116/116/116 119/119/119 116/116/116 
f 116/116/116 119/119/119 119/119/119 
f 119/119/119 115/115/115 119/119/119 
f 119/119/119 115/115/115 120/120/120 
f 115/115/115 115/115/115 120/120/120 
f 120/120/120 115/115/115 121/121/121 
f 115/115/115 115/115/115 121/121/121 
f 121/121/121 115/115/115 122/122/122 
f 115/115/115 115/115/115 122/122/122 
f 122/122/122 115/115/115 123/123/123 
f 115/115/115 124/124/124 123/123/123 
f 123/123/123 124/124/124 124/124/124 
f 124/124/124 123/123/123 124/124/124 
f 124/124/124 123/123/123 123/123/123 
f 123/123/123 125/125/125 123/123/123 
f 123/123/123 125/125/125 126/126/126 
f 125/125/125 126/126/126 126/126/126 
f 126/126/126 126/126/126 123/123/123 
f 126/126/126 123/123/123 123/123/123 
f 123/123/123 123/123/123 127/127/127 
f 123/123/123 117/117/117 127/127/127 
f 127/127/127 117/117/117 128/128/128 
f 117/117/117 128/128/128 128/128/128 
f 128/128/128 128/128/128 129/129/129 
f 128/128/128 129/129/129 129/129/129 
f 129/129/129 129/129/129 130/130/130 
f 129/129/129 117/117/117 130/130/130 
f 130/130/130 117/117/117 117/117/117 
f 117/117/117 117/117/117 117/117/117 
f 117/117/117 117/117/117 117/117/117 
f 117/117/117 131/131/131 117/117/117 
f 117/117/117 131/131/131 132/132/132 
f 131/131/131 132/132/132 132/132/132 
f 132/132/132 132/132/132 132/132/132 
f 132/132/132 132/132/132 132/132/132 
f 132/132/132 132/132/132 133/133/133 
f 132/132/132 118/118/118 133/133/133 
f 133/133/133 118/118/118 134/134/134 
f 118/118/118 103/103/103 134/134/134 
f 134/134/134 103/103/103 134/134/134 
f 103/103/103 135/135/135 134/134/134 
f 134/134/134 135/135/135 111/111/111 
f 135/135/135 111/111/111 111/111/111 
f 111/111/111 111/111/111 129/129/129 
f 111/111/111 129/129/129 129/129/129 
f 129/129/129 129/129/129 136/136/136 
f 129/129/129 137/137/137 136/136/136 
f 136/136/136 137/137/137 137/137/137 
f 137/137/137 138/138/138 137/137/137 
f 137/137/137 138/138/138 138/138/138 
f 138/138/138 137/137/137 138/138/138 
f 138/138/138 137/137/137 139/139/139 
f 137/137/137 139/139/139 139/139/139 
f 139/139/139 139/139/139 140/140/140 
f 139/139/139 140/140/140 140/140/140 
f 140/140/140 140/140/140 138/138/138 
f 140/140/140 129/129/129 138/138/138 
f 138/138/138 129/129/129 129/129/129 
f 129/129/129 141/141/141 129/129/129 
f 129/129/129 141/141/141 141/141/141 
f 141/141/141 140/140/140 141/141/141 
f 141/141/141 140/140/140 142/142/142 
f 140/140/140 142/142/142 142/142/142 
f 142/142/142 142/142/142 140/140/140 
f 142/142/142 140/140/140 140/140/140 
f 140/140/140 140/140/140 143/143/143 
f 140/140/140 144/144/144 143/143/143 
f 143/143/143 144/144/144 144/144/144 
f 144/144/144 140/140/140 144/144/144 
f 144/144/144 140/140/140 140/140/140 
f 140/140/140 145/145/145 140/140/140 
f 140/140/140 145/145/145 146/146/146 
f 145/145/145 147/147/147 146/146/146 
f 146/146/146 147/147/147 148/148/148 
f 147/147/147 148/148/148 148/148/148 
f 148/148/148 148/148/148 149/149/149 
f 148/148/148 149/149/149 149/149/149 
f 149/149/149 149/149/149 150/150/150 
f 149/149/149 147/147/147 150/150/150 
f 150/150/150 147/147/147 151/151/151 
f 147/147/147 147/147/147 151/151/151 
f 151/151/151 147/147/147 152/152/152 
f 147/147/147 145/145/145 152/152/152 
f 152/152/152 145/145/145 145/145/145 
f 145/145/145 153/153/153 145/145/145 
f 145/145/145 153/153/153 153/153/153 
f 153/153/153 150/150/150 153/153/153 
f 153/153/153 150/150/150 154/154/154 
f 150/150/150 155/155/155 154/154/154 
f 154/154/154 155/155/155 156/156/156 
f 155/155/155 157/157/157 156/156/156 
f 156/156/156 157/157/157 158/158/158 
f 157/157/157 158/158/158 158/158/158 
f 158/158/158 158/158/158 157/157/157 
f 158/158/158 157/157/157 157/157/157 
f 157/157/157 157/157/157 159/159/159 
f 157/157/157 155/155/155 159/159/159 
f 159/159/159 155/155/155 160/160/160 
f 155/155/155 161/161/161 160/160/160 
f 160/160/160 161/161/161 161/161/161 
f 161/161/161 159/159/159 161/161/161 
f 161/161/161 159/159/159 159/159/159 
f 159/159/159 160/160/160 159/159/159 
f 159/159/159 160/160/160 162/162/162 
f 160/160/160 163/163/163 162/162/162 
f 162/162/162 163/163/163 164/164/164 
f 163/163/163 164/164/164 164/164/164 
f 164/164/164 164/164/164 165/165/165 
f 164/164/164 165/165/165 165/165/165 
f 165/165/165 165/165/165 160/160/160 
f 165/165/165 151/151/151 160/160/160 
f 160/160/160 151/151/151 163/163/163 
f 151/151/151 163/163/163 163/163/163 
f 163/163/163 163/163/163 166/166/166 
f 163/163/163 166/166/166 166/166/166 
f 166/166/166 166/166/166 152/152/152 
f 166/166/166 151/151/151 152/152/152 
f 152/152/152 151/151/151 151/151/151 
f 151/151/151 167/167/167 151/151/151 
f 151/151/151 167/167/167 167/167/167 
f 167/167/167 166/166/166 167/167/167 
f 167/167/167 166/166/166 163/163/163 
f 166/166/166 166/166/166 163/163/163 
f 163/163/163 166/166/166 168/168/168 
f 166/166/166 166/166/166 168/168/168 
f 168/168/168 166/166/166 169/169/169 
f 166/166/166 170/170/170 169/169/169 
f 169/169/169 170/170/170 171/171/171 
f 170/170/170 172/172/172 171/171/171 
f 171/171/171 172/172/172 172/172/172 
f 172/172/172 164/164/164 172/172/172 
f 172/172/172 164/164/164 164/164/164 
f 164/164/164 173/173/173 164/164/164 
f 164/164/164 173/173/173 168/168/168 
f 173/173/173 168/168/168 168/168/168 
f 168/168/168 168/168/168 174/174/174 
f 168/168/168 174/174/174 174/174/174 
f 174/174/174 174/174/174 170/170/170 
f 174/174/174 152/152/152 170/170/170 
f 170/170/170 152/152/152 175/175/175 
f 152/152/152 145/145/145 175/175/175 
f 175/175/175 145/145/145 176/176/176 
f 145/145/145 177/177/177 176/176/176 
f 176/176/176 177/177/177 177/177/177 
f 177/177/177 178/178/178 177/177/177 
f 177/177/177 178/178/178 178/178/178 
f 178/178/178 179/179/179 178/178/178 
f 178/178/178 179/179/179 175/175/175 
f 179/179/179 179/179/179 175/175/175 
f 175/175/175 179/179/179 172/172/172 
f 179/179/179 180/180/180 172/172/172 
f 172/172/172 180/180/180 180/180/180 
f 180/180/180 181/181/181 180/180/180 
f 180/180/180 181/181/181 181/181/181 
f 181/181/181 182/182/182 181/181/181 
f 181/181/181 182/182/182 183/183/183 
f 182/182/182 183/183/183 183/183/183 
f 183/183/183 183/183/183 184/184/184 
f 183/183/183 184/184/184 184/184/184 
f 184/184/184 184/184/184 182/182/182 
f 184/184/184 169/169/169 182/182/182 
f 182/182/182 169/169/169 169/169/169 
f 169/169/169 185/185/185 169/169/169 
f 169/169/169 185/185/185 185/185/185 
f 185/185/185 186/186/186 185/185/185 
f 185/185/185 186/186/186 183/183/183 
f 186/186/186 183/183/183 183/183/183 
f 183/183/183 183/183/183 187/187/187 
f 183/183/183 187/187/187 187/187/187 
f 187/187/187 187/187/187 170/170/170 
f 187/187/187 188/188/188 170/170/170 
f 170/170/170 188/188/188 188/188/188 
f 188/188/188 189/189/189 188/188/188 
f 188/188/188 189/189/189 189/189/189 
f 189/189/189 188/188/188 189/189/189 
f 189/189/189 188/188/188 190/190/190 
f 188/188/188 190/190/190 190/190/190 
f 190/190/190 190/190/190 188/188/188 
f 190/190/190 188/188/188 188/188/188 
f 188/188/188 188/188/188 171/171/171 
f 188/188/188 191/191/191 171/171/171 
f 171/171/171 191/191/191 183/183/183 
f 191/191/191 183/183/183 183/183/183 
f 183/183/183 183/183/183 189/189/189 
f 183/183/183 189/189/189 189/189/189 
f 189/189/189 189/189/189 183/183/183 
f 189/189/189 192/192/192 183/183/183 
f 183/183/183 192/192/192 192/192/192 
f 192/192/192 192/192/192 192/192/192 
f 192/192/192 192/192/192 192/192/192 
f 192/192/192 191/191/191 192/192/192 
f 192/192/192 191/191/191 193/193/193 
f 191/191/191 193/193/193 193/193/193 
f 193/193/193 193/193/193 192/192/192 
f 193/193/193 192/192/192 192/192/192 
f 192/192/192 192/192/192 194/194/194 
f 192/192/192 195/195/195 194/194/194 
f 194/194/194 195/195/195 195/195/195 
f 195/195/195 189/189/189 195/195/195 
f 195/195/195 189/189/189 189/189/189 
f 189/189/189 196/196/196 189/189/189 
f 189/189/189 196/196/196 195/195/195 
f 196/196/196 195/195/195 195/195/195 
f 195/195/195 195/195/195 195/195/195 
f 195/195/195 195/195/195 195/195/195 
f 195/195/195 195/195/195 197/197/197 
f 195/195/195 198/198/198 197/197/197 
f 197/197/197 198/198/198 198/198/198 
f 198/198/198 195/195/195 198/198/198 
f 198/198/198 195/195/195 195/195/195 
f 195/195/195 199/199/199 195/195/195 
f 195/195/195 199/199/199 200/200/200 
f 199/199/199 200/200/200 200/200/200 
f 200/200/200 200/200/200 200/200/200 
f 200/200/200 200/200/200 200/200/200 
f 200/200/200 200/200/200 201/201/201 
f 200/200/200 202/202/202 201/201/201 
f 201/201/201 202/202/202 202/202/202 
f 202/202/202 203/203/203 202/202/202 
f 202/202/202 203/203/203 203/203/203 
f 203/203/203 200/200/200 203/203/203 
f 203/203/203 200/200/200 204/204/204 
f 200/200/200 204/204/204 204/204/204 
f 204/204/204 204/204/204 200/200/200 
f 204/204/204 200/200/200 200/200/200 
f 200/200/200 200/200/200 205/205/205 
f 200/200/200 206/206/206 205/205/205 
f 205/205/205 206/206/206 206/206/206 
f 206/206/206 207/207/207 206/206/206 
f 206/206/206 207/207/207 207/207/207 
f 207/207/207 206/206/206 207/207/207 
f 207/207/207 206/206/206 208/208/208 
f 206/206/206 198/198/198 208/208/208 
f 208/208/208 198/198/198 198/198/198 
f 198/198/198 206/206/206 198/198/198 
f 198/198/198 206/206/206 206/206/206 
f 206/206/206 209/209/209 206/206/206 
f 206/206/206 209/209/209 210/210/210 
f 209/209/209 210/210/210 210/210/210 
f 210/210/210 210/210/210 208/208/208 
f 210/210/210 208/208/208 208/208/208 
f 208/208/208 208/208/208 211/211/211 
f 208/208/208 212/212/212 211/211/211 
f 211/211/211 212/212/212 212/212/212 
f 212/212/212 208/208/208 212/212/212 
f 212/212/212 208/208/208 208/208/208 
f 208/208/208 213/213/213 208/208/208 
f 208/208/208 213/213/213 209/209/209 
f 213/213/213 209/209/209 209/209/209 
f 209/209/209 209/209/209 214/214/214 
f 209/209/209 214/214/214 214/214/214 
f 214/214/214 214/214/214 141/141/141 
f 214/214/214 212/212/212 141/141/141 
f 141/141/141 212/212/212 215/215/215 
f 212/212/212 216/216/216 215/215/215 
f 215/215/215 216/216/216 216/216/216 
f 216/216/216 198/198/198 216/216/216 
f 216/216/216 198/198/198 198/198/198 
f 198/198/198 215/215/215 198/198/198 
f 198/198/198 215/215/215 217/217/217 
f 215/215/215 217/217/217 217/217/217 
f 217/217/217 217/217/217 218/218/218 
f 217/217/217 218/218/218 218/218/218 
f 218/218/218 218/218/218 219/219/219 
f 218/218/218 212/212/212 219/219/219 
f 219/219/219 212/212/212 219/219/219 
f 212/212/212 143/143/143 219/219/219 
f 219/219/219 143/143/143 220/220/220 
f 143/143/143 221/221/221 220/220/220 
f 220/220/220 221/221/221 221/221/221 
f 221/221/221 221/221/221 221/221/221 
f 221/221/221 221/221/221 221/221/221 
f 221/221/221 222/222/222 221/221/221 
f 221/221/221 222/222/222 223/223/223 
f 222/222/222 223/223/223 223/223/223 
f 223/223/223 223/223/223 224/224/224 
f 223/223/223 224/224/224 224/224/224 
f 224/224/224 224/224/224 223/223/223 
f 224/224/224 225/225/225 223/223/223 
f 223/223/223 225/225/225 225/225/225 
f 225/225/225 225/225/225 225/225/225 
f 225/225/225 225/225/225 225/225/225 
f 225/225/225 226/226/226 225/225/225 
f 225/225/225 226/226/226 220/220/220 
f 226/226/226 220/220/220 220/220/220 
f 220/220/220 220/220/220 224/224/224 
f 220/220/220 224/224/224 224/224/224 
f 224/224/224 224/224/224 222/222/222 
f 224/224/224 220/220/220 222/222/222 
f 222/222/222 220/220/220 220/220/220 
f 220/220/220 225/225/225 220/220/220 
f 220/220/220 225/225/225 225/225/225 
f 225/225/225 227/227/227 225/225/225 
f 225/225/225 227/227/227 219/219/219 
f 227/227/227 227/227/227 219/219/219 
f 219/219/219 227/227/227 213/213/213 
f 227/227/227 228/228/228 213/213/213 
f 213/213/213 228/228/228 228/228/228 
f 228/228/228 229/229/229 228/228/228 
f 228/228/228 229/229/229 229/229/229 
f 229/229/229 230/230/230 229/229/229 
f 229/229/229 230/230/230 213/213/213 
f 230/230/230 213/213/213 213/213/213 
f 213/213/213 213/213/213 229/229/229 
f 213/213/213 229/229/229 229/229/229 
f 229/229/229 229/229/229 209/209/209 
f 229/229/229 231/231/231 209/209/209 
f 209/209/209 231/231/231 232/232/232 
f 231/231/231 232/232/232 232/232/232 
f 232/232/232 232/232/232 231/231/231 
f 232/232/232 231/231/231 231/231/231 
f 231/231/231 231/231/231 233/233/233 
f 231/231/231 234/234/234 233/233/233 
f 233/233/233 234/234/234 234/234/234 
f 234/234/234 202/202/202 234/234/234 
f 234/234/234 202/202/202 202/202/202 
f 202/202/202 234/234/234 202/202/202 
f 202/202/202 234/234/234 235/235/235 
f 234/234/234 236/236/236 235/235/235 
f 235/235/235 236/236/236 237/237/237 
f 236/236/236 238/238/238 237/237/237 
f 237/237/237 238/238/238 239/239/239 
f 238/238/238 239/239/239 239/239/239 
f 239/239/239 239/239/239 238/238/238 
f 239/239/239 238/238/238 238/238/238 
f 238/238/238 238/238/238 240/240/240 
f 238/238/238 241/241/241 240/240/240 
f 240/240/240 241/241/241 242/242/242 
f 241/241/241 243/243/243 242/242/242 
f 242/242/242 243/243/243 243/243/243 
f 243/243/243 244/244/244 243/243/243 
f 243/243/243 244/244/244 244/244/244 
f 244/244/244 245/245/245 244/244/244 
f 244/244/244 245/245/245 246/246/246 
f 245/245/245 245/245/245 246/246/246 
f 246/246/246 245/245/245 247/247/247 
f 245/245/245 248/248/248 247/247/247 
f 247/247/247 248/248/248 249/249/249 
f 248/248/248 248/248/248 249/249/249 
f 249/249/249 248/248/248 242/242/242 
f 248/248/248 248/248/248 242/242/242 
f 242/242/242 248/248/248 250/250/250 
f 248/248/248 251/251/251 250/250/250 
f 250/250/250 251/251/251 252/252/252 
f 251/251/251 252/252/252 252/252/252 
f 252/252/252 252/252/252 248/248/248 
f 252/252/252 248/248/248 248/248/248 
f 248/248/248 248/248/248 251/251/251 
f 248/248/248 245/245/245 251/251/251 
f 251/251/251 245/245/245 253/253/253 
f 245/245/245 253/253/253 253/253/253 
f 253/253/253 253/253/253 252/252/252 
f 253/253/253 252/252/252 252/252/252 
f 252/252/252 252/252/252 254/254/254 
f 252/252/252 255/255/255 254/254/254 
f 254/254/254 255/255/255 255/255/255 
f 255/255/255 256/256/256 255/255/255 
f 255/255/255 256/256/256 256/256/256 
f 256/256/256 257/257/257 256/256/256 
f 256/256/256 257/257/257 255/255/255 
f 257/257/257 250/250/250 255/255/255 
f 255/255/255 250/250/250 250/250/250 
f 250/250/250 258/258/258 250/250/250 
f 250/250/250 258/258/258 258/258/258 
f 258/258/258 259/259/259 258/258/258 
f 258/258/258 259/259/259 255/255/255 
f 259/259/259 255/255/255 255/255/255 
f 255/255/255 255/255/255 258/258/258 
f 255/255/255 258/258/258 258/258/258 
f 258/258/258 258/258/258 260/260/260 
f 258/258/258 261/261/261 260/260/260 
f 260/260/260 261/261/261 261/261/261 
f 261/261/261 262/262/262 261/261/261 
f 261/261/261 262/262/262 262/262/262 
f 262/262/262 258/258/258 262/262/262 
f 262/262/262 258/258/258 263/263/263 
f 258/258/258 263/263/263 263/263/263 
f 263/263/263 263/263/263 264/264/264 
f 263/263/263 264/264/264 264/264/264 
f 264/264/264 264/264/264 251/251/251 
f 264/264/264 263/263/263 251/251/251 
f 251/251/251 263/263/263 263/263/263 
f 263/263/263 262/262/262 263/263/263 
f 263/263/263 262/262/262 262/262/262 
f 262/262/262 265/265/265 262/262/262 
f 262/262/262 265/265/265 264/264/264 
f 265/265/265 264/264/264 264/264/264 
f 264/264/264 264/264/264 264/264/264 
f 264/264/264 264/264/264 264/264/264 
f 264/264/264 264/264/264 266/266/266 
f 264/264/264 267/267/267 266/266/266 
f 266/266/266 267/267/267 267/267/267 
f 267/267/267 266/266/266 267/267/267 
f 267/267/267 266/266/266 266/266/266 
f 266/266/266 268/268/268 266/266/266 
f 266/266/266 268/268/268 269/269/269 
f 268/268/268 270/270/270 269/269/269 
f 269/269/269 270/270/270 270/270/270 
f 270/270/270 270/270/270 270/270/270 
f 270/270/270 270/270/270 270/270/270 
f 270/270/270 271/271/271 270/270/270 
f 270/270/270 271/271/271 272/272/272 
f 271/271/271 272/272/272 272/272/272 
f 272/272/272 272/272/272 269/269/269 
f 272/272/272 269/269/269 269/269/269 
f 269/269/269 269/269/269 273/273/273 
f 269/269/269 274/274/274 273/273/273 
f 273/273/273 274/274/274 274/274/274 
f 274/274/274 275/275/275 274/274/274 
f 274/274/274 275/275/275 275/275/275 
f 275/275/275 262/262/262 275/275/275 
f 275/275/275 262/262/262 274/274/274 
f 262/262/262 274/274/274 274/274/274 
f 274/274/274 274/274/274 275/275/275 
f 274/274/274 275/275/275 275/275/275 
f 275/275/275 275/275/275 276/276/276 
f 275/275/275 277/277/277 276/276/276 
f 276/276/276 277/277/277 277/277/277 
f 277/277/277 278/278/278 277/277/277 
f 277/277/277 278/278/278 278/278/278 
f 278/278/278 275/275/275 278/278/278 
f 278/278/278 275/275/275 279/279/279 
f 275/275/275 279/279/279 279/279/279 
f 279/279/279 279/279/279 280/280/280 
f 279/279/279 280/280/280 280/280/280 
f 280/280/280 280/280/280 279/279/279 
f 280/280/280 281/281/281 279/279/279 
f 279/279/279 281/281/281 281/281/281 
f 281/281/281 282/282/282 281/281/281 
f 281/281/281 282/282/282 282/282/282 
f 282/282/282 279/279/279 282/282/282 
f 282/282/282 279/279/279 283/283/283 
f 279/279/279 283/283/283 283/283/283 
f 283/283/283 283/283/283 284/284/284 
f 283/283/283 284/284/284 284/284/284 
f 284/284/284 284/284/284 285/285/285 
f 284/284/284 283/283/283 285/285/285 
f 285/285/285 283/283/283 285/285/285 
f 283/283/283 280/280/280 285/285/285 
f 285/285/285 280/280/280 286/286/286 
f 280/280/280 287/287/287 286/286/286 
f 286/286/286 287/287/287 286/286/286 
f 287/287/287 288/288/288 286/286/286 
f 286/286/286 288/288/288 286/286/286 
f 288/288/288 289/289/289 286/286/286 
f 286/286/286 289/289/289 290/290/290 
f 289/289/289 291/291/291 290/290/290 
f 290/290/290 291/291/291 291/291/291 
f 291/291/291 280/280/280 291/291/291 
f 291/291/291 280/280/280 280/280/280 
f 280/280/280 292/292/292 280/280/280 
f 280/280/280 292/292/292 287/287/287 
f 292/292/292 287/287/287 287/287/287 
f 287/287/287 287/287/287 293/293/293 
f 287/287/287 293/293/293 293/293/293 
f 293/293/293 293/293/293 290/290/290 
f 293/293/293 286/286/286 290/290/290 
f 290/290/290 286/286/286 286/286/286 
f 286/286/286 294/294/294 286/286/286 
f 286/286/286 294/294/294 294/294/294 
f 294/294/294 295/295/295 294/294/294 
f 294/294/294 295/295/295 296/296/296 
f 295/295/295 297/297/297 296/296/296 
f 296/296/296 297/297/297 296/296/296 
f 297/297/297 298/298/298 296/296/296 
f 296/296/296 298/298/298 299/299/299 
f 298/298/298 300/300/300 299/299/299 
f 299/299/299 300/300/300 301/301/301 
f 300/300/300 301/301/301 301/301/301 
f 301/301/301 301/301/301 297/297/297 
f 301/301/301 297/297/297 297/297/297 
f 297/297/297 297/297/297 302/302/302 
f 297/297/297 295/295/295 302/302/302 
f 302/302/302 295/295/295 290/290/290 
f 295/295/295 303/303/303 290/290/290 
f 290/290/290 303/303/303 285/285/285 
f 303/303/303 285/285/285 285/285/285 
f 285/285/285 285/285/285 300/300/300 
f 285/285/285 300/300/300 300/300/300 
f 300/300/300 300/300/300 304/304/304 
f 300/300/300 305/305/305 304/304/304 
f 304/304/304 305/305/305 305/305/305 
f 305/305/305 306/306/306 305/305/305 
f 305/305/305 306/306/306 306/306/306 
f 306/306/306 168/168/168 306/306/306 
f 306/306/306 168/168/168 307/307/307 
f 168/168/168 308/308/308 307/307/307 
f 307/307/307 308/308/308 305/305/305 
f 308/308/308 309/309/309 305/305/305 
f 305/305/305 309/309/309 309/309/309 
f 309/309/309 169/169/169 309/309/309 
f 309/309/309 169/169/169 169/169/169 
f 169/169/169 308/308/308 169/169/169 
f 169/169/169 308/308/308 168/168/168 
f 308/308/308 168/168/168 168/168/168 
f 168/168/168 168/168/168 310/310/310 
f 168/168/168 310/310/310 310/310/310 
f 310/310/310 310/310/310 308/308/308 
f 310/310/310 184/184/184 308/308/308 
f 308/308/308 184/184/184 301/301/301 
f 184/184/184 301/301/301 301/301/301 
f 301/301/301 301/301/301 311/311/311 
f 301/301/301 311/311/311 311/311/311 
f 311/311/311 311/311/311 309/309/309 
f 311/311/311 299/299/299 309/309/309 
f 309/309/309 299/299/299 299/299/299 
f 299/299/299 312/312/312 299/299/299 
f 299/299/299 312/312/312 312/312/312 
f 312/312/312 313/313/313 312/312/312 
f 312/312/312 313/313/313 299/299/299 
f 313/313/313 296/296/296 299/299/299 
f 299/299/299 296/296/296 296/296/296 
f 296/296/296 313/313/313 296/296/296 
f 296/296/296 313/313/313 313/313/313 
f 313/313/313 314/314/314 313/313/313 
f 313/313/313 314/314/314 315/315/315 
f 314/314/314 315/315/315 315/315/315 
f 315/315/315 315/315/315 313/313/313 
f 315/315/315 313/313/313 313/313/313 
f 313/313/313 313/313/313 316/316/316 
f 313/313/313 317/317/317 316/316/316 
f 316/316/316 317/317/317 317/317/317 
f 317/317/317 318/318/318 317/317/317 
f 317/317/317 318/318/318 318/318/318 
f 318/318/318 319/319/319 318/318/318 
f 318/318/318 319/319/319 296/296/296 
f 319/319/319 296/296/296 296/296/296 
f 296/296/296 296/296/296 320/320/320 
f 296/296/296 320/320/320 320/320/320 
f 320/320/320 320/320/320 319/319/319 
f 320/320/320 321/321/321 319/319/319 
f 319/319/319 321/321/321 319/319/319 
f 321/321/321 322/322/322 319/319/319 
f 319/319/319 322/322/322 319/319/319 
f 322/322/322 303/303/303 319/319/319 
f 319/319/319 303/303/303 295/295/295 
f 303/303/303 295/295/295 295/295/295 
f 295/295/295 295/295/295 303/303/303 
f 295/295/295 303/303/303 303/303/303 
f 303/303/303 303/303/303 323/323/323 
f 303/303/303 324/324/324 323/323/323 
f 323/323/323 324/324/324 324/324/324 
f 324/324/324 285/285/285 324/324/324 
f 324/324/324 285/285/285 285/285/285 
f 285/285/285 325/325/325 285/285/285 
f 285/285/285 325/325/325 323/323/323 
f 325/325/325 323/323/323 323/323/323 
f 323/323/323 323/323/323 326/326/326 
f 323/323/323 326/326/326 326/326/326 
f 326/326/326 326/326/326 327/327/327 
f 326/326/326 283/283/283 327/327/327 
f 327/327/327 283/283/283 327/327/327 
f 283/283/283 323/323/323 327/327/327 
f 327/327/327 323/323/323 259/259/259 
f 323/323/323 328/328/328 259/259/259 
f 259/259/259 328/328/328 259/259/259 
f 328/328/328 329/329/329 259/259/259 
f 259/259/259 329/329/329 330/330/330 
f 329/329/329 330/330/330 330/330/330 
f 330/330/330 330/330/330 259/259/259 
f 330/330/330 259/259/259 259/259/259 
f 259/259/259 259/259/259 331/331/331 
f 259/259/259 332/332/332 331/331/331 
f 331/331/331 332/332/332 332/332/332 
f 332/332/332 329/329/329 332/332/332 
f 332/332/332 329/329/329 329/329/329 
f 329/329/329 333/333/333 329/329/329 
f 329/329/329 333/333/333 332/332/332 
f 333/333/333 332/332/332 332/332/332 
f 332/332/332 332/332/332 334/334/334 
f 332/332/332 334/334/334 334/334/334 
f 334/334/334 334/334/334 335/335/335 
f 334/334/334 329/329/329 335/335/335 
f 335/335/335 329/329/329 335/335/335 
f 329/329/329 336/336/336 335/335/335 
f 335/335/335 336/336/336 335/335/335 
f 336/336/336 186/186/186 335/335/335 
f 335/335/335 186/186/186 335/335/335 
f 186/186/186 192/192/192 335/335/335 
f 335/335/335 192/192/192 337/337/337 
f 192/192/192 337/337/337 337/337/337 
f 337/337/337 337/337/337 338/338/338 
f 337/337/337 338/338/338 338/338/338 
f 338/338/338 338/338/338 336/336/336 
f 338/338/338 328/328/328 336/336/336 
f 336/336/336 328/328/328 328/328/328 
f 328/328/328 335/335/335 328/328/328 
f 328/328/328 335/335/335 335/335/335 
f 335/335/335 339/339/339 335/335/335 
f 335/335/335 339/339/339 340/340/340 
f 339/339/339 340/340/340 340/340/340 
f 340/340/340 340/340/340 341/341/341 
f 340/340/340 341/341/341 341/341/341 
f 341/341/341 341/341/341 186/186/186 
f 341/341/341 342/342/342 186/186/186 
f 186/186/186 342/342/342 342/342/342 
f 342/342/342 301/301/301 342/342/342 
f 342/342/342 301/301/301 301/301/301 
f 301/301/301 343/343/343 301/301/301 
f 301/301/301 343/343/343 341/341/341 
f 343/343/343 344/344/344 341/341/341 
f 341/341/341 344/344/344 344/344/344 
f 344/344/344 333/333/333 344/344/344 
f 344/344/344 333/333/333 333/333/333 
f 333/333/333 345/345/345 333/333/333 
f 333/333/333 345/345/345 346/346/346 
f 345/345/345 346/346/346 346/346/346 
f 346/346/346 346/346/346 345/345/345 
f 346/346/346 345/345/345 345/345/345 
f 345/345/345 345/345/345 347/347/347 
f 345/345/345 348/348/348 347/347/347 
f 347/347/347 348/348/348 348/348/348 
f 348/348/348 345/345/345 348/348/348 
f 348/348/348 345/345/345 345/345/345 
f 345/345/345 349/349/349 345/345/345 
f 345/345/345 349/349/349 203/203/203 
f 349/349/349 203/203/203 203/203/203 
f 203/203/203 203/203/203 203/203/203 
f 203/203/203 203/203/203 203/203/203 
f 203/203/203 203/203/203 350/350/350 
f 203/203/203 235/235/235 350/350/350 
f 350/350/350 235/235/235 235/235/235 
f 235/235/235 351/351/351 235/235/235 
f 235/235/235 351/351/351 351/351/351 
f 351/351/351 352/352/352 351/351/351 
f 351/351/351 352/352/352 353/353/353 
f 352/352/352 354/354/354 353/353/353 
f 353/353/353 354/354/354 353/353/353 
f 354/354/354 333/333/333 353/353/353 
f 353/353/353 333/333/333 353/353/353 
f 333/333/333 203/203/203 353/353/353 
f 353/353/353 203/203/203 353/353/353 
f 203/203/203 237/237/237 353/353/353 
f 353/353/353 237/237/237 240/240/240 
f 237/237/237 240/240/240 240/240/240 
f 240/240/240 240/240/240 352/352/352 
f 240/240/240 352/352/352 352/352/352 
f 352/352/352 352/352/352 355/355/355 
f 352/352/352 240/240/240 355/355/355 
f 355/355/355 240/240/240 240/240/240 
f 240/240/240 250/250/250 240/240/240 
f 240/240/240 250/250/250 250/250/250 
f 250/250/250 352/352/352 250/250/250 
f 250/250/250 352/352/352 356/356/356 
f 352/352/352 356/356/356 356/356/356 
f 356/356/356 356/356/356 357/357/357 
f 356/356/356 357/357/357 357/357/357 
f 357/357/357 357/357/357 358/358/358 
f 357/357/357 7/7/7 358/358/358 
f 358/358/358 7/7/7 359/359/359 
f 7/7/7 359/359/359 359/359/359 
f 359/359/359 359/359/359 360/360/360 
f 359/359/359 360/360/360 360/360/360 
f 360/360/360 360/360/360 7/7/7 
f 360/360/360 361/361/361 7/7/7 
f 7/7/7 361/361/361 361/361/361 
f 361/361/361 361/361/361 361/361/361 
f 361/361/361 361/361/361 361/361/361 
f 361/361/361 359/359/359 361/361/361 
f 361/361/361 359/359/359 362/362/362 
f 359/359/359 362/362/362 362/362/362 
f 362/362/362 362/362/362 361/361/361 
f 362/362/362 361/361/361 361/361/361 
f 361/361/361 361/361/361 363/363/363 
f 361/361/361 364/364/364 363/363/363 
f 363/363/363 364/364/364 364/364/364 
f 364/364/364 365/365/365 364/364/364 
f 364/364/364 365/365/365 365/365/365 
f 365/365/365 359/359/359 365/365/365 
f 365/365/365 359/359/359 366/366/366 
f 359/359/359 367/367/367 366/366/366 
f 366/366/366 367/367/367 368/368/368 
f 367/367/367 368/368/368 368/368/368 
f 368/368/368 368/368/368 364/364/364 
f 368/368/368 364/364/364 364/364/364 
f 364/364/364 364/364/364 359/359/359 
f 364/364/364 367/367/367 359/359/359 
f 359/359/359 367/367/367 367/367/367 
f 367/367/367 368/368/368 367/367/367 
f 367/367/367 368/368/368 368/368/368 
f 368/368/368 369/369/369 368/368/368 
f 368/368/368 369/369/369 370/370/370 
f 369/369/369 370/370/370 370/370/370 
f 370/370/370 370/370/370 371/371/371 
f 370/370/370 371/371/371 371/371/371 
f 371/371/371 371/371/371 372/372/372 
f 371/371/371 370/370/370 372/372/372 
f 372/372/372 370/370/370 373/373/373 
f 370/370/370 373/373/373 373/373/373 
f 373/373/373 373/373/373 374/374/374 
f 373/373/373 374/374/374 374/374/374 
f 374/374/374 374/374/374 375/375/375 
f 374/374/374 373/373/373 375/375/375 
f 375/375/375 373/373/373 373/373/373 
f 373/373/373 376/376/376 373/373/373 
f 373/373/373 376/376/376 376/376/376 
f 376/376/376 374/374/374 376/376/376 
f 376/376/376 374/374/374 377/377/377 
f 374/374/374 377/377/377 377/377/377 
f 377/377/377 377/377/377 376/376/376 
f 377/377/377 376/376/376 376/376/376 
f 376/376/376 376/376/376 378/378/378 
f 376/376/376 370/370/370 378/378/378 
f 378/378/378 370/370/370 370/370/370 
f 370/370/370 364/364/364 370/370/370 
f 370/370/370 364/364/364 364/364/364 
f 364/364/364 376/376/376 364/364/364 
f 364/364/364 376/376/376 379/379/379 
f 376/376/376 379/379/379 379/379/379 
f 379/379/379 379/379/379 380/380/380 
f 379/379/379 380/380/380 380/380/380 
f 380/380/380 380/380/380 381/381/381 
f 380/380/380 364/364/364 381/381/381 
f 381/381/381 364/364/364 364/364/364 
f 364/364/364 380/380/380 364/364/364 
f 364/364/364 380/380/380 380/380/380 
f 380/380/380 382/382/382 380/380/380 
f 380/380/380 382/382/382 383/383/383 
f 382/382/382 383/383/383 383/383/383 
f 383/383/383 383/383/383 384/384/384 
f 383/383/383 384/384/384 384/384/384 
f 384/384/384 384/384/384 385/385/385 
f 384/384/384 380/380/380 385/385/385 
f 385/385/385 380/380/380 380/380/380 
f 380/380/380 384/384/384 380/380/380 
f 380/380/380 384/384/384 384/384/384 
f 384/384/384 386/386/386 384/384/384 
f 384/384/384 386/386/386 360/360/360 
f 386/386/386 360/360/360 360/360/360 
f 360/360/360 360/360/360 17/17/17 
f 360/360/360 17/17/17 17/17/17 
f 17/17/17 17/17/17 384/384/384 
f 17/17/17 387/387/387 384/384/384 
f 384/384/384 387/387/387 388/388/388 
f 387/387/387 389/389/389 388/388/388 
f 388/388/388 389/389/389 388/388/388 
f 389/389/389 390/390/390 388/388/388 
f 388/388/388 390/390/390 391/391/391 
f 390/390/390 391/391/391 391/391/391 
f 391/391/391 391/391/391 21/21/21 
f 391/391/391 21/21/21 21/21/21 
f 21/21/21 21/21/21 392/392/392 
f 21/21/21 387/387/387 392/392/392 
f 392/392/392 387/387/387 387/387/387 
f 387/387/387 388/388/388 387/387/387 
f 387/387/387 388/388/388 388/388/388 
f 388/388/388 380/380/380 388/388/388 
f 388/388/388 380/380/380 393/393/393 
f 380/380/380 393/393/393 393/393/393 
f 393/393/393 393/393/393 388/388/388 
f 393/393/393 388/388/388 388/388/388 
f 388/388/388 388/388/388 394/394/394 
f 388/388/388 395/395/395 394/394/394 
f 394/394/394 395/395/395 395/395/395 
f 395/395/395 396/396/396 395/395/395 
f 395/395/395 396/396/396 396/396/396 
f 396/396/396 397/397/397 396/396/396 
f 396/396/396 397/397/397 390/390/390 
f 397/397/397 390/390/390 390/390/390 
f 390/390/390 390/390/390 398/398/398 
f 390/390/390 398/398/398 398/398/398 
f 398/398/398 398/398/398 399/399/399 
f 398/398/398 390/390/390 399/399/399 
f 399/399/399 390/390/390 390/390/390 
f 390/390/390 398/398/398 390/390/390 
f 390/390/390 398/398/398 398/398/398 
f 398/398/398 400/400/400 398/398/398 
f 398/398/398 400/400/400 380/380/380 
f 400/400/400 380/380/380 380/380/380 
f 380/380/380 380/380/380 400/400/400 
f 380/380/380 400/400/400 400/400/400 
f 400/400/400 400/400/400 401/401/401 
f 400/400/400 376/376/376 401/401/401 
f 401/401/401 376/376/376 376/376/376 
f 376/376/376 400/400/400 376/376/376 
f 376/376/376 400/400/400 400/400/400 
f 400/400/400 402/402/402 400/400/400 
f 400/400/400 402/402/402 403/403/403 
f 402/402/402 403/403/403 403/403/403 
f 403/403/403 403/403/403 402/402/402 
f 403/403/403 402/402/402 402/402/402 
f 402/402/402 402/402/402 404/404/404 
f 402/402/402 405/405/405 404/404/404 
f 404/404/404 405/405/405 405/405/405 
f 405/405/405 402/402/402 405/405/405 
f 405/405/405 402/402/402 402/402/402 
f 402/402/402 406/406/406 402/402/402 
f 402/402/402 406/406/406 407/407/407 
f 406/406/406 407/407/407 407/407/407 
f 407/407/407 407/407/407 406/406/406 
f 407/407/407 406/406/406 406/406/406 
f 406/406/406 406/406/406 408/408/408 
f 406/406/406 409/409/409 408/408/408 
f 408/408/408 409/409/409 409/409/409 
f 409/409/409 406/406/406 409/409/409 
f 409/409/409 406/406/406 406/406/406 
f 406/406/406 410/410/410 406/406/406 
f 406/406/406 410/410/410 411/411/411 
f 410/410/410 411/411/411 411/411/411 
f 411/411/411 411/411/411 398/398/398 
f 411/411/411 398/398/398 398/398/398 
f 398/398/398 398/398/398 412/412/412 
f 398/398/398 413/413/413 412/412/412 
f 412/412/412 413/413/413 413/413/413 
f 413/413/413 414/414/414 413/413/413 
f 413/413/413 414/414/414 414/414/414 
f 414/414/414 413/413/413 414/414/414 
f 414/414/414 413/413/413 415/415/415 
f 413/413/413 416/416/416 415/415/415 
f 415/415/415 416/416/416 417/417/417 
f 416/416/416 416/416/416 417/417/417 
f 417/417/417 416/416/416 418/418/418 
f 416/416/416 416/416/416 418/418/418 
f 418/418/418 416/416/416 419/419/419 
f 416/416/416 416/416/416 419/419/419 
f 419/419/419 416/416/416 420/420/420 
f 416/416/416 413/413/413 420/420/420 
f 420/420/420 413/413/413 413/413/413 
f 413/413/413 421/421/421 413/413/413 
f 413/413/413 421/421/421 421/421/421 
f 421/421/421 399/399/399 421/421/421 
f 421/421/421 399/399/399 413/413/413 
f 399/399/399 399/399/399 413/413/413 
f 413/413/413 399/399/399 422/422/422 
f 399/399/399 399/399/399 422/422/422 
f 422/422/422 399/399/399 423/423/423 
f 399/399/399 396/396/396 423/423/423 
f 423/423/423 396/396/396 424/424/424 
f 396/396/396 396/396/396 424/424/424 
f 424/424/424 396/396/396 425/425/425 
f 396/396/396 426/426/426 425/425/425 
f 425/425/425 426/426/426 426/426/426 
f 426/426/426 426/426/426 426/426/426 
f 426/426/426 426/426/426 426/426/426 
f 426/426/426 427/427/427 426/426/426 
f 426/426/426 427/427/427 428/428/428 
f 427/427/427 428/428/428 428/428/428 
f 428/428/428 428/428/428 426/426/426 
f 428/428/428 426/426/426 426/426/426 
f 426/426/426 426/426/426 429/429/429 
f 426/426/426 430/430/430 429/429/429 
f 429/429/429 430/430/430 430/430/430 
f 430/430/430 431/431/431 430/430/430 
f 430/430/430 431/431/431 431/431/431 
f 431/431/431 426/426/426 431/431/431 
f 431/431/431 426/426/426 389/389/389 
f 426/426/426 389/389/389 389/389/389 
f 389/389/389 389/389/389 432/432/432 
f 389/389/389 432/432/432 432/432/432 
f 432/432/432 432/432/432 389/389/389 
f 432/432/432 28/28/28 389/389/389 
f 389/389/389 28/28/28 28/28/28 
f 28/28/28 431/431/431 28/28/28 
f 28/28/28 431/431/431 431/431/431 
f 431/431/431 433/433/433 431/431/431 
f 431/431/431 433/433/433 28/28/28 
f 433/433/433 28/28/28 28/28/28 
f 28/28/28 28/28/28 434/434/434 
f 28/28/28 434/434/434 434/434/434 
f 434/434/434 434/434/434 28/28/28 
f 434/434/434 435/435/435 28/28/28 
f 28/28/28 435/435/435 435/435/435 
f 435/435/435 436/436/436 435/435/435 
f 435/435/435 436/436/436 436/436/436 
f 436/436/436 431/431/431 436/436/436 
f 436/436/436 431/431/431 437/437/437 
f 431/431/431 438/438/438 437/437/437 
f 437/437/437 438/438/438 439/439/439 
f 438/438/438 438/438/438 439/439/439 
f 439/439/439 438/438/438 440/440/440 
f 438/438/438 441/441/441 440/440/440 
f 440/440/440 441/441/441 442/442/442 
f 441/441/441 441/441/441 442/442/442 
f 442/442/442 441/441/441 443/443/443 
f 441/441/441 444/444/444 443/443/443 
f 443/443/443 444/444/444 444/444/444 
f 444/444/444 431/431/431 444/444/444 
f 444/444/444 431/431/431 431/431/431 
f 431/431/431 434/434/434 431/431/431 
f 431/431/431 434/434/434 438/438/438 
f 434/434/434 434/434/434 438/438/438 
f 438/438/438 434/434/434 441/441/441 
f 434/434/434 445/445/445 441/441/441 
f 441/441/441 445/445/445 445/445/445 
f 445/445/445 439/439/439 445/445/445 
f 445/445/445 439/439/439 439/439/439 
f 439/439/439 446/446/446 439/439/439 
f 439/439/439 446/446/446 437/437/437 
f 446/446/446 447/447/447 437/437/437 
f 437/437/437 447/447/447 447/447/447 
f 447/447/447 448/448/448 447/447/447 
f 447/447/447 448/448/448 448/448/448 
f 448/448/448 437/437/437 448/448/448 
f 448/448/448 437/437/437 425/425/425 
f 437/437/437 425/425/425 425/425/425 
f 425/425/425 425/425/425 444/444/444 
f 425/425/425 444/444/444 444/444/444 
f 444/444/444 444/444/444 449/449/449 
f 444/444/444 434/434/434 449/449/449 
f 449/449/449 434/434/434 434/434/434 
f 434/434/434 450/450/450 434/434/434 
f 434/434/434 450/450/450 450/450/450 
f 450/450/450 451/451/451 450/450/450 
f 450/450/450 451/451/451 449/449/449 
f 451/451/451 449/449/449 449/449/449 
f 449/449/449 449/449/449 442/442/442 
f 449/449/449 442/442/442 442/442/442 
f 442/442/442 442/442/442 452/452/452 
f 442/442/442 443/443/443 452/452/452 
f 452/452/452 443/443/443 452/452/452 
f 443/443/443 453/453/453 452/452/452 
f 452/452/452 453/453/453 454/454/454 
f 453/453/453 455/455/455 454/454/454 
f 454/454/454 455/455/455 456/456/456 
f 455/455/455 457/457/457 456/456/456 
f 456/456/456 457/457/457 458/458/458 
f 457/457/457 459/459/459 458/458/458 
f 458/458/458 459/459/459 460/460/460 
f 459/459/459 461/461/461 460/460/460 
f 460/460/460 461/461/461 462/462/462 
f 461/461/461 463/463/463 462/462/462 
f 462/462/462 463/463/463 464/464/464 
f 463/463/463 465/465/465 464/464/464 
f 464/464/464 465/465/465 466/466/466 
f 465/465/465 465/465/465 466/466/466 
f 466/466/466 465/465/465 467/467/467 
f 465/465/465 468/468/468 467/467/467 
f 467/467/467 468/468/468 467/467/467 
f 468/468/468 469/469/469 467/467/467 
f 467/467/467 469/469/469 467/467/467 
f 469/469/469 470/470/470 467/467/467 
f 467/467/467 470/470/470 471/471/471 
f 470/470/470 472/472/472 471/471/471 
f 471/471/471 472/472/472 472/472/472 
f 472/472/472 473/473/473 472/472/472 
f 472/472/472 473/473/473 473/473/473 
f 473/473/473 459/459/459 473/473/473 
f 473/473/473 459/459/459 457/457/457 
f 459/459/459 457/457/457 457/457/457 
f 457/457/457 457/457/457 474/474/474 
f 457/457/457 474/474/474 474/474/474 
f 474/474/474 474/474/474 465/465/465 
f 474/474/474 468/468/468 465/465/465 
f 465/465/465 468/468/468 468/468/468 
f 468/468/468 471/471/471 468/468/468 
f 468/468/468 471/471/471 471/471/471 
f 471/471/471 466/466/466 471/471/471 
f 471/471/471 466/466/466 475/475/475 
f 466/466/466 475/475/475 475/475/475 
f 475/475/475 475/475/475 472/472/472 
f 475/475/475 472/472/472 472/472/472 
f 472/472/472 472/472/472 476/476/476 
f 472/472/472 477/477/477 476/476/476 
f 476/476/476 477/477/477 477/477/477 
f 477/477/477 478/478/478 477/477/477 
f 477/477/477 478/478/478 478/478/478 
f 478/478/478 472/472/472 478/478/478 
f 478/478/478 472/472/472 479/479/479 
f 472/472/472 479/479/479 479/479/479 
f 479/479/479 479/479/479 455/455/455 
f 479/479/479 455/455/455 455/455/455 
f 455/455/455 455/455/455 457/457/457 
f 455/455/455 480/480/480 457/457/457 
f 457/457/457 480/480/480 481/481/481 
f 480/480/480 481/481/481 481/481/481 
f 481/481/481 481/481/481 482/482/482 
f 481/481/481 482/482/482 482/482/482 
f 482/482/482 482/482/482 483/483/483 
f 482/482/482 484/484/484 483/483/483 
f 483/483/483 484/484/484 484/484/484 
f 484/484/484 485/485/485 484/484/484 
f 484/484/484 485/485/485 485/485/485 
f 485/485/485 483/483/483 485/485/485 
f 485/485/485 483/483/483 486/486/486 
f 483/483/483 486/486/486 486/486/486 
f 486/486/486 486/486/486 469/469/469 
f 486/486/486 469/469/469 469/469/469 
f 469/469/469 469/469/469 470/470/470 
f 469/469/469 487/487/487 470/470/470 
f 470/470/470 487/487/487 476/476/476 
f 487/487/487 488/488/488 476/476/476 
f 476/476/476 488/488/488 476/476/476 
f 488/488/488 489/489/489 476/476/476 
f 476/476/476 489/489/489 478/478/478 
f 489/489/489 482/482/482 478/478/478 
f 478/478/478 482/482/482 482/482/482 
f 482/482/482 485/485/485 482/482/482 
f 482/482/482 485/485/485 485/485/485 
f 485/485/485 482/482/482 485/485/485 
f 485/485/485 482/482/482 490/490/490 
f 482/482/482 490/490/490 490/490/490 
f 490/490/490 490/490/490 485/485/485 
f 490/490/490 485/485/485 485/485/485 
f 485/485/485 485/485/485 158/158/158 
f 485/485/485 486/486/486 158/158/158 
f 158/158/158 486/486/486 156/156/156 
f 486/486/486 491/491/491 156/156/156 
f 156/156/156 491/491/491 154/154/154 
f 491/491/491 491/491/491 154/154/154 
f 154/154/154 491/491/491 492/492/492 
f 491/491/491 493/493/493 492/492/492 
f 492/492/492 493/493/493 493/493/493 
f 493/493/493 491/491/491 493/493/493 
f 493/493/493 491/491/491 491/491/491 
f 491/491/491 494/494/494 491/491/491 
f 491/491/491 494/494/494 495/495/495 
f 494/494/494 495/495/495 495/495/495 
f 495/495/495 495/495/495 491/491/491 
f 495/495/495 491/491/491 491/491/491 
f 491/491/491 491/491/491 496/496/496 
f 491/491/491 486/486/486 496/496/496 
f 496/496/496 486/486/486 496/496/496 
f 486/486/486 490/490/490 496/496/496 
f 496/496/496 490/490/490 497/497/497 
f 490/490/490 489/489/489 497/497/497 
f 497/497/497 489/489/489 489/489/489 
f 489/489/489 498/498/498 489/489/489 
f 489/489/489 498/498/498 498/498/498 
f 498/498/498 499/499/499 498/498/498 
f 498/498/498 499/499/499 489/489/489 
f 499/499/499 489/489/489 489/489/489 
f 489/489/489 489/489/489 154/154/154 
f 489/489/489 154/154/154 154/154/154 
f 154/154/154 154/154/154 148/148/148 
f 154/154/154 500/500/500 148/148/148 
f 148/148/148 500/500/500 500/500/500 
f 500/500/500 496/496/496 500/500/500 
f 500/500/500 496/496/496 496/496/496 
f 496/496/496 501/501/501 496/496/496 
f 496/496/496 501/501/501 121/121/121 
f 501/501/501 121/121/121 121/121/121 
f 121/121/121 121/121/121 499/499/499 
f 121/121/121 499/499/499 499/499/499 
f 499/499/499 499/499/499 121/121/121 
f 499/499/499 502/502/502 121/121/121 
f 121/121/121 502/502/502 502/502/502 
f 502/502/502 503/503/503 502/502/502 
f 502/502/502 503/503/503 503/503/503 
f 503/503/503 121/121/121 503/503/503 
f 503/503/503 121/121/121 504/504/504 
f 121/121/121 504/504/504 504/504/504 
f 504/504/504 504/504/504 505/505/505 
f 504/504/504 505/505/505 505/505/505 
f 505/505/505 505/505/505 506/506/506 
f 505/505/505 121/121/121 506/506/506 
f 506/506/506 121/121/121 121/121/121 
f 121/121/121 499/499/499 121/121/121 
f 121/121/121 499/499/499 499/499/499 
f 499/499/499 488/488/488 499/499/499 
f 499/499/499 488/488/488 507/507/507 
f 488/488/488 508/508/508 507/507/507 
f 507/507/507 508/508/508 508/508/508 
f 508/508/508 488/488/488 508/508/508 
f 508/508/508 488/488/488 488/488/488 
f 488/488/488 509/509/509 488/488/488 
f 488/488/488 509/509/509 510/510/510 
f 509/509/509 510/510/510 510/510/510 
f 510/510/510 510/510/510 511/511/511 
f 510/510/510 511/511/511 511/511/511 
f 511/511/511 511/511/511 469/469/469 
f 511/511/511 512/512/512 469/469/469 
f 469/469/469 512/512/512 513/513/513 
f 512/512/512 514/514/514 513/513/513 
f 513/513/513 514/514/514 514/514/514 
f 514/514/514 469/469/469 514/514/514 
f 514/514/514 469/469/469 469/469/469 
f 469/469/469 513/513/513 469/469/469 
f 469/469/469 513/513/513 487/487/487 
f 513/513/513 513/513/513 487/487/487 
f 487/487/487 513/513/513 510/510/510 
f 513/513/513 515/515/515 510/510/510 
f 510/510/510 515/515/515 516/516/516 
f 515/515/515 516/516/516 516/516/516 
f 516/516/516 516/516/516 517/517/517 
f 516/516/516 517/517/517 517/517/517 
f 517/517/517 517/517/517 513/513/513 
f 517/517/517 518/518/518 513/513/513 
f 513/513/513 518/518/518 518/518/518 
f 518/518/518 519/519/519 518/518/518 
f 518/518/518 519/519/519 519/519/519 
f 519/519/519 517/517/517 519/519/519 
f 519/519/519 517/517/517 512/512/512 
f 517/517/517 512/512/512 512/512/512 
f 512/512/512 512/512/512 520/520/520 
f 512/512/512 520/520/520 520/520/520 
f 520/520/520 520/520/520 512/512/512 
f 520/520/520 521/521/521 512/512/512 
f 512/512/512 521/521/521 522/522/522 
f 521/521/521 522/522/522 522/522/522 
f 522/522/522 522/522/522 514/514/514 
f 522/522/522 514/514/514 514/514/514 
f 514/514/514 514/514/514 114/114/114 
f 514/514/514 523/523/523 114/114/114 
f 114/114/114 523/523/523 523/523/523 
f 523/523/523 524/524/524 523/523/523 
f 523/523/523 524/524/524 524/524/524 
f 524/524/524 525/525/525 524/524/524 
f 524/524/524 525/525/525 514/514/514 
f 525/525/525 525/525/525 514/514/514 
f 514/514/514 525/525/525 526/526/526 
f 525/525/525 527/527/527 526/526/526 
f 526/526/526 527/527/527 527/527/527 
f 527/527/527 516/516/516 527/527/527 
f 527/527/527 516/516/516 516/516/516 
f 516/516/516 526/526/526 516/516/516 
f 516/516/516 526/526/526 528/528/528 
f 526/526/526 528/528/528 528/528/528 
f 528/528/528 528/528/528 516/516/516 
f 528/528/528 516/516/516 516/516/516 
f 516/516/516 516/516/516 98/98/98 
f 516/516/516 527/527/527 98/98/98 
f 98/98/98 527/527/527 527/527/527 
f 527/527/527 529/529/529 527/527/527 
f 527/527/527 529/529/529 529/529/529 
f 529/529/529 120/120/120 529/529/529 
f 529/529/529 120/120/120 516/516/516 
f 120/120/120 530/530/530 516/516/516 
f 516/516/516 530/530/530 530/530/530 
f 530/530/530 531/531/531 530/530/530 
f 530/530/530 531/531/531 531/531/531 
f 531/531/531 530/530/530 531/531/531 
f 531/531/531 530/530/530 532/532/532 
f 530/530/530 532/532/532 532/532/532 
f 532/532/532 532/532/532 120/120/120 
f 532/532/532 120/120/120 120/120/120 
f 120/120/120 120/120/120 533/533/533 
f 120/120/120 534/534/534 533/533/533 
f 533/533/533 534/534/534 534/534/534 
f 534/534/534 535/535/535 534/534/534 
f 534/534/534 535/535/535 535/535/535 
f 535/535/535 533/533/533 535/535/535 
f 535/535/535 533/533/533 536/536/536 
f 533/533/533 536/536/536 536/536/536 
f 536/536/536 536/536/536 535/535/535 
f 536/536/536 535/535/535 535/535/535 
f 535/535/535 535/535/535 131/131/131 
f 535/535/535 537/537/537 131/131/131 
f 131/131/131 537/537/537 537/537/537 
f 537/537/537 538/538/538 537/537/537 
f 537/537/537 538/538/538 538/538/538 
f 538/538/538 539/539/539 538/538/538 
f 538/538/538 539/539/539 540/540/540 
f 539/539/539 540/540/540 540/540/540 
f 540/540/540 540/540/540 541/541/541 
f 540/540/540 541/541/541 541/541/541 
f 541/541/541 541/541/541 542/542/542 
f 541/541/541 543/543/543 542/542/542 
f 542/542/542 543/543/543 542/542/542 
f 543/543/543 544/544/544 542/542/542 
f 542/542/542 544/544/544 542/542/542 
f 544/544/544 545/545/545 542/542/542 
f 542/542/542 545/545/545 542/542/542 
f 545/545/545 546/546/546 542/542/542 
f 542/542/542 546/546/546 542/542/542 
f 546/546/546 538/538/538 542/542/542 
f 542/542/542 538/538/538 547/547/547 
f 538/538/538 547/547/547 547/547/547 
f 547/547/547 547/547/547 405/405/405 
f 547/547/547 405/405/405 405/405/405 
f 405/405/405 405/405/405 547/547/547 
f 405/405/405 543/543/543 547/547/547 
f 547/547/547 543/543/543 543/543/543 
f 543/543/543 544/544/544 543/543/543 
f 543/543/543 544/544/544 544/544/544 
f 544/544/544 548/548/548 544/544/544 
f 544/544/544 548/548/548 549/549/549 
f 548/548/548 549/549/549 549/549/549 
f 549/549/549 549/549/549 550/550/550 
f 549/549/549 550/550/550 550/550/550 
f 550/550/550 550/550/550 544/544/544 
f 550/550/550 551/551/551 544/544/544 
f 544/544/544 551/551/551 551/551/551 
f 551/551/551 550/550/550 551/551/551 
f 551/551/551 550/550/550 550/550/550 
f 550/550/550 552/552/552 550/550/550 
f 550/550/550 552/552/552 553/553/553 
f 552/552/552 553/553/553 553/553/553 
f 553/553/553 553/553/553 552/552/552 
f 553/553/553 552/552/552 552/552/552 
f 552/552/552 552/552/552 554/554/554 
f 552/552/552 555/555/555 554/554/554 
f 554/554/554 555/555/555 555/555/555 
f 555/555/555 552/552/552 555/555/555 
f 555/555/555 552/552/552 552/552/552 
f 552/552/552 556/556/556 552/552/552 
f 552/552/552 556/556/556 557/557/557 
f 556/556/556 557/557/557 557/557/557 
f 557/557/557 557/557/557 556/556/556 
f 557/557/557 556/556/556 556/556/556 
f 556/556/556 556/556/556 558/558/558 
f 556/556/556 559/559/559 558/558/558 
f 558/558/558 559/559/559 559/559/559 
f 559/559/559 556/556/556 559/559/559 
f 559/559/559 556/556/556 556/556/556 
f 556/556/556 560/560/560 556/556/556 
f 556/556/556 560/560/560 561/561/561 
f 560/560/560 561/561/561 561/561/561 
f 561/561/561 561/561/561 554/554/554 
f 561/561/561 554/554/554 554/554/554 
f 554/554/554 554/554/554 562/562/562 
f 554/554/554 561/561/561 562/562/562 
f 562/562/562 561/561/561 561/561/561 
f 561/561/561 561/561/561 561/561/561 
f 561/561/561 561/561/561 561/561/561 
f 561/561/561 563/563/563 561/561/561 
f 561/561/561 563/563/563 564/564/564 
f 563/563/563 563/563/563 564/564/564 
f 564/564/564 563/563/563 565/565/565 
f 563/563/563 563/563/563 565/565/565 
f 565/565/565 563/563/563 566/566/566 
f 563/563/563 567/567/567 566/566/566 
f 566/566/566 567/567/567 567/567/567 
f 567/567/567 568/568/568 567/567/567 
f 567/567/567 568/568/568 568/568/568 
f 568/568/568 567/567/567 568/568/568 
f 568/568/568 567/567/567 569/569/569 
f 567/567/567 569/569/569 569/569/569 
f 569/569/569 569/569/569 570/570/570 
f 569/569/569 570/570/570 570/570/570 
f 570/570/570 570/570/570 571/571/571 
f 570/570/570 568/568/568 571/571/571 
f 571/571/571 568/568/568 568/568/568 
f 568/568/568 572/572/572 568/568/568 
f 568/568/568 572/572/572 572/572/572 
f 572/572/572 567/567/567 572/572/572 
f 572/572/572 567/567/567 573/573/573 
f 567/567/567 567/567/567 573/573/573 
f 573/573/573 567/567/567 574/574/574 
f 567/567/567 575/575/575 574/574/574 
f 574/574/574 575/575/575 575/575/575 
f 575/575/575 576/576/576 575/575/575 
f 575/575/575 576/576/576 576/576/576 
f 576/576/576 577/577/577 576/576/576 
f 576/576/576 577/577/577 574/574/574 
f 577/577/577 574/574/574 574/574/574 
f 574/574/574 574/574/574 576/576/576 
f 574/574/574 576/576/576 576/576/576 
f 576/576/576 576/576/576 578/578/578 
f 576/576/576 579/579/579 578/578/578 
f 578/578/578 579/579/579 580/580/580 
f 579/579/579 580/580/580 580/580/580 
f 580/580/580 580/580/580 576/576/576 
f 580/580/580 576/576/576 576/576/576 
f 576/576/576 576/576/576 581/581/581 
f 576/576/576 578/578/578 581/581/581 
f 581/581/581 578/578/578 582/582/582 
f 578/578/578 583/583/583 582/582/582 
f 582/582/582 583/583/583 582/582/582 
f 583/583/583 584/584/584 582/582/582 
f 582/582/582 584/584/584 585/585/585 
f 584/584/584 585/585/585 585/585/585 
f 585/585/585 585/585/585 586/586/586 
f 585/585/585 586/586/586 586/586/586 
f 586/586/586 586/586/586 582/582/582 
f 586/586/586 581/581/581 582/582/582 
f 582/582/582 581/581/581 581/581/581 
f 581/581/581 587/587/587 581/581/581 
f 581/581/581 587/587/587 587/587/587 
f 587/587/587 585/585/585 587/587/587 
f 587/587/587 585/585/585 586/586/586 
f 585/585/585 585/585/585 586/586/586 
f 586/586/586 585/585/585 588/588/588 
f 585/585/585 585/585/585 588/588/588 
f 588/588/588 585/585/585 589/589/589 
f 585/585/585 590/590/590 589/589/589 
f 589/589/589 590/590/590 590/590/590 
f 590/590/590 591/591/591 590/590/590 
f 590/590/590 591/591/591 591/591/591 
f 591/591/591 589/589/589 591/591/591 
f 591/591/591 589/589/589 592/592/592 
f 589/589/589 593/593/593 592/592/592 
f 592/592/592 593/593/593 593/593/593 
f 593/593/593 594/594/594 593/593/593 
f 593/593/593 594/594/594 594/594/594 
f 594/594/594 593/593/593 594/594/594 
f 594/594/594 593/593/593 595/595/595 
f 593/593/593 593/593/593 595/595/595 
f 595/595/595 593/593/593 596/596/596 
f 593/593/593 597/597/597 596/596/596 
f 596/596/596 597/597/597 597/597/597 
f 597/597/597 598/598/598 597/597/597 
f 597/597/597 598/598/598 598/598/598 
f 598/598/598 596/596/596 598/598/598 
f 598/598/598 596/596/596 599/599/599 
f 596/596/596 600/600/600 599/599/599 
f 599/599/599 600/600/600 600/600/600 
f 600/600/600 601/601/601 600/600/600 
f 600/600/600 601/601/601 601/601/601 
f 601/601/601 600/600/600 601/601/601 
f 601/601/601 600/600/600 602/602/602 
f 600/600/600 602/602/602 602/602/602 
f 602/602/602 602/602/602 603/603/603 
f 602/602/602 603/603/603 603/603/603 
f 603/603/603 603/603/603 601/601/601 
f 603/603/603 597/597/597 601/601/601 
f 601/601/601 597/597/597 601/601/601 
f 597/597/597 604/604/604 601/601/601 
f 601/601/601 604/604/604 605/605/605 
f 604/604/604 605/605/605 605/605/605 
f 605/605/605 605/605/605 606/606/606 
f 605/605/605 606/606/606 606/606/606 
f 606/606/606 606/606/606 607/607/607 
f 606/606/606 600/600/600 607/607/607 
f 607/607/607 600/600/600 600/600/600 
f 600/600/600 246/246/246 600/600/600 
f 600/600/600 246/246/246 246/246/246 
f 246/246/246 608/608/608 246/246/246 
f 246/246/246 608/608/608 607/607/607 
f 608/608/608 607/607/607 607/607/607 
f 607/607/607 607/607/607 609/609/609 
f 607/607/607 609/609/609 609/609/609 
f 609/609/609 609/609/609 607/607/607 
f 609/609/609 245/245/245 607/607/607 
f 607/607/607 245/245/245 245/245/245 
f 245/245/245 268/268/268 245/245/245 
f 245/245/245 268/268/268 268/268/268 
f 268/268/268 609/609/609 268/268/268 
f 268/268/268 609/609/609 610/610/610 
f 609/609/609 610/610/610 610/610/610 
f 610/610/610 610/610/610 607/607/607 
f 610/610/610 607/607/607 607/607/607 
f 607/607/607 607/607/607 268/268/268 
f 607/607/607 611/611/611 268/268/268 
f 268/268/268 611/611/611 612/612/612 
f 611/611/611 612/612/612 612/612/612 
f 612/612/612 612/612/612 606/606/606 
f 612/612/612 606/606/606 606/606/606 
f 606/606/606 606/606/606 611/611/611 
f 606/606/606 613/613/613 611/611/611 
f 611/611/611 613/613/613 613/613/613 
f 613/613/613 614/614/614 613/613/613 
f 613/613/613 614/614/614 614/614/614 
f 614/614/614 615/615/615 614/614/614 
f 614/614/614 615/615/615 597/597/597 
f 615/615/615 616/616/616 597/597/597 
f 597/597/597 616/616/616 617/617/617 
f 616/616/616 617/617/617 617/617/617 
f 617/617/617 617/617/617 616/616/616 
f 617/617/617 616/616/616 616/616/616 
f 616/616/616 616/616/616 618/618/618 
f 616/616/616 615/615/615 618/618/618 
f 618/618/618 615/615/615 590/590/590 
f 615/615/615 619/619/619 590/590/590 
f 590/590/590 619/619/619 619/619/619 
f 619/619/619 615/615/615 619/619/619 
f 619/619/619 615/615/615 615/615/615 
f 615/615/615 593/593/593 615/615/615 
f 615/615/615 593/593/593 620/620/620 
f 593/593/593 620/620/620 620/620/620 
f 620/620/620 620/620/620 621/621/621 
f 620/620/620 621/621/621 621/621/621 
f 621/621/621 621/621/621 622/622/622 
f 621/621/621 590/590/590 622/622/622 
f 622/622/622 590/590/590 590/590/590 
f 590/590/590 623/623/623 590/590/590 
f 590/590/590 623/623/623 623/623/623 
f 623/623/623 621/621/621 623/623/623 
f 623/623/623 621/621/621 624/624/624 
f 621/621/621 624/624/624 624/624/624 
f 624/624/624 624/624/624 623/623/623 
f 624/624/624 623/623/623 623/623/623 
f 623/623/623 623/623/623 625/625/625 
f 623/623/623 626/626/626 625/625/625 
f 625/625/625 626/626/626 626/626/626 
f 626/626/626 627/627/627 626/626/626 
f 626/626/626 627/627/627 627/627/627 
f 627/627/627 628/628/628 627/627/627 
f 627/627/627 628/628/628 623/623/623 
f 628/628/628 623/623/623 623/623/623 
f 623/623/623 623/623/623 627/627/627 
f 623/623/623 627/627/627 627/627/627 
f 627/627/627 627/627/627 629/629/629 
f 627/627/627 630/630/630 629/629/629 
f 629/629/629 630/630/630 630/630/630 
f 630/630/630 631/631/631 630/630/630 
f 630/630/630 631/631/631 631/631/631 
f 631/631/631 627/627/627 631/631/631 
f 631/631/631 627/627/627 632/632/632 
f 627/627/627 632/632/632 632/632/632 
f 632/632/632 632/632/632 633/633/633 
f 632/632/632 633/633/633 633/633/633 
f 633/633/633 633/633/633 623/623/623 
f 633/633/633 634/634/634 623/623/623 
f 623/623/623 634/634/634 631/631/631 
f 634/634/634 631/631/631 631/631/631 
f 631/631/631 631/631/631 624/624/624 
f 631/631/631 624/624/624 624/624/624 
f 624/624/624 624/624/624 634/634/634 
f 624/624/624 635/635/635 634/634/634 
f 634/634/634 635/635/635 636/636/636 
f 635/635/635 636/636/636 636/636/636 
f 636/636/636 636/636/636 635/635/635 
f 636/636/636 635/635/635 635/635/635 
f 635/635/635 635/635/635 637/637/637 
f 635/635/635 583/583/583 637/637/637 
f 637/637/637 583/583/583 583/583/583 
f 583/583/583 638/638/638 583/583/583 
f 583/583/583 638/638/638 638/638/638 
f 638/638/638 634/634/634 638/638/638 
f 638/638/638 634/634/634 639/639/639 
f 634/634/634 639/639/639 639/639/639 
f 639/639/639 639/639/639 638/638/638 
f 639/639/639 638/638/638 638/638/638 
f 638/638/638 638/638/638 640/640/640 
f 638/638/638 631/631/631 640/640/640 
f 640/640/640 631/631/631 631/631/631 
f 631/631/631 641/641/641 631/631/631 
f 631/631/631 641/641/641 641/641/641 
f 641/641/641 638/638/638 641/641/641 
f 641/641/641 638/638/638 642/642/642 
f 638/638/638 642/642/642 642/642/642 
f 642/642/642 642/642/642 643/643/643 
f 642/642/642 643/643/643 643/643/643 
f 643/643/643 643/643/643 641/641/641 
f 643/643/643 644/644/644 641/641/641 
f 641/641/641 644/644/644 641/641/641 
f 644/644/644 645/645/645 641/641/641 
f 641/641/641 645/645/645 641/641/641 
f 645/645/645 646/646/646 641/641/641 
f 641/641/641 646/646/646 641/641/641 
f 646/646/646 647/647/647 641/641/641 
f 641/641/641 647/647/647 648/648/648 
f 647/647/647 648/648/648 648/648/648 
f 648/648/648 648/648/648 649/649/649 
f 648/648/648 649/649/649 649/649/649 
f 649/649/649 649/649/649 650/650/650 
f 649/649/649 648/648/648 650/650/650 
f 650/650/650 648/648/648 648/648/648 
f 648/648/648 651/651/651 648/648/648 
f 648/648/648 651/651/651 651/651/651 
f 651/651/651 647/647/647 651/651/651 
f 651/651/651 647/647/647 650/650/650 
f 647/647/647 652/652/652 650/650/650 
f 650/650/650 652/652/652 653/653/653 
f 652/652/652 653/653/653 653/653/653 
f 653/653/653 653/653/653 654/654/654 
f 653/653/653 654/654/654 654/654/654 
f 654/654/654 654/654/654 650/650/650 
f 654/654/654 655/655/655 650/650/650 
f 650/650/650 655/655/655 655/655/655 
f 655/655/655 631/631/631 655/655/655 
f 655/655/655 631/631/631 631/631/631 
f 631/631/631 650/650/650 631/631/631 
f 631/631/631 650/650/650 656/656/656 
f 650/650/650 656/656/656 656/656/656 
f 656/656/656 656/656/656 657/657/657 
f 656/656/656 657/657/657 657/657/657 
f 657/657/657 657/657/657 656/656/656 
f 657/657/657 649/649/649 656/656/656 
f 656/656/656 649/649/649 649/649/649 
f 649/649/649 656/656/656 649/649/649 
f 649/649/649 656/656/656 656/656/656 
f 656/656/656 658/658/658 656/656/656 
f 656/656/656 658/658/658 627/627/627 
f 658/658/658 659/659/659 627/627/627 
f 627/627/627 659/659/659 659/659/659 
f 659/659/659 660/660/660 659/659/659 
f 659/659/659 660/660/660 660/660/660 
f 660/660/660 659/659/659 660/660/660 
f 660/660/660 659/659/659 661/661/661 
f 659/659/659 661/661/661 661/661/661 
f 661/661/661 661/661/661 662/662/662 
f 661/661/661 662/662/662 662/662/662 
f 662/662/662 662/662/662 661/661/661 
f 662/662/662 658/658/658 661/661/661 
f 661/661/661 658/658/658 658/658/658 
f 658/658/658 663/663/663 658/658/658 
f 658/658/658 663/663/663 663/663/663 
f 663/663/663 658/658/658 663/663/663 
f 663/663/663 658/658/658 664/664/664 
f 658/658/658 665/665/665 664/664/664 
f 664/664/664 665/665/665 653/653/653 
f 665/665/665 653/653/653 653/653/653 
f 653/653/653 653/653/653 666/666/666 
f 653/653/653 666/666/666 666/666/666 
f 666/666/666 666/666/666 667/667/667 
f 666/666/666 653/653/653 667/667/667 
f 667/667/667 653/653/653 653/653/653 
f 653/653/653 668/668/668 653/653/653 
f 653/653/653 668/668/668 668/668/668 
f 668/668/668 667/667/667 668/668/668 
f 668/668/668 667/667/667 669/669/669 
f 667/667/667 670/670/670 669/669/669 
f 669/669/669 670/670/670 669/669/669 
f 670/670/670 671/671/671 669/669/669 
f 669/669/669 671/671/671 672/672/672 
f 671/671/671 672/672/672 672/672/672 
f 672/672/672 672/672/672 673/673/673 
f 672/672/672 673/673/673 673/673/673 
f 673/673/673 673/673/673 667/667/667 
f 673/673/673 670/670/670 667/667/667 
f 667/667/667 670/670/670 670/670/670 
f 670/670/670 664/664/664 670/670/670 
f 670/670/670 664/664/664 664/664/664 
f 664/664/664 669/669/669 664/664/664 
f 664/664/664 669/669/669 674/674/674 
f 669/669/669 675/675/675 674/674/674 
f 674/674/674 675/675/675 676/676/676 
f 675/675/675 676/676/676 676/676/676 
f 676/676/676 676/676/676 671/671/671 
f 676/676/676 671/671/671 671/671/671 
f 671/671/671 671/671/671 675/675/675 
f 671/671/671 677/677/677 675/675/675 
f 675/675/675 677/677/677 678/678/678 
f 677/677/677 679/679/679 678/678/678 
f 678/678/678 679/679/679 680/680/680 
f 679/679/679 681/681/681 680/680/680 
f 680/680/680 681/681/681 682/682/682 
f 681/681/681 683/683/683 682/682/682 
f 682/682/682 683/683/683 684/684/684 
f 683/683/683 685/685/685 684/684/684 
f 684/684/684 685/685/685 287/287/287 
f 685/685/685 288/288/288 287/287/287 
f 287/287/287 288/288/288 288/288/288 
f 288/288/288 686/686/686 288/288/288 
f 288/288/288 686/686/686 686/686/686 
f 686/686/686 675/675/675 686/686/686 
f 686/686/686 675/675/675 678/678/678 
f 675/675/675 678/678/678 678/678/678 
f 678/678/678 678/678/678 287/287/287 
f 678/678/678 287/287/287 287/287/287 
f 287/287/287 287/287/287 684/684/684 
f 287/287/287 687/687/687 684/684/684 
f 684/684/684 687/687/687 684/684/684 
f 687/687/687 688/688/688 684/684/684 
f 684/684/684 688/688/688 682/682/682 
f 688/688/688 689/689/689 682/682/682 
f 682/682/682 689/689/689 689/689/689 
f 689/689/689 682/682/682 689/689/689 
f 689/689/689 682/682/682 682/682/682 
f 682/682/682 690/690/690 682/682/682 
f 682/682/682 690/690/690 680/680/680 
f 690/690/690 691/691/691 680/680/680 
f 680/680/680 691/691/691 678/678/678 
f 691/691/691 691/691/691 678/678/678 
f 678/678/678 691/691/691 686/686/686 
f 691/691/691 692/692/692 686/686/686 
f 686/686/686 692/692/692 661/661/661 
f 692/692/692 693/693/693 661/661/661 
f 661/661/661 693/693/693 693/693/693 
f 693/693/693 691/691/691 693/693/693 
f 693/693/693 691/691/691 691/691/691 
f 691/691/691 694/694/694 691/691/691 
f 691/691/691 694/694/694 692/692/692 
f 694/694/694 692/692/692 692/692/692 
f 692/692/692 692/692/692 695/695/695 
f 692/692/692 695/695/695 695/695/695 
f 695/695/695 695/695/695 692/692/692 
f 695/695/695 696/696/696 692/692/692 
f 692/692/692 696/696/696 696/696/696 
f 696/696/696 692/692/692 696/696/696 
f 696/696/696 692/692/692 692/692/692 
f 692/692/692 697/697/697 692/692/692 
f 692/692/692 697/697/697 698/698/698 
f 697/697/697 699/699/699 698/698/698 
f 698/698/698 699/699/699 700/700/700 
f 699/699/699 700/700/700 700/700/700 
f 700/700/700 700/700/700 691/691/691 
f 700/700/700 691/691/691 691/691/691 
f 691/691/691 691/691/691 697/697/697 
f 691/691/691 701/701/701 697/697/697 
f 697/697/697 701/701/701 701/701/701 
f 701/701/701 699/699/699 701/701/701 
f 701/701/701 699/699/699 699/699/699 
f 699/699/699 702/702/702 699/699/699 
f 699/699/699 702/702/702 617/617/617 
f 702/702/702 617/617/617 617/617/617 
f 617/617/617 617/617/617 617/617/617 
f 617/617/617 617/617/617 617/617/617 
f 617/617/617 617/617/617 698/698/698 
f 617/617/617 703/703/703 698/698/698 
f 698/698/698 703/703/703 704/704/704 
f 703/703/703 704/704/704 704/704/704 
f 704/704/704 704/704/704 704/704/704 
f 704/704/704 704/704/704 704/704/704 
f 704/704/704 704/704/704 705/705/705 
f 704/704/704 706/706/706 705/705/705 
f 705/705/705 706/706/706 706/706/706 
f 706/706/706 707/707/707 706/706/706 
f 706/706/706 707/707/707 707/707/707 
f 707/707/707 704/704/704 707/707/707 
f 707/707/707 704/704/704 708/708/708 
f 704/704/704 708/708/708 708/708/708 
f 708/708/708 708/708/708 707/707/707 
f 708/708/708 707/707/707 707/707/707 
f 707/707/707 707/707/707 709/709/709 
f 707/707/707 618/618/618 709/709/709 
f 709/709/709 618/618/618 709/709/709 
f 618/618/618 710/710/710 709/709/709 
f 709/709/709 710/710/710 584/584/584 
f 710/710/710 584/584/584 584/584/584 
f 584/584/584 584/584/584 711/711/711 
f 584/584/584 711/711/711 711/711/711 
f 711/711/711 711/711/711 712/712/712 
f 711/711/711 697/697/697 712/712/712 
f 712/712/712 697/697/697 712/712/712 
f 697/697/697 689/689/689 712/712/712 
f 712/712/712 689/689/689 713/713/713 
f 689/689/689 713/713/713 713/713/713 
f 713/713/713 713/713/713 714/714/714 
f 713/713/713 714/714/714 714/714/714 
f 714/714/714 714/714/714 712/712/712 
f 714/714/714 715/715/715 712/712/712 
f 712/712/712 715/715/715 699/699/699 
f 715/715/715 715/715/715 699/699/699 
f 699/699/699 715/715/715 716/716/716 
f 715/715/715 715/715/715 716/716/716 
f 716/716/716 715/715/715 717/717/717 
f 715/715/715 715/715/715 717/717/717 
f 717/717/717 715/715/715 275/275/275 
f 715/715/715 718/718/718 275/275/275 
f 275/275/275 718/718/718 718/718/718 
f 718/718/718 688/688/688 718/718/718 
f 718/718/718 688/688/688 688/688/688 
f 688/688/688 718/718/718 688/688/688 
f 688/688/688 718/718/718 712/712/712 
f 718/718/718 712/712/712 712/712/712 
f 712/712/712 712/712/712 719/719/719 
f 712/712/712 719/719/719 719/719/719 
f 719/719/719 719/719/719 279/279/279 
f 719/719/719 718/718/718 279/279/279 
f 279/279/279 718/718/718 718/718/718 
f 718/718/718 688/688/688 718/718/718 
f 718/718/718 688/688/688 688/688/688 
f 688/688/688 292/292/292 688/688/688 
f 688/688/688 292/292/292 720/720/720 
f 292/292/292 721/721/721 720/720/720 
f 720/720/720 721/721/721 721/721/721 
f 721/721/721 292/292/292 721/721/721 
f 721/721/721 292/292/292 292/292/292 
f 292/292/292 722/722/722 292/292/292 
f 292/292/292 722/722/722 723/723/723 
f 722/722/722 723/723/723 723/723/723 
f 723/723/723 723/723/723 546/546/546 
f 723/723/723 546/546/546 546/546/546 
f 546/546/546 546/546/546 724/724/724 
f 546/546/546 725/725/725 724/724/724 
f 724/724/724 725/725/725 726/726/726 
f 725/725/725 548/548/548 726/726/726 
f 726/726/726 548/548/548 548/548/548 
f 548/548/548 565/565/565 548/548/548 
f 548/548/548 565/565/565 565/565/565 
f 565/565/565 724/724/724 565/565/565 
f 565/565/565 724/724/724 726/726/726 
f 724/724/724 726/726/726 726/726/726 
f 726/726/726 726/726/726 224/224/224 
f 726/726/726 224/224/224 224/224/224 
f 224/224/224 224/224/224 727/727/727 
f 224/224/224 222/222/222 727/727/727 
f 727/727/727 222/222/222 728/728/728 
f 222/222/222 137/137/137 728/728/728 
f 728/728/728 137/137/137 137/137/137 
f 137/137/137 727/727/727 137/137/137 
f 137/137/137 727/727/727 727/727/727 
f 727/727/727 728/728/728 727/727/727 
f 727/727/727 728/728/728 729/729/729 
f 728/728/728 134/134/134 729/729/729 
f 729/729/729 134/134/134 111/111/111 
f 134/134/134 111/111/111 111/111/111 
f 111/111/111 111/111/111 730/730/730 
f 111/111/111 730/730/730 730/730/730 
f 730/730/730 730/730/730 731/731/731 
f 730/730/730 108/108/108 731/731/731 
f 731/731/731 108/108/108 731/731/731 
f 108/108/108 732/732/732 731/731/731 
f 731/731/731 732/732/732 733/733/733 
f 732/732/732 732/732/732 733/733/733 
f 733/733/733 732/732/732 734/734/734 
f 732/732/732 732/732/732 734/734/734 
f 734/734/734 732/732/732 96/96/96 
f 732/732/732 732/732/732 96/96/96 
f 96/96/96 732/732/732 105/105/105 
f 732/732/732 735/735/735 105/105/105 
f 105/105/105 735/735/735 735/735/735 
f 735/735/735 96/96/96 735/735/735 
f 735/735/735 96/96/96 96/96/96 
f 96/96/96 736/736/736 96/96/96 
f 96/96/96 736/736/736 737/737/737 
f 736/736/736 737/737/737 737/737/737 
f 737/737/737 737/737/737 736/736/736 
f 737/737/737 736/736/736 736/736/736 
f 736/736/736 736/736/736 734/734/734 
f 736/736/736 738/738/738 734/734/734 
f 734/734/734 738/738/738 734/734/734 
f 738/738/738 739/739/739 734/734/734 
f 734/734/734 739/739/739 740/740/740 
f 739/739/739 740/740/740 740/740/740 
f 740/740/740 740/740/740 91/91/91 
f 740/740/740 91/91/91 91/91/91 
f 91/91/91 91/91/91 738/738/738 
f 91/91/91 741/741/741 738/738/738 
f 738/738/738 741/741/741 741/741/741 
f 741/741/741 742/742/742 741/741/741 
f 741/741/741 742/742/742 742/742/742 
f 742/742/742 86/86/86 742/742/742 
f 742/742/742 86/86/86 741/741/741 
f 86/86/86 741/741/741 741/741/741 
f 741/741/741 741/741/741 743/743/743 
f 741/741/741 743/743/743 743/743/743 
f 743/743/743 743/743/743 744/744/744 
f 743/743/743 741/741/741 744/744/744 
f 744/744/744 741/741/741 84/84/84 
f 741/741/741 84/84/84 84/84/84 
f 84/84/84 84/84/84 744/744/744 
f 84/84/84 744/744/744 744/744/744 
f 744/744/744 744/744/744 745/745/745 
f 744/744/744 746/746/746 745/745/745 
f 745/745/745 746/746/746 746/746/746 
f 746/746/746 747/747/747 746/746/746 
f 746/746/746 747/747/747 747/747/747 
f 747/747/747 748/748/748 747/747/747 
f 747/747/747 748/748/748 77/77/77 
f 748/748/748 77/77/77 77/77/77 
f 77/77/77 77/77/77 25/25/25 
f 77/77/77 25/25/25 25/25/25 
f 25/25/25 25/25/25 65/65/65 
f 25/25/25 747/747/747 65/65/65 
f 65/65/65 747/747/747 747/747/747 
f 747/747/747 63/63/63 747/747/747 
f 747/747/747 63/63/63 63/63/63 
f 63/63/63 77/77/77 63/63/63 
f 63/63/63 77/77/77 749/749/749 
f 77/77/77 749/749/749 749/749/749 
f 749/749/749 749/749/749 750/750/750 
f 749/749/749 750/750/750 750/750/750 
f 750/750/750 750/750/750 751/751/751 
f 750/750/750 63/63/63 751/751/751 
f 751/751/751 63/63/63 752/752/752 
f 63/63/63 74/74/74 752/752/752 
f 752/752/752 74/74/74 74/74/74 
f 74/74/74 751/751/751 74/74/74 
f 74/74/74 751/751/751 751/751/751 
f 751/751/751 752/752/752 751/751/751 
f 751/751/751 752/752/752 753/753/753 
f 752/752/752 70/70/70 753/753/753 
f 753/753/753 70/70/70 70/70/70 
f 70/70/70 754/754/754 70/70/70 
f 70/70/70 754/754/754 754/754/754 
f 754/754/754 755/755/755 754/754/754 
f 754/754/754 755/755/755 756/756/756 
f 755/755/755 756/756/756 756/756/756 
f 756/756/756 756/756/756 757/757/757 
f 756/756/756 757/757/757 757/757/757 
f 757/757/757 757/757/757 758/758/758 
f 757/757/757 580/580/580 758/758/758 
f 758/758/758 580/580/580 580/580/580 
f 580/580/580 759/759/759 580/580/580 
f 580/580/580 759/759/759 759/759/759 
f 759/759/759 760/760/760 759/759/759 
f 759/759/759 760/760/760 575/575/575 
f 760/760/760 559/559/559 575/575/575 
f 575/575/575 559/559/559 559/559/559 
f 559/559/559 559/559/559 559/559/559 
f 559/559/559 559/559/559 559/559/559 
f 559/559/559 636/636/636 559/559/559 
f 559/559/559 636/636/636 761/761/761 
f 636/636/636 761/761/761 761/761/761 
f 761/761/761 761/761/761 636/636/636 
f 761/761/761 636/636/636 636/636/636 
f 636/636/636 636/636/636 575/575/575 
f 636/636/636 762/762/762 575/575/575 
f 575/575/575 762/762/762 762/762/762 
f 762/762/762 47/47/47 762/762/762 
f 762/762/762 47/47/47 47/47/47 
f 47/47/47 763/763/763 47/47/47 
f 47/47/47 763/763/763 764/764/764 
f 763/763/763 764/764/764 764/764/764 
f 764/764/764 764/764/764 765/765/765 
f 764/764/764 765/765/765 765/765/765 
f 765/765/765 765/765/765 22/22/22 
f 765/765/765 47/47/47 22/22/22 
f 22/22/22 47/47/47 766/766/766 
f 47/47/47 46/46/46 766/766/766 
f 766/766/766 46/46/46 32/32/32 
f 46/46/46 32/32/32 32/32/32 
f 32/32/32 32/32/32 767/767/767 
f 32/32/32 767/767/767 767/767/767 
f 767/767/767 767/767/767 768/768/768 
f 767/767/767 769/769/769 768/768/768 
f 768/768/768 769/769/769 770/770/770 
f 769/769/769 770/770/770 770/770/770 
f 770/770/770 770/770/770 769/769/769 
f 770/770/770 769/769/769 769/769/769 
f 769/769/769 769/769/769 771/771/771 
f 769/769/769 544/544/544 771/771/771 
f 771/771/771 544/544/544 544/544/544 
f 544/544/544 418/418/418 544/544/544 
f 544/544/544 418/418/418 418/418/418 
f 418/418/418 769/769/769 418/418/418 
f 418/418/418 769/769/769 772/772/772 
f 769/769/769 772/772/772 772/772/772 
f 772/772/772 772/772/772 418/418/418 
f 772/772/772 418/418/418 418/418/418 
f 418/418/418 418/418/418 773/773/773 
f 418/418/418 419/419/419 773/773/773 
f 773/773/773 419/419/419 419/419/419 
f 419/419/419 774/774/774 419/419/419 
f 419/419/419 774/774/774 774/774/774 
f 774/774/774 775/775/775 774/774/774 
f 774/774/774 775/775/775 773/773/773 
f 775/775/775 773/773/773 773/773/773 
f 773/773/773 773/773/773 774/774/774 
f 773/773/773 774/774/774 774/774/774 
f 774/774/774 774/774/774 776/776/776 
f 774/774/774 777/777/777 776/776/776 
f 776/776/776 777/777/777 777/777/777 
f 777/777/777 778/778/778 777/777/777 
f 777/777/777 778/778/778 778/778/778 
f 778/778/778 779/779/779 778/778/778 
f 778/778/778 779/779/779 776/776/776 
f 779/779/779 776/776/776 776/776/776 
f 776/776/776 776/776/776 778/778/778 
f 776/776/776 778/778/778 778/778/778 
f 778/778/778 778/778/778 774/774/774 
f 778/778/778 780/780/780 774/774/774 
f 774/774/774 780/780/780 781/781/781 
f 780/780/780 782/782/782 781/781/781 
f 781/781/781 782/782/782 781/781/781 
f 782/782/782 783/783/783 781/781/781 
f 781/781/781 783/783/783 781/781/781 
f 783/783/783 784/784/784 781/781/781 
f 781/781/781 784/784/784 781/781/781 
f 784/784/784 785/785/785 781/781/781 
f 781/781/781 785/785/785 774/774/774 
f 785/785/785 774/774/774 774/774/774 
f 774/774/774 774/774/774 782/782/782 
f 774/774/774 782/782/782 782/782/782 
f 782/782/782 782/782/782 786/786/786 
f 782/782/782 780/780/780 786/786/786 
f 786/786/786 780/780/780 787/787/787 
f 780/780/780 778/778/778 787/787/787 
f 787/787/787 778/778/778 423/423/423 
f 778/778/778 778/778/778 423/423/423 
f 423/423/423 778/778/778 420/420/420 
f 778/778/778 788/788/788 420/420/420 
f 420/420/420 788/788/788 788/788/788 
f 788/788/788 789/789/789 788/788/788 
f 788/788/788 789/789/789 789/789/789 
f 789/789/789 786/786/786 789/789/789 
f 789/789/789 786/786/786 787/787/787 
f 786/786/786 787/787/787 787/787/787 
f 787/787/787 787/787/787 790/790/790 
f 787/787/787 790/790/790 790/790/790 
f 790/790/790 790/790/790 787/787/787 
f 790/790/790 424/424/424 787/787/787 
f 787/787/787 424/424/424 424/424/424 
f 424/424/424 789/789/789 424/424/424 
f 424/424/424 789/789/789 789/789/789 
f 789/789/789 791/791/791 789/789/789 
f 789/789/789 791/791/791 424/424/424 
f 791/791/791 424/424/424 424/424/424 
f 424/424/424 424/424/424 792/792/792 
f 424/424/424 792/792/792 792/792/792 
f 792/792/792 792/792/792 793/793/793 
f 792/792/792 424/424/424 793/793/793 
f 793/793/793 424/424/424 794/794/794 
f 424/424/424 794/794/794 794/794/794 
f 794/794/794 794/794/794 446/446/446 
f 794/794/794 446/446/446 446/446/446 
f 446/446/446 446/446/446 794/794/794 
f 446/446/446 795/795/795 794/794/794 
f 794/794/794 795/795/795 795/795/795 
f 795/795/795 57/57/57 795/795/795 
f 795/795/795 57/57/57 57/57/57 
f 57/57/57 796/796/796 57/57/57 
f 57/57/57 796/796/796 797/797/797 
f 796/796/796 59/59/59 797/797/797 
f 797/797/797 59/59/59 59/59/59 
f 59/59/59 112/112/112 59/59/59 
f 59/59/59 112/112/112 112/112/112 
f 112/112/112 798/798/798 112/112/112 
f 112/112/112 798/798/798 799/799/799 
f 798/798/798 800/800/800 799/799/799 
f 799/799/799 800/800/800 799/799/799 
f 800/800/800 801/801/801 799/799/799 
f 799/799/799 801/801/801 799/799/799 
f 801/801/801 797/797/797 799/799/799 
f 799/799/799 797/797/797 799/799/799 
f 797/797/797 113/113/113 799/799/799 
f 799/799/799 113/113/113 802/802/802 
f 113/113/113 802/802/802 802/802/802 
f 802/802/802 802/802/802 519/519/519 
f 802/802/802 519/519/519 519/519/519 
f 519/519/519 519/519/519 798/798/798 
f 519/519/519 803/803/803 798/798/798 
f 798/798/798 803/803/803 800/800/800 
f 803/803/803 800/800/800 800/800/800 
f 800/800/800 800/800/800 802/802/802 
f 800/800/800 802/802/802 802/802/802 
f 802/802/802 802/802/802 798/798/798 
f 802/802/802 804/804/804 798/798/798 
f 798/798/798 804/804/804 805/805/805 
f 804/804/804 87/87/87 805/805/805 
f 805/805/805 87/87/87 87/87/87 
f 87/87/87 806/806/806 87/87/87 
f 87/87/87 806/806/806 806/806/806 
f 806/806/806 803/803/803 806/806/806 
f 806/806/806 803/803/803 807/807/807 
f 803/803/803 468/468/468 807/807/807 
f 807/807/807 468/468/468 468/468/468 
f 468/468/468 465/465/465 468/468/468 
f 468/468/468 465/465/465 465/465/465 
f 465/465/465 463/463/463 465/465/465 
f 465/465/465 463/463/463 807/807/807 
f 463/463/463 808/808/808 807/807/807 
f 807/807/807 808/808/808 809/809/809 
f 808/808/808 809/809/809 809/809/809 
f 809/809/809 809/809/809 463/463/463 
f 809/809/809 463/463/463 463/463/463 
f 463/463/463 463/463/463 808/808/808 
f 463/463/463 461/461/461 808/808/808 
f 808/808/808 461/461/461 810/810/810 
f 461/461/461 459/459/459 810/810/810 
f 810/810/810 459/459/459 481/481/481 
f 459/459/459 481/481/481 481/481/481 
f 481/481/481 481/481/481 811/811/811 
f 481/481/481 811/811/811 811/811/811 
f 811/811/811 811/811/811 812/812/812 
f 811/811/811 813/813/813 812/812/812 
f 812/812/812 813/813/813 810/810/810 
f 813/813/813 810/810/810 810/810/810 
f 810/810/810 810/810/810 808/808/808 
f 810/810/810 808/808/808 808/808/808 
f 808/808/808 808/808/808 800/800/800 
f 808/808/808 814/814/814 800/800/800 
f 800/800/800 814/814/814 814/814/814 
f 814/814/814 808/808/808 814/814/814 
f 814/814/814 808/808/808 808/808/808 
f 808/808/808 810/810/810 808/808/808 
f 808/808/808 810/810/810 815/815/815 
f 810/810/810 816/816/816 815/815/815 
f 815/815/815 816/816/816 816/816/816 
f 816/816/816 817/817/817 816/816/816 
f 816/816/816 817/817/817 817/817/817 
f 817/817/817 801/801/801 817/817/817 
f 817/817/817 801/801/801 816/816/816 
f 801/801/801 816/816/816 816/816/816 
f 816/816/816 816/816/816 818/818/818 
f 816/816/816 818/818/818 818/818/818 
f 818/818/818 818/818/818 816/816/816 
f 818/818/818 819/819/819 816/816/816 
f 816/816/816 819/819/819 820/820/820 
f 819/819/819 820/820/820 820/820/820 
f 820/820/820 820/820/820 41/41/41 
f 820/820/820 41/41/41 41/41/41 
f 41/41/41 41/41/41 821/821/821 
f 41/41/41 819/819/819 821/821/821 
f 821/821/821 819/819/819 819/819/819 
f 819/819/819 822/822/822 819/819/819 
f 819/819/819 822/822/822 822/822/822 
f 822/822/822 821/821/821 822/822/822 
f 822/822/822 821/821/821 823/823/823 
f 821/821/821 823/823/823 823/823/823 
f 823/823/823 823/823/823 824/824/824 
f 823/823/823 824/824/824 824/824/824 
f 824/824/824 824/824/824 823/823/823 
f 824/824/824 825/825/825 823/823/823 
f 823/823/823 825/825/825 825/825/825 
f 825/825/825 826/826/826 825/825/825 
f 825/825/825 826/826/826 826/826/826 
f 826/826/826 827/827/827 826/826/826 
f 826/826/826 827/827/827 824/824/824 
f 827/827/827 481/481/481 824/824/824 
f 824/824/824 481/481/481 481/481/481 
f 481/481/481 824/824/824 481/481/481 
f 481/481/481 824/824/824 824/824/824 
f 824/824/824 455/455/455 824/824/824 
f 824/824/824 455/455/455 828/828/828 
f 455/455/455 453/453/453 828/828/828 
f 828/828/828 453/453/453 829/829/829 
f 453/453/453 829/829/829 829/829/829 
f 829/829/829 829/829/829 453/453/453 
f 829/829/829 453/453/453 453/453/453 
f 453/453/453 453/453/453 830/830/830 
f 453/453/453 443/443/443 830/830/830 
f 830/830/830 443/443/443 830/830/830 
f 443/443/443 445/445/445 830/830/830 
f 830/830/830 445/445/445 831/831/831 
f 445/445/445 831/831/831 831/831/831 
f 831/831/831 831/831/831 832/832/832 
f 831/831/831 832/832/832 832/832/832 
f 832/832/832 832/832/832 830/830/830 
f 832/832/832 36/36/36 830/830/830 
f 830/830/830 36/36/36 36/36/36 
f 36/36/36 832/832/832 36/36/36 
f 36/36/36 832/832/832 832/832/832 
f 832/832/832 445/445/445 832/832/832 
f 832/832/832 445/445/445 833/833/833 
f 445/445/445 833/833/833 833/833/833 
f 833/833/833 833/833/833 834/834/834 
f 833/833/833 834/834/834 834/834/834 
f 834/834/834 834/834/834 127/127/127 
f 834/834/834 146/146/146 127/127/127 
f 127/127/127 146/146/146 127/127/127 
f 146/146/146 835/835/835 127/127/127 
f 127/127/127 835/835/835 127/127/127 
f 835/835/835 492/492/492 127/127/127 
f 127/127/127 492/492/492 836/836/836 
f 492/492/492 122/122/122 836/836/836 
f 836/836/836 122/122/122 122/122/122 
f 122/122/122 146/146/146 122/122/122 
f 122/122/122 146/146/146 146/146/146 
f 146/146/146 128/128/128 146/146/146 
f 146/146/146 128/128/128 837/837/837 
f 128/128/128 837/837/837 837/837/837 
f 837/837/837 837/837/837 645/645/645 
f 837/837/837 645/645/645 645/645/645 
f 645/645/645 645/645/645 838/838/838 
f 645/645/645 839/839/839 838/838/838 
f 838/838/838 839/839/839 839/839/839 
f 839/839/839 840/840/840 839/839/839 
f 839/839/839 840/840/840 840/840/840 
f 840/840/840 645/645/645 840/840/840 
f 840/840/840 645/645/645 841/841/841 
f 645/645/645 841/841/841 841/841/841 
f 841/841/841 841/841/841 840/840/840 
f 841/841/841 840/840/840 840/840/840 
f 840/840/840 840/840/840 842/842/842 
f 840/840/840 843/843/843 842/842/842 
f 842/842/842 843/843/843 843/843/843 
f 843/843/843 844/844/844 843/843/843 
f 843/843/843 844/844/844 844/844/844 
f 844/844/844 840/840/840 844/844/844 
f 844/844/844 840/840/840 845/845/845 
f 840/840/840 845/845/845 845/845/845 
f 845/845/845 845/845/845 844/844/844 
f 845/845/845 844/844/844 844/844/844 
f 844/844/844 844/844/844 768/768/768 
f 844/844/844 842/842/842 768/768/768 
f 768/768/768 842/842/842 842/842/842 
f 842/842/842 770/770/770 842/842/842 
f 842/842/842 770/770/770 770/770/770 
f 770/770/770 844/844/844 770/770/770 
f 770/770/770 844/844/844 846/846/846 
f 844/844/844 846/846/846 846/846/846 
f 846/846/846 846/846/846 645/645/645 
f 846/846/846 645/645/645 645/645/645 
f 645/645/645 645/645/645 847/847/847 
f 645/645/645 848/848/848 847/847/847 
f 847/847/847 848/848/848 848/848/848 
f 848/848/848 848/848/848 848/848/848 
f 848/848/848 848/848/848 848/848/848 
f 848/848/848 844/844/844 848/848/848 
f 848/848/848 844/844/844 849/849/849 
f 844/844/844 849/849/849 849/849/849 
f 849/849/849 849/849/849 850/850/850 
f 849/849/849 850/850/850 850/850/850 
f 850/850/850 850/850/850 847/847/847 
f 850/850/850 849/849/849 847/847/847 
f 847/847/847 849/849/849 849/849/849 
f 849/849/849 851/851/851 849/849/849 
f 849/849/849 851/851/851 851/851/851 
f 851/851/851 847/847/847 851/851/851 
f 851/851/851 847/847/847 646/646/646 
f 847/847/847 646/646/646 646/646/646 
f 646/646/646 646/646/646 852/852/852 
f 646/646/646 852/852/852 852/852/852 
f 852/852/852 852/852/852 847/847/847 
f 852/852/852 853/853/853 847/847/847 
f 847/847/847 853/853/853 853/853/853 
f 853/853/853 854/854/854 853/853/853 
f 853/853/853 854/854/854 854/854/854 
f 854/854/854 855/855/855 854/854/854 
f 854/854/854 855/855/855 847/847/847 
f 855/855/855 847/847/847 847/847/847 
f 847/847/847 847/847/847 856/856/856 
f 847/847/847 856/856/856 856/856/856 
f 856/856/856 856/856/856 854/854/854 
f 856/856/856 849/849/849 854/854/854 
f 854/854/854 849/849/849 854/854/854 
f 849/849/849 857/857/857 854/854/854 
f 854/854/854 857/857/857 858/858/858 
f 857/857/857 784/784/784 858/858/858 
f 858/858/858 784/784/784 859/859/859 
f 784/784/784 783/783/783 859/859/859 
f 859/859/859 783/783/783 783/783/783 
f 783/783/783 784/784/784 783/783/783 
f 783/783/783 784/784/784 784/784/784 
f 784/784/784 857/857/857 784/784/784 
f 784/784/784 857/857/857 785/785/785 
f 857/857/857 860/860/860 785/785/785 
f 785/785/785 860/860/860 860/860/860 
f 860/860/860 857/857/857 860/860/860 
f 860/860/860 857/857/857 857/857/857 
f 857/857/857 861/861/861 857/857/857 
f 857/857/857 861/861/861 862/862/862 
f 861/861/861 862/862/862 862/862/862 
f 862/862/862 862/862/862 859/859/859 
f 862/862/862 859/859/859 859/859/859 
f 859/859/859 859/859/859 863/863/863 
f 859/859/859 864/864/864 863/863/863 
f 863/863/863 864/864/864 864/864/864 
f 864/864/864 865/865/865 864/864/864 
f 864/864/864 865/865/865 865/865/865 
f 865/865/865 858/858/858 865/865/865 
f 865/865/865 858/858/858 866/866/866 
f 858/858/858 866/866/866 866/866/866 
f 866/866/866 866/866/866 867/867/867 
f 866/866/866 867/867/867 867/867/867 
f 867/867/867 867/867/867 858/858/858 
f 867/867/867 868/868/868 858/858/858 
f 858/858/858 868/868/868 868/868/868 
f 868/868/868 869/869/869 868/868/868 
f 868/868/868 869/869/869 869/869/869 
f 869/869/869 854/854/854 869/869/869 
f 869/869/869 854/854/854 866/866/866 
f 854/854/854 866/866/866 866/866/866 
f 866/866/866 866/866/866 855/855/855 
f 866/866/866 855/855/855 855/855/855 
f 855/855/855 855/855/855 870/870/870 
f 855/855/855 866/866/866 870/870/870 
f 870/870/870 866/866/866 866/866/866 
f 866/866/866 868/868/868 866/866/866 
f 866/866/866 868/868/868 868/868/868 
f 868/868/868 871/871/871 868/868/868 
f 868/868/868 871/871/871 870/870/870 
f 871/871/871 872/872/872 870/870/870 
f 870/870/870 872/872/872 870/870/870 
f 872/872/872 873/873/873 870/870/870 
f 870/870/870 873/873/873 874/874/874 
f 873/873/873 874/874/874 874/874/874 
f 874/874/874 874/874/874 875/875/875 
f 874/874/874 875/875/875 875/875/875 
f 875/875/875 875/875/875 870/870/870 
f 875/875/875 869/869/869 870/870/870 
f 870/870/870 869/869/869 869/869/869 
f 869/869/869 867/867/867 869/869/869 
f 869/869/869 867/867/867 867/867/867 
f 867/867/867 871/871/871 867/867/867 
f 867/867/867 871/871/871 876/876/876 
f 871/871/871 876/876/876 876/876/876 
f 876/876/876 876/876/876 869/869/869 
f 876/876/876 869/869/869 869/869/869 
f 869/869/869 869/869/869 853/853/853 
f 869/869/869 874/874/874 853/853/853 
f 853/853/853 874/874/874 874/874/874 
f 874/874/874 875/875/875 874/874/874 
f 874/874/874 875/875/875 875/875/875 
f 875/875/875 877/877/877 875/875/875 
f 875/875/875 877/877/877 853/853/853 
f 877/877/877 853/853/853 853/853/853 
f 853/853/853 853/853/853 647/647/647 
f 853/853/853 647/647/647 647/647/647 
f 647/647/647 647/647/647 878/878/878 
f 647/647/647 875/875/875 878/878/878 
f 878/878/878 875/875/875 873/873/873 
f 875/875/875 873/873/873 873/873/873 
f 873/873/873 873/873/873 872/872/872 
f 873/873/873 872/872/872 872/872/872 
f 872/872/872 872/872/872 873/873/873 
f 872/872/872 879/879/879 873/873/873 
f 873/873/873 879/879/879 880/880/880 
f 879/879/879 673/673/673 880/880/880 
f 880/880/880 673/673/673 881/881/881 
f 673/673/673 881/881/881 881/881/881 
f 881/881/881 881/881/881 882/882/882 
f 881/881/881 882/882/882 882/882/882 
f 882/882/882 882/882/882 880/880/880 
f 882/882/882 873/873/873 880/880/880 
f 880/880/880 873/873/873 873/873/873 
f 873/873/873 667/667/667 873/873/873 
f 873/873/873 667/667/667 667/667/667 
f 667/667/667 883/883/883 667/667/667 
f 667/667/667 883/883/883 880/880/880 
f 883/883/883 652/652/652 880/880/880 
f 880/880/880 652/652/652 652/652/652 
f 652/652/652 884/884/884 652/652/652 
f 652/652/652 884/884/884 884/884/884 
f 884/884/884 418/418/418 884/884/884 
f 884/884/884 418/418/418 885/885/885 
f 418/418/418 886/886/886 885/885/885 
f 885/885/885 886/886/886 885/885/885 
f 886/886/886 887/887/887 885/885/885 
f 885/885/885 887/887/887 844/844/844 
f 887/887/887 849/849/849 844/844/844 
f 844/844/844 849/849/849 849/849/849 
f 849/849/849 785/785/785 849/849/849 
f 849/849/849 785/785/785 785/785/785 
f 785/785/785 887/887/887 785/785/785 
f 785/785/785 887/887/887 773/773/773 
f 887/887/887 773/773/773 773/773/773 
f 773/773/773 773/773/773 888/888/888 
f 773/773/773 888/888/888 888/888/888 
f 888/888/888 888/888/888 674/674/674 
f 888/888/888 661/661/661 674/674/674 
f 674/674/674 661/661/661 889/889/889 
f 661/661/661 889/889/889 889/889/889 
f 889/889/889 889/889/889 890/890/890 
f 889/889/889 890/890/890 890/890/890 
f 890/890/890 890/890/890 891/891/891 
f 890/890/890 892/892/892 891/891/891 
f 891/891/891 892/892/892 891/891/891 
f 892/892/892 893/893/893 891/891/891 
f 891/891/891 893/893/893 894/894/894 
f 893/893/893 895/895/895 894/894/894 
f 894/894/894 895/895/895 895/895/895 
f 895/895/895 896/896/896 895/895/895 
f 895/895/895 896/896/896 896/896/896 
f 896/896/896 897/897/897 896/896/896 
f 896/896/896 897/897/897 894/894/894 
f 897/897/897 898/898/898 894/894/894 
f 894/894/894 898/898/898 891/891/891 
f 898/898/898 899/899/899 891/891/891 
f 891/891/891 899/899/899 890/890/890 
f 899/899/899 890/890/890 890/890/890 
f 890/890/890 890/890/890 900/900/900 
f 890/890/890 900/900/900 900/900/900 
f 900/900/900 900/900/900 894/894/894 
f 900/900/900 901/901/901 894/894/894 
f 894/894/894 901/901/901 901/901/901 
f 901/901/901 902/902/902 901/901/901 
f 901/901/901 902/902/902 902/902/902 
f 902/902/902 898/898/898 902/902/902 
f 902/902/902 898/898/898 903/903/903 
f 898/898/898 903/903/903 903/903/903 
f 903/903/903 903/903/903 904/904/904 
f 903/903/903 904/904/904 904/904/904 
f 904/904/904 904/904/904 890/890/890 
f 904/904/904 905/905/905 890/890/890 
f 890/890/890 905/905/905 905/905/905 
f 905/905/905 904/904/904 905/905/905 
f 905/905/905 904/904/904 904/904/904 
f 904/904/904 906/906/906 904/904/904 
f 904/904/904 906/906/906 907/907/907 
f 906/906/906 907/907/907 907/907/907 
f 907/907/907 907/907/907 908/908/908 
f 907/907/907 908/908/908 908/908/908 
f 908/908/908 908/908/908 907/907/907 
f 908/908/908 909/909/909 907/907/907 
f 907/907/907 909/909/909 909/909/909 
f 909/909/909 910/910/910 909/909/909 
f 909/909/909 910/910/910 910/910/910 
f 910/910/910 907/907/907 910/910/910 
f 910/910/910 907/907/907 911/911/911 
f 907/907/907 911/911/911 911/911/911 
f 911/911/911 911/911/911 912/912/912 
f 911/911/911 912/912/912 912/912/912 
f 912/912/912 912/912/912 910/910/910 
f 912/912/912 899/899/899 910/910/910 
f 910/910/910 899/899/899 913/913/913 
f 899/899/899 913/913/913 913/913/913 
f 913/913/913 913/913/913 914/914/914 
f 913/913/913 914/914/914 914/914/914 
f 914/914/914 914/914/914 915/915/915 
f 914/914/914 899/899/899 915/915/915 
f 915/915/915 899/899/899 899/899/899 
f 899/899/899 916/916/916 899/899/899 
f 899/899/899 916/916/916 916/916/916 
f 916/916/916 914/914/914 916/916/916 
f 916/916/916 914/914/914 913/913/913 
f 914/914/914 917/917/917 913/913/913 
f 913/913/913 917/917/917 917/917/917 
f 917/917/917 918/918/918 917/917/917 
f 917/917/917 918/918/918 918/918/918 
f 918/918/918 902/902/902 918/918/918 
f 918/918/918 902/902/902 914/914/914 
f 902/902/902 919/919/919 914/914/914 
f 914/914/914 919/919/919 919/919/919 
f 919/919/919 920/920/920 919/919/919 
f 919/919/919 920/920/920 920/920/920 
f 920/920/920 919/919/919 920/920/920 
f 920/920/920 919/919/919 917/917/917 
f 919/919/919 921/921/921 917/917/917 
f 917/917/917 921/921/921 921/921/921 
f 921/921/921 917/917/917 921/921/921 
f 921/921/921 917/917/917 917/917/917 
f 917/917/917 922/922/922 917/917/917 
f 917/917/917 922/922/922 923/923/923 
f 922/922/922 923/923/923 923/923/923 
f 923/923/923 923/923/923 922/922/922 
f 923/923/923 922/922/922 922/922/922 
f 922/922/922 922/922/922 913/913/913 
f 922/922/922 924/924/924 913/913/913 
f 913/913/913 924/924/924 924/924/924 
f 924/924/924 913/913/913 924/924/924 
f 924/924/924 913/913/913 913/913/913 
f 913/913/913 925/925/925 913/913/913 
f 913/913/913 925/925/925 926/926/926 
f 925/925/925 926/926/926 926/926/926 
f 926/926/926 926/926/926 910/910/910 
f 926/926/926 910/910/910 910/910/910 
f 910/910/910 910/910/910 927/927/927 
f 910/910/910 925/925/925 927/927/927 
f 927/927/927 925/925/925 928/928/928 
f 925/925/925 928/928/928 928/928/928 
f 928/928/928 928/928/928 925/925/925 
f 928/928/928 925/925/925 925/925/925 
f 925/925/925 925/925/925 929/929/929 
f 925/925/925 930/930/930 929/929/929 
f 929/929/929 930/930/930 931/931/931 
f 930/930/930 932/932/932 931/931/931 
f 931/931/931 932/932/932 931/931/931 
f 932/932/932 933/933/933 931/931/931 
f 931/931/931 933/933/933 934/934/934 
f 933/933/933 934/934/934 934/934/934 
f 934/934/934 934/934/934 931/931/931 
f 934/934/934 931/931/931 931/931/931 
f 931/931/931 931/931/931 935/935/935 
f 931/931/931 936/936/936 935/935/935 
f 935/935/935 936/936/936 936/936/936 
f 936/936/936 931/931/931 936/936/936 
f 936/936/936 931/931/931 931/931/931 
f 931/931/931 937/937/937 931/931/931 
f 931/931/931 937/937/937 938/938/938 
f 937/937/937 938/938/938 938/938/938 
f 938/938/938 938/938/938 938/938/938 
f 938/938/938 938/938/938 938/938/938 
f 938/938/938 938/938/938 939/939/939 
f 938/938/938 940/940/940 939/939/939 
f 939/939/939 940/940/940 940/940/940 
f 940/940/940 938/938/938 940/940/940 
f 940/940/940 938/938/938 938/938/938 
f 938/938/938 941/941/941 938/938/938 
f 938/938/938 941/941/941 942/942/942 
f 941/941/941 942/942/942 942/942/942 
f 942/942/942 942/942/942 941/941/941 
f 942/942/942 941/941/941 941/941/941 
f 941/941/941 941/941/941 943/943/943 
f 941/941/941 944/944/944 943/943/943 
f 943/943/943 944/944/944 944/944/944 
f 944/944/944 944/944/944 944/944/944 
f 944/944/944 944/944/944 944/944/944 
f 944/944/944 945/945/945 944/944/944 
f 944/944/944 945/945/945 946/946/946 
f 945/945/945 946/946/946 946/946/946 
f 946/946/946 946/946/946 947/947/947 
f 946/946/946 947/947/947 947/947/947 
f 947/947/947 947/947/947 948/948/948 
f 947/947/947 945/945/945 948/948/948 
f 948/948/948 945/945/945 949/949/949 
f 945/945/945 950/950/950 949/949/949 
f 949/949/949 950/950/950 950/950/950 
f 950/950/950 951/951/951 950/950/950 
f 950/950/950 951/951/951 951/951/951 
f 951/951/951 952/952/952 951/951/951 
f 951/951/951 952/952/952 950/950/950 
f 952/952/952 941/941/941 950/950/950 
f 950/950/950 941/941/941 941/941/941 
f 941/941/941 953/953/953 941/941/941 
f 941/941/941 953/953/953 953/953/953 
f 953/953/953 952/952/952 953/953/953 
f 953/953/953 952/952/952 954/954/954 
f 952/952/952 955/955/955 954/954/954 
f 954/954/954 955/955/955 955/955/955 
f 955/955/955 956/956/956 955/955/955 
f 955/955/955 956/956/956 956/956/956 
f 956/956/956 957/957/957 956/956/956 
f 956/956/956 957/957/957 955/955/955 
f 957/957/957 955/955/955 955/955/955 
f 955/955/955 955/955/955 958/958/958 
f 955/955/955 958/958/958 958/958/958 
f 958/958/958 958/958/958 955/955/955 
f 958/958/958 959/959/959 955/955/955 
f 955/955/955 959/959/959 959/959/959 
f 959/959/959 945/945/945 959/959/959 
f 959/959/959 945/945/945 945/945/945 
f 945/945/945 960/960/960 945/945/945 
f 945/945/945 960/960/960 961/961/961 
f 960/960/960 960/960/960 961/961/961 
f 961/961/961 960/960/960 958/958/958 
f 960/960/960 960/960/960 958/958/958 
f 958/958/958 960/960/960 962/962/962 
f 960/960/960 960/960/960 962/962/962 
f 962/962/962 960/960/960 963/963/963 
f 960/960/960 948/948/948 963/963/963 
f 963/963/963 948/948/948 963/963/963 
f 948/948/948 964/964/964 963/963/963 
f 963/963/963 964/964/964 965/965/965 
f 964/964/964 964/964/964 965/965/965 
f 965/965/965 964/964/964 966/966/966 
f 964/964/964 967/967/967 966/966/966 
f 966/966/966 967/967/967 967/967/967 
f 967/967/967 968/968/968 967/967/967 
f 967/967/967 968/968/968 968/968/968 
f 968/968/968 963/963/963 968/968/968 
f 968/968/968 963/963/963 965/965/965 
f 963/963/963 965/965/965 965/965/965 
f 965/965/965 965/965/965 967/967/967 
f 965/965/965 967/967/967 967/967/967 
f 967/967/967 967/967/967 969/969/969 
f 967/967/967 970/970/970 969/969/969 
f 969/969/969 970/970/970 970/970/970 
f 970/970/970 971/971/971 970/970/970 
f 970/970/970 971/971/971 971/971/971 
f 971/971/971 972/972/972 971/971/971 
f 971/971/971 972/972/972 967/967/967 
f 972/972/972 967/967/967 967/967/967 
f 967/967/967 967/967/967 968/968/968 
f 967/967/967 968/968/968 968/968/968 
f 968/968/968 968/968/968 973/973/973 
f 968/968/968 974/974/974 973/973/973 
f 973/973/973 974/974/974 974/974/974 
f 974/974/974 975/975/975 974/974/974 
f 974/974/974 975/975/975 975/975/975 
f 975/975/975 976/976/976 975/975/975 
f 975/975/975 976/976/976 970/970/970 
f 976/976/976 970/970/970 970/970/970 
f 970/970/970 970/970/970 971/971/971 
f 970/970/970 971/971/971 971/971/971 
f 971/971/971 971/971/971 977/977/977 
f 971/971/971 975/975/975 977/977/977 
f 977/977/977 975/975/975 975/975/975 
f 975/975/975 978/978/978 975/975/975 
f 975/975/975 978/978/978 978/978/978 
f 978/978/978 971/971/971 978/978/978 
f 978/978/978 971/971/971 979/979/979 
f 971/971/971 979/979/979 979/979/979 
f 979/979/979 979/979/979 980/980/980 
f 979/979/979 980/980/980 980/980/980 
f 980/980/980 980/980/980 979/979/979 
f 980/980/980 981/981/981 979/979/979 
f 979/979/979 981/981/981 981/981/981 
f 981/981/981 981/981/981 981/981/981 
f 981/981/981 981/981/981 981/981/981 
f 981/981/981 971/971/971 981/981/981 
f 981/981/981 971/971/971 982/982/982 
f 971/971/971 983/983/983 982/982/982 
f 982/982/982 983/983/983 982/982/982 
f 983/983/983 984/984/984 982/982/982 
f 982/982/982 984/984/984 982/982/982 
f 984/984/984 985/985/985 982/982/982 
f 982/982/982 985/985/985 986/986/986 
f 985/985/985 987/987/987 986/986/986 
f 986/986/986 987/987/987 988/988/988 
f 987/987/987 988/988/988 988/988/988 
f 988/988/988 988/988/988 982/982/982 
f 988/988/988 982/982/982 982/982/982 
f 982/982/982 982/982/982 981/981/981 
f 982/982/982 986/986/986 981/981/981 
f 981/981/981 986/986/986 986/986/986 
f 986/986/986 949/949/949 986/986/986 
f 986/986/986 949/949/949 949/949/949 
f 949/949/949 989/989/989 949/949/949 
f 949/949/949 989/989/989 990/990/990 
f 989/989/989 990/990/990 990/990/990 
f 990/990/990 990/990/990 949/949/949 
f 990/990/990 949/949/949 949/949/949 
f 949/949/949 949/949/949 985/985/985 
f 949/949/949 991/991/991 985/985/985 
f 985/985/985 991/991/991 987/987/987 
f 991/991/991 987/987/987 987/987/987 
f 987/987/987 987/987/987 985/985/985 
f 987/987/987 985/985/985 985/985/985 
f 985/985/985 985/985/985 992/992/992 
f 985/985/985 989/989/989 992/992/992 
f 992/992/992 989/989/989 989/989/989 
f 989/989/989 983/983/983 989/989/989 
f 989/989/989 983/983/983 983/983/983 
f 983/983/983 993/993/993 983/983/983 
f 983/983/983 993/993/993 989/989/989 
f 993/993/993 994/994/994 989/989/989 
f 989/989/989 994/994/994 994/994/994 
f 994/994/994 991/991/991 994/994/994 
f 994/994/994 991/991/991 991/991/991 
f 991/991/991 992/992/992 991/991/991 
f 991/991/991 992/992/992 995/995/995 
f 992/992/992 995/995/995 995/995/995 
f 995/995/995 995/995/995 996/996/996 
f 995/995/995 996/996/996 996/996/996 
f 996/996/996 996/996/996 941/941/941 
f 996/996/996 995/995/995 941/941/941 
f 941/941/941 995/995/995 995/995/995 
f 995/995/995 950/950/950 995/995/995 
f 995/995/995 950/950/950 950/950/950 
f 950/950/950 996/996/996 950/950/950 
f 950/950/950 996/996/996 991/991/991 
f 996/996/996 997/997/997 991/991/991 
f 991/991/991 997/997/997 997/997/997 
f 997/997/997 998/998/998 997/997/997 
f 997/997/997 998/998/998 998/998/998 
f 998/998/998 997/997/997 998/998/998 
f 998/998/998 997/997/997 999/999/999 
f 997/997/997 999/999/999 999/999/999 
f 999/999/999 999/999/999 1000/1000/1000 
f 999/999/999 1000/1000/1000 1000/1000/1000 
f 1000/1000/1000 1000/1000/1000 997/997/997 
f 1000/1000/1000 933/933/933 997/997/997 
f 997/997/997 933/933/933 933/933/933 
f 933/933/933 1001/1001/1001 933/933/933 
f 933/933/933 1001/1001/1001 1001/1001/1001 
f 1001/1001/1001 933/933/933 1001/1001/1001 
f 1001/1001/1001 933/933/933 1002/1002/1002 
f 933/933/933 1003/1003/1003 1002/1002/1002 
f 1002/1002/1002 1003/1003/1003 1004/1004/1004 
f 1003/1003/1003 1003/1003/1003 1004/1004/1004 
f 1004/1004/1004 1003/1003/1003 1005/1005/1005 
f 1003/1003/1003 1006/1006/1006 1005/1005/1005 
f 1005/1005/1005 1006/1006/1006 1006/1006/1006 
f 1006/1006/1006 1003/1003/1003 1006/1006/1006 
f 1006/1006/1006 1003/1003/1003 1003/1003/1003 
f 1003/1003/1003 1007/1007/1007 1003/1003/1003 
f 1003/1003/1003 1007/1007/1007 932/932/932 
f 1007/1007/1007 932/932/932 932/932/932 
f 932/932/932 932/932/932 932/932/932 
f 932/932/932 932/932/932 932/932/932 
f 932/932/932 932/932/932 1008/1008/1008 
f 932/932/932 1009/1009/1009 1008/1008/1008 
f 1008/1008/1008 1009/1009/1009 922/922/922 
f 1009/1009/1009 922/922/922 922/922/922 
f 922/922/922 922/922/922 922/922/922 
f 922/922/922 922/922/922 922/922/922 
f 922/922/922 922/922/922 1010/1010/1010 
f 922/922/922 930/930/930 1010/1010/1010 
f 1010/1010/1010 930/930/930 930/930/930 
f 930/930/930 922/922/922 930/930/930 
f 930/930/930 922/922/922 922/922/922 
f 922/922/922 1011/1011/1011 922/922/922 
f 922/922/922 1011/1011/1011 1012/1012/1012 
f 1011/1011/1011 1012/1012/1012 1012/1012/1012 
f 1012/1012/1012 1012/1012/1012 1013/1013/1013 
f 1012/1012/1012 1013/1013/1013 1013/1013/1013 
f 1013/1013/1013 1013/1013/1013 1008/1008/1008 
f 1013/1013/1013 1012/1012/1012 1008/1008/1008 
f 1008/1008/1008 1012/1012/1012 1012/1012/1012 
f 1012/1012/1012 1014/1014/1014 1012/1012/1012 
f 1012/1012/1012 1014/1014/1014 1014/1014/1014 
f 1014/1014/1014 921/921/921 1014/1014/1014 
f 1014/1014/1014 921/921/921 1012/1012/1012 
f 921/921/921 1012/1012/1012 1012/1012/1012 
f 1012/1012/1012 1012/1012/1012 1006/1006/1006 
f 1012/1012/1012 1006/1006/1006 1006/1006/1006 
f 1006/1006/1006 1006/1006/1006 1015/1015/1015 
f 1006/1006/1006 1016/1016/1016 1015/1015/1015 
f 1015/1015/1015 1016/1016/1016 1016/1016/1016 
f 1016/1016/1016 1017/1017/1017 1016/1016/1016 
f 1016/1016/1016 1017/1017/1017 1017/1017/1017 
f 1017/1017/1017 1018/1018/1018 1017/1017/1017 
f 1017/1017/1017 1018/1018/1018 1006/1006/1006 
f 1018/1018/1018 1019/1019/1019 1006/1006/1006 
f 1006/1006/1006 1019/1019/1019 1019/1019/1019 
f 1019/1019/1019 1019/1019/1019 1019/1019/1019 
f 1019/1019/1019 1019/1019/1019 1019/1019/1019 
f 1019/1019/1019 1020/1020/1020 1019/1019/1019 
f 1019/1019/1019 1020/1020/1020 1021/1021/1021 
f 1020/1020/1020 1021/1021/1021 1021/1021/1021 
f 1021/1021/1021 1021/1021/1021 1022/1022/1022 
f 1021/1021/1021 1022/1022/1022 1022/1022/1022 
f 1022/1022/1022 1022/1022/1022 1023/1023/1023 
f 1022/1022/1022 1019/1019/1019 1023/1023/1023 
f 1023/1023/1023 1019/1019/1019 1019/1019/1019 
f 1019/1019/1019 1019/1019/1019 1019/1019/1019 
f 1019/1019/1019 1019/1019/1019 1019/1019/1019 
f 1019/1019/1019 1024/1024/1024 1019/1019/1019 
f 1019/1019/1019 1024/1024/1024 1025/1025/1025 
f 1024/1024/1024 1005/1005/1005 1025/1025/1025 
f 1025/1025/1025 1005/1005/1005 1005/1005/1005 
f 1005/1005/1005 1024/1024/1024 1005/1005/1005 
f 1005/1005/1005 1024/1024/1024 1024/1024/1024 
f 1024/1024/1024 1019/1019/1019 1024/1024/1024 
f 1024/1024/1024 1019/1019/1019 1026/1026/1026 
f 1019/1019/1019 1027/1027/1027 1026/1026/1026 
f 1026/1026/1026 1027/1027/1027 1026/1026/1026 
f 1027/1027/1027 1028/1028/1028 1026/1026/1026 
f 1026/1026/1026 1028/1028/1028 1026/1026/1026 
f 1028/1028/1028 1029/1029/1029 1026/1026/1026 
f 1026/1026/1026 1029/1029/1029 1026/1026/1026 
f 1029/1029/1029 1030/1030/1030 1026/1026/1026 
f 1026/1026/1026 1030/1030/1030 1024/1024/1024 
f 1030/1030/1030 1031/1031/1031 1024/1024/1024 
f 1024/1024/1024 1031/1031/1031 1005/1005/1005 
f 1031/1031/1031 1032/1032/1032 1005/1005/1005 
f 1005/1005/1005 1032/1032/1032 1004/1004/1004 
f 1032/1032/1032 1033/1033/1033 1004/1004/1004 
f 1004/1004/1004 1033/1033/1033 1034/1034/1034 
f 1033/1033/1033 1035/1035/1035 1034/1034/1034 
f 1034/1034/1034 1035/1035/1035 1036/1036/1036 
f 1035/1035/1035 1037/1037/1037 1036/1036/1036 
f 1036/1036/1036 1037/1037/1037 1038/1038/1038 
f 1037/1037/1037 1039/1039/1039 1038/1038/1038 
f 1038/1038/1038 1039/1039/1039 1040/1040/1040 
f 1039/1039/1039 1041/1041/1041 1040/1040/1040 
f 1040/1040/1040 1041/1041/1041 1042/1042/1042 
f 1041/1041/1041 1043/1043/1043 1042/1042/1042 
f 1042/1042/1042 1043/1043/1043 1044/1044/1044 
f 1043/1043/1043 1045/1045/1045 1044/1044/1044 
f 1044/1044/1044 1045/1045/1045 1046/1046/1046 
f 1045/1045/1045 1047/1047/1047 1046/1046/1046 
f 1046/1046/1046 1047/1047/1047 1048/1048/1048 
f 1047/1047/1047 1049/1049/1049 1048/1048/1048 
f 1048/1048/1048 1049/1049/1049 1050/1050/1050 
f 1049/1049/1049 1051/1051/1051 1050/1050/1050 
f 1050/1050/1050 1051/1051/1051 1052/1052/1052 
f 1051/1051/1051 1053/1053/1053 1052/1052/1052 
f 1052/1052/1052 1053/1053/1053 1054/1054/1054 
f 1053/1053/1053 1055/1055/1055 1054/1054/1054 
f 1054/1054/1054 1055/1055/1055 1056/1056/1056 
f 1055/1055/1055 1057/1057/1057 1056/1056/1056 
f 1056/1056/1056 1057/1057/1057 1058/1058/1058 
f 1057/1057/1057 1059/1059/1059 1058/1058/1058 
f 1058/1058/1058 1059/1059/1059 1060/1060/1060 
f 1059/1059/1059 1061/1061/1061 1060/1060/1060 
f 1060/1060/1060 1061/1061/1061 1062/1062/1062 
f 1061/1061/1061 1063/1063/1063 1062/1062/1062 
f 1062/1062/1062 1063/1063/1063 1064/1064/1064 
f 1063/1063/1063 1065/1065/1065 1064/1064/1064 
f 1064/1064/1064 1065/1065/1065 1066/1066/1066 
f 1065/1065/1065 1067/1067/1067 1066/1066/1066 
f 1066/1066/1066 1067/1067/1067 1068/1068/1068 
f 1067/1067/1067 1069/1069/1069 1068/1068/1068 
f 1068/1068/1068 1069/1069/1069 1070/1070/1070 
f 1069/1069/1069 1071/1071/1071 1070/1070/1070 
f 1070/1070/1070 1071/1071/1071 1072/1072/1072 
f 1071/1071/1071 1073/1073/1073 1072/1072/1072 
f 1072/1072/1072 1073/1073/1073 1074/1074/1074 
f 1073/1073/1073 1075/1075/1075 1074/1074/1074 
f 1074/1074/1074 1075/1075/1075 1076/1076/1076 
f 1075/1075/1075 1077/1077/1077 1076/1076/1076 
f 1076/1076/1076 1077/1077/1077 1078/1078/1078 
f 1077/1077/1077 1079/1079/1079 1078/1078/1078 
f 1078/1078/1078 1079/1079/1079 1080/1080/1080 
f 1079/1079/1079 1081/1081/1081 1080/1080/1080 
f 1080/1080/1080 1081/1081/1081 1082/1082/1082 
f 1081/1081/1081 1083/1083/1083 1082/1082/1082 
f 1082/1082/1082 1083/1083/1083 1084/1084/1084 
f 1083/1083/1083 1085/1085/1085 1084/1084/1084 
f 1084/1084/1084 1085/1085/1085 1086/1086/1086 
f 1085/1085/1085 1087/1087/1087 1086/1086/1086 
f 1086/1086/1086 1087/1087/1087 1088/1088/1088 
f 1087/1087/1087 1089/1089/1089 1088/1088/1088 
f 1088/1088/1088 1089/1089/1089 1090/1090/1090 
f 1089/1089/1089 1091/1091/1091 1090/1090/1090 
f 1090/1090/1090 1091/1091/1091 1092/1092/1092 
f 1091/1091/1091 1093/1093/1093 1092/1092/1092 
f 1092/1092/1092 1093/1093/1093 1094/1094/1094 
f 1093/1093/1093 1095/1095/1095 1094/1094/1094 
f 1094/1094/1094 1095/1095/1095 1096/1096/1096 
f 1095/1095/1095 1097/1097/1097 1096/1096/1096 
f 1096/1096/1096 1097/1097/1097 1098/1098/1098 
f 1097/1097/1097 1099/1099/1099 1098/1098/1098 
f 1098/1098/1098 1099/1099/1099 1100/1100/1100 
f 1099/1099/1099 1101/1101/1101 1100/1100/1100 
f 1100/1100/1100 1101/1101/1101 1102/1102/1102 
f 1101/1101/1101 1103/1103/1103 1102/1102/1102 
f 1102/1102/1102 1103/1103/1103 1104/1104/1104 
f 1103/1103/1103 1105/1105/1105 1104/1104/1104 
f 1104/1104/1104 1105/1105/1105 1106/1106/1106 
f 1105/1105/1105 1107/1107/1107 1106/1106/1106 
f 1106/1106/1106 1107/1107/1107 1108/1108/1108 
f 1107/1107/1107 1109/1109/1109 1108/1108/1108 
f 1108/1108/1108 1109/1109/1109 1110/1110/1110 
f 1109/1109/1109 1111/1111/1111 1110/1110/1110 
f 1110/1110/1110 1111/1111/1111 1112/1112/1112 
f 1111/1111/1111 1113/1113/1113 1112/1112/1112 
f 1112/1112/1112 1113/1113/1113 1114/1114/1114 
f 1113/1113/1113 1115/1115/1115 1114/1114/1114 
f 1114/1114/1114 1115/1115/1115 1116/1116/1116 
f 1115/1115/1115 1117/1117/1117 1116/1116/1116 
f 1116/1116/1116 1117/1117/1117 1118/1118/1118 
f 1117/1117/1117 1119/1119/1119 1118/1118/1118 
f 1118/1118/1118 1119/1119/1119 1028/1028/1028 
f 1119/1119/1119 1029/1029/1029 1028/1028/1028 
f 1028/1028/1028 1029/1029/1029 1029/1029/1029 
f 1029/1029/1029 1004/1004/1004 1029/1029/1029 
f 1029/1029/1029 1004/1004/1004 1004/1004/1004 
f 1004/1004/1004 1034/1034/1034 1004/1004/1004 
f 1004/1004/1004 1034/1034/1034 1002/1002/1002 
f 1034/1034/1034 1034/1034/1034 1002/1002/1002 
f 1002/1002/1002 1034/1034/1034 1120/1120/1120 
f 1034/1034/1034 1036/1036/1036 1120/1120/1120 
f 1120/1120/1120 1036/1036/1036 1036/1036/1036 
f 1036/1036/1036 1121/1121/1121 1036/1036/1036 
f 1036/1036/1036 1121/1121/1121 1121/1121/1121 
f 1121/1121/1121 1122/1122/1122 1121/1121/1121 
f 1121/1121/1121 1122/1122/1122 1027/1027/1027 
f 1122/1122/1122 1122/1122/1122 1027/1027/1027 
f 1027/1027/1027 1122/1122/1122 1028/1028/1028 
f 1122/1122/1122 1122/1122/1122 1028/1028/1028 
f 1028/1028/1028 1122/1122/1122 1118/1118/1118 
f 1122/1122/1122 1123/1123/1123 1118/1118/1118 
f 1118/1118/1118 1123/1123/1123 1116/1116/1116 
f 1123/1123/1123 1124/1124/1124 1116/1116/1116 
f 1116/1116/1116 1124/1124/1124 1114/1114/1114 
f 1124/1124/1124 1125/1125/1125 1114/1114/1114 
f 1114/1114/1114 1125/1125/1125 1112/1112/1112 
f 1125/1125/1125 1126/1126/1126 1112/1112/1112 
f 1112/1112/1112 1126/1126/1126 1110/1110/1110 
f 1126/1126/1126 1127/1127/1127 1110/1110/1110 
f 1110/1110/1110 1127/1127/1127 1108/1108/1108 
f 1127/1127/1127 1128/1128/1128 1108/1108/1108 
f 1108/1108/1108 1128/1128/1128 1106/1106/1106 
f 1128/1128/1128 1129/1129/1129 1106/1106/1106 
f 1106/1106/1106 1129/1129/1129 1104/1104/1104 
f 1129/1129/1129 1130/1130/1130 1104/1104/1104 
f 1104/1104/1104 1130/1130/1130 1102/1102/1102 
f 1130/1130/1130 1131/1131/1131 1102/1102/1102 
f 1102/1102/1102 1131/1131/1131 1100/1100/1100 
f 1131/1131/1131 1132/1132/1132 1100/1100/1100 
f 1100/1100/1100 1132/1132/1132 1098/1098/1098 
f 1132/1132/1132 1133/1133/1133 1098/1098/1098 
f 1098/1098/1098 1133/1133/1133 1096/1096/1096 
f 1133/1133/1133 1134/1134/1134 1096/1096/1096 
f 1096/1096/1096 1134/1134/1134 1094/1094/1094 
f 1134/1134/1134 1135/1135/1135 1094/1094/1094 
f 1094/1094/1094 1135/1135/1135 1092/1092/1092 
f 1135/1135/1135 1136/1136/1136 1092/1092/1092 
f 1092/1092/1092 1136/1136/1136 1136/1136/1136 
f 1136/1136/1136 1137/1137/1137 1136/1136/1136 
f 1136/1136/1136 1137/1137/1137 1137/1137/1137 
f 1137/1137/1137 1027/1027/1027 1137/1137/1137 
f 1137/1137/1137 1027/1027/1027 1138/1138/1138 
f 1027/1027/1027 1138/1138/1138 1138/1138/1138 
f 1138/1138/1138 1138/1138/1138 1139/1139/1139 
f 1138/1138/1138 1139/1139/1139 1139/1139/1139 
f 1139/1139/1139 1139/1139/1139 1122/1122/1122 
f 1139/1139/1139 1140/1140/1140 1122/1122/1122 
f 1122/1122/1122 1140/1140/1140 1123/1123/1123 
f 1140/1140/1140 1141/1141/1141 1123/1123/1123 
f 1123/1123/1123 1141/1141/1141 1141/1141/1141 
f 1141/1141/1141 1124/1124/1124 1141/1141/1141 
f 1141/1141/1141 1124/1124/1124 1124/1124/1124 
f 1124/1124/1124 1123/1123/1123 1124/1124/1124 
f 1124/1124/1124 1123/1123/1123 1142/1142/1142 
f 1123/1123/1123 1142/1142/1142 1142/1142/1142 
f 1142/1142/1142 1142/1142/1142 1125/1125/1125 
f 1142/1142/1142 1125/1125/1125 1125/1125/1125 
f 1125/1125/1125 1125/1125/1125 1143/1143/1143 
f 1125/1125/1125 1124/1124/1124 1143/1143/1143 
f 1143/1143/1143 1124/1124/1124 1124/1124/1124 
f 1124/1124/1124 1136/1136/1136 1124/1124/1124 
f 1124/1124/1124 1136/1136/1136 1136/1136/1136 
f 1136/1136/1136 1144/1144/1144 1136/1136/1136 
f 1136/1136/1136 1144/1144/1144 1145/1145/1145 
f 1144/1144/1144 1145/1145/1145 1145/1145/1145 
f 1145/1145/1145 1145/1145/1145 1134/1134/1134 
f 1145/1145/1145 1134/1134/1134 1134/1134/1134 
f 1134/1134/1134 1134/1134/1134 1146/1146/1146 
f 1134/1134/1134 1147/1147/1147 1146/1146/1146 
f 1146/1146/1146 1147/1147/1147 1147/1147/1147 
f 1147/1147/1147 1135/1135/1135 1147/1147/1147 
f 1147/1147/1147 1135/1135/1135 1135/1135/1135 
f 1135/1135/1135 1148/1148/1148 1135/1135/1135 
f 1135/1135/1135 1148/1148/1148 1146/1146/1146 
f 1148/1148/1148 1146/1146/1146 1146/1146/1146 
f 1146/1146/1146 1146/1146/1146 1135/1135/1135 
f 1146/1146/1146 1135/1135/1135 1135/1135/1135 
f 1135/1135/1135 1135/1135/1135 1149/1149/1149 
f 1135/1135/1135 1150/1150/1150 1149/1149/1149 
f 1149/1149/1149 1150/1150/1150 1150/1150/1150 
f 1150/1150/1150 1151/1151/1151 1150/1150/1150 
f 1150/1150/1150 1151/1151/1151 1151/1151/1151 
f 1151/1151/1151 1152/1152/1152 1151/1151/1151 
f 1151/1151/1151 1152/1152/1152 1153/1153/1153 
f 1152/1152/1152 1153/1153/1153 1153/1153/1153 
f 1153/1153/1153 1153/1153/1153 1152/1152/1152 
f 1153/1153/1153 1152/1152/1152 1152/1152/1152 
f 1152/1152/1152 1152/1152/1152 1154/1154/1154 
f 1152/1152/1152 1155/1155/1155 1154/1154/1154 
f 1154/1154/1154 1155/1155/1155 1155/1155/1155 
f 1155/1155/1155 1156/1156/1156 1155/1155/1155 
f 1155/1155/1155 1156/1156/1156 1156/1156/1156 
f 1156/1156/1156 1152/1152/1152 1156/1156/1156 
f 1156/1156/1156 1152/1152/1152 1157/1157/1157 
f 1152/1152/1152 1157/1157/1157 1157/1157/1157 
f 1157/1157/1157 1157/1157/1157 1152/1152/1152 
f 1157/1157/1157 1152/1152/1152 1152/1152/1152 
f 1152/1152/1152 1152/1152/1152 1158/1158/1158 
f 1152/1152/1152 1159/1159/1159 1158/1158/1158 
f 1158/1158/1158 1159/1159/1159 1159/1159/1159 
f 1159/1159/1159 1160/1160/1160 1159/1159/1159 
f 1159/1159/1159 1160/1160/1160 1160/1160/1160 
f 1160/1160/1160 1161/1161/1161 1160/1160/1160 
f 1160/1160/1160 1161/1161/1161 1162/1162/1162 
f 1161/1161/1161 1162/1162/1162 1162/1162/1162 
f 1162/1162/1162 1162/1162/1162 1163/1163/1163 
f 1162/1162/1162 1163/1163/1163 1163/1163/1163 
f 1163/1163/1163 1163/1163/1163 1164/1164/1164 
f 1163/1163/1163 1165/1165/1165 1164/1164/1164 
f 1164/1164/1164 1165/1165/1165 1164/1164/1164 
f 1165/1165/1165 1166/1166/1166 1164/1164/1164 
f 1164/1164/1164 1166/1166/1166 1164/1164/1164 
f 1166/1166/1166 1159/1159/1159 1164/1164/1164 
f 1164/1164/1164 1159/1159/1159 1164/1164/1164 
f 1159/1159/1159 1162/1162/1162 1164/1164/1164 
f 1164/1164/1164 1162/1162/1162 1167/1167/1167 
f 1162/1162/1162 1167/1167/1167 1167/1167/1167 
f 1167/1167/1167 1167/1167/1167 1164/1164/1164 
f 1167/1167/1167 1164/1164/1164 1164/1164/1164 
f 1164/1164/1164 1164/1164/1164 1168/1168/1168 
f 1164/1164/1164 1169/1169/1169 1168/1168/1168 
f 1168/1168/1168 1169/1169/1169 1169/1169/1169 
f 1169/1169/1169 1155/1155/1155 1169/1169/1169 
f 1169/1169/1169 1155/1155/1155 1155/1155/1155 
f 1155/1155/1155 1149/1149/1149 1155/1155/1155 
f 1155/1155/1155 1149/1149/1149 1170/1170/1170 
f 1149/1149/1149 1171/1171/1171 1170/1170/1170 
f 1170/1170/1170 1171/1171/1171 1171/1171/1171 
f 1171/1171/1171 1155/1155/1155 1171/1171/1171 
f 1171/1171/1171 1155/1155/1155 1155/1155/1155 
f 1155/1155/1155 1153/1153/1153 1155/1155/1155 
f 1155/1155/1155 1153/1153/1153 1149/1149/1149 
f 1153/1153/1153 1149/1149/1149 1149/1149/1149 
f 1149/1149/1149 1149/1149/1149 1172/1172/1172 
f 1149/1149/1149 1172/1172/1172 1172/1172/1172 
f 1172/1172/1172 1172/1172/1172 1173/1173/1173 
f 1172/1172/1172 1174/1174/1174 1173/1173/1173 
f 1173/1173/1173 1174/1174/1174 1175/1175/1175 
f 1174/1174/1174 1174/1174/1174 1175/1175/1175 
f 1175/1175/1175 1174/1174/1174 1176/1176/1176 
f 1174/1174/1174 1174/1174/1174 1176/1176/1176 
f 1176/1176/1176 1174/1174/1174 1162/1162/1162 
f 1174/1174/1174 1174/1174/1174 1162/1162/1162 
f 1162/1162/1162 1174/1174/1174 1169/1169/1169 
f 1174/1174/1174 1177/1177/1177 1169/1169/1169 
f 1169/1169/1169 1177/1177/1177 1169/1169/1169 
f 1177/1177/1177 1178/1178/1178 1169/1169/1169 
f 1169/1169/1169 1178/1178/1178 1179/1179/1179 
f 1178/1178/1178 1180/1180/1180 1179/1179/1179 
f 1179/1179/1179 1180/1180/1180 1180/1180/1180 
f 1180/1180/1180 1181/1181/1181 1180/1180/1180 
f 1180/1180/1180 1181/1181/1181 1181/1181/1181 
f 1181/1181/1181 1182/1182/1182 1181/1181/1181 
f 1181/1181/1181 1182/1182/1182 1183/1183/1183 
f 1182/1182/1182 1183/1183/1183 1183/1183/1183 
f 1183/1183/1183 1183/1183/1183 1183/1183/1183 
f 1183/1183/1183 1183/1183/1183 1183/1183/1183 
f 1183/1183/1183 1183/1183/1183 1184/1184/1184 
f 1183/1183/1183 1185/1185/1185 1184/1184/1184 
f 1184/1184/1184 1185/1185/1185 1165/1165/1165 
f 1185/1185/1185 1186/1186/1186 1165/1165/1165 
f 1165/1165/1165 1186/1186/1186 1186/1186/1186 
f 1186/1186/1186 1165/1165/1165 1186/1186/1186 
f 1186/1186/1186 1165/1165/1165 1165/1165/1165 
f 1165/1165/1165 1179/1179/1179 1165/1165/1165 
f 1165/1165/1165 1179/1179/1179 1184/1184/1184 
f 1179/1179/1179 1187/1187/1187 1184/1184/1184 
f 1184/1184/1184 1187/1187/1187 1184/1184/1184 
f 1187/1187/1187 1181/1181/1181 1184/1184/1184 
f 1184/1184/1184 1181/1181/1181 1188/1188/1188 
f 1181/1181/1181 1188/1188/1188 1188/1188/1188 
f 1188/1188/1188 1188/1188/1188 1189/1189/1189 
f 1188/1188/1188 1189/1189/1189 1189/1189/1189 
f 1189/1189/1189 1189/1189/1189 1188/1188/1188 
f 1189/1189/1189 1185/1185/1185 1188/1188/1188 
f 1188/1188/1188 1185/1185/1185 1185/1185/1185 
f 1185/1185/1185 1190/1190/1190 1185/1185/1185 
f 1185/1185/1185 1190/1190/1190 1190/1190/1190 
f 1190/1190/1190 1191/1191/1191 1190/1190/1190 
f 1190/1190/1190 1191/1191/1191 1192/1192/1192 
f 1191/1191/1191 1192/1192/1192 1192/1192/1192 
f 1192/1192/1192 1192/1192/1192 1186/1186/1186 
f 1192/1192/1192 1186/1186/1186 1186/1186/1186 
f 1186/1186/1186 1186/1186/1186 1193/1193/1193 
f 1186/1186/1186 1194/1194/1194 1193/1193/1193 
f 1193/1193/1193 1194/1194/1194 1194/1194/1194 
f 1194/1194/1194 1156/1156/1156 1194/1194/1194 
f 1194/1194/1194 1156/1156/1156 1156/1156/1156 
f 1156/1156/1156 1194/1194/1194 1156/1156/1156 
f 1156/1156/1156 1194/1194/1194 1195/1195/1195 
f 1194/1194/1194 1195/1195/1195 1195/1195/1195 
f 1195/1195/1195 1195/1195/1195 1196/1196/1196 
f 1195/1195/1195 1196/1196/1196 1196/1196/1196 
f 1196/1196/1196 1196/1196/1196 1197/1197/1197 
f 1196/1196/1196 1195/1195/1195 1197/1197/1197 
f 1197/1197/1197 1195/1195/1195 1195/1195/1195 
f 1195/1195/1195 1196/1196/1196 1195/1195/1195 
f 1195/1195/1195 1196/1196/1196 1196/1196/1196 
f 1196/1196/1196 1185/1185/1185 1196/1196/1196 
f 1196/1196/1196 1185/1185/1185 1198/1198/1198 
f 1185/1185/1185 1198/1198/1198 1198/1198/1198 
f 1198/1198/1198 1198/1198/1198 1199/1199/1199 
f 1198/1198/1198 1199/1199/1199 1199/1199/1199 
f 1199/1199/1199 1199/1199/1199 1191/1191/1191 
f 1199/1199/1199 1196/1196/1196 1191/1191/1191 
f 1191/1191/1191 1196/1196/1196 1196/1196/1196 
f 1196/1196/1196 1191/1191/1191 1196/1196/1196 
f 1196/1196/1196 1191/1191/1191 1191/1191/1191 
f 1191/1191/1191 1188/1188/1188 1191/1191/1191 
f 1191/1191/1191 1188/1188/1188 1200/1200/1200 
f 1188/1188/1188 1201/1201/1201 1200/1200/1200 
f 1200/1200/1200 1201/1201/1201 1201/1201/1201 
f 1201/1201/1201 1199/1199/1199 1201/1201/1201 
f 1201/1201/1201 1199/1199/1199 1199/1199/1199 
f 1199/1199/1199 1198/1198/1198 1199/1199/1199 
f 1199/1199/1199 1198/1198/1198 1190/1190/1190 
f 1198/1198/1198 1190/1190/1190 1190/1190/1190 
f 1190/1190/1190 1190/1190/1190 1202/1202/1202 
f 1190/1190/1190 1202/1202/1202 1202/1202/1202 
f 1202/1202/1202 1202/1202/1202 1203/1203/1203 
f 1202/1202/1202 1190/1190/1190 1203/1203/1203 
f 1203/1203/1203 1190/1190/1190 1190/1190/1190 
f 1190/1190/1190 1190/1190/1190 1190/1190/1190 
f 1190/1190/1190 1190/1190/1190 1190/1190/1190 
f 1190/1190/1190 1204/1204/1204 1190/1190/1190 
f 1190/1190/1190 1204/1204/1204 1205/1205/1205 
f 1204/1204/1204 1205/1205/1205 1205/1205/1205 
f 1205/1205/1205 1205/1205/1205 1201/1201/1201 
f 1205/1205/1205 1201/1201/1201 1201/1201/1201 
f 1201/1201/1201 1201/1201/1201 1204/1204/1204 
f 1201/1201/1201 1206/1206/1206 1204/1204/1204 
f 1204/1204/1204 1206/1206/1206 1203/1203/1203 
f 1206/1206/1206 1207/1207/1207 1203/1203/1203 
f 1203/1203/1203 1207/1207/1207 1207/1207/1207 
f 1207/1207/1207 1208/1208/1208 1207/1207/1207 
f 1207/1207/1207 1208/1208/1208 1208/1208/1208 
f 1208/1208/1208 1203/1203/1203 1208/1208/1208 
f 1208/1208/1208 1203/1203/1203 1209/1209/1209 
f 1203/1203/1203 1209/1209/1209 1209/1209/1209 
f 1209/1209/1209 1209/1209/1209 1210/1210/1210 
f 1209/1209/1209 1210/1210/1210 1210/1210/1210 
f 1210/1210/1210 1210/1210/1210 1211/1211/1211 
f 1210/1210/1210 1208/1208/1208 1211/1211/1211 
f 1211/1211/1211 1208/1208/1208 1208/1208/1208 
f 1208/1208/1208 1212/1212/1212 1208/1208/1208 
f 1208/1208/1208 1212/1212/1212 1212/1212/1212 
f 1212/1212/1212 1210/1210/1210 1212/1212/1212 
f 1212/1212/1212 1210/1210/1210 1213/1213/1213 
f 1210/1210/1210 1213/1213/1213 1213/1213/1213 
f 1213/1213/1213 1213/1213/1213 1212/1212/1212 
f 1213/1213/1213 1212/1212/1212 1212/1212/1212 
f 1212/1212/1212 1212/1212/1212 1214/1214/1214 
f 1212/1212/1212 1215/1215/1215 1214/1214/1214 
f 1214/1214/1214 1215/1215/1215 1215/1215/1215 
f 1215/1215/1215 1203/1203/1203 1215/1215/1215 
f 1215/1215/1215 1203/1203/1203 1203/1203/1203 
f 1203/1203/1203 1216/1216/1216 1203/1203/1203 
f 1203/1203/1203 1216/1216/1216 1217/1217/1217 
f 1216/1216/1216 1218/1218/1218 1217/1217/1217 
f 1217/1217/1217 1218/1218/1218 1219/1219/1219 
f 1218/1218/1218 1219/1219/1219 1219/1219/1219 
f 1219/1219/1219 1219/1219/1219 1210/1210/1210 
f 1219/1219/1219 1210/1210/1210 1210/1210/1210 
f 1210/1210/1210 1210/1210/1210 1215/1215/1215 
f 1210/1210/1210 1217/1217/1217 1215/1215/1215 
f 1215/1215/1215 1217/1217/1217 1217/1217/1217 
f 1217/1217/1217 1218/1218/1218 1217/1217/1217 
f 1217/1217/1217 1218/1218/1218 1218/1218/1218 
f 1218/1218/1218 1220/1220/1220 1218/1218/1218 
f 1218/1218/1218 1220/1220/1220 1215/1215/1215 
f 1220/1220/1220 1215/1215/1215 1215/1215/1215 
f 1215/1215/1215 1215/1215/1215 1221/1221/1221 
f 1215/1215/1215 1221/1221/1221 1221/1221/1221 
f 1221/1221/1221 1221/1221/1221 1215/1215/1215 
f 1221/1221/1221 1222/1222/1222 1215/1215/1215 
f 1215/1215/1215 1222/1222/1222 1222/1222/1222 
f 1222/1222/1222 1221/1221/1221 1222/1222/1222 
f 1222/1222/1222 1221/1221/1221 1221/1221/1221 
f 1221/1221/1221 1223/1223/1223 1221/1221/1221 
f 1221/1221/1221 1223/1223/1223 1224/1224/1224 
f 1223/1223/1223 1223/1223/1223 1224/1224/1224 
f 1224/1224/1224 1223/1223/1223 1225/1225/1225 
f 1223/1223/1223 1226/1226/1226 1225/1225/1225 
f 1225/1225/1225 1226/1226/1226 1225/1225/1225 
f 1226/1226/1226 1227/1227/1227 1225/1225/1225 
f 1225/1225/1225 1227/1227/1227 1228/1228/1228 
f 1227/1227/1227 1228/1228/1228 1228/1228/1228 
f 1228/1228/1228 1228/1228/1228 1229/1229/1229 
f 1228/1228/1228 1229/1229/1229 1229/1229/1229 
f 1229/1229/1229 1229/1229/1229 1230/1230/1230 
f 1229/1229/1229 1228/1228/1228 1230/1230/1230 
f 1230/1230/1230 1228/1228/1228 1228/1228/1228 
f 1228/1228/1228 1229/1229/1229 1228/1228/1228 
f 1228/1228/1228 1229/1229/1229 1229/1229/1229 
f 1229/1229/1229 1231/1231/1231 1229/1229/1229 
f 1229/1229/1229 1231/1231/1231 1232/1232/1232 
f 1231/1231/1231 1232/1232/1232 1232/1232/1232 
f 1232/1232/1232 1232/1232/1232 1226/1226/1226 
f 1232/1232/1232 1226/1226/1226 1226/1226/1226 
f 1226/1226/1226 1226/1226/1226 1231/1231/1231 
f 1226/1226/1226 1233/1233/1233 1231/1231/1231 
f 1231/1231/1231 1233/1233/1233 1233/1233/1233 
f 1233/1233/1233 1231/1231/1231 1233/1233/1233 
f 1233/1233/1233 1231/1231/1231 1231/1231/1231 
f 1231/1231/1231 1234/1234/1234 1231/1231/1231 
f 1231/1231/1231 1234/1234/1234 1235/1235/1235 
f 1234/1234/1234 1236/1236/1236 1235/1235/1235 
f 1235/1235/1235 1236/1236/1236 1237/1237/1237 
f 1236/1236/1236 1238/1238/1238 1237/1237/1237 
f 1237/1237/1237 1238/1238/1238 1239/1239/1239 
f 1238/1238/1238 1240/1240/1240 1239/1239/1239 
f 1239/1239/1239 1240/1240/1240 1239/1239/1239 
f 1240/1240/1240 1241/1241/1241 1239/1239/1239 
f 1239/1239/1239 1241/1241/1241 1242/1242/1242 
f 1241/1241/1241 1242/1242/1242 1242/1242/1242 
f 1242/1242/1242 1242/1242/1242 1239/1239/1239 
f 1242/1242/1242 1239/1239/1239 1239/1239/1239 
f 1239/1239/1239 1239/1239/1239 1237/1237/1237 
f 1239/1239/1239 1243/1243/1243 1237/1237/1237 
f 1237/1237/1237 1243/1243/1243 1237/1237/1237 
f 1243/1243/1243 1244/1244/1244 1237/1237/1237 
f 1237/1237/1237 1244/1244/1244 1235/1235/1235 
f 1244/1244/1244 1235/1235/1235 1235/1235/1235 
f 1235/1235/1235 1235/1235/1235 1242/1242/1242 
f 1235/1235/1235 1242/1242/1242 1242/1242/1242 
f 1242/1242/1242 1242/1242/1242 1245/1245/1245 
f 1242/1242/1242 1243/1243/1243 1245/1245/1245 
f 1245/1245/1245 1243/1243/1243 1243/1243/1243 
f 1243/1243/1243 1246/1246/1246 1243/1243/1243 
f 1243/1243/1243 1246/1246/1246 1246/1246/1246 
f 1246/1246/1246 1242/1242/1242 1246/1246/1246 
f 1246/1246/1246 1242/1242/1242 1247/1247/1247 
f 1242/1242/1242 1247/1247/1247 1247/1247/1247 
f 1247/1247/1247 1247/1247/1247 1248/1248/1248 
f 1247/1247/1247 1248/1248/1248 1248/1248/1248 
f 1248/1248/1248 1248/1248/1248 1249/1249/1249 
f 1248/1248/1248 1246/1246/1246 1249/1249/1249 
f 1249/1249/1249 1246/1246/1246 1246/1246/1246 
f 1246/1246/1246 1250/1250/1250 1246/1246/1246 
f 1246/1246/1246 1250/1250/1250 1250/1250/1250 
f 1250/1250/1250 1251/1251/1251 1250/1250/1250 
f 1250/1250/1250 1251/1251/1251 1252/1252/1252 
f 1251/1251/1251 1252/1252/1252 1252/1252/1252 
f 1252/1252/1252 1252/1252/1252 1246/1246/1246 
f 1252/1252/1252 1246/1246/1246 1246/1246/1246 
f 1246/1246/1246 1246/1246/1246 1253/1253/1253 
f 1246/1246/1246 1252/1252/1252 1253/1253/1253 
f 1253/1253/1253 1252/1252/1252 1252/1252/1252 
f 1252/1252/1252 1250/1250/1250 1252/1252/1252 
f 1252/1252/1252 1250/1250/1250 1250/1250/1250 
f 1250/1250/1250 1254/1254/1254 1250/1250/1250 
f 1250/1250/1250 1254/1254/1254 1253/1253/1253 
f 1254/1254/1254 1253/1253/1253 1253/1253/1253 
f 1253/1253/1253 1253/1253/1253 1240/1240/1240 
f 1253/1253/1253 1240/1240/1240 1240/1240/1240 
f 1240/1240/1240 1240/1240/1240 1255/1255/1255 
f 1240/1240/1240 1256/1256/1256 1255/1255/1255 
f 1255/1255/1255 1256/1256/1256 1256/1256/1256 
f 1256/1256/1256 1257/1257/1257 1256/1256/1256 
f 1256/1256/1256 1257/1257/1257 1257/1257/1257 
f 1257/1257/1257 1258/1258/1258 1257/1257/1257 
f 1257/1257/1257 1258/1258/1258 1246/1246/1246 
f 1258/1258/1258 1246/1246/1246 1246/1246/1246 
f 1246/1246/1246 1246/1246/1246 1257/1257/1257 
f 1246/1246/1246 1257/1257/1257 1257/1257/1257 
f 1257/1257/1257 1257/1257/1257 1259/1259/1259 
f 1257/1257/1257 1260/1260/1260 1259/1259/1259 
f 1259/1259/1259 1260/1260/1260 1260/1260/1260 
f 1260/1260/1260 1260/1260/1260 1260/1260/1260 
f 1260/1260/1260 1260/1260/1260 1260/1260/1260 
f 1260/1260/1260 1261/1261/1261 1260/1260/1260 
f 1260/1260/1260 1261/1261/1261 1258/1258/1258 
f 1261/1261/1261 1258/1258/1258 1258/1258/1258 
f 1258/1258/1258 1258/1258/1258 1243/1243/1243 
f 1258/1258/1258 1243/1243/1243 1243/1243/1243 
f 1243/1243/1243 1243/1243/1243 1262/1262/1262 
f 1243/1243/1243 1260/1260/1260 1262/1262/1262 
f 1262/1262/1262 1260/1260/1260 1262/1262/1262 
f 1260/1260/1260 1263/1263/1263 1262/1262/1262 
f 1262/1262/1262 1263/1263/1263 1264/1264/1264 
f 1263/1263/1263 1264/1264/1264 1264/1264/1264 
f 1264/1264/1264 1264/1264/1264 1261/1261/1261 
f 1264/1264/1264 1261/1261/1261 1261/1261/1261 
f 1261/1261/1261 1261/1261/1261 1265/1265/1265 
f 1261/1261/1261 1262/1262/1262 1265/1265/1265 
f 1265/1265/1265 1262/1262/1262 1265/1265/1265 
f 1262/1262/1262 1266/1266/1266 1265/1265/1265 
f 1265/1265/1265 1266/1266/1266 1267/1267/1267 
f 1266/1266/1266 1267/1267/1267 1267/1267/1267 
f 1267/1267/1267 1267/1267/1267 1265/1265/1265 
f 1267/1267/1267 1265/1265/1265 1265/1265/1265 
f 1265/1265/1265 1265/1265/1265 1235/1235/1235 
f 1265/1265/1265 1229/1229/1229 1235/1235/1235 
f 1235/1235/1235 1229/1229/1229 1229/1229/1229 
f 1229/1229/1229 1268/1268/1268 1229/1229/1229 
f 1229/1229/1229 1268/1268/1268 1268/1268/1268 
f 1268/1268/1268 1269/1269/1269 1268/1268/1268 
f 1268/1268/1268 1269/1269/1269 1267/1267/1267 
f 1269/1269/1269 1267/1267/1267 1267/1267/1267 
f 1267/1267/1267 1267/1267/1267 1266/1266/1266 
f 1267/1267/1267 1266/1266/1266 1266/1266/1266 
f 1266/1266/1266 1266/1266/1266 1270/1270/1270 
f 1266/1266/1266 1268/1268/1268 1270/1270/1270 
f 1270/1270/1270 1268/1268/1268 1268/1268/1268 
f 1268/1268/1268 1271/1271/1271 1268/1268/1268 
f 1268/1268/1268 1271/1271/1271 1271/1271/1271 
f 1271/1271/1271 1268/1268/1268 1271/1271/1271 
f 1271/1271/1271 1268/1268/1268 1272/1272/1272 
f 1268/1268/1268 1273/1273/1273 1272/1272/1272 
f 1272/1272/1272 1273/1273/1273 1273/1273/1273 
f 1273/1273/1273 1272/1272/1272 1273/1273/1273 
f 1273/1273/1273 1272/1272/1272 1272/1272/1272 
f 1272/1272/1272 1274/1274/1274 1272/1272/1272 
f 1272/1272/1272 1274/1274/1274 1275/1275/1275 
f 1274/1274/1274 1275/1275/1275 1275/1275/1275 
f 1275/1275/1275 1275/1275/1275 1272/1272/1272 
f 1275/1275/1275 1272/1272/1272 1272/1272/1272 
f 1272/1272/1272 1272/1272/1272 1276/1276/1276 
f 1272/1272/1272 1277/1277/1277 1276/1276/1276 
f 1276/1276/1276 1277/1277/1277 1277/1277/1277 
f 1277/1277/1277 1278/1278/1278 1277/1277/1277 
f 1277/1277/1277 1278/1278/1278 1278/1278/1278 
f 1278/1278/1278 1279/1279/1279 1278/1278/1278 
f 1278/1278/1278 1279/1279/1279 1272/1272/1272 
f 1279/1279/1279 1272/1272/1272 1272/1272/1272 
f 1272/1272/1272 1272/1272/1272 1273/1273/1273 
f 1272/1272/1272 1273/1273/1273 1273/1273/1273 
f 1273/1273/1273 1273/1273/1273 1280/1280/1280 
f 1273/1273/1273 1278/1278/1278 1280/1280/1280 
f 1280/1280/1280 1278/1278/1278 1278/1278/1278 
f 1278/1278/1278 1281/1281/1281 1278/1278/1278 
f 1278/1278/1278 1281/1281/1281 1281/1281/1281 
f 1281/1281/1281 1278/1278/1278 1281/1281/1281 
f 1281/1281/1281 1278/1278/1278 1282/1282/1282 
f 1278/1278/1278 1283/1283/1283 1282/1282/1282 
f 1282/1282/1282 1283/1283/1283 1283/1283/1283 
f 1283/1283/1283 1278/1278/1278 1283/1283/1283 
f 1283/1283/1283 1278/1278/1278 1278/1278/1278 
f 1278/1278/1278 1284/1284/1284 1278/1278/1278 
f 1278/1278/1278 1284/1284/1284 1285/1285/1285 
f 1284/1284/1284 1285/1285/1285 1285/1285/1285 
f 1285/1285/1285 1285/1285/1285 1284/1284/1284 
f 1285/1285/1285 1284/1284/1284 1284/1284/1284 
f 1284/1284/1284 1284/1284/1284 1286/1286/1286 
f 1284/1284/1284 1287/1287/1287 1286/1286/1286 
f 1286/1286/1286 1287/1287/1287 1287/1287/1287 
f 1287/1287/1287 1273/1273/1273 1287/1287/1287 
f 1287/1287/1287 1273/1273/1273 1273/1273/1273 
f 1273/1273/1273 1286/1286/1286 1273/1273/1273 
f 1273/1273/1273 1286/1286/1286 1285/1285/1285 
f 1286/1286/1286 1285/1285/1285 1285/1285/1285 
f 1285/1285/1285 1285/1285/1285 1273/1273/1273 
f 1285/1285/1285 1273/1273/1273 1273/1273/1273 
f 1273/1273/1273 1273/1273/1273 1288/1288/1288 
f 1273/1273/1273 1289/1289/1289 1288/1288/1288 
f 1288/1288/1288 1289/1289/1289 1290/1290/1290 
f 1289/1289/1289 1290/1290/1290 1290/1290/1290 
f 1290/1290/1290 1290/1290/1290 1264/1264/1264 
f 1290/1290/1290 1264/1264/1264 1264/1264/1264 
f 1264/1264/1264 1264/1264/1264 1291/1291/1291 
f 1264/1264/1264 1290/1290/1290 1291/1291/1291 
f 1291/1291/1291 1290/1290/1290 1290/1290/1290 
f 1290/1290/1290 1292/1292/1292 1290/1290/1290 
f 1290/1290/1290 1292/1292/1292 1292/1292/1292 
f 1292/1292/1292 1264/1264/1264 1292/1292/1292 
f 1292/1292/1292 1264/1264/1264 1288/1288/1288 
f 1264/1264/1264 1293/1293/1293 1288/1288/1288 
f 1288/1288/1288 1293/1293/1293 1294/1294/1294 
f 1293/1293/1293 1295/1295/1295 1294/1294/1294 
f 1294/1294/1294 1295/1295/1295 1295/1295/1295 
f 1295/1295/1295 1296/1296/1296 1295/1295/1295 
f 1295/1295/1295 1296/1296/1296 1296/1296/1296 
f 1296/1296/1296 1297/1297/1297 1296/1296/1296 
f 1296/1296/1296 1297/1297/1297 1293/1293/1293 
f 1297/1297/1297 1298/1298/1298 1293/1293/1293 
f 1293/1293/1293 1298/1298/1298 1299/1299/1299 
f 1298/1298/1298 1299/1299/1299 1299/1299/1299 
f 1299/1299/1299 1299/1299/1299 1264/1264/1264 
f 1299/1299/1299 1264/1264/1264 1264/1264/1264 
f 1264/1264/1264 1264/1264/1264 1297/1297/1297 
f 1264/1264/1264 1263/1263/1263 1297/1297/1297 
f 1297/1297/1297 1263/1263/1263 1263/1263/1263 
f 1263/1263/1263 1300/1300/1300 1263/1263/1263 
f 1263/1263/1263 1300/1300/1300 1300/1300/1300 
f 1300/1300/1300 1301/1301/1301 1300/1300/1300 
f 1300/1300/1300 1301/1301/1301 1297/1297/1297 
f 1301/1301/1301 1297/1297/1297 1297/1297/1297 
f 1297/1297/1297 1297/1297/1297 1263/1263/1263 
f 1297/1297/1297 1263/1263/1263 1263/1263/1263 
f 1263/1263/1263 1263/1263/1263 1301/1301/1301 
f 1263/1263/1263 1302/1302/1302 1301/1301/1301 
f 1301/1301/1301 1302/1302/1302 1302/1302/1302 
f 1302/1302/1302 1303/1303/1303 1302/1302/1302 
f 1302/1302/1302 1303/1303/1303 1303/1303/1303 
f 1303/1303/1303 1304/1304/1304 1303/1303/1303 
f 1303/1303/1303 1304/1304/1304 1301/1301/1301 
f 1304/1304/1304 1301/1301/1301 1301/1301/1301 
f 1301/1301/1301 1301/1301/1301 1305/1305/1305 
f 1301/1301/1301 1305/1305/1305 1305/1305/1305 
f 1305/1305/1305 1305/1305/1305 1298/1298/1298 
f 1305/1305/1305 1303/1303/1303 1298/1298/1298 
f 1298/1298/1298 1303/1303/1303 1066/1066/1066 
f 1303/1303/1303 1064/1064/1064 1066/1066/1066 
f 1066/1066/1066 1064/1064/1064 1064/1064/1064 
f 1064/1064/1064 1066/1066/1066 1064/1064/1064 
f 1064/1064/1064 1066/1066/1066 1066/1066/1066 
f 1066/1066/1066 1068/1068/1068 1066/1066/1066 
f 1066/1066/1066 1068/1068/1068 1298/1298/1298 
f 1068/1068/1068 1068/1068/1068 1298/1298/1298 
f 1298/1298/1298 1068/1068/1068 1295/1295/1295 
f 1068/1068/1068 1070/1070/1070 1295/1295/1295 
f 1295/1295/1295 1070/1070/1070 1306/1306/1306 
f 1070/1070/1070 1072/1072/1072 1306/1306/1306 
f 1306/1306/1306 1072/1072/1072 1307/1307/1307 
f 1072/1072/1072 1074/1074/1074 1307/1307/1307 
f 1307/1307/1307 1074/1074/1074 1308/1308/1308 
f 1074/1074/1074 1076/1076/1076 1308/1308/1308 
f 1308/1308/1308 1076/1076/1076 1309/1309/1309 
f 1076/1076/1076 1078/1078/1078 1309/1309/1309 
f 1309/1309/1309 1078/1078/1078 1078/1078/1078 
f 1078/1078/1078 1295/1295/1295 1078/1078/1078 
f 1078/1078/1078 1295/1295/1295 1295/1295/1295 
f 1295/1295/1295 1306/1306/1306 1295/1295/1295 
f 1295/1295/1295 1306/1306/1306 1310/1310/1310 
f 1306/1306/1306 1310/1310/1310 1310/1310/1310 
f 1310/1310/1310 1310/1310/1310 1308/1308/1308 
f 1310/1310/1310 1308/1308/1308 1308/1308/1308 
f 1308/1308/1308 1308/1308/1308 1311/1311/1311 
f 1308/1308/1308 1309/1309/1309 1311/1311/1311 
f 1311/1311/1311 1309/1309/1309 1309/1309/1309 
f 1309/1309/1309 1308/1308/1308 1309/1309/1309 
f 1309/1309/1309 1308/1308/1308 1308/1308/1308 
f 1308/1308/1308 1312/1312/1312 1308/1308/1308 
f 1308/1308/1308 1312/1312/1312 1313/1313/1313 
f 1312/1312/1312 1313/1313/1313 1313/1313/1313 
f 1313/1313/1313 1313/1313/1313 1314/1314/1314 
f 1313/1313/1313 1314/1314/1314 1314/1314/1314 
f 1314/1314/1314 1314/1314/1314 1313/1313/1313 
f 1314/1314/1314 1285/1285/1285 1313/1313/1313 
f 1313/1313/1313 1285/1285/1285 1285/1285/1285 
f 1285/1285/1285 1315/1315/1315 1285/1285/1285 
f 1285/1285/1285 1315/1315/1315 1315/1315/1315 
f 1315/1315/1315 1306/1306/1306 1315/1315/1315 
f 1315/1315/1315 1306/1306/1306 1285/1285/1285 
f 1306/1306/1306 1307/1307/1307 1285/1285/1285 
f 1285/1285/1285 1307/1307/1307 1307/1307/1307 
f 1307/1307/1307 1307/1307/1307 1307/1307/1307 
f 1307/1307/1307 1307/1307/1307 1307/1307/1307 
f 1307/1307/1307 1316/1316/1316 1307/1307/1307 
f 1307/1307/1307 1316/1316/1316 1317/1317/1317 
f 1316/1316/1316 1317/1317/1317 1317/1317/1317 
f 1317/1317/1317 1317/1317/1317 1307/1307/1307 
f 1317/1317/1317 1307/1307/1307 1307/1307/1307 
f 1307/1307/1307 1307/1307/1307 1318/1318/1318 
f 1307/1307/1307 1319/1319/1319 1318/1318/1318 
f 1318/1318/1318 1319/1319/1319 1319/1319/1319 
f 1319/1319/1319 1320/1320/1320 1319/1319/1319 
f 1319/1319/1319 1320/1320/1320 1320/1320/1320 
f 1320/1320/1320 1321/1321/1321 1320/1320/1320 
f 1320/1320/1320 1321/1321/1321 1311/1311/1311 
f 1321/1321/1321 1322/1322/1322 1311/1311/1311 
f 1311/1311/1311 1322/1322/1322 1283/1283/1283 
f 1322/1322/1322 1283/1283/1283 1283/1283/1283 
f 1283/1283/1283 1283/1283/1283 1322/1322/1322 
f 1283/1283/1283 1322/1322/1322 1322/1322/1322 
f 1322/1322/1322 1322/1322/1322 1323/1323/1323 
f 1322/1322/1322 1324/1324/1324 1323/1323/1323 
f 1323/1323/1323 1324/1324/1324 1324/1324/1324 
f 1324/1324/1324 1322/1322/1322 1324/1324/1324 
f 1324/1324/1324 1322/1322/1322 1322/1322/1322 
f 1322/1322/1322 1325/1325/1325 1322/1322/1322 
f 1322/1322/1322 1325/1325/1325 1326/1326/1326 
f 1325/1325/1325 1326/1326/1326 1326/1326/1326 
f 1326/1326/1326 1326/1326/1326 1327/1327/1327 
f 1326/1326/1326 1327/1327/1327 1327/1327/1327 
f 1327/1327/1327 1327/1327/1327 1328/1328/1328 
f 1327/1327/1327 1325/1325/1325 1328/1328/1328 
f 1328/1328/1328 1325/1325/1325 1329/1329/1329 
f 1325/1325/1325 1330/1330/1330 1329/1329/1329 
f 1329/1329/1329 1330/1330/1330 1330/1330/1330 
f 1330/1330/1330 1331/1331/1331 1330/1330/1330 
f 1330/1330/1330 1331/1331/1331 1331/1331/1331 
f 1331/1331/1331 1328/1328/1328 1331/1331/1331 
f 1331/1331/1331 1328/1328/1328 1332/1332/1332 
f 1328/1328/1328 1329/1329/1329 1332/1332/1332 
f 1332/1332/1332 1329/1329/1329 1329/1329/1329 
f 1329/1329/1329 1276/1276/1276 1329/1329/1329 
f 1329/1329/1329 1276/1276/1276 1276/1276/1276 
f 1276/1276/1276 1333/1333/1333 1276/1276/1276 
f 1276/1276/1276 1333/1333/1333 1225/1225/1225 
f 1333/1333/1333 1225/1225/1225 1225/1225/1225 
f 1225/1225/1225 1225/1225/1225 1212/1212/1212 
f 1225/1225/1225 1212/1212/1212 1212/1212/1212 
f 1212/1212/1212 1212/1212/1212 1333/1333/1333 
f 1212/1212/1212 1224/1224/1224 1333/1333/1333 
f 1333/1333/1333 1224/1224/1224 1334/1334/1334 
f 1224/1224/1224 1334/1334/1334 1334/1334/1334 
f 1334/1334/1334 1334/1334/1334 1333/1333/1333 
f 1334/1334/1334 1333/1333/1333 1333/1333/1333 
f 1333/1333/1333 1333/1333/1333 1335/1335/1335 
f 1333/1333/1333 1336/1336/1336 1335/1335/1335 
f 1335/1335/1335 1336/1336/1336 1335/1335/1335 
f 1336/1336/1336 1326/1326/1326 1335/1335/1335 
f 1335/1335/1335 1326/1326/1326 1337/1337/1337 
f 1326/1326/1326 1328/1328/1328 1337/1337/1337 
f 1337/1337/1337 1328/1328/1328 1328/1328/1328 
f 1328/1328/1328 1328/1328/1328 1328/1328/1328 
f 1328/1328/1328 1328/1328/1328 1328/1328/1328 
f 1328/1328/1328 1338/1338/1338 1328/1328/1328 
f 1328/1328/1328 1338/1338/1338 1210/1210/1210 
f 1338/1338/1338 1210/1210/1210 1210/1210/1210 
f 1210/1210/1210 1210/1210/1210 1332/1332/1332 
f 1210/1210/1210 1332/1332/1332 1332/1332/1332 
f 1332/1332/1332 1332/1332/1332 1338/1338/1338 
f 1332/1332/1332 1339/1339/1339 1338/1338/1338 
f 1338/1338/1338 1339/1339/1339 1339/1339/1339 
f 1339/1339/1339 1332/1332/1332 1339/1339/1339 
f 1339/1339/1339 1332/1332/1332 1332/1332/1332 
f 1332/1332/1332 1199/1199/1199 1332/1332/1332 
f 1332/1332/1332 1199/1199/1199 1340/1340/1340 
f 1199/1199/1199 1340/1340/1340 1340/1340/1340 
f 1340/1340/1340 1340/1340/1340 1341/1341/1341 
f 1340/1340/1340 1341/1341/1341 1341/1341/1341 
f 1341/1341/1341 1341/1341/1341 1199/1199/1199 
f 1341/1341/1341 1342/1342/1342 1199/1199/1199 
f 1199/1199/1199 1342/1342/1342 1342/1342/1342 
f 1342/1342/1342 1199/1199/1199 1342/1342/1342 
f 1342/1342/1342 1199/1199/1199 1199/1199/1199 
f 1199/1199/1199 1343/1343/1343 1199/1199/1199 
f 1199/1199/1199 1343/1343/1343 1344/1344/1344 
f 1343/1343/1343 1329/1329/1329 1344/1344/1344 
f 1344/1344/1344 1329/1329/1329 1345/1345/1345 
f 1329/1329/1329 1345/1345/1345 1345/1345/1345 
f 1345/1345/1345 1345/1345/1345 1344/1344/1344 
f 1345/1345/1345 1344/1344/1344 1344/1344/1344 
f 1344/1344/1344 1344/1344/1344 1346/1346/1346 
f 1344/1344/1344 1341/1341/1341 1346/1346/1346 
f 1346/1346/1346 1341/1341/1341 1341/1341/1341 
f 1341/1341/1341 1347/1347/1347 1341/1341/1341 
f 1341/1341/1341 1347/1347/1347 1347/1347/1347 
f 1347/1347/1347 1348/1348/1348 1347/1347/1347 
f 1347/1347/1347 1348/1348/1348 1341/1341/1341 
f 1348/1348/1348 1348/1348/1348 1341/1341/1341 
f 1341/1341/1341 1348/1348/1348 1349/1349/1349 
f 1348/1348/1348 1348/1348/1348 1349/1349/1349 
f 1349/1349/1349 1348/1348/1348 1350/1350/1350 
f 1348/1348/1348 1351/1351/1351 1350/1350/1350 
f 1350/1350/1350 1351/1351/1351 1351/1351/1351 
f 1351/1351/1351 1352/1352/1352 1351/1351/1351 
f 1351/1351/1351 1352/1352/1352 1352/1352/1352 
f 1352/1352/1352 1345/1345/1345 1352/1352/1352 
f 1352/1352/1352 1345/1345/1345 1348/1348/1348 
f 1345/1345/1345 1348/1348/1348 1348/1348/1348 
f 1348/1348/1348 1348/1348/1348 1353/1353/1353 
f 1348/1348/1348 1353/1353/1353 1353/1353/1353 
f 1353/1353/1353 1353/1353/1353 1351/1351/1351 
f 1353/1353/1353 1345/1345/1345 1351/1351/1351 
f 1351/1351/1351 1345/1345/1345 1354/1354/1354 
f 1345/1345/1345 1330/1330/1330 1354/1354/1354 
f 1354/1354/1354 1330/1330/1330 1355/1355/1355 
f 1330/1330/1330 1355/1355/1355 1355/1355/1355 
f 1355/1355/1355 1355/1355/1355 1356/1356/1356 
f 1355/1355/1355 1356/1356/1356 1356/1356/1356 
f 1356/1356/1356 1356/1356/1356 1345/1345/1345 
f 1356/1356/1356 1330/1330/1330 1345/1345/1345 
f 1345/1345/1345 1330/1330/1330 1330/1330/1330 
f 1330/1330/1330 1355/1355/1355 1330/1330/1330 
f 1330/1330/1330 1355/1355/1355 1355/1355/1355 
f 1355/1355/1355 1357/1357/1357 1355/1355/1355 
f 1355/1355/1355 1357/1357/1357 1311/1311/1311 
f 1357/1357/1357 1311/1311/1311 1311/1311/1311 
f 1311/1311/1311 1311/1311/1311 1355/1355/1355 
f 1311/1311/1311 1355/1355/1355 1355/1355/1355 
f 1355/1355/1355 1355/1355/1355 1358/1358/1358 
f 1355/1355/1355 1078/1078/1078 1358/1358/1358 
f 1358/1358/1358 1078/1078/1078 1080/1080/1080 
f 1078/1078/1078 1080/1080/1080 1080/1080/1080 
f 1080/1080/1080 1080/1080/1080 1354/1354/1354 
f 1080/1080/1080 1354/1354/1354 1354/1354/1354 
f 1354/1354/1354 1354/1354/1354 1351/1351/1351 
f 1354/1354/1354 1080/1080/1080 1351/1351/1351 
f 1351/1351/1351 1080/1080/1080 1351/1351/1351 
f 1080/1080/1080 1082/1082/1082 1351/1351/1351 
f 1351/1351/1351 1082/1082/1082 1350/1350/1350 
f 1082/1082/1082 1084/1084/1084 1350/1350/1350 
f 1350/1350/1350 1084/1084/1084 1359/1359/1359 
f 1084/1084/1084 1086/1086/1086 1359/1359/1359 
f 1359/1359/1359 1086/1086/1086 1360/1360/1360 
f 1086/1086/1086 1088/1088/1088 1360/1360/1360 
f 1360/1360/1360 1088/1088/1088 1361/1361/1361 
f 1088/1088/1088 1090/1090/1090 1361/1361/1361 
f 1361/1361/1361 1090/1090/1090 1362/1362/1362 
f 1090/1090/1090 1092/1092/1092 1362/1362/1362 
f 1362/1362/1362 1092/1092/1092 1092/1092/1092 
f 1092/1092/1092 1350/1350/1350 1092/1092/1092 
f 1092/1092/1092 1350/1350/1350 1350/1350/1350 
f 1350/1350/1350 1359/1359/1359 1350/1350/1350 
f 1350/1350/1350 1359/1359/1359 1349/1349/1349 
f 1359/1359/1359 1363/1363/1363 1349/1349/1349 
f 1349/1349/1349 1363/1363/1363 1363/1363/1363 
f 1363/1363/1363 1359/1359/1359 1363/1363/1363 
f 1363/1363/1363 1359/1359/1359 1359/1359/1359 
f 1359/1359/1359 1360/1360/1360 1359/1359/1359 
f 1359/1359/1359 1360/1360/1360 1364/1364/1364 
f 1360/1360/1360 1365/1365/1365 1364/1364/1364 
f 1364/1364/1364 1365/1365/1365 1366/1366/1366 
f 1365/1365/1365 1366/1366/1366 1366/1366/1366 
f 1366/1366/1366 1366/1366/1366 1362/1362/1362 
f 1366/1366/1366 1362/1362/1362 1362/1362/1362 
f 1362/1362/1362 1362/1362/1362 1367/1367/1367 
f 1362/1362/1362 1368/1368/1368 1367/1367/1367 
f 1367/1367/1367 1368/1368/1368 1368/1368/1368 
f 1368/1368/1368 1360/1360/1360 1368/1368/1368 
f 1368/1368/1368 1360/1360/1360 1360/1360/1360 
f 1360/1360/1360 1361/1361/1361 1360/1360/1360 
f 1360/1360/1360 1361/1361/1361 1365/1365/1365 
f 1361/1361/1361 1361/1361/1361 1365/1365/1365 
f 1365/1365/1365 1361/1361/1361 1369/1369/1369 
f 1361/1361/1361 1370/1370/1370 1369/1369/1369 
f 1369/1369/1369 1370/1370/1370 1370/1370/1370 
f 1370/1370/1370 1371/1371/1371 1370/1370/1370 
f 1370/1370/1370 1371/1371/1371 1371/1371/1371 
f 1371/1371/1371 1365/1365/1365 1371/1371/1371 
f 1371/1371/1371 1365/1365/1365 1153/1153/1153 
f 1365/1365/1365 1153/1153/1153 1153/1153/1153 
f 1153/1153/1153 1153/1153/1153 1372/1372/1372 
f 1153/1153/1153 1372/1372/1372 1372/1372/1372 
f 1372/1372/1372 1372/1372/1372 1365/1365/1365 
f 1372/1372/1372 1156/1156/1156 1365/1365/1365 
f 1365/1365/1365 1156/1156/1156 1156/1156/1156 
f 1156/1156/1156 1373/1373/1373 1156/1156/1156 
f 1156/1156/1156 1373/1373/1373 1373/1373/1373 
f 1373/1373/1373 1349/1349/1349 1373/1373/1373 
f 1373/1373/1373 1349/1349/1349 1374/1374/1374 
f 1349/1349/1349 1364/1364/1364 1374/1374/1374 
f 1374/1374/1374 1364/1364/1364 1156/1156/1156 
f 1364/1364/1364 1156/1156/1156 1156/1156/1156 
f 1156/1156/1156 1156/1156/1156 1341/1341/1341 
f 1156/1156/1156 1341/1341/1341 1341/1341/1341 
f 1341/1341/1341 1341/1341/1341 1375/1375/1375 
f 1341/1341/1341 1374/1374/1374 1375/1375/1375 
f 1375/1375/1375 1374/1374/1374 1374/1374/1374 
f 1374/1374/1374 1376/1376/1376 1374/1374/1374 
f 1374/1374/1374 1376/1376/1376 1376/1376/1376 
f 1376/1376/1376 1377/1377/1377 1376/1376/1376 
f 1376/1376/1376 1377/1377/1377 1375/1375/1375 
f 1377/1377/1377 1375/1375/1375 1375/1375/1375 
f 1375/1375/1375 1375/1375/1375 1376/1376/1376 
f 1375/1375/1375 1376/1376/1376 1376/1376/1376 
f 1376/1376/1376 1376/1376/1376 1378/1378/1378 
f 1376/1376/1376 1156/1156/1156 1378/1378/1378 
f 1378/1378/1378 1156/1156/1156 1156/1156/1156 
f 1156/1156/1156 1379/1379/1379 1156/1156/1156 
f 1156/1156/1156 1379/1379/1379 1379/1379/1379 
f 1379/1379/1379 1380/1380/1380 1379/1379/1379 
f 1379/1379/1379 1380/1380/1380 1381/1381/1381 
f 1380/1380/1380 1381/1381/1381 1381/1381/1381 
f 1381/1381/1381 1381/1381/1381 1379/1379/1379 
f 1381/1381/1381 1379/1379/1379 1379/1379/1379 
f 1379/1379/1379 1379/1379/1379 1382/1382/1382 
f 1379/1379/1379 1383/1383/1383 1382/1382/1382 
f 1382/1382/1382 1383/1383/1383 1382/1382/1382 
f 1383/1383/1383 909/909/909 1382/1382/1382 
f 1382/1382/1382 909/909/909 1384/1384/1384 
f 909/909/909 1384/1384/1384 1384/1384/1384 
f 1384/1384/1384 1384/1384/1384 1385/1385/1385 
f 1384/1384/1384 1385/1385/1385 1385/1385/1385 
f 1385/1385/1385 1385/1385/1385 1386/1386/1386 
f 1385/1385/1385 1382/1382/1382 1386/1386/1386 
f 1386/1386/1386 1382/1382/1382 1387/1387/1387 
f 1382/1382/1382 1387/1387/1387 1387/1387/1387 
f 1387/1387/1387 1387/1387/1387 1384/1384/1384 
f 1387/1387/1387 1384/1384/1384 1384/1384/1384 
f 1384/1384/1384 1384/1384/1384 1388/1388/1388 
f 1384/1384/1384 1387/1387/1387 1388/1388/1388 
f 1388/1388/1388 1387/1387/1387 1387/1387/1387 
f 1387/1387/1387 956/956/956 1387/1387/1387 
f 1387/1387/1387 956/956/956 956/956/956 
f 956/956/956 1389/1389/1389 956/956/956 
f 956/956/956 1389/1389/1389 1387/1387/1387 
f 1389/1389/1389 1387/1387/1387 1387/1387/1387 
f 1387/1387/1387 1387/1387/1387 1390/1390/1390 
f 1387/1387/1387 1390/1390/1390 1390/1390/1390 
f 1390/1390/1390 1390/1390/1390 965/965/965 
f 1390/1390/1390 1391/1391/1391 965/965/965 
f 965/965/965 1391/1391/1391 1391/1391/1391 
f 1391/1391/1391 1392/1392/1392 1391/1391/1391 
f 1391/1391/1391 1392/1392/1392 1392/1392/1392 
f 1392/1392/1392 1393/1393/1393 1392/1392/1392 
f 1392/1392/1392 1393/1393/1393 966/966/966 
f 1393/1393/1393 966/966/966 966/966/966 
f 966/966/966 966/966/966 1392/1392/1392 
f 966/966/966 1392/1392/1392 1392/1392/1392 
f 1392/1392/1392 1392/1392/1392 1394/1394/1394 
f 1392/1392/1392 1395/1395/1395 1394/1394/1394 
f 1394/1394/1394 1395/1395/1395 1395/1395/1395 
f 1395/1395/1395 1396/1396/1396 1395/1395/1395 
f 1395/1395/1395 1396/1396/1396 1396/1396/1396 
f 1396/1396/1396 1397/1397/1397 1396/1396/1396 
f 1396/1396/1396 1397/1397/1397 1398/1398/1398 
f 1397/1397/1397 1398/1398/1398 1398/1398/1398 
f 1398/1398/1398 1398/1398/1398 1396/1396/1396 
f 1398/1398/1398 1396/1396/1396 1396/1396/1396 
f 1396/1396/1396 1396/1396/1396 1399/1399/1399 
f 1396/1396/1396 1400/1400/1400 1399/1399/1399 
f 1399/1399/1399 1400/1400/1400 1400/1400/1400 
f 1400/1400/1400 1401/1401/1401 1400/1400/1400 
f 1400/1400/1400 1401/1401/1401 1401/1401/1401 
f 1401/1401/1401 1399/1399/1399 1401/1401/1401 
f 1401/1401/1401 1399/1399/1399 1398/1398/1398 
f 1399/1399/1399 1398/1398/1398 1398/1398/1398 
f 1398/1398/1398 1398/1398/1398 1402/1402/1402 
f 1398/1398/1398 1402/1402/1402 1402/1402/1402 
f 1402/1402/1402 1402/1402/1402 1398/1398/1398 
f 1402/1402/1402 1401/1401/1401 1398/1398/1398 
f 1398/1398/1398 1401/1401/1401 1401/1401/1401 
f 1401/1401/1401 1403/1403/1403 1401/1401/1401 
f 1401/1401/1401 1403/1403/1403 1403/1403/1403 
f 1403/1403/1403 1401/1401/1401 1403/1403/1403 
f 1403/1403/1403 1401/1401/1401 1404/1404/1404 
f 1401/1401/1401 1404/1404/1404 1404/1404/1404 
f 1404/1404/1404 1404/1404/1404 1403/1403/1403 
f 1404/1404/1404 1403/1403/1403 1403/1403/1403 
f 1403/1403/1403 1403/1403/1403 1405/1405/1405 
f 1403/1403/1403 1406/1406/1406 1405/1405/1405 
f 1405/1405/1405 1406/1406/1406 1406/1406/1406 
f 1406/1406/1406 1155/1155/1155 1406/1406/1406 
f 1406/1406/1406 1155/1155/1155 1155/1155/1155 
f 1155/1155/1155 1160/1160/1160 1155/1155/1155 
f 1155/1155/1155 1160/1160/1160 1159/1159/1159 
f 1160/1160/1160 1159/1159/1159 1159/1159/1159 
f 1159/1159/1159 1159/1159/1159 1407/1407/1407 
f 1159/1159/1159 1407/1407/1407 1407/1407/1407 
f 1407/1407/1407 1407/1407/1407 1408/1408/1408 
f 1407/1407/1407 1405/1405/1405 1408/1408/1408 
f 1408/1408/1408 1405/1405/1405 1406/1406/1406 
f 1405/1405/1405 1406/1406/1406 1406/1406/1406 
f 1406/1406/1406 1406/1406/1406 1408/1408/1408 
f 1406/1406/1406 1408/1408/1408 1408/1408/1408 
f 1408/1408/1408 1408/1408/1408 1409/1409/1409 
f 1408/1408/1408 1410/1410/1410 1409/1409/1409 
f 1409/1409/1409 1410/1410/1410 1409/1409/1409 
f 1410/1410/1410 1411/1411/1411 1409/1409/1409 
f 1409/1409/1409 1411/1411/1411 1396/1396/1396 
f 1411/1411/1411 1396/1396/1396 1396/1396/1396 
f 1396/1396/1396 1396/1396/1396 1411/1411/1411 
f 1396/1396/1396 1411/1411/1411 1411/1411/1411 
f 1411/1411/1411 1411/1411/1411 1412/1412/1412 
f 1411/1411/1411 1410/1410/1410 1412/1412/1412 
f 1412/1412/1412 1410/1410/1410 1413/1413/1413 
f 1410/1410/1410 1410/1410/1410 1413/1413/1413 
f 1413/1413/1413 1410/1410/1410 1414/1414/1414 
f 1410/1410/1410 1415/1415/1415 1414/1414/1414 
f 1414/1414/1414 1415/1415/1415 1415/1415/1415 
f 1415/1415/1415 1416/1416/1416 1415/1415/1415 
f 1415/1415/1415 1416/1416/1416 1416/1416/1416 
f 1416/1416/1416 1417/1417/1417 1416/1416/1416 
f 1416/1416/1416 1417/1417/1417 1415/1415/1415 
f 1417/1417/1417 1415/1415/1415 1415/1415/1415 
f 1415/1415/1415 1415/1415/1415 1416/1416/1416 
f 1415/1415/1415 1416/1416/1416 1416/1416/1416 
f 1416/1416/1416 1416/1416/1416 1414/1414/1414 
f 1416/1416/1416 1418/1418/1418 1414/1414/1414 
f 1414/1414/1414 1418/1418/1418 1418/1418/1418 
f 1418/1418/1418 1417/1417/1417 1418/1418/1418 
f 1418/1418/1418 1417/1417/1417 1417/1417/1417 
f 1417/1417/1417 1418/1418/1418 1417/1417/1417 
f 1417/1417/1417 1418/1418/1418 1419/1419/1419 
f 1418/1418/1418 1418/1418/1418 1419/1419/1419 
f 1419/1419/1419 1418/1418/1418 1420/1420/1420 
f 1418/1418/1418 1418/1418/1418 1420/1420/1420 
f 1420/1420/1420 1418/1418/1418 1421/1421/1421 
f 1418/1418/1418 1422/1422/1422 1421/1421/1421 
f 1421/1421/1421 1422/1422/1422 1421/1421/1421 
f 1422/1422/1422 1423/1423/1423 1421/1421/1421 
f 1421/1421/1421 1423/1423/1423 1421/1421/1421 
f 1423/1423/1423 1424/1424/1424 1421/1421/1421 
f 1421/1421/1421 1424/1424/1424 1425/1425/1425 
f 1424/1424/1424 1425/1425/1425 1425/1425/1425 
f 1425/1425/1425 1425/1425/1425 1421/1421/1421 
f 1425/1425/1425 1421/1421/1421 1421/1421/1421 
f 1421/1421/1421 1421/1421/1421 1426/1426/1426 
f 1421/1421/1421 1427/1427/1427 1426/1426/1426 
f 1426/1426/1426 1427/1427/1427 1427/1427/1427 
f 1427/1427/1427 1427/1427/1427 1427/1427/1427 
f 1427/1427/1427 1427/1427/1427 1427/1427/1427 
f 1427/1427/1427 1428/1428/1428 1427/1427/1427 
f 1427/1427/1427 1428/1428/1428 1420/1420/1420 
f 1428/1428/1428 1420/1420/1420 1420/1420/1420 
f 1420/1420/1420 1420/1420/1420 1420/1420/1420 
f 1420/1420/1420 1420/1420/1420 1420/1420/1420 
f 1420/1420/1420 1420/1420/1420 1429/1429/1429 
f 1420/1420/1420 1430/1430/1430 1429/1429/1429 
f 1429/1429/1429 1430/1430/1430 1430/1430/1430 
f 1430/1430/1430 1420/1420/1420 1430/1430/1430 
f 1430/1430/1430 1420/1420/1420 1420/1420/1420 
f 1420/1420/1420 1431/1431/1431 1420/1420/1420 
f 1420/1420/1420 1431/1431/1431 1432/1432/1432 
f 1431/1431/1431 1432/1432/1432 1432/1432/1432 
f 1432/1432/1432 1432/1432/1432 1431/1431/1431 
f 1432/1432/1432 1431/1431/1431 1431/1431/1431 
f 1431/1431/1431 1431/1431/1431 1433/1433/1433 
f 1431/1431/1431 1434/1434/1434 1433/1433/1433 
f 1433/1433/1433 1434/1434/1434 1434/1434/1434 
f 1434/1434/1434 1435/1435/1435 1434/1434/1434 
f 1434/1434/1434 1435/1435/1435 1435/1435/1435 
f 1435/1435/1435 1436/1436/1436 1435/1435/1435 
f 1435/1435/1435 1436/1436/1436 1434/1434/1434 
f 1436/1436/1436 1434/1434/1434 1434/1434/1434 
f 1434/1434/1434 1434/1434/1434 1435/1435/1435 
f 1434/1434/1434 1435/1435/1435 1435/1435/1435 
f 1435/1435/1435 1435/1435/1435 1437/1437/1437 
f 1435/1435/1435 1438/1438/1438 1437/1437/1437 
f 1437/1437/1437 1438/1438/1438 1438/1438/1438 
f 1438/1438/1438 1439/1439/1439 1438/1438/1438 
f 1438/1438/1438 1439/1439/1439 1439/1439/1439 
f 1439/1439/1439 1438/1438/1438 1439/1439/1439 
f 1439/1439/1439 1438/1438/1438 1440/1440/1440 
f 1438/1438/1438 1441/1441/1441 1440/1440/1440 
f 1440/1440/1440 1441/1441/1441 1442/1442/1442 
f 1441/1441/1441 1442/1442/1442 1442/1442/1442 
f 1442/1442/1442 1442/1442/1442 1443/1443/1443 
f 1442/1442/1442 1443/1443/1443 1443/1443/1443 
f 1443/1443/1443 1443/1443/1443 1441/1441/1441 
f 1443/1443/1443 1444/1444/1444 1441/1441/1441 
f 1441/1441/1441 1444/1444/1444 1444/1444/1444 
f 1444/1444/1444 1438/1438/1438 1444/1444/1444 
f 1444/1444/1444 1438/1438/1438 1438/1438/1438 
f 1438/1438/1438 1445/1445/1445 1438/1438/1438 
f 1438/1438/1438 1445/1445/1445 1441/1441/1441 
f 1445/1445/1445 1441/1441/1441 1441/1441/1441 
f 1441/1441/1441 1441/1441/1441 1443/1443/1443 
f 1441/1441/1441 1443/1443/1443 1443/1443/1443 
f 1443/1443/1443 1443/1443/1443 1445/1445/1445 
f 1443/1443/1443 1446/1446/1446 1445/1445/1445 
f 1445/1445/1445 1446/1446/1446 1446/1446/1446 
f 1446/1446/1446 1443/1443/1443 1446/1446/1446 
f 1446/1446/1446 1443/1443/1443 1443/1443/1443 
f 1443/1443/1443 1060/1060/1060 1443/1443/1443 
f 1443/1443/1443 1060/1060/1060 1447/1447/1447 
f 1060/1060/1060 1062/1062/1062 1447/1447/1447 
f 1447/1447/1447 1062/1062/1062 1447/1447/1447 
f 1062/1062/1062 1448/1448/1448 1447/1447/1447 
f 1447/1447/1447 1448/1448/1448 1449/1449/1449 
f 1448/1448/1448 1449/1449/1449 1449/1449/1449 
f 1449/1449/1449 1449/1449/1449 1062/1062/1062 
f 1449/1449/1449 1062/1062/1062 1062/1062/1062 
f 1062/1062/1062 1062/1062/1062 1448/1448/1448 
f 1062/1062/1062 1064/1064/1064 1448/1448/1448 
f 1448/1448/1448 1064/1064/1064 1303/1303/1303 
f 1064/1064/1064 1303/1303/1303 1303/1303/1303 
f 1303/1303/1303 1303/1303/1303 1448/1448/1448 
f 1303/1303/1303 1448/1448/1448 1448/1448/1448 
f 1448/1448/1448 1448/1448/1448 1450/1450/1450 
f 1448/1448/1448 1451/1451/1451 1450/1450/1450 
f 1450/1450/1450 1451/1451/1451 1451/1451/1451 
f 1451/1451/1451 1448/1448/1448 1451/1451/1451 
f 1451/1451/1451 1448/1448/1448 1448/1448/1448 
f 1448/1448/1448 1452/1452/1452 1448/1448/1448 
f 1448/1448/1448 1452/1452/1452 1442/1442/1442 
f 1452/1452/1452 1442/1442/1442 1442/1442/1442 
f 1442/1442/1442 1442/1442/1442 1453/1453/1453 
f 1442/1442/1442 1453/1453/1453 1453/1453/1453 
f 1453/1453/1453 1453/1453/1453 1301/1301/1301 
f 1453/1453/1453 1442/1442/1442 1301/1301/1301 
f 1301/1301/1301 1442/1442/1442 1442/1442/1442 
f 1442/1442/1442 1454/1454/1454 1442/1442/1442 
f 1442/1442/1442 1454/1454/1454 1454/1454/1454 
f 1454/1454/1454 1455/1455/1455 1454/1454/1454 
f 1454/1454/1454 1455/1455/1455 1442/1442/1442 
f 1455/1455/1455 1442/1442/1442 1442/1442/1442 
f 1442/1442/1442 1442/1442/1442 1447/1447/1447 
f 1442/1442/1442 1447/1447/1447 1447/1447/1447 
f 1447/1447/1447 1447/1447/1447 1456/1456/1456 
f 1447/1447/1447 1457/1457/1457 1456/1456/1456 
f 1456/1456/1456 1457/1457/1457 1457/1457/1457 
f 1457/1457/1457 1455/1455/1455 1457/1457/1457 
f 1457/1457/1457 1455/1455/1455 1455/1455/1455 
f 1455/1455/1455 1458/1458/1458 1455/1455/1455 
f 1455/1455/1455 1458/1458/1458 1459/1459/1459 
f 1458/1458/1458 1459/1459/1459 1459/1459/1459 
f 1459/1459/1459 1459/1459/1459 1257/1257/1257 
f 1459/1459/1459 1257/1257/1257 1257/1257/1257 
f 1257/1257/1257 1257/1257/1257 1459/1459/1459 
f 1257/1257/1257 1460/1460/1460 1459/1459/1459 
f 1459/1459/1459 1460/1460/1460 1461/1461/1461 
f 1460/1460/1460 1461/1461/1461 1461/1461/1461 
f 1461/1461/1461 1461/1461/1461 1462/1462/1462 
f 1461/1461/1461 1462/1462/1462 1462/1462/1462 
f 1462/1462/1462 1462/1462/1462 1463/1463/1463 
f 1462/1462/1462 1461/1461/1461 1463/1463/1463 
f 1463/1463/1463 1461/1461/1461 1461/1461/1461 
f 1461/1461/1461 1438/1438/1438 1461/1461/1461 
f 1461/1461/1461 1438/1438/1438 1438/1438/1438 
f 1438/1438/1438 1464/1464/1464 1438/1438/1438 
f 1438/1438/1438 1464/1464/1464 1462/1462/1462 
f 1464/1464/1464 1465/1465/1465 1462/1462/1462 
f 1462/1462/1462 1465/1465/1465 1465/1465/1465 
f 1465/1465/1465 1466/1466/1466 1465/1465/1465 
f 1465/1465/1465 1466/1466/1466 1466/1466/1466 
f 1466/1466/1466 1462/1462/1462 1466/1466/1466 
f 1466/1466/1466 1462/1462/1462 1467/1467/1467 
f 1462/1462/1462 1467/1467/1467 1467/1467/1467 
f 1467/1467/1467 1467/1467/1467 1466/1466/1466 
f 1467/1467/1467 1466/1466/1466 1466/1466/1466 
f 1466/1466/1466 1466/1466/1466 1468/1468/1468 
f 1466/1466/1466 1463/1463/1463 1468/1468/1468 
f 1468/1468/1468 1463/1463/1463 1469/1469/1469 
f 1463/1463/1463 1469/1469/1469 1469/1469/1469 
f 1469/1469/1469 1469/1469/1469 1463/1463/1463 
f 1469/1469/1469 1463/1463/1463 1463/1463/1463 
f 1463/1463/1463 1463/1463/1463 1470/1470/1470 
f 1463/1463/1463 1471/1471/1471 1470/1470/1470 
f 1470/1470/1470 1471/1471/1471 1471/1471/1471 
f 1471/1471/1471 1472/1472/1472 1471/1471/1471 
f 1471/1471/1471 1472/1472/1472 1472/1472/1472 
f 1472/1472/1472 1473/1473/1473 1472/1472/1472 
f 1472/1472/1472 1473/1473/1473 1470/1470/1470 
f 1473/1473/1473 1470/1470/1470 1470/1470/1470 
f 1470/1470/1470 1470/1470/1470 1472/1472/1472 
f 1470/1470/1470 1472/1472/1472 1472/1472/1472 
f 1472/1472/1472 1472/1472/1472 1471/1471/1471 
f 1472/1472/1472 1469/1469/1469 1471/1471/1471 
f 1471/1471/1471 1469/1469/1469 1469/1469/1469 
f 1469/1469/1469 1474/1474/1474 1469/1469/1469 
f 1469/1469/1469 1474/1474/1474 1474/1474/1474 
f 1474/1474/1474 1475/1475/1475 1474/1474/1474 
f 1474/1474/1474 1475/1475/1475 1471/1471/1471 
f 1475/1475/1475 1471/1471/1471 1471/1471/1471 
f 1471/1471/1471 1471/1471/1471 1474/1474/1474 
f 1471/1471/1471 1474/1474/1474 1474/1474/1474 
f 1474/1474/1474 1474/1474/1474 1476/1476/1476 
f 1474/1474/1474 1477/1477/1477 1476/1476/1476 
f 1476/1476/1476 1477/1477/1477 1477/1477/1477 
f 1477/1477/1477 1478/1478/1478 1477/1477/1477 
f 1477/1477/1477 1478/1478/1478 1478/1478/1478 
f 1478/1478/1478 1476/1476/1476 1478/1478/1478 
f 1478/1478/1478 1476/1476/1476 1479/1479/1479 
f 1476/1476/1476 1479/1479/1479 1479/1479/1479 
f 1479/1479/1479 1479/1479/1479 1480/1480/1480 
f 1479/1479/1479 1480/1480/1480 1480/1480/1480 
f 1480/1480/1480 1480/1480/1480 1481/1481/1481 
f 1480/1480/1480 1478/1478/1478 1481/1481/1481 
f 1481/1481/1481 1478/1478/1478 1478/1478/1478 
f 1478/1478/1478 1482/1482/1482 1478/1478/1478 
f 1478/1478/1478 1482/1482/1482 1482/1482/1482 
f 1482/1482/1482 1390/1390/1390 1482/1482/1482 
f 1482/1482/1482 1390/1390/1390 1483/1483/1483 
f 1390/1390/1390 1484/1484/1484 1483/1483/1483 
f 1483/1483/1483 1484/1484/1484 1483/1483/1483 
f 1484/1484/1484 966/966/966 1483/1483/1483 
f 1483/1483/1483 966/966/966 1483/1483/1483 
f 966/966/966 1394/1394/1394 1483/1483/1483 
f 1483/1483/1483 1394/1394/1394 1483/1483/1483 
f 1394/1394/1394 1485/1485/1485 1483/1483/1483 
f 1483/1483/1483 1485/1485/1485 1482/1482/1482 
f 1485/1485/1485 1482/1482/1482 1482/1482/1482 
f 1482/1482/1482 1482/1482/1482 1486/1486/1486 
f 1482/1482/1482 1486/1486/1486 1486/1486/1486 
f 1486/1486/1486 1486/1486/1486 1487/1487/1487 
f 1486/1486/1486 1488/1488/1488 1487/1487/1487 
f 1487/1487/1487 1488/1488/1488 1489/1489/1489 
f 1488/1488/1488 1489/1489/1489 1489/1489/1489 
f 1489/1489/1489 1489/1489/1489 1489/1489/1489 
f 1489/1489/1489 1489/1489/1489 1489/1489/1489 
f 1489/1489/1489 1489/1489/1489 1469/1469/1469 
f 1489/1489/1489 1490/1490/1490 1469/1469/1469 
f 1469/1469/1469 1490/1490/1490 1491/1491/1491 
f 1490/1490/1490 1491/1491/1491 1491/1491/1491 
f 1491/1491/1491 1491/1491/1491 1487/1487/1487 
f 1491/1491/1491 1487/1487/1487 1487/1487/1487 
f 1487/1487/1487 1487/1487/1487 1492/1492/1492 
f 1487/1487/1487 1493/1493/1493 1492/1492/1492 
f 1492/1492/1492 1493/1493/1493 1493/1493/1493 
f 1493/1493/1493 1494/1494/1494 1493/1493/1493 
f 1493/1493/1493 1494/1494/1494 1494/1494/1494 
f 1494/1494/1494 1495/1495/1495 1494/1494/1494 
f 1494/1494/1494 1495/1495/1495 1492/1492/1492 
f 1495/1495/1495 1492/1492/1492 1492/1492/1492 
f 1492/1492/1492 1492/1492/1492 1494/1494/1494 
f 1492/1492/1492 1494/1494/1494 1494/1494/1494 
f 1494/1494/1494 1494/1494/1494 1413/1413/1413 
f 1494/1494/1494 1496/1496/1496 1413/1413/1413 
f 1413/1413/1413 1496/1496/1496 1496/1496/1496 
f 1496/1496/1496 1497/1497/1497 1496/1496/1496 
f 1496/1496/1496 1497/1497/1497 1497/1497/1497 
f 1497/1497/1497 1492/1492/1492 1497/1497/1497 
f 1497/1497/1497 1492/1492/1492 1413/1413/1413 
f 1492/1492/1492 1413/1413/1413 1413/1413/1413 
f 1413/1413/1413 1413/1413/1413 1492/1492/1492 
f 1413/1413/1413 1492/1492/1492 1492/1492/1492 
f 1492/1492/1492 1492/1492/1492 1488/1488/1488 
f 1492/1492/1492 1498/1498/1498 1488/1488/1488 
f 1488/1488/1488 1498/1498/1498 1491/1491/1491 
f 1498/1498/1498 1431/1431/1431 1491/1491/1491 
f 1491/1491/1491 1431/1431/1431 1431/1431/1431 
f 1431/1431/1431 1497/1497/1497 1431/1431/1431 
f 1431/1431/1431 1497/1497/1497 1497/1497/1497 
f 1497/1497/1497 1498/1498/1498 1497/1497/1497 
f 1497/1497/1497 1498/1498/1498 1499/1499/1499 
f 1498/1498/1498 1499/1499/1499 1499/1499/1499 
f 1499/1499/1499 1499/1499/1499 1414/1414/1414 
f 1499/1499/1499 1414/1414/1414 1414/1414/1414 
f 1414/1414/1414 1414/1414/1414 1500/1500/1500 
f 1414/1414/1414 1497/1497/1497 1500/1500/1500 
f 1500/1500/1500 1497/1497/1497 1497/1497/1497 
f 1497/1497/1497 1431/1431/1431 1497/1497/1497 
f 1497/1497/1497 1431/1431/1431 1431/1431/1431 
f 1431/1431/1431 1501/1501/1501 1431/1431/1431 
f 1431/1431/1431 1501/1501/1501 1502/1502/1502 
f 1501/1501/1501 1501/1501/1501 1502/1502/1502 
f 1502/1502/1502 1501/1501/1501 1503/1503/1503 
f 1501/1501/1501 1504/1504/1504 1503/1503/1503 
f 1503/1503/1503 1504/1504/1504 1504/1504/1504 
f 1504/1504/1504 1427/1427/1427 1504/1504/1504 
f 1504/1504/1504 1427/1427/1427 1427/1427/1427 
f 1427/1427/1427 1501/1501/1501 1427/1427/1427 
f 1427/1427/1427 1501/1501/1501 1505/1505/1505 
f 1501/1501/1501 1505/1505/1505 1505/1505/1505 
f 1505/1505/1505 1505/1505/1505 1501/1501/1501 
f 1505/1505/1505 1501/1501/1501 1501/1501/1501 
f 1501/1501/1501 1501/1501/1501 1506/1506/1506 
f 1501/1501/1501 1507/1507/1507 1506/1506/1506 
f 1506/1506/1506 1507/1507/1507 1507/1507/1507 
f 1507/1507/1507 1508/1508/1508 1507/1507/1507 
f 1507/1507/1507 1508/1508/1508 1508/1508/1508 
f 1508/1508/1508 1506/1506/1506 1508/1508/1508 
f 1508/1508/1508 1506/1506/1506 1504/1504/1504 
f 1506/1506/1506 1504/1504/1504 1504/1504/1504 
f 1504/1504/1504 1504/1504/1504 1509/1509/1509 
f 1504/1504/1504 1509/1509/1509 1509/1509/1509 
f 1509/1509/1509 1509/1509/1509 1445/1445/1445 
f 1509/1509/1509 1504/1504/1504 1445/1445/1445 
f 1445/1445/1445 1504/1504/1504 1504/1504/1504 
f 1504/1504/1504 1510/1510/1510 1504/1504/1504 
f 1504/1504/1504 1510/1510/1510 1510/1510/1510 
f 1510/1510/1510 1503/1503/1503 1510/1510/1510 
f 1510/1510/1510 1503/1503/1503 1445/1445/1445 
f 1503/1503/1503 1445/1445/1445 1445/1445/1445 
f 1445/1445/1445 1445/1445/1445 1511/1511/1511 
f 1445/1445/1445 1511/1511/1511 1511/1511/1511 
f 1511/1511/1511 1511/1511/1511 1445/1445/1445 
f 1511/1511/1511 1512/1512/1512 1445/1445/1445 
f 1445/1445/1445 1512/1512/1512 1512/1512/1512 
f 1512/1512/1512 1511/1511/1511 1512/1512/1512 
f 1512/1512/1512 1511/1511/1511 1511/1511/1511 
f 1511/1511/1511 1513/1513/1513 1511/1511/1511 
f 1511/1511/1511 1513/1513/1513 1514/1514/1514 
f 1513/1513/1513 1514/1514/1514 1514/1514/1514 
f 1514/1514/1514 1514/1514/1514 1511/1511/1511 
f 1514/1514/1514 1511/1511/1511 1511/1511/1511 
f 1511/1511/1511 1511/1511/1511 1515/1515/1515 
f 1511/1511/1511 1058/1058/1058 1515/1515/1515 
f 1515/1515/1515 1058/1058/1058 1060/1060/1060 
f 1058/1058/1058 1060/1060/1060 1060/1060/1060 
f 1060/1060/1060 1060/1060/1060 1058/1058/1058 
f 1060/1060/1060 1058/1058/1058 1058/1058/1058 
f 1058/1058/1058 1058/1058/1058 1056/1056/1056 
f 1058/1058/1058 1516/1516/1516 1056/1056/1056 
f 1056/1056/1056 1516/1516/1516 1056/1056/1056 
f 1516/1516/1516 1517/1517/1517 1056/1056/1056 
f 1056/1056/1056 1517/1517/1517 1054/1054/1054 
f 1517/1517/1517 1518/1518/1518 1054/1054/1054 
f 1054/1054/1054 1518/1518/1518 1052/1052/1052 
f 1518/1518/1518 1519/1519/1519 1052/1052/1052 
f 1052/1052/1052 1519/1519/1519 1050/1050/1050 
f 1519/1519/1519 1050/1050/1050 1050/1050/1050 
f 1050/1050/1050 1050/1050/1050 1514/1514/1514 
f 1050/1050/1050 1514/1514/1514 1514/1514/1514 
f 1514/1514/1514 1514/1514/1514 1517/1517/1517 
f 1514/1514/1514 1520/1520/1520 1517/1517/1517 
f 1517/1517/1517 1520/1520/1520 1518/1518/1518 
f 1520/1520/1520 1518/1518/1518 1518/1518/1518 
f 1518/1518/1518 1518/1518/1518 1517/1517/1517 
f 1518/1518/1518 1517/1517/1517 1517/1517/1517 
f 1517/1517/1517 1517/1517/1517 1504/1504/1504 
f 1517/1517/1517 1521/1521/1521 1504/1504/1504 
f 1504/1504/1504 1521/1521/1521 1521/1521/1521 
f 1521/1521/1521 1522/1522/1522 1521/1521/1521 
f 1521/1521/1521 1522/1522/1522 1522/1522/1522 
f 1522/1522/1522 1424/1424/1424 1522/1522/1522 
f 1522/1522/1522 1424/1424/1424 1506/1506/1506 
f 1424/1424/1424 1424/1424/1424 1506/1506/1506 
f 1506/1506/1506 1424/1424/1424 1518/1518/1518 
f 1424/1424/1424 1424/1424/1424 1518/1518/1518 
f 1518/1518/1518 1424/1424/1424 1519/1519/1519 
f 1424/1424/1424 1523/1523/1523 1519/1519/1519 
f 1519/1519/1519 1523/1523/1523 1523/1523/1523 
f 1523/1523/1523 1524/1524/1524 1523/1523/1523 
f 1523/1523/1523 1524/1524/1524 1524/1524/1524 
f 1524/1524/1524 1525/1525/1525 1524/1524/1524 
f 1524/1524/1524 1525/1525/1525 1519/1519/1519 
f 1525/1525/1525 1525/1525/1525 1519/1519/1519 
f 1519/1519/1519 1525/1525/1525 1050/1050/1050 
f 1525/1525/1525 1525/1525/1525 1050/1050/1050 
f 1050/1050/1050 1525/1525/1525 1048/1048/1048 
f 1525/1525/1525 1526/1526/1526 1048/1048/1048 
f 1048/1048/1048 1526/1526/1526 1046/1046/1046 
f 1526/1526/1526 1527/1527/1527 1046/1046/1046 
f 1046/1046/1046 1527/1527/1527 1044/1044/1044 
f 1527/1527/1527 1528/1528/1528 1044/1044/1044 
f 1044/1044/1044 1528/1528/1528 1042/1042/1042 
f 1528/1528/1528 1529/1529/1529 1042/1042/1042 
f 1042/1042/1042 1529/1529/1529 1040/1040/1040 
f 1529/1529/1529 1530/1530/1530 1040/1040/1040 
f 1040/1040/1040 1530/1530/1530 1038/1038/1038 
f 1530/1530/1530 988/988/988 1038/1038/1038 
f 1038/1038/1038 988/988/988 1036/1036/1036 
f 988/988/988 1531/1531/1531 1036/1036/1036 
f 1036/1036/1036 1531/1531/1531 1531/1531/1531 
f 1531/1531/1531 1526/1526/1526 1531/1531/1531 
f 1531/1531/1531 1526/1526/1526 1526/1526/1526 
f 1526/1526/1526 1525/1525/1525 1526/1526/1526 
f 1526/1526/1526 1525/1525/1525 1532/1532/1532 
f 1525/1525/1525 1532/1532/1532 1532/1532/1532 
f 1532/1532/1532 1532/1532/1532 1528/1528/1528 
f 1532/1532/1532 1528/1528/1528 1528/1528/1528 
f 1528/1528/1528 1528/1528/1528 1533/1533/1533 
f 1528/1528/1528 1527/1527/1527 1533/1533/1533 
f 1533/1533/1533 1527/1527/1527 1527/1527/1527 
f 1527/1527/1527 1529/1529/1529 1527/1527/1527 
f 1527/1527/1527 1529/1529/1529 1529/1529/1529 
f 1529/1529/1529 1528/1528/1528 1529/1529/1529 
f 1529/1529/1529 1528/1528/1528 1534/1534/1534 
f 1528/1528/1528 1534/1534/1534 1534/1534/1534 
f 1534/1534/1534 1534/1534/1534 986/986/986 
f 1534/1534/1534 986/986/986 986/986/986 
f 986/986/986 986/986/986 1535/1535/1535 
f 986/986/986 1530/1530/1530 1535/1535/1535 
f 1535/1535/1535 1530/1530/1530 1529/1529/1529 
f 1530/1530/1530 1529/1529/1529 1529/1529/1529 
f 1529/1529/1529 1529/1529/1529 988/988/988 
f 1529/1529/1529 988/988/988 988/988/988 
f 988/988/988 988/988/988 1536/1536/1536 
f 988/988/988 1530/1530/1530 1536/1536/1536 
f 1536/1536/1536 1530/1530/1530 1530/1530/1530 
f 1530/1530/1530 1531/1531/1531 1530/1530/1530 
f 1530/1530/1530 1531/1531/1531 1531/1531/1531 
f 1531/1531/1531 1537/1537/1537 1531/1531/1531 
f 1531/1531/1531 1537/1537/1537 987/987/987 
f 1537/1537/1537 987/987/987 987/987/987 
f 987/987/987 987/987/987 1002/1002/1002 
f 987/987/987 1002/1002/1002 1002/1002/1002 
f 1002/1002/1002 1002/1002/1002 1538/1538/1538 
f 1002/1002/1002 1531/1531/1531 1538/1538/1538 
f 1538/1538/1538 1531/1531/1531 1539/1539/1539 
f 1531/1531/1531 1539/1539/1539 1539/1539/1539 
f 1539/1539/1539 1539/1539/1539 1529/1529/1529 
f 1539/1539/1539 1529/1529/1529 1529/1529/1529 
f 1529/1529/1529 1529/1529/1529 981/981/981 
f 1529/1529/1529 979/979/979 981/981/981 
f 981/981/981 979/979/979 979/979/979 
f 979/979/979 1528/1528/1528 979/979/979 
f 979/979/979 1528/1528/1528 1528/1528/1528 
f 1528/1528/1528 1540/1540/1540 1528/1528/1528 
f 1528/1528/1528 1540/1540/1540 979/979/979 
f 1540/1540/1540 1541/1541/1541 979/979/979 
f 979/979/979 1541/1541/1541 1541/1541/1541 
f 1541/1541/1541 1526/1526/1526 1541/1541/1541 
f 1541/1541/1541 1526/1526/1526 1526/1526/1526 
f 1526/1526/1526 1542/1542/1542 1526/1526/1526 
f 1526/1526/1526 1542/1542/1542 1543/1543/1543 
f 1542/1542/1542 1543/1543/1543 1543/1543/1543 
f 1543/1543/1543 1543/1543/1543 1544/1544/1544 
f 1543/1543/1543 1544/1544/1544 1544/1544/1544 
f 1544/1544/1544 1544/1544/1544 1545/1545/1545 
f 1544/1544/1544 1543/1543/1543 1545/1545/1545 
f 1545/1545/1545 1543/1543/1543 1543/1543/1543 
f 1543/1543/1543 1546/1546/1546 1543/1543/1543 
f 1543/1543/1543 1546/1546/1546 1546/1546/1546 
f 1546/1546/1546 1545/1545/1545 1546/1546/1546 
f 1546/1546/1546 1545/1545/1545 1423/1423/1423 
f 1545/1545/1545 1423/1423/1423 1423/1423/1423 
f 1423/1423/1423 1423/1423/1423 1525/1525/1525 
f 1423/1423/1423 1525/1525/1525 1525/1525/1525 
f 1525/1525/1525 1525/1525/1525 1545/1545/1545 
f 1525/1525/1525 1547/1547/1547 1545/1545/1545 
f 1545/1545/1545 1547/1547/1547 1547/1547/1547 
f 1547/1547/1547 1545/1545/1545 1547/1547/1547 
f 1547/1547/1547 1545/1545/1545 1545/1545/1545 
f 1545/1545/1545 1422/1422/1422 1545/1545/1545 
f 1545/1545/1545 1422/1422/1422 1548/1548/1548 
f 1422/1422/1422 1549/1549/1549 1548/1548/1548 
f 1548/1548/1548 1549/1549/1549 1549/1549/1549 
f 1549/1549/1549 1550/1550/1550 1549/1549/1549 
f 1549/1549/1549 1550/1550/1550 1550/1550/1550 
f 1550/1550/1550 1406/1406/1406 1550/1550/1550 
f 1550/1550/1550 1406/1406/1406 1551/1551/1551 
f 1406/1406/1406 1406/1406/1406 1551/1551/1551 
f 1551/1551/1551 1406/1406/1406 1548/1548/1548 
f 1406/1406/1406 1552/1552/1552 1548/1548/1548 
f 1548/1548/1548 1552/1552/1552 1543/1543/1543 
f 1552/1552/1552 1543/1543/1543 1543/1543/1543 
f 1543/1543/1543 1543/1543/1543 1543/1543/1543 
f 1543/1543/1543 1543/1543/1543 1543/1543/1543 
f 1543/1543/1543 1543/1543/1543 1540/1540/1540 
f 1543/1543/1543 1553/1553/1553 1540/1540/1540 
f 1540/1540/1540 1553/1553/1553 975/975/975 
f 1553/1553/1553 975/975/975 975/975/975 
f 975/975/975 975/975/975 1406/1406/1406 
f 975/975/975 1406/1406/1406 1406/1406/1406 
f 1406/1406/1406 1406/1406/1406 1552/1552/1552 
f 1406/1406/1406 1554/1554/1554 1552/1552/1552 
f 1552/1552/1552 1554/1554/1554 975/975/975 
f 1554/1554/1554 975/975/975 975/975/975 
f 975/975/975 975/975/975 1422/1422/1422 
f 975/975/975 1422/1422/1422 1422/1422/1422 
f 1422/1422/1422 1422/1422/1422 1551/1551/1551 
f 1422/1422/1422 1555/1555/1555 1551/1551/1551 
f 1551/1551/1551 1555/1555/1555 1555/1555/1555 
f 1555/1555/1555 1556/1556/1556 1555/1555/1555 
f 1555/1555/1555 1556/1556/1556 1556/1556/1556 
f 1556/1556/1556 1557/1557/1557 1556/1556/1556 
f 1556/1556/1556 1557/1557/1557 1175/1175/1175 
f 1557/1557/1557 1175/1175/1175 1175/1175/1175 
f 1175/1175/1175 1175/1175/1175 1558/1558/1558 
f 1175/1175/1175 1558/1558/1558 1558/1558/1558 
f 1558/1558/1558 1558/1558/1558 1175/1175/1175 
f 1558/1558/1558 1559/1559/1559 1175/1175/1175 
f 1175/1175/1175 1559/1559/1559 1560/1560/1560 
f 1559/1559/1559 1560/1560/1560 1560/1560/1560 
f 1560/1560/1560 1560/1560/1560 1561/1561/1561 
f 1560/1560/1560 1561/1561/1561 1561/1561/1561 
f 1561/1561/1561 1561/1561/1561 1556/1556/1556 
f 1561/1561/1561 1560/1560/1560 1556/1556/1556 
f 1556/1556/1556 1560/1560/1560 1562/1562/1562 
f 1560/1560/1560 1562/1562/1562 1562/1562/1562 
f 1562/1562/1562 1562/1562/1562 1563/1563/1563 
f 1562/1562/1562 1563/1563/1563 1563/1563/1563 
f 1563/1563/1563 1563/1563/1563 1562/1562/1562 
f 1563/1563/1563 1564/1564/1564 1562/1562/1562 
f 1562/1562/1562 1564/1564/1564 1565/1565/1565 
f 1564/1564/1564 1565/1565/1565 1565/1565/1565 
f 1565/1565/1565 1565/1565/1565 1566/1566/1566 
f 1565/1565/1565 1566/1566/1566 1566/1566/1566 
f 1566/1566/1566 1566/1566/1566 1567/1567/1567 
f 1566/1566/1566 1565/1565/1565 1567/1567/1567 
f 1567/1567/1567 1565/1565/1565 1565/1565/1565 
f 1565/1565/1565 1565/1565/1565 1565/1565/1565 
f 1565/1565/1565 1565/1565/1565 1565/1565/1565 
f 1565/1565/1565 1568/1568/1568 1565/1565/1565 
f 1565/1565/1565 1568/1568/1568 1569/1569/1569 
f 1568/1568/1568 1569/1569/1569 1569/1569/1569 
f 1569/1569/1569 1569/1569/1569 1566/1566/1566 
f 1569/1569/1569 1566/1566/1566 1566/1566/1566 
f 1566/1566/1566 1566/1566/1566 1570/1570/1570 
f 1566/1566/1566 1569/1569/1569 1570/1570/1570 
f 1570/1570/1570 1569/1569/1569 1569/1569/1569 
f 1569/1569/1569 1571/1571/1571 1569/1569/1569 
f 1569/1569/1569 1571/1571/1571 1571/1571/1571 
f 1571/1571/1571 1570/1570/1570 1571/1571/1571 
f 1571/1571/1571 1570/1570/1570 1572/1572/1572 
f 1570/1570/1570 1572/1572/1572 1572/1572/1572 
f 1572/1572/1572 1572/1572/1572 1571/1571/1571 
f 1572/1572/1572 1571/1571/1571 1571/1571/1571 
f 1571/1571/1571 1571/1571/1571 1573/1573/1573 
f 1571/1571/1571 1569/1569/1569 1573/1573/1573 
f 1573/1573/1573 1569/1569/1569 1574/1574/1574 
f 1569/1569/1569 1574/1574/1574 1574/1574/1574 
f 1574/1574/1574 1574/1574/1574 1575/1575/1575 
f 1574/1574/1574 1575/1575/1575 1575/1575/1575 
f 1575/1575/1575 1575/1575/1575 1576/1576/1576 
f 1575/1575/1575 1573/1573/1573 1576/1576/1576 
f 1576/1576/1576 1573/1573/1573 1573/1573/1573 
f 1573/1573/1573 1564/1564/1564 1573/1573/1573 
f 1573/1573/1573 1564/1564/1564 1564/1564/1564 
f 1564/1564/1564 1577/1577/1577 1564/1564/1564 
f 1564/1564/1564 1577/1577/1577 1575/1575/1575 
f 1577/1577/1577 1578/1578/1578 1575/1575/1575 
f 1575/1575/1575 1578/1578/1578 1579/1579/1579 
f 1578/1578/1578 1579/1579/1579 1579/1579/1579 
f 1579/1579/1579 1579/1579/1579 1579/1579/1579 
f 1579/1579/1579 1579/1579/1579 1579/1579/1579 
f 1579/1579/1579 1579/1579/1579 1580/1580/1580 
f 1579/1579/1579 1581/1581/1581 1580/1580/1580 
f 1580/1580/1580 1581/1581/1581 1581/1581/1581 
f 1581/1581/1581 1582/1582/1582 1581/1581/1581 
f 1581/1581/1581 1582/1582/1582 1582/1582/1582 
f 1582/1582/1582 1581/1581/1581 1582/1582/1582 
f 1582/1582/1582 1581/1581/1581 1583/1583/1583 
f 1581/1581/1581 1583/1583/1583 1583/1583/1583 
f 1583/1583/1583 1583/1583/1583 1584/1584/1584 
f 1583/1583/1583 1584/1584/1584 1584/1584/1584 
f 1584/1584/1584 1584/1584/1584 1585/1585/1585 
f 1584/1584/1584 1583/1583/1583 1585/1585/1585 
f 1585/1585/1585 1583/1583/1583 1583/1583/1583 
f 1583/1583/1583 1584/1584/1584 1583/1583/1583 
f 1583/1583/1583 1584/1584/1584 1584/1584/1584 
f 1584/1584/1584 1578/1578/1578 1584/1584/1584 
f 1584/1584/1584 1578/1578/1578 1176/1176/1176 
f 1578/1578/1578 1176/1176/1176 1176/1176/1176 
f 1176/1176/1176 1176/1176/1176 1586/1586/1586 
f 1176/1176/1176 1586/1586/1586 1586/1586/1586 
f 1586/1586/1586 1586/1586/1586 1584/1584/1584 
f 1586/1586/1586 1579/1579/1579 1584/1584/1584 
f 1584/1584/1584 1579/1579/1579 1579/1579/1579 
f 1579/1579/1579 1160/1160/1160 1579/1579/1579 
f 1579/1579/1579 1160/1160/1160 1160/1160/1160 
f 1160/1160/1160 1584/1584/1584 1160/1160/1160 
f 1160/1160/1160 1584/1584/1584 1587/1587/1587 
f 1584/1584/1584 1587/1587/1587 1587/1587/1587 
f 1587/1587/1587 1587/1587/1587 1588/1588/1588 
f 1587/1587/1587 1588/1588/1588 1588/1588/1588 
f 1588/1588/1588 1588/1588/1588 1575/1575/1575 
f 1588/1588/1588 1589/1589/1589 1575/1575/1575 
f 1575/1575/1575 1589/1589/1589 1589/1589/1589 
f 1589/1589/1589 1586/1586/1586 1589/1589/1589 
f 1589/1589/1589 1586/1586/1586 1586/1586/1586 
f 1586/1586/1586 1582/1582/1582 1586/1586/1586 
f 1586/1586/1586 1582/1582/1582 1590/1590/1590 
f 1582/1582/1582 1590/1590/1590 1590/1590/1590 
f 1590/1590/1590 1590/1590/1590 1591/1591/1591 
f 1590/1590/1590 1591/1591/1591 1591/1591/1591 
f 1591/1591/1591 1591/1591/1591 1592/1592/1592 
f 1591/1591/1591 1586/1586/1586 1592/1592/1592 
f 1592/1592/1592 1586/1586/1586 1586/1586/1586 
f 1586/1586/1586 1593/1593/1593 1586/1586/1586 
f 1586/1586/1586 1593/1593/1593 1593/1593/1593 
f 1593/1593/1593 1586/1586/1586 1593/1593/1593 
f 1593/1593/1593 1586/1586/1586 1594/1594/1594 
f 1586/1586/1586 1594/1594/1594 1594/1594/1594 
f 1594/1594/1594 1594/1594/1594 1595/1595/1595 
f 1594/1594/1594 1595/1595/1595 1595/1595/1595 
f 1595/1595/1595 1595/1595/1595 1596/1596/1596 
f 1595/1595/1595 1594/1594/1594 1596/1596/1596 
f 1596/1596/1596 1594/1594/1594 1594/1594/1594 
f 1594/1594/1594 1134/1134/1134 1594/1594/1594 
f 1594/1594/1594 1134/1134/1134 1134/1134/1134 
f 1134/1134/1134 1133/1133/1133 1134/1134/1134 
f 1134/1134/1134 1133/1133/1133 1594/1594/1594 
f 1133/1133/1133 1594/1594/1594 1594/1594/1594 
f 1594/1594/1594 1594/1594/1594 1597/1597/1597 
f 1594/1594/1594 1597/1597/1597 1597/1597/1597 
f 1597/1597/1597 1597/1597/1597 1132/1132/1132 
f 1597/1597/1597 1596/1596/1596 1132/1132/1132 
f 1132/1132/1132 1596/1596/1596 1133/1133/1133 
f 1596/1596/1596 1133/1133/1133 1133/1133/1133 
f 1133/1133/1133 1133/1133/1133 1132/1132/1132 
f 1133/1133/1133 1132/1132/1132 1132/1132/1132 
f 1132/1132/1132 1132/1132/1132 1598/1598/1598 
f 1132/1132/1132 1599/1599/1599 1598/1598/1598 
f 1598/1598/1598 1599/1599/1599 1599/1599/1599 
f 1599/1599/1599 1133/1133/1133 1599/1599/1599 
f 1599/1599/1599 1133/1133/1133 1133/1133/1133 
f 1133/1133/1133 1600/1600/1600 1133/1133/1133 
f 1133/1133/1133 1600/1600/1600 1601/1601/1601 
f 1600/1600/1600 1601/1601/1601 1601/1601/1601 
f 1601/1601/1601 1601/1601/1601 1601/1601/1601 
f 1601/1601/1601 1601/1601/1601 1601/1601/1601 
f 1601/1601/1601 1601/1601/1601 1171/1171/1171 
f 1601/1601/1601 1602/1602/1602 1171/1171/1171 
f 1171/1171/1171 1602/1602/1602 1603/1603/1603 
f 1602/1602/1602 1603/1603/1603 1603/1603/1603 
f 1603/1603/1603 1603/1603/1603 1604/1604/1604 
f 1603/1603/1603 1604/1604/1604 1604/1604/1604 
f 1604/1604/1604 1604/1604/1604 1605/1605/1605 
f 1604/1604/1604 1596/1596/1596 1605/1605/1605 
f 1605/1605/1605 1596/1596/1596 1596/1596/1596 
f 1596/1596/1596 1596/1596/1596 1596/1596/1596 
f 1596/1596/1596 1596/1596/1596 1596/1596/1596 
f 1596/1596/1596 1606/1606/1606 1596/1596/1596 
f 1596/1596/1596 1606/1606/1606 1582/1582/1582 
f 1606/1606/1606 1588/1588/1588 1582/1582/1582 
f 1582/1582/1582 1588/1588/1588 1588/1588/1588 
f 1588/1588/1588 1131/1131/1131 1588/1588/1588 
f 1588/1588/1588 1131/1131/1131 1131/1131/1131 
f 1131/1131/1131 1607/1607/1607 1131/1131/1131 
f 1131/1131/1131 1607/1607/1607 1605/1605/1605 
f 1607/1607/1607 1605/1605/1605 1605/1605/1605 
f 1605/1605/1605 1605/1605/1605 1131/1131/1131 
f 1605/1605/1605 1131/1131/1131 1131/1131/1131 
f 1131/1131/1131 1131/1131/1131 1608/1608/1608 
f 1131/1131/1131 1130/1130/1130 1608/1608/1608 
f 1608/1608/1608 1130/1130/1130 1609/1609/1609 
f 1130/1130/1130 1609/1609/1609 1609/1609/1609 
f 1609/1609/1609 1609/1609/1609 1610/1610/1610 
f 1609/1609/1609 1610/1610/1610 1610/1610/1610 
f 1610/1610/1610 1610/1610/1610 1611/1611/1611 
f 1610/1610/1610 1606/1606/1606 1611/1611/1611 
f 1611/1611/1611 1606/1606/1606 1612/1612/1612 
f 1606/1606/1606 1605/1605/1605 1612/1612/1612 
f 1612/1612/1612 1605/1605/1605 1608/1608/1608 
f 1605/1605/1605 1608/1608/1608 1608/1608/1608 
f 1608/1608/1608 1608/1608/1608 1573/1573/1573 
f 1608/1608/1608 1573/1573/1573 1573/1573/1573 
f 1573/1573/1573 1573/1573/1573 1613/1613/1613 
f 1573/1573/1573 1611/1611/1611 1613/1613/1613 
f 1613/1613/1613 1611/1611/1611 1614/1614/1614 
f 1611/1611/1611 1612/1612/1612 1614/1614/1614 
f 1614/1614/1614 1612/1612/1612 1612/1612/1612 
f 1612/1612/1612 1614/1614/1614 1612/1612/1612 
f 1612/1612/1612 1614/1614/1614 1614/1614/1614 
f 1614/1614/1614 1615/1615/1615 1614/1614/1614 
f 1614/1614/1614 1615/1615/1615 1613/1613/1613 
f 1615/1615/1615 1613/1613/1613 1613/1613/1613 
f 1613/1613/1613 1613/1613/1613 1614/1614/1614 
f 1613/1613/1613 1614/1614/1614 1614/1614/1614 
f 1614/1614/1614 1614/1614/1614 1616/1616/1616 
f 1614/1614/1614 1617/1617/1617 1616/1616/1616 
f 1616/1616/1616 1617/1617/1617 1617/1617/1617 
f 1617/1617/1617 1613/1613/1613 1617/1617/1617 
f 1617/1617/1617 1613/1613/1613 1613/1613/1613 
f 1613/1613/1613 1616/1616/1616 1613/1613/1613 
f 1613/1613/1613 1616/1616/1616 1618/1618/1618 
f 1616/1616/1616 1618/1618/1618 1618/1618/1618 
f 1618/1618/1618 1618/1618/1618 1619/1619/1619 
f 1618/1618/1618 1619/1619/1619 1619/1619/1619 
f 1619/1619/1619 1619/1619/1619 1618/1618/1618 
f 1619/1619/1619 1620/1620/1620 1618/1618/1618 
f 1618/1618/1618 1620/1620/1620 1620/1620/1620 
f 1620/1620/1620 1588/1588/1588 1620/1620/1620 
f 1620/1620/1620 1588/1588/1588 1588/1588/1588 
f 1588/1588/1588 1611/1611/1611 1588/1588/1588 
f 1588/1588/1588 1611/1611/1611 1621/1621/1621 
f 1611/1611/1611 1621/1621/1621 1621/1621/1621 
f 1621/1621/1621 1621/1621/1621 1622/1622/1622 
f 1621/1621/1621 1622/1622/1622 1622/1622/1622 
f 1622/1622/1622 1622/1622/1622 1614/1614/1614 
f 1622/1622/1622 1623/1623/1623 1614/1614/1614 
f 1614/1614/1614 1623/1623/1623 1623/1623/1623 
f 1623/1623/1623 1624/1624/1624 1623/1623/1623 
f 1623/1623/1623 1624/1624/1624 1624/1624/1624 
f 1624/1624/1624 1612/1612/1612 1624/1624/1624 
f 1624/1624/1624 1612/1612/1612 1622/1622/1622 
f 1612/1612/1612 1608/1608/1608 1622/1622/1622 
f 1622/1622/1622 1608/1608/1608 1622/1622/1622 
f 1608/1608/1608 1625/1625/1625 1622/1622/1622 
f 1622/1622/1622 1625/1625/1625 1626/1626/1626 
f 1625/1625/1625 1626/1626/1626 1626/1626/1626 
f 1626/1626/1626 1626/1626/1626 1130/1130/1130 
f 1626/1626/1626 1130/1130/1130 1130/1130/1130 
f 1130/1130/1130 1130/1130/1130 1625/1625/1625 
f 1130/1130/1130 1627/1627/1627 1625/1625/1625 
f 1625/1625/1625 1627/1627/1627 1627/1627/1627 
f 1627/1627/1627 1628/1628/1628 1627/1627/1627 
f 1627/1627/1627 1628/1628/1628 1628/1628/1628 
f 1628/1628/1628 1625/1625/1625 1628/1628/1628 
f 1628/1628/1628 1625/1625/1625 1629/1629/1629 
f 1625/1625/1625 1629/1629/1629 1629/1629/1629 
f 1629/1629/1629 1629/1629/1629 1630/1630/1630 
f 1629/1629/1629 1630/1630/1630 1630/1630/1630 
f 1630/1630/1630 1630/1630/1630 1631/1631/1631 
f 1630/1630/1630 1632/1632/1632 1631/1631/1631 
f 1631/1631/1631 1632/1632/1632 1633/1633/1633 
f 1632/1632/1632 1632/1632/1632 1633/1633/1633 
f 1633/1633/1633 1632/1632/1632 1629/1629/1629 
f 1632/1632/1632 1634/1634/1634 1629/1629/1629 
f 1629/1629/1629 1634/1634/1634 1634/1634/1634 
f 1634/1634/1634 1633/1633/1633 1634/1634/1634 
f 1634/1634/1634 1633/1633/1633 1633/1633/1633 
f 1633/1633/1633 1635/1635/1635 1633/1633/1633 
f 1633/1633/1633 1635/1635/1635 1631/1631/1631 
f 1635/1635/1635 1636/1636/1636 1631/1631/1631 
f 1631/1631/1631 1636/1636/1636 1637/1637/1637 
f 1636/1636/1636 1637/1637/1637 1637/1637/1637 
f 1637/1637/1637 1637/1637/1637 1631/1631/1631 
f 1637/1637/1637 1631/1631/1631 1631/1631/1631 
f 1631/1631/1631 1631/1631/1631 1638/1638/1638 
f 1631/1631/1631 1639/1639/1639 1638/1638/1638 
f 1638/1638/1638 1639/1639/1639 1639/1639/1639 
f 1639/1639/1639 1640/1640/1640 1639/1639/1639 
f 1639/1639/1639 1640/1640/1640 1640/1640/1640 
f 1640/1640/1640 1635/1635/1635 1640/1640/1640 
f 1640/1640/1640 1635/1635/1635 1641/1641/1641 
f 1635/1635/1635 1126/1126/1126 1641/1641/1641 
f 1641/1641/1641 1126/1126/1126 1642/1642/1642 
f 1126/1126/1126 1642/1642/1642 1642/1642/1642 
f 1642/1642/1642 1642/1642/1642 1125/1125/1125 
f 1642/1642/1642 1125/1125/1125 1125/1125/1125 
f 1125/1125/1125 1125/1125/1125 1641/1641/1641 
f 1125/1125/1125 1643/1643/1643 1641/1641/1641 
f 1641/1641/1641 1643/1643/1643 1644/1644/1644 
f 1643/1643/1643 1644/1644/1644 1644/1644/1644 
f 1644/1644/1644 1644/1644/1644 1645/1645/1645 
f 1644/1644/1644 1645/1645/1645 1645/1645/1645 
f 1645/1645/1645 1645/1645/1645 1641/1641/1641 
f 1645/1645/1645 1636/1636/1636 1641/1641/1641 
f 1641/1641/1641 1636/1636/1636 1636/1636/1636 
f 1636/1636/1636 1636/1636/1636 1636/1636/1636 
f 1636/1636/1636 1636/1636/1636 1636/1636/1636 
f 1636/1636/1636 1644/1644/1644 1636/1636/1636 
f 1636/1636/1636 1644/1644/1644 1646/1646/1646 
f 1644/1644/1644 1646/1646/1646 1646/1646/1646 
f 1646/1646/1646 1646/1646/1646 1647/1647/1647 
f 1646/1646/1646 1647/1647/1647 1647/1647/1647 
f 1647/1647/1647 1647/1647/1647 1648/1648/1648 
f 1647/1647/1647 1644/1644/1644 1648/1648/1648 
f 1648/1648/1648 1644/1644/1644 1649/1649/1649 
f 1644/1644/1644 1649/1649/1649 1649/1649/1649 
f 1649/1649/1649 1649/1649/1649 1645/1645/1645 
f 1649/1649/1649 1645/1645/1645 1645/1645/1645 
f 1645/1645/1645 1645/1645/1645 1649/1649/1649 
f 1645/1645/1645 1650/1650/1650 1649/1649/1649 
f 1649/1649/1649 1650/1650/1650 1649/1649/1649 
f 1650/1650/1650 1651/1651/1651 1649/1649/1649 
f 1649/1649/1649 1651/1651/1651 1652/1652/1652 
f 1651/1651/1651 1652/1652/1652 1652/1652/1652 
f 1652/1652/1652 1652/1652/1652 1124/1124/1124 
f 1652/1652/1652 1124/1124/1124 1124/1124/1124 
f 1124/1124/1124 1124/1124/1124 1653/1653/1653 
f 1124/1124/1124 1651/1651/1651 1653/1653/1653 
f 1653/1653/1653 1651/1651/1651 1651/1651/1651 
f 1651/1651/1651 1654/1654/1654 1651/1651/1651 
f 1651/1651/1651 1654/1654/1654 1654/1654/1654 
f 1654/1654/1654 1651/1651/1651 1654/1654/1654 
f 1654/1654/1654 1651/1651/1651 1140/1140/1140 
f 1651/1651/1651 1140/1140/1140 1140/1140/1140 
f 1140/1140/1140 1140/1140/1140 1655/1655/1655 
f 1140/1140/1140 1655/1655/1655 1655/1655/1655 
f 1655/1655/1655 1655/1655/1655 1656/1656/1656 
f 1655/1655/1655 1140/1140/1140 1656/1656/1656 
f 1656/1656/1656 1140/1140/1140 1657/1657/1657 
f 1140/1140/1140 1657/1657/1657 1657/1657/1657 
f 1657/1657/1657 1657/1657/1657 1658/1658/1658 
f 1657/1657/1657 1658/1658/1658 1658/1658/1658 
f 1658/1658/1658 1658/1658/1658 1659/1659/1659 
f 1658/1658/1658 1648/1648/1648 1659/1659/1659 
f 1659/1659/1659 1648/1648/1648 1649/1649/1649 
f 1648/1648/1648 1649/1649/1649 1649/1649/1649 
f 1649/1649/1649 1649/1649/1649 1659/1659/1659 
f 1649/1649/1649 1659/1659/1659 1659/1659/1659 
f 1659/1659/1659 1659/1659/1659 1660/1660/1660 
f 1659/1659/1659 902/902/902 1660/1660/1660 
f 1660/1660/1660 902/902/902 902/902/902 
f 902/902/902 1659/1659/1659 902/902/902 
f 902/902/902 1659/1659/1659 1659/1659/1659 
f 1659/1659/1659 1661/1661/1661 1659/1659/1659 
f 1659/1659/1659 1661/1661/1661 1662/1662/1662 
f 1661/1661/1661 1662/1662/1662 1662/1662/1662 
f 1662/1662/1662 1662/1662/1662 1662/1662/1662 
f 1662/1662/1662 1662/1662/1662 1662/1662/1662 
f 1662/1662/1662 1662/1662/1662 1663/1663/1663 
f 1662/1662/1662 897/897/897 1663/1663/1663 
f 1663/1663/1663 897/897/897 897/897/897 
f 897/897/897 895/895/895 897/897/897 
f 897/897/897 895/895/895 895/895/895 
f 895/895/895 1664/1664/1664 895/895/895 
f 895/895/895 1664/1664/1664 1665/1665/1665 
f 1664/1664/1664 1665/1665/1665 1665/1665/1665 
f 1665/1665/1665 1665/1665/1665 1666/1666/1666 
f 1665/1665/1665 1666/1666/1666 1666/1666/1666 
f 1666/1666/1666 1666/1666/1666 1665/1665/1665 
f 1666/1666/1666 1667/1667/1667 1665/1665/1665 
f 1665/1665/1665 1667/1667/1667 1667/1667/1667 
f 1667/1667/1667 1665/1665/1665 1667/1667/1667 
f 1667/1667/1667 1665/1665/1665 1665/1665/1665 
f 1665/1665/1665 1668/1668/1668 1665/1665/1665 
f 1665/1665/1665 1668/1668/1668 1662/1662/1662 
f 1668/1668/1668 1669/1669/1669 1662/1662/1662 
f 1662/1662/1662 1669/1669/1669 1669/1669/1669 
f 1669/1669/1669 1666/1666/1666 1669/1669/1669 
f 1669/1669/1669 1666/1666/1666 1666/1666/1666 
f 1666/1666/1666 1670/1670/1670 1666/1666/1666 
f 1666/1666/1666 1670/1670/1670 1671/1671/1671 
f 1670/1670/1670 1671/1671/1671 1671/1671/1671 
f 1671/1671/1671 1671/1671/1671 1670/1670/1670 
f 1671/1671/1671 1670/1670/1670 1670/1670/1670 
f 1670/1670/1670 1670/1670/1670 1672/1672/1672 
f 1670/1670/1670 1673/1673/1673 1672/1672/1672 
f 1672/1672/1672 1673/1673/1673 1673/1673/1673 
f 1673/1673/1673 1670/1670/1670 1673/1673/1673 
f 1673/1673/1673 1670/1670/1670 1670/1670/1670 
f 1670/1670/1670 1674/1674/1674 1670/1670/1670 
f 1670/1670/1670 1674/1674/1674 1668/1668/1668 
f 1674/1674/1674 1668/1668/1668 1668/1668/1668 
f 1668/1668/1668 1668/1668/1668 1675/1675/1675 
f 1668/1668/1668 1675/1675/1675 1675/1675/1675 
f 1675/1675/1675 1675/1675/1675 1674/1674/1674 
f 1675/1675/1675 1676/1676/1676 1674/1674/1674 
f 1674/1674/1674 1676/1676/1676 1676/1676/1676 
f 1676/1676/1676 1675/1675/1675 1676/1676/1676 
f 1676/1676/1676 1675/1675/1675 1675/1675/1675 
f 1675/1675/1675 1677/1677/1677 1675/1675/1675 
f 1675/1675/1675 1677/1677/1677 1678/1678/1678 
f 1677/1677/1677 1678/1678/1678 1678/1678/1678 
f 1678/1678/1678 1678/1678/1678 1677/1677/1677 
f 1678/1678/1678 1677/1677/1677 1677/1677/1677 
f 1677/1677/1677 1677/1677/1677 1679/1679/1679 
f 1677/1677/1677 1680/1680/1680 1679/1679/1679 
f 1679/1679/1679 1680/1680/1680 1680/1680/1680 
f 1680/1680/1680 1677/1677/1677 1680/1680/1680 
f 1680/1680/1680 1677/1677/1677 1677/1677/1677 
f 1677/1677/1677 1681/1681/1681 1677/1677/1677 
f 1677/1677/1677 1681/1681/1681 1682/1682/1682 
f 1681/1681/1681 1683/1683/1683 1682/1682/1682 
f 1682/1682/1682 1683/1683/1683 1683/1683/1683 
f 1683/1683/1683 1679/1679/1679 1683/1683/1683 
f 1683/1683/1683 1679/1679/1679 1679/1679/1679 
f 1679/1679/1679 1682/1682/1682 1679/1679/1679 
f 1679/1679/1679 1682/1682/1682 1684/1684/1684 
f 1682/1682/1682 1685/1685/1685 1684/1684/1684 
f 1684/1684/1684 1685/1685/1685 1684/1684/1684 
f 1685/1685/1685 1686/1686/1686 1684/1684/1684 
f 1684/1684/1684 1686/1686/1686 1684/1684/1684 
f 1686/1686/1686 1687/1687/1687 1684/1684/1684 
f 1684/1684/1684 1687/1687/1687 1688/1688/1688 
f 1687/1687/1687 1689/1689/1689 1688/1688/1688 
f 1688/1688/1688 1689/1689/1689 1669/1669/1669 
f 1689/1689/1689 1648/1648/1648 1669/1669/1669 
f 1669/1669/1669 1648/1648/1648 1648/1648/1648 
f 1648/1648/1648 1684/1684/1684 1648/1648/1648 
f 1648/1648/1648 1684/1684/1684 1684/1684/1684 
f 1684/1684/1684 1688/1688/1688 1684/1684/1684 
f 1684/1684/1684 1688/1688/1688 1690/1690/1690 
f 1688/1688/1688 1674/1674/1674 1690/1690/1690 
f 1690/1690/1690 1674/1674/1674 1674/1674/1674 
f 1674/1674/1674 1636/1636/1636 1674/1674/1674 
f 1674/1674/1674 1636/1636/1636 1636/1636/1636 
f 1636/1636/1636 1689/1689/1689 1636/1636/1636 
f 1636/1636/1636 1689/1689/1689 1687/1687/1687 
f 1689/1689/1689 1687/1687/1687 1687/1687/1687 
f 1687/1687/1687 1687/1687/1687 1648/1648/1648 
f 1687/1687/1687 1648/1648/1648 1648/1648/1648 
f 1648/1648/1648 1648/1648/1648 1691/1691/1691 
f 1648/1648/1648 1692/1692/1692 1691/1691/1691 
f 1691/1691/1691 1692/1692/1692 1692/1692/1692 
f 1692/1692/1692 1688/1688/1688 1692/1692/1692 
f 1692/1692/1692 1688/1688/1688 1688/1688/1688 
f 1688/1688/1688 1691/1691/1691 1688/1688/1688 
f 1688/1688/1688 1691/1691/1691 1693/1693/1693 
f 1691/1691/1691 1693/1693/1693 1693/1693/1693 
f 1693/1693/1693 1693/1693/1693 1691/1691/1691 
f 1693/1693/1693 1691/1691/1691 1691/1691/1691 
f 1691/1691/1691 1691/1691/1691 1694/1694/1694 
f 1691/1691/1691 1668/1668/1668 1694/1694/1694 
f 1694/1694/1694 1668/1668/1668 1668/1668/1668 
f 1668/1668/1668 1695/1695/1695 1668/1668/1668 
f 1668/1668/1668 1695/1695/1695 1695/1695/1695 
f 1695/1695/1695 1696/1696/1696 1695/1695/1695 
f 1695/1695/1695 1696/1696/1696 1697/1697/1697 
f 1696/1696/1696 1698/1698/1698 1697/1697/1697 
f 1697/1697/1697 1698/1698/1698 1686/1686/1686 
f 1698/1698/1698 1698/1698/1698 1686/1686/1686 
f 1686/1686/1686 1698/1698/1698 1632/1632/1632 
f 1698/1698/1698 1634/1634/1634 1632/1632/1632 
f 1632/1632/1632 1634/1634/1634 1634/1634/1634 
f 1634/1634/1634 1697/1697/1697 1634/1634/1634 
f 1634/1634/1634 1697/1697/1697 1697/1697/1697 
f 1697/1697/1697 1682/1682/1682 1697/1697/1697 
f 1697/1697/1697 1682/1682/1682 1683/1683/1683 
f 1682/1682/1682 1683/1683/1683 1683/1683/1683 
f 1683/1683/1683 1683/1683/1683 1681/1681/1681 
f 1683/1683/1683 1681/1681/1681 1681/1681/1681 
f 1681/1681/1681 1681/1681/1681 1683/1683/1683 
f 1681/1681/1681 1699/1699/1699 1683/1683/1683 
f 1683/1683/1683 1699/1699/1699 1683/1683/1683 
f 1699/1699/1699 1700/1700/1700 1683/1683/1683 
f 1683/1683/1683 1700/1700/1700 1701/1701/1701 
f 1700/1700/1700 1701/1701/1701 1701/1701/1701 
f 1701/1701/1701 1701/1701/1701 1702/1702/1702 
f 1701/1701/1701 1702/1702/1702 1702/1702/1702 
f 1702/1702/1702 1702/1702/1702 1701/1701/1701 
f 1702/1702/1702 1698/1698/1698 1701/1701/1701 
f 1701/1701/1701 1698/1698/1698 1698/1698/1698 
f 1698/1698/1698 1622/1622/1622 1698/1698/1698 
f 1698/1698/1698 1622/1622/1622 1622/1622/1622 
f 1622/1622/1622 1634/1634/1634 1622/1622/1622 
f 1622/1622/1622 1634/1634/1634 1702/1702/1702 
f 1634/1634/1634 1702/1702/1702 1702/1702/1702 
f 1702/1702/1702 1702/1702/1702 1634/1634/1634 
f 1702/1702/1702 1634/1634/1634 1634/1634/1634 
f 1634/1634/1634 1634/1634/1634 1703/1703/1703 
f 1634/1634/1634 1704/1704/1704 1703/1703/1703 
f 1703/1703/1703 1704/1704/1704 1704/1704/1704 
f 1704/1704/1704 1702/1702/1702 1704/1704/1704 
f 1704/1704/1704 1702/1702/1702 1702/1702/1702 
f 1702/1702/1702 1696/1696/1696 1702/1702/1702 
f 1702/1702/1702 1696/1696/1696 1616/1616/1616 
f 1696/1696/1696 1616/1616/1616 1616/1616/1616 
f 1616/1616/1616 1616/1616/1616 1616/1616/1616 
f 1616/1616/1616 1616/1616/1616 1616/1616/1616 
f 1616/1616/1616 1616/1616/1616 1705/1705/1705 
f 1616/1616/1616 1701/1701/1701 1705/1705/1705 
f 1705/1705/1705 1701/1701/1701 1701/1701/1701 
f 1701/1701/1701 1616/1616/1616 1701/1701/1701 
f 1701/1701/1701 1616/1616/1616 1616/1616/1616 
f 1616/1616/1616 1706/1706/1706 1616/1616/1616 
f 1616/1616/1616 1706/1706/1706 1707/1707/1707 
f 1706/1706/1706 1707/1707/1707 1707/1707/1707 
f 1707/1707/1707 1707/1707/1707 1699/1699/1699 
f 1707/1707/1707 1699/1699/1699 1699/1699/1699 
f 1699/1699/1699 1699/1699/1699 1706/1706/1706 
f 1699/1699/1699 1619/1619/1619 1706/1706/1706 
f 1706/1706/1706 1619/1619/1619 1708/1708/1708 
f 1619/1619/1619 1708/1708/1708 1708/1708/1708 
f 1708/1708/1708 1708/1708/1708 1159/1159/1159 
f 1708/1708/1708 1159/1159/1159 1159/1159/1159 
f 1159/1159/1159 1159/1159/1159 1709/1709/1709 
f 1159/1159/1159 1710/1710/1710 1709/1709/1709 
f 1709/1709/1709 1710/1710/1710 1710/1710/1710 
f 1710/1710/1710 1155/1155/1155 1710/1710/1710 
f 1710/1710/1710 1155/1155/1155 1155/1155/1155 
f 1155/1155/1155 1591/1591/1591 1155/1155/1155 
f 1155/1155/1155 1591/1591/1591 1710/1710/1710 
f 1591/1591/1591 1711/1711/1711 1710/1710/1710 
f 1710/1710/1710 1711/1711/1711 1711/1711/1711 
f 1711/1711/1711 1712/1712/1712 1711/1711/1711 
f 1711/1711/1711 1712/1712/1712 1712/1712/1712 
f 1712/1712/1712 919/919/919 1712/1712/1712 
f 1712/1712/1712 919/919/919 1713/1713/1713 
f 919/919/919 1713/1713/1713 1713/1713/1713 
f 1713/1713/1713 1713/1713/1713 1649/1649/1649 
f 1713/1713/1713 1649/1649/1649 1649/1649/1649 
f 1649/1649/1649 1649/1649/1649 1714/1714/1714 
f 1649/1649/1649 1712/1712/1712 1714/1714/1714 
f 1714/1714/1714 1712/1712/1712 1712/1712/1712 
f 1712/1712/1712 1712/1712/1712 1712/1712/1712 
f 1712/1712/1712 1712/1712/1712 1712/1712/1712 
f 1712/1712/1712 1715/1715/1715 1712/1712/1712 
f 1712/1712/1712 1715/1715/1715 1716/1716/1716 
f 1715/1715/1715 1716/1716/1716 1716/1716/1716 
f 1716/1716/1716 1716/1716/1716 1263/1263/1263 
f 1716/1716/1716 1263/1263/1263 1263/1263/1263 
f 1263/1263/1263 1263/1263/1263 1717/1717/1717 
f 1263/1263/1263 1718/1718/1718 1717/1717/1717 
f 1717/1717/1717 1718/1718/1718 1717/1717/1717 
f 1718/1718/1718 1719/1719/1719 1717/1717/1717 
f 1717/1717/1717 1719/1719/1719 1455/1455/1455 
f 1719/1719/1719 1455/1455/1455 1455/1455/1455 
f 1455/1455/1455 1455/1455/1455 1127/1127/1127 
f 1455/1455/1455 1127/1127/1127 1127/1127/1127 
f 1127/1127/1127 1127/1127/1127 1720/1720/1720 
f 1127/1127/1127 1721/1721/1721 1720/1720/1720 
f 1720/1720/1720 1721/1721/1721 1721/1721/1721 
f 1721/1721/1721 1127/1127/1127 1721/1721/1721 
f 1721/1721/1721 1127/1127/1127 1127/1127/1127 
f 1127/1127/1127 1722/1722/1722 1127/1127/1127 
f 1127/1127/1127 1722/1722/1722 1723/1723/1723 
f 1722/1722/1722 1723/1723/1723 1723/1723/1723 
f 1723/1723/1723 1723/1723/1723 1127/1127/1127 
f 1723/1723/1723 1127/1127/1127 1127/1127/1127 
f 1127/1127/1127 1127/1127/1127 1128/1128/1128 
f 1127/1127/1127 1724/1724/1724 1128/1128/1128 
f 1128/1128/1128 1724/1724/1724 1725/1725/1725 
f 1724/1724/1724 1725/1725/1725 1725/1725/1725 
f 1725/1725/1725 1725/1725/1725 1129/1129/1129 
f 1725/1725/1725 1129/1129/1129 1129/1129/1129 
f 1129/1129/1129 1129/1129/1129 1725/1725/1725 
f 1129/1129/1129 1726/1726/1726 1725/1725/1725 
f 1725/1725/1725 1726/1726/1726 1726/1726/1726 
f 1726/1726/1726 1129/1129/1129 1726/1726/1726 
f 1726/1726/1726 1129/1129/1129 1129/1129/1129 
f 1129/1129/1129 1727/1727/1727 1129/1129/1129 
f 1129/1129/1129 1727/1727/1727 1728/1728/1728 
f 1727/1727/1727 1728/1728/1728 1728/1728/1728 
f 1728/1728/1728 1728/1728/1728 1527/1527/1527 
f 1728/1728/1728 1527/1527/1527 1527/1527/1527 
f 1527/1527/1527 1527/1527/1527 1729/1729/1729 
f 1527/1527/1527 1730/1730/1730 1729/1729/1729 
f 1729/1729/1729 1730/1730/1730 1730/1730/1730 
f 1730/1730/1730 1527/1527/1527 1730/1730/1730 
f 1730/1730/1730 1527/1527/1527 1527/1527/1527 
f 1527/1527/1527 1731/1731/1731 1527/1527/1527 
f 1527/1527/1527 1731/1731/1731 1732/1732/1732 

