mtllib model_5.mtl
o model_5
v -0.004848000127822161 -2.6232447624206543 0.25471723079681396 
v -0.003635964822024107 -2.623544692993164 0.2207169085741043 
v -0.003635964822024107 -2.623588800430298 0.2546996474266052 
v 1.402879945544555e-7 -2.6237006187438965 0.2546996474266052 
v 1.402879945544555e-7 -2.6237006187438965 0.2833670973777771 
v -0.003635964822024107 -2.6236047744750977 0.2833670973777771 
v -0.004848000127822161 -2.6233208179473877 0.2833670973777771 
v -0.004848000127822161 -2.623368740081787 0.3071760833263397 
v -0.003635964822024107 -2.6236166954040527 0.3071760833263397 
v -0.004848000127822161 -2.623440742492676 0.3265659511089325 
v -0.003635964822024107 -2.6236367225646973 0.3265659511089325 
v -0.004848000127822161 -2.623504877090454 0.3480028212070465 
v -0.003635964822024107 -2.623652696609497 0.3480028212070465 
v -0.003635964822024107 -2.623656749725342 0.3779441714286804 
v -0.004848000127822161 -2.6235246658325195 0.3779441714286804 
v -0.003635964822024107 -2.623656749725342 0.40482816100120544 
v -0.004848000127822161 -2.6235246658325195 0.40482816100120544 
v -0.004848000127822161 -2.6235246658325195 0.4171104431152344 
v -0.003635964822024107 -2.623656749725342 0.4171104431152344 
v 1.402879945544555e-7 -2.6237006187438965 0.4171104431152344 
v 1.402879945544555e-7 -2.6237006187438965 0.40482816100120544 
v 0.0036359496880322695 -2.623656749725342 0.4171104431152344 
v -0.004848000127822161 -2.6230809688568115 0.22076961398124695 
v 1.402879945544555e-7 -2.6237006187438965 0.3779441714286804 
v 1.402879945544555e-7 -2.6237006187438965 0.3480028212070465 
v 1.402879945544555e-7 -2.6237006187438965 0.3265659511089325 
v 1.402879945544555e-7 -2.6237006187438965 0.3071760833263397 
v 0.0036359496880322695 -2.6236166954040527 0.3071760833263397 
v 0.0036359496880322695 -2.6236047744750977 0.2833670973777771 
v 0.0036359496880322695 -2.623588800430298 0.2546996474266052 
v 1.402879945544555e-7 -2.6237006187438965 0.22069934010505676 
v -0.003635964822024107 -2.623504877090454 0.19306859374046326 
v -0.004848000127822161 -2.6229209899902344 0.19315645098686218 
v -0.004848000127822161 -2.6228649616241455 0.1834922730922699 
v -0.003635964822024107 -2.62349271774292 0.18338684737682343 
v 1.402879945544555e-7 -2.6237006187438965 0.19303345680236816 
v 1.402879945544555e-7 -2.6237006187438965 0.18335171043872833 
v 0.0036359496880322695 -2.623504877090454 0.19306859374046326 
v 0.0036359496880322695 -2.62349271774292 0.18338684737682343 
v 0.0048479847609996796 -2.6229209899902344 0.19315645098686218 
v 0.0048479847609996796 -2.6228649616241455 0.1834922730922699 
v 0.0036359496880322695 -2.623544692993164 0.2207169085741043 
v 0.0048479847609996796 -2.6232447624206543 0.25471723079681396 
v 0.0048479847609996796 -2.6233208179473877 0.2833670973777771 
v 0.0048479847609996796 -2.623368740081787 0.3071760833263397 
v 0.0048479847609996796 -2.623440742492676 0.3265659511089325 
v 0.0036359496880322695 -2.6236367225646973 0.3265659511089325 
v 0.0036359496880322695 -2.623652696609497 0.3480028212070465 
v 0.0048479847609996796 -2.6230809688568115 0.22076961398124695 
v 0.0048479847609996796 -2.623504877090454 0.3480028212070465 
v 0.0048479847609996796 -2.6235246658325195 0.3779441714286804 
v 0.0036359496880322695 -2.623656749725342 0.3779441714286804 
v 0.0036359496880322695 -2.623656749725342 0.40482816100120544 
v 0.0048479847609996796 -2.6235246658325195 0.4171104431152344 
v 0.0048479847609996796 -2.6235246658325195 0.40482816100120544 
v -0.003635964822024107 -2.614323854446411 0.4698241055011749 
v 1.402879945544555e-7 -2.614323854446411 0.47068509459495544 
v -0.003635964822024107 -2.6154913902282715 0.4698241055011749 
v 1.402879945544555e-7 -2.6154913902282715 0.47068509459495544 
v -0.003635964822024107 -2.618870258331299 0.4698241055011749 
v -0.004848000127822161 -2.618870258331299 0.46724990010261536 
v -0.004848000127822161 -2.6222732067108154 0.46724990010261536 
v -0.003635964822024107 -2.6222732067108154 0.4698241055011749 
v -0.004848000127822161 -2.6235246658325195 0.46724990010261536 
v -0.004848000127822161 -2.614323854446411 0.46724990010261536 
v -0.004848000127822161 -2.6154913902282715 0.46724990010261536 
v 1.402879945544555e-7 -2.618870258331299 0.47068509459495544 
v -0.003635964822024107 -2.6235246658325195 0.4698241055011749 
v 1.402879945544555e-7 -2.6222732067108154 0.47068509459495544 
v 1.402879945544555e-7 -2.6235246658325195 0.47068509459495544 
v -0.003635964822024107 -2.634261131286621 0.4698241055011749 
v 1.402879945544555e-7 -2.634261131286621 0.47068509459495544 
v -0.003635964822024107 -2.6661105155944824 0.4698241055011749 
v -0.004848000127822161 -2.6661105155944824 0.46724990010261536 
v -0.004848000127822161 -2.6980197429656982 0.46724990010261536 
v -0.003635964822024107 -2.6980197429656982 0.4698241055011749 
v -0.004848000127822161 -2.708928108215332 0.46724990010261536 
v -0.004848000127822161 -2.634261131286621 0.46724990010261536 
v 1.402879945544555e-7 -2.6661105155944824 0.47068509459495544 
v 0.0036359496880322695 -2.634261131286621 0.4698241055011749 
v 0.0036359496880322695 -2.6235246658325195 0.4698241055011749 
v 0.0036359496880322695 -2.6222732067108154 0.4698241055011749 
v 0.0036359496880322695 -2.618870258331299 0.4698241055011749 
v 0.0036359496880322695 -2.6154913902282715 0.4698241055011749 
v 0.0036359496880322695 -2.614323854446411 0.4698241055011749 
v 0.0048479847609996796 -2.614323854446411 0.46724990010261536 
v 0.0048479847609996796 -2.6154913902282715 0.46724990010261536 
v 0.0048479847609996796 -2.618870258331299 0.46724990010261536 
v 0.0048479847609996796 -2.6222732067108154 0.46724990010261536 
v 0.0048479847609996796 -2.6235246658325195 0.46724990010261536 
v 0.0048479847609996796 -2.634261131286621 0.46724990010261536 
v 0.0048479847609996796 -2.6661105155944824 0.46724990010261536 
v 0.0036359496880322695 -2.6661105155944824 0.4698241055011749 
v 0.0048479847609996796 -2.6980197429656982 0.46724990010261536 
v 0.0036359496880322695 -2.6980197429656982 0.4698241055011749 
v 0.0048479847609996796 -2.708928108215332 0.46724990010261536 
v 0.0036359496880322695 -2.708928108215332 0.4698241055011749 
v 0.0036359496880322695 -2.7092361450195312 0.46724990010261536 
v 0.002694077556952834 -2.709156036376953 0.4691563844680786 
v 1.402879945544555e-7 -2.7092361450195312 0.4698241055011749 
v 1.402879945544555e-7 -2.708928108215332 0.47068509459495544 
v -0.0026940929237753153 -2.709156036376953 0.4691563844680786 
v 1.402879945544555e-7 -2.6980197429656982 0.47068509459495544 
v -0.003635964822024107 -2.708928108215332 0.4698241055011749 
v -0.003635964822024107 -2.7092361450195312 0.46724990010261536 
v 0.0048479847609996796 -2.614323854446411 0.46458786725997925 
v 0.0036359496880322695 -2.6142759323120117 0.46458786725997925 
v 0.0048479847609996796 -2.614323854446411 0.46724990010261536 
v 0.0036359496880322695 -2.6142759323120117 0.46724990010261536 
v 0.0036359496880322695 -2.614323854446411 0.4698241055011749 
v 0.002694077556952834 -2.614287853240967 0.4691563844680786 
v 1.402879945544555e-7 -2.614323854446411 0.47068509459495544 
v 0.0048479847609996796 -2.614323854446411 0.46348968148231506 
v 0.0036359496880322695 -2.6142759323120117 0.46348968148231506 
v 0.0048479847609996796 -2.614323854446411 0.46313825249671936 
v 0.0036359496880322695 -2.6142759323120117 0.46313825249671936 
v 0.0036359496880322695 -2.6142759323120117 0.46275168657302856 
v 0.0048479847609996796 -2.614323854446411 0.46275168657302856 
v 0.0036359496880322695 -2.6142759323120117 0.4584115743637085 
v 0.0048479847609996796 -2.614323854446411 0.4584115743637085 
v 0.0048479847609996796 -2.614323854446411 0.4462171494960785 
v 0.0036359496880322695 -2.6142759323120117 0.4462171494960785 
v 0.0048479847609996796 -2.614323854446411 0.4340754449367523 
v 0.0036359496880322695 -2.6142759323120117 0.4340754449367523 
v 0.0048479847609996796 -2.614323854446411 0.4298847019672394 
v 0.0036359496880322695 -2.6142759323120117 0.4298847019672394 
v 0.0048479847609996796 -2.614323854446411 0.42963871359825134 
v 0.0036359496880322695 -2.6142759323120117 0.42963871359825134 
v 0.0036359496880322695 -2.6142759323120117 0.4293312132358551 
v 0.0048479847609996796 -2.614323854446411 0.4293312132358551 
v 0.0036359496880322695 -2.6142759323120117 0.4282154440879822 
v 0.0048479847609996796 -2.614323854446411 0.4282154440879822 
v 0.0048479847609996796 -2.614323854446411 0.4255446195602417 
v 0.0036359496880322695 -2.6142759323120117 0.4255446195602417 
v 0.0048479847609996796 -2.614323854446411 0.42171409726142883 
v 0.0036359496880322695 -2.6142759323120117 0.42171409726142883 
v 0.0036359496880322695 -2.6142759323120117 0.4171104431152344 
v 0.0048479847609996796 -2.614323854446411 0.4171104431152344 
v 0.0036359496880322695 -2.6142759323120117 0.40482816100120544 
v 0.0048479847609996796 -2.614323854446411 0.40482816100120544 
v 0.0048479847609996796 -2.614323854446411 0.3779441714286804 
v 0.0036359496880322695 -2.6142759323120117 0.3779441714286804 
v 0.0048479847609996796 -2.613164186477661 0.3480028212070465 
v 0.0036359496880322695 -2.6131081581115723 0.3480028212070465 
v 1.402879945544555e-7 -2.614259958267212 0.3779441714286804 
v 1.402879945544555e-7 -2.6130921840667725 0.3480028212070465 
v 1.402879945544555e-7 -2.614259958267212 0.40482816100120544 
v 1.402879945544555e-7 -2.614259958267212 0.4171104431152344 
v 1.402879945544555e-7 -2.614259958267212 0.42171409726142883 
v 1.402879945544555e-7 -2.614259958267212 0.4255446195602417 
v 1.402879945544555e-7 -2.614259958267212 0.4282154440879822 
v 1.402879945544555e-7 -2.614259958267212 0.4293312132358551 
v 1.402879945544555e-7 -2.614259958267212 0.42963871359825134 
v 1.402879945544555e-7 -2.614259958267212 0.4298847019672394 
v 1.402879945544555e-7 -2.614259958267212 0.4340754449367523 
v 1.402879945544555e-7 -2.614259958267212 0.4462171494960785 
v 1.402879945544555e-7 -2.614259958267212 0.4584115743637085 
v 1.402879945544555e-7 -2.614259958267212 0.46275168657302856 
v 1.402879945544555e-7 -2.614259958267212 0.46313825249671936 
v 1.402879945544555e-7 -2.614259958267212 0.46348968148231506 
v 1.402879945544555e-7 -2.614259958267212 0.46458786725997925 
v 1.402879945544555e-7 -2.614259958267212 0.46724990010261536 
v 1.402879945544555e-7 -2.6142759323120117 0.4698241055011749 
v -0.003635964822024107 -2.614323854446411 0.4698241055011749 
v -0.0026940929237753153 -2.614287853240967 0.4691563844680786 
v -0.003635964822024107 -2.6142759323120117 0.46724990010261536 
v -0.003635964822024107 -2.6142759323120117 0.46458786725997925 
v -0.003635964822024107 -2.6142759323120117 0.46348968148231506 
v -0.003635964822024107 -2.6142759323120117 0.46313825249671936 
v -0.004848000127822161 -2.614323854446411 0.46724990010261536 
v -0.004848000127822161 -2.614323854446411 0.46458786725997925 
v -0.004848000127822161 -2.614323854446411 0.46348968148231506 
v -0.004848000127822161 -2.614323854446411 0.46313825249671936 
v -0.003635964822024107 -2.6142759323120117 0.46275168657302856 
v -0.004848000127822161 -2.614323854446411 0.46275168657302856 
v -0.003635964822024107 -2.6142759323120117 0.4584115743637085 
v -0.004848000127822161 -2.614323854446411 0.4584115743637085 
v -0.003635964822024107 -2.6142759323120117 0.4462171494960785 
v -0.003635964822024107 -2.6142759323120117 0.4340754449367523 
v -0.004848000127822161 -2.614323854446411 0.4462171494960785 
v -0.004848000127822161 -2.614323854446411 0.4340754449367523 
v -0.003635964822024107 -2.6142759323120117 0.4298847019672394 
v -0.004848000127822161 -2.614323854446411 0.4298847019672394 
v -0.003635964822024107 -2.6142759323120117 0.42963871359825134 
v -0.004848000127822161 -2.614323854446411 0.42963871359825134 
v -0.003635964822024107 -2.6142759323120117 0.4293312132358551 
v -0.003635964822024107 -2.6142759323120117 0.4282154440879822 
v -0.004848000127822161 -2.614323854446411 0.4293312132358551 
v -0.004848000127822161 -2.614323854446411 0.4282154440879822 
v -0.003635964822024107 -2.6142759323120117 0.4255446195602417 
v -0.004848000127822161 -2.614323854446411 0.4255446195602417 
v -0.003635964822024107 -2.6142759323120117 0.42171409726142883 
v -0.004848000127822161 -2.614323854446411 0.42171409726142883 
v -0.003635964822024107 -2.6142759323120117 0.4171104431152344 
v -0.003635964822024107 -2.6142759323120117 0.40482816100120544 
v -0.004848000127822161 -2.614323854446411 0.4171104431152344 
v -0.004848000127822161 -2.614323854446411 0.40482816100120544 
v -0.003635964822024107 -2.6142759323120117 0.3779441714286804 
v -0.004848000127822161 -2.614323854446411 0.3779441714286804 
v -0.003635964822024107 -2.6131081581115723 0.3480028212070465 
v -0.004848000127822161 -2.613164186477661 0.3480028212070465 
v -0.004848000127822161 -2.613164186477661 0.3480028212070465 
v -0.004848000127822161 -2.6096932888031006 0.3265659511089325 
v -0.003635964822024107 -2.609621524810791 0.3265659511089325 
v -0.003635964822024107 -2.6056907176971436 0.3071760833263397 
v 1.402879945544555e-7 -2.605658769607544 0.3071760833263397 
v 1.402879945544555e-7 -2.603179693222046 0.2833670973777771 
v -0.003635964822024107 -2.603215456008911 0.2833670973777771 
v 1.402879945544555e-7 -2.599013090133667 0.25565728545188904 
v -0.003635964822024107 -2.5990569591522217 0.25565728545188904 
v -0.004848000127822161 -2.603323459625244 0.2833670973777771 
v -0.004848000127822161 -2.599184989929199 0.25564849376678467 
v -0.004848000127822161 -2.6057868003845215 0.3071760833263397 
v -0.003635964822024107 -2.6131081581115723 0.3480028212070465 
v 1.402879945544555e-7 -2.609593391418457 0.3265659511089325 
v 1.402879945544555e-7 -2.6130921840667725 0.3480028212070465 
v 0.0036359496880322695 -2.609621524810791 0.3265659511089325 
v 0.0036359496880322695 -2.6056907176971436 0.3071760833263397 
v 0.0036359496880322695 -2.603215456008911 0.2833670973777771 
v 0.0036359496880322695 -2.5990569591522217 0.25565728545188904 
v 0.0036359496880322695 -2.6131081581115723 0.3480028212070465 
v 0.0048479847609996796 -2.613164186477661 0.3480028212070465 
v 0.0048479847609996796 -2.6096932888031006 0.3265659511089325 
v 0.0048479847609996796 -2.6057868003845215 0.3071760833263397 
v 0.0048479847609996796 -2.603323459625244 0.2833670973777771 
v 0.0048479847609996796 -2.599184989929199 0.25564849376678467 
v 0.0036359496880322695 -2.5900800228118896 0.224538654088974 
v 0.0048479847609996796 -2.590251922607422 0.22452107071876526 
v 1.402879945544555e-7 -2.590019941329956 0.22454743087291718 
v -0.003635964822024107 -2.5900800228118896 0.224538654088974 
v -0.004848000127822161 -2.590251922607422 0.22452107071876526 
v -0.003635964822024107 -2.5814828872680664 0.19978079199790955 
v -0.004848000127822161 -2.5817067623138428 0.19974565505981445 
v -0.003635964822024107 -2.5784759521484375 0.19110940396785736 
v -0.004848000127822161 -2.578711748123169 0.19107425212860107 
v -0.0026940929237753153 -2.5784199237823486 0.19075797498226166 
v 1.402879945544555e-7 -2.5783159732818604 0.19064375758171082 
v 1.402879945544555e-7 -2.578399896621704 0.1911269724369049 
v 1.402879945544555e-7 -2.5814108848571777 0.19978958368301392 
v 0.0036359496880322695 -2.5814828872680664 0.19978079199790955 
v 0.0048479847609996796 -2.5817067623138428 0.19974565505981445 
v 0.0048479847609996796 -2.578711748123169 0.19107425212860107 
v 0.0036359496880322695 -2.5784759521484375 0.19110940396785736 
v 0.002694077556952834 -2.5784199237823486 0.19075797498226166 
v 0.002694077556952834 -2.5784199237823486 0.19075797498226166 
v 1.402879945544555e-7 -2.5783159732818604 0.19064375758171082 
v 0.0036359496880322695 -2.578551769256592 0.19060862064361572 
v 1.402879945544555e-7 -2.5784997940063477 0.19045047461986542 
v 0.0036359496880322695 -2.584182024002075 0.18963341414928436 
v 0.0048479847609996796 -2.578711748123169 0.19107425212860107 
v 0.0048479847609996796 -2.5843257904052734 0.19010783731937408 
v 0.0048479847609996796 -2.6005284786224365 0.18733158707618713 
v 0.0036359496880322695 -2.6004445552825928 0.18683959543704987 
v 0.0048479847609996796 -2.6168630123138428 0.18452897667884827 
v -0.0026940929237753153 -2.5784199237823486 0.19075797498226166 
v -0.003635964822024107 -2.578551769256592 0.19060862064361572 
v -0.004848000127822161 -2.578711748123169 0.19107425212860107 
v -0.004848000127822161 -2.5843257904052734 0.19010783731937408 
v -0.003635964822024107 -2.584182024002075 0.18963341414928436 
v 1.402879945544555e-7 -2.5841379165649414 0.18948405981063843 
v 0.0036359496880322695 -2.5784759521484375 0.19110940396785736 
v -0.003635964822024107 -2.5784759521484375 0.19110940396785736 
v -0.003635964822024107 -2.6004445552825928 0.18683959543704987 
v -0.004848000127822161 -2.6005284786224365 0.18733158707618713 
v 1.402879945544555e-7 -2.600416421890259 0.18667267262935638 
v 0.0036359496880322695 -2.616835117340088 0.18401941657066345 
v 1.402879945544555e-7 -2.6168270111083984 0.1838437020778656 
v -0.003635964822024107 -2.616835117340088 0.18401941657066345 
v -0.004848000127822161 -2.6168630123138428 0.18452897667884827 
v -0.004848000127822161 -2.6228649616241455 0.1834922730922699 
v -0.003635964822024107 -2.622860908508301 0.18298271298408508 
v -0.003635964822024107 -2.62349271774292 0.18338684737682343 
v -0.0026940929237753153 -2.623328924179077 0.18303543329238892 
v 1.402879945544555e-7 -2.6237006187438965 0.18335171043872833 
v 1.402879945544555e-7 -2.62349271774292 0.18286849558353424 
v 0.0036359496880322695 -2.62349271774292 0.18338684737682343 
v 0.002694077556952834 -2.623328924179077 0.18303543329238892 
v 0.0048479847609996796 -2.6228649616241455 0.1834922730922699 
v 1.402879945544555e-7 -2.622860908508301 0.18280699849128723 
v 0.0036359496880322695 -2.622860908508301 0.18298271298408508 
v 0.0048479847609996796 -2.613164186477661 0.3480028212070465 
v 0.0048479847609996796 -2.6144797801971436 0.3480028212070465 
v 0.0048479847609996796 -2.6096932888031006 0.3265659511089325 
v 0.0048479847609996796 -2.611440896987915 0.3265659511089325 
v 0.0048479847609996796 -2.6057868003845215 0.3071760833263397 
v 0.0048479847609996796 -2.6080219745635986 0.3071760833263397 
v 0.0048479847609996796 -2.603323459625244 0.2833670973777771 
v 0.0048479847609996796 -2.605862617492676 0.2833670973777771 
v 0.0048479847609996796 -2.599184989929199 0.25564849376678467 
v 0.0048479847609996796 -2.614323854446411 0.3779441714286804 
v 0.0048479847609996796 -2.6154913902282715 0.3779441714286804 
v 0.0048479847609996796 -2.614323854446411 0.40482816100120544 
v 0.0048479847609996796 -2.618274450302124 0.3480028212070465 
v 0.0048479847609996796 -2.616483211517334 0.3265659511089325 
v 0.0048479847609996796 -2.614471673965454 0.3071760833263397 
v 0.0048479847609996796 -2.6215693950653076 0.3265659511089325 
v 0.0048479847609996796 -2.6220972537994385 0.3480028212070465 
v 0.0048479847609996796 -2.618870258331299 0.3779441714286804 
v 0.0048479847609996796 -2.6154913902282715 0.40482816100120544 
v 0.0048479847609996796 -2.6154913902282715 0.4171104431152344 
v 0.0048479847609996796 -2.614323854446411 0.4171104431152344 
v 0.0048479847609996796 -2.6154913902282715 0.42171409726142883 
v 0.0048479847609996796 -2.614323854446411 0.42171409726142883 
v 0.0048479847609996796 -2.614323854446411 0.4255446195602417 
v 0.0048479847609996796 -2.6154913902282715 0.4255446195602417 
v 0.0048479847609996796 -2.614323854446411 0.4282154440879822 
v 0.0048479847609996796 -2.618870258331299 0.42171409726142883 
v 0.0048479847609996796 -2.618870258331299 0.4171104431152344 
v 0.0048479847609996796 -2.618870258331299 0.40482816100120544 
v 0.0048479847609996796 -2.6222732067108154 0.3779441714286804 
v 0.0048479847609996796 -2.6222732067108154 0.40482816100120544 
v 0.0048479847609996796 -2.6222732067108154 0.4171104431152344 
v 0.0048479847609996796 -2.6222732067108154 0.42171409726142883 
v 0.0048479847609996796 -2.618870258331299 0.4255446195602417 
v 0.0048479847609996796 -2.6154913902282715 0.4282154440879822 
v 0.0048479847609996796 -2.6154913902282715 0.4293312132358551 
v 0.0048479847609996796 -2.614323854446411 0.4293312132358551 
v 0.0048479847609996796 -2.6154913902282715 0.42963871359825134 
v 0.0048479847609996796 -2.614323854446411 0.42963871359825134 
v 0.0048479847609996796 -2.614323854446411 0.4298847019672394 
v 0.0048479847609996796 -2.6154913902282715 0.4298847019672394 
v 0.0048479847609996796 -2.614323854446411 0.4340754449367523 
v 0.0048479847609996796 -2.6154913902282715 0.4340754449367523 
v 0.0048479847609996796 -2.614323854446411 0.4462171494960785 
v 0.0048479847609996796 -2.6154913902282715 0.4462171494960785 
v 0.0048479847609996796 -2.614323854446411 0.4584115743637085 
v 0.0048479847609996796 -2.6154913902282715 0.4584115743637085 
v 0.0048479847609996796 -2.6154913902282715 0.46275168657302856 
v 0.0048479847609996796 -2.614323854446411 0.46275168657302856 
v 0.0048479847609996796 -2.6154913902282715 0.46313825249671936 
v 0.0048479847609996796 -2.614323854446411 0.46313825249671936 
v 0.0048479847609996796 -2.614323854446411 0.46348968148231506 
v 0.0048479847609996796 -2.6154913902282715 0.46348968148231506 
v 0.0048479847609996796 -2.614323854446411 0.46458786725997925 
v 0.0048479847609996796 -2.618870258331299 0.46313825249671936 
v 0.0048479847609996796 -2.618870258331299 0.46275168657302856 
v 0.0048479847609996796 -2.618870258331299 0.4584115743637085 
v 0.0048479847609996796 -2.618870258331299 0.4462171494960785 
v 0.0048479847609996796 -2.618870258331299 0.4340754449367523 
v 0.0048479847609996796 -2.618870258331299 0.4298847019672394 
v 0.0048479847609996796 -2.618870258331299 0.42963871359825134 
v 0.0048479847609996796 -2.618870258331299 0.4293312132358551 
v 0.0048479847609996796 -2.618870258331299 0.4282154440879822 
v 0.0048479847609996796 -2.6222732067108154 0.4255446195602417 
v 0.0048479847609996796 -2.6222732067108154 0.42963871359825134 
v 0.0048479847609996796 -2.6222732067108154 0.4293312132358551 
v 0.0048479847609996796 -2.6222732067108154 0.4282154440879822 
v 0.0048479847609996796 -2.6222732067108154 0.4298847019672394 
v 0.0048479847609996796 -2.6222732067108154 0.4340754449367523 
v 0.0048479847609996796 -2.6222732067108154 0.4462171494960785 
v 0.0048479847609996796 -2.6222732067108154 0.4584115743637085 
v 0.0048479847609996796 -2.6222732067108154 0.46275168657302856 
v 0.0048479847609996796 -2.6222732067108154 0.46313825249671936 
v 0.0048479847609996796 -2.618870258331299 0.46348968148231506 
v 0.0048479847609996796 -2.6154913902282715 0.46458786725997925 
v 0.0048479847609996796 -2.6154913902282715 0.46724990010261536 
v 0.0048479847609996796 -2.614323854446411 0.46724990010261536 
v 0.0048479847609996796 -2.618870258331299 0.46724990010261536 
v 0.0048479847609996796 -2.618870258331299 0.46458786725997925 
v 0.0048479847609996796 -2.6222732067108154 0.46348968148231506 
v 0.0048479847609996796 -2.6222732067108154 0.46724990010261536 
v 0.0048479847609996796 -2.6222732067108154 0.46458786725997925 
v 0.0048479847609996796 -2.6235246658325195 0.46458786725997925 
v 0.0048479847609996796 -2.6235246658325195 0.46724990010261536 
v 0.0048479847609996796 -2.634261131286621 0.46458786725997925 
v 0.0048479847609996796 -2.634261131286621 0.46724990010261536 
v 0.0048479847609996796 -2.6661105155944824 0.46458786725997925 
v 0.0048479847609996796 -2.6661105155944824 0.46724990010261536 
v 0.0048479847609996796 -2.6235246658325195 0.46348968148231506 
v 0.0048479847609996796 -2.6235246658325195 0.46313825249671936 
v 0.0048479847609996796 -2.6235246658325195 0.46275168657302856 
v 0.0048479847609996796 -2.6235246658325195 0.4584115743637085 
v 0.0048479847609996796 -2.6235246658325195 0.4462171494960785 
v 0.0048479847609996796 -2.6235246658325195 0.4340754449367523 
v 0.0048479847609996796 -2.6235246658325195 0.4298847019672394 
v 0.0048479847609996796 -2.6235246658325195 0.42963871359825134 
v 0.0048479847609996796 -2.6235246658325195 0.4293312132358551 
v 0.0048479847609996796 -2.6235246658325195 0.4282154440879822 
v 0.0048479847609996796 -2.634261131286621 0.46348968148231506 
v 0.0048479847609996796 -2.6342852115631104 0.4282154440879822 
v 0.0048479847609996796 -2.6342852115631104 0.4293312132358551 
v 0.0048479847609996796 -2.6662185192108154 0.4282154440879822 
v 0.0048479847609996796 -2.6662185192108154 0.4293312132358551 
v 0.0048479847609996796 -2.6342852115631104 0.4255446195602417 
v 0.0048479847609996796 -2.6235246658325195 0.4255446195602417 
v 0.0048479847609996796 -2.6235246658325195 0.42171409726142883 
v 0.0048479847609996796 -2.6235246658325195 0.4171104431152344 
v 0.0048479847609996796 -2.6235246658325195 0.40482816100120544 
v 0.0048479847609996796 -2.6235246658325195 0.3779441714286804 
v 0.0048479847609996796 -2.623504877090454 0.3480028212070465 
v 0.0048479847609996796 -2.623440742492676 0.3265659511089325 
v 0.0048479847609996796 -2.623368740081787 0.3071760833263397 
v 0.0048479847609996796 -2.6209776401519775 0.3071760833263397 
v 0.0048479847609996796 -2.6233208179473877 0.2833670973777771 
v 0.0048479847609996796 -2.6206016540527344 0.2833670973777771 
v 0.0048479847609996796 -2.6232447624206543 0.25471723079681396 
v 0.0048479847609996796 -2.61997389793396 0.254840224981308 
v 0.0048479847609996796 -2.6230809688568115 0.22076961398124695 
v 0.0048479847609996796 -2.618614435195923 0.22127918899059296 
v 0.0048479847609996796 -2.6229209899902344 0.19315645098686218 
v 0.0048479847609996796 -2.6173148155212402 0.1940525770187378 
v 0.0048479847609996796 -2.6228649616241455 0.1834922730922699 
v 0.0048479847609996796 -2.6168630123138428 0.18452897667884827 
v 0.0048479847609996796 -2.6005284786224365 0.18733158707618713 
v 0.0048479847609996796 -2.6020679473876953 0.1964861899614334 
v 0.0048479847609996796 -2.5843257904052734 0.19010783731937408 
v 0.0048479847609996796 -2.5869410037994385 0.19890223443508148 
v 0.0048479847609996796 -2.5817067623138428 0.19974565505981445 
v 0.0048479847609996796 -2.594426393508911 0.22404664754867554 
v 0.0048479847609996796 -2.6064705848693848 0.22266730666160583 
v 0.0048479847609996796 -2.6110730171203613 0.2551916539669037 
v 0.0048479847609996796 -2.61320424079895 0.2833670973777771 
v 0.0048479847609996796 -2.6022439002990723 0.255534291267395 
v 0.0048479847609996796 -2.578711748123169 0.19107425212860107 
v 0.0048479847609996796 -2.590251922607422 0.22452107071876526 
v -0.004848000127822161 -2.605862617492676 0.2833670973777771 
v -0.004848000127822161 -2.6022439002990723 0.255534291267395 
v -0.004848000127822161 -2.599184989929199 0.25564849376678467 
v -0.004848000127822161 -2.590251922607422 0.22452107071876526 
v -0.004848000127822161 -2.603323459625244 0.2833670973777771 
v -0.004848000127822161 -2.6080219745635986 0.3071760833263397 
v -0.004848000127822161 -2.6057868003845215 0.3071760833263397 
v -0.004848000127822161 -2.611440896987915 0.3265659511089325 
v -0.004848000127822161 -2.6096932888031006 0.3265659511089325 
v -0.004848000127822161 -2.6144797801971436 0.3480028212070465 
v -0.004848000127822161 -2.613164186477661 0.3480028212070465 
v -0.004848000127822161 -2.6154913902282715 0.3779441714286804 
v -0.004848000127822161 -2.614323854446411 0.3779441714286804 
v -0.004848000127822161 -2.6154913902282715 0.40482816100120544 
v -0.004848000127822161 -2.614323854446411 0.40482816100120544 
v -0.004848000127822161 -2.6154913902282715 0.4171104431152344 
v -0.004848000127822161 -2.614323854446411 0.4171104431152344 
v -0.004848000127822161 -2.618870258331299 0.40482816100120544 
v -0.004848000127822161 -2.618870258331299 0.3779441714286804 
v -0.004848000127822161 -2.6154913902282715 0.42171409726142883 
v -0.004848000127822161 -2.618870258331299 0.4171104431152344 
v -0.004848000127822161 -2.6222732067108154 0.40482816100120544 
v -0.004848000127822161 -2.614323854446411 0.42171409726142883 
v -0.004848000127822161 -2.6154913902282715 0.4255446195602417 
v -0.004848000127822161 -2.614323854446411 0.4255446195602417 
v -0.004848000127822161 -2.6154913902282715 0.4282154440879822 
v -0.004848000127822161 -2.614323854446411 0.4282154440879822 
v -0.004848000127822161 -2.6154913902282715 0.4293312132358551 
v -0.004848000127822161 -2.614323854446411 0.4293312132358551 
v -0.004848000127822161 -2.618870258331299 0.4282154440879822 
v -0.004848000127822161 -2.618870258331299 0.4255446195602417 
v -0.004848000127822161 -2.618870258331299 0.42171409726142883 
v -0.004848000127822161 -2.6222732067108154 0.4171104431152344 
v -0.004848000127822161 -2.6235246658325195 0.40482816100120544 
v -0.004848000127822161 -2.6222732067108154 0.3779441714286804 
v -0.004848000127822161 -2.618274450302124 0.3480028212070465 
v -0.004848000127822161 -2.616483211517334 0.3265659511089325 
v -0.004848000127822161 -2.614471673965454 0.3071760833263397 
v -0.004848000127822161 -2.61320424079895 0.2833670973777771 
v -0.004848000127822161 -2.6110730171203613 0.2551916539669037 
v -0.004848000127822161 -2.6064705848693848 0.22266730666160583 
v -0.004848000127822161 -2.594426393508911 0.22404664754867554 
v -0.004848000127822161 -2.5817067623138428 0.19974565505981445 
v -0.004848000127822161 -2.5869410037994385 0.19890223443508148 
v -0.004848000127822161 -2.578711748123169 0.19107425212860107 
v -0.004848000127822161 -2.5843257904052734 0.19010783731937408 
v -0.004848000127822161 -2.6005284786224365 0.18733158707618713 
v -0.004848000127822161 -2.6020679473876953 0.1964861899614334 
v -0.004848000127822161 -2.6168630123138428 0.18452897667884827 
v -0.004848000127822161 -2.6173148155212402 0.1940525770187378 
v -0.004848000127822161 -2.6229209899902344 0.19315645098686218 
v -0.004848000127822161 -2.618614435195923 0.22127918899059296 
v -0.004848000127822161 -2.61997389793396 0.254840224981308 
v -0.004848000127822161 -2.6206016540527344 0.2833670973777771 
v -0.004848000127822161 -2.6209776401519775 0.3071760833263397 
v -0.004848000127822161 -2.6215693950653076 0.3265659511089325 
v -0.004848000127822161 -2.6220972537994385 0.3480028212070465 
v -0.004848000127822161 -2.6235246658325195 0.3779441714286804 
v -0.004848000127822161 -2.6228649616241455 0.1834922730922699 
v -0.004848000127822161 -2.623504877090454 0.3480028212070465 
v -0.004848000127822161 -2.623440742492676 0.3265659511089325 
v -0.004848000127822161 -2.623368740081787 0.3071760833263397 
v -0.004848000127822161 -2.6233208179473877 0.2833670973777771 
v -0.004848000127822161 -2.6232447624206543 0.25471723079681396 
v -0.004848000127822161 -2.6230809688568115 0.22076961398124695 
v -0.004848000127822161 -2.6235246658325195 0.4171104431152344 
v -0.004848000127822161 -2.6222732067108154 0.42171409726142883 
v -0.004848000127822161 -2.6235246658325195 0.42171409726142883 
v -0.004848000127822161 -2.6235246658325195 0.4255446195602417 
v -0.004848000127822161 -2.6222732067108154 0.4255446195602417 
v -0.004848000127822161 -2.6235246658325195 0.4282154440879822 
v -0.004848000127822161 -2.6222732067108154 0.4282154440879822 
v -0.004848000127822161 -2.709036111831665 0.4255446195602417 
v -0.004848000127822161 -2.6981797218322754 0.4255446195602417 
v -0.004848000127822161 -2.709036111831665 0.4282154440879822 
v -0.004848000127822161 -2.6981797218322754 0.4282154440879822 
v -0.004848000127822161 -2.6981797218322754 0.4293312132358551 
v -0.004848000127822161 -2.709036111831665 0.4293312132358551 
v -0.004848000127822161 -2.6662185192108154 0.4255446195602417 
v -0.004848000127822161 -2.6662185192108154 0.4282154440879822 
v -0.004848000127822161 -2.6342852115631104 0.4255446195602417 
v -0.004848000127822161 -2.6342852115631104 0.4282154440879822 
v -0.004848000127822161 -2.6235246658325195 0.4293312132358551 
v -0.004848000127822161 -2.6222732067108154 0.4293312132358551 
v -0.004848000127822161 -2.6222732067108154 0.42963871359825134 
v -0.004848000127822161 -2.6235246658325195 0.42963871359825134 
v -0.004848000127822161 -2.6235246658325195 0.4298847019672394 
v -0.004848000127822161 -2.6222732067108154 0.4298847019672394 
v -0.004848000127822161 -2.6235246658325195 0.4340754449367523 
v -0.004848000127822161 -2.6222732067108154 0.4340754449367523 
v -0.004848000127822161 -2.6235246658325195 0.4462171494960785 
v -0.004848000127822161 -2.6222732067108154 0.4462171494960785 
v -0.004848000127822161 -2.6235246658325195 0.4584115743637085 
v -0.004848000127822161 -2.6222732067108154 0.4584115743637085 
v -0.004848000127822161 -2.6222732067108154 0.46275168657302856 
v -0.004848000127822161 -2.6235246658325195 0.46275168657302856 
v -0.004848000127822161 -2.6222732067108154 0.46313825249671936 
v -0.004848000127822161 -2.6235246658325195 0.46313825249671936 
v -0.004848000127822161 -2.6235246658325195 0.46348968148231506 
v -0.004848000127822161 -2.6222732067108154 0.46348968148231506 
v -0.004848000127822161 -2.618870258331299 0.46313825249671936 
v -0.004848000127822161 -2.618870258331299 0.46275168657302856 
v -0.004848000127822161 -2.618870258331299 0.4584115743637085 
v -0.004848000127822161 -2.618870258331299 0.4462171494960785 
v -0.004848000127822161 -2.618870258331299 0.4340754449367523 
v -0.004848000127822161 -2.618870258331299 0.4298847019672394 
v -0.004848000127822161 -2.618870258331299 0.42963871359825134 
v -0.004848000127822161 -2.618870258331299 0.4293312132358551 
v -0.004848000127822161 -2.6154913902282715 0.42963871359825134 
v -0.004848000127822161 -2.6662185192108154 0.4293312132358551 
v -0.004848000127822161 -2.6342852115631104 0.4293312132358551 
v -0.004848000127822161 -2.614323854446411 0.42963871359825134 
v -0.004848000127822161 -2.6154913902282715 0.4298847019672394 
v -0.004848000127822161 -2.6154913902282715 0.4340754449367523 
v -0.004848000127822161 -2.6154913902282715 0.4462171494960785 
v -0.004848000127822161 -2.6154913902282715 0.4584115743637085 
v -0.004848000127822161 -2.6154913902282715 0.46275168657302856 
v -0.004848000127822161 -2.6154913902282715 0.46313825249671936 
v -0.004848000127822161 -2.618870258331299 0.46348968148231506 
v -0.004848000127822161 -2.6222732067108154 0.46458786725997925 
v -0.004848000127822161 -2.6235246658325195 0.46458786725997925 
v -0.004848000127822161 -2.634261131286621 0.46458786725997925 
v -0.004848000127822161 -2.634261131286621 0.46348968148231506 
v -0.004848000127822161 -2.6661105155944824 0.46458786725997925 
v -0.004848000127822161 -2.6661105155944824 0.46348968148231506 
v -0.004848000127822161 -2.6980197429656982 0.46458786725997925 
v -0.004848000127822161 -2.6980197429656982 0.46348968148231506 
v -0.004848000127822161 -2.708928108215332 0.46458786725997925 
v -0.004848000127822161 -2.708928108215332 0.46348968148231506 
v -0.004848000127822161 -2.708928108215332 0.46724990010261536 
v -0.004848000127822161 -2.6980197429656982 0.46724990010261536 
v -0.004848000127822161 -2.6661105155944824 0.46724990010261536 
v -0.004848000127822161 -2.634261131286621 0.46724990010261536 
v -0.004848000127822161 -2.6235246658325195 0.46724990010261536 
v -0.004848000127822161 -2.6222732067108154 0.46724990010261536 
v -0.004848000127822161 -2.618870258331299 0.46724990010261536 
v -0.004848000127822161 -2.618870258331299 0.46458786725997925 
v -0.004848000127822161 -2.6154913902282715 0.46724990010261536 
v -0.004848000127822161 -2.6154913902282715 0.46458786725997925 
v -0.004848000127822161 -2.614323854446411 0.46458786725997925 
v -0.004848000127822161 -2.614323854446411 0.46348968148231506 
v -0.004848000127822161 -2.6154913902282715 0.46348968148231506 
v -0.004848000127822161 -2.614323854446411 0.46313825249671936 
v -0.004848000127822161 -2.614323854446411 0.46275168657302856 
v -0.004848000127822161 -2.614323854446411 0.4584115743637085 
v -0.004848000127822161 -2.614323854446411 0.4462171494960785 
v -0.004848000127822161 -2.614323854446411 0.4340754449367523 
v -0.004848000127822161 -2.614323854446411 0.4298847019672394 
v -0.004848000127822161 -2.614323854446411 0.46724990010261536 
v -0.004848000127822161 -2.6235246658325195 0.4298847019672394 
v -0.003635964822024107 -2.623656749725342 0.4340754449367523 
v -0.003635964822024107 -2.623656749725342 0.4298847019672394 
v 1.402879945544555e-7 -2.6237006187438965 0.4340754449367523 
v 1.402879945544555e-7 -2.6237006187438965 0.4462171494960785 
v -0.003635964822024107 -2.623656749725342 0.4462171494960785 
v -0.004848000127822161 -2.6235246658325195 0.4340754449367523 
v -0.004848000127822161 -2.6235246658325195 0.4462171494960785 
v -0.003635964822024107 -2.623656749725342 0.4584115743637085 
v -0.004848000127822161 -2.6235246658325195 0.4584115743637085 
v -0.004848000127822161 -2.6235246658325195 0.46275168657302856 
v -0.003635964822024107 -2.623656749725342 0.46275168657302856 
v 1.402879945544555e-7 -2.6237006187438965 0.46275168657302856 
v 1.402879945544555e-7 -2.6237006187438965 0.4584115743637085 
v 0.0036359496880322695 -2.623656749725342 0.46275168657302856 
v 0.0036359496880322695 -2.623656749725342 0.4584115743637085 
v 0.0048479847609996796 -2.6235246658325195 0.46275168657302856 
v 0.0048479847609996796 -2.6235246658325195 0.4584115743637085 
v 0.0036359496880322695 -2.623656749725342 0.4462171494960785 
v 0.0036359496880322695 -2.623656749725342 0.4340754449367523 
v 1.402879945544555e-7 -2.6237006187438965 0.4298847019672394 
v 0.0036359496880322695 -2.623656749725342 0.4298847019672394 
v 0.0048479847609996796 -2.6235246658325195 0.4340754449367523 
v 0.0048479847609996796 -2.6235246658325195 0.4298847019672394 
v 0.0048479847609996796 -2.6235246658325195 0.4462171494960785 
v -0.0026940929237753153 -2.709156036376953 0.46330517530441284 
v 1.402879945544555e-7 -2.7092361450195312 0.46324366331100464 
v 1.402879945544555e-7 -2.7093400955200195 0.46348968148231506 
v 0.0036359496880322695 -2.7092361450195312 0.46348968148231506 
v -0.003635964822024107 -2.7092361450195312 0.46348968148231506 
v -0.003635964822024107 -2.708928108215332 0.46324366331100464 
v -0.004848000127822161 -2.708928108215332 0.46348968148231506 
v -0.003635964822024107 -2.6980197429656982 0.46324366331100464 
v -0.004848000127822161 -2.6980197429656982 0.46348968148231506 
v -0.003635964822024107 -2.6661105155944824 0.46324366331100464 
v -0.004848000127822161 -2.6661105155944824 0.46348968148231506 
v -0.004073019605129957 -2.630458354949951 0.46314704418182373 
v -0.004848000127822161 -2.634261131286621 0.46348968148231506 
v -0.004848000127822161 -2.6235246658325195 0.46313825249671936 
v -0.004848000127822161 -2.6235246658325195 0.46348968148231506 
v -0.004848000127822161 -2.6235246658325195 0.46275168657302856 
v -0.003635964822024107 -2.623656749725342 0.46275168657302856 
v 1.402879945544555e-7 -2.63430118560791 0.4630591869354248 
v 1.402879945544555e-7 -2.6661105155944824 0.4631558060646057 
v 1.402879945544555e-7 -2.6980197429656982 0.4631558060646057 
v 1.402879945544555e-7 -2.708928108215332 0.4631558060646057 
v 0.002694077556952834 -2.709156036376953 0.46330517530441284 
v 0.0036359496880322695 -2.708928108215332 0.46324366331100464 
v 0.0048479847609996796 -2.708928108215332 0.46348968148231506 
v 0.0036359496880322695 -2.6980197429656982 0.46324366331100464 
v 0.0048479847609996796 -2.6980197429656982 0.46348968148231506 
v 0.0036359496880322695 -2.6661105155944824 0.46324366331100464 
v 0.004073004238307476 -2.630458354949951 0.46314704418182373 
v 0.0048479847609996796 -2.6661105155944824 0.46348968148231506 
v 1.402879945544555e-7 -2.6237006187438965 0.46275168657302856 
v 0.0048479847609996796 -2.634261131286621 0.46348968148231506 
v 0.0048479847609996796 -2.6235246658325195 0.46348968148231506 
v 0.0048479847609996796 -2.6235246658325195 0.46313825249671936 
v 0.0036359496880322695 -2.623656749725342 0.46275168657302856 
v 0.0048479847609996796 -2.6235246658325195 0.46275168657302856 
v 1.402879945544555e-7 -2.7093400955200195 0.46348968148231506 
v 0.0036359496880322695 -2.7092361450195312 0.46348968148231506 
v 0.0036359496880322695 -2.7092361450195312 0.46458786725997925 
v 0.0048479847609996796 -2.708928108215332 0.46348968148231506 
v 0.0048479847609996796 -2.708928108215332 0.46458786725997925 
v 0.0048479847609996796 -2.708928108215332 0.46724990010261536 
v 0.0036359496880322695 -2.7092361450195312 0.46724990010261536 
v 1.402879945544555e-7 -2.7093400955200195 0.46458786725997925 
v -0.003635964822024107 -2.7092361450195312 0.46348968148231506 
v -0.003635964822024107 -2.7092361450195312 0.46458786725997925 
v -0.004848000127822161 -2.708928108215332 0.46348968148231506 
v -0.004848000127822161 -2.708928108215332 0.46458786725997925 
v -0.004848000127822161 -2.708928108215332 0.46724990010261536 
v -0.003635964822024107 -2.7092361450195312 0.46724990010261536 
v 1.402879945544555e-7 -2.7093400955200195 0.46724990010261536 
v 1.402879945544555e-7 -2.7092361450195312 0.4698241055011749 
v 0.002694077556952834 -2.709156036376953 0.4691563844680786 
v -0.0026940929237753153 -2.709156036376953 0.4691563844680786 
v -0.003635964822024107 -2.709036111831665 0.42296165227890015 
v -0.003635964822024107 -2.709264039993286 0.4255446195602417 
v -0.0026940929237753153 -2.7092039585113525 0.4236293435096741 
v 1.402879945544555e-7 -2.7093400955200195 0.4255446195602417 
v 1.402879945544555e-7 -2.709264039993286 0.42296165227890015 
v -0.004848000127822161 -2.709036111831665 0.4255446195602417 
v -0.003635964822024107 -2.709264039993286 0.4282154440879822 
v -0.004848000127822161 -2.709036111831665 0.4282154440879822 
v -0.004848000127822161 -2.709036111831665 0.4293312132358551 
v -0.003635964822024107 -2.709264039993286 0.4293312132358551 
v 1.402879945544555e-7 -2.7093400955200195 0.4293312132358551 
v 1.402879945544555e-7 -2.7093400955200195 0.4282154440879822 
v 0.0036359496880322695 -2.709264039993286 0.4293312132358551 
v 0.0036359496880322695 -2.709264039993286 0.4282154440879822 
v 0.0048479847609996796 -2.709036111831665 0.4293312132358551 
v 0.0048479847609996796 -2.709036111831665 0.4282154440879822 
v 0.0048479847609996796 -2.709036111831665 0.4255446195602417 
v 0.0036359496880322695 -2.709264039993286 0.4255446195602417 
v 0.002694077556952834 -2.7092039585113525 0.4236293435096741 
v 0.0036359496880322695 -2.709036111831665 0.42296165227890015 
v 0.0048479847609996796 -2.6235246658325195 0.4171104431152344 
v 0.0036359496880322695 -2.623656749725342 0.4171104431152344 
v 0.0048479847609996796 -2.6235246658325195 0.42171409726142883 
v 0.004073004238307476 -2.630474328994751 0.4218546748161316 
v 0.0048479847609996796 -2.6235246658325195 0.4255446195602417 
v 0.0048479847609996796 -2.6342852115631104 0.4255446195602417 
v 0.0048479847609996796 -2.6662185192108154 0.4255446195602417 
v 0.0036359496880322695 -2.6662185192108154 0.42296165227890015 
v 0.0048479847609996796 -2.6981797218322754 0.4255446195602417 
v 1.402879945544555e-7 -2.6237006187438965 0.4171104431152344 
v 1.402879945544555e-7 -2.634329080581665 0.4208531081676483 
v -0.003635964822024107 -2.623656749725342 0.4171104431152344 
v -0.004073019605129957 -2.630474328994751 0.4218546748161316 
v -0.004848000127822161 -2.6235246658325195 0.42171409726142883 
v -0.004848000127822161 -2.6342852115631104 0.4255446195602417 
v -0.004848000127822161 -2.6235246658325195 0.4255446195602417 
v -0.004848000127822161 -2.6235246658325195 0.4171104431152344 
v -0.004848000127822161 -2.6662185192108154 0.4255446195602417 
v -0.003635964822024107 -2.6662185192108154 0.42296165227890015 
v -0.004848000127822161 -2.6981797218322754 0.4255446195602417 
v -0.003635964822024107 -2.6981797218322754 0.42296165227890015 
v -0.004848000127822161 -2.709036111831665 0.4255446195602417 
v -0.003635964822024107 -2.709036111831665 0.42296165227890015 
v 1.402879945544555e-7 -2.709036111831665 0.42210066318511963 
v 1.402879945544555e-7 -2.709264039993286 0.42296165227890015 
v 0.002694077556952834 -2.7092039585113525 0.4236293435096741 
v 0.0036359496880322695 -2.709036111831665 0.42296165227890015 
v 1.402879945544555e-7 -2.6981797218322754 0.42210066318511963 
v 1.402879945544555e-7 -2.6662185192108154 0.42210066318511963 
v 0.0036359496880322695 -2.6981797218322754 0.42296165227890015 
v 0.0048479847609996796 -2.709036111831665 0.4255446195602417 
v -0.0026940929237753153 -2.7092039585113525 0.4236293435096741 
v 0.0048479847609996796 -2.708928108215332 0.46348968148231506 
v 0.0048479847609996796 -2.6980197429656982 0.46348968148231506 
v 0.0048479847609996796 -2.708928108215332 0.46458786725997925 
v 0.0048479847609996796 -2.6980197429656982 0.46458786725997925 
v 0.0048479847609996796 -2.6980197429656982 0.46724990010261536 
v 0.0048479847609996796 -2.6661105155944824 0.46348968148231506 
v 0.0048479847609996796 -2.708928108215332 0.46724990010261536 
v 0.0048479847609996796 -2.709036111831665 0.4255446195602417 
v 0.0048479847609996796 -2.709036111831665 0.4282154440879822 
v 0.0048479847609996796 -2.6981797218322754 0.4255446195602417 
v 0.0048479847609996796 -2.6981797218322754 0.4282154440879822 
v 0.0048479847609996796 -2.6662185192108154 0.4255446195602417 
v 0.0048479847609996796 -2.709036111831665 0.4293312132358551 
v 0.0048479847609996796 -2.6981797218322754 0.4293312132358551 
v 0.0048479847609996796 -2.6981797218322754 0.4293312132358551 
v 0.0036359496880322695 -2.6662185192108154 0.4295859932899475 
v 0.0036359496880322695 -2.6981797218322754 0.4295859932899475 
v 1.402879945544555e-7 -2.6981797218322754 0.42966505885124207 
v 1.402879945544555e-7 -2.709036111831665 0.42966505885124207 
v 0.0036359496880322695 -2.709036111831665 0.4295859932899475 
v 0.0048479847609996796 -2.709036111831665 0.4293312132358551 
v 0.0036359496880322695 -2.709264039993286 0.4293312132358551 
v 0.002694077556952834 -2.7092039585113525 0.4295157194137573 
v 1.402879945544555e-7 -2.7093400955200195 0.4293312132358551 
v 1.402879945544555e-7 -2.709264039993286 0.4295859932899475 
v -0.003635964822024107 -2.709264039993286 0.4293312132358551 
v -0.0026940929237753153 -2.7092039585113525 0.4295157194137573 
v -0.003635964822024107 -2.709036111831665 0.4295859932899475 
v -0.003635964822024107 -2.6981797218322754 0.4295859932899475 
v -0.004848000127822161 -2.709036111831665 0.4293312132358551 
v -0.004848000127822161 -2.6981797218322754 0.4293312132358551 
v -0.003635964822024107 -2.6662185192108154 0.4295859932899475 
v -0.004848000127822161 -2.6662185192108154 0.4293312132358551 
v 0.0048479847609996796 -2.6662185192108154 0.4293312132358551 
v 0.0048479847609996796 -2.6235246658325195 0.4293312132358551 
v 0.0048479847609996796 -2.6235246658325195 0.42963871359825134 
v 0.0048479847609996796 -2.6342852115631104 0.4293312132358551 
v 0.004073004238307476 -2.630474328994751 0.4296475052833557 
v 1.402879945544555e-7 -2.6662185192108154 0.42966505885124207 
v 1.402879945544555e-7 -2.634329080581665 0.4297177791595459 
v -0.004073019605129957 -2.630474328994751 0.4296475052833557 
v -0.004848000127822161 -2.6342852115631104 0.4293312132358551 
v -0.004848000127822161 -2.6235246658325195 0.42963871359825134 
v -0.004848000127822161 -2.6235246658325195 0.4293312132358551 
v 0.0048479847609996796 -2.6235246658325195 0.4298847019672394 
v 0.0036359496880322695 -2.623656749725342 0.4298847019672394 
v 1.402879945544555e-7 -2.6237006187438965 0.4298847019672394 
v -0.003635964822024107 -2.623656749725342 0.4298847019672394 
v -0.004848000127822161 -2.6235246658325195 0.4298847019672394 
vn -0.9524446725845337 -0.3047037422657013 -0.002184694167226553 
vn -0.1280297040939331 -0.991767942905426 -0.002184694167226553 
vn -0.0980169028043747 -0.9951823353767395 -0.002184694167226553 
vn 3.097898456858039e-13 -0.999997615814209 -0.002184694167226553 
vn 3.097898456858039e-13 -0.999997615814209 -0.002184694167226553 
vn -0.08297525346279144 -0.9965491890907288 -0.002184694167226553 
vn -0.9295517206192017 -0.3686853349208832 -0.002184694167226553 
vn -0.9087722897529602 -0.41728663444519043 -0.002184694167226553 
vn -0.06791467219591141 -0.9976887702941895 -0.002184694167226553 
vn -0.8634950518608093 -0.5043525099754333 -0.002184694167226553 
vn -0.05283859372138977 -0.9986006617546082 -0.002184694167226553 
vn -0.7964062690734863 -0.604758083820343 -0.002184694167226553 
vn -0.04529581964015961 -0.9989712238311768 -0.002184694167226553 
vn -0.03775046393275261 -0.9992848038673401 -0.002184694167226553 
vn -0.7633390426635742 -0.6459943652153015 -0.002184694167226553 
vn -0.03775046393275261 -0.9992848038673401 0.002184694167226553 
vn -0.7534953951835632 -0.6574495434761047 0.002184694167226553 
vn -0.889378547668457 -0.4474445581436157 -0.09380380809307098 
vn -0.3088821768760681 -0.840671718120575 -0.44481781125068665 
vn 0.003778621554374695 -0.8732074499130249 -0.48733407258987427 
vn 3.097898456858039e-13 -0.999997615814209 0.002184694167226553 
vn 0.3124244511127472 -0.8393617272377014 -0.44481781125068665 
vn -0.969104528427124 -0.2466406375169754 -0.002184694167226553 
vn 3.097898456858039e-13 -0.999997615814209 -0.002184694167226553 
vn 3.097898456858039e-13 -0.999997615814209 -0.002184694167226553 
vn 3.097898456858039e-13 -0.999997615814209 -0.002184694167226553 
vn 3.097898456858039e-13 -0.999997615814209 -0.002184694167226553 
vn 0.06791467219591141 -0.9976887702941895 -0.002184694167226553 
vn 0.08297525346279144 -0.9965491890907288 -0.002184694167226553 
vn 0.0980169028043747 -0.9951823353767395 -0.002184694167226553 
vn 3.097898456858039e-13 -0.999997615814209 -0.002184694167226553 
vn -0.15046414732933044 -0.9886130690574646 -0.002184694167226553 
vn -0.9792816638946533 -0.20249100029468536 -0.002184694167226553 
vn -0.9805701971054077 -0.16161379218101501 -0.1111890971660614 
vn -0.17275206744670868 -0.9845559000968933 -0.028397228568792343 
vn 3.097898456858039e-13 -0.999997615814209 -0.002184694167226553 
vn 3.0973070245729484e-13 -0.9998067021369934 -0.01966099627315998 
vn 0.15046414732933044 -0.9886130690574646 -0.002184694167226553 
vn 0.17275206744670868 -0.9845559000968933 -0.028397228568792343 
vn 0.9792816638946533 -0.20249100029468536 -0.002184694167226553 
vn 0.9811770915985107 -0.15788766741752625 -0.1111890971660614 
vn 0.1280297040939331 -0.991767942905426 -0.002184694167226553 
vn 0.9524446725845337 -0.3047037422657013 -0.002184694167226553 
vn 0.9295517206192017 -0.3686853349208832 -0.002184694167226553 
vn 0.9087722897529602 -0.41728663444519043 -0.002184694167226553 
vn 0.8634950518608093 -0.5043525099754333 -0.002184694167226553 
vn 0.05283859372138977 -0.9986006617546082 -0.002184694167226553 
vn 0.04529581964015961 -0.9989712238311768 -0.002184694167226553 
vn 0.969104528427124 -0.2466406375169754 -0.002184694167226553 
vn 0.7964062690734863 -0.604758083820343 -0.002184694167226553 
vn 0.7633390426635742 -0.6459943652153015 -0.002184694167226553 
vn 0.03775046393275261 -0.9992848038673401 -0.002184694167226553 
vn 0.03775046393275261 -0.9992848038673401 0.002184694167226553 
vn 0.8910678029060364 -0.4440709352493286 -0.09380380809307098 
vn 0.7534953951835632 -0.6574495434761047 0.002184694167226553 
vn -0.4709147810935974 0.6051928400993347 0.641857385635376 
vn 0.0037633744068443775 0.5342631936073303 0.8453097939491272 
vn -0.5778437852859497 -1.1951144284275128e-13 0.8161473870277405 
vn 0 0 1 
vn -0.5778437852859497 -1.1951144284275128e-13 0.8161473870277405 
vn -0.9737972617149353 -0.0037722436245530844 0.22738653421401978 
vn -0.9737972617149353 0.0037722436245530844 0.22738653421401978 
vn -0.5778437852859497 -1.1951144284275128e-13 0.8161473870277405 
vn -0.9737972617149353 -0.0037722436245530844 0.22738653421401978 
vn -0.8636587262153625 0.4637749493122101 0.1975002884864807 
vn -0.9737972617149353 -0.0037722436245530844 0.22738653421401978 
vn 0 0 1 
vn -0.5778437852859497 -1.1951144284275128e-13 0.8161473870277405 
vn 0 0 1 
vn 0 0 1 
vn -0.5778437852859497 -1.1951144284275128e-13 0.8161473870277405 
vn 0 0 1 
vn -0.5778437852859497 -1.1951144284275128e-13 0.8161473870277405 
vn -0.9737972617149353 0.0037722436245530844 0.22738653421401978 
vn -0.9737972617149353 0.0037722436245530844 0.22738653421401978 
vn -0.5778437852859497 -1.1951144284275128e-13 0.8161473870277405 
vn -0.9729217290878296 -0.06030411645770073 0.22312943637371063 
vn -0.9737972617149353 -0.0037722436245530844 0.22738653421401978 
vn 0 0 1 
vn 0.5778437852859497 0 0.8161473870277405 
vn 0.5778437852859497 0 0.8161473870277405 
vn 0.5778437852859497 0 0.8161473870277405 
vn 0.5778437852859497 0 0.8161473870277405 
vn 0.5778437852859497 0 0.8161473870277405 
vn 0.467933714389801 0.6075007319450378 0.641857385635376 
vn 0.8636587262153625 0.4637749493122101 0.1975002884864807 
vn 0.9738045930862427 0 0.22738653421401978 
vn 0.9738045930862427 0 0.22738653421401978 
vn 0.9738045930862427 0 0.22738653421401978 
vn 0.9738045930862427 0 0.22738653421401978 
vn 0.9738045930862427 0 0.22738653421401978 
vn 0.9738045930862427 0 0.22738653421401978 
vn 0.5778437852859497 0 0.8161473870277405 
vn 0.9738045930862427 0 0.22738653421401978 
vn 0.5778437852859497 0 0.8161473870277405 
vn 0.9729217290878296 -0.06030411645770073 0.22312943637371063 
vn 0.5826712846755981 -0.08256509155035019 0.8085030317306519 
vn 0.12045355886220932 -0.992024302482605 0.03713129088282585 
vn 0.04906744882464409 -0.9915763735771179 0.11986933648586273 
vn 0.003775948192924261 -0.992782473564148 0.11986933648586273 
vn -0.0018595322035253048 -0.0698285773396492 0.9975572824478149 
vn -0.04906744882464409 -0.9915763735771179 0.11986933648586273 
vn 0 0 1 
vn -0.5831876397132874 -0.07883528620004654 0.8085030317306519 
vn -0.12045355886220932 -0.992024302482605 0.03713129088282585 
vn 0.7071051001548767 0.7071051001548767 0.002184694167226553 
vn 0.015103200450539589 0.9998835325241089 0.002184694167226553 
vn 0.8636587262153625 0.4637749493122101 0.1975002884864807 
vn 0.02265329100191593 0.999721884727478 0.006554040592163801 
vn 0.467933714389801 0.6075007319450378 0.641857385635376 
vn 0.007550373673439026 0.9997782111167908 0.01966099627315998 
vn 0.0037633744068443775 0.5342631936073303 0.8453097939491272 
vn 0.7071051001548767 0.7071051001548767 0.002184694167226553 
vn 0.015103200450539589 0.9998835325241089 0.002184694167226553 
vn 0.7071051001548767 0.7071051001548767 -0.002184694167226553 
vn 0.015103200450539589 0.9998835325241089 0.002184694167226553 
vn 0.015103200450539589 0.9998835325241089 0.002184694167226553 
vn 0.7071051001548767 0.7071051001548767 0.002184694167226553 
vn 0.015103200450539589 0.9998835325241089 0.002184694167226553 
vn 0.7071051001548767 0.7071051001548767 0.002184694167226553 
vn 0.7071051001548767 0.7071051001548767 0.002184694167226553 
vn 0.015103200450539589 0.9998835325241089 0.002184694167226553 
vn 0.7071051001548767 0.7071051001548767 0.002184694167226553 
vn 0.015103200450539589 0.9998835325241089 0.002184694167226553 
vn 0.7071051001548767 0.7071051001548767 0.002184694167226553 
vn 0.015103200450539589 0.9998835325241089 0.002184694167226553 
vn 0.7071051001548767 0.7071051001548767 0.002184694167226553 
vn 0.015103200450539589 0.9998835325241089 0.002184694167226553 
vn 0.015103200450539589 0.9998835325241089 0.002184694167226553 
vn 0.7071051001548767 0.7071051001548767 0.002184694167226553 
vn 0.015103200450539589 0.9998835325241089 0.002184694167226553 
vn 0.7071051001548767 0.7071051001548767 0.002184694167226553 
vn 0.7071051001548767 0.7071051001548767 0.002184694167226553 
vn 0.015103200450539589 0.9998835325241089 0.002184694167226553 
vn 0.7071051001548767 0.7071051001548767 0.002184694167226553 
vn 0.015103200450539589 0.9998835325241089 0.002184694167226553 
vn 0.015103200450539589 0.9998835325241089 0.002184694167226553 
vn 0.7071051001548767 0.7071051001548767 0.002184694167226553 
vn 0.015103200450539589 0.9998835325241089 0.002184694167226553 
vn 0.7071051001548767 0.7071051001548767 0.002184694167226553 
vn 0.743394672870636 0.6686781644821167 0.0152922747656703 
vn 0.01510031707584858 0.9996926784515381 0.01966099627315998 
vn 0.8037980794906616 0.5923922061920166 0.05459024757146835 
vn 0.016984088346362114 0.9958462119102478 0.08945280313491821 
vn -1.0339156559981827e-13 0.9998067021369934 0.01966099627315998 
vn 0.0018872113432735205 0.9959892630577087 0.08945280313491821 
vn -1.0341130485562108e-13 0.999997615814209 0.002184694167226553 
vn -1.0341130485562108e-13 0.999997615814209 0.002184694167226553 
vn -1.0341130485562108e-13 0.999997615814209 0.002184694167226553 
vn -1.0341130485562108e-13 0.999997615814209 0.002184694167226553 
vn -1.0341130485562108e-13 0.999997615814209 0.002184694167226553 
vn -1.0341130485562108e-13 0.999997615814209 0.002184694167226553 
vn -1.0341130485562108e-13 0.999997615814209 0.002184694167226553 
vn -1.0341130485562108e-13 0.999997615814209 0.002184694167226553 
vn -1.0341130485562108e-13 0.999997615814209 0.002184694167226553 
vn -1.0341130485562108e-13 0.999997615814209 0.002184694167226553 
vn -1.0341130485562108e-13 0.999997615814209 0.002184694167226553 
vn -1.0341130485562108e-13 0.999997615814209 0.002184694167226553 
vn -1.0341130485562108e-13 0.999997615814209 0.002184694167226553 
vn -1.0341130485562108e-13 0.999997615814209 0.002184694167226553 
vn -1.0341130485562108e-13 0.999997615814209 0.002184694167226553 
vn -1.0341130485562108e-13 0.999997615814209 0.002184694167226553 
vn -1.0339156559981827e-13 0.9998067021369934 0.01966099627315998 
vn -0.4709147810935974 0.6051928400993347 0.641857385635376 
vn -0.007550373673439026 0.9997782111167908 0.01966099627315998 
vn -0.02265329100191593 0.999721884727478 0.006554040592163801 
vn -0.015103200450539589 0.9998835325241089 0.002184694167226553 
vn -0.015103200450539589 0.9998835325241089 0.002184694167226553 
vn -0.015103200450539589 0.9998835325241089 0.002184694167226553 
vn -0.8636587262153625 0.4637749493122101 0.1975002884864807 
vn -0.7071051001548767 0.7071051001548767 0.002184694167226553 
vn -0.7071051001548767 0.7071051001548767 0.002184694167226553 
vn -0.7071051001548767 0.7071051001548767 0.002184694167226553 
vn -0.015103200450539589 0.9998835325241089 0.002184694167226553 
vn -0.7071051001548767 0.7071051001548767 0.002184694167226553 
vn -0.015103200450539589 0.9998835325241089 0.002184694167226553 
vn -0.7071051001548767 0.7071051001548767 0.002184694167226553 
vn -0.015103200450539589 0.9998835325241089 0.002184694167226553 
vn -0.015103200450539589 0.9998835325241089 0.002184694167226553 
vn -0.7071051001548767 0.7071051001548767 0.002184694167226553 
vn -0.7071051001548767 0.7071051001548767 0.002184694167226553 
vn -0.015103200450539589 0.9998835325241089 0.002184694167226553 
vn -0.7071051001548767 0.7071051001548767 0.002184694167226553 
vn -0.015103200450539589 0.9998835325241089 0.002184694167226553 
vn -0.7071051001548767 0.7071051001548767 0.002184694167226553 
vn -0.015103200450539589 0.9998835325241089 0.002184694167226553 
vn -0.015103200450539589 0.9998835325241089 0.002184694167226553 
vn -0.7071051001548767 0.7071051001548767 0.002184694167226553 
vn -0.7071051001548767 0.7071051001548767 0.002184694167226553 
vn -0.015103200450539589 0.9998835325241089 0.002184694167226553 
vn -0.7071051001548767 0.7071051001548767 0.002184694167226553 
vn -0.015103200450539589 0.9998835325241089 0.002184694167226553 
vn -0.7071051001548767 0.7071051001548767 0.002184694167226553 
vn -0.015103200450539589 0.9998835325241089 0.002184694167226553 
vn -0.015103200450539589 0.9998835325241089 0.002184694167226553 
vn -0.7071051001548767 0.7071051001548767 0.002184694167226553 
vn -0.7071051001548767 0.7071051001548767 0.002184694167226553 
vn -0.01510031707584858 0.9996926784515381 0.01966099627315998 
vn -0.743394672870636 0.6686781644821167 0.0152922747656703 
vn -0.013210099190473557 0.9959034323692322 0.08945280313491821 
vn -0.8015528321266174 0.5954267382621765 0.05459024757146835 
vn -0.8015528321266174 0.5954267382621765 0.05459024757146835 
vn -0.8450632095336914 0.5263733863830566 0.09380380809307098 
vn -0.016977649182081223 0.9834582209587097 0.18033768236637115 
vn -0.02262907661497593 0.9890475273132324 0.1458524912595749 
vn -1.0230570324275615e-13 0.9893063306808472 0.1458524912595749 
vn 0.0018881993601098657 0.9917024970054626 0.12854042649269104 
vn -0.028319157660007477 0.9912998676300049 0.12854042649269104 
vn -1.0112094809503619e-13 0.97575443983078 0.21886809170246124 
vn -0.037742096930742264 0.9750242233276367 0.21886809170246124 
vn -0.927007794380188 0.37222737073898315 0.04586252197623253 
vn -0.9581456780433655 0.27919211983680725 0.0633138045668602 
vn -0.8793425559997559 0.47135651111602783 0.06767380982637405 
vn -0.013210099190473557 0.9959034323692322 0.08945280313491821 
vn -0.001886497950181365 0.9836029410362244 0.18033768236637115 
vn 0.0018872113432735205 0.9959892630577087 0.08945280313491821 
vn 0.020749950781464577 0.9833858609199524 0.18033768236637115 
vn 0.02262907661497593 0.9890475273132324 0.1458524912595749 
vn 0.03209380432963371 0.9911848306655884 0.12854042649269104 
vn 0.037742096930742264 0.9750242233276367 0.21886809170246124 
vn 0.016984088346362114 0.9958462119102478 0.08945280313491821 
vn 0.8037980794906616 0.5923922061920166 0.05459024757146835 
vn 0.8470519185066223 0.5231671929359436 0.09380380809307098 
vn 0.8793425559997559 0.47135651111602783 0.06767380982637405 
vn 0.9284083247184753 0.3687201738357544 0.04586252197623253 
vn 0.9570833444595337 0.2828123867511749 0.0633138045668602 
vn 0.04906151443719864 0.9529826045036316 0.2990269064903259 
vn 0.9639016389846802 0.25371992588043213 0.08074574917554855 
vn 0.0037756175734102726 0.9542372226715088 0.2990269064903259 
vn -0.04906151443719864 0.9529826045036316 0.2990269064903259 
vn -0.9639016389846802 0.25371992588043213 0.08074574917554855 
vn -0.05464787781238556 0.9430718421936035 0.3280687630176544 
vn -0.9469759464263916 0.30451640486717224 0.10250037163496017 
vn -0.06409865617752075 0.9467054605484009 0.31565824151039124 
vn -0.8488882184028625 0.5104551315307617 -0.1372016966342926 
vn -0.0396418422460556 0.9885118007659912 -0.1458524912595749 
vn -0.001886976882815361 0.9886578321456909 -0.15017375349998474 
vn 0.0018863173900172114 0.9474827647209167 0.3198012113571167 
vn -0.0018854610389098525 0.9446519613265991 0.3280687630176544 
vn 0.05841204151511192 0.9428461790084839 0.3280687630176544 
vn 0.9469759464263916 0.30451640486717224 0.10250037163496017 
vn 0.8488882184028625 0.5104551315307617 -0.1372016966342926 
vn 0.06409865617752075 0.9467054605484009 0.31565824151039124 
vn 0.035868171602487564 0.9886559247970581 -0.1458524912595749 
vn 0.035868171602487564 0.9886559247970581 -0.1458524912595749 
vn -0.001886976882815361 0.9886578321456909 -0.15017375349998474 
vn 0.13713793456554413 0.20481647551059723 -0.9691457152366638 
vn 0.00378825468942523 0.19532142579555511 -0.9807319641113281 
vn 0.1333172470331192 0.16543661057949066 -0.9771679639816284 
vn 0.8488882184028625 0.5104551315307617 -0.1372016966342926 
vn 0.9823435544967651 0.030191635712981224 -0.18463370203971863 
vn 0.9919980764389038 0.022641610354185104 -0.1242060661315918 
vn 0.1334359049797058 0.1707901805639267 -0.976230263710022 
vn 0.9930459260940552 0.0226381104439497 -0.11553031951189041 
vn -0.0396418422460556 0.9885118007659912 -0.1458524912595749 
vn -0.13398317992687225 0.20689396560192108 -0.9691457152366638 
vn -0.8488882184028625 0.5104551315307617 -0.1372016966342926 
vn -0.9823435544967651 0.030191635712981224 -0.18463370203971863 
vn -0.1333172470331192 0.16543661057949066 -0.9771679639816284 
vn 0.001889180624857545 0.16957223415374756 -0.9855159521102905 
vn 0.06409865617752075 0.9467054605484009 0.31565824151039124 
vn -0.06409865617752075 0.9467054605484009 0.31565824151039124 
vn -0.1334359049797058 0.1707901805639267 -0.976230263710022 
vn -0.9919980764389038 0.022641610354185104 -0.1242060661315918 
vn 0.001889180624857545 0.16957223415374756 -0.9855159521102905 
vn 0.13931511342525482 0.16602928936481476 -0.976230263710022 
vn 0.001889180624857545 0.16957223415374756 -0.9855159521102905 
vn -0.13931511342525482 0.16602928936481476 -0.976230263710022 
vn -0.993124783039093 0.018865590915083885 -0.11553031951189041 
vn -0.9805701971054077 -0.16161379218101501 -0.1111890971660614 
vn -0.1502021700143814 0.13151437044143677 -0.97986900806427 
vn -0.17275206744670868 -0.9845559000968933 -0.028397228568792343 
vn -0.0679033026099205 -0.544752299785614 -0.8358433246612549 
vn 3.0973070245729484e-13 -0.9998067021369934 -0.01966099627315998 
vn 1.700651202979006e-13 -0.5489680171012878 -0.8358433246612549 
vn 0.17275206744670868 -0.9845559000968933 -0.028397228568792343 
vn 0.0679033026099205 -0.544752299785614 -0.8358433246612549 
vn 0.9811770915985107 -0.15788766741752625 -0.1111890971660614 
vn -0.0018901845905929804 0.14800140261650085 -0.9889853596687317 
vn 0.1502021700143814 0.13151437044143677 -0.97986900806427 
vn 0.8037980794906616 0.5923922061920166 0.05459024757146835 
vn 0.999997615814209 0 0.002184694167226553 
vn 0.8470519185066223 0.5231671929359436 0.09380380809307098 
vn 0.999997615814209 0 0.002184694167226553 
vn 0.8793425559997559 0.47135651111602783 0.06767380982637405 
vn 0.999997615814209 0 0.002184694167226553 
vn 0.9284083247184753 0.3687201738357544 0.04586252197623253 
vn 0.999997615814209 0 0.002184694167226553 
vn 0.9570833444595337 0.2828123867511749 0.0633138045668602 
vn 0.743394672870636 0.6686781644821167 0.0152922747656703 
vn 0.999997615814209 0 0.002184694167226553 
vn 0.7071051001548767 0.7071051001548767 0.002184694167226553 
vn 0.999997615814209 0 0.002184694167226553 
vn 0.999997615814209 0 0.002184694167226553 
vn 0.999997615814209 0 0.002184694167226553 
vn 0.999997615814209 0 0.002184694167226553 
vn 0.999997615814209 0 0.002184694167226553 
vn 0.999997615814209 0 0.002184694167226553 
vn 0.999997615814209 0 0.002184694167226553 
vn 0.999997615814209 0 0.002184694167226553 
vn 0.7071051001548767 0.7071051001548767 0.002184694167226553 
vn 0.999997615814209 0 0.002184694167226553 
vn 0.7071051001548767 0.7071051001548767 0.002184694167226553 
vn 0.7071051001548767 0.7071051001548767 0.002184694167226553 
vn 0.999997615814209 0 0.002184694167226553 
vn 0.7071051001548767 0.7071051001548767 0.002184694167226553 
vn 0.999997615814209 0 0.002184694167226553 
vn 0.999997615814209 0 0.002184694167226553 
vn 0.999997615814209 0 0.002184694167226553 
vn 0.999997615814209 0 0.002184694167226553 
vn 0.999997615814209 0 0.002184694167226553 
vn 0.999997615814209 0 0.002184694167226553 
vn 0.999997615814209 0 0.002184694167226553 
vn 0.999997615814209 0 0.002184694167226553 
vn 0.999997615814209 0 0.002184694167226553 
vn 0.999997615814209 0 0.002184694167226553 
vn 0.7071051001548767 0.7071051001548767 0.002184694167226553 
vn 0.999997615814209 0 0.002184694167226553 
vn 0.7071051001548767 0.7071051001548767 0.002184694167226553 
vn 0.7071051001548767 0.7071051001548767 0.002184694167226553 
vn 0.999997615814209 0 0.002184694167226553 
vn 0.7071051001548767 0.7071051001548767 0.002184694167226553 
vn 0.999997615814209 0 0.002184694167226553 
vn 0.7071051001548767 0.7071051001548767 0.002184694167226553 
vn 0.999997615814209 0 0.002184694167226553 
vn 0.7071051001548767 0.7071051001548767 0.002184694167226553 
vn 0.999997615814209 0 0.002184694167226553 
vn 0.999997615814209 0 0.002184694167226553 
vn 0.7071051001548767 0.7071051001548767 0.002184694167226553 
vn 0.999997615814209 0 0.002184694167226553 
vn 0.7071051001548767 0.7071051001548767 -0.002184694167226553 
vn 0.7071051001548767 0.7071051001548767 0.002184694167226553 
vn 0.999997615814209 0 0.002184694167226553 
vn 0.7071051001548767 0.7071051001548767 0.002184694167226553 
vn 0.999997615814209 0 0.002184694167226553 
vn 0.999997615814209 0 0.002184694167226553 
vn 0.999997615814209 0 0.002184694167226553 
vn 0.999997615814209 0 0.002184694167226553 
vn 0.999997615814209 0 0.002184694167226553 
vn 0.999997615814209 0 0.002184694167226553 
vn 0.999997615814209 0 0.002184694167226553 
vn 0.999997615814209 0 0.002184694167226553 
vn 0.999997615814209 0 0.002184694167226553 
vn 0.999997615814209 0 0.002184694167226553 
vn 0.999997615814209 0 0.002184694167226553 
vn 0.999997615814209 0 0.002184694167226553 
vn 0.999997615814209 0 0.002184694167226553 
vn 0.999997615814209 0 0.002184694167226553 
vn 0.999997615814209 0 0.002184694167226553 
vn 0.999997615814209 0 0.002184694167226553 
vn 0.999997615814209 0 0.002184694167226553 
vn 0.999997615814209 0 0.002184694167226553 
vn 0.999997615814209 0 0.002184694167226553 
vn 0.999997615814209 0 0.002184694167226553 
vn 0.999997615814209 0 0.002184694167226553 
vn 0.9738045930862427 0 0.22738653421401978 
vn 0.8636587262153625 0.4637749493122101 0.1975002884864807 
vn 0.9738045930862427 0 0.22738653421401978 
vn 0.999997615814209 0 0.002184694167226553 
vn 0.999997615814209 0 0.002184694167226553 
vn 0.9738045930862427 0 0.22738653421401978 
vn 0.999997615814209 0 0.002184694167226553 
vn 0.999997615814209 0 0.002184694167226553 
vn 0.9738045930862427 0 0.22738653421401978 
vn 0.999997615814209 0 0.002184694167226553 
vn 0.9738045930862427 0 0.22738653421401978 
vn 0.999997615814209 0 0.002184694167226553 
vn 0.9738045930862427 0 0.22738653421401978 
vn 0.9707110524177551 -0.007548614405095577 -0.2401314377784729 
vn 0.5390578508377075 -0.05285508558154106 -0.8406086564064026 
vn 0.7460472583770752 -0.5373679399490356 -0.3932546079158783 
vn 0.7534953951835632 -0.6574495434761047 0.002184694167226553 
vn 0.7534953951835632 -0.6574495434761047 0.002184694167226553 
vn 0.7534953951835632 -0.6574495434761047 0.002184694167226553 
vn 0.7181316018104553 -0.5478708148002625 0.42909738421440125 
vn 0.46081018447875977 -0.037587638944387436 0.8867024183273315 
vn 0.9696524739265442 -0.007549726869910955 0.24437066912651062 
vn 0.999997615814209 0 0.002184694167226553 
vn 0.7640122175216675 0 -0.6452018022537231 
vn 0.999997615814209 0 0.002184694167226553 
vn 0.7640122175216675 0 0.6452018022537231 
vn 0.999997615814209 0 0.002184694167226553 
vn 0.7724037170410156 0 0.6351318359375 
vn 0.9835757613182068 -0.00755514670163393 -0.18033768236637115 
vn 0.9980039596557617 -0.022641588002443314 -0.058952588587999344 
vn 0.9856804013252258 -0.09802975505590439 -0.1372016966342926 
vn 0.8910678029060364 -0.4440709352493286 -0.09380380809307098 
vn 0.7534953951835632 -0.6574495434761047 0.002184694167226553 
vn 0.7633390426635742 -0.6459943652153015 -0.002184694167226553 
vn 0.7964062690734863 -0.604758083820343 -0.002184694167226553 
vn 0.8634950518608093 -0.5043525099754333 -0.002184694167226553 
vn 0.9087722897529602 -0.41728663444519043 -0.002184694167226553 
vn 0.999997615814209 0 0.002184694167226553 
vn 0.9295517206192017 -0.3686853349208832 -0.002184694167226553 
vn 0.999997615814209 0 0.002184694167226553 
vn 0.9524446725845337 -0.3047037422657013 -0.002184694167226553 
vn 0.999997615814209 0 0.002184694167226553 
vn 0.969104528427124 -0.2466406375169754 -0.002184694167226553 
vn 0.999997615814209 0 0.002184694167226553 
vn 0.9792816638946533 -0.20249100029468536 -0.002184694167226553 
vn 0.999997615814209 0 0.002184694167226553 
vn 0.9811770915985107 -0.15788766741752625 -0.1111890971660614 
vn 0.9930459260940552 0.0226381104439497 -0.11553031951189041 
vn 0.9919980764389038 0.022641610354185104 -0.1242060661315918 
vn 0.999997615814209 0 0.002184694167226553 
vn 0.9823435544967651 0.030191635712981224 -0.18463370203971863 
vn 0.999997615814209 0 0.002184694167226553 
vn 0.9469759464263916 0.30451640486717224 0.10250037163496017 
vn 0.999997615814209 0 0.002184694167226553 
vn 0.999997615814209 0 0.002184694167226553 
vn 0.999997615814209 0 0.002184694167226553 
vn 0.999997615814209 0 0.002184694167226553 
vn 0.999997615814209 0 0.002184694167226553 
vn 0.8488882184028625 0.5104551315307617 -0.1372016966342926 
vn 0.9639016389846802 0.25371992588043213 0.08074574917554855 
vn -0.999997615814209 -2.0682260971124217e-13 0.002184694167226553 
vn -0.999997615814209 -2.0682260971124217e-13 0.002184694167226553 
vn -0.9581456780433655 0.27919211983680725 0.0633138045668602 
vn -0.9639016389846802 0.25371992588043213 0.08074574917554855 
vn -0.927007794380188 0.37222737073898315 0.04586252197623253 
vn -0.999997615814209 -2.0682260971124217e-13 0.002184694167226553 
vn -0.8793425559997559 0.47135651111602783 0.06767380982637405 
vn -0.999997615814209 -2.0682260971124217e-13 0.002184694167226553 
vn -0.8450632095336914 0.5263733863830566 0.09380380809307098 
vn -0.999997615814209 -2.0682260971124217e-13 0.002184694167226553 
vn -0.8015528321266174 0.5954267382621765 0.05459024757146835 
vn -0.999997615814209 -2.0682260971124217e-13 0.002184694167226553 
vn -0.743394672870636 0.6686781644821167 0.0152922747656703 
vn -0.999997615814209 -2.0682260971124217e-13 0.002184694167226553 
vn -0.7071051001548767 0.7071051001548767 0.002184694167226553 
vn -0.999997615814209 -2.0682260971124217e-13 0.002184694167226553 
vn -0.7071051001548767 0.7071051001548767 0.002184694167226553 
vn -0.999997615814209 -2.0682260971124217e-13 0.002184694167226553 
vn -0.999997615814209 -2.0682260971124217e-13 0.002184694167226553 
vn -0.999997615814209 -2.0682260971124217e-13 0.002184694167226553 
vn -0.999997615814209 -2.0682260971124217e-13 0.002184694167226553 
vn -0.999997615814209 -2.0682260971124217e-13 0.002184694167226553 
vn -0.7071051001548767 0.7071051001548767 0.002184694167226553 
vn -0.999997615814209 -2.0682260971124217e-13 0.002184694167226553 
vn -0.7071051001548767 0.7071051001548767 0.002184694167226553 
vn -0.999997615814209 -2.0682260971124217e-13 0.002184694167226553 
vn -0.7071051001548767 0.7071051001548767 0.002184694167226553 
vn -0.999997615814209 -2.0682260971124217e-13 0.002184694167226553 
vn -0.7071051001548767 0.7071051001548767 0.002184694167226553 
vn -0.999997615814209 -2.0682260971124217e-13 0.002184694167226553 
vn -0.999997615814209 -2.0682260971124217e-13 0.002184694167226553 
vn -0.999997615814209 -2.0682260971124217e-13 0.002184694167226553 
vn -0.999997615814209 -2.0682260971124217e-13 0.002184694167226553 
vn -0.7534953951835632 -0.6574495434761047 0.002184694167226553 
vn -0.999997615814209 -2.0682260971124217e-13 0.002184694167226553 
vn -0.999997615814209 -2.0682260971124217e-13 0.002184694167226553 
vn -0.999997615814209 -2.0682260971124217e-13 0.002184694167226553 
vn -0.999997615814209 -2.0682260971124217e-13 0.002184694167226553 
vn -0.999997615814209 -2.0682260971124217e-13 0.002184694167226553 
vn -0.999997615814209 -2.0682260971124217e-13 0.002184694167226553 
vn -0.999997615814209 -2.0682260971124217e-13 0.002184694167226553 
vn -0.999997615814209 -2.0682260971124217e-13 0.002184694167226553 
vn -0.9469759464263916 0.30451640486717224 0.10250037163496017 
vn -0.999997615814209 -2.0682260971124217e-13 0.002184694167226553 
vn -0.8488882184028625 0.5104551315307617 -0.1372016966342926 
vn -0.9823435544967651 0.030191635712981224 -0.18463370203971863 
vn -0.9919980764389038 0.022641610354185104 -0.1242060661315918 
vn -0.999997615814209 -2.0682260971124217e-13 0.002184694167226553 
vn -0.993124783039093 0.018865590915083885 -0.11553031951189041 
vn -0.999997615814209 -2.0682260971124217e-13 0.002184694167226553 
vn -0.9792816638946533 -0.20249100029468536 -0.002184694167226553 
vn -0.999997615814209 -2.0682260971124217e-13 0.002184694167226553 
vn -0.999997615814209 -2.0682260971124217e-13 0.002184694167226553 
vn -0.999997615814209 -2.0682260971124217e-13 0.002184694167226553 
vn -0.999997615814209 -2.0682260971124217e-13 0.002184694167226553 
vn -0.999997615814209 -2.0682260971124217e-13 0.002184694167226553 
vn -0.999997615814209 -2.0682260971124217e-13 0.002184694167226553 
vn -0.7633390426635742 -0.6459943652153015 -0.002184694167226553 
vn -0.9805701971054077 -0.16161379218101501 -0.1111890971660614 
vn -0.7964062690734863 -0.604758083820343 -0.002184694167226553 
vn -0.8634950518608093 -0.5043525099754333 -0.002184694167226553 
vn -0.9087722897529602 -0.41728663444519043 -0.002184694167226553 
vn -0.9295517206192017 -0.3686853349208832 -0.002184694167226553 
vn -0.9524446725845337 -0.3047037422657013 -0.002184694167226553 
vn -0.969104528427124 -0.2466406375169754 -0.002184694167226553 
vn -0.889378547668457 -0.4474445581436157 -0.09380380809307098 
vn -0.999997615814209 -2.0682260971124217e-13 0.002184694167226553 
vn -0.9856804013252258 -0.09802975505590439 -0.1372016966342926 
vn -0.9980824589729309 -0.01886848360300064 -0.058952588587999344 
vn -0.999997615814209 -2.0682260971124217e-13 0.002184694167226553 
vn -0.999997615814209 -2.0682260971124217e-13 0.002184694167226553 
vn -0.999997615814209 -2.0682260971124217e-13 0.002184694167226553 
vn -0.9731436967849731 -0.05660912021994591 -0.22312943637371063 
vn -0.9747815132141113 -0.00377605645917356 -0.22312943637371063 
vn -0.9944137930870056 -0.10552956163883209 0.002184694167226553 
vn -0.999997615814209 -2.0682260971124217e-13 0.002184694167226553 
vn -0.74683678150177 -1.5446309867012814e-13 0.6650074124336243 
vn -0.7527677416801453 -0.06406997889280319 0.6551609039306641 
vn -0.9803028106689453 -2.0231394142443404e-13 -0.1975002884864807 
vn -0.999997615814209 -2.0682260971124217e-13 0.002184694167226553 
vn -0.9835757613182068 -0.00755514670163393 -0.18033768236637115 
vn -0.999997615814209 -2.0682260971124217e-13 0.002184694167226553 
vn -0.9696745276451111 -0.003774892073124647 0.24437066912651062 
vn -0.999997615814209 -2.0682260971124217e-13 0.002184694167226553 
vn -0.999997615814209 -2.0682260971124217e-13 0.002184694167226553 
vn -0.46081018447875977 -0.037587638944387436 0.8867024183273315 
vn -0.7181316018104553 -0.5478708148002625 0.42909738421440125 
vn -0.999997615814209 -2.0682260971124217e-13 0.002184694167226553 
vn -0.7534953951835632 -0.6574495434761047 0.002184694167226553 
vn -0.999997615814209 -2.0682260971124217e-13 0.002184694167226553 
vn -0.7534953951835632 -0.6574495434761047 0.002184694167226553 
vn -0.999997615814209 -2.0682260971124217e-13 0.002184694167226553 
vn -0.7534953951835632 -0.6574495434761047 0.002184694167226553 
vn -0.999997615814209 -2.0682260971124217e-13 0.002184694167226553 
vn -0.999997615814209 -2.0682260971124217e-13 0.002184694167226553 
vn -0.7482477426528931 -0.5342996716499329 -0.3932546079158783 
vn -0.999997615814209 -2.0682260971124217e-13 0.002184694167226553 
vn -0.5390578508377075 -0.05285508558154106 -0.8406086564064026 
vn -0.9707110524177551 -0.007548614405095577 -0.2401314377784729 
vn -0.999997615814209 -2.0682260971124217e-13 0.002184694167226553 
vn -0.999997615814209 -2.0682260971124217e-13 0.002184694167226553 
vn -0.999997615814209 -2.0682260971124217e-13 0.002184694167226553 
vn -0.999997615814209 -2.0682260971124217e-13 0.002184694167226553 
vn -0.999997615814209 -2.0682260971124217e-13 0.002184694167226553 
vn -0.999997615814209 -2.0682260971124217e-13 0.002184694167226553 
vn -0.999997615814209 -2.0682260971124217e-13 0.002184694167226553 
vn -0.999997615814209 -2.0682260971124217e-13 0.002184694167226553 
vn -0.999997615814209 -2.0682260971124217e-13 0.002184694167226553 
vn -0.999997615814209 -2.0682260971124217e-13 0.002184694167226553 
vn -0.7724037170410156 -1.5975094240072013e-13 0.6351318359375 
vn -0.7640029191970825 -0.003767983289435506 0.6452018022537231 
vn -0.7071051001548767 0.7071051001548767 0.002184694167226553 
vn -0.999997615814209 -2.0682260971124217e-13 0.002184694167226553 
vn -0.999997615814209 -2.0682260971124217e-13 0.002184694167226553 
vn -0.999997615814209 -2.0682260971124217e-13 0.002184694167226553 
vn -0.999997615814209 -2.0682260971124217e-13 0.002184694167226553 
vn -0.999997615814209 -2.0682260971124217e-13 0.002184694167226553 
vn -0.999997615814209 -2.0682260971124217e-13 0.002184694167226553 
vn -0.999997615814209 -2.0682260971124217e-13 0.002184694167226553 
vn -0.999997615814209 -2.0682260971124217e-13 0.002184694167226553 
vn -0.999997615814209 -2.0682260971124217e-13 0.002184694167226553 
vn -0.999997615814209 -2.0682260971124217e-13 0.002184694167226553 
vn -0.7640028595924377 -0.0037798509001731873 -0.6452018022537231 
vn -0.999997615814209 -2.0682260971124217e-13 0.002184694167226553 
vn -0.7724037170410156 -1.5975094240072013e-13 -0.6351318359375 
vn -0.999997615814209 -2.0682260971124217e-13 0.002184694167226553 
vn -0.7439143657684326 0.0037755994126200676 -0.6682642698287964 
vn -0.9944137930870056 -0.10552956163883209 0.002184694167226553 
vn -0.7495508790016174 -0.06789420545101166 -0.6584556698799133 
vn -0.9729217290878296 -0.06030411645770073 0.22312943637371063 
vn -0.9737972617149353 0.0037722436245530844 0.22738653421401978 
vn -0.9737972617149353 0.0037722436245530844 0.22738653421401978 
vn -0.9737972617149353 -0.0037722436245530844 0.22738653421401978 
vn -0.9737972617149353 -0.0037722436245530844 0.22738653421401978 
vn -0.9737972617149353 0.0037722436245530844 0.22738653421401978 
vn -0.9737972617149353 -0.0037722436245530844 0.22738653421401978 
vn -0.999997615814209 -2.0682260971124217e-13 0.002184694167226553 
vn -0.9737972617149353 -0.0037722436245530844 0.22738653421401978 
vn -0.999997615814209 -2.0682260971124217e-13 0.002184694167226553 
vn -0.7071051001548767 0.7071051001548767 0.002184694167226553 
vn -0.7071051001548767 0.7071051001548767 0.002184694167226553 
vn -0.999997615814209 -2.0682260971124217e-13 0.002184694167226553 
vn -0.7071051001548767 0.7071051001548767 0.002184694167226553 
vn -0.7071051001548767 0.7071051001548767 0.002184694167226553 
vn -0.7071051001548767 0.7071051001548767 0.002184694167226553 
vn -0.7071051001548767 0.7071051001548767 0.002184694167226553 
vn -0.7071051001548767 0.7071051001548767 0.002184694167226553 
vn -0.7071051001548767 0.7071051001548767 0.002184694167226553 
vn -0.8636587262153625 0.4637749493122101 0.1975002884864807 
vn -0.7181316018104553 -0.5478708148002625 0.42909738421440125 
vn -0.03775046393275261 -0.9992848038673401 0.002184694167226553 
vn -0.04878382012248039 -0.4401649534702301 0.8965907096862793 
vn 3.097898456858039e-13 -0.999997615814209 0.002184694167226553 
vn 3.097898456858039e-13 -0.999997615814209 0.002184694167226553 
vn -0.03775046393275261 -0.9992848038673401 0.002184694167226553 
vn -0.7534953951835632 -0.6574495434761047 0.002184694167226553 
vn -0.7534953951835632 -0.6574495434761047 0.002184694167226553 
vn -0.03775046393275261 -0.9992848038673401 0.002184694167226553 
vn -0.7534953951835632 -0.6574495434761047 0.002184694167226553 
vn -0.7482477426528931 -0.5342996716499329 -0.3932546079158783 
vn -0.0621366910636425 -0.4659467041492462 -0.882628321647644 
vn -0.001887790858745575 -0.45067423582077026 -0.8926864862442017 
vn 3.097898456858039e-13 -0.999997615814209 0.002184694167226553 
vn 0.06587842106819153 -0.46543240547180176 -0.882628321647644 
vn 0.03775046393275261 -0.9992848038673401 0.002184694167226553 
vn 0.7460472583770752 -0.5373679399490356 -0.3932546079158783 
vn 0.7534953951835632 -0.6574495434761047 0.002184694167226553 
vn 0.03775046393275261 -0.9992848038673401 0.002184694167226553 
vn 0.03775046393275261 -0.9992848038673401 0.002184694167226553 
vn 0.0018830278422683477 -0.4231640100479126 0.9060511589050293 
vn 0.04878382012248039 -0.4401649534702301 0.8965907096862793 
vn 0.7534953951835632 -0.6574495434761047 0.002184694167226553 
vn 0.7181316018104553 -0.5478708148002625 0.42909738421440125 
vn 0.7534953951835632 -0.6574495434761047 0.002184694167226553 
vn -0.02833055704832077 -0.6260160803794861 -0.7792953848838806 
vn 0.0018893448868766427 -0.6266539096832275 -0.7792953848838806 
vn 0.0037752098869532347 -0.9973951578140259 -0.07203252613544464 
vn 0.09611779451370239 -0.9891402125358582 -0.1111890971660614 
vn -0.09235958009958267 -0.9894981980323792 -0.1111890971660614 
vn -0.06944385170936584 -0.007552473805844784 -0.9975572824478149 
vn -0.7495508790016174 -0.06789420545101166 -0.6584556698799133 
vn -0.06549396365880966 -1.351657992482028e-14 -0.9978529810905457 
vn -0.7439143657684326 0.0037755994126200676 -0.6682642698287964 
vn -0.06985333561897278 -1.4447283633637308e-14 -0.9975572824478149 
vn -0.7724037170410156 -1.5975094240072013e-13 -0.6351318359375 
vn -0.0777435302734375 -0.011352214962244034 -0.9969087839126587 
vn -0.7640028595924377 -0.0037798509001731873 -0.6452018022537231 
vn -0.5390578508377075 -0.05285508558154106 -0.8406086564064026 
vn -0.9707110524177551 -0.007548614405095577 -0.2401314377784729 
vn -0.7482477426528931 -0.5342996716499329 -0.3932546079158783 
vn -0.0621366910636425 -0.4659467041492462 -0.882628321647644 
vn -0.0019445375073701143 -0.00851957593113184 -0.999961793422699 
vn -2.0682311115474694e-13 0 -1 
vn 2.0682311115474694e-13 4.2775797696334704e-26 -1 
vn -0.002184688812121749 -0.0037839922588318586 -0.9999904632568359 
vn 0.03210484981536865 -0.6258338689804077 -0.7792953848838806 
vn 0.06944385170936584 -0.007552473805844784 -0.9975572824478149 
vn 0.7495508790016174 -0.06789420545101166 -0.6584556698799133 
vn 0.06549396365880966 0 -0.9978529810905457 
vn 0.7439239621162415 0 -0.6682642698287964 
vn 0.06985333561897278 0 -0.9975572824478149 
vn 0.07710427790880203 -0.01509501039981842 -0.9969087839126587 
vn 0.7724037170410156 0 -0.6351318359375 
vn -0.001887790858745575 -0.45067423582077026 -0.8926864862442017 
vn 0.7640122175216675 0 -0.6452018022537231 
vn 0.9707110524177551 -0.007548614405095577 -0.2401314377784729 
vn 0.5390578508377075 -0.05285508558154106 -0.8406086564064026 
vn 0.06587842106819153 -0.46543240547180176 -0.882628321647644 
vn 0.7460472583770752 -0.5373679399490356 -0.3932546079158783 
vn 0.0037752098869532347 -0.9973951578140259 -0.07203252613544464 
vn 0.09611779451370239 -0.9891402125358582 -0.1111890971660614 
vn 0.08297525346279144 -0.9965491890907288 0.002184694167226553 
vn 0.7495508790016174 -0.06789420545101166 -0.6584556698799133 
vn 0.9944137930870056 -0.10552956163883209 0.002184694167226553 
vn 0.9729217290878296 -0.06030411645770073 0.22312943637371063 
vn 0.12045355886220932 -0.992024302482605 0.03713129088282585 
vn 3.097898456858039e-13 -0.999997615814209 0.002184694167226553 
vn -0.09235958009958267 -0.9894981980323792 -0.1111890971660614 
vn -0.08297525346279144 -0.9965491890907288 0.002184694167226553 
vn -0.7495508790016174 -0.06789420545101166 -0.6584556698799133 
vn -0.9944137930870056 -0.10552956163883209 0.002184694167226553 
vn -0.9729217290878296 -0.06030411645770073 0.22312943637371063 
vn -0.12045355886220932 -0.992024302482605 0.03713129088282585 
vn 3.0973070245729484e-13 -0.9998067021369934 0.01966099627315998 
vn 0.003775948192924261 -0.992782473564148 0.11986933648586273 
vn 0.04906744882464409 -0.9915763735771179 0.11986933648586273 
vn -0.04906744882464409 -0.9915763735771179 0.11986933648586273 
vn -0.5820790529251099 -0.08664187788963318 -0.8085030317306519 
vn -0.0904727429151535 -0.9956089854240417 -0.024029340595006943 
vn -0.03584929183125496 -0.9953456521034241 -0.08945280313491821 
vn 3.09754338064655e-13 -0.9998830556869507 -0.0152922747656703 
vn 0.0018872113432735205 -0.9959892630577087 -0.08945280313491821 
vn -0.9731436967849731 -0.05660912021994591 -0.22312943637371063 
vn -0.06037835404276848 -0.998173177242279 0.002184694167226553 
vn -0.9944137930870056 -0.10552956163883209 0.002184694167226553 
vn -0.7527677416801453 -0.06406997889280319 0.6551609039306641 
vn -0.07161937654018402 -0.9941583275794983 0.08074574917554855 
vn -0.001887861406430602 -0.9987360239028931 0.05022686347365379 
vn 3.097898456858039e-13 -0.999997615814209 0.002184694167226553 
vn 0.07161937654018402 -0.9941583275794983 0.08074574917554855 
vn 0.06037835404276848 -0.998173177242279 0.002184694167226553 
vn 0.7524383664131165 -0.06782892346382141 0.6551609039306641 
vn 0.9944137930870056 -0.10552956163883209 0.002184694167226553 
vn 0.9729171395301819 -0.06037838011980057 -0.22312943637371063 
vn 0.0904727429151535 -0.9956089854240417 -0.024029340595006943 
vn 0.03962100297212601 -0.9952026605606079 -0.08945280313491821 
vn 0.5826236605644226 -0.0829005315899849 -0.8085030317306519 
vn 0.8910678029060364 -0.4440709352493286 -0.09380380809307098 
vn 0.3124244511127472 -0.8393617272377014 -0.44481781125068665 
vn 0.9856804013252258 -0.09802975505590439 -0.1372016966342926 
vn 0.6516431570053101 -0.10531356930732727 -0.7511792182922363 
vn 0.9980039596557617 -0.022641588002443314 -0.058952588587999344 
vn 0.9835757613182068 -0.00755514670163393 -0.18033768236637115 
vn 0.9803028106689453 0 -0.1975002884864807 
vn 0.6058251261711121 -0.015108335763216019 -0.7954543828964233 
vn 0.9747888445854187 0 -0.22312943637371063 
vn 0.003778621554374695 -0.8732074499130249 -0.48733407258987427 
vn 0.003804662497714162 -0.10895127803087234 -0.9940398335456848 
vn -0.3088821768760681 -0.840671718120575 -0.44481781125068665 
vn -0.6510298848152161 -0.10904078185558319 -0.7511792182922363 
vn -0.9856804013252258 -0.09802975505590439 -0.1372016966342926 
vn -0.9835757613182068 -0.00755514670163393 -0.18033768236637115 
vn -0.9980824589729309 -0.01886848360300064 -0.058952588587999344 
vn -0.889378547668457 -0.4474445581436157 -0.09380380809307098 
vn -0.9803028106689453 -2.0231394142443404e-13 -0.1975002884864807 
vn -0.6058251261711121 -0.015108335763216019 -0.7954543828964233 
vn -0.9747815132141113 -0.00377605645917356 -0.22312943637371063 
vn -0.5778437852859497 -1.1951144284275128e-13 -0.8161473870277405 
vn -0.9731436967849731 -0.05660912021994591 -0.22312943637371063 
vn -0.5820790529251099 -0.08664187788963318 -0.8085030317306519 
vn 0.0037817833945155144 -0.06975089013576508 -0.9975572824478149 
vn 0.0018872113432735205 -0.9959892630577087 -0.08945280313491821 
vn 0.03962100297212601 -0.9952026605606079 -0.08945280313491821 
vn 0.5826236605644226 -0.0829005315899849 -0.8085030317306519 
vn -2.0682311115474694e-13 0 -1 
vn 0.0038889264687895775 -0.01703849993646145 -0.9998472929000854 
vn 0.5778437852859497 0 -0.8161473870277405 
vn 0.9729171395301819 -0.06037838011980057 -0.22312943637371063 
vn -0.03584929183125496 -0.9953456521034241 -0.08945280313491821 
vn 0.7495508790016174 -0.06789420545101166 -0.6584556698799133 
vn 0.7439239621162415 0 -0.6682642698287964 
vn 0.9944137930870056 -0.10552956163883209 0.002184694167226553 
vn 0.999997615814209 0 0.002184694167226553 
vn 0.9738045930862427 0 0.22738653421401978 
vn 0.7724037170410156 0 -0.6351318359375 
vn 0.9729217290878296 -0.06030411645770073 0.22312943637371063 
vn 0.9729171395301819 -0.06037838011980057 -0.22312943637371063 
vn 0.9944137930870056 -0.10552956163883209 0.002184694167226553 
vn 0.9747888445854187 0 -0.22312943637371063 
vn 0.999997615814209 0 0.002184694167226553 
vn 0.9803028106689453 0 -0.1975002884864807 
vn 0.7524383664131165 -0.06782892346382141 0.6551609039306641 
vn 0.74683678150177 0 0.6650074124336243 
vn 0.74683678150177 0 0.6650074124336243 
vn 0.06985333561897278 0 0.9975572824478149 
vn 0.06985333561897278 0 0.9975572824478149 
vn 0 0 1 
vn 0.0015174545114859939 -0.008605912327766418 0.999961793422699 
vn 0.06945759803056717 -0.007424954324960709 0.9975572824478149 
vn 0.7524383664131165 -0.06782892346382141 0.6551609039306641 
vn 0.07161937654018402 -0.9941583275794983 0.08074574917554855 
vn 0.03014794923365116 -0.7433128356933594 0.6682642698287964 
vn -0.001887861406430602 -0.9987360239028931 0.05022686347365379 
vn 2.311213828827541e-13 -0.7439239621162415 0.6682642698287964 
vn -0.07161937654018402 -0.9941583275794983 0.08074574917554855 
vn -0.03014794923365116 -0.7433128356933594 0.6682642698287964 
vn -0.06896398961544037 -0.011111116036772728 0.9975572824478149 
vn -0.06975433230400085 -0.003717746352776885 0.9975572824478149 
vn -0.7527677416801453 -0.06406997889280319 0.6551609039306641 
vn -0.74683678150177 -1.5446309867012814e-13 0.6650074124336243 
vn -0.06975433230400085 -0.003717746352776885 0.9975572824478149 
vn -0.7724037170410156 -1.5975094240072013e-13 0.6351318359375 
vn 0.7724037170410156 0 0.6351318359375 
vn 0.9696524739265442 -0.007549726869910955 0.24437066912651062 
vn 0.46081018447875977 -0.037587638944387436 0.8867024183273315 
vn 0.7640122175216675 0 0.6452018022537231 
vn 0.06945759803056717 -0.007424954324960709 0.9975572824478149 
vn 0 0 1 
vn 0.0013502120273187757 -0.0041555254720151424 0.9999904632568359 
vn -0.06975433230400085 -0.003717746352776885 0.9975572824478149 
vn -0.7640029191970825 -0.003767983289435506 0.6452018022537231 
vn -0.46081018447875977 -0.037587638944387436 0.8867024183273315 
vn -0.9696745276451111 -0.003774892073124647 0.24437066912651062 
vn 0.7181316018104553 -0.5478708148002625 0.42909738421440125 
vn 0.04878382012248039 -0.4401649534702301 0.8965907096862793 
vn 0.0018830278422683477 -0.4231640100479126 0.9060511589050293 
vn -0.04878382012248039 -0.4401649534702301 0.8965907096862793 
vn -0.7181316018104553 -0.5478708148002625 0.42909738421440125 
s on 
f 1//1 2//2 3//3 
f 2//2 4//4 3//3 
f 3//3 4//4 3//3 
f 4//4 5//5 3//3 
f 3//3 5//5 3//3 
f 5//5 6//6 3//3 
f 3//3 6//6 7//7 
f 6//6 6//6 7//7 
f 7//7 6//6 8//8 
f 6//6 9//9 8//8 
f 8//8 9//9 10//10 
f 9//9 11//11 10//10 
f 10//10 11//11 12//12 
f 11//11 13//13 12//12 
f 12//12 13//13 12//12 
f 13//13 14//14 12//12 
f 12//12 14//14 15//15 
f 14//14 16//16 15//15 
f 15//15 16//16 17//17 
f 16//16 16//16 17//17 
f 17//17 16//16 18//18 
f 16//16 16//16 18//18 
f 18//18 16//16 19//19 
f 16//16 16//16 19//19 
f 19//19 16//16 20//20 
f 16//16 21//21 20//20 
f 20//20 21//21 22//22 
f 21//21 22//22 22//22 
f 22//22 22//22 7//7 
f 22//22 7//7 7//7 
f 7//7 7//7 3//3 
f 7//7 1//1 3//3 
f 3//3 1//1 1//1 
f 1//1 1//1 1//1 
f 1//1 1//1 1//1 
f 1//1 23//23 1//1 
f 1//1 23//23 2//2 
f 23//23 2//2 2//2 
f 2//2 2//2 16//16 
f 2//2 16//16 16//16 
f 16//16 16//16 21//21 
f 16//16 14//14 21//21 
f 21//21 14//14 24//24 
f 14//14 13//13 24//24 
f 24//24 13//13 25//25 
f 13//13 11//11 25//25 
f 25//25 11//11 26//26 
f 11//11 9//9 26//26 
f 26//26 9//9 27//27 
f 9//9 6//6 27//27 
f 27//27 6//6 27//27 
f 6//6 5//5 27//27 
f 27//27 5//5 28//28 
f 5//5 5//5 28//28 
f 28//28 5//5 29//29 
f 5//5 4//4 29//29 
f 29//29 4//4 30//30 
f 4//4 4//4 30//30 
f 30//30 4//4 31//31 
f 4//4 2//2 31//31 
f 31//31 2//2 32//32 
f 2//2 23//23 32//32 
f 32//32 23//23 32//32 
f 23//23 33//33 32//32 
f 32//32 33//33 32//32 
f 33//33 34//34 32//32 
f 32//32 34//34 32//32 
f 34//34 35//35 32//32 
f 32//32 35//35 36//36 
f 35//35 37//37 36//36 
f 36//36 37//37 38//38 
f 37//37 39//39 38//38 
f 38//38 39//39 40//40 
f 39//39 41//41 40//40 
f 40//40 41//41 41//41 
f 41//41 32//32 41//41 
f 41//41 32//32 32//32 
f 32//32 36//36 32//32 
f 32//32 36//36 31//31 
f 36//36 42//42 31//31 
f 31//31 42//42 30//30 
f 42//42 43//43 30//30 
f 30//30 43//43 30//30 
f 43//43 44//44 30//30 
f 30//30 44//44 29//29 
f 44//44 45//45 29//29 
f 29//29 45//45 28//28 
f 45//45 46//46 28//28 
f 28//28 46//46 28//28 
f 46//46 47//47 28//28 
f 28//28 47//47 27//27 
f 47//47 47//47 27//27 
f 27//27 47//47 26//26 
f 47//47 48//48 26//26 
f 26//26 48//48 25//25 
f 48//48 25//25 25//25 
f 25//25 25//25 40//40 
f 25//25 40//40 40//40 
f 40//40 40//40 38//38 
f 40//40 49//49 38//38 
f 38//38 49//49 42//42 
f 49//49 43//43 42//42 
f 42//42 43//43 43//43 
f 43//43 36//36 43//43 
f 43//43 36//36 36//36 
f 36//36 38//38 36//36 
f 36//36 38//38 42//42 
f 38//38 42//42 42//42 
f 42//42 42//42 46//46 
f 42//42 46//46 46//46 
f 46//46 46//46 47//47 
f 46//46 50//50 47//47 
f 47//47 50//50 48//48 
f 50//50 51//51 48//48 
f 48//48 51//51 48//48 
f 51//51 52//52 48//48 
f 48//48 52//52 25//25 
f 52//52 52//52 25//25 
f 25//25 52//52 24//24 
f 52//52 53//53 24//24 
f 24//24 53//53 21//21 
f 53//53 53//53 21//21 
f 21//21 53//53 22//22 
f 53//53 53//53 22//22 
f 22//22 53//53 54//54 
f 53//53 53//53 54//54 
f 54//54 53//53 55//55 
f 53//53 52//52 55//55 
f 55//55 52//52 51//51 
f 52//52 51//51 51//51 
f 51//51 51//51 56//56 
f 51//51 56//56 56//56 
f 56//56 56//56 57//57 
f 56//56 58//58 57//57 
f 57//57 58//58 59//59 
f 58//58 58//58 59//59 
f 59//59 58//58 60//60 
f 58//58 61//61 60//60 
f 60//60 61//61 60//60 
f 61//61 62//62 60//60 
f 60//60 62//62 63//63 
f 62//62 64//64 63//63 
f 63//63 64//64 64//64 
f 64//64 56//56 64//64 
f 64//64 56//56 56//56 
f 56//56 65//65 56//56 
f 56//56 65//65 58//58 
f 65//65 66//66 58//58 
f 58//58 66//66 61//61 
f 66//66 61//61 61//61 
f 61//61 61//61 63//63 
f 61//61 63//63 63//63 
f 63//63 63//63 60//60 
f 63//63 67//67 60//60 
f 60//60 67//67 59//59 
f 67//67 59//59 59//59 
f 59//59 59//59 64//64 
f 59//59 64//64 64//64 
f 64//64 64//64 63//63 
f 64//64 68//68 63//63 
f 63//63 68//68 69//69 
f 68//68 68//68 69//69 
f 69//69 68//68 70//70 
f 68//68 71//71 70//70 
f 70//70 71//71 72//72 
f 71//71 71//71 72//72 
f 72//72 71//71 73//73 
f 71//71 74//74 73//73 
f 73//73 74//74 73//73 
f 74//74 75//75 73//73 
f 73//73 75//75 76//76 
f 75//75 77//77 76//76 
f 76//76 77//77 77//77 
f 77//77 63//63 77//77 
f 77//77 63//63 63//63 
f 63//63 69//69 63//63 
f 63//63 69//69 67//67 
f 69//69 67//67 67//67 
f 67//67 67//67 64//64 
f 67//67 64//64 64//64 
f 64//64 64//64 68//68 
f 64//64 78//78 68//68 
f 68//68 78//78 71//71 
f 78//78 74//74 71//71 
f 71//71 74//74 74//74 
f 74//74 76//76 74//74 
f 74//74 76//76 76//76 
f 76//76 79//79 76//76 
f 76//76 79//79 73//73 
f 79//79 79//79 73//73 
f 73//73 79//79 72//72 
f 79//79 80//80 72//72 
f 72//72 80//80 72//72 
f 80//80 81//81 72//72 
f 72//72 81//81 70//70 
f 81//81 82//82 70//70 
f 70//70 82//82 69//69 
f 82//82 83//83 69//69 
f 69//69 83//83 67//67 
f 83//83 84//84 67//67 
f 67//67 84//84 59//59 
f 84//84 85//85 59//59 
f 59//59 85//85 57//57 
f 85//85 57//57 57//57 
f 57//57 57//57 85//85 
f 57//57 85//85 85//85 
f 85//85 85//85 86//86 
f 85//85 84//84 86//86 
f 86//86 84//84 87//87 
f 84//84 83//83 87//87 
f 87//87 83//83 88//88 
f 83//83 82//82 88//88 
f 88//88 82//82 89//89 
f 82//82 82//82 89//89 
f 89//89 82//82 90//90 
f 82//82 81//81 90//90 
f 90//90 81//81 91//91 
f 81//81 80//80 91//91 
f 91//91 80//80 92//92 
f 80//80 93//93 92//92 
f 92//92 93//93 94//94 
f 93//93 95//95 94//94 
f 94//94 95//95 96//96 
f 95//95 97//97 96//96 
f 96//96 97//97 98//98 
f 97//97 97//97 98//98 
f 98//98 97//97 99//99 
f 97//97 97//97 99//99 
f 99//99 97//97 100//100 
f 97//97 101//101 100//100 
f 100//100 101//101 102//102 
f 101//101 102//102 102//102 
f 102//102 102//102 80//80 
f 102//102 80//80 80//80 
f 80//80 80//80 93//93 
f 80//80 79//79 93//93 
f 93//93 79//79 103//103 
f 79//79 76//76 103//103 
f 103//103 76//76 103//103 
f 76//76 104//104 103//103 
f 103//103 104//104 101//101 
f 104//104 104//104 101//101 
f 101//101 104//104 102//102 
f 104//104 104//104 102//102 
f 102//102 104//104 105//105 
f 104//104 104//104 105//105 
f 105//105 104//104 77//77 
f 104//104 76//76 77//77 
f 77//77 76//76 76//76 
f 76//76 97//97 76//76 
f 76//76 97//97 97//97 
f 97//97 95//95 97//97 
f 97//97 95//95 101//101 
f 95//95 95//95 101//101 
f 101//101 95//95 103//103 
f 95//95 93//93 103//103 
f 103//103 93//93 93//93 
f 93//93 106//106 93//93 
f 93//93 106//106 106//106 
f 106//106 107//107 106//106 
f 106//106 107//107 108//108 
f 107//107 109//109 108//108 
f 108//108 109//109 110//110 
f 109//109 111//111 110//110 
f 110//110 111//111 112//112 
f 111//111 112//112 112//112 
f 112//112 112//112 106//106 
f 112//112 106//106 106//106 
f 106//106 106//106 107//107 
f 106//106 113//113 107//107 
f 107//107 113//113 114//114 
f 113//113 115//115 114//114 
f 114//114 115//115 116//116 
f 115//115 115//115 116//116 
f 116//116 115//115 117//117 
f 115//115 118//118 117//117 
f 117//117 118//118 119//119 
f 118//118 120//120 119//119 
f 119//119 120//120 119//119 
f 120//120 121//121 119//119 
f 119//119 121//121 122//122 
f 121//121 123//123 122//122 
f 122//122 123//123 124//124 
f 123//123 125//125 124//124 
f 124//124 125//125 126//126 
f 125//125 127//127 126//126 
f 126//126 127//127 128//128 
f 127//127 127//127 128//128 
f 128//128 127//127 129//129 
f 127//127 130//130 129//129 
f 129//129 130//130 131//131 
f 130//130 132//132 131//131 
f 131//131 132//132 131//131 
f 132//132 133//133 131//131 
f 131//131 133//133 134//134 
f 133//133 135//135 134//134 
f 134//134 135//135 136//136 
f 135//135 135//135 136//136 
f 136//136 135//135 137//137 
f 135//135 138//138 137//137 
f 137//137 138//138 139//139 
f 138//138 140//140 139//139 
f 139//139 140//140 139//139 
f 140//140 141//141 139//139 
f 139//139 141//141 142//142 
f 141//141 143//143 142//142 
f 142//142 143//143 142//142 
f 143//143 144//144 142//142 
f 142//142 144//144 145//145 
f 144//144 146//146 145//145 
f 145//145 146//146 146//146 
f 146//146 145//145 146//146 
f 146//146 145//145 145//145 
f 145//145 147//147 145//145 
f 145//145 147//147 142//142 
f 147//147 147//147 142//142 
f 142//142 147//147 139//139 
f 147//147 148//148 139//139 
f 139//139 148//148 137//137 
f 148//148 149//149 137//137 
f 137//137 149//149 136//136 
f 149//149 150//150 136//136 
f 136//136 150//150 134//134 
f 150//150 151//151 134//134 
f 134//134 151//151 131//131 
f 151//151 152//152 131//131 
f 131//131 152//152 129//129 
f 152//152 153//153 129//129 
f 129//129 153//153 128//128 
f 153//153 154//154 128//128 
f 128//128 154//154 126//126 
f 154//154 155//155 126//126 
f 126//126 155//155 124//124 
f 155//155 156//156 124//124 
f 124//124 156//156 122//122 
f 156//156 157//157 122//122 
f 122//122 157//157 119//119 
f 157//157 158//158 119//119 
f 119//119 158//158 117//117 
f 158//158 159//159 117//117 
f 117//117 159//159 116//116 
f 159//159 160//160 116//116 
f 116//116 160//160 114//114 
f 160//160 161//161 114//114 
f 114//114 161//161 107//107 
f 161//161 162//162 107//107 
f 107//107 162//162 109//109 
f 162//162 163//163 109//109 
f 109//109 163//163 111//111 
f 163//163 163//163 111//111 
f 111//111 163//163 112//112 
f 163//163 163//163 112//112 
f 112//112 163//163 164//164 
f 163//163 165//165 164//164 
f 164//164 165//165 166//166 
f 165//165 162//162 166//166 
f 166//166 162//162 166//166 
f 162//162 161//161 166//166 
f 166//166 161//161 167//167 
f 161//161 160//160 167//167 
f 167//167 160//160 168//168 
f 160//160 159//159 168//168 
f 168//168 159//159 169//169 
f 159//159 158//158 169//169 
f 169//169 158//158 158//158 
f 158//158 165//165 158//158 
f 158//158 165//165 165//165 
f 165//165 163//163 165//165 
f 165//165 163//163 162//162 
f 163//163 162//162 162//162 
f 162//162 162//162 164//164 
f 162//162 164//164 164//164 
f 164//164 164//164 170//170 
f 164//164 166//166 170//170 
f 170//170 166//166 170//170 
f 166//166 167//167 170//170 
f 170//170 167//167 171//171 
f 167//167 168//168 171//171 
f 171//171 168//168 172//172 
f 168//168 169//169 172//172 
f 172//172 169//169 173//173 
f 169//169 174//174 173//173 
f 173//173 174//174 175//175 
f 174//174 176//176 175//175 
f 175//175 176//176 177//177 
f 176//176 176//176 177//177 
f 177//177 176//176 178//178 
f 176//176 156//156 178//178 
f 178//178 156//156 178//178 
f 156//156 155//155 178//178 
f 178//178 155//155 179//179 
f 155//155 154//154 179//179 
f 179//179 154//154 154//154 
f 154//154 169//169 154//154 
f 154//154 169//169 169//169 
f 169//169 158//158 169//169 
f 169//169 158//158 174//174 
f 158//158 157//157 174//174 
f 174//174 157//157 176//176 
f 157//157 156//156 176//176 
f 176//176 156//156 156//156 
f 156//156 177//177 156//156 
f 156//156 177//177 177//177 
f 177//177 178//178 177//177 
f 177//177 178//178 180//180 
f 178//178 179//179 180//180 
f 180//180 179//179 181//181 
f 179//179 182//182 181//181 
f 181//181 182//182 183//183 
f 182//182 184//184 183//183 
f 183//183 184//184 185//185 
f 184//184 184//184 185//185 
f 185//185 184//184 186//186 
f 184//184 152//152 186//186 
f 186//186 152//152 186//186 
f 152//152 151//151 186//186 
f 186//186 151//151 187//187 
f 151//151 150//150 187//187 
f 187//187 150//150 150//150 
f 150//150 179//179 150//150 
f 150//150 179//179 179//179 
f 179//179 154//154 179//179 
f 179//179 154//154 182//182 
f 154//154 153//153 182//182 
f 182//182 153//153 184//184 
f 153//153 152//152 184//184 
f 184//184 152//152 152//152 
f 152//152 185//185 152//152 
f 152//152 185//185 185//185 
f 185//185 186//186 185//185 
f 185//185 186//186 188//188 
f 186//186 187//187 188//188 
f 188//188 187//187 189//189 
f 187//187 190//190 189//189 
f 189//189 190//190 191//191 
f 190//190 192//192 191//191 
f 191//191 192//192 193//193 
f 192//192 192//192 193//193 
f 193//193 192//192 194//194 
f 192//192 148//148 194//194 
f 194//194 148//148 194//194 
f 148//148 147//147 194//194 
f 194//194 147//147 195//195 
f 147//147 145//145 195//195 
f 195//195 145//145 145//145 
f 145//145 187//187 145//145 
f 145//145 187//187 187//187 
f 187//187 150//150 187//187 
f 187//187 150//150 190//190 
f 150//150 149//149 190//190 
f 190//190 149//149 192//192 
f 149//149 148//148 192//192 
f 192//192 148//148 148//148 
f 148//148 193//193 148//148 
f 148//148 193//193 193//193 
f 193//193 194//194 193//193 
f 193//193 194//194 196//196 
f 194//194 195//195 196//196 
f 196//196 195//195 197//197 
f 195//195 198//198 197//197 
f 197//197 198//198 199//199 
f 198//198 200//200 199//199 
f 199//199 200//200 201//201 
f 200//200 201//201 201//201 
f 201//201 201//201 195//195 
f 201//201 195//195 195//195 
f 195//195 195//195 198//198 
f 195//195 145//145 198//198 
f 198//198 145//145 198//198 
f 145//145 146//146 198//198 
f 198//198 146//146 200//200 
f 146//146 200//200 200//200 
f 200//200 200//200 202//202 
f 200//200 202//202 202//202 
f 202//202 202//202 203//203 
f 202//202 204//204 203//203 
f 203//203 204//204 205//205 
f 204//204 206//206 205//205 
f 205//205 206//206 205//205 
f 206//206 207//207 205//205 
f 205//205 207//207 208//208 
f 207//207 209//209 208//208 
f 208//208 209//209 208//208 
f 209//209 210//210 208//208 
f 208//208 210//210 211//211 
f 210//210 212//212 211//211 
f 211//211 212//212 212//212 
f 212//212 203//203 212//212 
f 212//212 203//203 203//203 
f 203//203 205//205 203//203 
f 203//203 205//205 213//213 
f 205//205 208//208 213//213 
f 213//213 208//208 211//211 
f 208//208 211//211 211//211 
f 211//211 211//211 202//202 
f 211//211 202//202 202//202 
f 202//202 202//202 204//204 
f 202//202 214//214 204//204 
f 204//204 214//214 215//215 
f 214//214 216//216 215//215 
f 215//215 216//216 215//215 
f 216//216 217//217 215//215 
f 215//215 217//217 215//215 
f 217//217 218//218 215//215 
f 215//215 218//218 206//206 
f 218//218 219//219 206//206 
f 206//206 219//219 207//207 
f 219//219 220//220 207//207 
f 207//207 220//220 209//209 
f 220//220 209//209 209//209 
f 209//209 209//209 204//204 
f 209//209 204//204 204//204 
f 204//204 204//204 206//206 
f 204//204 215//215 206//206 
f 206//206 215//215 215//215 
f 215//215 216//216 215//215 
f 215//215 216//216 216//216 
f 216//216 221//221 216//216 
f 216//216 221//221 217//217 
f 221//221 222//222 217//217 
f 217//217 222//222 217//217 
f 222//222 223//223 217//217 
f 217//217 223//223 218//218 
f 223//223 224//224 218//218 
f 218//218 224//224 219//219 
f 224//224 225//225 219//219 
f 219//219 225//225 220//220 
f 225//225 226//226 220//220 
f 220//220 226//226 227//227 
f 226//226 228//228 227//227 
f 227//227 228//228 228//228 
f 228//228 220//220 228//228 
f 228//228 220//220 220//220 
f 220//220 227//227 220//220 
f 220//220 227//227 209//209 
f 227//227 229//229 209//209 
f 209//209 229//229 210//210 
f 229//229 230//230 210//210 
f 210//210 230//230 212//212 
f 230//230 230//230 212//212 
f 212//212 230//230 231//231 
f 230//230 232//232 231//231 
f 231//231 232//232 233//233 
f 232//232 234//234 233//233 
f 233//233 234//234 235//235 
f 234//234 235//235 235//235 
f 235//235 235//235 236//236 
f 235//235 236//236 236//236 
f 236//236 236//236 237//237 
f 236//236 234//234 237//237 
f 237//237 234//234 238//238 
f 234//234 232//232 238//238 
f 238//238 232//232 239//239 
f 232//232 230//230 239//239 
f 239//239 230//230 239//239 
f 230//230 229//229 239//239 
f 239//239 229//229 240//240 
f 229//229 227//227 240//240 
f 240//240 227//227 240//240 
f 227//227 228//228 240//240 
f 240//240 228//228 240//240 
f 228//228 241//241 240//240 
f 240//240 241//241 240//240 
f 241//241 242//242 240//240 
f 240//240 242//242 240//240 
f 242//242 243//243 240//240 
f 240//240 243//243 239//239 
f 243//243 243//243 239//239 
f 239//239 243//243 238//238 
f 243//243 244//244 238//238 
f 238//238 244//244 237//237 
f 244//244 237//237 237//237 
f 237//237 237//237 245//245 
f 237//237 245//245 245//245 
f 245//245 245//245 246//246 
f 245//245 247//247 246//246 
f 246//246 247//247 248//248 
f 247//247 247//247 248//248 
f 248//248 247//247 249//249 
f 247//247 250//250 249//249 
f 249//249 250//250 249//249 
f 250//250 251//251 249//249 
f 249//249 251//251 249//249 
f 251//251 252//252 249//249 
f 249//249 252//252 253//253 
f 252//252 254//254 253//253 
f 253//253 254//254 254//254 
f 254//254 246//246 254//254 
f 254//254 246//246 246//246 
f 246//246 248//248 246//246 
f 246//246 248//248 255//255 
f 248//248 256//256 255//255 
f 255//255 256//256 257//257 
f 256//256 256//256 257//257 
f 257//257 256//256 258//258 
f 256//256 256//256 258//258 
f 258//258 256//256 259//259 
f 256//256 256//256 259//259 
f 259//259 256//256 260//260 
f 256//256 248//248 260//260 
f 260//260 248//248 260//260 
f 248//248 249//249 260//260 
f 260//260 249//249 253//253 
f 249//249 253//253 253//253 
f 253//253 253//253 245//245 
f 253//253 245//245 245//245 
f 245//245 245//245 247//247 
f 245//245 261//261 247//247 
f 247//247 261//261 250//250 
f 261//261 250//250 250//250 
f 250//250 250//250 255//255 
f 250//250 255//255 255//255 
f 255//255 255//255 262//262 
f 255//255 257//257 262//262 
f 262//262 257//257 257//257 
f 257//257 259//259 257//257 
f 257//257 259//259 259//259 
f 259//259 263//263 259//259 
f 259//259 263//263 258//258 
f 263//263 264//264 258//258 
f 258//258 264//264 264//264 
f 264//264 263//263 264//264 
f 264//264 263//263 263//263 
f 263//263 259//259 263//263 
f 263//263 259//259 265//265 
f 259//259 260//260 265//265 
f 265//265 260//260 265//265 
f 260//260 253//253 265//265 
f 265//265 253//253 266//266 
f 253//253 254//254 266//266 
f 266//266 254//254 254//254 
f 254//254 266//266 254//254 
f 254//254 266//266 266//266 
f 266//266 267//267 266//266 
f 266//266 267//267 265//265 
f 267//267 267//267 265//265 
f 265//265 267//267 263//263 
f 267//267 268//268 263//263 
f 263//263 268//268 264//264 
f 268//268 268//268 264//264 
f 264//264 268//268 269//269 
f 268//268 268//268 269//269 
f 269//269 268//268 270//270 
f 268//268 271//271 270//270 
f 270//270 271//271 272//272 
f 271//271 273//273 272//272 
f 272//272 273//273 274//274 
f 273//273 275//275 274//274 
f 274//274 275//275 276//276 
f 275//275 277//277 276//276 
f 276//276 277//277 278//278 
f 277//277 278//278 278//278 
f 278//278 278//278 273//273 
f 278//278 273//273 273//273 
f 273//273 273//273 275//275 
f 273//273 271//271 275//275 
f 275//275 271//271 279//279 
f 271//271 268//268 279//279 
f 279//279 268//268 279//279 
f 268//268 267//267 279//279 
f 279//279 267//267 280//280 
f 267//267 266//266 280//280 
f 280//280 266//266 280//280 
f 266//266 254//254 280//280 
f 280//280 254//254 280//280 
f 254//254 278//278 280//280 
f 280//280 278//278 280//280 
f 278//278 277//277 280//280 
f 280//280 277//277 279//279 
f 277//277 275//275 279//279 
f 279//279 275//275 275//275 
f 275//275 281//281 275//275 
f 275//275 281//281 281//281 
f 281//281 282//282 281//281 
f 281//281 282//282 283//283 
f 282//282 284//284 283//283 
f 283//283 284//284 285//285 
f 284//284 286//286 285//285 
f 285//285 286//286 287//287 
f 286//286 288//288 287//287 
f 287//287 288//288 289//289 
f 288//288 289//289 289//289 
f 289//289 289//289 281//281 
f 289//289 281//281 281//281 
f 281//281 281//281 282//282 
f 281//281 290//290 282//282 
f 282//282 290//290 291//291 
f 290//290 292//292 291//291 
f 291//291 292//292 292//292 
f 292//292 291//291 292//292 
f 292//292 291//291 291//291 
f 291//291 293//293 291//291 
f 291//291 293//293 282//282 
f 293//293 293//293 282//282 
f 282//282 293//293 284//284 
f 293//293 294//294 284//284 
f 284//284 294//294 286//286 
f 294//294 295//295 286//286 
f 286//286 295//295 288//288 
f 295//295 288//288 288//288 
f 288//288 288//288 295//295 
f 288//288 295//295 295//295 
f 295//295 295//295 296//296 
f 295//295 294//294 296//296 
f 296//296 294//294 297//297 
f 294//294 293//293 297//297 
f 297//297 293//293 298//298 
f 293//293 291//291 298//298 
f 298//298 291//291 299//299 
f 291//291 292//292 299//299 
f 299//299 292//292 300//300 
f 292//292 301//301 300//300 
f 300//300 301//301 302//302 
f 301//301 303//303 302//302 
f 302//302 303//303 302//302 
f 303//303 304//304 302//302 
f 302//302 304//304 305//305 
f 304//304 306//306 305//305 
f 305//305 306//306 306//306 
f 306//306 305//305 306//306 
f 306//306 305//305 305//305 
f 305//305 307//307 305//305 
f 305//305 307//307 302//302 
f 307//307 307//307 302//302 
f 302//302 307//307 300//300 
f 307//307 308//308 300//300 
f 300//300 308//308 299//299 
f 308//308 309//309 299//299 
f 299//299 309//309 298//298 
f 309//309 310//310 298//298 
f 298//298 310//310 297//297 
f 310//310 297//297 297//297 
f 297//297 297//297 310//310 
f 297//297 310//310 310//310 
f 310//310 310//310 311//311 
f 310//310 309//309 311//311 
f 311//311 309//309 312//312 
f 309//309 308//308 312//312 
f 312//312 308//308 313//313 
f 308//308 307//307 313//313 
f 313//313 307//307 314//314 
f 307//307 305//305 314//314 
f 314//314 305//305 315//315 
f 305//305 306//306 315//315 
f 315//315 306//306 316//316 
f 306//306 317//317 316//316 
f 316//316 317//317 318//318 
f 317//317 319//319 318//318 
f 318//318 319//319 318//318 
f 319//319 320//320 318//318 
f 318//318 320//320 321//321 
f 320//320 322//322 321//321 
f 321//321 322//322 323//323 
f 322//322 324//324 323//323 
f 323//323 324//324 325//325 
f 324//324 326//326 325//325 
f 325//325 326//326 327//327 
f 326//326 326//326 327//327 
f 327//327 326//326 328//328 
f 326//326 329//329 328//328 
f 328//328 329//329 330//330 
f 329//329 331//331 330//330 
f 330//330 331//331 330//330 
f 331//331 332//332 330//330 
f 330//330 332//332 333//333 
f 332//332 334//334 333//333 
f 333//333 334//334 334//334 
f 334//334 333//333 334//334 
f 334//334 333//333 333//333 
f 333//333 335//335 333//333 
f 333//333 335//335 330//330 
f 335//335 335//335 330//330 
f 330//330 335//335 328//328 
f 335//335 336//336 328//328 
f 328//328 336//336 327//327 
f 336//336 337//337 327//327 
f 327//327 337//337 327//327 
f 337//337 338//338 327//327 
f 327//327 338//338 325//325 
f 338//338 339//339 325//325 
f 325//325 339//339 323//323 
f 339//339 340//340 323//323 
f 323//323 340//340 321//321 
f 340//340 341//341 321//321 
f 321//321 341//341 318//318 
f 341//341 341//341 318//318 
f 318//318 341//341 316//316 
f 341//341 342//342 316//316 
f 316//316 342//342 315//315 
f 342//342 343//343 315//315 
f 315//315 343//343 314//314 
f 343//343 344//344 314//314 
f 314//314 344//344 313//313 
f 344//344 313//313 313//313 
f 313//313 313//313 341//341 
f 313//313 341//341 341//341 
f 341//341 341//341 342//342 
f 341//341 345//345 342//342 
f 342//342 345//345 342//342 
f 345//345 346//346 342//342 
f 342//342 346//346 343//343 
f 346//346 347//347 343//343 
f 343//343 347//347 344//344 
f 347//347 344//344 344//344 
f 344//344 344//344 341//341 
f 344//344 341//341 341//341 
f 341//341 341//341 345//345 
f 341//341 340//340 345//345 
f 345//345 340//340 348//348 
f 340//340 339//339 348//348 
f 348//348 339//339 349//349 
f 339//339 338//338 349//349 
f 349//349 338//338 350//350 
f 338//338 337//337 350//350 
f 350//350 337//337 351//351 
f 337//337 337//337 351//351 
f 351//351 337//337 352//352 
f 337//337 336//336 352//352 
f 352//352 336//336 353//353 
f 336//336 335//335 353//353 
f 353//353 335//335 354//354 
f 335//335 333//333 354//354 
f 354//354 333//333 355//355 
f 333//333 334//334 355//355 
f 355//355 334//334 356//356 
f 334//334 357//357 356//356 
f 356//356 357//357 357//357 
f 357//357 356//356 357//357 
f 357//357 356//356 356//356 
f 356//356 358//358 356//356 
f 356//356 358//358 355//355 
f 358//358 359//359 355//355 
f 355//355 359//359 354//354 
f 359//359 360//360 354//354 
f 354//354 360//360 353//353 
f 360//360 353//353 353//353 
f 353//353 353//353 358//358 
f 353//353 358//358 358//358 
f 358//358 358//358 359//359 
f 358//358 361//361 359//359 
f 359//359 361//361 362//362 
f 361//361 361//361 362//362 
f 362//362 361//361 363//363 
f 361//361 364//364 363//363 
f 363//363 364//364 365//365 
f 364//364 366//366 365//365 
f 365//365 366//366 367//367 
f 366//366 368//368 367//367 
f 367//367 368//368 368//368 
f 368//368 359//359 368//368 
f 368//368 359//359 359//359 
f 359//359 362//362 359//359 
f 359//359 362//362 360//360 
f 362//362 369//369 360//360 
f 360//360 369//369 360//360 
f 369//369 370//370 360//360 
f 360//360 370//370 353//353 
f 370//370 371//371 353//353 
f 353//353 371//371 352//352 
f 371//371 372//372 352//352 
f 352//352 372//372 351//351 
f 372//372 373//373 351//351 
f 351//351 373//373 350//350 
f 373//373 374//374 350//350 
f 350//350 374//374 349//349 
f 374//374 375//375 349//349 
f 349//349 375//375 348//348 
f 375//375 376//376 348//348 
f 348//348 376//376 345//345 
f 376//376 377//377 345//345 
f 345//345 377//377 346//346 
f 377//377 378//378 346//346 
f 346//346 378//378 347//347 
f 378//378 347//347 347//347 
f 347//347 347//347 362//362 
f 347//347 362//362 362//362 
f 362//362 362//362 369//369 
f 362//362 363//363 369//369 
f 369//369 363//363 379//379 
f 363//363 365//365 379//379 
f 379//379 365//365 367//367 
f 365//365 367//367 367//367 
f 367//367 367//367 378//378 
f 367//367 378//378 378//378 
f 378//378 378//378 380//380 
f 378//378 377//377 380//380 
f 380//380 377//377 380//380 
f 377//377 381//381 380//380 
f 380//380 381//381 382//382 
f 381//381 383//383 382//382 
f 382//382 383//383 383//383 
f 383//383 382//382 383//383 
f 383//383 382//382 382//382 
f 382//382 384//384 382//382 
f 382//382 384//384 380//380 
f 384//384 384//384 380//380 
f 380//380 384//384 378//378 
f 384//384 385//385 378//378 
f 378//378 385//385 347//347 
f 385//385 385//385 347//347 
f 347//347 385//385 344//344 
f 385//385 386//386 344//344 
f 344//344 386//386 313//313 
f 386//386 387//387 313//313 
f 313//313 387//387 312//312 
f 387//387 388//388 312//312 
f 312//312 388//388 311//311 
f 388//388 389//389 311//311 
f 311//311 389//389 310//310 
f 389//389 390//390 310//310 
f 310//310 390//390 297//297 
f 390//390 391//391 297//297 
f 297//297 391//391 296//296 
f 391//391 392//392 296//296 
f 296//296 392//392 393//393 
f 392//392 394//394 393//393 
f 393//393 394//394 395//395 
f 394//394 396//396 395//395 
f 395//395 396//396 397//397 
f 396//396 398//398 397//397 
f 397//397 398//398 399//399 
f 398//398 400//400 399//399 
f 399//399 400//400 401//401 
f 400//400 402//402 401//401 
f 401//401 402//402 401//401 
f 402//402 403//403 401//401 
f 401//401 403//403 401//401 
f 403//403 404//404 401//401 
f 401//401 404//404 405//405 
f 404//404 406//406 405//405 
f 405//405 406//406 407//407 
f 406//406 408//408 407//407 
f 407//407 408//408 407//407 
f 408//408 409//409 407//407 
f 407//407 409//409 407//407 
f 409//409 410//410 407//407 
f 407//407 410//410 405//405 
f 410//410 399//399 405//405 
f 405//405 399//399 401//401 
f 399//399 401//401 401//401 
f 401//401 401//401 296//296 
f 401//401 296//296 296//296 
f 296//296 296//296 295//295 
f 296//296 393//393 295//295 
f 295//295 393//393 393//393 
f 393//393 399//399 393//393 
f 393//393 399//399 399//399 
f 399//399 410//410 399//399 
f 399//399 410//410 397//397 
f 410//410 411//411 397//397 
f 397//397 411//411 395//395 
f 411//411 412//412 395//395 
f 395//395 412//412 393//393 
f 412//412 412//412 393//393 
f 393//393 412//412 295//295 
f 412//412 412//412 295//295 
f 295//295 412//412 288//288 
f 412//412 412//412 288//288 
f 288//288 412//412 413//413 
f 412//412 411//411 413//413 
f 413//413 411//411 409//409 
f 411//411 410//410 409//409 
f 409//409 410//410 410//410 
f 410//410 408//408 410//410 
f 410//410 408//408 408//408 
f 408//408 406//406 408//408 
f 408//408 406//406 414//414 
f 406//406 414//414 414//414 
f 414//414 414//414 408//408 
f 414//414 408//408 408//408 
f 408//408 408//408 409//409 
f 408//408 415//415 409//409 
f 409//409 415//415 413//413 
f 415//415 289//289 413//413 
f 413//413 289//289 288//288 
f 289//289 288//288 288//288 
f 288//288 288//288 416//416 
f 288//288 416//416 416//416 
f 416//416 416//416 417//417 
f 416//416 418//418 417//417 
f 417//417 418//418 419//419 
f 418//418 419//419 419//419 
f 419//419 419//419 418//418 
f 419//419 418//418 418//418 
f 418//418 418//418 420//420 
f 418//418 416//416 420//420 
f 420//420 416//416 420//420 
f 416//416 421//421 420//420 
f 420//420 421//421 422//422 
f 421//421 423//423 422//422 
f 422//422 423//423 424//424 
f 423//423 425//425 424//424 
f 424//424 425//425 426//426 
f 425//425 427//427 426//426 
f 426//426 427//427 428//428 
f 427//427 429//429 428//428 
f 428//428 429//429 430//430 
f 429//429 431//431 430//430 
f 430//430 431//431 432//432 
f 431//431 432//432 432//432 
f 432//432 432//432 431//431 
f 432//432 431//431 431//431 
f 431//431 431//431 433//433 
f 431//431 429//429 433//433 
f 433//433 429//429 433//433 
f 429//429 427//427 433//433 
f 433//433 427//427 434//434 
f 427//427 425//425 434//434 
f 434//434 425//425 425//425 
f 425//425 432//432 425//425 
f 425//425 432//432 432//432 
f 432//432 431//431 432//432 
f 432//432 431//431 435//435 
f 431//431 431//431 435//435 
f 435//435 431//431 436//436 
f 431//431 433//433 436//436 
f 436//436 433//433 437//437 
f 433//433 434//434 437//437 
f 437//437 434//434 434//434 
f 434//434 432//432 434//434 
f 434//434 432//432 432//432 
f 432//432 435//435 432//432 
f 432//432 435//435 438//438 
f 435//435 439//439 438//438 
f 438//438 439//439 440//440 
f 439//439 441//441 440//440 
f 440//440 441//441 442//442 
f 441//441 443//443 442//442 
f 442//442 443//443 444//444 
f 443//443 444//444 444//444 
f 444//444 444//444 443//443 
f 444//444 443//443 443//443 
f 443//443 443//443 445//445 
f 443//443 441//441 445//445 
f 445//445 441//441 445//445 
f 441//441 439//439 445//445 
f 445//445 439//439 446//446 
f 439//439 435//435 446//446 
f 446//446 435//435 447//447 
f 435//435 436//436 447//447 
f 447//447 436//436 448//448 
f 436//436 437//437 448//448 
f 448//448 437//437 449//449 
f 437//437 437//437 449//449 
f 449//449 437//437 450//450 
f 437//437 434//434 450//450 
f 450//450 434//434 451//451 
f 434//434 425//425 451//451 
f 451//451 425//425 452//452 
f 425//425 423//423 452//452 
f 452//452 423//423 453//453 
f 423//423 421//421 453//453 
f 453//453 421//421 454//454 
f 421//421 416//416 454//454 
f 454//454 416//416 455//455 
f 416//416 417//417 455//455 
f 455//455 417//417 456//456 
f 417//417 417//417 456//456 
f 456//456 417//417 457//457 
f 417//417 419//419 457//457 
f 457//457 419//419 457//457 
f 419//419 458//458 457//457 
f 457//457 458//458 459//459 
f 458//458 460//460 459//459 
f 459//459 460//460 459//459 
f 460//460 461//461 459//459 
f 459//459 461//461 459//459 
f 461//461 462//462 459//459 
f 459//459 462//462 463//463 
f 462//462 464//464 463//463 
f 463//463 464//464 465//465 
f 464//464 466//466 465//465 
f 465//465 466//466 465//465 
f 466//466 467//467 465//465 
f 465//465 467//467 456//456 
f 467//467 467//467 456//456 
f 456//456 467//467 455//455 
f 467//467 468//468 455//455 
f 455//455 468//468 454//454 
f 468//468 469//469 454//454 
f 454//454 469//469 453//453 
f 469//469 470//470 453//453 
f 453//453 470//470 452//452 
f 470//470 471//471 452//452 
f 452//452 471//471 451//451 
f 471//471 472//472 451//451 
f 451//451 472//472 450//450 
f 472//472 473//473 450//450 
f 450//450 473//473 449//449 
f 473//473 449//449 449//449 
f 449//449 449//449 459//459 
f 449//449 459//459 459//459 
f 459//459 459//459 457//457 
f 459//459 463//463 457//457 
f 457//457 463//463 456//456 
f 463//463 465//465 456//456 
f 456//456 465//465 465//465 
f 465//465 466//466 465//465 
f 465//465 466//466 466//466 
f 466//466 464//464 466//466 
f 466//466 464//464 474//474 
f 464//464 474//474 474//474 
f 474//474 474//474 473//473 
f 474//474 473//473 473//473 
f 473//473 473//473 475//475 
f 473//473 472//472 475//475 
f 475//475 472//472 476//476 
f 472//472 471//471 476//476 
f 476//476 471//471 477//477 
f 471//471 470//470 477//477 
f 477//477 470//470 478//478 
f 470//470 469//469 478//478 
f 478//478 469//469 479//479 
f 469//469 468//468 479//479 
f 479//479 468//468 480//480 
f 468//468 467//467 480//480 
f 480//480 467//467 466//466 
f 467//467 466//466 466//466 
f 466//466 466//466 449//449 
f 466//466 449//449 449//449 
f 449//449 449//449 448//448 
f 449//449 481//481 448//448 
f 448//448 481//481 482//482 
f 481//481 483//483 482//482 
f 482//482 483//483 482//482 
f 483//483 484//484 482//482 
f 482//482 484//484 485//485 
f 484//484 486//486 485//485 
f 485//485 486//486 485//485 
f 486//486 487//487 485//485 
f 485//485 487//487 446//446 
f 487//487 445//445 446//446 
f 446//446 445//445 445//445 
f 445//445 448//448 445//445 
f 445//445 448//448 448//448 
f 448//448 482//482 448//448 
f 448//448 482//482 447//447 
f 482//482 485//485 447//447 
f 447//447 485//485 446//446 
f 485//485 446//446 446//446 
f 446//446 446//446 488//488 
f 446//446 488//488 488//488 
f 488//488 488//488 489//489 
f 488//488 490//490 489//489 
f 489//489 490//490 491//491 
f 490//490 490//490 491//491 
f 491//491 490//490 492//492 
f 490//490 493//493 492//492 
f 492//492 493//493 493//493 
f 493//493 489//489 493//493 
f 493//493 489//489 489//489 
f 489//489 491//491 489//489 
f 489//489 491//491 494//494 
f 491//491 495//495 494//494 
f 494//494 495//495 496//496 
f 495//495 497//497 496//496 
f 496//496 497//497 484//484 
f 497//497 497//497 484//484 
f 484//484 497//497 486//486 
f 497//497 498//498 486//486 
f 486//486 498//498 499//499 
f 498//498 498//498 499//499 
f 499//499 498//498 500//500 
f 498//498 501//501 500//500 
f 500//500 501//501 500//500 
f 501//501 502//502 500//500 
f 500//500 502//502 503//503 
f 502//502 504//504 503//503 
f 503//503 504//504 505//505 
f 504//504 506//506 505//505 
f 505//505 506//506 507//507 
f 506//506 508//508 507//507 
f 507//507 508//508 509//509 
f 508//508 508//508 509//509 
f 509//509 508//508 510//510 
f 508//508 511//511 510//510 
f 510//510 511//511 512//512 
f 511//511 513//513 512//512 
f 512//512 513//513 512//512 
f 513//513 514//514 512//512 
f 512//512 514//514 512//512 
f 514//514 515//515 512//512 
f 512//512 515//515 512//512 
f 515//515 516//516 512//512 
f 512//512 516//516 510//510 
f 516//516 517//517 510//510 
f 510//510 517//517 509//509 
f 517//517 518//518 509//509 
f 509//509 518//518 509//509 
f 518//518 519//519 509//509 
f 509//509 519//519 507//507 
f 519//519 520//520 507//507 
f 507//507 520//520 505//505 
f 520//520 521//521 505//505 
f 505//505 521//521 503//503 
f 521//521 522//522 503//503 
f 503//503 522//522 500//500 
f 522//522 522//522 500//500 
f 500//500 522//522 499//499 
f 522//522 523//523 499//499 
f 499//499 523//523 487//487 
f 523//523 523//523 487//487 
f 487//487 523//523 445//445 
f 523//523 523//523 445//445 
f 445//445 523//523 443//443 
f 523//523 523//523 443//443 
f 443//443 523//523 524//524 
f 523//523 522//522 524//524 
f 524//524 522//522 522//522 
f 522//522 492//492 522//522 
f 522//522 492//492 492//492 
f 492//492 525//525 492//492 
f 492//492 525//525 491//491 
f 525//525 525//525 491//491 
f 491//491 525//525 495//495 
f 525//525 526//526 495//495 
f 495//495 526//526 497//497 
f 526//526 498//498 497//497 
f 497//497 498//498 498//498 
f 498//498 499//499 498//498 
f 498//498 499//499 499//499 
f 499//499 487//487 499//499 
f 499//499 487//487 486//486 
f 487//487 486//486 486//486 
f 486//486 486//486 443//443 
f 486//486 443//443 443//443 
f 443//443 443//443 444//444 
f 443//443 524//524 444//444 
f 444//444 524//524 527//527 
f 524//524 524//524 527//527 
f 527//527 524//524 528//528 
f 524//524 521//521 528//528 
f 528//528 521//521 528//528 
f 521//521 520//520 528//528 
f 528//528 520//520 529//529 
f 520//520 519//519 529//529 
f 529//529 519//519 530//530 
f 519//519 518//518 530//530 
f 530//530 518//518 531//531 
f 518//518 518//518 531//531 
f 531//531 518//518 532//532 
f 518//518 517//517 532//532 
f 532//532 517//517 533//533 
f 517//517 516//516 533//533 
f 533//533 516//516 534//534 
f 516//516 515//515 534//534 
f 534//534 515//515 535//535 
f 515//515 515//515 535//535 
f 535//535 515//515 536//536 
f 515//515 514//514 536//536 
f 536//536 514//514 537//537 
f 514//514 538//538 537//537 
f 537//537 538//538 539//539 
f 538//538 540//540 539//539 
f 539//539 540//540 541//541 
f 540//540 542//542 541//541 
f 541//541 542//542 543//543 
f 542//542 544//544 543//543 
f 543//543 544//544 544//544 
f 544//544 521//521 544//544 
f 544//544 521//521 521//521 
f 521//521 524//524 521//521 
f 521//521 524//524 522//522 
f 524//524 522//522 522//522 
f 522//522 522//522 545//545 
f 522//522 545//545 545//545 
f 545//545 545//545 543//543 
f 545//545 546//546 543//543 
f 543//543 546//546 541//541 
f 546//546 547//547 541//541 
f 541//541 547//547 539//539 
f 547//547 548//548 539//539 
f 539//539 548//548 537//537 
f 548//548 549//549 537//537 
f 537//537 549//549 536//536 
f 549//549 550//550 536//536 
f 536//536 550//550 535//535 
f 550//550 551//551 535//535 
f 535//535 551//551 552//552 
f 551//551 553//553 552//552 
f 552//552 553//553 554//554 
f 553//553 555//555 554//554 
f 554//554 555//555 554//554 
f 555//555 556//556 554//554 
f 554//554 556//556 557//557 
f 556//556 558//558 557//557 
f 557//557 558//558 533//533 
f 558//558 559//559 533//533 
f 533//533 559//559 532//532 
f 559//559 560//560 532//532 
f 532//532 560//560 531//531 
f 560//560 561//561 531//531 
f 531//531 561//561 530//530 
f 561//561 562//562 530//530 
f 530//530 562//562 529//529 
f 562//562 563//563 529//529 
f 529//529 563//563 528//528 
f 563//563 527//527 528//528 
f 528//528 527//527 527//527 
f 527//527 535//535 527//527 
f 527//527 535//535 535//535 
f 535//535 552//552 535//535 
f 535//535 552//552 534//534 
f 552//552 557//557 534//534 
f 534//534 557//557 533//533 
f 557//557 533//533 533//533 
f 533//533 533//533 552//552 
f 533//533 552//552 552//552 
f 552//552 552//552 557//557 
f 552//552 554//554 557//557 
f 557//557 554//554 554//554 
f 554//554 555//555 554//554 
f 554//554 555//555 555//555 
f 555//555 553//553 555//555 
f 555//555 553//553 564//564 
f 553//553 564//564 564//564 
f 564//564 564//564 565//565 
f 564//564 565//565 565//565 
f 565//565 565//565 566//566 
f 565//565 567//567 566//566 
f 566//566 567//567 566//566 
f 567//567 568//568 566//566 
f 566//566 568//568 566//566 
f 568//568 569//569 566//566 
f 566//566 569//569 566//566 
f 569//569 570//570 566//566 
f 566//566 570//570 571//571 
f 570//570 570//570 571//571 
f 571//571 570//570 572//572 
f 570//570 573//573 572//572 
f 572//572 573//573 574//574 
f 573//573 573//573 574//574 
f 574//574 573//573 575//575 
f 573//573 573//573 575//575 
f 575//575 573//573 576//576 
f 573//573 573//573 576//576 
f 576//576 573//573 577//577 
f 573//573 578//578 577//577 
f 577//577 578//578 579//579 
f 578//578 580//580 579//579 
f 579//579 580//580 581//581 
f 580//580 580//580 581//581 
f 581//581 580//580 582//582 
f 580//580 580//580 582//582 
f 582//582 580//580 583//583 
f 580//580 569//569 583//583 
f 583//583 569//569 583//583 
f 569//569 568//568 583//583 
f 583//583 568//568 584//584 
f 568//568 585//585 584//584 
f 584//584 585//585 584//584 
f 585//585 586//586 584//584 
f 584//584 586//586 587//587 
f 586//586 588//588 587//587 
f 587//587 588//588 588//588 
f 588//588 566//566 588//588 
f 588//588 566//566 566//566 
f 566//566 571//571 566//566 
f 566//566 571//571 565//565 
f 571//571 565//565 565//565 
f 565//565 565//565 573//573 
f 565//565 573//573 573//573 
f 573//573 573//573 578//578 
f 573//573 570//570 578//578 
f 578//578 570//570 578//578 
f 570//570 569//569 578//578 
f 578//578 569//569 580//580 
f 569//569 580//580 580//580 
f 580//580 580//580 567//567 
f 580//580 567//567 567//567 
f 567//567 567//567 568//568 
f 567//567 585//585 568//568 
f 568//568 585//585 585//585 
f 585//585 587//587 585//585 
f 585//585 587//587 587//587 
f 587//587 589//589 587//587 
f 587//587 589//589 584//584 
f 589//589 589//589 584//584 
f 584//584 589//589 583//583 
f 589//589 582//582 583//583 
f 583//583 582//582 582//582 
f 582//582 590//590 582//582 
f 582//582 590//590 590//590 
f 590//590 591//591 590//590 
f 590//590 591//591 592//592 
f 591//591 593//593 592//592 
f 592//592 593//593 593//593 
f 593//593 592//592 593//593 
f 593//593 592//592 592//592 
f 592//592 594//594 592//592 
f 592//592 594//594 590//590 
f 594//594 595//595 590//590 
f 590//590 595//595 591//591 
f 595//595 591//591 591//591 
f 591//591 591//591 594//594 
f 591//591 594//594 594//594 
f 594//594 594//594 595//595 
f 594//594 596//596 595//595 
f 595//595 596//596 597//597 
f 596//596 598//598 597//597 
f 597//597 598//598 599//599 
f 598//598 600//600 599//599 
f 599//599 600//600 601//601 
f 600//600 602//602 601//601 
f 601//601 602//602 603//603 
f 602//602 604//604 603//603 
f 603//603 604//604 604//604 
f 604//604 605//605 604//604 
f 604//604 605//605 605//605 
f 605//605 606//606 605//605 
f 605//605 606//606 603//603 
f 606//606 606//606 603//603 
f 603//603 606//606 601//601 
f 606//606 607//607 601//601 
f 601//601 607//607 601//601 
f 607//607 608//608 601//601 
f 601//601 608//608 599//599 
f 608//608 609//609 599//599 
f 599//599 609//609 597//597 
f 609//609 610//610 597//597 
f 597//597 610//610 595//595 
f 610//610 610//610 595//595 
f 595//595 610//610 591//591 
f 610//610 611//611 591//591 
f 591//591 611//611 593//593 
f 611//611 612//612 593//593 
f 593//593 612//612 613//613 
f 612//612 614//614 613//613 
f 613//613 614//614 615//615 
f 614//614 614//614 615//615 
f 615//615 614//614 616//616 
f 614//614 608//608 616//616 
f 616//616 608//608 616//616 
f 608//608 607//607 616//616 
f 616//616 607//607 616//616 
f 607//607 617//617 616//616 
f 616//616 617//617 616//616 
f 617//617 618//618 616//616 
f 616//616 618//618 615//615 
f 618//618 615//615 615//615 
f 615//615 615//615 606//606 
f 615//615 606//606 606//606 
f 606//606 606//606 607//607 
f 606//606 619//619 607//607 
f 607//607 619//619 617//617 
f 619//619 617//617 617//617 
f 617//617 617//617 611//611 
f 617//617 611//611 611//611 
f 611//611 611//611 612//612 
f 611//611 610//610 612//612 
f 612//612 610//610 612//612 
f 610//610 609//609 612//612 
f 612//612 609//609 614//614 
f 609//609 608//608 614//614 
f 614//614 608//608 608//608 
f 608//608 618//618 608//608 
f 608//608 618//618 618//618 
f 618//618 617//617 618//618 
f 618//618 617//617 620//620 
f 617//617 617//617 620//620 
f 620//620 617//617 621//621 
f 617//617 617//617 621//621 
f 621//621 617//617 622//622 
f 617//617 623//623 622//622 
f 622//622 623//623 624//624 
f 623//623 624//624 624//624 
f 624//624 624//624 619//619 
f 624//624 619//619 619//619 
f 619//619 619//619 617//617 
f 619//619 623//623 617//617 
f 617//617 623//623 623//623 
f 623//623 625//625 623//623 
f 623//623 625//625 625//625 
f 625//625 626//626 625//625 
f 625//625 626//626 627//627 
f 626//626 628//628 627//627 
f 627//627 628//628 627//627 
f 628//628 629//629 627//627 
f 627//627 629//629 627//627 
f 629//629 630//630 627//627 
f 627//627 630//630 627//627 
f 630//630 631//631 627//627 
f 627//627 631//631 627//627 
f 631//631 632//632 627//627 
f 627//627 632//632 625//625 
f 632//632 632//632 625//625 
f 625//625 632//632 633//633 
f 632//632 634//634 633//633 
f 633//633 634//634 635//635 
f 634//634 634//634 635//635 
f 635//635 634//634 636//636 
f 634//634 634//634 636//636 
f 636//636 634//634 637//637 
f 634//634 634//634 637//637 
f 637//637 634//634 638//638 
f 634//634 639//639 638//638 
f 638//638 639//639 640//640 
f 639//639 639//639 640//640 
f 640//640 639//639 641//641 
f 639//639 639//639 641//641 
f 641//641 639//639 631//631 
f 639//639 639//639 631//631 
f 631//631 639//639 632//632 
f 639//639 634//634 632//632 
f 632//632 634//634 634//634 
f 634//634 638//638 634//634 
f 634//634 638//638 638//638 
f 638//638 640//640 638//638 
f 638//638 640//640 642//642 
f 640//640 642//642 642//642 
f 642//642 642//642 643//643 
f 642//642 643//643 643//643 
f 643//643 643//643 644//644 
f 643//643 645//645 644//644 
f 644//644 645//645 646//646 
f 645//645 647//647 646//646 
f 646//646 647//647 647//647 
f 647//647 643//643 647//647 
f 647//647 643//643 643//643 
f 643//643 644//644 643//643 
f 643//643 644//644 648//648 
f 644//644 649//649 648//648 
f 648//648 649//649 650//650 
f 649//649 649//649 650//650 
f 650//650 649//649 651//651 
f 649//649 649//649 651//651 
f 651//651 649//649 652//652 
f 649//649 649//649 652//652 
f 652//652 649//649 653//653 
f 649//649 654//654 653//653 
f 653//653 654//654 655//655 
f 654//654 656//656 655//655 
f 655//655 656//656 657//657 
f 656//656 656//656 657//657 
f 657//657 656//656 658//658 
f 656//656 656//656 658//658 
f 658//658 656//656 659//659 
f 656//656 656//656 659//659 
f 659//659 656//656 660//660 
f 656//656 646//646 660//660 
f 660//660 646//646 660//660 
f 646//646 647//647 660//660 
f 660//660 647//647 660//660 
f 647//647 661//661 660//660 
f 660//660 661//661 660//660 
f 661//661 662//662 660//660 
f 660//660 662//662 659//659 
f 662//662 659//659 659//659 
f 659//659 659//659 649//649 
f 659//659 649//649 649//649 
f 649//649 649//649 654//654 
f 649//649 644//644 654//654 
f 654//654 644//644 654//654 
f 644//644 646//646 654//654 
f 654//654 646//646 656//656 
f 646//646 656//656 656//656 
f 656//656 656//656 663//663 
f 656//656 663//663 663//663 
f 663//663 663//663 664//664 
f 663//663 665//665 664//664 
f 664//664 665//665 666//666 
f 665//665 667//667 666//666 
f 666//666 667//667 666//666 
f 667//667 668//668 666//666 
f 666//666 668//668 666//666 
f 668//668 669//669 666//666 
f 666//666 669//669 670//670 
f 669//669 671//671 670//670 
f 670//670 671//671 671//671 
f 671//671 664//664 671//671 
f 671//671 664//664 664//664 
f 664//664 666//666 664//664 
f 664//664 666//666 672//672 
f 666//666 673//673 672//672 
f 672//672 673//673 674//674 
f 673//673 675//675 674//674 
f 674//674 675//675 676//676 
f 675//675 677//677 676//676 
f 676//676 677//677 678//678 
f 677//677 678//678 678//678 
f 678//678 678//678 673//673 
f 678//678 673//673 673//673 
f 673//673 673//673 670//670 
f 673//673 666//666 670//670 
f 670//670 666//666 666//666 
f 666//666 676//676 666//666 
f 666//666 676//676 676//676 
f 676//676 679//679 676//676 
f 676//676 679//679 674//674 
f 679//679 674//674 674//674 
f 674//674 674//674 677//677 
f 674//674 677//677 677//677 
f 677//677 677//677 680//680 
f 677//677 675//675 680//680 
f 680//680 675//675 680//680 
f 675//675 681//681 680//680 
f 680//680 681//681 682//682 
f 681//681 683//683 682//682 
f 682//682 683//683 684//684 
f 683//683 683//683 684//684 
f 684//684 683//683 685//685 
f 683//683 686//686 685//685 
f 685//685 686//686 687//687 
f 686//686 686//686 687//687 
f 687//687 686//686 688//688 
f 686//686 686//686 688//688 
f 688//688 686//686 689//689 
f 686//686 686//686 689//689 
f 689//689 686//686 690//690 
f 686//686 683//683 690//690 
f 690//690 683//683 690//690 
f 683//683 681//681 690//690 
f 690//690 681//681 691//691 
f 681//681 675//675 691//691 
f 691//691 675//675 691//691 
f 675//675 673//673 691//691 
f 691//691 673//673 691//691 
f 673//673 670//670 691//691 
f 691//691 670//670 692//692 
f 670//670 671//671 692//692 
f 692//692 671//671 692//692 
f 671//671 693//693 692//692 
f 692//692 693//693 692//692 
f 693//693 689//689 692//692 
f 692//692 689//689 692//692 
f 689//689 690//690 692//692 
f 692//692 690//690 691//691 
f 690//690 691//691 691//691 
f 691//691 691//691 685//685 
f 691//691 685//685 685//685 
f 685//685 685//685 694//694 
f 685//685 687//687 694//694 
f 694//694 687//687 687//687 
f 687//687 695//695 687//687 
f 687//687 695//695 695//695 
f 695//695 696//696 695//695 
f 695//695 696//696 697//697 
f 696//696 698//698 697//697 
f 697//697 698//698 699//699 
f 698//698 698//698 699//699 
f 699//699 698//698 368//368 
f 698//698 698//698 368//368 
f 368//368 698//698 367//367 
f 698//698 700//700 367//367 
f 367//367 700//700 379//379 
f 700//700 379//379 379//379 
f 379//379 379//379 700//700 
f 379//379 700//700 700//700 
f 700//700 700//700 696//696 
f 700//700 698//698 696//696 
f 696//696 698//698 698//698 
f 698//698 697//697 698//698 
f 698//698 697//697 697//697 
f 697//697 699//699 697//697 
f 697//697 699//699 701//701 
f 699//699 701//701 701//701 
f 701//701 701//701 702//702 
f 701//701 702//702 702//702 
f 702//702 702//702 703//703 
f 702//702 704//704 703//703 
f 703//703 704//704 705//705 
f 704//704 706//706 705//705 
f 705//705 706//706 382//382 
f 706//706 384//384 382//382 
f 382//382 384//384 384//384 
f 384//384 707//707 384//384 
f 384//384 707//707 707//707 
f 707//707 703//703 707//707 
f 707//707 703//703 708//708 
f 703//703 705//705 708//708 
f 708//708 705//705 383//383 
f 705//705 382//382 383//383 
f 383//383 382//382 382//382 
f 382//382 709//709 382//382 
f 382//382 709//709 709//709 
f 709//709 710//710 709//709 
f 709//709 710//710 711//711 
f 710//710 712//712 711//711 
f 711//711 712//712 711//711 
f 712//712 713//713 711//711 
f 711//711 713//713 711//711 
f 713//713 714//714 711//711 
f 711//711 714//714 715//715 
f 714//714 714//714 715//715 
f 715//715 714//714 716//716 
f 714//714 717//717 716//716 
f 716//716 717//717 718//718 
f 717//717 719//719 718//718 
f 718//718 719//719 720//720 
f 719//719 721//721 720//720 
f 720//720 721//721 722//722 
f 721//721 713//713 722//722 
f 722//722 713//713 722//722 
f 713//713 712//712 722//722 
f 722//722 712//712 722//722 
f 712//712 723//723 722//722 
f 722//722 723//723 724//724 
f 723//723 723//723 724//724 
f 724//724 723//723 725//725 
f 723//723 726//726 725//725 
f 725//725 726//726 727//727 
f 726//726 727//727 727//727 
f 727//727 727//727 715//715 
f 727//727 715//715 715//715 
f 715//715 715//715 711//711 
f 715//715 709//709 711//711 
f 711//711 709//709 709//709 
f 709//709 709//709 709//709 
f 709//709 709//709 709//709 
f 709//709 728//728 709//709 
f 709//709 728//728 710//710 
f 728//728 710//710 710//710 
f 710//710 710//710 717//717 
f 710//710 717//717 717//717 
f 717//717 717//717 719//719 
f 717//717 714//714 719//719 
f 719//719 714//714 719//719 
f 714//714 713//713 719//719 
f 719//719 713//713 721//721 
f 713//713 721//721 721//721 
f 721//721 721//721 722//722 
f 721//721 722//722 722//722 
f 722//722 722//722 720//720 
f 722//722 724//724 720//720 
f 720//720 724//724 724//724 
f 724//724 729//729 724//724 
f 724//724 729//729 729//729 
f 729//729 730//730 729//729 
f 729//729 730//730 731//731 
f 730//730 732//732 731//731 
f 731//731 732//732 728//728 
f 732//732 732//732 728//728 
f 728//728 732//732 710//710 
f 732//732 733//733 710//710 
f 710//710 733//733 712//712 
f 733//733 733//733 712//712 
f 712//712 733//733 723//723 
f 733//733 733//733 723//723 
f 723//723 733//733 726//726 
f 733//733 734//734 726//726 
f 726//726 734//734 726//726 
f 734//734 735//735 726//726 
f 726//726 735//735 727//727 
f 735//735 735//735 727//727 
f 727//727 735//735 736//736 
f 735//735 737//737 736//736 
f 736//736 737//737 738//738 
f 737//737 738//738 738//738 
f 738//738 738//738 730//730 
f 738//738 730//730 730//730 
f 730//730 730//730 732//732 
f 730//730 739//739 732//732 
f 732//732 739//739 732//732 
f 739//739 740//740 732//732 
f 732//732 740//740 734//734 
f 740//740 741//741 734//734 
f 734//734 741//741 735//735 
f 741//741 742//742 735//735 
f 735//735 742//742 737//737 
f 742//742 743//743 737//737 
f 737//737 743//743 743//743 
f 743//743 732//732 743//743 
f 743//743 732//732 732//732 
f 732//732 734//734 732//732 
f 732//732 734//734 733//733 

