mtllib model_0.mtl
o model_0
v 1.4380028247833252 -3.696049451828003 -0.5383011102676392 
v 1.4463222026824951 -3.6946771144866943 -0.5384479761123657 
v 1.446502685546875 -3.700519323348999 -0.5310474038124084 
v -1.4085612297058105 -3.710819959640503 -0.5296250581741333 
v -1.4357606172561646 -3.7028605937957764 -0.5306882858276367 
v -1.4077569246292114 -3.7040200233459473 -0.5380959510803223 
v -1.4355823993682861 -3.6969850063323975 -0.5383011102676392 
v -1.4440799951553345 -3.7014658451080322 -0.5310474038124084 
v -1.443901777267456 -3.695618152618408 -0.5384479761123657 
v 0.0010350439697504044 4.3275017738342285 0.692432165145874 
v 0.0010350439697504044 4.330207347869873 0.689757764339447 
v 0.0010350439697504044 4.3306498527526855 0.6979231834411621 
v 0.0010328160133212805 4.333960056304932 0.6888274550437927 
v 0.0010328160133212805 4.337696075439453 0.6898416876792908 
v 0.0010305880568921566 4.3403401374816895 0.6925720572471619 
v 0.0010305880568921566 4.341370582580566 0.6962047815322876 
v 0.0010305880568921566 4.340256214141846 0.6998701095581055 
v 0.0010328160133212805 4.337550640106201 0.7026494145393372 
v 0.0010328160133212805 4.333797931671143 0.7035797238349915 
v 0.00103727204259485 4.324650764465332 0.7081287503242493 
v 0.001039499999023974 4.318338394165039 0.6981120705604553 
v 0.001039499999023974 4.314960956573486 0.7133166790008545 
v 0.0010439560282975435 4.305169582366943 0.703913152217865 
v 0.0010439560282975435 4.305281639099121 0.7177491188049316 
v 0.0010484120575711131 4.291485786437988 0.7074362635612488 
v 0.0010461839847266674 4.294795989990234 0.7226059436798096 
v 0.0010528679704293609 4.2746148109436035 0.7087630033493042 
v 0.001050640014000237 4.283520698547363 0.7261033654212952 
v 0.0010617800289765 4.246283531188965 0.7062891125679016 
v 0.0010328160133212805 4.337550640106201 0.7026494145393372 
v -0.007645243778824806 4.337550640106201 0.7026494145393372 
v 0.0010328160133212805 4.333797931671143 0.7035797238349915 
v -0.007645243778824806 4.333792209625244 0.7035797238349915 
v 0.0010305880568921566 4.340256214141846 0.6998701095581055 
v -0.007645243778824806 4.340256214141846 0.6998701095581055 
v 0.0010328160133212805 4.337550640106201 0.7026494145393372 
v -0.007645243778824806 4.337550640106201 0.7026494145393372 
v 0.0010305880568921566 4.341370582580566 0.6962047815322876 
v -0.007645243778824806 4.341364860534668 0.6962047815322876 
v 0.0010305880568921566 4.340256214141846 0.6998701095581055 
v -0.007645243778824806 4.340256214141846 0.6998701095581055 
v 0.0010305880568921566 4.3403401374816895 0.6925720572471619 
v -0.007645243778824806 4.340334415435791 0.6925720572471619 
v 0.0010305880568921566 4.341370582580566 0.6962047815322876 
v -0.007645243778824806 4.341364860534668 0.6962047815322876 
v 0.0010328160133212805 4.337696075439453 0.6898416876792908 
v -0.007645243778824806 4.337690830230713 0.6898416876792908 
v 0.0010305880568921566 4.3403401374816895 0.6925720572471619 
v -0.007645243778824806 4.340334415435791 0.6925720572471619 
v 0.0010328160133212805 4.333960056304932 0.6888274550437927 
v -0.007645243778824806 4.333954811096191 0.6888274550437927 
v 0.0010328160133212805 4.337696075439453 0.6898416876792908 
v -0.007645243778824806 4.337690830230713 0.6898416876792908 
v 0.0010350439697504044 4.330207347869873 0.689757764339447 
v -0.007643016055226326 4.330201625823975 0.689757764339447 
v 0.0010328160133212805 4.333960056304932 0.6888274550437927 
v -0.007645243778824806 4.333954811096191 0.6888274550437927 
v 0.0010350439697504044 4.3275017738342285 0.692432165145874 
v -0.007643016055226326 4.327496528625488 0.692432165145874 
v 0.0010350439697504044 4.330207347869873 0.689757764339447 
v -0.007643016055226326 4.330201625823975 0.689757764339447 
v 0.0010328160133212805 4.333797931671143 0.7035797238349915 
v -0.007645243778824806 4.333792209625244 0.7035797238349915 
v 0.00103727204259485 4.324650764465332 0.7081287503242493 
v -0.0076407878659665585 4.324650764465332 0.7081287503242493 
v 0.001039499999023974 4.318338394165039 0.6981120705604553 
v -0.007638560142368078 4.318338394165039 0.6981120705604553 
v 0.0010350439697504044 4.3275017738342285 0.692432165145874 
v -0.007643016055226326 4.327496528625488 0.692432165145874 
v 0.0010439560282975435 4.305281639099121 0.7177491188049316 
v -0.0076341042295098305 4.305281639099121 0.7177491188049316 
v 0.0010461839847266674 4.294795989990234 0.7226059436798096 
v -0.007631876040250063 4.294790744781494 0.7226059436798096 
v 0.0010528679704293609 4.2746148109436035 0.7087630033493042 
v -0.007625191938132048 4.274609088897705 0.7087630033493042 
v 0.0010484120575711131 4.291485786437988 0.7074362635612488 
v -0.007629647850990295 4.29148006439209 0.7074362635612488 
v 0.0010461839847266674 4.294795989990234 0.7226059436798096 
v -0.007631876040250063 4.294790744781494 0.7226059436798096 
v 0.001050640014000237 4.283520698547363 0.7261033654212952 
v -0.007627420127391815 4.283515453338623 0.7261033654212952 
v 0.0010617800289765 4.246283531188965 0.7062891125679016 
v -0.007616280112415552 4.246278285980225 0.7062891125679016 
v 0.0010528679704293609 4.2746148109436035 0.7087630033493042 
v -0.007625191938132048 4.274609088897705 0.7087630033493042 
v 0.00103727204259485 4.324650764465332 0.7081287503242493 
v -0.0076407878659665585 4.324650764465332 0.7081287503242493 
v 0.001039499999023974 4.314960956573486 0.7133166790008545 
v -0.007638560142368078 4.314960956573486 0.7133166790008545 
v 0.001039499999023974 4.314960956573486 0.7133166790008545 
v -0.007638560142368078 4.314960956573486 0.7133166790008545 
v 0.0010439560282975435 4.305281639099121 0.7177491188049316 
v -0.0076341042295098305 4.305281639099121 0.7177491188049316 
v 0.0010439560282975435 4.305169582366943 0.703913152217865 
v -0.0076341042295098305 4.305164337158203 0.703913152217865 
v 0.001039499999023974 4.318338394165039 0.6981120705604553 
v -0.007638560142368078 4.318338394165039 0.6981120705604553 
v 0.0010484120575711131 4.291485786437988 0.7074362635612488 
v -0.007629647850990295 4.29148006439209 0.7074362635612488 
v 0.0010439560282975435 4.305169582366943 0.703913152217865 
v -0.0076341042295098305 4.305164337158203 0.703913152217865 
v -0.007643016055226326 4.327496528625488 0.692432165145874 
v -0.007643016055226326 4.3306498527526855 0.6979231834411621 
v -0.007643016055226326 4.330201625823975 0.689757764339447 
v -0.007645243778824806 4.333954811096191 0.6888274550437927 
v -0.007645243778824806 4.337690830230713 0.6898416876792908 
v -0.007645243778824806 4.340334415435791 0.6925720572471619 
v -0.007645243778824806 4.341364860534668 0.6962047815322876 
v -0.007645243778824806 4.340256214141846 0.6998701095581055 
v -0.007645243778824806 4.337550640106201 0.7026494145393372 
v -0.007645243778824806 4.333792209625244 0.7035797238349915 
v -0.0076407878659665585 4.324650764465332 0.7081287503242493 
v -0.007638560142368078 4.318338394165039 0.6981120705604553 
v -0.007638560142368078 4.314960956573486 0.7133166790008545 
v -0.0076341042295098305 4.305164337158203 0.703913152217865 
v -0.0076341042295098305 4.305281639099121 0.7177491188049316 
v -0.007629647850990295 4.29148006439209 0.7074362635612488 
v -0.007631876040250063 4.294790744781494 0.7226059436798096 
v -0.007625191938132048 4.274609088897705 0.7087630033493042 
v -0.007627420127391815 4.283515453338623 0.7261033654212952 
v -0.007616280112415552 4.246278285980225 0.7062891125679016 
v -0.0001279720017919317 4.332879066467285 0.6897881031036377 
v -0.00013020000187680125 4.3367719650268555 0.700802743434906 
v -0.0001881280040834099 4.514500141143799 0.6719300746917725 
v -0.00019035600416827947 4.522145748138428 0.6821216344833374 
v -0.00019704000442288816 4.540153980255127 0.6743736267089844 
v -0.00019258400425314903 4.532244682312012 0.6641260385513306 
v -0.00020595200476236641 4.570350170135498 0.6496139168739319 
v -0.001219692057929933 4.569045066833496 0.627078652381897 
v -0.006479999981820583 4.332873821258545 0.6897881031036377 
v -0.006482228171080351 4.336766242980957 0.700802743434906 
v -0.006540155969560146 4.514500141143799 0.6719300746917725 
v -0.006542384158819914 4.522145748138428 0.6821216344833374 
v -0.006549067795276642 4.540153980255127 0.6743736267089844 
v -0.006544611882418394 4.532244682312012 0.6641260385513306 
v -0.006557980086654425 4.5703444480896 0.6496139168739319 
v -0.007567264139652252 4.5690507888793945 0.6268174648284912 
v -0.006542384158819914 4.522145748138428 0.6821216344833374 
v -0.00019035600416827947 4.522145748138428 0.6821216344833374 
v -0.006482228171080351 4.336766242980957 0.700802743434906 
v -0.00013020000187680125 4.3367719650268555 0.700802743434906 
v -0.006549067795276642 4.540153980255127 0.6743736267089844 
v -0.00019704000442288816 4.540153980255127 0.6743736267089844 
v -0.006542384158819914 4.522145748138428 0.6821216344833374 
v -0.00019035600416827947 4.522145748138428 0.6821216344833374 
v -0.006557980086654425 4.5703444480896 0.6496139168739319 
v -0.00020595200476236641 4.570350170135498 0.6496139168739319 
v -0.006549067795276642 4.540153980255127 0.6743736267089844 
v -0.00019704000442288816 4.540153980255127 0.6743736267089844 
v -0.006540155969560146 4.514500141143799 0.6719300746917725 
v -0.0001881280040834099 4.514500141143799 0.6719300746917725 
v -0.006544611882418394 4.532244682312012 0.6641260385513306 
v -0.00019258400425314903 4.532244682312012 0.6641260385513306 
v -0.006544611882418394 4.532244682312012 0.6641260385513306 
v -0.00019258400425314903 4.532244682312012 0.6641260385513306 
v -0.007567264139652252 4.5690507888793945 0.6268174648284912 
v -0.001219692057929933 4.569045066833496 0.627078652381897 
v -0.006540155969560146 4.514500141143799 0.6719300746917725 
v -0.006479999981820583 4.332873821258545 0.6897881031036377 
v -0.0001881280040834099 4.514500141143799 0.6719300746917725 
v -0.0001279720017919317 4.332879066467285 0.6897881031036377 
v 1.4288221597671509 -3.526215076446533 -0.49641045928001404 
v 1.4398239850997925 -3.5232744216918945 -0.49819880723953247 
v 1.4306936264038086 -3.506218671798706 -0.5006144046783447 
v 1.440176010131836 -3.5044262409210205 -0.5019014477729797 
v 1.45619535446167 -3.519711971282959 -0.5005607604980469 
v 1.4559212923049927 -3.5010037422180176 -0.5032444596290588 
v 1.4561975002288818 -3.5278618335723877 -0.4961399734020233 
v 1.4401849508285522 -3.53108811378479 -0.49422571063041687 
v 1.4288221597671509 -3.526215076446533 -0.49641045928001404 
v 1.4285569190979004 -3.5343146324157715 -0.49231141805648804 
v 1.4285569190979004 -3.5343146324157715 -0.49231141805648804 
v 1.4401849508285522 -3.53108811378479 -0.49422571063041687 
v 1.4292699098587036 -3.5317492485046387 -0.4872797429561615 
v 1.4401849508285522 -3.528853416442871 -0.4887463450431824 
v 1.4563758373260498 -3.5256829261779785 -0.4901803135871887 
v 1.4561975002288818 -3.5278618335723877 -0.4961399734020233 
v 1.4292699098587036 -3.5317492485046387 -0.4872797429561615 
v 1.4401849508285522 -3.528853416442871 -0.4887463450431824 
v 1.430787205696106 -3.5208771228790283 -0.4838126003742218 
v 1.4401804208755493 -3.518507719039917 -0.48535147309303284 
v 1.4563758373260498 -3.5256829261779785 -0.4901803135871887 
v 1.4561930894851685 -3.5158302783966064 -0.48717716336250305 
v 1.4399977922439575 -3.50655460357666 -0.48392218351364136 
v 1.456190824508667 -3.5043869018554688 -0.48597636818885803 
v 1.456545114517212 -3.496567726135254 -0.4859157204627991 
v 1.456364631652832 -3.493335723876953 -0.4858667552471161 
v 1.4552016258239746 -3.4906694889068604 -0.48561960458755493 
v 1.453410267829895 -3.48854660987854 -0.485337495803833 
v 1.4507255554199219 -3.4872639179229736 -0.4848385155200958 
v 1.4412431716918945 -3.485034704208374 -0.48339757323265076 
v 1.4324827194213867 -3.5080838203430176 -0.48259779810905457 
v 1.436321496963501 -3.4840879440307617 -0.48239728808403015 
v 1.4130367040634155 -3.68293833732605 -0.5213403701782227 
v 1.4381752014160156 -3.675746440887451 -0.5225644707679749 
v 1.4137474298477173 -3.6649527549743652 -0.5205779075622559 
v 1.4388859272003174 -3.6599507331848145 -0.5216038227081299 
v 1.442016363143921 -3.6599507331848145 -0.5216038227081299 
v 1.4446097612380981 -3.6607460975646973 -0.5217087268829346 
v 1.4459532499313354 -3.6626226902008057 -0.5217973589897156 
v 1.4464901685714722 -3.6650311946868896 -0.5219535827636719 
v 1.4463140964508057 -3.6741554737091064 -0.5223522782325745 
v 1.4463186264038086 -3.6864895820617676 -0.5229608416557312 
v 1.438177466392517 -3.687817096710205 -0.5231380462646484 
v 1.4122369289398193 -3.6947121620178223 -0.5220934748649597 
v 1.4381818771362305 -3.6973392963409424 -0.5245696902275085 
v 1.4116129875183105 -3.7041280269622803 -0.5243294835090637 
v 1.4381818771362305 -3.701920986175537 -0.5306878685951233 
v 1.4109891653060913 -3.70989727973938 -0.5296246409416199 
v 1.4465012550354004 -3.7005207538604736 -0.531046986579895 
v 1.4464991092681885 -3.6962356567382812 -0.5247515439987183 
v 1.4109891653060913 -3.70989727973938 -0.5296246409416199 
v 1.4101804494857788 -3.7031028270721436 -0.5380955338478088 
v 1.4381818771362305 -3.701920986175537 -0.5306878685951233 
v 1.4380015134811401 -3.6960508823394775 -0.5383006930351257 
v 1.4465012550354004 -3.7005207538604736 -0.531046986579895 
v 1.4101804494857788 -3.7031028270721436 -0.5380955338478088 
v 1.4380015134811401 -3.6960508823394775 -0.5383006930351257 
v 1.4104478359222412 -3.6944713592529297 -0.5380885004997253 
v 1.4379992485046387 -3.686568021774292 -0.538564145565033 
v 1.41133451461792 -3.672592878341675 -0.5381724238395691 
v 1.4379925727844238 -3.666577100753784 -0.5407512187957764 
v 1.4463186264038086 -3.6849100589752197 -0.5388346314430237 
v 1.4461314678192139 -3.66518235206604 -0.5410566926002502 
v 1.4463207721710205 -3.694678544998169 -0.5384475588798523 
v 1.410810947418213 -3.7096340656280518 -0.5295897126197815 
v 1.4116129875183105 -3.7041056156158447 -0.5244904160499573 
v 1.4043675661087036 -3.7062957286834717 -0.5242921710014343 
v 1.4048131704330444 -3.696885585784912 -0.5220001935958862 
v 1.4122369289398193 -3.694667339324951 -0.5224152207374573 
v 1.4054348468780518 -3.6853861808776855 -0.5211771130561829 
v 1.4130367040634155 -3.6829159259796143 -0.5215012431144714 
v 1.4074801206588745 -3.6456844806671143 -0.5193724632263184 
v 1.414812445640564 -3.6437630653381348 -0.5196079611778259 
v 1.411131739616394 -3.59987735748291 -0.512773871421814 
v 1.4185577630996704 -3.5998716354370117 -0.512773871421814 
v 1.4175573587417603 -3.5552072525024414 -0.49760425090789795 
v 1.425072431564331 -3.555201530456543 -0.49760425090789795 
v 1.4217571020126343 -3.5331943035125732 -0.4865989089012146 
v 1.4292699098587036 -3.5314409732818604 -0.4875665307044983 
v 1.4231852293014526 -3.5223333835601807 -0.4830245077610016 
v 1.430787205696106 -3.5205466747283936 -0.4842602610588074 
v 1.4250589609146118 -3.5095624923706055 -0.4816511571407318 
v 1.4324827194213867 -3.5080389976501465 -0.4829195737838745 
v 1.4377363920211792 -3.4348418712615967 -0.4671623408794403 
v 1.4454318284988403 -3.4348361492156982 -0.4671623408794403 
v 1.4539940357208252 -3.355292558670044 -0.4403088688850403 
v 1.4615981578826904 -3.355292558670044 -0.4403088688850403 
v 1.403385043144226 -3.7118520736694336 -0.5291746258735657 
v 1.403385043144226 -3.7118520736694336 -0.5291746258735657 
v 1.410810947418213 -3.7096340656280518 -0.5295897126197815 
v 1.402756690979004 -3.7053377628326416 -0.5375218987464905 
v 1.4101804494857788 -3.7031476497650146 -0.5377737283706665 
v 1.4030218124389648 -3.696941614151001 -0.5377644300460815 
v 1.4104478359222412 -3.694488048553467 -0.5379276275634766 
v 1.4038194417953491 -3.674581289291382 -0.5374566316604614 
v 1.41133451461792 -3.6726152896881104 -0.5380115509033203 
v 1.4051541090011597 -3.649235486984253 -0.5352742075920105 
v 1.4130256175994873 -3.6470062732696533 -0.5357965230941772 
v 1.4114816188812256 -3.5797574520111084 -0.523993730545044 
v 1.4190880060195923 -3.577791452407837 -0.5245510339736938 
v 1.4213917255401611 -3.5118870735168457 -0.5107476711273193 
v 1.4289937019348145 -3.509568214416504 -0.5119647979736328 
v 1.4220155477523804 -3.50715970993042 -0.5097894072532654 
v 1.4297088384628296 -3.504840612411499 -0.510952889919281 
v 1.43533456325531 -3.4714066982269287 -0.5046411156654358 
v 1.4278194904327393 -3.4714066982269287 -0.5046411156654358 
v 1.4458707571029663 -3.4108290672302246 -0.4954195022583008 
v 1.4384448528289795 -3.410834789276123 -0.4954195022583008 
v 1.450413703918457 -3.348952054977417 -0.4858621060848236 
v 1.4578373432159424 -3.3489463329315186 -0.4858621060848236 
v 1.4578373432159424 -3.3489463329315186 -0.4858621060848236 
v 1.4458707571029663 -3.4108290672302246 -0.4954195022583008 
v 1.4615981578826904 -3.355292558670044 -0.4403088688850403 
v 1.4454318284988403 -3.4348361492156982 -0.4671623408794403 
v 1.4324827194213867 -3.5080389976501465 -0.4829195737838745 
v 1.43533456325531 -3.4714066982269287 -0.5046411156654358 
v 1.4297088384628296 -3.504840612411499 -0.510952889919281 
v 1.430787205696106 -3.5205466747283936 -0.4842602610588074 
v 1.4289937019348145 -3.509568214416504 -0.5119647979736328 
v 1.4292699098587036 -3.5314409732818604 -0.4875665307044983 
v 1.425072431564331 -3.555201530456543 -0.49760425090789795 
v 1.4190880060195923 -3.577791452407837 -0.5245510339736938 
v 1.4185577630996704 -3.5998716354370117 -0.512773871421814 
v 1.414812445640564 -3.6437630653381348 -0.5196079611778259 
v 1.4130256175994873 -3.6470062732696533 -0.5357965230941772 
v 1.4130367040634155 -3.6829159259796143 -0.5215012431144714 
v 1.41133451461792 -3.6726152896881104 -0.5380115509033203 
v 1.4104478359222412 -3.694488048553467 -0.5379276275634766 
v 1.4122369289398193 -3.694667339324951 -0.5224152207374573 
v 1.4116129875183105 -3.7041056156158447 -0.5244904160499573 
v 1.4101804494857788 -3.7031476497650146 -0.5377737283706665 
v 1.410810947418213 -3.7096340656280518 -0.5295897126197815 
v 1.4539940357208252 -3.355292558670044 -0.4403088688850403 
v 1.450413703918457 -3.348952054977417 -0.4858621060848236 
v 1.4377363920211792 -3.4348418712615967 -0.4671623408794403 
v 1.4384448528289795 -3.410834789276123 -0.4954195022583008 
v 1.4250589609146118 -3.5095624923706055 -0.4816511571407318 
v 1.4278194904327393 -3.4714066982269287 -0.5046411156654358 
v 1.4220155477523804 -3.50715970993042 -0.5097894072532654 
v 1.4213917255401611 -3.5118870735168457 -0.5107476711273193 
v 1.4231852293014526 -3.5223333835601807 -0.4830245077610016 
v 1.4217571020126343 -3.5331943035125732 -0.4865989089012146 
v 1.4114816188812256 -3.5797574520111084 -0.523993730545044 
v 1.4175573587417603 -3.5552072525024414 -0.49760425090789795 
v 1.411131739616394 -3.59987735748291 -0.512773871421814 
v 1.4074801206588745 -3.6456844806671143 -0.5193724632263184 
v 1.4051541090011597 -3.649235486984253 -0.5352742075920105 
v 1.4038194417953491 -3.674581289291382 -0.5374566316604614 
v 1.4054348468780518 -3.6853861808776855 -0.5211771130561829 
v 1.4030218124389648 -3.696941614151001 -0.5377644300460815 
v 1.4048131704330444 -3.696885585784912 -0.5220001935958862 
v 1.4043675661087036 -3.7062957286834717 -0.5242921710014343 
v 1.402756690979004 -3.7053377628326416 -0.5375218987464905 
v 1.403385043144226 -3.7118520736694336 -0.5291746258735657 
v 1.4615981578826904 -3.355292558670044 -0.4403088688850403 
v 1.4539940357208252 -3.355292558670044 -0.4403088688850403 
v 1.4578373432159424 -3.3489463329315186 -0.4858621060848236 
v 1.450413703918457 -3.348952054977417 -0.4858621060848236 
v 0.6418390274047852 -4.346743583679199 -0.5039463043212891 
v 0.6472374796867371 -4.348194599151611 -0.5051867365837097 
v 0.5967621207237244 -4.3713274002075195 -0.5008732080459595 
v 0.5919830799102783 -4.377617835998535 -0.5005561113357544 
v 0.6194832921028137 -4.37299108505249 -0.5032654404640198 
v 0.5928274989128113 -4.388024806976318 -0.5009034872055054 
v 0.6199132800102234 -4.392836570739746 -0.5048766136169434 
v 0.5943759679794312 -4.407242774963379 -0.5023235082626343 
v 0.6195300817489624 -4.403994083404541 -0.5136296153068542 
v 0.5950888991355896 -4.417498588562012 -0.5107803344726562 
v 0.6479237079620361 -4.356736183166504 -0.5058838725090027 
v 0.6494743824005127 -4.3759541511535645 -0.5071406364440918 
v 0.6223284602165222 -4.391564846038818 -0.5045478940010071 
v 0.6235026121139526 -4.400980472564697 -0.5135643482208252 
v 0.6501316428184509 -4.3856892585754395 -0.5164695382118225 
v 0.5950888991355896 -4.417498588562012 -0.5107803344726562 
v 0.6195300817489624 -4.403994083404541 -0.5136296153068542 
v 0.5947346687316895 -4.41497802734375 -0.5209183096885681 
v 0.6181999444961548 -4.401546478271484 -0.5232685804367065 
v 0.5947346687316895 -4.41497802734375 -0.5209183096885681 
v 0.6181999444961548 -4.401546478271484 -0.5232685804367065 
v 0.5938857793807983 -4.405735969543457 -0.5273653268814087 
v 0.6489329934120178 -4.373920917510986 -0.5325672030448914 
v 0.6242801547050476 -4.398107051849365 -0.5241033434867859 
v 0.6498242020606995 -4.383695125579834 -0.5262764096260071 
v 0.6498242020606995 -4.383695125579834 -0.5262764096260071 
v 0.6501316428184509 -4.3856892585754395 -0.5164695382118225 
v 0.6242801547050476 -4.398107051849365 -0.5241033434867859 
v 0.6235026121139526 -4.400980472564697 -0.5135643482208252 
v 0.6283106207847595 -4.454618453979492 -0.5393965840339661 
v 0.6348876953125 -4.449526786804199 -0.5399374961853027 
v 0.6207733154296875 -4.454702377319336 -0.5394548773765564 
v 0.6248594522476196 -4.4412312507629395 -0.5408934950828552 
v 0.6005341410636902 -4.450999736785889 -0.5401006937026978 
v 0.6512188911437988 -4.425671100616455 -0.5422854423522949 
v 0.6524041891098022 -4.418338775634766 -0.5430548787117004 
v 0.6489218473434448 -4.376542568206787 -0.5479350090026855 
v 0.625764012336731 -4.417571544647217 -0.5435725450515747 
v 0.5936406850814819 -4.405999183654785 -0.5454658269882202 
v 0.618890643119812 -4.421352386474609 -0.5435864925384521 
v 0.5969893932342529 -4.446194171905518 -0.5407698750495911 
v 0.30398064851760864 -4.5437397956848145 -0.5327746868133545 
v 0.31086963415145874 -4.539191722869873 -0.5324529409408569 
v 0.2966460883617401 -4.54320764541626 -0.5329379439353943 
v 0.30156105756759644 -4.530095100402832 -0.5321311950683594 
v 0.2766052186489105 -4.5378642082214355 -0.5331011414527893 
v 0.2733813226222992 -4.532515048980713 -0.5327793955802917 
v 0.3292907476425171 -4.5167083740234375 -0.530783474445343 
v 0.8477619290351868 -3.935476779937744 -0.47597596049308777 
v 0.8523694276809692 -3.936434507369995 -0.47741225361824036 
v 0.8105899691581726 -3.956251859664917 -0.4736466407775879 
v 0.8067712187767029 -3.9617745876312256 -0.47396141290664673 
v 0.8294566869735718 -3.9573888778686523 -0.4772886633872986 
v 0.80753093957901 -3.9700982570648193 -0.4754909574985504 
v 0.8298020362854004 -3.972865104675293 -0.48312708735466003 
v 0.8087496757507324 -3.9854512214660645 -0.48164650797843933 
v 0.8529865741729736 -3.9434025287628174 -0.47903040051460266 
v 0.8541629910469055 -3.958139419555664 -0.48478254675865173 
v 0.8318116664886475 -3.9719858169555664 -0.4832390248775482 
v 0.8298020362854004 -3.972865104675293 -0.48312708735466003 
v 0.8087496757507324 -3.9854512214660645 -0.48164650797843933 
v 0.829022228717804 -3.9787745475769043 -0.4919033944606781 
v 0.8088365197181702 -3.9908676147460938 -0.4901430010795593 
v 0.8082327842712402 -3.9884421825408936 -0.49681147933006287 
v 0.8275963068008423 -3.9769318103790283 -0.4981825053691864 
v 0.8082327842712402 -3.9884421825408936 -0.49681147933006287 
v 0.8275963068008423 -3.9769318103790283 -0.4981825053691864 
v 0.8071789145469666 -3.9799115657806396 -0.5003882050514221 
v 0.8525477051734924 -3.9521517753601074 -0.5035126209259033 
v 0.832584798336029 -3.9738733768463135 -0.4989449381828308 
v 0.8535858988761902 -3.9606432914733887 -0.5002017021179199 
v 0.8535858988761902 -3.9606432914733887 -0.5002017021179199 
v 0.8542320728302002 -3.9635109901428223 -0.4935914874076843 
v 0.832584798336029 -3.9738733768463135 -0.4989449381828308 
v 0.8322728872299194 -3.976668357849121 -0.49184975028038025 
v 0.8541629910469055 -3.958139419555664 -0.48478254675865173 
v 0.8318116664886475 -3.9719858169555664 -0.4832390248775482 
v 0.8333289623260498 -4.012998104095459 -0.5138161182403564 
v 0.8281911611557007 -3.9964799880981445 -0.5139980316162109 
v 0.8333467841148376 -4.009984970092773 -0.500847578048706 
v 0.8287726640701294 -3.996121644973755 -0.5095235705375671 
v 0.8288038969039917 -3.9936459064483643 -0.5043286681175232 
v 0.8332821726799011 -4.004803657531738 -0.4923347532749176 
v 0.832916796207428 -3.996866464614868 -0.48427191376686096 
v 0.8283604979515076 -3.986834764480591 -0.49977734684944153 
v 0.829022228717804 -3.9787745475769043 -0.4919033944606781 
v 0.8275963068008423 -3.9769318103790283 -0.4981825053691864 
v 0.8322907090187073 -3.9877140522003174 -0.47872495651245117 
v 0.8315688371658325 -3.976478099822998 -0.47527411580085754 
v 0.8298020362854004 -3.972865104675293 -0.48312708735466003 
v 0.8294566869735718 -3.9573888778686523 -0.4772886633872986 
v 0.8333289623260498 -4.012998104095459 -0.5138161182403564 
v 0.8338881731033325 -3.9934329986572266 -0.5141705274581909 
v 0.8333467841148376 -4.009984970092773 -0.500847578048706 
v 0.8338257670402527 -3.99336576461792 -0.509642481803894 
v 0.8338859677314758 -3.9911365509033203 -0.5043449997901917 
v 0.8332821726799011 -4.004803657531738 -0.4923347532749176 
v 0.832916796207428 -3.996866464614868 -0.48427191376686096 
v 0.8334225416183472 -3.984095811843872 -0.4997633397579193 
v 0.8322728872299194 -3.976668357849121 -0.49184975028038025 
v 0.832584798336029 -3.9738733768463135 -0.4989449381828308 
v 0.8322907090187073 -3.9877140522003174 -0.47872495651245117 
v 0.8315688371658325 -3.976478099822998 -0.47527411580085754 
v 0.8318116664886475 -3.9719858169555664 -0.4832390248775482 
v 0.8294566869735718 -3.9573888778686523 -0.4772886633872986 
v 0.8281911611557007 -3.9964799880981445 -0.5139980316162109 
v 0.8338881731033325 -3.9934329986572266 -0.5141705274581909 
v 0.8287726640701294 -3.996121644973755 -0.5095235705375671 
v 0.8338257670402527 -3.99336576461792 -0.509642481803894 
v 0.8288038969039917 -3.9936459064483643 -0.5043286681175232 
v 0.8338859677314758 -3.9911365509033203 -0.5043449997901917 
v 0.8288038969039917 -3.9936459064483643 -0.5043286681175232 
v 0.8338859677314758 -3.9911365509033203 -0.5043449997901917 
v 0.8283604979515076 -3.986834764480591 -0.49977734684944153 
v 0.8334225416183472 -3.984095811843872 -0.4997633397579193 
v 0.8275963068008423 -3.9769318103790283 -0.4981825053691864 
v 0.832584798336029 -3.9738733768463135 -0.4989449381828308 
v 0.8365617990493774 -4.024223327636719 -0.5139234066009521 
v 0.8303077816963196 -4.024631977081299 -0.5135573148727417 
v 0.8419891595840454 -4.020055770874023 -0.5142055153846741 
v 0.8333289623260498 -4.012998104095459 -0.5138161182403564 
v 0.8552368879318237 -3.9997119903564453 -0.5148537158966064 
v 0.8561080098152161 -3.9935057163238525 -0.5149376392364502 
v 0.8525409698486328 -3.958285093307495 -0.5151055455207825 
v 0.8338881731033325 -3.9934329986572266 -0.5141705274581909 
v 0.8068937063217163 -3.9838829040527344 -0.5130980014801025 
v 0.8281911611557007 -3.9964799880981445 -0.5139980316162109 
v 0.8103270530700684 -4.017770290374756 -0.5128881335258484 
v 0.8133638501167297 -4.021780967712402 -0.5129231214523315 
v 1.1520354747772217 -4.036103248596191 -0.5228512287139893 
v 1.1575474739074707 -4.037649154663086 -0.5237815976142883 
v 1.105196237564087 -4.057690620422363 -0.5216201543807983 
v 1.0998823642730713 -4.063628196716309 -0.5216014981269836 
v 1.127841591835022 -4.0606818199157715 -0.523044764995575 
v 1.1000027656555176 -4.073794364929199 -0.5221354365348816 
v 1.1270729303359985 -4.078617095947266 -0.5289111733436584 
v 1.1003859043121338 -4.090917110443115 -0.5279015898704529 
v 1.126288652420044 -4.087724685668945 -0.5367245078086853 
v 1.100771427154541 -4.099475860595703 -0.5359970331192017 
v 1.1576589345932007 -4.046482563018799 -0.5244787335395813 
v 1.1580309867858887 -4.064406394958496 -0.5297598838806152 
v 1.129570484161377 -4.078056812286377 -0.528817892074585 
v 1.130448341369629 -4.086615562438965 -0.5357592105865479 
v 1.158389687538147 -4.0732340812683105 -0.5370462536811829 
v 1.100771427154541 -4.099475860595703 -0.5359970331192017 
v 1.126288652420044 -4.087724685668945 -0.5367245078086853 
v 1.101076602935791 -4.0965352058410645 -0.5449644923210144 
v 1.1255935430526733 -4.085596084594727 -0.5450810790061951 
v 1.101076602935791 -4.0965352058410645 -0.5449644923210144 
v 1.1255935430526733 -4.085596084594727 -0.5450810790061951 
v 1.1011857986450195 -4.0871758460998535 -0.5503156185150146 
v 1.158784031867981 -4.061202526092529 -0.5508239269256592 
v 1.1320079565048218 -4.083126068115234 -0.544840931892395 
v 1.158677101135254 -4.070562362670898 -0.5454728007316589 
v 1.158677101135254 -4.070562362670898 -0.5454728007316589 
v 1.158389687538147 -4.0732340812683105 -0.5370462536811829 
v 1.1320079565048218 -4.083126068115234 -0.544840931892395 
v 1.130448341369629 -4.086615562438965 -0.5357592105865479 
v 1.132585048675537 -4.150811672210693 -0.5545918345451355 
v 1.139442801475525 -4.146196365356445 -0.5548250079154968 
v 1.125257134437561 -4.150346755981445 -0.5550279021263123 
v 1.130200982093811 -4.137195110321045 -0.5566856861114502 
v 1.1052229404449463 -4.145462512969971 -0.556911826133728 
v 1.1577435731887817 -4.123544692993164 -0.5569584965705872 
v 1.1594078540802002 -4.116307735443115 -0.557872474193573 
v 1.1594101190567017 -4.074578285217285 -0.5640466809272766 
v 1.1328657865524292 -4.1136250495910645 -0.5598917007446289 
v 1.1018073558807373 -4.099750518798828 -0.5637015700340271 
v 1.1257473230361938 -4.116907119750977 -0.5601551532745361 
v 1.1019856929779053 -4.140141010284424 -0.5579004287719727 
v 1.424960970878601 -3.759188413619995 -0.5546244978904724 
v 1.4242435693740845 -3.7536375522613525 -0.5416185855865479 
v 1.4212870597839355 -3.7386653423309326 -0.5547247529029846 
v 1.4219130277633667 -3.7370970249176025 -0.5503156185150146 
v 1.4220890998840332 -3.7309858798980713 -0.5414857268333435 
v 1.4253129959106445 -3.7410011291503906 -0.5250476598739624 
v 1.4253063201904297 -3.72269606590271 -0.5125756859779358 
v 1.4220846891403198 -3.7184951305389404 -0.5278806090354919 
v 1.4237779378890991 -3.698308229446411 -0.5213729739189148 
v 1.4252996444702148 -3.7021169662475586 -0.5090152621269226 
v 1.4255647659301758 -3.6878507137298584 -0.5127832293510437 
v 1.4251168966293335 -3.6871728897094727 -0.5219069123268127 
v 1.4262754917144775 -3.677499532699585 -0.5215968489646912 
v 1.424960970878601 -3.759188413619995 -0.5546244978904724 
v 1.4284411668777466 -3.7357022762298584 -0.5546571612358093 
v 1.4242435693740845 -3.7536375522613525 -0.5416185855865479 
v 1.4282628297805786 -3.734794855117798 -0.5513718724250793 
v 1.4284411668777466 -3.7282021045684814 -0.5420966148376465 
v 1.4253129959106445 -3.7410011291503906 -0.5250476598739624 
v 1.4253063201904297 -3.72269606590271 -0.5125756859779358 
v 1.4284366369247437 -3.715991497039795 -0.5284215211868286 
v 1.4275343418121338 -3.6969192028045654 -0.5216784477233887 
v 1.4252996444702148 -3.7021169662475586 -0.5090152621269226 
v 1.4255647659301758 -3.6878507137298584 -0.5127832293510437 
v 1.4269059896469116 -3.6866016387939453 -0.5221564173698425 
v 1.4262754917144775 -3.677499532699585 -0.5215968489646912 
v 1.4212870597839355 -3.7386653423309326 -0.5547247529029846 
v 1.4284411668777466 -3.7357022762298584 -0.5546571612358093 
v 1.4219130277633667 -3.7370970249176025 -0.5503156185150146 
v 1.4282628297805786 -3.734794855117798 -0.5513718724250793 
v 1.4219130277633667 -3.7370970249176025 -0.5503156185150146 
v 1.4282628297805786 -3.734794855117798 -0.5513718724250793 
v 1.4220890998840332 -3.7309858798980713 -0.5414857268333435 
v 1.4284411668777466 -3.7282021045684814 -0.5420966148376465 
v 1.4220846891403198 -3.7184951305389404 -0.5278806090354919 
v 1.4284366369247437 -3.715991497039795 -0.5284215211868286 
v 1.4237779378890991 -3.698308229446411 -0.5213729739189148 
v 1.4275343418121338 -3.6969192028045654 -0.5216784477233887 
v 1.4201351404190063 -3.7745468616485596 -0.5548203587532043 
v 1.4131569862365723 -3.7721831798553467 -0.5543400645256042 
v 1.428095817565918 -3.772071123123169 -0.5551444292068481 
v 1.424960970878601 -3.759188413619995 -0.5546244978904724 
v 1.4534971714019775 -3.7530269622802734 -0.5562589764595032 
v 1.4571622610092163 -3.746523857116699 -0.5564268827438354 
v 1.4682443141937256 -3.705007314682007 -0.556072473526001 
v 1.4284411668777466 -3.7357022762298584 -0.5546571612358093 
v 1.404550313949585 -3.7203099727630615 -0.5507493019104004 
v 1.4212870597839355 -3.7386653423309326 -0.5547247529029846 
v 1.3939182758331299 -3.759843587875366 -0.5518218874931335 
v 1.3955312967300415 -3.765472888946533 -0.5520806908607483 
v 1.4099397659301758 -3.513024091720581 -0.49012434482574463 
v 1.4119093418121338 -3.5188326835632324 -0.4728538990020752 
v 1.406628966331482 -3.5099937915802 -0.48857614398002625 
v 1.40859854221344 -3.5155446529388428 -0.47121474146842957 
v 1.403409481048584 -3.5135562419891357 -0.4881797432899475 
v 1.405379056930542 -3.519101619720459 -0.4708719849586487 
v 1.4119093418121338 -3.5188326835632324 -0.4728538990020752 
v 1.4099397659301758 -3.513024091720581 -0.49012434482574463 
v 1.4087812900543213 -3.5224175453186035 -0.47229430079460144 
v 1.4068094491958618 -3.5166032314300537 -0.48962071537971497 
v 1.405379056930542 -3.519101619720459 -0.4708719849586487 
v 1.403409481048584 -3.5135562419891357 -0.4881797432899475 
v 1.4248651266098022 -3.4645955562591553 -0.47881820797920227 
v 1.4175440073013306 -3.5111083984375 -0.48016589879989624 
v 1.408226490020752 -3.472818374633789 -0.4738611578941345 
v 1.4081506729125977 -3.5132312774658203 -0.47843116521835327 
v 1.3864901065826416 -3.4837968349456787 -0.46850770711898804 
v 1.3807663917541504 -3.486849546432495 -0.4678804874420166 
v 1.3770990371704102 -3.490938425064087 -0.4676053524017334 
v 1.37423837184906 -3.4965732097625732 -0.4678665101528168 
v 1.3730775117874146 -3.5029587745666504 -0.4685543477535248 
v 1.3727277517318726 -3.522451162338257 -0.4721357524394989 
v 1.408424735069275 -3.525649309158325 -0.4804690182209015 
v 1.3730887174606323 -3.5356252193450928 -0.47454431653022766 
v 1.4081573486328125 -3.536963939666748 -0.48464733362197876 
v 1.3729149103164673 -3.547074317932129 -0.47977885603904724 
v 1.4142420291900635 -3.5352442264556885 -0.4854004383087158 
v 1.41566801071167 -3.5241482257843018 -0.4815765619277954 
v 1.3730931282043457 -3.548989772796631 -0.4835794270038605 
v 1.408159613609314 -3.539400577545166 -0.48862743377685547 
v 1.3729149103164673 -3.547074317932129 -0.47977885603904724 
v 1.4081573486328125 -3.536963939666748 -0.48464733362197876 
v 1.4134377241134644 -3.5379273891448975 -0.48957639932632446 
v 1.4142420291900635 -3.5352442264556885 -0.4854004383087158 
v 1.3965740203857422 -3.6767489910125732 -0.5374169945716858 
v 1.3313627243041992 -3.6982243061065674 -0.5343905091285706 
v 1.3956873416900635 -3.699086904525757 -0.5378879904747009 
v 1.331369400024414 -3.7211334705352783 -0.5346073508262634 
v 1.3951525688171387 -3.707488775253296 -0.5376431941986084 
v 1.3313738107681274 -3.7276923656463623 -0.5340104699134827 
v 1.3959591388702393 -3.7145910263061523 -0.528885543346405 
v 1.3315542936325073 -3.735349416732788 -0.5251642465591431 
v 1.3315542936325073 -3.735349416732788 -0.5251642465591431 
v 1.3313738107681274 -3.7295968532562256 -0.5197082161903381 
v 1.3959591388702393 -3.7145910263061523 -0.528885543346405 
v 1.3968524932861328 -3.708536148071289 -0.5237185955047607 
v 1.3313716650009155 -3.7218446731567383 -0.5171480774879456 
v 1.397565484046936 -3.6991372108459473 -0.5213193297386169 
v 1.3333344459533691 -3.7111518383026123 -0.516376256942749 
v 1.3980110883712769 -3.687934637069702 -0.5203167796134949 
v 1.335658311843872 -3.7036125659942627 -0.5162433981895447 
v 1.3490709066390991 -3.6804962158203125 -0.5155065655708313 
v 1.3517533540725708 -3.67726993560791 -0.5154016613960266 
v 1.3547054529190063 -3.6742899417877197 -0.5154972672462463 
v 1.358551025390625 -3.6718366146087646 -0.5156604647636414 
v 1.362666130065918 -3.6696465015411377 -0.5158586502075195 
v 1.3989825248718262 -3.6528260707855225 -0.5184701085090637 
v 1.4440616369247437 -3.352693557739258 -0.4699486494064331 
v 1.4281402826309204 -3.3572700023651123 -0.46199777722358704 
v 1.4430791139602661 -3.358110189437866 -0.4697994291782379 
v 1.4272469282150269 -3.36238956451416 -0.4620280861854553 
v 1.425907850265503 -3.3692846298217773 -0.46294674277305603 
v 1.4263557195663452 -3.3713626861572266 -0.4635506570339203 
v 1.4272491931915283 -3.372606039047241 -0.46437138319015503 
v 1.4291296005249023 -3.3732614517211914 -0.465495228767395 
v 1.4312751293182373 -3.3728694915771484 -0.4664232134819031 
v 1.4408488273620605 -3.370354413986206 -0.47110515832901 
v 1.4511311054229736 -3.351304531097412 -0.4742901921272278 
v 1.4437052011489868 -3.352301597595215 -0.4708789885044098 
v 1.4500571489334106 -3.3570961952209473 -0.47538837790489197 
v 1.4427225589752197 -3.3583340644836426 -0.4721730351448059 
v 1.4399665594100952 -3.412039041519165 -0.4883849322795868 
v 1.4320058822631836 -3.4129016399383545 -0.48599034547805786 
v 1.428356409072876 -3.472151756286621 -0.4990708529949188 
v 1.4210196733474731 -3.472325325012207 -0.49778610467910767 
v 1.4220155477523804 -3.50715970993042 -0.5097894072532654 
v 1.4144114255905151 -3.5097475051879883 -0.5086095929145813 
v 1.4114816188812256 -3.5797574520111084 -0.523993730545044 
v 1.4037904739379883 -3.5819923877716064 -0.5234201550483704 
v 1.4051541090011597 -3.649235486984253 -0.5352742075920105 
v 1.3975498676300049 -3.651470422744751 -0.5347006320953369 
v 1.4038194417953491 -3.674581289291382 -0.5374566316604614 
v 1.3965740203857422 -3.67681622505188 -0.5369343757629395 
v 1.4030218124389648 -3.696941614151001 -0.5377644300460815 
v 1.3956873416900635 -3.699159622192383 -0.5373517274856567 
v 1.402756690979004 -3.7053377628326416 -0.5375218987464905 
v 1.3950634002685547 -3.7072646617889404 -0.5372864007949829 
v 1.403385043144226 -3.7118520736694336 -0.5291746258735657 
v 1.3956917524337769 -3.714327812194824 -0.5288505554199219 
v 1.3956917524337769 -3.714327812194824 -0.5288505554199219 
v 1.3968524932861328 -3.7082223892211914 -0.5240030884742737 
v 1.403385043144226 -3.7118520736694336 -0.5291746258735657 
v 1.4043675661087036 -3.7062957286834717 -0.5242921710014343 
v 1.397565484046936 -3.699092388153076 -0.5216411352157593 
v 1.4048131704330444 -3.696885585784912 -0.5220001935958862 
v 1.3980110883712769 -3.687873125076294 -0.5207993984222412 
v 1.4054348468780518 -3.6853861808776855 -0.5211771130561829 
v 1.4003214836120605 -3.64762806892395 -0.5169591903686523 
v 1.4074801206588745 -3.64762806892395 -0.5169591903686523 
v 1.4041537046432495 -3.604184627532959 -0.5088217854499817 
v 1.4114904403686523 -3.6041791439056396 -0.5088217854499817 
v 1.4101336002349854 -3.5599794387817383 -0.49420469999313354 
v 1.4172030687332153 -3.559973955154419 -0.49420469999313354 
v 1.414063811302185 -3.535222053527832 -0.4855613112449646 
v 1.4217571020126343 -3.5331943035125732 -0.4865989089012146 
v 1.41566801071167 -3.5241034030914307 -0.48189830780029297 
v 1.4231852293014526 -3.5223333835601807 -0.4830245077610016 
v 1.4175440073013306 -3.5110692977905273 -0.4804876744747162 
v 1.4250589609146118 -3.5095624923706055 -0.4816511571407318 
v 1.42879319190979 -3.4376871585845947 -0.4782283306121826 
v 1.4364842176437378 -3.434964895248413 -0.4804270565509796 
v 1.4429008960723877 -3.3580596446990967 -0.4701748192310333 
v 1.4502376317977905 -3.3570737838745117 -0.47353240847587585 
v 1.4440616369247437 -3.352648973464966 -0.47027042508125305 
v 1.4510396718978882 -3.351679801940918 -0.4734671115875244 
v 1.4511311054229736 -3.351304531097412 -0.4742901921272278 
v 1.4437052011489868 -3.352301597595215 -0.4708789885044098 
v 1.4510396718978882 -3.351679801940918 -0.4734671115875244 
v 1.4440616369247437 -3.352648973464966 -0.47027042508125305 
v 1.4041537046432495 -3.604184627532959 -0.5088217854499817 
v 1.4101336002349854 -3.5599794387817383 -0.49420469999313354 
v 1.4037904739379883 -3.5819923877716064 -0.5234201550483704 
v 1.414063811302185 -3.535222053527832 -0.4855613112449646 
v 1.41566801071167 -3.5241034030914307 -0.48189830780029297 
v 1.4144114255905151 -3.5097475051879883 -0.5086095929145813 
v 1.4175440073013306 -3.5110692977905273 -0.4804876744747162 
v 1.4210196733474731 -3.472325325012207 -0.49778610467910767 
v 1.42879319190979 -3.4376871585845947 -0.4782283306121826 
v 1.4320058822631836 -3.4129016399383545 -0.48599034547805786 
v 1.4429008960723877 -3.3580596446990967 -0.4701748192310333 
v 1.4427225589752197 -3.3583340644836426 -0.4721730351448059 
v 1.4437052011489868 -3.352301597595215 -0.4708789885044098 
v 1.4440616369247437 -3.352648973464966 -0.47027042508125305 
v 1.4003214836120605 -3.64762806892395 -0.5169591903686523 
v 1.3975498676300049 -3.651470422744751 -0.5347006320953369 
v 1.3980110883712769 -3.687873125076294 -0.5207993984222412 
v 1.3965740203857422 -3.67681622505188 -0.5369343757629395 
v 1.3956873416900635 -3.699159622192383 -0.5373517274856567 
v 1.397565484046936 -3.699092388153076 -0.5216411352157593 
v 1.3968524932861328 -3.7082223892211914 -0.5240030884742737 
v 1.3950634002685547 -3.7072646617889404 -0.5372864007949829 
v 1.3956917524337769 -3.714327812194824 -0.5288505554199219 
v 1.4250589609146118 -3.5095624923706055 -0.4816511571407318 
v 1.4220155477523804 -3.50715970993042 -0.5097894072532654 
v 1.4231852293014526 -3.5223333835601807 -0.4830245077610016 
v 1.4217571020126343 -3.5331943035125732 -0.4865989089012146 
v 1.4114816188812256 -3.5797574520111084 -0.523993730545044 
v 1.4172030687332153 -3.559973955154419 -0.49420469999313354 
v 1.4114904403686523 -3.6041791439056396 -0.5088217854499817 
v 1.4074801206588745 -3.64762806892395 -0.5169591903686523 
v 1.4051541090011597 -3.649235486984253 -0.5352742075920105 
v 1.4038194417953491 -3.674581289291382 -0.5374566316604614 
v 1.4054348468780518 -3.6853861808776855 -0.5211771130561829 
v 1.4030218124389648 -3.696941614151001 -0.5377644300460815 
v 1.4048131704330444 -3.696885585784912 -0.5220001935958862 
v 1.4043675661087036 -3.7062957286834717 -0.5242921710014343 
v 1.402756690979004 -3.7053377628326416 -0.5375218987464905 
v 1.403385043144226 -3.7118520736694336 -0.5291746258735657 
v 1.428356409072876 -3.472151756286621 -0.4990708529949188 
v 1.4364842176437378 -3.434964895248413 -0.4804270565509796 
v 1.4399665594100952 -3.412039041519165 -0.4883849322795868 
v 1.4502376317977905 -3.3570737838745117 -0.47353240847587585 
v 1.4500571489334106 -3.3570961952209473 -0.47538837790489197 
v 1.4510396718978882 -3.351679801940918 -0.4734671115875244 
v 1.4511311054229736 -3.351304531097412 -0.4742901921272278 
v 1.052582025527954 -3.6484289169311523 -0.3755009174346924 
v 1.0094010829925537 -3.6809051036834717 -0.3694992661476135 
v 1.056697130203247 -3.6468775272369385 -0.37959063053131104 
v 1.0061861276626587 -3.6854588985443115 -0.3708353042602539 
v 1.0295934677124023 -3.6715173721313477 -0.3824189007282257 
v 1.0040583610534668 -3.6911497116088867 -0.3794017434120178 
v 1.0284260511398315 -3.6861143112182617 -0.4004354774951935 
v 1.003394365310669 -3.7071022987365723 -0.39978495240211487 
v 1.0293506383895874 -3.6931943893432617 -0.41237348318099976 
v 1.0031538009643555 -3.711594343185425 -0.41114237904548645 
v 1.002431869506836 -3.70691180229187 -0.4151434600353241 
v 1.0256321430206299 -3.690208911895752 -0.4176196753978729 
v 1.0576283931732178 -3.6535933017730713 -0.38656455278396606 
v 1.0574924945831299 -3.66361403465271 -0.4021562337875366 
v 1.0307987928390503 -3.6846635341644287 -0.40085282921791077 
v 1.0311397314071655 -3.691950798034668 -0.4138074219226837 
v 1.0573810338974 -3.6722288131713867 -0.41546523571014404 
v 1.0311397314071655 -3.691950798034668 -0.4138074219226837 
v 1.0573810338974 -3.6722288131713867 -0.41546523571014404 
v 1.0313513278961182 -3.6838009357452393 -0.4169667959213257 
v 1.0565723180770874 -3.6647398471832275 -0.41855230927467346 
v 1.0282210111618042 -3.724045991897583 -0.4601977467536926 
v 1.0243955850601196 -3.7071917057037354 -0.4486957788467407 
v 1.0301415920257568 -3.727266788482666 -0.44504907727241516 
v 1.025672197341919 -3.7094602584838867 -0.4441653788089752 
v 1.025890588760376 -3.708082437515259 -0.4344121515750885 
v 1.0308700799942017 -3.724958896636963 -0.4258013963699341 
v 1.0307921171188354 -3.7149999141693115 -0.41375845670700073 
v 1.026021957397461 -3.703892707824707 -0.4267084002494812 
v 1.0293506383895874 -3.6931943893432617 -0.41237348318099976 
v 1.0256321430206299 -3.690208911895752 -0.4176196753978729 
v 1.0282210111618042 -3.724045991897583 -0.4601977467536926 
v 1.0301415920257568 -3.727266788482666 -0.44504907727241516 
v 1.0309748649597168 -3.7032318115234375 -0.44900819659233093 
v 1.0314494371414185 -3.7057578563690186 -0.44467833638191223 
v 1.0319730043411255 -3.705080032348633 -0.4338245689868927 
v 1.0308700799942017 -3.724958896636963 -0.4258013963699341 
v 1.0307921171188354 -3.7149999141693115 -0.41375845670700073 
v 1.0320910215377808 -3.700644016265869 -0.42602288722991943 
v 1.0311397314071655 -3.691950798034668 -0.4138074219226837 
v 1.0313513278961182 -3.6838009357452393 -0.4169667959213257 
v 1.030152678489685 -3.699131488800049 -0.4029373228549957 
v 1.0300434827804565 -3.6862263679504395 -0.3947579264640808 
v 1.0307987928390503 -3.6846635341644287 -0.40085282921791077 
v 1.0295934677124023 -3.6715173721313477 -0.3824189007282257 
v 1.0243955850601196 -3.7071917057037354 -0.4486957788467407 
v 1.0309748649597168 -3.7032318115234375 -0.44900819659233093 
v 1.025672197341919 -3.7094602584838867 -0.4441653788089752 
v 1.0314494371414185 -3.7057578563690186 -0.44467833638191223 
v 1.025890588760376 -3.708082437515259 -0.4344121515750885 
v 1.0319730043411255 -3.705080032348633 -0.4338245689868927 
v 1.026021957397461 -3.703892707824707 -0.4267084002494812 
v 1.0320910215377808 -3.700644016265869 -0.42602288722991943 
v 1.026021957397461 -3.703892707824707 -0.4267084002494812 
v 1.0320910215377808 -3.700644016265869 -0.42602288722991943 
v 1.0256321430206299 -3.690208911895752 -0.4176196753978729 
v 1.0313513278961182 -3.6838009357452393 -0.4169667959213257 
v 1.002431869506836 -3.70691180229187 -0.4151434600353241 
v 1.0256321430206299 -3.690208911895752 -0.4176196753978729 
v 1.0018348693847656 -3.695754051208496 -0.40991824865341187 
v 1.0313513278961182 -3.6838009357452393 -0.4169667959213257 
v 1.0559016466140747 -3.6530892848968506 -0.4138820469379425 
v 1.0565723180770874 -3.6647398471832275 -0.41855230927467346 
v 1.0295934677124023 -3.6715173721313477 -0.3824189007282257 
v 1.0300434827804565 -3.6862263679504395 -0.3947579264640808 
v 1.0284260511398315 -3.6861143112182617 -0.4004354774951935 
v 1.0293506383895874 -3.6931943893432617 -0.41237348318099976 
v 1.030152678489685 -3.699131488800049 -0.4029373228549957 
v 1.0291768312454224 -3.7376291751861572 -0.4687175452709198 
v 1.0224215984344482 -3.738788604736328 -0.4660315215587616 
v 1.0357673168182373 -3.732593536376953 -0.4688481390476227 
v 1.0282210111618042 -3.724045991897583 -0.4601977467536926 
v 1.0540614128112793 -3.7075560092926025 -0.46248042583465576 
v 1.0556856393814087 -3.7009072303771973 -0.45937466621398926 
v 1.0560754537582397 -3.6644206047058105 -0.43785595893859863 
v 1.0309748649597168 -3.7032318115234375 -0.44900819659233093 
v 1.0029443502426147 -3.7025036811828613 -0.4329688549041748 
v 1.0243955850601196 -3.7071917057037354 -0.4486957788467407 
v 1.0025076866149902 -3.737276077270508 -0.4544619023799896 
v 1.0053818225860596 -3.7411186695098877 -0.4581855535507202 
v 1.0293506383895874 -3.6931943893432617 -0.41237348318099976 
v 1.030152678489685 -3.699131488800049 -0.4029373228549957 
v 1.0307921171188354 -3.7149999141693115 -0.41375845670700073 
v -0.04178043082356453 -2.662360668182373 0.21732553839683533 
v -0.042308468371629715 -2.6859028339385986 0.21268558502197266 
v -0.02308082766830921 -2.662316083908081 0.3618382513523102 
v -0.02307414449751377 -2.6858580112457275 0.3618452548980713 
v -0.02102438360452652 -2.6623103618621826 0.371512234210968 
v -0.0210154727101326 -2.685852527618408 0.3715192377567291 
v -0.018876591697335243 -2.6623103618621826 0.3799434304237366 
v -0.018867680802941322 -2.685852527618408 0.3799504339694977 
v -0.016541648656129837 -2.6858468055725098 0.38691970705986023 
v -0.016550559550523758 -2.6623103618621826 0.38691505789756775 
v -0.012606999836862087 -2.6858468055725098 0.3925412893295288 
v -0.012613683938980103 -2.6623048782348633 0.3925342857837677 
v -0.0077833798713982105 -2.662299156188965 0.3966962695121765 
v -0.007776695769280195 -2.6858413219451904 0.3967032730579376 
v -0.0077833798713982105 -2.662299156188965 0.3966962695121765 
v -0.007776695769280195 -2.6858413219451904 0.3967032730579376 
v -0.002683487953618169 -2.662299156188965 0.3990209102630615 
v -0.002676804084330797 -2.6858413219451904 0.39902791380882263 
v -0.036852095276117325 -2.6837575435638428 0.2130073457956314 
v -0.03631960228085518 -2.6647636890411377 0.21684056520462036 
v -0.018511200323700905 -2.6837127208709717 0.3616820275783539 
v -0.018517883494496346 -2.6647188663482666 0.3616773784160614 
v -0.016900356858968735 -2.6837127208709717 0.37081506848335266 
v -0.016907040029764175 -2.6647188663482666 0.3708104193210602 
v -0.015028836205601692 -2.6647188663482666 0.3791343569755554 
v -0.015022152103483677 -2.6837072372436523 0.37913668155670166 
v -0.012791924178600311 -2.6647133827209473 0.38556501269340515 
v -0.012787467800080776 -2.6837072372436523 0.38556969165802 
v -0.009483343921601772 -2.664707660675049 0.39037519693374634 
v -0.009476659819483757 -2.683701515197754 0.3903798758983612 
v -0.005813828203827143 -2.664707660675049 0.3934016823768616 
v -0.005809371825307608 -2.683701515197754 0.39340633153915405 
v -0.005813828203827143 -2.664707660675049 0.3934016823768616 
v -0.005809371825307608 -2.683701515197754 0.39340633153915405 
v -0.0021465399768203497 -2.664707660675049 0.3950221538543701 
v -0.002139856107532978 -2.683701515197754 0.395026832818985 
v 0.006531519815325737 -2.6647021770477295 0.3950221538543701 
v 0.006538203917443752 -2.6836960315704346 0.395026832818985 
v 0.010205492377281189 -2.6836960315704346 0.39340633153915405 
v 0.010198808275163174 -2.6647021770477295 0.3934016823768616 
v 0.010205492377281189 -2.6836960315704346 0.39340633153915405 
v 0.010198808275163174 -2.6647021770477295 0.3934016823768616 
v 0.013783659785985947 -2.6836960315704346 0.3903798758983612 
v 0.013779204338788986 -2.6647021770477295 0.39037519693374634 
v 0.01709446869790554 -2.6836960315704346 0.38556969165802 
v 0.01708778366446495 -2.6647021770477295 0.38556501269340515 
v 0.019420500844717026 -2.6836960315704346 0.37913668155670166 
v 0.019413815811276436 -2.664707660675049 0.3791343569755554 
v 0.021209584549069405 -2.683701515197754 0.37081506848335266 
v 0.021202899515628815 -2.664707660675049 0.3708104193210602 
v 0.02290286310017109 -2.664707660675049 0.3616773784160614 
v 0.02290954813361168 -2.683701515197754 0.3616820275783539 
v 0.0407068133354187 -2.664741277694702 0.21684056520462036 
v 0.041159097105264664 -2.6837351322174072 0.2130073457956314 
v -0.042308468371629715 -2.6859028339385986 0.21268558502197266 
v -0.02307414449751377 -2.6858580112457275 0.3618452548980713 
v -0.036852095276117325 -2.6837575435638428 0.2130073457956314 
v -0.018511200323700905 -2.6837127208709717 0.3616820275783539 
v -0.016900356858968735 -2.6837127208709717 0.37081506848335266 
v -0.0210154727101326 -2.685852527618408 0.3715192377567291 
v -0.015022152103483677 -2.6837072372436523 0.37913668155670166 
v -0.018867680802941322 -2.685852527618408 0.3799504339694977 
v -0.012787467800080776 -2.6837072372436523 0.38556969165802 
v -0.016541648656129837 -2.6858468055725098 0.38691970705986023 
v -0.009476659819483757 -2.683701515197754 0.3903798758983612 
v -0.012606999836862087 -2.6858468055725098 0.3925412893295288 
v -0.005809371825307608 -2.683701515197754 0.39340633153915405 
v -0.007776695769280195 -2.6858413219451904 0.3967032730579376 
v -0.002676804084330797 -2.6858413219451904 0.39902791380882263 
v -0.002139856107532978 -2.683701515197754 0.395026832818985 
v 0.006986031774431467 -2.685835599899292 0.39902791380882263 
v 0.006538203917443752 -2.6836960315704346 0.395026832818985 
v 0.010205492377281189 -2.6836960315704346 0.39340633153915405 
v 0.012172816321253777 -2.685835599899292 0.3967032730579376 
v 0.017005348578095436 -2.685835599899292 0.3925412893295288 
v 0.013783659785985947 -2.6836960315704346 0.3903798758983612 
v 0.02094222418963909 -2.685835599899292 0.38691970705986023 
v 0.01709446869790554 -2.6836960315704346 0.38556969165802 
v 0.023268256336450577 -2.685835599899292 0.3799504339694977 
v 0.019420500844717026 -2.6836960315704346 0.37913668155670166 
v 0.025413820520043373 -2.685835599899292 0.3715192377567291 
v 0.021209584549069405 -2.683701515197754 0.37081506848335266 
v 0.02738337218761444 -2.6858413219451904 0.3618452548980713 
v 0.02290954813361168 -2.683701515197754 0.3616820275783539 
v 0.041159097105264664 -2.6837351322174072 0.2130073457956314 
v 0.046617694199085236 -2.6858749389648438 0.21268558502197266 
v -0.03631960228085518 -2.6647636890411377 0.21684056520462036 
v -0.018517883494496346 -2.6647188663482666 0.3616773784160614 
v -0.04178043082356453 -2.662360668182373 0.21732553839683533 
v -0.02308082766830921 -2.662316083908081 0.3618382513523102 
v -0.016907040029764175 -2.6647188663482666 0.3708104193210602 
v -0.02102438360452652 -2.6623103618621826 0.371512234210968 
v -0.015028836205601692 -2.6647188663482666 0.3791343569755554 
v -0.018876591697335243 -2.6623103618621826 0.3799434304237366 
v -0.012791924178600311 -2.6647133827209473 0.38556501269340515 
v -0.016550559550523758 -2.6623103618621826 0.38691505789756775 
v -0.009483343921601772 -2.664707660675049 0.39037519693374634 
v -0.012613683938980103 -2.6623048782348633 0.3925342857837677 
v -0.005813828203827143 -2.664707660675049 0.3934016823768616 
v -0.0077833798713982105 -2.662299156188965 0.3966962695121765 
v -0.002683487953618169 -2.662299156188965 0.3990209102630615 
v -0.0021465399768203497 -2.664707660675049 0.3950221538543701 
v 0.006531519815325737 -2.6647021770477295 0.3950221538543701 
v 0.006979348137974739 -2.6622936725616455 0.3990209102630615 
v 0.010198808275163174 -2.6647021770477295 0.3934016823768616 
v 0.012166132219135761 -2.6622936725616455 0.3966962695121765 
v 0.016998663544654846 -2.6622936725616455 0.3925342857837677 
v 0.013779204338788986 -2.6647021770477295 0.39037519693374634 
v 0.0209355391561985 -2.6622936725616455 0.38691505789756775 
v 0.01708778366446495 -2.6647021770477295 0.38556501269340515 
v 0.023261571303009987 -2.6622936725616455 0.3799434304237366 
v 0.019413815811276436 -2.664707660675049 0.3791343569755554 
v 0.025407135486602783 -2.6622936725616455 0.371512234210968 
v 0.021202899515628815 -2.664707660675049 0.3708104193210602 
v 0.02737445943057537 -2.662299156188965 0.3618382513523102 
v 0.02290286310017109 -2.664707660675049 0.3616773784160614 
v 0.04616318270564079 -2.662327289581299 0.21732553839683533 
v 0.0407068133354187 -2.664741277694702 0.21684056520462036 
v -0.002683487953618169 -2.662299156188965 0.3990209102630615 
v 0.006979348137974739 -2.6622936725616455 0.3990209102630615 
v -0.002683487953618169 -2.662797689437866 0.5553131103515625 
v 0.006979348137974739 -2.6627919673919678 0.5553131103515625 
v -0.002683487953618169 -2.6627864837646484 0.5921716690063477 
v 0.006979348137974739 -2.66278076171875 0.5921716690063477 
v -0.002683487953618169 -2.6643829345703125 0.6058980226516724 
v 0.006979348137974739 -2.6643829345703125 0.6058980226516724 
v -0.002681259997189045 -2.669468879699707 0.6178989410400391 
v 0.006981575861573219 -2.6694631576538086 0.6178989410400391 
v -0.002676804084330797 -2.6858413219451904 0.39902791380882263 
v -0.002683487953618169 -2.662299156188965 0.3990209102630615 
v -0.0026745758950710297 -2.6868720054626465 0.5415377616882324 
v -0.002676804084330797 -2.680452823638916 0.5448883175849915 
v -0.002683487953618169 -2.662797689437866 0.5553131103515625 
v -0.002676804084330797 -2.6807217597961426 0.5472129583358765 
v -0.0026745758950710297 -2.6868720054626465 0.5486725568771362 
v -0.002676804084330797 -2.684194564819336 0.5598061680793762 
v -0.002676804084330797 -2.6799094676971436 0.5657495260238647 
v -0.002679032040759921 -2.676431179046631 0.5714223980903625 
v -0.002679032040759921 -2.674560308456421 0.5770416259765625 
v -0.002683487953618169 -2.6627864837646484 0.5921716690063477 
v -0.002679032040759921 -2.6745548248291016 0.5921739935874939 
v -0.002679032040759921 -2.6753556728363037 0.6016311049461365 
v -0.002683487953618169 -2.6643829345703125 0.6058980226516724 
v -0.002679032040759921 -2.6748180389404297 0.6142243146896362 
v -0.002681259997189045 -2.669468879699707 0.6178989410400391 
v -0.002679032040759921 -2.679366111755371 0.6110369563102722 
v -0.0026745758950710297 -2.6868720054626465 0.5486725568771362 
v 0.0021557279396802187 -2.6868720054626465 0.5513213276863098 
v -0.002676804084330797 -2.684194564819336 0.5598061680793762 
v 0.006986031774431467 -2.6841888427734375 0.5598061680793762 
v -0.002676804084330797 -2.6799094676971436 0.5657495260238647 
v 0.006983804050832987 -2.6799094676971436 0.5657495260238647 
v -0.002679032040759921 -2.676431179046631 0.5714223980903625 
v 0.006981575861573219 -2.676431179046631 0.5714223980903625 
v -0.002679032040759921 -2.674560308456421 0.5770416259765625 
v 0.006981575861573219 -2.6745548248291016 0.5770416259765625 
v -0.002679032040759921 -2.6745548248291016 0.5921739935874939 
v 0.006981575861573219 -2.6745548248291016 0.5921739935874939 
v -0.002679032040759921 -2.6753556728363037 0.6016311049461365 
v 0.006981575861573219 -2.6753501892089844 0.6016311049461365 
v 0.006983804050832987 -2.6793606281280518 0.6110369563102722 
v -0.002679032040759921 -2.679366111755371 0.6110369563102722 
v 0.006807792000472546 -2.6868720054626465 0.5486725568771362 
v -0.002676804084330797 -2.6858413219451904 0.39902791380882263 
v 0.006986031774431467 -2.685835599899292 0.39902791380882263 
v -0.0026745758950710297 -2.6868720054626465 0.5415377616882324 
v 0.006807792000472546 -2.68660306930542 0.5415377616882324 
v -0.0026745758950710297 -2.6868720054626465 0.5415377616882324 
v 0.006807792000472546 -2.68660306930542 0.5415377616882324 
v 0.0021557279396802187 -2.6866085529327393 0.5387281179428101 
v 0.007340284064412117 -2.6748123168945312 0.6142243146896362 
v 0.006983804050832987 -2.6793606281280518 0.6110369563102722 
v 0.007790340110659599 -2.6841776371002197 0.6210350394248962 
v 0.007166500203311443 -2.6860485076904297 0.6183885931968689 
v 0.006720900069922209 -2.6951448917388916 0.6220119595527649 
v 0.008151276037096977 -2.6946072578430176 0.6255234479904175 
v 0.0060079400427639484 -2.7069132328033447 0.6218510866165161 
v 0.007968580350279808 -2.6817636489868164 0.624656081199646 
v 0.006981575861573219 -2.6694631576538086 0.6178989410400391 
v 0.007164272014051676 -2.680161476135254 0.6273047924041748 
v 0.00850775558501482 -2.6940696239471436 0.6293076872825623 
v 0.006718671880662441 -2.6938061714172363 0.6321709156036377 
v 0.008336200378835201 -2.7074508666992188 0.6252039670944214 
v 0.008376304060220718 -2.8318493366241455 0.6102651953697205 
v 0.006050271913409233 -2.8313117027282715 0.6071314215660095 
v 0.008376304060220718 -2.8323814868927 0.6142639517784119 
v 0.008336200378835201 -2.707714080810547 0.6291491389274597 
v 0.006010168232023716 -2.7079830169677734 0.6324996948242188 
v 0.006050271913409233 -2.832913637161255 0.617560863494873 
v 0.007164272014051676 -2.680161476135254 0.6273047924041748 
v 0.002153499983251095 -2.6793606281280518 0.6288180351257324 
v 0.006981575861573219 -2.6694631576538086 0.6178989410400391 
v -0.002681259997189045 -2.669468879699707 0.6178989410400391 
v -0.002768151927739382 -2.680161476135254 0.6273047924041748 
v -0.0023158679250627756 -2.6938061714172363 0.6321709156036377 
v 0.0021579558961093426 -2.6932685375213623 0.6334673166275024 
v -0.0015962240286171436 -2.7079830169677734 0.6324996948242188 
v 0.002162412041798234 -2.708251953125 0.6336352229118347 
v 0.0022025159560143948 -2.8331823348999023 0.6187500357627869 
v 0.006010168232023716 -2.7079830169677734 0.6324996948242188 
v 0.006050271913409233 -2.832913637161255 0.617560863494873 
v 0.006718671880662441 -2.6938061714172363 0.6321709156036377 
v -0.001556119997985661 -2.832919120788574 0.617560863494873 
v -0.002681259997189045 -2.669468879699707 0.6178989410400391 
v -0.002768151927739382 -2.680161476135254 0.6273047924041748 
v -0.002679032040759921 -2.6748180389404297 0.6142243146896362 
v -0.0035724600311368704 -2.6817691326141357 0.624656081199646 
v -0.004104951862245798 -2.694075107574463 0.6293076872825623 
v -0.0023158679250627756 -2.6938061714172363 0.6321709156036377 
v -0.003922256175428629 -2.7077198028564453 0.6291491389274597 
v -0.0015962240286171436 -2.7079830169677734 0.6324996948242188 
v -0.001556119997985661 -2.832919120788574 0.617560863494873 
v -0.0038821520283818245 -2.8323869705200195 0.6142639517784119 
v -0.003922256175428629 -2.7074508666992188 0.6252039670944214 
v -0.0038821520283818245 -2.8318493366241455 0.6102651953697205 
v -0.0015962240286171436 -2.706918716430664 0.6218510866165161 
v -0.001556119997985661 -2.831317186355591 0.6071314215660095 
v -0.0037484720814973116 -2.694612741470337 0.6255234479904175 
v -0.0033919920679181814 -2.6841776371002197 0.6210350394248962 
v -0.002679032040759921 -2.679366111755371 0.6110369563102722 
v -0.002765923971310258 -2.6860485076904297 0.6183885931968689 
v -0.0023158679250627756 -2.6951448917388916 0.6220119595527649 
v -0.002765923971310258 -2.6860485076904297 0.6183885931968689 
v 0.0021557279396802187 -2.6863174438476562 0.6179012656211853 
v -0.002679032040759921 -2.679366111755371 0.6110369563102722 
v 0.006983804050832987 -2.6793606281280518 0.6110369563102722 
v 0.007166500203311443 -2.6860485076904297 0.6183885931968689 
v 0.0021579558961093426 -2.6951448917388916 0.6213637590408325 
v 0.006720900069922209 -2.6951448917388916 0.6220119595527649 
v 0.002162412041798234 -2.706918716430664 0.6207179427146912 
v 0.0060079400427639484 -2.7069132328033447 0.6218510866165161 
v 0.006050271913409233 -2.8313117027282715 0.6071314215660095 
v 0.0022025159560143948 -2.8310482501983643 0.6057791113853455 
v -0.001556119997985661 -2.831317186355591 0.6071314215660095 
v -0.0015962240286171436 -2.706918716430664 0.6218510866165161 
v -0.0023158679250627756 -2.6951448917388916 0.6220119595527649 
v -0.0038799240719527006 -2.833451271057129 0.6207505464553833 
v 0.0022025159560143948 -2.833451271057129 0.6226951479911804 
v -0.003875467926263809 -2.849773406982422 0.6187546849250793 
v 0.00220920005813241 -2.85003662109375 0.6207528710365295 
v 0.008380760438740253 -2.8497676849365234 0.6187546849250793 
v 0.008376304060220718 -2.833451271057129 0.6207505464553833 
v 0.008376304060220718 -2.833451271057129 0.6207505464553833 
v 0.01204359158873558 -2.8326447010040283 0.6156162619590759 
v 0.008380760438740253 -2.8497676849365234 0.6187546849250793 
v 0.012228515930473804 -2.8489668369293213 0.613620400428772 
v 0.01222183182835579 -2.831580400466919 0.6091296672821045 
v 0.012226288206875324 -2.84816575050354 0.6071361303329468 
v 0.008376304060220718 -2.830779552459717 0.6039953827857971 
v 0.008380760438740253 -2.847364902496338 0.6020018458366394 
v 0.008380760438740253 -2.847364902496338 0.6020018458366394 
v 0.002206972101703286 -2.8471014499664307 0.6000012755393982 
v 0.008376304060220718 -2.830779552459717 0.6039953827857971 
v 0.0022025159560143948 -2.8305160999298096 0.6019948720932007 
v -0.0038799240719527006 -2.833451271057129 0.6207505464553833 
v -0.007549440022557974 -2.8326501846313477 0.6156162619590759 
v -0.003875467926263809 -2.849773406982422 0.6187546849250793 
v -0.0077232238836586475 -2.8489723205566406 0.613620400428772 
v -0.007727679796516895 -2.8315861225128174 0.6091296672821045 
v -0.0077232238836586475 -2.8481714725494385 0.6071361303329468 
v -0.0038821520283818245 -2.830779552459717 0.6039953827857971 
v -0.003875467926263809 -2.8473703861236572 0.6020018458366394 
v -0.003875467926263809 -2.8473703861236572 0.6020018458366394 
v 0.002206972101703286 -2.8471014499664307 0.6000012755393982 
v -0.0038821520283818245 -2.830779552459717 0.6039953827857971 
v 0.0022025159560143948 -2.8305160999298096 0.6019948720932007 
v 0.04616318270564079 -2.662327289581299 0.21732553839683533 
v 0.046617694199085236 -2.6858749389648438 0.21268558502197266 
v 0.02737445943057537 -2.662299156188965 0.3618382513523102 
v 0.02738337218761444 -2.6858413219451904 0.3618452548980713 
v 0.025413820520043373 -2.685835599899292 0.3715192377567291 
v 0.025407135486602783 -2.6622936725616455 0.371512234210968 
v 0.023268256336450577 -2.685835599899292 0.3799504339694977 
v 0.023261571303009987 -2.6622936725616455 0.3799434304237366 
v 0.0209355391561985 -2.6622936725616455 0.38691505789756775 
v 0.02094222418963909 -2.685835599899292 0.38691970705986023 
v 0.016998663544654846 -2.6622936725616455 0.3925342857837677 
v 0.017005348578095436 -2.685835599899292 0.3925412893295288 
v 0.012172816321253777 -2.685835599899292 0.3967032730579376 
v 0.012166132219135761 -2.6622936725616455 0.3966962695121765 
v 0.012172816321253777 -2.685835599899292 0.3967032730579376 
v 0.012166132219135761 -2.6622936725616455 0.3966962695121765 
v 0.006986031774431467 -2.685835599899292 0.39902791380882263 
v 0.006979348137974739 -2.6622936725616455 0.3990209102630615 
v 0.006986031774431467 -2.685835599899292 0.39902791380882263 
v 0.006979348137974739 -2.6622936725616455 0.3990209102630615 
v 0.006807792000472546 -2.68660306930542 0.5415377616882324 
v 0.006983804050832987 -2.6804473400115967 0.5448883175849915 
v 0.006979348137974739 -2.6627919673919678 0.5553131103515625 
v 0.006983804050832987 -2.680716037750244 0.5472129583358765 
v 0.006807792000472546 -2.6868720054626465 0.5486725568771362 
v 0.006986031774431467 -2.6841888427734375 0.5598061680793762 
v 0.006983804050832987 -2.6799094676971436 0.5657495260238647 
v 0.006981575861573219 -2.676431179046631 0.5714223980903625 
v 0.006981575861573219 -2.6745548248291016 0.5770416259765625 
v 0.006981575861573219 -2.6745548248291016 0.5921739935874939 
v 0.006979348137974739 -2.66278076171875 0.5921716690063477 
v 0.006981575861573219 -2.6753501892089844 0.6016311049461365 
v 0.006979348137974739 -2.6643829345703125 0.6058980226516724 
v 0.007340284064412117 -2.6748123168945312 0.6142243146896362 
v 0.006981575861573219 -2.6694631576538086 0.6178989410400391 
v 0.006983804050832987 -2.6793606281280518 0.6110369563102722 
v -0.003875467926263809 -2.849773406982422 0.6187546849250793 
v 0.00220920005813241 -2.85003662109375 0.6207528710365295 
v 0.00220920005813241 -2.848703384399414 0.610433042049408 
v 0.008380760438740253 -2.8497676849365234 0.6187546849250793 
v 0.012228515930473804 -2.8489668369293213 0.613620400428772 
v 0.012226288206875324 -2.84816575050354 0.6071361303329468 
v 0.008380760438740253 -2.847364902496338 0.6020018458366394 
v 0.002206972101703286 -2.8471014499664307 0.6000012755393982 
v -0.003875467926263809 -2.8473703861236572 0.6020018458366394 
v -0.0077232238836586475 -2.8481714725494385 0.6071361303329468 
v -0.0077232238836586475 -2.8489723205566406 0.613620400428772 
v 0.0022025159560143948 -2.8331823348999023 0.6187500357627869 
v -0.001556119997985661 -2.832919120788574 0.617560863494873 
v -0.0038799240719527006 -2.833451271057129 0.6207505464553833 
v -0.007549440022557974 -2.8326501846313477 0.6156162619590759 
v 0.0022025159560143948 -2.833451271057129 0.6226951479911804 
v 0.006050271913409233 -2.832913637161255 0.617560863494873 
v 0.008376304060220718 -2.833451271057129 0.6207505464553833 
v 0.008376304060220718 -2.8323814868927 0.6142639517784119 
v 0.01204359158873558 -2.8326447010040283 0.6156162619590759 
v 0.008376304060220718 -2.8318493366241455 0.6102651953697205 
v 0.01222183182835579 -2.831580400466919 0.6091296672821045 
v 0.006050271913409233 -2.8313117027282715 0.6071314215660095 
v 0.008376304060220718 -2.830779552459717 0.6039953827857971 
v 0.0022025159560143948 -2.8310482501983643 0.6057791113853455 
v 0.0022025159560143948 -2.8305160999298096 0.6019948720932007 
v -0.0038821520283818245 -2.8323869705200195 0.6142639517784119 
v -0.007727679796516895 -2.8315861225128174 0.6091296672821045 
v -0.0038821520283818245 -2.8318493366241455 0.6102651953697205 
v -0.0038821520283818245 -2.830779552459717 0.6039953827857971 
v -0.001556119997985661 -2.831317186355591 0.6071314215660095 
v 0.0022025159560143948 -2.8305160999298096 0.6019948720932007 
v 0.0022025159560143948 -2.8310482501983643 0.6057791113853455 
v 0.0021557279396802187 -2.6866085529327393 0.5387281179428101 
v 0.006807792000472546 -2.68660306930542 0.5415377616882324 
v 0.0077925678342580795 -2.6887426376342773 0.5430533289909363 
v 0.006807792000472546 -2.68660306930542 0.5415377616882324 
v 0.0077925678342580795 -2.6887426376342773 0.5430533289909363 
v 0.006983804050832987 -2.6804473400115967 0.5448883175849915 
v 0.0077925678342580795 -2.6887426376342773 0.5468888878822327 
v 0.006983804050832987 -2.680716037750244 0.5472129583358765 
v 0.006807792000472546 -2.6868720054626465 0.5486725568771362 
v 0.007841584272682667 -2.837484121322632 0.5269860029220581 
v 0.007841584272682667 -2.836688756942749 0.520555317401886 
v 0.004533004015684128 -2.8425700664520264 0.5243395566940308 
v 0.004533004015684128 -2.842301368713379 0.521690845489502 
v 0.0021557279396802187 -2.6866085529327393 0.5387281179428101 
v 0.006807792000472546 -2.6868720054626465 0.5486725568771362 
v 0.0021557279396802187 -2.6868720054626465 0.5513213276863098 
v 0.0077925678342580795 -2.6887426376342773 0.5468888878822327 
v 0.0022047439124435186 -2.8377530574798584 0.5301756858825684 
v 0.007841584272682667 -2.837484121322632 0.5269860029220581 
v 0.002206972101703286 -2.8431079387664795 0.5255287289619446 
v 0.004533004015684128 -2.8425700664520264 0.5243395566940308 
v -0.0026745758950710297 -2.6868720054626465 0.5486725568771362 
v -0.003302871948108077 -2.6887426376342773 0.5468888878822327 
v -0.0033429760951548815 -2.8374898433685303 0.5269860029220581 
v -0.000029939999876660295 -2.842575788497925 0.5243395566940308 
v 0.0021557279396802187 -2.6866085529327393 0.5387281179428101 
v 0.007841584272682667 -2.836688756942749 0.520555317401886 
v 0.0022047439124435186 -2.836151123046875 0.5173656344413757 
v 0.004533004015684128 -2.842301368713379 0.521690845489502 
v 0.002206972101703286 -2.8423068523406982 0.5203408002853394 
v -0.000029939999876660295 -2.8423068523406982 0.521690845489502 
v -0.000029939999876660295 -2.842575788497925 0.5243395566940308 
v 0.002206972101703286 -2.8423068523406982 0.5203408002853394 
v 0.004533004015684128 -2.8425700664520264 0.5243395566940308 
v 0.004533004015684128 -2.842301368713379 0.521690845489502 
v 0.002206972101703286 -2.8431079387664795 0.5255287289619446 
v -0.000029939999876660295 -2.8423068523406982 0.521690845489502 
v -0.0033429760951548815 -2.836688756942749 0.520555317401886 
v -0.000029939999876660295 -2.842575788497925 0.5243395566940308 
v -0.0033429760951548815 -2.8374898433685303 0.5269860029220581 
v -0.0033919920679181814 -2.688748359680176 0.5430533289909363 
v -0.003302871948108077 -2.6887426376342773 0.5468888878822327 
v -0.002676804084330797 -2.680452823638916 0.5448883175849915 
v -0.002676804084330797 -2.6807217597961426 0.5472129583358765 
v -0.0026745758950710297 -2.6868720054626465 0.5486725568771362 
v 0.0022047439124435186 -2.836151123046875 0.5173656344413757 
v 0.0021557279396802187 -2.6866085529327393 0.5387281179428101 
v -0.0026745758950710297 -2.6868720054626465 0.5415377616882324 
v -0.0033429760951548815 -2.836688756942749 0.520555317401886 
v -0.000029939999876660295 -2.8423068523406982 0.521690845489502 
v 0.0022047439124435186 -2.836151123046875 0.5173656344413757 
v 0.002206972101703286 -2.8423068523406982 0.5203408002853394 
v 0.0021557279396802187 -2.6866085529327393 0.5387281179428101 
v -0.0026745758950710297 -2.6868720054626465 0.5415377616882324 
v -0.0033919920679181814 -2.688748359680176 0.5430533289909363 
v 0.24320749938488007 -2.5385282039642334 -0.1762063205242157 
v 0.24249231815338135 -2.5363941192626953 -0.17917916178703308 
v 0.24875076115131378 -2.5216739177703857 -0.1680479198694229 
v 0.24204449355602264 -2.5337166786193848 -0.18198879063129425 
v 0.24186402559280396 -2.5305070877075195 -0.18398934602737427 
v 0.24204225838184357 -2.527028799057007 -0.1856657862663269 
v 0.2422182708978653 -2.523287057876587 -0.1864771991968155 
v 0.2428443431854248 -2.5195398330688477 -0.1866404116153717 
v 0.24355952441692352 -2.516061544418335 -0.18599221110343933 
v 0.24454207718372345 -2.512583017349243 -0.18480540812015533 
v 0.245702862739563 -2.509373664855957 -0.1828608214855194 
v 0.24704411625862122 -2.5066962242126465 -0.18037529289722443 
v 0.24820713698863983 -2.50455641746521 -0.1775120496749878 
v 0.24945926666259766 -2.5032176971435547 -0.17421510815620422 
v 0.2508005201816559 -2.502411127090454 -0.17075495421886444 
v 0.2520526647567749 -2.502411127090454 -0.16708028316497803 
v 0.2531265616416931 -2.5032122135162354 -0.1634056270122528 
v 0.2540222108364105 -2.5048141479492188 -0.16010868549346924 
v 0.2546505033969879 -2.5066850185394287 -0.15697495639324188 
v 0.255187451839447 -2.5096311569213867 -0.15432389080524445 
v 0.2553656995296478 -2.512840747833252 -0.15216244757175446 
v 0.2553679347038269 -2.5163135528564453 -0.15064921975135803 
v 0.2550114393234253 -2.519791841506958 -0.14983780682086945 
v 0.25447672605514526 -2.523808002471924 -0.14967459440231323 
v 0.25367242097854614 -2.5272862911224365 -0.1501595675945282 
v 0.25268763303756714 -2.5307648181915283 -0.15145596861839294 
v 0.2515268623828888 -2.5339744091033936 -0.15329097211360931 
v 0.250363826751709 -2.536651611328125 -0.15577882528305054 
v 0.24902480840682983 -2.5387914180755615 -0.15874934196472168 
v 0.24768133461475372 -2.540130138397217 -0.1620998978614807 
v 0.2463400661945343 -2.5409367084503174 -0.1656113564968109 
v 0.2452661693096161 -2.5409367084503174 -0.16923238337039948 
v 0.24419228732585907 -2.5398669242858887 -0.17269253730773926 
v 0.9423449635505676 1.706728458404541 -0.8595936894416809 
v 0.9353691339492798 1.7027459144592285 -0.8737257719039917 
v 0.9503101110458374 1.6980016231536865 -0.8609553575515747 
v 0.941188633441925 1.6929773092269897 -0.8799442648887634 
v 0.9338541030883789 1.6854884624481201 -0.8735928535461426 
v 0.9447668194770813 1.6918234825134277 -0.8519995212554932 
v 0.9546056985855103 1.6989314556121826 -0.8414698243141174 
v 0.9567490220069885 1.7030707597732544 -0.8536620140075684 
v 0.9690030217170715 1.7103019952774048 -0.8396348357200623 
v 0.9653379321098328 1.7104532718658447 -0.8522979617118835 
v 0.9784831404685974 1.7190064191818237 -0.8494347333908081 
v 0.9734768271446228 1.7174603939056396 -0.8591413497924805 
v 0.9815243482589722 1.723739504814148 -0.8620978593826294 
v 0.9754419326782227 1.724008321762085 -0.8461750745773315 
v 0.9798221588134766 1.7303545475006104 -0.8610975742340088 
v 0.9741853475570679 1.7330039739608765 -0.8584418296813965 
v 0.9710549712181091 1.7285116910934448 -0.847818911075592 
v 0.9651552438735962 1.7147438526153564 -0.8362236618995667 
v 0.9503101110458374 1.6980016231536865 -0.8609553575515747 
v 0.9567490220069885 1.7030707597732544 -0.8536620140075684 
v 0.9423449635505676 1.706728458404541 -0.8595936894416809 
v 0.9491426348686218 1.712307333946228 -0.8520764708518982 
v 0.9653379321098328 1.7104532718658447 -0.8522979617118835 
v 0.9587118625640869 1.7190008163452148 -0.8494347333908081 
v 0.9734768271446228 1.7174603939056396 -0.8591413497924805 
v 0.9656899571418762 1.7261816263198853 -0.8554410338401794 
v 0.9338541030883789 1.6854884624481201 -0.8735928535461426 
v 0.9447668194770813 1.6918234825134277 -0.8519995212554932 
v 0.9292020201683044 1.6887987852096558 -0.8697176575660706 
v 0.9396669268608093 1.6950217485427856 -0.8494440317153931 
v 0.9292020201683044 1.6887987852096558 -0.8697176575660706 
v 0.9396669268608093 1.6950217485427856 -0.8494440317153931 
v 0.927588939666748 1.6953074932098389 -0.8678033947944641 
v 0.9367126226425171 1.7005501985549927 -0.8506378531455994 
v 0.9469970464706421 1.7081679105758667 -0.8398866653442383 
v 0.9501296281814575 1.7025947570800781 -0.8383151292800903 
v 0.9615748524665833 1.7197961807250977 -0.8379653692245483 
v 0.9651552438735962 1.7147438526153564 -0.8362236618995667 
v 0.9710549712181091 1.7285116910934448 -0.847818911075592 
v 0.9754419326782227 1.724008321762085 -0.8461750745773315 
v 0.9447668194770813 1.6918234825134277 -0.8519995212554932 
v 0.9546056985855103 1.6989314556121826 -0.8414698243141174 
v 0.9690030217170715 1.7103019952774048 -0.8396348357200623 
v 0.9741853475570679 1.7330039739608765 -0.8584418296813965 
v 0.9656899571418762 1.7261816263198853 -0.8554410338401794 
v 0.9710549712181091 1.7285116910934448 -0.847818911075592 
v 0.9615748524665833 1.7197961807250977 -0.8379653692245483 
v 0.9587118625640869 1.7190008163452148 -0.8494347333908081 
v 0.9469970464706421 1.7081679105758667 -0.8398866653442383 
v 0.9491426348686218 1.712307333946228 -0.8520764708518982 
v 0.9367126226425171 1.7005501985549927 -0.8506378531455994 
v 0.9423449635505676 1.706728458404541 -0.8595936894416809 
v 0.927588939666748 1.6953074932098389 -0.8678033947944641 
v 0.9353691339492798 1.7027459144592285 -0.8737257719039917 
v 0.966489851474762 1.4634881019592285 -0.8940460085868835 
v 0.9729309678077698 1.4697951078414917 -0.8767569065093994 
v 0.9603204727172852 1.4529801607131958 -0.8917539715766907 
v 0.9687289595603943 1.4625526666641235 -0.8679269552230835 
v 0.9764177799224854 1.4720468521118164 -0.8571151494979858 
v 0.977759063243866 1.4764494895935059 -0.8692746758460999 
v 0.9875065684318542 1.4866045713424683 -0.8549001216888428 
v 0.9841979742050171 1.4856971502304077 -0.8676891326904297 
v 0.9950171113014221 1.4971741437911987 -0.8644807934761047 
v 0.9906346797943115 1.4942781925201416 -0.8741827607154846 
v 0.9969844818115234 1.5025793313980103 -0.8760294318199158 
v 0.9908128976821899 1.5011117458343506 -0.8613470792770386 
v 0.9939410090446472 1.5080629587173462 -0.8745627999305725 
v 0.9826740026473999 1.4897412061691284 -0.8518083691596985 
v 0.966489851474762 1.4634881019592285 -0.8940460085868835 
v 0.9575421810150146 1.470024824142456 -0.8923998475074768 
v 0.9729309678077698 1.4697951078414917 -0.8767569065093994 
v 0.9629963040351868 1.4769254922866821 -0.875584065914154 
v 0.9729309678077698 1.4697951078414917 -0.8767569065093994 
v 0.9629963040351868 1.4769254922866821 -0.875584065914154 
v 0.977759063243866 1.4764494895935059 -0.8692746758460999 
v 0.968093991279602 1.4835630655288696 -0.8679409623146057 
v 0.9841979742050171 1.4856971502304077 -0.8676891326904297 
v 0.9756959080696106 1.4923850297927856 -0.8650473952293396 
v 0.9906346797943115 1.4942781925201416 -0.8741827607154846 
v 0.9808827042579651 1.5007364749908447 -0.8696081042289734 
v 0.9603204727172852 1.4529801607131958 -0.8917539715766907 
v 0.9687289595603943 1.4625526666641235 -0.8679269552230835 
v 0.9548618793487549 1.4554895162582397 -0.8879720568656921 
v 0.9630007743835449 1.4644235372543335 -0.8655276894569397 
v 0.9548618793487549 1.4554895162582397 -0.8879720568656921 
v 0.9630007743835449 1.4644235372543335 -0.8655276894569397 
v 0.9516401886940002 1.4597632884979248 -0.8876293301582336 
v 0.9587942957878113 1.4694198369979858 -0.866786777973175 
v 0.9629963040351868 1.4769254922866821 -0.875584065914154 
v 0.968093991279602 1.4835630655288696 -0.8679409623146057 
v 0.9666635990142822 1.478897213935852 -0.8558140993118286 
v 0.9756959080696106 1.4923850297927856 -0.8650473952293396 
v 0.9779328107833862 1.4937125444412231 -0.853515088558197 
v 0.9808827042579651 1.5007364749908447 -0.8696081042289734 
v 0.985352098941803 1.5045509338378906 -0.8631168007850647 
v 0.9874998927116394 1.5094016790390015 -0.8722288608551025 
v 0.971139669418335 1.4743825197219849 -0.854116678237915 
v 0.9575421810150146 1.470024824142456 -0.8923998475074768 
v 0.9630007743835449 1.4644235372543335 -0.8655276894569397 
v 0.9687289595603943 1.4625526666641235 -0.8679269552230835 
v 0.971139669418335 1.4743825197219849 -0.854116678237915 
v 0.9764177799224854 1.4720468521118164 -0.8571151494979858 
v 0.9826740026473999 1.4897412061691284 -0.8518083691596985 
v 0.9875065684318542 1.4866045713424683 -0.8549001216888428 
v 0.9666635990142822 1.478897213935852 -0.8558140993118286 
v 0.9779328107833862 1.4937125444412231 -0.853515088558197 
v 0.985352098941803 1.5045509338378906 -0.8631168007850647 
v 0.9908128976821899 1.5011117458343506 -0.8613470792770386 
v 0.9874998927116394 1.5094016790390015 -0.8722288608551025 
v 0.9939410090446472 1.5080629587173462 -0.8745627999305725 
v 0.9908128976821899 1.5011117458343506 -0.8613470792770386 
v 0.9874998927116394 1.5094016790390015 -0.8722288608551025 
v 0.9248239994049072 1.9397128820419312 -0.8261370062828064 
v 0.9327890872955322 1.93096923828125 -0.8273354768753052 
v 0.9178481101989746 1.9359712600708008 -0.8400755524635315 
v 0.923665463924408 1.9259337186813354 -0.8462706804275513 
v 0.9164221882820129 1.9184504747390747 -0.8399729132652283 
v 0.9273349642753601 1.9247798919677734 -0.8183259963989258 
v 0.9372629523277283 1.9318878650665283 -0.8077986240386963 
v 0.9394084811210632 1.9360495805740356 -0.8202029466629028 
v 0.9514819979667664 1.9435441493988037 -0.8060919046401978 
v 0.9479060769081116 1.9434152841567993 -0.818678081035614 
v 0.9610534906387329 1.9519684314727783 -0.8158147931098938 
v 0.9560449719429016 1.9501760005950928 -0.8257149457931519 
v 0.9641816020011902 1.9569815397262573 -0.8285548686981201 
v 0.9581882953643799 1.9569703340530396 -0.812555193901062 
v 0.9624794125556946 1.963316559791565 -0.8274776935577393 
v 0.9566643238067627 1.9659940004348755 -0.8250387907028198 
v 0.9537144899368286 1.9614737033843994 -0.8141989707946777 
v 0.9479038715362549 1.94745934009552 -0.802797257900238 
v 0.9327890872955322 1.93096923828125 -0.8273354768753052 
v 0.9394084811210632 1.9360495805740356 -0.8202029466629028 
v 0.9248239994049072 1.9397128820419312 -0.8261370062828064 
v 0.9316216111183167 1.9452861547470093 -0.8186197876930237 
v 0.9479060769081116 1.9434152841567993 -0.818678081035614 
v 0.9413713812828064 1.9519628286361694 -0.8158147931098938 
v 0.9560449719429016 1.9501760005950928 -0.8257149457931519 
v 0.9481689929962158 1.9591604471206665 -0.8219820261001587 
v 0.9164221882820129 1.9184504747390747 -0.8399729132652283 
v 0.9273349642753601 1.9247798919677734 -0.8183259963989258 
v 0.9117701649665833 1.9217607975006104 -0.836097776889801 
v 0.9221436977386475 1.9279837608337402 -0.8158241510391235 
v 0.9117701649665833 1.9217607975006104 -0.836097776889801 
v 0.9221436977386475 1.9279837608337402 -0.8158241510391235 
v 0.9102461934089661 1.9282807111740112 -0.8342930674552917 
v 0.9192807078361511 1.9335066080093384 -0.8169666528701782 
v 0.9294760823249817 1.9411243200302124 -0.8062131404876709 
v 0.9327890872955322 1.9355567693710327 -0.804697573184967 
v 0.9440560936927795 1.9527806043624878 -0.8045086860656738 
v 0.9479038715362549 1.94745934009552 -0.802797257900238 
v 0.9537144899368286 1.9614737033843994 -0.8141989707946777 
v 0.9581882953643799 1.9569703340530396 -0.812555193901062 
v 0.9273349642753601 1.9247798919677734 -0.8183259963989258 
v 0.9372629523277283 1.9318878650665283 -0.8077986240386963 
v 0.9514819979667664 1.9435441493988037 -0.8060919046401978 
v 0.9566643238067627 1.9659940004348755 -0.8250387907028198 
v 0.9481689929962158 1.9591604471206665 -0.8219820261001587 
v 0.9537144899368286 1.9614737033843994 -0.8141989707946777 
v 0.9440560936927795 1.9527806043624878 -0.8045086860656738 
v 0.9413713812828064 1.9519628286361694 -0.8158147931098938 
v 0.9294760823249817 1.9411243200302124 -0.8062131404876709 
v 0.9316216111183167 1.9452861547470093 -0.8186197876930237 
v 0.9192807078361511 1.9335066080093384 -0.8169666528701782 
v 0.9248239994049072 1.9397128820419312 -0.8261370062828064 
v 0.9102461934089661 1.9282807111740112 -0.8342930674552917 
v 0.9178481101989746 1.9359712600708008 -0.8400755524635315 
v 0.8960315585136414 2.1715097427368164 -0.8040703535079956 
v 0.9039966464042664 2.1625254154205322 -0.8055159449577332 
v 0.8890556693077087 2.167527198791504 -0.8182560205459595 
v 0.8948730230331421 2.157489776611328 -0.824451208114624 
v 0.8876297473907471 2.1500065326690674 -0.8181557655334473 
v 0.8983620405197144 2.1563360691070557 -0.7965088486671448 
v 0.9083791375160217 2.1637072563171387 -0.7859488129615784 
v 0.9104355573654175 2.1678690910339355 -0.7982995510101318 
v 0.9226895570755005 2.175100088119507 -0.7842723727226257 
v 0.919111430644989 2.175229072570801 -0.7967746257781982 
v 0.9322588443756104 2.183793306350708 -0.7939650416374207 
v 0.9272502660751343 2.1820008754730225 -0.8038628101348877 
v 0.9352109432220459 2.18853759765625 -0.8067353963851929 
v 0.9292176365852356 2.1885263919830322 -0.7907357215881348 
v 0.9335978627204895 2.194878339767456 -0.8056581616401672 
v 0.9276936650276184 2.197807788848877 -0.803135335445404 
v 0.9247415661811829 2.193024158477783 -0.7923258543014526 
v 0.9189309477806091 2.1792843341827393 -0.7809474468231201 
v 0.9039966464042664 2.1625254154205322 -0.8055159449577332 
v 0.9104355573654175 2.1678690910339355 -0.7982995510101318 
v 0.8960315585136414 2.1715097427368164 -0.8040703535079956 
v 0.90291827917099 2.1768476963043213 -0.7968003153800964 
v 0.919111430644989 2.175229072570801 -0.7967746257781982 
v 0.9123984575271606 2.1835246086120605 -0.7939953207969666 
v 0.9272502660751343 2.1820008754730225 -0.8038628101348877 
v 0.9193742871284485 2.1909854412078857 -0.8001322150230408 
v 0.8876297473907471 2.1500065326690674 -0.8181557655334473 
v 0.8983620405197144 2.1563360691070557 -0.7965088486671448 
v 0.8829754590988159 2.15358567237854 -0.8142479658126831 
v 0.8933512568473816 2.159534215927124 -0.7939510345458984 
v 0.8829754590988159 2.15358567237854 -0.8142479658126831 
v 0.8933512568473816 2.159534215927124 -0.7939510345458984 
v 0.8812732696533203 2.1601057052612305 -0.8124409317970276 
v 0.8903969526290894 2.1653261184692383 -0.7951168417930603 
v 0.9006836414337158 2.172680377960205 -0.7843959927558899 
v 0.9038161635398865 2.167381763458252 -0.7828477621078491 
v 0.915261447429657 2.1843366622924805 -0.7826892137527466 
v 0.9189309477806091 2.1792843341827393 -0.7809474468231201 
v 0.9247415661811829 2.193024158477783 -0.7923258543014526 
v 0.9292176365852356 2.1885263919830322 -0.7907357215881348 
v 0.8983620405197144 2.1563360691070557 -0.7965088486671448 
v 0.9083791375160217 2.1637072563171387 -0.7859488129615784 
v 0.9226895570755005 2.175100088119507 -0.7842723727226257 
v 0.9276936650276184 2.197807788848877 -0.803135335445404 
v 0.9193742871284485 2.1909854412078857 -0.8001322150230408 
v 0.9247415661811829 2.193024158477783 -0.7923258543014526 
v 0.915261447429657 2.1843366622924805 -0.7826892137527466 
v 0.9123984575271606 2.1835246086120605 -0.7939953207969666 
v 0.9006836414337158 2.172680377960205 -0.7843959927558899 
v 0.90291827917099 2.1768476963043213 -0.7968003153800964 
v 0.8903969526290894 2.1653261184692383 -0.7951168417930603 
v 0.8960315585136414 2.1715097427368164 -0.8040703535079956 
v 0.8812732696533203 2.1601057052612305 -0.8124409317970276 
v 0.8890556693077087 2.167527198791504 -0.8182560205459595 
v 0.8571529388427734 2.3265583515167236 -0.8142969012260437 
v 0.858855128288269 2.320312976837158 -0.8070385456085205 
v 0.8586702346801758 2.3410208225250244 -0.8135647773742676 
v 0.8625224232673645 2.326692581176758 -0.7972479462623596 
v 0.8639572858810425 2.3127903938293457 -0.7890452742576599 
v 0.8602008819580078 2.310762643814087 -0.8014752268791199 
v 0.8612791895866394 2.294586181640625 -0.7900035381317139 
v 0.8590422868728638 2.2996609210968018 -0.8032799363136292 
v 0.8560055494308472 2.284011125564575 -0.8007804155349731 
v 0.8546597957611084 2.290060520172119 -0.8109463453292847 
v 0.8518904447555542 2.2808127403259277 -0.8101909160614014 
v 0.8571529388427734 2.3265583515167236 -0.8142969012260437 
v 0.858855128288269 2.320312976837158 -0.8070385456085205 
v 0.8695918917655945 2.322194814682007 -0.8138352632522583 
v 0.8703070878982544 2.31939435005188 -0.8106292486190796 
v 0.8602008819580078 2.310762643814087 -0.8014752268791199 
v 0.8715636730194092 2.309558391571045 -0.8049377202987671 
v 0.8590422868728638 2.2996609210968018 -0.8032799363136292 
v 0.8697790503501892 2.2977285385131836 -0.805142879486084 
v 0.8546597957611084 2.290060520172119 -0.8109463453292847 
v 0.8668269515037537 2.2884809970855713 -0.8134738206863403 
v 0.8586702346801758 2.3410208225250244 -0.8135647773742676 
v 0.8625224232673645 2.326692581176758 -0.7972479462623596 
v 0.8652896285057068 2.342045783996582 -0.8131170868873596 
v 0.8689635992050171 2.3274712562561035 -0.796937882900238 
v 0.8704875111579895 2.3127286434173584 -0.788508951663971 
v 0.8639572858810425 2.3127903938293457 -0.7890452742576599 
v 0.8676312565803528 2.293701171875 -0.7892923951148987 
v 0.8612791895866394 2.294586181640625 -0.7900035381317139 
v 0.8621770739555359 2.281804084777832 -0.8003327250480652 
v 0.8560055494308472 2.284011125564575 -0.8007804155349731 
v 0.867455244064331 2.2822747230529785 -0.8043058514595032 
v 0.8727311491966248 2.292833089828491 -0.7933681011199951 
v 0.8652896285057068 2.342045783996582 -0.8131170868873596 
v 0.8689635992050171 2.3274712562561035 -0.796937882900238 
v 0.8711069226264954 2.337228775024414 -0.8133619427680969 
v 0.8739721179008484 2.325779676437378 -0.8008410334587097 
v 0.8703070878982544 2.31939435005188 -0.8106292486190796 
v 0.8715636730194092 2.309558391571045 -0.8049377202987671 
v 0.8754091858863831 2.311591625213623 -0.7925077676773071 
v 0.8697790503501892 2.2977285385131836 -0.805142879486084 
v 0.8727311491966248 2.292833089828491 -0.7933681011199951 
v 0.8668269515037537 2.2884809970855713 -0.8134738206863403 
v 0.867455244064331 2.2822747230529785 -0.8043058514595032 
v 0.8638792634010315 2.2788522243499756 -0.8140707612037659 
v 0.8695918917655945 2.322194814682007 -0.8138352632522583 
v 0.8704875111579895 2.3127286434173584 -0.788508951663971 
v 0.8676312565803528 2.293701171875 -0.7892923951148987 
v 0.8560055494308472 2.284011125564575 -0.8007804155349731 
v 0.8518904447555542 2.2808127403259277 -0.8101909160614014 
v 0.8621770739555359 2.281804084777832 -0.8003327250480652 
v 0.8570816516876221 2.277536153793335 -0.8121028542518616 
v 0.8638792634010315 2.2788522243499756 -0.8140707612037659 
v 0.867455244064331 2.2822747230529785 -0.8043058514595032 
v 0.015162792056798935 -1.6979246139526367 0.34910982847213745 
v 0.013373708352446556 -1.7046124935150146 0.3484639823436737 
v 0.013371479697525501 -1.691499948501587 0.3497557044029236 
v 0.008545631542801857 -1.7094296216964722 0.34792304039001465 
v 0.008536719717085361 -1.6866885423660278 0.35024067759513855 
v 0.00182821205817163 -1.6848176717758179 0.35056477785110474 
v 0.0018371240003034472 -1.7110371589660645 0.3477621376514435 
v -0.004793404135853052 -1.6866941452026367 0.35040390491485596 
v -0.004784491844475269 -1.7094296216964722 0.34808623790740967 
v -0.00962147954851389 -1.6915111541748047 0.3499189019203186 
v -0.009617024101316929 -1.7046180963516235 0.348571240901947 
v -0.011408336460590363 -1.6979302167892456 0.3492707312107086 
v 0.0033521640580147505 -1.6933764219284058 0.3480815887451172 
v 0.002904335968196392 -1.6952472925186157 0.3703487515449524 
v 0.006034675985574722 -1.6952472925186157 0.3480815887451172 
v 0.004517408087849617 -1.6963170766830444 0.3703487515449524 
v 0.007021680008620024 -1.6981935501098633 0.3480839133262634 
v 0.005052127875387669 -1.6981879472732544 0.3703487515449524 
v 0.00603690417483449 -1.701403021812439 0.3480839133262634 
v 0.004517408087849617 -1.7000586986541748 0.3703487515449524 
v 0.0033543920144438744 -1.7032794952392578 0.3480839133262634 
v 0.002906563924625516 -1.701134204864502 0.3703487515449524 
v 0.002904335968196392 -1.6952472925186157 0.3703487515449524 
v 0.0033521640580147505 -1.6933764219284058 0.3480815887451172 
v 0.0008478920208290219 -1.6952472925186157 0.3703487515449524 
v 0.000219595996895805 -1.6933820247650146 0.3480815887451172 
v 0.0008478920208290219 -1.6952472925186157 0.3703487515449524 
v 0.000219595996895805 -1.6933820247650146 0.3480815887451172 
v -0.0005824840045534074 -1.6963170766830444 0.3703487515449524 
v -0.002284676069393754 -1.695252776145935 0.3480815887451172 
v -0.0012999000027775764 -1.6981879472732544 0.3703487515449524 
v -0.003267223946750164 -1.6981935501098633 0.3480839133262634 
v 0.0033543920144438744 -1.7032794952392578 0.3480839133262634 
v 0.002906563924625516 -1.701134204864502 0.3703487515449524 
v 0.00022405199706554413 -1.7032794952392578 0.3480839133262634 
v 0.0008501199772581458 -1.701134204864502 0.3703487515449524 
v 0.00022405199706554413 -1.7032794952392578 0.3480839133262634 
v 0.0008501199772581458 -1.701134204864502 0.3703487515449524 
v -0.00228244811296463 -1.701403021812439 0.3480839133262634 
v -0.0005824840045534074 -1.7000643014907837 0.3703487515449524 
v -0.003267223946750164 -1.6981935501098633 0.3480839133262634 
v -0.0012999000027775764 -1.6981879472732544 0.3703487515449524 
v 0.005052127875387669 -1.6981879472732544 0.3703487515449524 
v 0.004517408087849617 -1.6963170766830444 0.3703487515449524 
v 0.004517408087849617 -1.7000586986541748 0.3703487515449524 
v 0.002906563924625516 -1.701134204864502 0.3703487515449524 
v 0.002904335968196392 -1.6952472925186157 0.3703487515449524 
v 0.0008478920208290219 -1.6952472925186157 0.3703487515449524 
v 0.0008501199772581458 -1.701134204864502 0.3703487515449524 
v -0.0005824840045534074 -1.6963170766830444 0.3703487515449524 
v -0.0005824840045534074 -1.7000643014907837 0.3703487515449524 
v -0.0012999000027775764 -1.6981879472732544 0.3703487515449524 
v -0.0019259679829701781 -1.6983559131622314 0.761245846748352 
v -0.0007629520259797573 -1.695678472518921 0.7612435221672058 
v -0.0007629520259797573 -1.6983615159988403 0.7499514222145081 
v -0.00013688400213140994 -1.696485161781311 0.749949038028717 
v -0.0007629520259797573 -1.695678472518921 0.7612435221672058 
v 0.0018326679710298777 -1.694345474243164 0.7612435221672058 
v -0.00013688400213140994 -1.696485161781311 0.749949038028717 
v 0.0018326679710298777 -1.6956840753555298 0.749949038028717 
v 0.0037108720280230045 -1.696485161781311 0.749949038028717 
v 0.0045151798985898495 -1.695678472518921 0.7612435221672058 
v 0.0037108720280230045 -1.696485161781311 0.749949038028717 
v 0.0045151798985898495 -1.695678472518921 0.7612435221672058 
v 0.004517408087849617 -1.6983559131622314 0.7499514222145081 
v 0.00568042416125536 -1.6983559131622314 0.761245846748352 
v 0.0037108720280230045 -1.7002323865890503 0.7499514222145081 
v 0.004517408087849617 -1.701027750968933 0.761245846748352 
v 0.0037108720280230045 -1.7002323865890503 0.7499514222145081 
v 0.004517408087849617 -1.701027750968933 0.761245846748352 
v 0.0018326679710298777 -1.701033353805542 0.7499514222145081 
v 0.0018326679710298777 -1.7021031379699707 0.761245846748352 
v -0.0007607240113429725 -1.701033353805542 0.761245846748352 
v -0.00013465600204654038 -1.7002323865890503 0.7499514222145081 
v -0.0007607240113429725 -1.701033353805542 0.761245846748352 
v -0.00013465600204654038 -1.7002323865890503 0.7499514222145081 
v -0.0019259679829701781 -1.6983559131622314 0.761245846748352 
v -0.0007629520259797573 -1.6983615159988403 0.7499514222145081 
v -0.0007629520259797573 -1.6983615159988403 0.7499514222145081 
v -0.00013465600204654038 -1.7002323865890503 0.7499514222145081 
v -0.00013688400213140994 -1.696485161781311 0.749949038028717 
v 0.0018326679710298777 -1.6956840753555298 0.749949038028717 
v 0.0018326679710298777 -1.701033353805542 0.7499514222145081 
v 0.0037108720280230045 -1.7002323865890503 0.7499514222145081 
v 0.0037108720280230045 -1.696485161781311 0.749949038028717 
v 0.004517408087849617 -1.6983559131622314 0.7499514222145081 
v -0.0019259679829701781 -1.6983559131622314 0.761245846748352 
v -0.0007629520259797573 -1.695678472518921 0.7612435221672058 
v -0.0007607240113429725 -1.701033353805542 0.761245846748352 
v 0.0018326679710298777 -1.694345474243164 0.7612435221672058 
v 0.0018326679710298777 -1.7021031379699707 0.761245846748352 
v 0.004517408087849617 -1.701027750968933 0.761245846748352 
v 0.0045151798985898495 -1.695678472518921 0.7612435221672058 
v 0.00568042416125536 -1.6983559131622314 0.761245846748352 
v 0.002547855954617262 -1.6996946334838867 0.7517887353897095 
v 0.002547855954617262 -1.6997954845428467 0.35608142614364624 
v 0.0035326320212334394 -1.6975549459457397 0.7517864108085632 
v 0.0035326320212334394 -1.6976557970046997 0.35608142614364624 
v 0.0035326320212334394 -1.6975549459457397 0.7517864108085632 
v 0.0035326320212334394 -1.6976557970046997 0.35608142614364624 
v 0.001206599990837276 -1.696753978729248 0.7517864108085632 
v 0.001384839997626841 -1.696854829788208 0.35608142614364624 
v 0.001206599990837276 -1.696753978729248 0.7517864108085632 
v 0.001384839997626841 -1.696854829788208 0.35608142614364624 
v 0.0003109439858235419 -1.698893666267395 0.7517864108085632 
v 0.0003109439858235419 -1.698994517326355 0.35608142614364624 
v 0.0003109439858235419 -1.698893666267395 0.7517864108085632 
v 0.0003109439858235419 -1.698994517326355 0.35608142614364624 
v 0.002547855954617262 -1.6996946334838867 0.7517887353897095 
v 0.002547855954617262 -1.6997954845428467 0.35608142614364624 
v 0.010778088122606277 -1.6979246139526367 0.352891743183136 
v 0.00970419216901064 -1.6936452388763428 0.35343268513679504 
v 0.00970641989260912 -1.7024728059768677 0.352406769990921 
v 0.006397840101271868 -1.70595121383667 0.3520849943161011 
v 0.00639338418841362 -1.690435767173767 0.35375678539276123 
v 0.0018304400146007538 -1.6893658638000488 0.3539176881313324 
v 0.0018348960438743234 -1.7070211172103882 0.3520849943161011 
v -0.002643384039402008 -1.690435767173767 0.35375678539276123 
v -0.0026389278937131166 -1.70595121383667 0.35224589705467224 
v -0.00595196383073926 -1.6936452388763428 0.35343268513679504 
v -0.0059497361071407795 -1.7024784088134766 0.3525699973106384 
v -0.007114979904145002 -1.6979302167892456 0.35310858488082886 
v 0.010778088122606277 -1.6979246139526367 0.347920686006546 
v 0.010778088122606277 -1.6979246139526367 0.352891743183136 
v 0.00970641989260912 -1.7024728059768677 0.34743571281433105 
v 0.00970641989260912 -1.7024728059768677 0.352406769990921 
v 0.006397840101271868 -1.70595121383667 0.34711161255836487 
v 0.006397840101271868 -1.70595121383667 0.3520849943161011 
v 0.006397840101271868 -1.70595121383667 0.34711161255836487 
v 0.006397840101271868 -1.70595121383667 0.3520849943161011 
v 0.0018348960438743234 -1.7070211172103882 0.3469507396221161 
v 0.0018348960438743234 -1.7070211172103882 0.3520849943161011 
v -0.0026389278937131166 -1.70595121383667 0.34711161255836487 
v -0.0026389278937131166 -1.70595121383667 0.35224589705467224 
v -0.0026389278937131166 -1.70595121383667 0.34711161255836487 
v -0.0026389278937131166 -1.70595121383667 0.35224589705467224 
v -0.0059497361071407795 -1.7024784088134766 0.34743571281433105 
v -0.0059497361071407795 -1.7024784088134766 0.3525699973106384 
v -0.007114979904145002 -1.6979302167892456 0.347920686006546 
v -0.007114979904145002 -1.6979302167892456 0.35310858488082886 
v -0.00595196383073926 -1.6936508417129517 0.34845930337905884 
v -0.00595196383073926 -1.6936452388763428 0.35343268513679504 
v -0.002643384039402008 -1.690435767173767 0.348783403635025 
v -0.002643384039402008 -1.690435767173767 0.35375678539276123 
v -0.002643384039402008 -1.690435767173767 0.348783403635025 
v -0.002643384039402008 -1.690435767173767 0.35375678539276123 
v 0.0018304400146007538 -1.6893658638000488 0.348783403635025 
v 0.0018304400146007538 -1.6893658638000488 0.3539176881313324 
v 0.00639338418841362 -1.690435767173767 0.348783403635025 
v 0.00639338418841362 -1.690435767173767 0.35375678539276123 
v 0.00639338418841362 -1.690435767173767 0.348783403635025 
v 0.00639338418841362 -1.690435767173767 0.35375678539276123 
v 0.00970419216901064 -1.6936452388763428 0.3482447862625122 
v 0.00970419216901064 -1.6936452388763428 0.35343268513679504 
v 0.010778088122606277 -1.6979246139526367 0.347920686006546 
v 0.010778088122606277 -1.6979246139526367 0.352891743183136 
v -0.999087393283844 -3.710322856903076 -0.4119747579097748 
v -1.0005712509155273 -3.699193239212036 -0.4068778157234192 
v -1.0239585638046265 -3.696958303451538 -0.4171043634414673 
v -1.0305311679840088 -3.6913962364196777 -0.4171440005302429 
v -1.0592255592346191 -3.664336681365967 -0.4170857071876526 
v -1.057806372642517 -3.675976037979126 -0.4216300845146179 
v -1.0171453952789307 -3.713610887527466 -0.4476325511932373 
v -1.024134635925293 -3.7105917930603027 -0.4486864507198334 
v -1.0185712575912476 -3.716036319732666 -0.44323039054870605 
v -1.0247138738632202 -3.713162660598755 -0.44439390301704407 
v -1.0200039148330688 -3.7146975994110107 -0.4335727393627167 
v -1.0264673233032227 -3.712557792663574 -0.4336683452129364 
v -1.0215144157409668 -3.710569381713867 -0.4259832501411438 
v -1.028009057044983 -3.7081832885742188 -0.4259832501411438 
v -1.0215144157409668 -3.710569381713867 -0.4259832501411438 
v -1.028009057044983 -3.7081832885742188 -0.4259832501411438 
v -1.0239585638046265 -3.696958303451538 -0.4171043634414673 
v -1.0305311679840088 -3.6913962364196777 -0.4171440005302429 
v -1.0174059867858887 -3.730834722518921 -0.4592277705669403 
v -1.020453929901123 -3.7342851161956787 -0.44431695342063904 
v -1.024134635925293 -3.7105917930603027 -0.4486864507198334 
v -1.0247138738632202 -3.713162660598755 -0.44439390301704407 
v -1.0264673233032227 -3.712557792663574 -0.4336683452129364 
v -1.0235174894332886 -3.73210072517395 -0.42528611421585083 
v -1.0260684490203857 -3.7222256660461426 -0.41344836354255676 
v -1.028009057044983 -3.7081832885742188 -0.4259832501411438 
v -1.0295463800430298 -3.699439764022827 -0.4138633906841278 
v -1.0305311679840088 -3.6913962364196777 -0.4171440005302429 
v -1.0287420749664307 -3.706418752670288 -0.40284639596939087 
v -1.0312575101852417 -3.693619966506958 -0.3948885202407837 
v -1.031569480895996 -3.6921749114990234 -0.40105104446411133 
v -1.0341182947158813 -3.6789839267730713 -0.38278496265411377 
v -1.0341182947158813 -3.6789839267730713 -0.38278496265411377 
v -1.0312575101852417 -3.693619966506958 -0.3948885202407837 
v -1.029078483581543 -3.6932895183563232 -0.40036553144454956 
v -1.027766227722168 -3.700425386428833 -0.4122335910797119 
v -1.0287420749664307 -3.706418752670288 -0.40284639596939087 
v -1.060638189315796 -3.6592674255371094 -0.3786393105983734 
v -1.0644725561141968 -3.6582984924316406 -0.38315802812576294 
v -1.0143113136291504 -3.685520648956299 -0.36768993735313416 
v -1.0103811025619507 -3.6895925998687744 -0.36862024664878845 
v -1.0341182947158813 -3.6789839267730713 -0.38278496265411377 
v -1.006606936454773 -3.694941759109497 -0.3768322765827179 
v -1.029078483581543 -3.6932895183563232 -0.40036553144454956 
v -1.0016295909881592 -3.7106478214263916 -0.3968004584312439 
v -1.027766227722168 -3.700425386428833 -0.4122335910797119 
v -0.999582052230835 -3.715067148208618 -0.40800631046295166 
v -0.999087393283844 -3.710322856903076 -0.4119747579097748 
v -1.0239585638046265 -3.696958303451538 -0.4171043634414673 
v -1.063739538192749 -3.6650760173797607 -0.39009466767311096 
v -1.0605958700180054 -3.6749844551086426 -0.405439168214798 
v -1.031569480895996 -3.6921749114990234 -0.40105104446411133 
v -1.0295463800430298 -3.699439764022827 -0.4138633906841278 
v -1.0579088926315308 -3.683504104614258 -0.41853833198547363 
v -1.0295463800430298 -3.699439764022827 -0.4138633906841278 
v -1.0579088926315308 -3.683504104614258 -0.41853833198547363 
v -1.0305311679840088 -3.6913962364196777 -0.4171440005302429 
v -1.057806372642517 -3.675976037979126 -0.4216300845146179 
v -1.0174059867858887 -3.730834722518921 -0.4592277705669403 
v -1.0171453952789307 -3.713610887527466 -0.4476325511932373 
v -1.020453929901123 -3.7342851161956787 -0.44431695342063904 
v -1.0185712575912476 -3.716036319732666 -0.44323039054870605 
v -1.0200039148330688 -3.7146975994110107 -0.4335727393627167 
v -1.0235174894332886 -3.73210072517395 -0.42528611421585083 
v -1.0260684490203857 -3.7222256660461426 -0.41344836354255676 
v -1.0215144157409668 -3.710569381713867 -0.4259832501411438 
v -1.027766227722168 -3.700425386428833 -0.4122335910797119 
v -1.0239585638046265 -3.696958303451538 -0.4171043634414673 
v -1.027766227722168 -3.700425386428833 -0.4122335910797119 
v -1.0287420749664307 -3.706418752670288 -0.40284639596939087 
v -1.0260684490203857 -3.7222256660461426 -0.41344836354255676 
v -1.015594720840454 -3.744417905807495 -0.4676053524017334 
v -1.0227599143981934 -3.7403345108032227 -0.4684937298297882 
v -1.0090665817260742 -3.7446417808532715 -0.46421051025390625 
v -1.0174059867858887 -3.730834722518921 -0.4592277705669403 
v -0.9927911162376404 -3.7446138858795166 -0.45459482073783875 
v -1.0448660850524902 -3.718035936355591 -0.46443432569503784 
v -1.047697901725769 -3.711672782897949 -0.46161070466041565 
v -1.0553243160247803 -3.675583839416504 -0.44077983498573303 
v -1.024134635925293 -3.7105917930603027 -0.4486864507198334 
v -0.9983143210411072 -3.7060322761535645 -0.4298188090324402 
v -1.0171453952789307 -3.713610887527466 -0.4476325511932373 
v -0.9908750057220459 -3.740412950515747 -0.4506450295448303 
v -1.4017962217330933 -3.605097770690918 -0.5088217854499817 
v -1.40780508518219 -3.5608980655670166 -0.49420469999313354 
v -1.4014463424682617 -3.5829110145568848 -0.5234201550483704 
v -1.4117509126663208 -3.5361461639404297 -0.4855613112449646 
v -1.4133639335632324 -3.5250277519226074 -0.48189830780029297 
v -1.412116289138794 -3.510671615600586 -0.5086095929145813 
v -1.415246605873108 -3.511993408203125 -0.4804876744747162 
v -1.4187490940093994 -3.473255157470703 -0.49778610467910767 
v -1.4265426397323608 -3.438616991043091 -0.4782283306121826 
v -1.4297709465026855 -3.41383695602417 -0.48599034547805786 
v -1.4407037496566772 -3.3590006828308105 -0.4701748192310333 
v -1.4405255317687988 -3.3592751026153564 -0.4721730351448059 
v -1.4415103197097778 -3.3532426357269287 -0.4708789885044098 
v -1.4418690204620361 -3.3535897731781006 -0.47027042508125305 
v -1.3979350328445435 -3.64854097366333 -0.5169591903686523 
v -1.3951611518859863 -3.65238356590271 -0.5347006320953369 
v -1.3955979347229004 -3.6887805461883545 -0.5207993984222412 
v -1.394169807434082 -3.6777236461639404 -0.5369343757629395 
v -1.3932673931121826 -3.7000670433044434 -0.5373517274856567 
v -1.3951456546783447 -3.700005292892456 -0.5216411352157593 
v -1.3944282531738281 -3.7091355323791504 -0.5240030884742737 
v -1.3926368951797485 -3.708172082901001 -0.5372864007949829 
v -1.3932629823684692 -3.7152352333068848 -0.5288505554199219 
v -1.4489362239837646 -3.3522512912750244 -0.4742901921272278 
v -1.4488470554351807 -3.3526265621185303 -0.4734671115875244 
v -1.4415103197097778 -3.3532426357269287 -0.4708789885044098 
v -1.4418690204620361 -3.3535897731781006 -0.47027042508125305 
v -1.4227616786956787 -3.5104923248291016 -0.48164883255958557 
v -1.4197204113006592 -3.508089542388916 -0.5097894072532654 
v -1.4208790063858032 -3.5232632160186768 -0.4830245077610016 
v -1.41944420337677 -3.534118413925171 -0.4865989089012146 
v -1.4091418981552124 -3.5806760787963867 -0.523993730545044 
v -1.4148722887039185 -3.560903787612915 -0.49420469999313354 
v -1.409132957458496 -3.6051032543182373 -0.5088217854499817 
v -1.4050936698913574 -3.6485466957092285 -0.5169591903686523 
v -1.4027676582336426 -3.650148630142212 -0.5352742075920105 
v -1.4014173746109009 -3.67549991607666 -0.5374566316604614 
v -1.4030238389968872 -3.686304807662964 -0.5211771130561829 
v -1.4006019830703735 -3.697854518890381 -0.5377644300460815 
v -1.4023933410644531 -3.697798490524292 -0.5220001935958862 
v -1.4019410610198975 -3.7072086334228516 -0.5242921710014343 
v -1.4003324508666992 -3.70625638961792 -0.5375218987464905 
v -1.4009562730789185 -3.7127649784088135 -0.5291746258735657 
v -1.4260858297348022 -3.473081588745117 -0.4990708529949188 
v -1.434238076210022 -3.4359004497528076 -0.4804270565509796 
v -1.4377338886260986 -3.412980079650879 -0.4883849322795868 
v -1.4480406045913696 -3.358020544052124 -0.47353240847587585 
v -1.4478601217269897 -3.358037233352661 -0.47538837790489197 
v -1.4488470554351807 -3.3526265621185303 -0.4734671115875244 
v -1.4489362239837646 -3.3522512912750244 -0.4742901921272278 
v -0.6253961324691772 -4.455027103424072 -0.5393965840339661 
v -0.6319776177406311 -4.449941158294678 -0.5399374961853027 
v -0.6178610324859619 -4.455105781555176 -0.5394548773765564 
v -0.6219561100006104 -4.441640377044678 -0.5408934950828552 
v -0.5976218581199646 -4.451386451721191 -0.5400983691215515 
v -0.6483266949653625 -4.4260969161987305 -0.5422854423522949 
v -0.6495164632797241 -4.418764591217041 -0.5430548787117004 
v -0.6460608243942261 -4.376967906951904 -0.5479350090026855 
v -0.6228740215301514 -4.417980670928955 -0.5435725450515747 
v -0.5907596349716187 -4.406385898590088 -0.5454658269882202 
v -0.615998387336731 -4.421755790710449 -0.5435864925384521 
v -0.5940815806388855 -4.4465861320495605 -0.5407698750495911 
v -1.4556469917297363 -3.34989857673645 -0.4858621060848236 
v -1.459403395652771 -3.3562448024749756 -0.4403088688850403 
v -1.4436380863189697 -3.4117701053619385 -0.4954195022583008 
v -1.4431835412979126 -3.4357826709747314 -0.4671623408794403 
v -1.4301875829696655 -3.508974313735962 -0.4829195737838745 
v -1.4330639839172363 -3.4723422527313232 -0.5046411156654358 
v -1.4274159669876099 -3.5057761669158936 -0.510952889919281 
v -1.4284831285476685 -3.521481990814209 -0.4842602610588074 
v -1.4266985654830933 -3.510498046875 -0.5119647979736328 
v -1.4269592761993408 -3.5323708057403564 -0.4875665307044983 
v -1.422748327255249 -3.556131362915039 -0.49760425090789795 
v -1.4167460203170776 -3.5787158012390137 -0.5245510339736938 
v -1.416202425956726 -3.6007959842681885 -0.512773871421814 
v -1.4124304056167603 -3.6446874141693115 -0.5196079611778259 
v -1.4106391668319702 -3.6479249000549316 -0.5357965230941772 
v -1.4106279611587524 -3.6838345527648926 -0.5215012431144714 
v -1.4089303016662598 -3.673539400100708 -0.5380115509033203 
v -1.4080301523208618 -3.695406675338745 -0.5379276275634766 
v -1.40981924533844 -3.6955859661102295 -0.5224152207374573 
v -1.4091908931732178 -3.7050297260284424 -0.5244904160499573 
v -1.407758355140686 -3.704066276550293 -0.5377737283706665 
v -1.4083821773529053 -3.71055269241333 -0.5295897126197815 
v -0.8451905250549316 -3.9360313415527344 -0.47597596049308777 
v -0.8080030083656311 -3.9567840099334717 -0.4736466407775879 
v -0.8497958183288574 -3.936994791030884 -0.47740989923477173 
v -0.8041797280311584 -3.962301254272461 -0.47396141290664673 
v -0.8268674612045288 -3.9579265117645264 -0.4772886633872986 
v -0.8049328327178955 -3.9706246852874756 -0.4754909574985504 
v -0.8272039294242859 -3.9734084606170654 -0.48312708735466003 
v -0.8061426281929016 -3.9859776496887207 -0.48164650797843933 
v -0.850406289100647 -3.943962574005127 -0.47903040051460266 
v -0.8515737652778625 -3.9586939811706543 -0.48478254675865173 
v -0.8292157649993896 -3.972529172897339 -0.4832390248775482 
v -0.8272039294242859 -3.9734084606170654 -0.48312708735466003 
v -0.8061426281929016 -3.9859776496887207 -0.48164650797843933 
v -0.8264196515083313 -3.9793179035186768 -0.4919033944606781 
v -0.8062272667884827 -3.99139404296875 -0.4901430010795593 
v -0.805623471736908 -3.988968849182129 -0.49681147933006287 
v -0.8249937295913696 -3.9774694442749023 -0.4981825053691864 
v -0.805623471736908 -3.988968849182129 -0.49681147933006287 
v -0.8249937295913696 -3.9774694442749023 -0.4981825053691864 
v -0.8045741319656372 -3.980437994003296 -0.5003882050514221 
v -0.8499629497528076 -3.952700614929199 -0.5035126209259033 
v -0.8299844264984131 -3.974416732788086 -0.4989449381828308 
v -0.8509944677352905 -3.961197853088379 -0.5002017021179199 
v -0.8509944677352905 -3.961197853088379 -0.5002017021179199 
v -0.8516383767127991 -3.9640655517578125 -0.4935914874076843 
v -0.8299844264984131 -3.974416732788086 -0.4989449381828308 
v -0.8296703100204468 -3.9772117137908936 -0.49184975028038025 
v -0.8515737652778625 -3.9586939811706543 -0.48478254675865173 
v -0.8292157649993896 -3.972529172897339 -0.4832390248775482 
v -0.6451584696769714 -4.336795806884766 -0.5039463043212891 
v -0.6506994962692261 -4.337523937225342 -0.5051867365837097 
v -0.6036909222602844 -4.367076396942139 -0.5008732080459595 
v -0.599780797958374 -4.373937606811523 -0.5005561113357544 
v -0.6264365911483765 -4.365743160247803 -0.5032654404640198 
v -0.6019798517227173 -4.384143352508545 -0.5009034872055054 
v -0.6294644474983215 -4.385364532470703 -0.5048766136169434 
v -0.6060348153114319 -4.402991771697998 -0.5023235082626343 
v -0.6305450201034546 -4.3964715003967285 -0.5136296153068542 
v -0.6080867648124695 -4.4130682945251465 -0.5107803344726562 
v -0.6524997353553772 -4.345903396606445 -0.5058838725090027 
v -0.6565546989440918 -4.364751815795898 -0.5071406364440918 
v -0.6316902041435242 -4.383784770965576 -0.5045478940010071 
v -0.6340897679328918 -4.392971038818359 -0.5135643482208252 
v -0.658484160900116 -4.374318599700928 -0.5164695382118225 
v -0.6080867648124695 -4.4130682945251465 -0.5107803344726562 
v -0.6305450201034546 -4.3964715003967285 -0.5136296153068542 
v -0.6074050068855286 -4.410614967346191 -0.5209183096885681 
v -0.6289074420928955 -4.394219875335693 -0.5232685804367065 
v -0.6074050068855286 -4.410614967346191 -0.5209183096885681 
v -0.6289074420928955 -4.394219875335693 -0.5232685804367065 
v -0.6053507924079895 -4.40156888961792 -0.5273653268814087 
v -0.6557525992393494 -4.3628082275390625 -0.5325672030448914 
v -0.6344841122627258 -4.390013217926025 -0.5241033434867859 
v -0.6579182147979736 -4.37238073348999 -0.5262764096260071 
v -0.6579182147979736 -4.37238073348999 -0.5262764096260071 
v -0.658484160900116 -4.374318599700928 -0.5164695382118225 
v -0.6344841122627258 -4.390013217926025 -0.5241033434867859 
v -0.6340897679328918 -4.392971038818359 -0.5135643482208252 
v -1.407758355140686 -3.704021453857422 -0.5380955338478088 
v -1.4080301523208618 -3.695389986038208 -0.5380885004997253 
v -1.4355838298797607 -3.696986436843872 -0.5383006930351257 
v -1.4355860948562622 -3.6875033378601074 -0.538564145565033 
v -1.4439032077789307 -3.695619583129883 -0.5384475588798523 
v -1.443907618522644 -3.6858510971069336 -0.5388346314430237 
v -1.435592770576477 -3.6675124168395996 -0.5407512187957764 
v -1.4437360763549805 -3.666123390197754 -0.5410566926002502 
v -1.4089303016662598 -3.6735169887542725 -0.5381724238395691 
v -1.4517991542816162 -3.3562393188476562 -0.4403088688850403 
v -1.4354902505874634 -3.435777187347412 -0.4671623408794403 
v -1.4482210874557495 -3.34989857673645 -0.4858621060848236 
v -1.4362143278121948 -3.4117701053619385 -0.4954195022583008 
v -1.4227616786956787 -3.5104923248291016 -0.48164883255958557 
v -1.4255489110946655 -3.4723422527313232 -0.5046411156654358 
v -1.4197204113006592 -3.508089542388916 -0.5097894072532654 
v -1.419094443321228 -3.512816905975342 -0.5107476711273193 
v -1.4208790063858032 -3.5232632160186768 -0.4830245077610016 
v -1.41944420337677 -3.534118413925171 -0.4865989089012146 
v -1.4091418981552124 -3.5806760787963867 -0.523993730545044 
v -1.4152332544326782 -3.556131362915039 -0.49760425090789795 
v -1.4087765216827393 -3.6007959842681885 -0.512773871421814 
v -1.4050936698913574 -3.6466031074523926 -0.5193724632263184 
v -1.4027676582336426 -3.650148630142212 -0.5352742075920105 
v -1.4014173746109009 -3.67549991607666 -0.5374566316604614 
v -1.4030238389968872 -3.686304807662964 -0.5211771130561829 
v -1.4006019830703735 -3.697854518890381 -0.5377644300460815 
v -1.4023933410644531 -3.697798490524292 -0.5220001935958862 
v -1.4019410610198975 -3.7072086334228516 -0.5242921710014343 
v -1.4003324508666992 -3.70625638961792 -0.5375218987464905 
v -1.4009562730789185 -3.7127649784088135 -0.5291746258735657 
v -1.4083821773529053 -3.71055269241333 -0.5295897126197815 
v -1.4019410610198975 -3.7072086334228516 -0.5242921710014343 
v -1.4091908931732178 -3.7050297260284424 -0.5244904160499573 
v -1.4023933410644531 -3.697798490524292 -0.5220001935958862 
v -1.40981924533844 -3.6955859661102295 -0.5224152207374573 
v -1.4030238389968872 -3.686304807662964 -0.5211771130561829 
v -1.4106279611587524 -3.6838345527648926 -0.5215012431144714 
v -1.4050936698913574 -3.6466031074523926 -0.5193724632263184 
v -1.4124304056167603 -3.6446874141693115 -0.5196079611778259 
v -1.4087765216827393 -3.6007959842681885 -0.512773871421814 
v -1.416202425956726 -3.6007959842681885 -0.512773871421814 
v -1.4152332544326782 -3.556131362915039 -0.49760425090789795 
v -1.422748327255249 -3.556131362915039 -0.49760425090789795 
v -1.41944420337677 -3.534118413925171 -0.4865989089012146 
v -1.4269592761993408 -3.5323708057403564 -0.4875665307044983 
v -1.4208790063858032 -3.5232632160186768 -0.4830245077610016 
v -1.4284831285476685 -3.521481990814209 -0.4842602610588074 
v -1.4227616786956787 -3.5104923248291016 -0.48164883255958557 
v -1.4301875829696655 -3.508974313735962 -0.4829195737838745 
v -1.4354902505874634 -3.435777187347412 -0.4671623408794403 
v -1.4431835412979126 -3.4357826709747314 -0.4671623408794403 
v -1.4517991542816162 -3.3562393188476562 -0.4403088688850403 
v -1.459403395652771 -3.3562448024749756 -0.4403088688850403 
v -1.4009562730789185 -3.7127649784088135 -0.5291746258735657 
v -1.4009562730789185 -3.7127649784088135 -0.5291746258735657 
v -1.4083821773529053 -3.71055269241333 -0.5295897126197815 
v -1.4003324508666992 -3.70625638961792 -0.5375218987464905 
v -1.407758355140686 -3.704066276550293 -0.5377737283706665 
v -1.4006019830703735 -3.697854518890381 -0.5377644300460815 
v -1.4080301523208618 -3.695406675338745 -0.5379276275634766 
v -1.4014173746109009 -3.67549991607666 -0.5374566316604614 
v -1.4089303016662598 -3.673539400100708 -0.5380115509033203 
v -1.4027676582336426 -3.650148630142212 -0.5352742075920105 
v -1.4106391668319702 -3.6479249000549316 -0.5357965230941772 
v -1.4091418981552124 -3.5806760787963867 -0.523993730545044 
v -1.4167460203170776 -3.5787158012390137 -0.5245510339736938 
v -1.419094443321228 -3.512816905975342 -0.5107476711273193 
v -1.4266985654830933 -3.510498046875 -0.5119647979736328 
v -1.4197204113006592 -3.508089542388916 -0.5097894072532654 
v -1.4274159669876099 -3.5057761669158936 -0.510952889919281 
v -1.4330639839172363 -3.4723422527313232 -0.5046411156654358 
v -1.4255489110946655 -3.4723422527313232 -0.5046411156654358 
v -1.4436380863189697 -3.4117701053619385 -0.4954195022583008 
v -1.4362143278121948 -3.4117701053619385 -0.4954195022583008 
v -1.4482210874557495 -3.34989857673645 -0.4858621060848236 
v -1.4556469917297363 -3.34989857673645 -0.4858621060848236 
v -1.4106279611587524 -3.683856964111328 -0.5213403701782227 
v -1.411349892616272 -3.665876865386963 -0.5205779075622559 
v -1.435768723487854 -3.6766817569732666 -0.5225644707679749 
v -1.4364906549453735 -3.6608917713165283 -0.5216038227081299 
v -1.4396209716796875 -3.6608917713165283 -0.5216038227081299 
v -1.4422143697738647 -3.661687135696411 -0.5217087268829346 
v -1.443557858467102 -3.6635634899139404 -0.5217950344085693 
v -1.4440925121307373 -3.6659722328186035 -0.5219535827636719 
v -1.4439120292663574 -3.6750965118408203 -0.5223522782325745 
v -1.443907618522644 -3.6874306201934814 -0.5229608416557312 
v -1.4357643127441406 -3.6887524127960205 -0.5231380462646484 
v -1.40981924533844 -3.6956307888031006 -0.5220934748649597 
v -1.4357620477676392 -3.698280096054077 -0.5245696902275085 
v -1.4091908931732178 -3.7050466537475586 -0.5243294835090637 
v -1.4357620477676392 -3.702862024307251 -0.5306878685951233 
v -1.4085626602172852 -3.7108213901519775 -0.5296246409416199 
v -1.444081425666809 -3.701467275619507 -0.531046986579895 
v -1.4440836906433105 -3.697176694869995 -0.5247515439987183 
v -1.459403395652771 -3.3562448024749756 -0.4403088688850403 
v -1.4556469917297363 -3.34989857673645 -0.4858621060848236 
v -1.4517991542816162 -3.3562393188476562 -0.4403088688850403 
v -1.4482210874557495 -3.34989857673645 -0.4858621060848236 
v -1.426513671875 -3.5271449089050293 -0.49641045928001404 
v -1.4284007549285889 -3.5071539878845215 -0.5006144046783447 
v -1.437519907951355 -3.524209976196289 -0.49819880723953247 
v -1.4378831386566162 -3.5053672790527344 -0.5019014477729797 
v -1.4538912773132324 -3.5206642150878906 -0.5005607604980469 
v -1.453628420829773 -3.501955986022949 -0.5032444596290588 
v -1.453889012336731 -3.52880859375 -0.4961399734020233 
v -1.4378741979599 -3.532029151916504 -0.49422571063041687 
v -1.426513671875 -3.5271449089050293 -0.49641045928001404 
v -1.4262440204620361 -3.535249948501587 -0.49231141805648804 
v -1.4262440204620361 -3.535249948501587 -0.49231141805648804 
v -1.4378741979599 -3.532029151916504 -0.49422571063041687 
v -1.4269592761993408 -3.5326790809631348 -0.4872797429561615 
v -1.4378741979599 -3.5297887325286865 -0.4887463450431824 
v -1.4540694952011108 -3.52663516998291 -0.4901803135871887 
v -1.453889012336731 -3.52880859375 -0.4961399734020233 
v -1.4269592761993408 -3.5326790809631348 -0.4872797429561615 
v -1.4378741979599 -3.5297887325286865 -0.4887463450431824 
v -1.4284831285476685 -3.5218069553375244 -0.4838126003742218 
v -1.4378786087036133 -3.519448757171631 -0.48535147309303284 
v -1.4540694952011108 -3.52663516998291 -0.4901803135871887 
v -1.4538935422897339 -3.5167770385742188 -0.48717716336250305 
v -1.4377026557922363 -3.507495641708374 -0.48392218351364136 
v -1.4538979530334473 -3.505333662033081 -0.48597636818885803 
v -1.4542566537857056 -3.4975199699401855 -0.4859157204627991 
v -1.4540807008743286 -3.4942879676818848 -0.4858667552471161 
v -1.4529176950454712 -3.4916160106658936 -0.48561960458755493 
v -1.451128602027893 -3.4894988536834717 -0.485337495803833 
v -1.4484460353851318 -3.488210678100586 -0.4848385155200958 
v -1.4389615058898926 -3.4859700202941895 -0.48339757323265076 
v -1.4301875829696655 -3.509019136428833 -0.48259779810905457 
v -1.434041976928711 -3.4850234985351562 -0.48239728808403015 
v -1.4176661968231201 -3.7754766941070557 -0.5548203587532043 
v -1.4256291389465332 -3.7730066776275635 -0.5551444292068481 
v -1.4106881618499756 -3.7731075286865234 -0.5543400645256042 
v -1.4225009679794312 -3.760118007659912 -0.5546244978904724 
v -1.3930668830871582 -3.766386032104492 -0.5520806908607483 
v -1.4510416984558105 -3.7539734840393066 -0.5562589764595032 
v -1.4547111988067627 -3.747476100921631 -0.5564268827438354 
v -1.4658199548721313 -3.705965042114258 -0.556072473526001 
v -1.4259989261627197 -3.736637592315674 -0.5546571612358093 
v -1.4021170139312744 -3.7212228775024414 -0.5507493019104004 
v -1.4188404083251953 -3.7395951747894287 -0.5547224283218384 
v -1.39145827293396 -3.7607510089874268 -0.5518218874931335 
v -1.162346363067627 -4.03863525390625 -0.5127389430999756 
v -1.1154959201812744 -4.060194492340088 -0.5115078091621399 
v -1.167856216430664 -4.040186882019043 -0.5136692523956299 
v -1.1101754903793335 -4.066126346588135 -0.511486828327179 
v -1.138136863708496 -4.063196659088135 -0.5129324197769165 
v -1.1102890968322754 -4.076292514801025 -0.5120207667350769 
v -1.137354850769043 -4.081131935119629 -0.518798828125 
v -1.1106590032577515 -4.0934157371521 -0.5177892446517944 
v -1.1365638971328735 -4.090245246887207 -0.5266121625900269 
v -1.1110399961471558 -4.101974010467529 -0.5258846879005432 
v -1.1679631471633911 -4.049014091491699 -0.5143663883209229 
v -1.1683241128921509 -4.066944122314453 -0.5196475982666016 
v -1.1398524045944214 -4.080577373504639 -0.5187056064605713 
v -1.1407281160354614 -4.089130401611328 -0.5256468653678894 
v -1.1686761379241943 -4.075771331787109 -0.5269315838813782 
v -1.1110399961471558 -4.101974010467529 -0.5258846879005432 
v -1.1365638971328735 -4.090245246887207 -0.5266121625900269 
v -1.1113474369049072 -4.099039077758789 -0.5348522067070007 
v -1.1358731985092163 -4.08811092376709 -0.5349664688110352 
v -1.1113474369049072 -4.099039077758789 -0.5348522067070007 
v -1.1358731985092163 -4.08811092376709 -0.5349664688110352 
v -1.1114610433578491 -4.08967399597168 -0.5402056574821472 
v -1.1690794229507446 -4.063740253448486 -0.5407115817070007 
v -1.1422876119613647 -4.085646629333496 -0.5347286462783813 
v -1.1689656972885132 -4.073099613189697 -0.5353605151176453 
v -1.1689656972885132 -4.073099613189697 -0.5353605151176453 
v -1.1686761379241943 -4.075771331787109 -0.5269315838813782 
v -1.1422876119613647 -4.085646629333496 -0.5347286462783813 
v -1.1407281160354614 -4.089130401611328 -0.5256468653678894 
v -1.4188404083251953 -3.7395951747894287 -0.5547224283218384 
v -1.419466495513916 -3.7380211353302 -0.5503156185150146 
v -1.4259989261627197 -3.736637592315674 -0.5546571612358093 
v -1.4258207082748413 -3.735724687576294 -0.5513718724250793 
v -1.419466495513916 -3.7380211353302 -0.5503156185150146 
v -1.419646978378296 -3.731910228729248 -0.5414857268333435 
v -1.4258207082748413 -3.735724687576294 -0.5513718724250793 
v -1.4260011911392212 -3.7291319370269775 -0.5420966148376465 
v -1.4196513891220093 -3.719419479370117 -0.5278806090354919 
v -1.4260056018829346 -3.716921091079712 -0.5284215211868286 
v -1.4213579893112183 -3.6992380619049072 -0.5213729739189148 
v -1.4251166582107544 -3.6978490352630615 -0.5216784477233887 
v -1.4225009679794312 -3.760118007659912 -0.5546244978904724 
v -1.4188404083251953 -3.7395951747894287 -0.5547224283218384 
v -1.421787977218628 -3.7545673847198486 -0.5416185855865479 
v -1.419466495513916 -3.7380211353302 -0.5503156185150146 
v -1.419646978378296 -3.731910228729248 -0.5414857268333435 
v -1.4228663444519043 -3.7419307231903076 -0.5250476598739624 
v -1.4228730201721191 -3.723625898361206 -0.5125756859779358 
v -1.4196513891220093 -3.719419479370117 -0.5278806090354919 
v -1.4213579893112183 -3.6992380619049072 -0.5213729739189148 
v -1.4228798151016235 -3.7030467987060547 -0.5090152621269226 
v -1.4231516122817993 -3.6887805461883545 -0.5127832293510437 
v -1.4227060079574585 -3.6881027221679688 -0.5219069123268127 
v -1.4238711595535278 -3.678429365158081 -0.5215968489646912 
v -1.4225009679794312 -3.760118007659912 -0.5546244978904724 
v -1.4259989261627197 -3.736637592315674 -0.5546571612358093 
v -1.421787977218628 -3.7545673847198486 -0.5416185855865479 
v -1.4258207082748413 -3.735724687576294 -0.5513718724250793 
v -1.4260011911392212 -3.7291319370269775 -0.5420966148376465 
v -1.4228663444519043 -3.7419307231903076 -0.5250476598739624 
v -1.4228730201721191 -3.723625898361206 -0.5125756859779358 
v -1.4260056018829346 -3.716921091079712 -0.5284215211868286 
v -1.4251166582107544 -3.6978490352630615 -0.5216784477233887 
v -1.4228798151016235 -3.7030467987060547 -0.5090152621269226 
v -1.4231516122817993 -3.6887805461883545 -0.5127832293510437 
v -1.4244951009750366 -3.6875314712524414 -0.5221564173698425 
v -1.4238711595535278 -3.678429365158081 -0.5215968489646912 
v -0.833930253982544 -4.024766445159912 -0.5139234066009521 
v -0.8276740312576294 -4.02517557144165 -0.5135549902915955 
v -0.8393598794937134 -4.020604610443115 -0.5142055153846741 
v -0.8307040929794312 -4.0135416984558105 -0.5138161182403564 
v -0.8526208996772766 -4.000272274017334 -0.5148537158966064 
v -0.8534987568855286 -3.994065999984741 -0.5149376392364502 
v -0.8499518036842346 -3.9588396549224854 -0.5151032209396362 
v -0.8312767148017883 -3.993976354598999 -0.5141705274581909 
v -0.8042867183685303 -3.9844093322753906 -0.5130980014801025 
v -0.825577437877655 -3.9970178604125977 -0.5139980316162109 
v -0.807699978351593 -4.01829719543457 -0.5128881335258484 
v -0.8107323050498962 -4.022313117980957 -0.5129231214523315 
v -1.142820119857788 -4.153332233428955 -0.5444795489311218 
v -1.135492205619812 -4.152861595153809 -0.5449155569076538 
v -1.1496801376342773 -4.148722171783447 -0.5447103977203369 
v -1.1404473781585693 -4.139709949493408 -0.5465733408927917 
v -1.1679987907409668 -4.126081943511963 -0.5468461513519287 
v -1.1696676015853882 -4.118844985961914 -0.5477601289749146 
v -1.169696569442749 -4.077116012573242 -0.5539343357086182 
v -1.1431275606155396 -4.116145610809326 -0.5497793555259705 
v -1.112075924873352 -4.102254390716553 -0.5535916090011597 
v -1.1360046863555908 -4.11942195892334 -0.5500428080558777 
v -1.112227439880371 -4.142644882202148 -0.5477858185768127 
v -1.1154625415802002 -4.147966384887695 -0.5467995405197144 
v -1.4489362239837646 -3.3522512912750244 -0.4742901921272278 
v -1.4415103197097778 -3.3532426357269287 -0.4708789885044098 
v -1.4478601217269897 -3.358037233352661 -0.47538837790489197 
v -1.4405255317687988 -3.3592751026153564 -0.4721730351448059 
v -1.4377338886260986 -3.412980079650879 -0.4883849322795868 
v -1.4297709465026855 -3.41383695602417 -0.48599034547805786 
v -1.4260858297348022 -3.473081588745117 -0.4990708529949188 
v -1.4187490940093994 -3.473255157470703 -0.49778610467910767 
v -1.4197204113006592 -3.508089542388916 -0.5097894072532654 
v -1.412116289138794 -3.510671615600586 -0.5086095929145813 
v -1.4091418981552124 -3.5806760787963867 -0.523993730545044 
v -1.4014463424682617 -3.5829110145568848 -0.5234201550483704 
v -1.4027676582336426 -3.650148630142212 -0.5352742075920105 
v -1.3951611518859863 -3.65238356590271 -0.5347006320953369 
v -1.4014173746109009 -3.67549991607666 -0.5374566316604614 
v -1.394169807434082 -3.6777236461639404 -0.5369343757629395 
v -1.4006019830703735 -3.697854518890381 -0.5377644300460815 
v -1.3932673931121826 -3.7000670433044434 -0.5373517274856567 
v -1.4003324508666992 -3.70625638961792 -0.5375218987464905 
v -1.3926368951797485 -3.708172082901001 -0.5372864007949829 
v -1.4009562730789185 -3.7127649784088135 -0.5291746258735657 
v -1.3932629823684692 -3.7152352333068848 -0.5288505554199219 
v -1.3932629823684692 -3.7152352333068848 -0.5288505554199219 
v -1.3944282531738281 -3.7091355323791504 -0.5240030884742737 
v -1.4009562730789185 -3.7127649784088135 -0.5291746258735657 
v -1.4019410610198975 -3.7072086334228516 -0.5242921710014343 
v -1.3951456546783447 -3.700005292892456 -0.5216411352157593 
v -1.4023933410644531 -3.697798490524292 -0.5220001935958862 
v -1.3955979347229004 -3.6887805461883545 -0.5207993984222412 
v -1.4030238389968872 -3.686304807662964 -0.5211771130561829 
v -1.3979350328445435 -3.64854097366333 -0.5169591903686523 
v -1.4050936698913574 -3.6485466957092285 -0.5169591903686523 
v -1.4017962217330933 -3.605097770690918 -0.5088217854499817 
v -1.409132957458496 -3.6051032543182373 -0.5088217854499817 
v -1.40780508518219 -3.5608980655670166 -0.49420469999313354 
v -1.4148722887039185 -3.560903787612915 -0.49420469999313354 
v -1.4117509126663208 -3.5361461639404297 -0.4855613112449646 
v -1.41944420337677 -3.534118413925171 -0.4865989089012146 
v -1.4133639335632324 -3.5250277519226074 -0.48189830780029297 
v -1.4208790063858032 -3.5232632160186768 -0.4830245077610016 
v -1.415246605873108 -3.511993408203125 -0.4804876744747162 
v -1.4227616786956787 -3.5104923248291016 -0.48164883255958557 
v -1.4265426397323608 -3.438616991043091 -0.4782283306121826 
v -1.434238076210022 -3.4359004497528076 -0.4804270565509796 
v -1.4407037496566772 -3.3590006828308105 -0.4701748192310333 
v -1.4480406045913696 -3.358020544052124 -0.47353240847587585 
v -1.4418690204620361 -3.3535897731781006 -0.47027042508125305 
v -1.4488470554351807 -3.3526265621185303 -0.4734671115875244 
v -1.394169807434082 -3.677661895751953 -0.5374169945716858 
v -1.3932673931121826 -3.6999998092651367 -0.5378879904747009 
v -1.3289450407028198 -3.699092388153076 -0.5343881845474243 
v -1.3289361000061035 -3.7220070362091064 -0.5346073508262634 
v -1.3927282094955444 -3.7083961963653564 -0.5376431941986084 
v -1.3289339542388916 -3.72856068611145 -0.5340104699134827 
v -1.3935303688049316 -3.7155041694641113 -0.528885543346405 
v -1.3291099071502686 -3.736217498779297 -0.5251642465591431 
v -1.3291099071502686 -3.736217498779297 -0.5251642465591431 
v -1.3289339542388916 -3.730470657348633 -0.5197082161903381 
v -1.3935303688049316 -3.7155041694641113 -0.528885543346405 
v -1.3944282531738281 -3.7094435691833496 -0.5237162709236145 
v -1.3289361000061035 -3.722712993621826 -0.5171480774879456 
v -1.3951456546783447 -3.700050115585327 -0.5213193297386169 
v -1.330907940864563 -3.7120201587677 -0.516376256942749 
v -1.3955979347229004 -3.688847780227661 -0.5203167796134949 
v -1.3332362174987793 -3.7044808864593506 -0.5162433981895447 
v -1.346664309501648 -3.681375503540039 -0.5155065655708313 
v -1.3493468761444092 -3.6781492233276367 -0.5154016613960266 
v -1.3523011207580566 -3.6751694679260254 -0.5154972672462463 
v -1.3561489582061768 -3.6727216243743896 -0.5156604647636414 
v -1.3602640628814697 -3.670537233352661 -0.5158586502075195 
v -1.3965915441513062 -3.6537389755249023 -0.5184701085090637 
v -1.4076402187347412 -3.5139427185058594 -0.49012434482574463 
v -1.4043316841125488 -3.510906934738159 -0.48857614398002625 
v -1.4096075296401978 -3.51975679397583 -0.4728538990020752 
v -1.4062989950180054 -3.516463279724121 -0.47121474146842957 
v -1.4011099338531494 -3.5144693851470947 -0.4881797432899475 
v -1.403077244758606 -3.520020008087158 -0.4708719849586487 
v -1.4225990772247314 -3.4655253887176514 -0.47881820797920227 
v -1.415246605873108 -3.512038230895996 -0.48016589879989624 
v -1.4059559106826782 -3.4737370014190674 -0.4738611578941345 
v -1.405851125717163 -3.5141499042510986 -0.47843116521835327 
v -1.384212851524353 -3.4847042560577393 -0.46850770711898804 
v -1.3784868717193604 -3.4877512454986572 -0.4678804874420166 
v -1.3748173713684082 -3.4918346405029297 -0.4676053524017334 
v -1.3719521760940552 -3.497469425201416 -0.4678665101528168 
v -1.3707869052886963 -3.503854990005493 -0.4685543477535248 
v -1.3704215288162231 -3.5233473777770996 -0.4721357524394989 
v -1.406116247177124 -3.5265679359436035 -0.4804690182209015 
v -1.3707756996154785 -3.5365214347839355 -0.47454431653022766 
v -1.4058444499969482 -3.5378825664520264 -0.48464733362197876 
v -1.3705930709838867 -3.5479648113250732 -0.47977885603904724 
v -1.4119291305541992 -3.536162853240967 -0.4854004383087158 
v -1.4133639335632324 -3.5250723361968994 -0.4815765619277954 
v -1.3707712888717651 -3.5498859882354736 -0.4835794270038605 
v -1.4058444499969482 -3.5403189659118652 -0.48862743377685547 
v -1.3705930709838867 -3.5479648113250732 -0.47977885603904724 
v -1.4058444499969482 -3.5378825664520264 -0.48464733362197876 
v -1.4111225605010986 -3.538846015930176 -0.48957639932632446 
v -1.4119291305541992 -3.536162853240967 -0.4854004383087158 
v -1.4418690204620361 -3.3536345958709717 -0.4699486494064331 
v -1.4408819675445557 -3.359050989151001 -0.4697994291782379 
v -1.4259432554244995 -3.3581995964050293 -0.46199777722358704 
v -1.4250476360321045 -3.3633248805999756 -0.4620280861854553 
v -1.4237018823623657 -3.3702144622802734 -0.46294674277305603 
v -1.424149751663208 -3.372298002243042 -0.4635506570339203 
v -1.4250431060791016 -3.3735358715057373 -0.46437138319015503 
v -1.4269213676452637 -3.374197006225586 -0.465495228767395 
v -1.4290691614151 -3.373804807662964 -0.4664232134819031 
v -1.4386428594589233 -3.3712899684906006 -0.47110515832901 
v -1.4096075296401978 -3.51975679397583 -0.4728538990020752 
v -1.4076402187347412 -3.5139427185058594 -0.49012434482574463 
v -1.4064749479293823 -3.523336172103882 -0.47229430079460144 
v -1.4045099020004272 -3.5175163745880127 -0.48962071537971497 
v -1.403077244758606 -3.520020008087158 -0.4708719849586487 
v -1.4011099338531494 -3.5144693851470947 -0.4881797432899475 
v -0.8307040929794312 -4.0135416984558105 -0.5138161182403564 
v -0.8307241201400757 -4.010528087615967 -0.500847578048706 
v -0.8312767148017883 -3.993976354598999 -0.5141705274581909 
v -0.8312143087387085 -3.9939091205596924 -0.509642481803894 
v -0.8312767148017883 -3.9916741847991943 -0.5043449997901917 
v -0.8306639790534973 -4.005346775054932 -0.4923347532749176 
v -0.8303030729293823 -3.9974098205566406 -0.48427191376686096 
v -0.830817699432373 -3.9846389293670654 -0.4997633397579193 
v -0.8296703100204468 -3.9772117137908936 -0.49184975028038025 
v -0.8299844264984131 -3.974416732788086 -0.4989449381828308 
v -0.8296836614608765 -3.98825740814209 -0.47872495651245117 
v -0.8289662599563599 -3.977015733718872 -0.47527411580085754 
v -0.8292157649993896 -3.972529172897339 -0.4832390248775482 
v -0.8268674612045288 -3.9579265117645264 -0.4772886633872986 
v -0.825577437877655 -3.9970178604125977 -0.5139980316162109 
v -0.8312767148017883 -3.993976354598999 -0.5141705274581909 
v -0.8261590003967285 -3.9966650009155273 -0.5095235705375671 
v -0.8312143087387085 -3.9939091205596924 -0.509642481803894 
v -0.8261923789978027 -3.9941892623901367 -0.5043286681175232 
v -0.8312767148017883 -3.9916741847991943 -0.5043449997901917 
v -0.8261923789978027 -3.9941892623901367 -0.5043286681175232 
v -0.8312767148017883 -3.9916741847991943 -0.5043449997901917 
v -0.8257534503936768 -3.987372398376465 -0.49977734684944153 
v -0.830817699432373 -3.9846389293670654 -0.4997633397579193 
v -0.8249937295913696 -3.9774694442749023 -0.4981825053691864 
v -0.8299844264984131 -3.974416732788086 -0.4989449381828308 
v -0.8307040929794312 -4.0135416984558105 -0.5138161182403564 
v -0.825577437877655 -3.9970178604125977 -0.5139980316162109 
v -0.8307241201400757 -4.010528087615967 -0.500847578048706 
v -0.8261590003967285 -3.9966650009155273 -0.5095235705375671 
v -0.8261923789978027 -3.9941892623901367 -0.5043286681175232 
v -0.8306639790534973 -4.005346775054932 -0.4923347532749176 
v -0.8303030729293823 -3.9974098205566406 -0.48427191376686096 
v -0.8257534503936768 -3.987372398376465 -0.49977734684944153 
v -0.8264196515083313 -3.9793179035186768 -0.4919033944606781 
v -0.8249937295913696 -3.9774694442749023 -0.4981825053691864 
v -0.8296836614608765 -3.98825740814209 -0.47872495651245117 
v -0.8289662599563599 -3.977015733718872 -0.47527411580085754 
v -0.8272039294242859 -3.9734084606170654 -0.48312708735466003 
v -0.8268674612045288 -3.9579265117645264 -0.4772886633872986 
v -0.8409885168075562 2.3260037899017334 -0.8142969012260437 
v -0.8426862955093384 2.3197526931762695 -0.8070385456085205 
v -0.84251469373703 2.3404605388641357 -0.8135647773742676 
v -0.8463557958602905 2.3261382579803467 -0.7972479462623596 
v -0.8477817177772522 2.3122358322143555 -0.7890452742576599 
v -0.8440253138542175 2.3102080821990967 -0.8014752268791199 
v -0.8450925350189209 2.294031858444214 -0.7900035381317139 
v -0.842857837677002 2.2991065979003906 -0.8032799363136292 
v -0.8398099541664124 2.283456563949585 -0.8007804155349731 
v -0.8384708762168884 2.2895114421844482 -0.8109463453292847 
v -0.8356947898864746 2.280263900756836 -0.8101909160614014 
v -0.8409885168075562 2.3260037899017334 -0.8142969012260437 
v -0.8426862955093384 2.3197526931762695 -0.8070385456085205 
v -0.8534207940101624 2.3216347694396973 -0.8138352632522583 
v -0.8541359901428223 2.318828582763672 -0.8106292486190796 
v -0.8440253138542175 2.3102080821990967 -0.8014752268791199 
v -0.8553858995437622 2.3089983463287354 -0.8049377202987671 
v -0.842857837677002 2.2991065979003906 -0.8032799363136292 
v -0.8535923361778259 2.297168493270874 -0.805142879486084 
v -0.8384708762168884 2.2895114421844482 -0.8109463453292847 
v -0.8506380319595337 2.2879207134246826 -0.8134738206863403 
v -0.84251469373703 2.3404605388641357 -0.8135647773742676 
v -0.8463557958602905 2.3261382579803467 -0.7972479462623596 
v -0.849134087562561 2.3414857387542725 -0.8131170868873596 
v -0.8527969121932983 2.3269054889678955 -0.796937882900238 
v -0.8543142080307007 2.312168598175049 -0.788508951663971 
v -0.8477817177772522 2.3122358322143555 -0.7890452742576599 
v -0.8514445424079895 2.293135643005371 -0.7892923951148987 
v -0.8450925350189209 2.294031858444214 -0.7900035381317139 
v -0.8459837436676025 2.2812440395355225 -0.8003327250480652 
v -0.8398099541664124 2.283456563949585 -0.8007804155349731 
v -0.8512618541717529 2.281714677810669 -0.8043058514595032 
v -0.8565422296524048 2.292267322540283 -0.7933681011199951 
v -0.849134087562561 2.3414857387542725 -0.8131170868873596 
v -0.8527969121932983 2.3269054889678955 -0.796937882900238 
v -0.8549469709396362 2.336663007736206 -0.8133619427680969 
v -0.8578076958656311 2.32521390914917 -0.8008410334587097 
v -0.8541359901428223 2.318828582763672 -0.8106292486190796 
v -0.8553858995437622 2.3089983463287354 -0.8049377202987671 
v -0.8592336177825928 2.311025857925415 -0.7925077676773071 
v -0.8535923361778259 2.297168493270874 -0.805142879486084 
v -0.8565422296524048 2.292267322540283 -0.7933681011199951 
v -0.8506380319595337 2.2879207134246826 -0.8134738206863403 
v -0.8512618541717529 2.281714677810669 -0.8043058514595032 
v -0.8476836681365967 2.278292179107666 -0.8140707612037659 
v -0.8534207940101624 2.3216347694396973 -0.8138352632522583 
v -0.8543142080307007 2.312168598175049 -0.788508951663971 
v -0.8514445424079895 2.293135643005371 -0.7892923951148987 
v -0.8398099541664124 2.283456563949585 -0.8007804155349731 
v -0.8356947898864746 2.280263900756836 -0.8101909160614014 
v -0.8459837436676025 2.2812440395355225 -0.8003327250480652 
v -0.8408815860748291 2.276987075805664 -0.8121028542518616 
v -0.8476836681365967 2.278292179107666 -0.8140707612037659 
v -0.8512618541717529 2.281714677810669 -0.8043058514595032 
v -0.8797646760940552 2.1709272861480713 -0.8040703535079956 
v -0.8727843165397644 2.1669559478759766 -0.8182560205459595 
v -0.8877230882644653 2.1619372367858887 -0.8055159449577332 
v -0.8785971999168396 2.1569128036499023 -0.8244535326957703 
v -0.8713472485542297 2.14943528175354 -0.8181557655334473 
v -0.8820862174034119 2.1557533740997314 -0.7965088486671448 
v -0.8921077847480774 2.163119077682495 -0.7859488129615784 
v -0.8941664695739746 2.167280912399292 -0.7982995510101318 
v -0.906424880027771 2.1745009422302246 -0.7842723727226257 
v -0.9028467535972595 2.174635410308838 -0.7967746257781982 
v -0.9160008430480957 2.1831884384155273 -0.7939650416374207 
v -0.9109900593757629 2.1814017295837402 -0.8038628101348877 
v -0.9189529418945312 2.1879327297210693 -0.8067353963851929 
v -0.912959635257721 2.187927007675171 -0.7907357215881348 
v -0.9173465371131897 2.1942732334136963 -0.8056581616401672 
v -0.9114423394203186 2.1972084045410156 -0.803135335445404 
v -0.9084880352020264 2.192425012588501 -0.7923258543014526 
v -0.9026684761047363 2.1786906719207764 -0.7809474468231201 
v -0.8877230882644653 2.1619372367858887 -0.8055159449577332 
v -0.8941664695739746 2.167280912399292 -0.7982995510101318 
v -0.8797646760940552 2.1709272861480713 -0.8040703535079956 
v -0.8866536021232605 2.176259756088257 -0.7968003153800964 
v -0.9028467535972595 2.174635410308838 -0.7967746257781982 
v -0.8961382508277893 2.1829307079315186 -0.7939953207969666 
v -0.9109900593757629 2.1814017295837402 -0.8038628101348877 
v -0.903120756149292 2.1903915405273438 -0.8001322150230408 
v -0.8713472485542297 2.14943528175354 -0.8181557655334473 
v -0.8820862174034119 2.1557533740997314 -0.7965088486671448 
v -0.8666974306106567 2.1530144214630127 -0.8142479658126831 
v -0.8770776987075806 2.1589574813842773 -0.7939510345458984 
v -0.8666974306106567 2.1530144214630127 -0.8142479658126831 
v -0.8770776987075806 2.1589574813842773 -0.7939510345458984 
v -0.8649997115135193 2.159534215927124 -0.8124409317970276 
v -0.8741278052330017 2.164754629135132 -0.7951168417930603 
v -0.8844166994094849 2.17209792137146 -0.7843959927558899 
v -0.8875448107719421 2.1667935848236084 -0.7828477621078491 
v -0.8990034461021423 2.183748483657837 -0.7826892137527466 
v -0.9026684761047363 2.1786906719207764 -0.7809474468231201 
v -0.9084880352020264 2.192425012588501 -0.7923258543014526 
v -0.912959635257721 2.187927007675171 -0.7907357215881348 
v -0.8820862174034119 2.1557533740997314 -0.7965088486671448 
v -0.8921077847480774 2.163119077682495 -0.7859488129615784 
v -0.906424880027771 2.1745009422302246 -0.7842723727226257 
v -0.9114423394203186 2.1972084045410156 -0.803135335445404 
v -0.903120756149292 2.1903915405273438 -0.8001322150230408 
v -0.9084880352020264 2.192425012588501 -0.7923258543014526 
v -0.8990034461021423 2.183748483657837 -0.7826892137527466 
v -0.8961382508277893 2.1829307079315186 -0.7939953207969666 
v -0.8844166994094849 2.17209792137146 -0.7843959927558899 
v -0.8866536021232605 2.176259756088257 -0.7968003153800964 
v -0.8741278052330017 2.164754629135132 -0.7951168417930603 
v -0.8797646760940552 2.1709272861480713 -0.8040703535079956 
v -0.8649997115135193 2.159534215927124 -0.8124409317970276 
v -0.8727843165397644 2.1669559478759766 -0.8182560205459595 
v -0.908405601978302 1.9391134977340698 -0.8261370062828064 
v -0.9163640141487122 1.9303643703460693 -0.8273354768753052 
v -0.9014275074005127 1.9353774785995483 -0.8400755524635315 
v -0.9072381258010864 1.9253344535827637 -0.8462706804275513 
v -0.899990439414978 1.9178566932678223 -0.8399729132652283 
v -0.9109054207801819 1.924180507659912 -0.8183259963989258 
v -0.9208378195762634 1.9312773942947388 -0.8077986240386963 
v -0.9229878783226013 1.935439109802246 -0.8202029466629028 
v -0.9350658655166626 1.9429279565811157 -0.8060919046401978 
v -0.9314876794815063 1.9427990913391113 -0.818678081035614 
v -0.9446417689323425 1.9513466358184814 -0.8158147931098938 
v -0.9396309852600098 1.9495598077774048 -0.8257149457931519 
v -0.9477765560150146 1.9563597440719604 -0.8285548686981201 
v -0.9417810440063477 1.9563485383987427 -0.812555193901062 
v -0.9460788369178772 1.962694764137268 -0.8274776935577393 
v -0.9402637481689453 1.9653722047805786 -0.8250387907028198 
v -0.9373094439506531 1.960857629776001 -0.8141989707946777 
v -0.931489884853363 1.9468488693237305 -0.802797257900238 
v -0.9163640141487122 1.9303643703460693 -0.8273354768753052 
v -0.9229878783226013 1.935439109802246 -0.8202029466629028 
v -0.908405601978302 1.9391134977340698 -0.8261370062828064 
v -0.9152076840400696 1.944686770439148 -0.8186197876930237 
v -0.9314876794815063 1.9427990913391113 -0.818678081035614 
v -0.9249618649482727 1.9513522386550903 -0.8158147931098938 
v -0.9396309852600098 1.9495598077774048 -0.8257149457931519 
v -0.9317617416381836 1.9585498571395874 -0.8219820261001587 
v -0.899990439414978 1.9178566932678223 -0.8399729132652283 
v -0.9109054207801819 1.924180507659912 -0.8183259963989258 
v -0.8953383564949036 1.9211726188659668 -0.836097776889801 
v -0.9057186245918274 1.9273844957351685 -0.8158241510391235 
v -0.8953383564949036 1.9211726188659668 -0.836097776889801 
v -0.9057186245918274 1.9273844957351685 -0.8158241510391235 
v -0.8938188552856445 1.9276925325393677 -0.8342930674552917 
v -0.9028578996658325 1.9329129457473755 -0.8169666528701782 
v -0.9130576848983765 1.9405250549316406 -0.8062131404876709 
v -0.9163662195205688 1.9349573850631714 -0.804697573184967 
v -0.9276443719863892 1.9521700143814087 -0.8045086860656738 
v -0.931489884853363 1.9468488693237305 -0.802797257900238 
v -0.9373094439506531 1.960857629776001 -0.8141989707946777 
v -0.9417810440063477 1.9563485383987427 -0.812555193901062 
v -0.9109054207801819 1.924180507659912 -0.8183259963989258 
v -0.9208378195762634 1.9312773942947388 -0.8077986240386963 
v -0.9350658655166626 1.9429279565811157 -0.8060919046401978 
v -0.9402637481689453 1.9653722047805786 -0.8250387907028198 
v -0.9317617416381836 1.9585498571395874 -0.8219820261001587 
v -0.9373094439506531 1.960857629776001 -0.8141989707946777 
v -0.9276443719863892 1.9521700143814087 -0.8045086860656738 
v -0.9249618649482727 1.9513522386550903 -0.8158147931098938 
v -0.9130576848983765 1.9405250549316406 -0.8062131404876709 
v -0.9152076840400696 1.944686770439148 -0.8186197876930237 
v -0.9028578996658325 1.9329129457473755 -0.8169666528701782 
v -0.908405601978302 1.9391134977340698 -0.8261370062828064 
v -0.8938188552856445 1.9276925325393677 -0.8342930674552917 
v -0.9014275074005127 1.9353774785995483 -0.8400755524635315 
v -0.9497617483139038 1.4628608226776123 -0.8940460085868835 
v -0.9562028646469116 1.4691622257232666 -0.8767569065093994 
v -0.9435856938362122 1.452358365058899 -0.8917539715766907 
v -0.951996386051178 1.4619253873825073 -0.8679269552230835 
v -0.9596941471099854 1.4714194536209106 -0.8571151494979858 
v -0.9610376358032227 1.4758220911026 -0.8692746758460999 
v -0.9707918167114258 1.4859659671783447 -0.8549001216888428 
v -0.9674810171127319 1.4850585460662842 -0.8676891326904297 
v -0.9783090949058533 1.4965299367904663 -0.8644807934761047 
v -0.9739243984222412 1.4936397075653076 -0.8741827607154846 
v -0.980280876159668 1.5019351243972778 -0.8760294318199158 
v -0.9741070866584778 1.5004676580429077 -0.8613470792770386 
v -0.9772418737411499 1.5074187517166138 -0.8745627999305725 
v -0.9659615159034729 1.4891027212142944 -0.8518083691596985 
v -0.9497617483139038 1.4628608226776123 -0.8940460085868835 
v -0.9408162832260132 1.469408631324768 -0.8923998475074768 
v -0.9562028646469116 1.4691622257232666 -0.8767569065093994 
v -0.9462771415710449 1.4763038158416748 -0.875584065914154 
v -0.9562028646469116 1.4691622257232666 -0.8767569065093994 
v -0.9462771415710449 1.4763038158416748 -0.875584065914154 
v -0.9610376358032227 1.4758220911026 -0.8692746758460999 
v -0.9513770341873169 1.4829356670379639 -0.8679409623146057 
v -0.9674810171127319 1.4850585460662842 -0.8676891326904297 
v -0.9589856266975403 1.491752028465271 -0.8650473952293396 
v -0.9739243984222412 1.4936397075653076 -0.8741827607154846 
v -0.9641768932342529 1.5001035928726196 -0.8696081042289734 
v -0.9435856938362122 1.452358365058899 -0.8917539715766907 
v -0.951996386051178 1.4619253873825073 -0.8679269552230835 
v -0.9381271004676819 1.4548734426498413 -0.8879720568656921 
v -0.9462726712226868 1.4637961387634277 -0.8655276894569397 
v -0.9381271004676819 1.4548734426498413 -0.8879720568656921 
v -0.9462726712226868 1.4637961387634277 -0.8655276894569397 
v -0.9349098801612854 1.4591470956802368 -0.8876293301582336 
v -0.9420684576034546 1.4687981605529785 -0.866786777973175 
v -0.9462771415710449 1.4763038158416748 -0.875584065914154 
v -0.9513770341873169 1.4829356670379639 -0.8679409623146057 
v -0.9499444365501404 1.4782698154449463 -0.8558140993118286 
v -0.9589856266975403 1.491752028465271 -0.8650473952293396 
v -0.9612225890159607 1.4930795431137085 -0.853515088558197 
v -0.9641768932342529 1.5001035928726196 -0.8696081042289734 
v -0.9686506986618042 1.5039124488830566 -0.8631168007850647 
v -0.9707984924316406 1.508763074874878 -0.8722288608551025 
v -0.954416036605835 1.4737552404403687 -0.854116678237915 
v -0.9408162832260132 1.469408631324768 -0.8923998475074768 
v -0.9462726712226868 1.4637961387634277 -0.8655276894569397 
v -0.951996386051178 1.4619253873825073 -0.8679269552230835 
v -0.954416036605835 1.4737552404403687 -0.854116678237915 
v -0.9596941471099854 1.4714194536209106 -0.8571151494979858 
v -0.9659615159034729 1.4891027212142944 -0.8518083691596985 
v -0.9707918167114258 1.4859659671783447 -0.8549001216888428 
v -0.9499444365501404 1.4782698154449463 -0.8558140993118286 
v -0.9612225890159607 1.4930795431137085 -0.853515088558197 
v -0.9686506986618042 1.5039124488830566 -0.8631168007850647 
v -0.9741070866584778 1.5004676580429077 -0.8613470792770386 
v -0.9707984924316406 1.508763074874878 -0.8722288608551025 
v -0.9772418737411499 1.5074187517166138 -0.8745627999305725 
v -0.9741070866584778 1.5004676580429077 -0.8613470792770386 
v -0.9707984924316406 1.508763074874878 -0.8722288608551025 
v -0.9257750511169434 1.706117868423462 -0.8595936894416809 
v -0.933735728263855 1.697391152381897 -0.8609553575515747 
v -0.9187947511672974 1.7021410465240479 -0.8737257719039917 
v -0.9246076345443726 1.6923668384552002 -0.8799442648887634 
v -0.9172685742378235 1.68488347530365 -0.8735928535461426 
v -0.928185760974884 1.6912128925323486 -0.8519995212554932 
v -0.9380268454551697 1.6983097791671753 -0.8414698243141174 
v -0.9401768445968628 1.702449083328247 -0.8536620140075684 
v -0.952435314655304 1.7096747159957886 -0.8396348357200623 
v -0.9487680196762085 1.7098259925842285 -0.8522979617118835 
v -0.9619221687316895 1.718373417854309 -0.8494347333908081 
v -0.9569113850593567 1.7168331146240234 -0.8591413497924805 
v -0.9649655818939209 1.7231065034866333 -0.8620978593826294 
v -0.9588809609413147 1.7233754396438599 -0.8461750745773315 
v -0.9632678627967834 1.7297216653823853 -0.8610975742340088 
v -0.9576310515403748 1.7323709726333618 -0.8584418296813965 
v -0.954500675201416 1.7278844118118286 -0.847818911075592 
v -0.9485898017883301 1.7141220569610596 -0.8362236618995667 
v -0.933735728263855 1.697391152381897 -0.8609553575515747 
v -0.9401768445968628 1.702449083328247 -0.8536620140075684 
v -0.9257750511169434 1.706117868423462 -0.8595936894416809 
v -0.9325749278068542 1.71169114112854 -0.8520764708518982 
v -0.9487680196762085 1.7098259925842285 -0.8522979617118835 
v -0.942150890827179 1.718379020690918 -0.8494347333908081 
v -0.9569113850593567 1.7168331146240234 -0.8591413497924805 
v -0.949131190776825 1.7255542278289795 -0.8554410338401794 
v -0.9172685742378235 1.68488347530365 -0.8735928535461426 
v -0.928185760974884 1.6912128925323486 -0.8519995212554932 
v -0.9126187562942505 1.688199520111084 -0.8697176575660706 
v -0.9230858683586121 1.694411277770996 -0.8494440317153931 
v -0.9126187562942505 1.688199520111084 -0.8697176575660706 
v -0.9230858683586121 1.694411277770996 -0.8494440317153931 
v -0.9110101461410522 1.6947025060653687 -0.8678033947944641 
v -0.920136034488678 1.699945330619812 -0.8506378531455994 
v -0.9304271340370178 1.7075574398040771 -0.8398866653442383 
v -0.9335575103759766 1.7019785642623901 -0.8383151292800903 
v -0.9450138807296753 1.7191743850708008 -0.8379653692245483 
v -0.9485898017883301 1.7141220569610596 -0.8362236618995667 
v -0.954500675201416 1.7278844118118286 -0.847818911075592 
v -0.9588809609413147 1.7233754396438599 -0.8461750745773315 
v -0.928185760974884 1.6912128925323486 -0.8519995212554932 
v -0.9380268454551697 1.6983097791671753 -0.8414698243141174 
v -0.952435314655304 1.7096747159957886 -0.8396348357200623 
v -0.9576310515403748 1.7323709726333618 -0.8584418296813965 
v -0.949131190776825 1.7255542278289795 -0.8554410338401794 
v -0.954500675201416 1.7278844118118286 -0.847818911075592 
v -0.9450138807296753 1.7191743850708008 -0.8379653692245483 
v -0.920136034488678 1.699945330619812 -0.8506378531455994 
v -0.9257750511169434 1.706117868423462 -0.8595936894416809 
v -0.9110101461410522 1.6947025060653687 -0.8678033947944641 
v -0.9187947511672974 1.7021410465240479 -0.8737257719039917 
vn 0.15216277539730072 -0.8532917499542236 -0.4987381398677826 
vn 0.11490167677402496 -0.8546722531318665 -0.5062933564186096 
vn 0.15972043573856354 -0.9831010103225708 0.08945280313491821 
vn -0.2828448414802551 -0.9486666917800903 0.1415284425020218 
vn -0.211560919880867 -0.9705126285552979 0.11553031951189041 
vn -0.19294579327106476 -0.840499222278595 -0.5062933564186096 
vn -0.1484433114528656 -0.8539466261863708 -0.4987381398677826 
vn -0.1559937298297882 -0.9836992025375366 0.08945280313491821 
vn -0.11115577071905136 -0.8551675081253052 -0.5062933564186096 
vn 0.999997615814209 0 0.002184694167226553 
vn 0.999997615814209 0 0.002184694167226553 
vn 0.999997615814209 0 0.002184694167226553 
vn 0.999997615814209 0 0.002184694167226553 
vn 0.999997615814209 0 0.002184694167226553 
vn 0.999997615814209 0 0.002184694167226553 
vn 0.999997615814209 0 0.002184694167226553 
vn 0.999997615814209 0 0.002184694167226553 
vn 0.999997615814209 0 0.002184694167226553 
vn 0.999997615814209 0 0.002184694167226553 
vn 0.999997615814209 0 0.002184694167226553 
vn 0.999997615814209 0 0.002184694167226553 
vn 0.999997615814209 0 0.002184694167226553 
vn 0.999997615814209 0 0.002184694167226553 
vn 0.999997615814209 0 0.002184694167226553 
vn 0.999997615814209 0 0.002184694167226553 
vn 0.999997615814209 0 0.002184694167226553 
vn 0.999997615814209 0 0.002184694167226553 
vn 0.999997615814209 0 0.002184694167226553 
vn 0.999997615814209 0 0.002184694167226553 
vn -2.7237398127948412e-14 0.26338833570480347 0.9646899104118347 
vn -2.7237398127948412e-14 0.26338833570480347 0.9646899104118347 
vn -2.7237398127948412e-14 0.26338833570480347 0.9646899104118347 
vn -2.7237398127948412e-14 0.26338833570480347 0.9646899104118347 
vn 0.00376924779266119 0.707868754863739 0.7063339352607727 
vn 0.00376924779266119 0.707868754863739 0.7063339352607727 
vn 0.00376924779266119 0.707868754863739 0.7063339352607727 
vn 0.00376924779266119 0.707868754863739 0.7063339352607727 
vn -0.0018859562696889043 0.9641103148460388 0.26549527049064636 
vn -0.0018859562696889043 0.9641103148460388 0.26549527049064636 
vn -0.0018859562696889043 0.9641103148460388 0.26549527049064636 
vn -0.0018859562696889043 0.9641103148460388 0.26549527049064636 
vn 0.0037766085006296635 0.9641047716140747 -0.26549527049064636 
vn 0.0037766085006296635 0.9641047716140747 -0.26549527049064636 
vn 0.0037766085006296635 0.9641047716140747 -0.26549527049064636 
vn 0.0037766085006296635 0.9641047716140747 -0.26549527049064636 
vn 0.0018891204381361604 0.6891175508499146 -0.7246471047401428 
vn 0.0018891204381361604 0.6891175508499146 -0.7246471047401428 
vn 0.0018891204381361604 0.6891175508499146 -0.7246471047401428 
vn 0.0018891204381361604 0.6891175508499146 -0.7246471047401428 
vn -0.0018934921827167273 0.25916382670402527 -0.9658315181732178 
vn -0.0018934921827167273 0.25916382670402527 -0.9658315181732178 
vn -0.0018934921827167273 0.25916382670402527 -0.9658315181732178 
vn -0.0018934921827167273 0.25916382670402527 -0.9658315181732178 
vn -0.0018934921827167273 -0.25916382670402527 -0.9658315181732178 
vn -0.0018934921827167273 -0.25916382670402527 -0.9658315181732178 
vn -0.0018934921827167273 -0.25916382670402527 -0.9658315181732178 
vn -0.0018934921827167273 -0.25916382670402527 -0.9658315181732178 
vn -0.001889626495540142 -0.7109557390213013 -0.7032341957092285 
vn -0.001889626495540142 -0.7109557390213013 -0.7032341957092285 
vn -0.001889626495540142 -0.7109557390213013 -0.7032341957092285 
vn -0.001889626495540142 -0.7109557390213013 -0.7032341957092285 
vn -0.0018840150441974401 0.454570472240448 0.8907088041305542 
vn -0.0018840150441974401 0.454570472240448 0.8907088041305542 
vn -0.0018840150441974401 0.454570472240448 0.8907088041305542 
vn -0.0018840150441974401 0.454570472240448 0.8907088041305542 
vn 0.001889859326183796 -0.5305745005607605 -0.8476362228393555 
vn 0.001889859326183796 -0.5305745005607605 -0.8476362228393555 
vn 0.001889859326183796 -0.5305745005607605 -0.8476362228393555 
vn 0.001889859326183796 -0.5305745005607605 -0.8476362228393555 
vn 0.0018830278422683477 0.4231640100479126 0.9060511589050293 
vn 0.0018830278422683477 0.4231640100479126 0.9060511589050293 
vn 0.0018830278422683477 0.4231640100479126 0.9060511589050293 
vn 0.0018830278422683477 0.4231640100479126 0.9060511589050293 
vn 2.703748479986924e-14 -0.0872766524553299 -0.9961841106414795 
vn 2.703748479986924e-14 -0.0872766524553299 -0.9961841106414795 
vn 2.703748479986924e-14 -0.0872766524553299 -0.9961841106414795 
vn 2.703748479986924e-14 -0.0872766524553299 -0.9961841106414795 
vn 0.0037600426003336906 0.31356194615364075 0.949560284614563 
vn 0.0037600426003336906 0.31356194615364075 0.949560284614563 
vn 0.0037600426003336906 0.31356194615364075 0.949560284614563 
vn 0.0037600426003336906 0.31356194615364075 0.949560284614563 
vn 0.001910788007080555 0.074186772108078 -0.9972425103187561 
vn 0.001910788007080555 0.074186772108078 -0.9972425103187561 
vn 0.001910788007080555 0.074186772108078 -0.9972425103187561 
vn 0.001910788007080555 0.074186772108078 -0.9972425103187561 
vn 0.003763624932616949 0.4815858006477356 0.8763908743858337 
vn 0.003763624932616949 0.4815858006477356 0.8763908743858337 
vn 0.003763624932616949 0.4815858006477356 0.8763908743858337 
vn 0.003763624932616949 0.4815858006477356 0.8763908743858337 
vn -4.467330368476685e-14 0.4310697019100189 0.9023185968399048 
vn -4.467330368476685e-14 0.4310697019100189 0.9023185968399048 
vn -4.467330368476685e-14 0.4310697019100189 0.9023185968399048 
vn -4.467330368476685e-14 0.4310697019100189 0.9023185968399048 
vn 0.0018905691104009748 -0.41523003578186035 -0.9097144603729248 
vn 0.0018905691104009748 -0.41523003578186035 -0.9097144603729248 
vn 0.0018905691104009748 -0.41523003578186035 -0.9097144603729248 
vn 0.0018905691104009748 -0.41523003578186035 -0.9097144603729248 
vn -0.0018891593208536506 -0.26338157057762146 -0.9646899104118347 
vn -0.0018891593208536506 -0.26338157057762146 -0.9646899104118347 
vn -0.0018891593208536506 -0.26338157057762146 -0.9646899104118347 
vn -0.0018891593208536506 -0.26338157057762146 -0.9646899104118347 
vn -0.999997615814209 -2.0682260971124217e-13 0.002184694167226553 
vn -0.999997615814209 -2.0682260971124217e-13 0.002184694167226553 
vn -0.999997615814209 -2.0682260971124217e-13 0.002184694167226553 
vn -0.999997615814209 -2.0682260971124217e-13 0.002184694167226553 
vn -0.999997615814209 -2.0682260971124217e-13 0.002184694167226553 
vn -0.999997615814209 -2.0682260971124217e-13 0.002184694167226553 
vn -0.999997615814209 -2.0682260971124217e-13 0.002184694167226553 
vn -0.999997615814209 -2.0682260971124217e-13 0.002184694167226553 
vn -0.999997615814209 -2.0682260971124217e-13 0.002184694167226553 
vn -0.999997615814209 -2.0682260971124217e-13 0.002184694167226553 
vn -0.999997615814209 -2.0682260971124217e-13 0.002184694167226553 
vn -0.999997615814209 -2.0682260971124217e-13 0.002184694167226553 
vn -0.999997615814209 -2.0682260971124217e-13 0.002184694167226553 
vn -0.999997615814209 -2.0682260971124217e-13 0.002184694167226553 
vn -0.999997615814209 -2.0682260971124217e-13 0.002184694167226553 
vn -0.999997615814209 -2.0682260971124217e-13 0.002184694167226553 
vn -0.999997615814209 -2.0682260971124217e-13 0.002184694167226553 
vn -0.999997615814209 -2.0682260971124217e-13 0.002184694167226553 
vn -0.999997615814209 -2.0682260971124217e-13 0.002184694167226553 
vn -0.999997615814209 -2.0682260971124217e-13 0.002184694167226553 
vn 0.999997615814209 0 0.002184694167226553 
vn 0.999997615814209 0 0.002184694167226553 
vn 0.999997615814209 0 0.002184694167226553 
vn 0.999997615814209 0 0.002184694167226553 
vn 0.999997615814209 0 0.002184694167226553 
vn 0.999997615814209 0 0.002184694167226553 
vn 0.999997615814209 0 0.002184694167226553 
vn 0.999997615814209 0 0.002184694167226553 
vn -0.999997615814209 -2.0682260971124217e-13 0.002184694167226553 
vn -0.999997615814209 -2.0682260971124217e-13 0.002184694167226553 
vn -0.999997615814209 -2.0682260971124217e-13 0.002184694167226553 
vn -0.999997615814209 -2.0682260971124217e-13 0.002184694167226553 
vn -0.999997615814209 -2.0682260971124217e-13 0.002184694167226553 
vn -0.999997615814209 -2.0682260971124217e-13 0.002184694167226553 
vn -0.999997615814209 -2.0682260971124217e-13 0.002184694167226553 
vn -0.999997615814209 -2.0682260971124217e-13 0.002184694167226553 
vn -0.0018687433330342174 0.2081882208585739 0.9780870079994202 
vn -0.0018687433330342174 0.2081882208585739 0.9780870079994202 
vn -0.0018687433330342174 0.2081882208585739 0.9780870079994202 
vn -0.0018687433330342174 0.2081882208585739 0.9780870079994202 
vn -4.2025868326805646e-14 0.40726879239082336 0.913308322429657 
vn -4.2025868326805646e-14 0.40726879239082336 0.913308322429657 
vn -4.2025868326805646e-14 0.40726879239082336 0.913308322429657 
vn -4.2025868326805646e-14 0.40726879239082336 0.913308322429657 
vn 0.0037633744068443775 0.5342631936073303 0.8453097939491272 
vn 0.0037633744068443775 0.5342631936073303 0.8453097939491272 
vn 0.0037633744068443775 0.5342631936073303 0.8453097939491272 
vn 0.0037633744068443775 0.5342631936073303 0.8453097939491272 
vn 0.0037777165416628122 -0.4112381339073181 -0.9115201234817505 
vn 0.0037777165416628122 -0.4112381339073181 -0.9115201234817505 
vn 0.0037777165416628122 -0.4112381339073181 -0.9115201234817505 
vn 0.0037777165416628122 -0.4112381339073181 -0.9115201234817505 
vn 1.6551380220813233e-13 -0.5342764258384705 -0.8453097939491272 
vn 1.6551380220813233e-13 -0.5342764258384705 -0.8453097939491272 
vn 1.6551380220813233e-13 -0.5342764258384705 -0.8453097939491272 
vn 1.6551380220813233e-13 -0.5342764258384705 -0.8453097939491272 
vn 0.0018953474937006831 -0.2039121836423874 -0.9789873361587524 
vn 0.0018953474937006831 -0.2039121836423874 -0.9789873361587524 
vn 0.0018953474937006831 -0.2039121836423874 -0.9789873361587524 
vn 0.0018953474937006831 -0.2039121836423874 -0.9789873361587524 
vn -0.10958535969257355 -0.3201310336589813 -0.9410139322280884 
vn -0.06401268392801285 -0.450044721364975 -0.8907088041305542 
vn -0.10041175037622452 -0.31881430745124817 -0.9424833655357361 
vn -0.08238096535205841 -0.30257001519203186 -0.949560284614563 
vn -0.05465753376483917 -0.42361143231391907 -0.9041935205459595 
vn -0.0581352636218071 -0.2741106450557709 -0.9599394202232361 
vn 0.12235451489686966 -0.945041298866272 -0.30319350957870483 
vn 0.1503659188747406 -0.9590239524841309 -0.2401314377784729 
vn -0.02079777978360653 -0.5738954544067383 -0.8186644315719604 
vn 0.20988407731056213 -0.9680518507957458 -0.1372016966342926 
vn 0.20988407731056213 -0.9680518507957458 -0.1372016966342926 
vn 0.1503659188747406 -0.9590239524841309 -0.2401314377784729 
vn 0.2793099880218506 -0.6017069816589355 0.7482877969741821 
vn 0.2366919368505478 -0.5578792691230774 0.7954543828964233 
vn 0.19753669202327728 -0.554348349571228 0.8085030317306519 
vn 0.12235451489686966 -0.945041298866272 -0.30319350957870483 
vn 0.2793099880218506 -0.6017069816589355 0.7482877969741821 
vn 0.2366919368505478 -0.5578792691230774 0.7954543828964233 
vn 0.20725500583648682 -0.10812480002641678 0.9722933769226074 
vn 0.17351990938186646 -0.07999377697706223 0.9815762042999268 
vn 0.19753669202327728 -0.554348349571228 0.8085030317306519 
vn 0.14542905986309052 -0.058221012353897095 0.9876541495323181 
vn 0.16368305683135986 0.05869092047214508 0.9847655892372131 
vn 0.13066063821315765 0.07831497490406036 0.9883291721343994 
vn 0.1293901652097702 0.11616777628660202 0.9847655892372131 
vn 0.1342681646347046 0.11049356311559677 0.9847655892372131 
vn 0.1293901652097702 0.11616777628660202 0.9847655892372131 
vn 0.14415742456912994 0.10473649948835373 0.9839963912963867 
vn 0.15709255635738373 0.09286074340343475 0.983208417892456 
vn 0.16670876741409302 0.09336140006780624 0.9815762042999268 
vn 0.19021934270858765 0.044513039290905 0.9807319641113281 
vn 0.1859268695116043 0.09368579089641571 0.9780870079994202 
vn 0.05731447413563728 0.07698670029640198 0.9953833818435669 
vn 0.025624651461839676 0.07886456698179245 0.9965559244155884 
vn 0.057460762560367584 0.08224204927682877 0.994954526424408 
vn 0.020038198679685593 0.07596973329782486 0.9969087839126587 
vn 0.012886669486761093 0.07308393716812134 0.9972425103187561 
vn 0.005545822903513908 0.07400386035442352 0.9972425103187561 
vn -0.0018418359104543924 0.07854640483856201 0.9969087839126587 
vn 0.012943034991621971 0.06864376366138458 0.9975572824478149 
vn -0.01832805946469307 0.08977676928043365 0.9957932829856873 
vn -0.006750544533133507 0.020776038989424706 0.9997613430023193 
vn 0.039297256618738174 0.027641072869300842 0.9988451600074768 
vn 0.06838401407003403 -0.028826279565691948 0.9972425103187561 
vn 0.12401654571294785 -0.39628204703330994 0.9097144603729248 
vn 0.17053812742233276 -0.41294458508491516 0.8946471214294434 
vn 0.21524614095687866 -0.9697019457817078 0.11553031951189041 
vn 0.2828448414802551 -0.9486666917800903 0.1415284425020218 
vn 0.15972043573856354 -0.9831010103225708 0.08945280313491821 
vn 0.0822204053401947 -0.39888304471969604 0.913308322429657 
vn 0.2828448414802551 -0.9486666917800903 0.1415284425020218 
vn 0.19662664830684662 -0.8396457433700562 -0.5062933564186096 
vn 0.21524614095687866 -0.9697019457817078 0.11553031951189041 
vn 0.15216277539730072 -0.8532917499542236 -0.4987381398677826 
vn 0.15972043573856354 -0.9831010103225708 0.08945280313491821 
vn -0.00759991817176342 -0.13048554956912994 -0.991421103477478 
vn -0.011346928775310516 -0.15623874962329865 -0.9876541495323181 
vn -0.007571603637188673 -0.13482490181922913 -0.990840494632721 
vn -0.024471836164593697 -0.18949748575687408 -0.9815762042999268 
vn -0.03754059970378876 -0.1741889864206314 -0.9839963912963867 
vn -0.04330891743302345 -0.23834888637065887 -0.9702134728431702 
vn -0.020759545266628265 -0.20715904235839844 -0.9780870079994202 
vn -0.020799273625016212 -0.24135708808898926 -0.9702134728431702 
vn -0.020789654925465584 -0.16396228969097137 -0.9862475395202637 
vn 0.28453707695007324 -0.9343363642692566 0.21460255980491638 
vn 0.15711946785449982 -0.2996770143508911 0.9410139322280884 
vn 0.18607227504253387 -0.3975474238395691 0.8985171914100647 
vn 0.09521419554948807 -0.04348286613821983 0.9945066571235657 
vn 0.09133139997720718 -0.007373033091425896 0.9957932829856873 
vn 0.06852200627326965 0.06720591336488724 0.9953833818435669 
vn 0.06310801208019257 0.07231375575065613 0.9953833818435669 
vn 0.056072086095809937 0.041658248752355576 0.9975572824478149 
vn 0.057160668075084686 0.021678181365132332 0.9981296062469482 
vn 0.0018539319280534983 -0.10030980408191681 0.994954526424408 
vn 3.511785385602352e-14 -0.1133599802851677 0.9935539960861206 
vn 0.0018801316618919373 -0.25494125485420227 0.9669547080993652 
vn 0.02253945916891098 -0.2624221742153168 0.9646899104118347 
vn 0.1852155476808548 -0.26324090361595154 0.946783721446991 
vn 0.20961180329322815 -0.23877930641174316 0.9481810927391052 
vn 0.20948295295238495 -0.12166653573513031 0.9702134728431702 
vn 0.2083752453327179 -0.0736236572265625 0.9752739667892456 
vn 0.20048922300338745 -0.037253737449645996 0.9789873361587524 
vn 0.19966718554496765 -0.058981698006391525 0.9780870079994202 
vn 0.0037324668373912573 -0.13065338134765625 0.991421103477478 
vn 0.0018653111765161157 -0.1436787098646164 0.9896226525306702 
vn 5.919202438310969e-14 -0.19107110798358917 0.9815762042999268 
vn 5.919202438310969e-14 -0.19107110798358917 0.9815762042999268 
vn 0.2900703251361847 -0.9464823603630066 0.1415284425020218 
vn 0.2900703251361847 -0.9464823603630066 0.1415284425020218 
vn 0.28453707695007324 -0.9343363642692566 0.21460255980491638 
vn 0.11633697897195816 -0.6017998456954956 -0.790128231048584 
vn 0.08462125062942505 -0.4895840585231781 -0.8678402304649353 
vn -0.02453645132482052 -0.14158040285110474 -0.9896226525306702 
vn -0.030048634856939316 -0.13165166974067688 -0.990840494632721 
vn -0.07566472142934799 -0.09575030952692032 -0.9925254583358765 
vn -0.08652681112289429 -0.0797898918390274 -0.9930492043495178 
vn -0.10405971109867096 -0.011317175813019276 -0.9945066571235657 
vn -0.10875212401151657 0.007604689337313175 -0.9940398335456848 
vn -0.12001699209213257 0.051770273596048355 -0.991421103477478 
vn -0.12313101440668106 0.06527993083000183 -0.9902410507202148 
vn -0.21328485012054443 0.08477026224136353 -0.9733054637908936 
vn -0.2163301706314087 0.08858253806829453 -0.9722933769226074 
vn -0.2039947658777237 0.08501071482896805 -0.9752739667892456 
vn -0.21334825456142426 0.09554126113653183 -0.9722933769226074 
vn -0.010922610759735107 0.018918516114354134 -0.9997613430023193 
vn 0.0040505328215658665 0.012466258369386196 -0.9999141097068787 
vn 0.0037933827843517065 0.02151334285736084 -0.9997613430023193 
vn 0.0037933827843517065 0.02151334285736084 -0.9997613430023193 
vn 0.0037933827843517065 0.02151334285736084 -0.9997613430023193 
vn 0.0037933827843517065 0.02151334285736084 -0.9997613430023193 
vn 0.9788953065872192 -0.18773406744003296 -0.08074574917554855 
vn 0.9805018305778503 -0.17267608642578125 -0.09380380809307098 
vn 0.9799337387084961 -0.18024392426013947 -0.08510008454322815 
vn 0.9817823767662048 -0.16523975133895874 -0.09380380809307098 
vn 0.9837322235107422 -0.1504557877779007 -0.0981530249118805 
vn 0.9804189205169678 -0.16541683673858643 -0.10684575140476227 
vn 0.9852854609489441 -0.14287547767162323 -0.09380380809307098 
vn 0.9873379468917847 -0.12792421877384186 -0.09380380809307098 
vn 0.9869021773338318 -0.1280239075422287 -0.0981530249118805 
vn 0.9864674210548401 -0.12796750664710999 -0.10250037163496017 
vn 0.9854679703712463 -0.13544945418834686 -0.10250037163496017 
vn 0.9873526692390442 -0.11301179975271225 -0.1111890971660614 
vn 0.9918744564056396 -0.0904613584280014 -0.08945280313491821 
vn 0.993131697177887 -0.07541624456644058 -0.08945280313491821 
vn 0.9928513765335083 -0.06791289150714874 -0.0981530249118805 
vn 0.9914697408676147 -0.06033635511994362 -0.11553031951189041 
vn 0.9899320602416992 -0.06787767261266708 -0.1242060661315918 
vn 0.9919641613960266 -0.060366444289684296 -0.1111890971660614 
vn 0.9924396276473999 -0.06039537861943245 -0.10684575140476227 
vn 0.9928697943687439 -0.05285358428955078 -0.10684575140476227 
vn 0.9928697943687439 -0.05285358428955078 -0.10684575140476227 
vn 0.9928697943687439 -0.05285358428955078 -0.10684575140476227 
vn -0.980667233467102 0.1801566481590271 0.0763898640871048 
vn -0.9803295731544495 0.1800946146249771 0.08074574917554855 
vn -0.981919527053833 0.16909179091453552 0.08510008454322815 
vn -0.9787129163742065 0.180241659283638 0.0981530249118805 
vn -0.9837322235107422 0.1504557877779007 0.0981530249118805 
vn -0.980452299118042 0.16521891951560974 0.10684575140476227 
vn -0.9848455786705017 0.14298658072948456 0.0981530249118805 
vn -0.9869021773338318 0.1280239075422287 0.0981530249118805 
vn -0.9882128834724426 0.12423161417245865 0.08945280313491821 
vn -0.9869021773338318 0.1280239075422287 0.0981530249118805 
vn -0.9872825741767883 0.10920580476522446 0.11553031951189041 
vn -0.9862162470817566 0.13919655978679657 0.08945280313491821 
vn -0.9922101497650146 0.0867018923163414 0.08945280313491821 
vn -0.9899187684059143 0.07544633746147156 0.11986933648586273 
vn -0.9891096949577332 0.07168903201818466 0.12854042649269104 
vn -0.9909519553184509 0.06037803739309311 0.11986933648586273 
vn -0.9916918277740479 0.056569553911685944 0.11553031951189041 
vn -0.9920929670333862 0.049033548682928085 0.11553031951189041 
vn -0.9928731918334961 0.05278981104493141 0.10684575140476227 
vn -0.9916918277740479 0.056569553911685944 0.11553031951189041 
vn -0.9916918277740479 0.056569553911685944 0.11553031951189041 
vn -0.9907177686691284 0.07163132727146149 0.11553031951189041 
vn -1.0341130485562108e-13 0.999997615814209 0.002184694167226553 
vn -1.0341130485562108e-13 0.999997615814209 0.002184694167226553 
vn -1.0341130485562108e-13 0.999997615814209 0.002184694167226553 
vn -1.0341130485562108e-13 0.999997615814209 0.002184694167226553 
vn 0.14340205490589142 -0.21588265895843506 0.9658315181732178 
vn 0.11923129856586456 -0.13241977989673615 0.9839963912963867 
vn 0.08217374235391617 -0.04959210753440857 0.9953833818435669 
vn 0.08217374235391617 -0.04959210753440857 0.9953833818435669 
vn 0.09557869285345078 -0.07588139176368713 0.9925254583358765 
vn 0.10091399401426315 -0.07606995850801468 0.9919826984405518 
vn 0.20369172096252441 -0.30526867508888245 0.9302261471748352 
vn 0.26619523763656616 -0.42844799160957336 0.8634653687477112 
vn 0.41936877369880676 -0.8571538925170898 0.2990269064903259 
vn 0.4209807515144348 -0.8673450350761414 0.26549527049064636 
vn 0.10676009207963943 -0.08958235383033752 0.9902410507202148 
vn 0.21794971823692322 -0.3249162435531616 0.9202865362167358 
vn 0.26864004135131836 -0.4401834011077881 0.8567795157432556 
vn 0.4225832521915436 -0.8625997304916382 0.2781098484992981 
vn 0.4260397255420685 -0.8635677099227905 0.26970529556274414 
vn 0.4209807515144348 -0.8673450350761414 0.26549527049064636 
vn 0.41936877369880676 -0.8571538925170898 0.2990269064903259 
vn 0.3295455873012543 -0.79929518699646 -0.5025205612182617 
vn 0.26940110325813293 -0.6775543689727783 -0.6843559741973877 
vn 0.3295455873012543 -0.79929518699646 -0.5025205612182617 
vn 0.26940110325813293 -0.6775543689727783 -0.6843559741973877 
vn 0.19463452696800232 -0.540283203125 -0.8186644315719604 
vn 0.19078142940998077 -0.5186383128166199 -0.8334367275238037 
vn 0.2552940249443054 -0.6829947829246521 -0.6843559741973877 
vn 0.3054971396923065 -0.7301294803619385 -0.6112139225006104 
vn 0.3054971396923065 -0.7301294803619385 -0.6112139225006104 
vn 0.4260397255420685 -0.8635677099227905 0.26970529556274414 
vn 0.2552940249443054 -0.6829947829246521 -0.6843559741973877 
vn 0.4225832521915436 -0.8625997304916382 0.2781098484992981 
vn -0.014896565116941929 0.10360788553953171 0.9945066571235657 
vn -0.012988914735615253 0.0950956791639328 0.9953833818435669 
vn -0.012988914735615253 0.0950956791639328 0.9953833818435669 
vn -0.014896565116941929 0.10360788553953171 0.9945066571235657 
vn -0.02211543545126915 0.11118180304765701 0.9935539960861206 
vn -0.011044598184525967 0.09096045047044754 0.9957932829856873 
vn -0.020254243165254593 0.09826117753982544 0.994954526424408 
vn -0.022249912843108177 0.10228119790554047 0.9945066571235657 
vn -0.020319050177931786 0.09380318224430084 0.9953833818435669 
vn -0.020254243165254593 0.09826117753982544 0.994954526424408 
vn -0.025556590408086777 0.0834510326385498 0.9961841106414795 
vn -0.02211543545126915 0.11118180304765701 0.9935539960861206 
vn -0.023692212998867035 -0.031373560428619385 0.9992268681526184 
vn -0.01960691064596176 -0.05327830836176872 0.9983872175216675 
vn -0.01960691064596176 -0.05327830836176872 0.9983872175216675 
vn -0.01960691064596176 -0.05327830836176872 0.9983872175216675 
vn -0.016513584181666374 -0.07235074043273926 0.9972425103187561 
vn -0.014630165882408619 -0.059356916695833206 0.9981296062469482 
vn -0.021631285548210144 -0.06181865930557251 0.9978529810905457 
vn 0.14510777592658997 -0.19398346543312073 0.9702134728431702 
vn 0.12467187643051147 -0.12731073796749115 0.9839963912963867 
vn 0.09901563823223114 -0.06363348662853241 0.9930492043495178 
vn 0.10285217314958572 -0.057225409895181656 0.9930492043495178 
vn 0.14115239679813385 -0.15304192900657654 0.9780870079994202 
vn 0.1518370509147644 -0.16639384627342224 0.9742990136146545 
vn 0.26728856563568115 -0.4453713595867157 0.8545181155204773 
vn 0.3151404559612274 -0.5533745288848877 0.7710143327713013 
vn 0.14084479212760925 -0.1474670022726059 0.9789873361587524 
vn 0.27714595198631287 -0.45244112610816956 0.8476362228393555 
vn 0.3265913426876068 -0.5506080985069275 0.7682244777679443 
vn 0.26728856563568115 -0.4453713595867157 0.8545181155204773 
vn 0.3151404559612274 -0.5533745288848877 0.7710143327713013 
vn 0.41965311765670776 -0.8776300549507141 0.23163928091526031 
vn 0.418179988861084 -0.8826501369476318 0.21460255980491638 
vn 0.3260136842727661 -0.8031035661697388 -0.4987381398677826 
vn 0.25291717052459717 -0.6611545085906982 -0.7063339352607727 
vn 0.3260136842727661 -0.8031035661697388 -0.4987381398677826 
vn 0.25291717052459717 -0.6611545085906982 -0.7063339352607727 
vn 0.16338135302066803 -0.49305716156959534 -0.8545181155204773 
vn 0.15952768921852112 -0.4665254056453705 -0.8700028657913208 
vn 0.16799144446849823 -0.6001784205436707 -0.7820260524749756 
vn 0.286911278963089 -0.6926651000976562 -0.661737859249115 
vn 0.286911278963089 -0.6926651000976562 -0.661737859249115 
vn 0.4317677319049835 -0.8810474276542664 0.19321508705615997 
vn 0.16799144446849823 -0.6001784205436707 -0.7820260524749756 
vn 0.42809292674064636 -0.8746609687805176 0.22738653421401978 
vn 0.27714595198631287 -0.45244112610816956 0.8476362228393555 
vn 0.3265913426876068 -0.5506080985069275 0.7682244777679443 
vn -0.9789625406265259 -0.19881890714168549 0.04586252197623253 
vn -0.9853326678276062 -0.15033181011676788 0.08074574917554855 
vn -0.9853326678276062 -0.15033181011676788 0.08074574917554855 
vn -0.9874100685119629 -0.12047820538282394 0.10250037163496017 
vn -0.9886699914932251 -0.1054307073354721 0.10684575140476227 
vn -0.9872825741767883 -0.10920580476522446 0.11553031951189041 
vn -0.9913825988769531 -0.05283842608332634 0.11986933648586273 
vn -0.9901912212371826 -0.02640073001384735 0.1372016966342926 
vn -0.9916970729827881 -0.0037763919681310654 0.12854042649269104 
vn -0.9910684823989868 0.011322432197630405 0.1328723281621933 
vn -0.994475245475769 -0.022643303498625755 0.10250037163496017 
vn -0.9932394623756409 0.011319790035486221 0.11553031951189041 
vn -0.9926747679710388 0.01510324701666832 0.11986933648586273 
vn -0.9925311803817749 0.02265377715229988 0.11986933648586273 
vn 0.989773154258728 -0.12047266215085983 0.0763898640871048 
vn 0.9903157353401184 -0.11293769627809525 0.08074574917554855 
vn 0.9903157353401184 -0.11293769627809525 0.08074574917554855 
vn 0.9906567931175232 -0.11297659575939178 0.0763898640871048 
vn 0.9914757609367371 -0.09042499959468842 0.09380380809307098 
vn 0.9898967146873474 -0.0979703739285469 0.10250037163496017 
vn 0.9914697408676147 -0.06033635511994362 0.11553031951189041 
vn 0.9912441372871399 -0.030206535011529922 0.12854042649269104 
vn 0.9923301339149475 -0.030202997848391533 0.11986933648586273 
vn 0.9916754961013794 -0.007552728988230228 0.12854042649269104 
vn 0.994455099105835 -0.037749674171209335 0.0981530249118805 
vn 0.99318927526474 -0.015092799440026283 0.11553031951189041 
vn 0.992141604423523 -0.015095134265720844 0.1242060661315918 
vn 0.9885873794555664 0.03770928084850311 0.1458524912595749 
vn -0.399505615234375 0.9028706550598145 -0.15880759060382843 
vn -0.40140387415885925 0.9012584686279297 -0.16312000155448914 
vn -0.39386361837387085 0.8632678389549255 -0.31565824151039124 
vn -0.3849722146987915 0.8578511476516724 -0.34042292833328247 
vn -0.297201544046402 0.6755720973014832 -0.67473965883255 
vn -0.26121044158935547 0.6133307218551636 -0.7453821301460266 
vn -0.297201544046402 0.6755720973014832 -0.67473965883255 
vn -0.26121044158935547 0.6133307218551636 -0.7453821301460266 
vn -0.12320283055305481 0.28384774923324585 -0.9509214162826538 
vn -0.09767907857894897 0.16918513178825378 -0.9807319641113281 
vn -0.0968259945511818 -0.026272062212228775 -0.994954526424408 
vn -0.13257081806659698 -0.05542587488889694 -0.9896226525306702 
vn 0.007467308547347784 0.10440661758184433 0.9945066571235657 
vn -0.011151295155286789 0.13457611203193665 0.990840494632721 
vn -0.0037324668373912573 0.13065338134765625 0.991421103477478 
vn -0.01303958147764206 0.14309793710708618 0.9896226525306702 
vn -0.011185226030647755 0.1302272230386734 0.991421103477478 
vn -0.011151295155286789 0.13457611203193665 0.990840494632721 
vn -0.013078187592327595 0.13875041902065277 0.9902410507202148 
vn -0.02050698734819889 0.1378483921289444 0.9902410507202148 
vn -0.011151295155286789 0.13457611203193665 0.990840494632721 
vn -0.01860150136053562 0.12937629222869873 0.991421103477478 
vn -0.013003161177039146 0.14744119346141815 0.9889853596687317 
vn -0.013003161177039146 0.14744119346141815 0.9889853596687317 
vn 0.1456017941236496 -0.17741629481315613 0.9733054637908936 
vn 0.12390050292015076 -0.10938238352537155 0.9862475395202637 
vn 0.10410308837890625 -0.06368531286716461 0.9925254583358765 
vn 0.09679519385099411 -0.05015522614121437 0.9940398335456848 
vn 0.15132872760295868 -0.17255735397338867 0.9733054637908936 
vn 0.1720898449420929 -0.21579383313655853 0.961154580116272 
vn 0.26728856563568115 -0.4453713595867157 0.8545181155204773 
vn 0.2925163507461548 -0.526762843132019 0.7980946898460388 
vn 0.41229483485221863 -0.8648321628570557 0.2864931523799896 
vn 0.4145929515361786 -0.8863702416419983 0.2060592919588089 
vn 0.15192697942256927 -0.15457236766815186 0.976230263710022 
vn 0.2626584768295288 -0.4172596037387848 0.8700028657913208 
vn 0.280297189950943 -0.48046740889549255 0.8310141563415527 
vn 0.41733235120773315 -0.8610115051269531 0.29067665338516235 
vn 0.4260397255420685 -0.8635677099227905 0.26970529556274414 
vn 0.4145929515361786 -0.8863702416419983 0.2060592919588089 
vn 0.41229483485221863 -0.8648321628570557 0.2864931523799896 
vn 0.3131813108921051 -0.7684272527694702 -0.5580654144287109 
vn 0.256724089384079 -0.6629889607429504 -0.7032341957092285 
vn 0.3131813108921051 -0.7684272527694702 -0.5580654144287109 
vn 0.256724089384079 -0.6629889607429504 -0.7032341957092285 
vn 0.18138304352760315 -0.4946627914905548 -0.8499464392662048 
vn 0.17596611380577087 -0.4926685094833374 -0.8522403836250305 
vn 0.286911278963089 -0.6926651000976562 -0.661737859249115 
vn 0.28364747762680054 -0.6971228718757629 -0.6584556698799133 
vn 0.28364747762680054 -0.6971228718757629 -0.6584556698799133 
vn 0.4260397255420685 -0.8635677099227905 0.26970529556274414 
vn 0.286911278963089 -0.6926651000976562 -0.661737859249115 
vn 0.41733235120773315 -0.8610115051269531 0.29067665338516235 
vn -0.011185226030647755 0.1302272230386734 0.991421103477478 
vn -0.02050698734819889 0.1378483921289444 0.9902410507202148 
vn -0.020449334755539894 0.14222824573516846 0.9896226525306702 
vn -0.020394818857312202 0.1466016322374344 0.9889853596687317 
vn -0.020394818857312202 0.1466016322374344 0.9889853596687317 
vn -0.02050698734819889 0.1378483921289444 0.9902410507202148 
vn -0.020449334755539894 0.14222824573516846 0.9896226525306702 
vn -0.020449334755539894 0.14222824573516846 0.9896226525306702 
vn -0.01854785904288292 0.13375745713710785 0.990840494632721 
vn -0.013078187592327595 0.13875041902065277 0.9902410507202148 
vn -0.023971552029252052 0.1240791603922844 0.9919826984405518 
vn -0.013003161177039146 0.14744119346141815 0.9889853596687317 
vn -0.9843201041221619 -0.16908924281597137 0.05022686347365379 
vn -0.9887313842773438 -0.11303174495697021 0.0981530249118805 
vn -0.9887848496437073 -0.0829295963048935 0.1242060661315918 
vn -0.9889276623725891 -0.05654893070459366 0.1372016966342926 
vn -0.9867463707923889 -0.08664465695619583 0.1372016966342926 
vn -0.9864315986633301 -0.07536375522613525 0.1458524912595749 
vn -0.9852994680404663 -0.033946048468351364 0.16742929816246033 
vn -0.9793716073036194 -0.07168076187372208 0.18892620503902435 
vn -0.9904197454452515 0.0603456050157547 0.1242060661315918 
vn -0.9925311803817749 0.02265377715229988 0.11986933648586273 
vn -0.9914836287498474 0.10547405481338501 0.0763898640871048 
vn -0.9911839365959167 0.12430208176374435 0.04586252197623253 
vn -0.9911839365959167 0.12430208176374435 0.04586252197623253 
vn 0.9828376173973083 -0.12796548008918762 0.1328723281621933 
vn 0.9829697608947754 -0.13543733954429626 0.1242060661315918 
vn 0.9834628701210022 -0.14296090602874756 0.1111890971660614 
vn 0.9829726815223694 -0.14288964867591858 0.11553031951189041 
vn 0.9859738945960999 -0.12044987827539444 0.11553031951189041 
vn 0.9886699914932251 -0.1054307073354721 0.10684575140476227 
vn 0.9862713813781738 -0.045264776796102524 0.15880759060382843 
vn 0.9835464358329773 -0.06785184144973755 0.16742929816246033 
vn 0.9844201803207397 0.03773367404937744 0.17173540592193604 
vn 0.9850274324417114 0.01509657222777605 0.17173540592193604 
vn 0.9851091504096985 0.07544654607772827 0.15449213981628418 
vn 0.9870691299438477 0.08288650959730148 0.1372016966342926 
vn 0.9870691299438477 0.08288650959730148 0.1372016966342926 
vn -0.3588031530380249 0.8625261783599854 -0.3568037748336792 
vn -0.36568310856819153 0.8544597625732422 -0.3690181374549866 
vn -0.3708869516849518 0.7881748676300049 -0.4911448359489441 
vn -0.3778078854084015 0.7751955986022949 -0.5062933564186096 
vn -0.3708869516849518 0.7881748676300049 -0.4911448359489441 
vn -0.3778078854084015 0.7751955986022949 -0.5062933564186096 
vn -0.3697800040245056 0.6455119252204895 -0.6682642698287964 
vn -0.3697303235530853 0.6353521347045898 -0.677958071231842 
vn -0.2920643389225006 0.46050208806991577 -0.838234007358551 
vn -0.2650773227214813 0.3835183084011078 -0.8846737742424011 
vn -0.20144785940647125 0.19476936757564545 -0.9599394202232361 
vn -0.20144785940647125 0.19476936757564545 -0.9599394202232361 
vn 0.05659066513180733 0.08805679529905319 0.9945066571235657 
vn 0.08522854745388031 0.07474342733621597 0.9935539960861206 
vn 0.05558636039495468 0.10374715924263 0.9930492043495178 
vn 0.07385842502117157 0.1130487322807312 0.990840494632721 
vn 0.060996539890766144 0.1156013011932373 0.991421103477478 
vn 0.06211266294121742 0.11005585640668869 0.9919826984405518 
vn 0.07474342733621597 0.08522854745388031 0.9935539960861206 
vn 0.06852200627326965 0.06720591336488724 0.9953833818435669 
vn 0.12310536205768585 0.04392390325665474 0.991421103477478 
vn 0.09999225288629532 0.04343276470899582 0.9940398335456848 
vn 0.1077159196138382 0.1077159196138382 0.9883291721343994 
vn 0.09145829826593399 0.09935019910335541 0.990840494632721 
vn 0.7000211477279663 0.7120324969291687 0.05459024757146835 
vn 0.7110204696655273 0.7016741037368774 0.04586252197623253 
vn 0.09229162335395813 0.9815547466278076 0.16742929816246033 
vn -0.06974189728498459 0.9811291098594666 0.18033768236637115 
vn -0.698495626449585 0.6878207921981812 0.1975002884864807 
vn -0.698495626449585 0.6878207921981812 0.1975002884864807 
vn 0.6959260106086731 -0.6879146099090576 -0.2060592919588089 
vn 0.6959260106086731 -0.6879146099090576 -0.2060592919588089 
vn -0.09796935319900513 -0.9802596569061279 -0.17173540592193604 
vn 0.08485472202301025 -0.9783182144165039 -0.18892620503902435 
vn -0.7028691172599792 -0.7095437049865723 -0.05022686347365379 
vn -0.6920594573020935 -0.720090925693512 -0.05022686347365379 
vn 0.3187147080898285 0.04496114328503609 0.946783721446991 
vn 0.22048965096473694 0.015000129118561745 0.9752739667892456 
vn 0.2987740635871887 0.03744124621152878 0.953589141368866 
vn 0.21660669147968292 -0.007480884436517954 0.976230263710022 
vn 0.23694315552711487 -0.022510947659611702 0.9712626934051514 
vn 0.21896305680274963 -0.029931074008345604 0.9752739667892456 
vn 0.22840827703475952 -0.02249625138938427 0.9733054637908936 
vn 0.22840827703475952 -0.02249625138938427 0.9733054637908936 
vn 0.22326983511447906 -0.029866104945540428 0.9742990136146545 
vn 0.21210280060768127 -0.04457387328147888 0.976230263710022 
vn 0.21408909559249878 -0.12215753644704819 0.9691457152366638 
vn 0.22942660748958588 -0.17505735158920288 0.9574540853500366 
vn 0.2764563262462616 -0.5114712715148926 0.8136147856712341 
vn 0.28186848759651184 -0.5710403323173523 0.7710143327713013 
vn 0.25325122475624084 -0.4787910580635071 0.8406086564064026 
vn 0.20454739034175873 -0.09434917569160461 0.9742990136146545 
vn 0.30036211013793945 -0.7682601809501648 0.5652954578399658 
vn 0.3120068907737732 -0.7360072135925293 0.6007870435714722 
vn 0.28186848759651184 -0.5710403323173523 0.7710143327713013 
vn 0.2764563262462616 -0.5114712715148926 0.8136147856712341 
vn 0.29283878207206726 -0.7549834847450256 0.5867242813110352 
vn 0.25325122475624084 -0.4787910580635071 0.8406086564064026 
vn -0.056584566831588745 -0.10812705010175705 -0.9925254583358765 
vn -0.051770273596048355 -0.12001699209213257 -0.991421103477478 
vn -0.05167655274271965 -0.12475822865962982 -0.990840494632721 
vn -0.03945077210664749 -0.1825665682554245 -0.9824016690254211 
vn 0.06588619947433472 -0.4847838580608368 -0.872148871421814 
vn 0.11460160464048386 -0.6160886287689209 -0.7792953848838806 
vn 0.31125155091285706 -0.9237617254257202 0.22312943637371063 
vn 0.3063235282897949 -0.9329913258552551 0.18892620503902435 
vn 0.3063235282897949 -0.9329913258552551 0.18892620503902435 
vn 0.21497651934623718 -0.4049350321292877 0.888714075088501 
vn 0.31125155091285706 -0.9237617254257202 0.22312943637371063 
vn 0.19227813184261322 -0.3029818534851074 0.933397650718689 
vn 0.13326983153820038 -0.09774965047836304 0.9862475395202637 
vn 0.11557311564683914 -0.022274892777204514 0.9930492043495178 
vn 0.08805679529905319 0.05659066513180733 0.9945066571235657 
vn 0.09314683079719543 0.05664383992552757 0.9940398335456848 
vn 0.07967404276132584 0.07441036403179169 0.9940398335456848 
vn 0.0857696533203125 0.043075136840343475 0.9953833818435669 
vn 0.08719303458929062 0.04962730407714844 0.994954526424408 
vn 0.09478040039539337 0.06978532671928406 0.9930492043495178 
vn 0.08906416594982147 0.06286835670471191 0.9940398335456848 
vn 0.08993452042341232 0.06900918483734131 0.9935539960861206 
vn 0.09557869285345078 0.07588139176368713 0.9925254583358765 
vn 0.4593425393104553 0.05256691575050354 0.8867024183273315 
vn 0.46013733744621277 0.04508325085043907 0.8867024183273315 
vn 0.46227937936782837 0.007525501307100058 0.8867024183273315 
vn 0.4724254906177521 -0.03765331208705902 0.8805659413337708 
vn 0.4718550741672516 -0.07492493093013763 0.8784868121147156 
vn 0.4718550741672516 -0.07492493093013763 0.8784868121147156 
vn 0.4651889503002167 -0.0675760805606842 0.882628321647644 
vn 0.44841480255126953 -0.04511094465851784 0.8926864862442017 
vn 0.43047896027565 -0.022560445591807365 0.9023185968399048 
vn 0.4700915217399597 -0.06014622002840042 0.8805659413337708 
vn -0.42729452252388 0.13048319518566132 -0.8946471214294434 
vn -0.42210978269577026 0.13397161662578583 -0.8965907096862793 
vn -0.4226306080818176 0.14487874507904053 -0.8946471214294434 
vn -0.41469693183898926 0.1554076075553894 -0.8965907096862793 
vn -0.3098282814025879 0.136012002825737 -0.9410139322280884 
vn -0.2995360195636749 0.12867368757724762 -0.9453682899475098 
vn -0.18388912081718445 0.1373361498117447 -0.9733054637908936 
vn -0.1817481368780136 0.14701436460018158 -0.9722933769226074 
vn -0.22936293482780457 0.15354003012180328 -0.961154580116272 
vn -0.22600968182086945 0.12684278190135956 -0.9658315181732178 
vn -0.1309240311384201 0.06904265284538269 -0.9889853596687317 
vn -0.12166443467140198 0.05859050527215004 -0.990840494632721 
vn -0.11310683190822601 0.007571611553430557 -0.9935539960861206 
vn -0.10875212401151657 -0.007604689337313175 -0.9940398335456848 
vn -0.09151013940572739 -0.07402169704437256 -0.9930492043495178 
vn -0.08696231991052628 -0.08562025427818298 -0.9925254583358765 
vn -0.05851801484823227 -0.12648461759090424 -0.9902410507202148 
vn -0.04449958726763725 -0.13207006454467773 -0.9902410507202148 
vn 0.0678434744477272 -0.49601230025291443 -0.865661084651947 
vn 0.11079100519418716 -0.5993290543556213 -0.7927988767623901 
vn 0.2844618856906891 -0.9292138814926147 0.23588760197162628 
vn 0.2990891635417938 -0.9449288845062256 0.1328723281621933 
vn 0.2990891635417938 -0.9449288845062256 0.1328723281621933 
vn 0.17681145668029785 -0.38880816102027893 0.9041935205459595 
vn 0.2844618856906891 -0.9292138814926147 0.23588760197162628 
vn 0.14907892048358917 -0.30832692980766296 0.9395264387130737 
vn 0.09679519385099411 -0.05015522614121437 0.9940398335456848 
vn 0.09044195711612701 -0.014698249287903309 0.9957932829856873 
vn 0.07619374990463257 0.042564380913972855 0.9961841106414795 
vn 0.07118524610996246 0.04253120720386505 0.9965559244155884 
vn 0.006553899962455034 -0.011351687833666801 0.9999141097068787 
vn 5.42963238728115e-15 -0.017476677894592285 0.9998472929000854 
vn 3.511785385602352e-14 -0.1133599802851677 0.9935539960861206 
vn -0.0018610621336847544 -0.122023805975914 0.9925254583358765 
vn 5.919202438310969e-14 -0.19107110798358917 0.9815762042999268 
vn 0.01499126572161913 -0.19048209488391876 0.9815762042999268 
vn 0.18922242522239685 -0.18922242522239685 0.9635298252105713 
vn 0.21017366647720337 -0.19159860908985138 0.9587059020996094 
vn 0.1959148347377777 -0.1275264173746109 0.9722933769226074 
vn 0.1891700029373169 -0.086951345205307 0.9780870079994202 
vn 0.1713171899318695 0.02978569082915783 0.9847655892372131 
vn 0.17259027063846588 0.04431364685297012 0.9839963912963867 
vn 0.2987740635871887 0.03744124621152878 0.953589141368866 
vn 0.31349432468414307 0.007519544567912817 0.949560284614563 
vn 0.4271230399608612 0 0.9041935205459595 
vn 0.43080711364746094 0.015044116415083408 0.9023185968399048 
vn 0.4287082552909851 0.04505905508995056 0.9023185968399048 
vn 0.42474374175071716 0.04502030462026596 0.9041935205459595 
vn 0.028311746194958687 0.9790212512016296 0.2017817199230194 
vn 0.09413589537143707 0.9197002649307251 0.3811691105365753 
vn 0.03395119681954384 0.9770401120185852 0.2103329300880432 
vn 0.10160508006811142 0.9137982130050659 0.3932546079158783 
vn -0.9895150065422058 0.08667656034231186 0.11553031951189041 
vn -0.9855092167854309 0.12419450283050537 0.11553031951189041 
vn -0.9866350889205933 0.10547039657831192 0.1242060661315918 
vn -0.9842353463172913 0.11672946065664291 0.1328723281621933 
vn -0.9854679703712463 0.13544945418834686 0.10250037163496017 
vn -0.9848455786705017 0.14298658072948456 0.0981530249118805 
vn -0.9832988977432251 0.15038950741291046 0.10250037163496017 
vn -0.980452299118042 0.16521891951560974 0.10684575140476227 
vn -0.9815437197685242 0.16902707517147064 0.08945280313491821 
vn -0.9798403978347778 0.17639055848121643 0.09380380809307098 
vn -0.9823222756385803 0.1727839708328247 0.07203252613544464 
vn -0.9845269918441772 0.1691247820854187 0.04586252197623253 
vn -0.8662355542182922 0.23503807187080383 0.4409002661705017 
vn -0.7943726181983948 0.2561238408088684 0.5507928133010864 
vn -0.9879657626152039 0.07917430251836777 0.1328723281621933 
vn -0.9885401129722595 0.0716477483510971 0.1328723281621933 
vn -0.992587685585022 0.04905800148844719 0.1111890971660614 
vn -0.9932451844215393 0.04525405541062355 0.10684575140476227 
vn -0.9912334084510803 0.06410229206085205 0.11553031951189041 
vn -0.9928731918334961 0.05278981104493141 0.10684575140476227 
vn -0.9899187684059143 0.07544633746147156 0.11986933648586273 
vn -0.9872137308120728 0.09426748752593994 0.12854042649269104 
vn -0.9872137308120728 0.09426748752593994 0.12854042649269104 
vn 0.9837322235107422 -0.1504557877779007 -0.0981530249118805 
vn 0.9848455786705017 -0.14298658072948456 -0.0981530249118805 
vn 0.9877349734306335 -0.12797565758228302 -0.08945280313491821 
vn 0.9873379468917847 -0.12792421877384186 -0.09380380809307098 
vn 0.988182783126831 -0.10550713539123535 -0.1111890971660614 
vn 0.9856816530227661 -0.1429329365491867 -0.08945280313491821 
vn 0.9901462197303772 -0.09052333980798721 -0.10684575140476227 
vn 0.9904385209083557 -0.07539431750774384 -0.11553031951189041 
vn 0.990982711315155 -0.06786729395389557 -0.11553031951189041 
vn 0.9913825988769531 -0.05283842608332634 -0.11986933648586273 
vn 0.9918995499610901 -0.05280193313956261 -0.11553031951189041 
vn 0.9918995499610901 -0.05280193313956261 -0.11553031951189041 
vn 0.9928697943687439 -0.05285358428955078 -0.10684575140476227 
vn 0.9918995499610901 -0.05280193313956261 -0.11553031951189041 
vn 0.9914697408676147 -0.06033635511994362 -0.11553031951189041 
vn 0.9904385209083557 -0.07539431750774384 -0.11553031951189041 
vn 0.9809032678604126 -0.16529491543769836 -0.10250037163496017 
vn 0.9818699359893799 -0.1801556944847107 -0.058952588587999344 
vn 0.9829416275024414 -0.180130735039711 -0.03713129088282585 
vn 0.9839031100273132 -0.1653934121131897 -0.06767380982637405 
vn 0.9844818711280823 -0.1652878373861313 -0.058952588587999344 
vn 0.9792753458023071 -0.18757516145706177 0.0763898640871048 
vn 0.9754349589347839 -0.19498811662197113 0.10250037163496017 
vn 0.5134403705596924 -0.6092877984046936 0.6042742133140564 
vn 0.4477097988128662 -0.3113192617893219 0.838234007358551 
vn 0.4496798813343048 -0.4603480398654938 0.7654199600219727 
vn 0.5084013342857361 -0.5390775799751282 0.6715083718299866 
vn 0.49193963408470154 -0.5132806301116943 0.7032341957092285 
vn 0.49193963408470154 -0.5132806301116943 0.7032341957092285 
vn 0.4845072031021118 -0.476505845785141 0.7336177229881287 
vn 0.4804794490337372 -0.5524090528488159 0.681163489818573 
vn 0.5273634791374207 -0.802834153175354 0.2781098484992981 
vn 0.498831570148468 -0.8564531803131104 0.1328723281621933 
vn 0.36676910519599915 -0.8213001489639282 -0.43697428703308105 
vn 0.3849150836467743 -0.8626767992973328 -0.3280687630176544 
vn 0.4110073447227478 -0.4309694170951843 0.8033295273780823 
vn 0.4548672139644623 -0.5134389400482178 0.7276512384414673 
vn 0.47824427485466003 -0.5048763751983643 0.7185974717140198 
vn 0.5354918241500854 -0.8268950581550598 0.17173540592193604 
vn 0.4958585202693939 -0.8664000034332275 -0.058952588587999344 
vn 0.5354918241500854 -0.8268950581550598 0.17173540592193604 
vn 0.4958585202693939 -0.8664000034332275 -0.058952588587999344 
vn 0.23545151948928833 -0.6708384156227112 -0.7032341957092285 
vn 0.22636893391609192 -0.6575521230697632 -0.7185974717140198 
vn -0.9839031100273132 -0.1653934121131897 0.06767380982637405 
vn -0.9839591383934021 -0.1428578794002533 0.10684575140476227 
vn -0.9848255515098572 -0.15789218246936798 0.07203252613544464 
vn -0.9859022498130798 -0.13550914824008942 0.0981530249118805 
vn -0.9869021773338318 -0.1280239075422287 0.0981530249118805 
vn -0.9869162440299988 -0.116761714220047 0.1111890971660614 
vn -0.9848828315734863 -0.02264375053346157 0.17173540592193604 
vn -0.9782010316848755 -0.04905999079346657 0.2017817199230194 
vn -0.9416298866271973 -0.015094240196049213 0.3363112509250641 
vn -0.8972058892250061 -0.08659102767705917 0.43303996324539185 
vn 0.9872600436210632 -0.1578955501317978 -0.01966099627315998 
vn 0.9893243908882141 -0.14293669164180756 0.028397228568792343 
vn 0.9871658086776733 -0.15788047015666962 -0.024029340595006943 
vn 0.9884998202323914 -0.15044690668582916 0.0152922747656703 
vn 0.9882959127426147 -0.11298195272684097 0.10250037163496017 
vn 0.9886699914932251 -0.1054307073354721 0.10684575140476227 
vn 0.9868162274360657 -0.060345761477947235 0.15017375349998474 
vn 0.9856570363044739 -0.0679144635796547 0.15449213981628418 
vn 0.9851623773574829 -0.037716083228588104 0.16742929816246033 
vn 0.9863461852073669 -0.02264976315200329 0.16312000155448914 
vn 0.9862713813781738 -0.045264776796102524 0.15880759060382843 
vn 0.9750229716300964 -0.08288437128067017 0.2060592919588089 
vn 0.9673275351524353 -0.12037722021341324 0.22312943637371063 
vn 0.9728347063064575 -0.07542770355939865 0.21886809170246124 
vn -0.3890203535556793 0.9096099138259888 0.1458524912595749 
vn -0.3840022087097168 0.9110379815101624 0.15017375349998474 
vn -0.4404790699481964 0.8836053013801575 -0.15880759060382843 
vn -0.41855305433273315 0.9008141160011292 -0.11553031951189041 
vn -0.358001172542572 0.7458848357200623 -0.5616858005523682 
vn -0.3230011761188507 0.7254725098609924 -0.607749879360199 
vn -0.21450883150100708 0.47715017199516296 -0.8522403836250305 
vn -0.19438406825065613 0.36692559719085693 -0.9097144603729248 
vn -0.21450883150100708 0.47715017199516296 -0.8522403836250305 
vn -0.19438406825065613 0.36692559719085693 -0.9097144603729248 
vn -0.2536139488220215 0.1377011388540268 -0.9574540853500366 
vn -0.29043400287628174 0.11825110018253326 -0.949560284614563 
vn -0.28061193227767944 0.06736896932125092 -0.9574540853500366 
vn -0.27960333228111267 0.09998099505901337 -0.9548956751823425 
vn -0.27627402544021606 0.06749556213617325 -0.9587059020996094 
vn -0.2701873183250427 0.05639779195189476 -0.961154580116272 
vn -0.2415122538805008 0.018912475556135178 -0.9702134728431702 
vn -0.22923408448696136 0.01132060494273901 -0.9733054637908936 
vn -0.9671911597251892 -0.08293437212705612 0.2401314377784729 
vn -0.9748861789703369 -0.09423961490392685 0.2017817199230194 
vn -0.9195938110351562 -0.2642996311187744 0.29067665338516235 
vn -0.9986827969551086 -0.030177012085914612 0.04149730131030083 
vn -0.9996837377548218 0.02265242673456669 -0.010923261754214764 
vn 0.29756492376327515 -0.18554510176181793 0.9364978075027466 
vn 0.31523334980010986 -0.17982758581638336 0.931820809841156 
vn 0.2914575934410095 -0.17188750207424164 0.9410139322280884 
vn 0.30442944169044495 -0.1656477153301239 0.9380210638046265 
vn 0.2813853621482849 -0.16462385654449463 0.9453682899475098 
vn 0.28207099437713623 -0.17153117060661316 0.9439348578453064 
vn 0.31143683195114136 -0.1863253116607666 0.931820809841156 
vn 0.3087758421897888 -0.20575210452079773 0.9286137819290161 
vn 0.3457488417625427 -0.20757628977298737 0.9150791168212891 
vn 0.32500749826431274 -0.24543428421020508 0.913308322429657 
vn 0.3314552903175354 -0.16677479445934296 0.9286137819290161 
vn 0.3224181532859802 -0.1666029691696167 0.931820809841156 
vn -0.9998830556869507 -2.0679891989377336e-13 -0.0152922747656703 
vn -0.9998830556869507 -2.0679891989377336e-13 -0.0152922747656703 
vn -0.9998830556869507 -2.0679891989377336e-13 -0.0152922747656703 
vn -0.9916970729827881 -0.0037763919681310654 0.12854042649269104 
vn -0.9916970729827881 -0.0037763919681310654 0.12854042649269104 
vn -0.9865990281105042 -0.003775282995775342 0.16312000155448914 
vn -0.9865990281105042 0.003775282995775342 0.16312000155448914 
vn -0.9747888445854187 -2.0204175246903155e-13 0.22312943637371063 
vn -0.9747888445854187 -2.0204175246903155e-13 0.22312943637371063 
vn -0.9593175053596497 0.003771965391933918 0.28230419754981995 
vn -0.9593175053596497 0.003771965391933918 0.28230419754981995 
vn -0.8916918039321899 0.0037703218404203653 0.45262736082077026 
vn -0.8916918039321899 0.0037703218404203653 0.45262736082077026 
vn -0.7409873604774475 0.0037729344330728054 0.6715083718299866 
vn -0.7409873604774475 0.0037729344330728054 0.6715083718299866 
vn -0.537951648235321 0.0037640368100255728 0.8429672718048096 
vn -0.537951648235321 0.0037640368100255728 0.8429672718048096 
vn -0.537951648235321 0.0037640368100255728 0.8429672718048096 
vn -0.537951648235321 0.0037640368100255728 0.8429672718048096 
vn -0.4152173399925232 0.003759306389838457 0.9097144603729248 
vn -0.4152173399925232 0.003759306389838457 0.9097144603729248 
vn 0.9922564625740051 0 -0.1242060661315918 
vn 0.9922564625740051 0 -0.1242060661315918 
vn 0.9886596202850342 0 -0.15017375349998474 
vn 0.9886596202850342 0 -0.15017375349998474 
vn 0.9803028106689453 0 -0.1975002884864807 
vn 0.9803028106689453 0 -0.1975002884864807 
vn 0.9605492949485779 0 -0.2781098484992981 
vn 0.9605492949485779 0 -0.2781098484992981 
vn 0.8916997909545898 0 -0.45262736082077026 
vn 0.8916997909545898 0 -0.45262736082077026 
vn 0.7351005673408508 0 -0.677958071231842 
vn 0.7351005673408508 0 -0.677958071231842 
vn 0.5268691182136536 0 -0.8499464392662048 
vn 0.5268691182136536 0 -0.8499464392662048 
vn 0.5268691182136536 0 -0.8499464392662048 
vn 0.5268691182136536 0 -0.8499464392662048 
vn 0.20819661021232605 0 -0.9780870079994202 
vn 0.20819661021232605 0 -0.9780870079994202 
vn -0.20816227793693542 -0.0037805375177413225 -0.9780870079994202 
vn -0.20816227793693542 -0.0037805375177413225 -0.9780870079994202 
vn -0.5305643677711487 -0.0037796946708112955 -0.8476362228393555 
vn -0.5305643677711487 -0.0037796946708112955 -0.8476362228393555 
vn -0.5305643677711487 -0.0037796946708112955 -0.8476362228393555 
vn -0.5305643677711487 -0.0037796946708112955 -0.8476362228393555 
vn -0.7380558252334595 -1.5264699226857914e-13 -0.67473965883255 
vn -0.7380558252334595 -1.5264699226857914e-13 -0.67473965883255 
vn -0.8897135257720947 -1.84013327036818e-13 -0.456519216299057 
vn -0.8897135257720947 -1.84013327036818e-13 -0.456519216299057 
vn -0.960541844367981 -0.0037767793983221054 -0.2781098484992981 
vn -0.960541844367981 -0.0037767793983221054 -0.2781098484992981 
vn -0.9803028106689453 -2.0231394142443404e-13 -0.1975002884864807 
vn -0.9803028106689453 -2.0231394142443404e-13 -0.1975002884864807 
vn -0.9886524081230164 -0.0037739467807114124 -0.15017375349998474 
vn -0.9886524081230164 -0.0037739467807114124 -0.15017375349998474 
vn -0.9927896857261658 -2.0533184527660175e-13 -0.11986933648586273 
vn -0.9927896857261658 -2.0533184527660175e-13 -0.11986933648586273 
vn 0.3457971513271332 -0.9371877908706665 -0.04586252197623253 
vn 0.4014349579811096 -0.9136965274810791 -0.0633138045668602 
vn 0.3457971513271332 -0.9371877908706665 -0.04586252197623253 
vn 0.4014349579811096 -0.9136965274810791 -0.0633138045668602 
vn 0.4187372624874115 -0.9036909341812134 -0.08945280313491821 
vn 0.4185689687728882 -0.9033276438713074 -0.09380380809307098 
vn 0.43247032165527344 -0.8924386501312256 -0.12854042649269104 
vn 0.43247032165527344 -0.8924386501312256 -0.12854042649269104 
vn 0.3996172845363617 -0.8932220339775085 -0.2060592919588089 
vn 0.40285825729370117 -0.8936995267868042 -0.1975002884864807 
vn 0.33792737126350403 -0.883668065071106 -0.3239381015300751 
vn 0.34481945633888245 -0.8854724764823914 -0.31150925159454346 
vn 0.24994350969791412 -0.8865808248519897 -0.3892335295677185 
vn 0.24994350969791412 -0.8865808248519897 -0.3892335295677185 
vn 0.09051330387592316 -0.8949082493782043 -0.43697428703308105 
vn 0.09802723675966263 -0.8941164016723633 -0.43697428703308105 
vn -0.09051330387592316 -0.8949082493782043 -0.43697428703308105 
vn -0.09802723675966263 -0.8941164016723633 -0.43697428703308105 
vn -0.24994350969791412 -0.8865808248519897 -0.3892335295677185 
vn -0.2426629215478897 -0.8886011242866516 -0.3892335295677185 
vn -0.3466525971889496 -0.8862084150314331 -0.30735430121421814 
vn -0.3397832214832306 -0.884462833404541 -0.3198012113571167 
vn -0.3963097035884857 -0.8975558876991272 -0.19321508705615997 
vn -0.3996172845363617 -0.8932220339775085 -0.2060592919588089 
vn -0.43561458587646484 -0.8902723789215088 -0.1328723281621933 
vn -0.43561458587646484 -0.8902723789215088 -0.1328723281621933 
vn -0.42198920249938965 -0.9017349481582642 -0.09380380809307098 
vn -0.41546863317489624 -0.905617892742157 -0.08510008454322815 
vn -0.40488630533218384 -0.9121723771095276 -0.0633138045668602 
vn -0.40488630533218384 -0.9121723771095276 -0.0633138045668602 
vn -0.34225165843963623 -0.9384883642196655 -0.04586252197623253 
vn -0.34225165843963623 -0.9384883642196655 -0.04586252197623253 
vn 0.38794320821762085 0.920541524887085 -0.04586252197623253 
vn 0.4544922113418579 0.8878334164619446 -0.07203252613544464 
vn 0.38794320821762085 0.920541524887085 -0.04586252197623253 
vn 0.4544922113418579 0.8878334164619446 -0.07203252613544464 
vn 0.47120046615600586 0.8765478134155273 -0.0981530249118805 
vn 0.47627952694892883 0.8727781772613525 -0.10684575140476227 
vn 0.48261335492134094 0.8636037111282349 -0.1458524912595749 
vn 0.489192396402359 0.8598940968513489 -0.1458524912595749 
vn 0.4522121548652649 0.8613056540489197 -0.23163928091526031 
vn 0.4554484784603119 0.8618468046188354 -0.22312943637371063 
vn 0.38116592168807983 0.8511618971824646 -0.36088213324546814 
vn 0.3881034851074219 0.8531325459480286 -0.34862664341926575 
vn 0.2802305221557617 0.8526885509490967 -0.4409002661705017 
vn 0.27507686614990234 0.8563796877861023 -0.43697428703308105 
vn 0.09980674833059311 0.8653411865234375 -0.4911448359489441 
vn 0.10730235278606415 0.8644437193870544 -0.4911448359489441 
vn -0.11104716360569 0.8639706373214722 -0.4911448359489441 
vn -0.09983409941196442 0.8631693720817566 -0.4949462115764618 
vn -0.27507686614990234 0.8563796877861023 -0.43697428703308105 
vn -0.27507686614990234 0.8563796877861023 -0.43697428703308105 
vn -0.3881034851074219 0.8531325459480286 -0.34862664341926575 
vn -0.37961989641189575 0.8535688519477844 -0.3568037748336792 
vn -0.4503672122955322 0.8656015992164612 -0.21886809170246124 
vn -0.44886404275894165 0.8630552291870117 -0.23163928091526031 
vn -0.49247124791145325 0.8580204844474792 -0.1458524912595749 
vn -0.48558875918388367 0.8611918687820435 -0.15017375349998474 
vn -0.4776279330253601 0.8725624680519104 -0.10250037163496017 
vn -0.47120046615600586 0.8765478134155273 -0.0981530249118805 
vn -0.46120011806488037 0.8843674063682556 -0.07203252613544464 
vn -0.46120011806488037 0.8843674063682556 -0.07203252613544464 
vn -0.39142054319381714 0.9190683364868164 -0.04586252197623253 
vn -0.38446033000946045 0.9220015406608582 -0.04586252197623253 
vn -1.0341130485562108e-13 0.999997615814209 0.002184694167226553 
vn -1.0341130485562108e-13 0.999997615814209 0.002184694167226553 
vn -1.0341130485562108e-13 0.999997615814209 0.002184694167226553 
vn -1.0341130485562108e-13 0.999997615814209 0.002184694167226553 
vn -0.0018874284578487277 0.9985070824623108 0.05459024757146835 
vn -0.0018874284578487277 0.9985070824623108 0.05459024757146835 
vn 0.0018878997070714831 0.967507541179657 0.25283506512641907 
vn 0.0018878997070714831 0.967507541179657 0.25283506512641907 
vn 0.0037708422169089317 0.9194218516349792 0.3932546079158783 
vn 0.0037708422169089317 0.9194218516349792 0.3932546079158783 
vn -0.999997615814209 -2.0682260971124217e-13 0.002184694167226553 
vn -0.999997615814209 -2.0682260971124217e-13 0.002184694167226553 
vn -0.999997615814209 -2.0682260971124217e-13 0.002184694167226553 
vn -0.999997615814209 -2.0682260971124217e-13 0.002184694167226553 
vn -0.999997615814209 -2.0682260971124217e-13 0.002184694167226553 
vn -0.999997615814209 -2.0682260971124217e-13 0.002184694167226553 
vn -0.999997615814209 -2.0682260971124217e-13 0.002184694167226553 
vn -0.999997615814209 -2.0682260971124217e-13 0.002184694167226553 
vn -0.999997615814209 -2.0682260971124217e-13 0.002184694167226553 
vn -0.999997615814209 -2.0682260971124217e-13 0.002184694167226553 
vn -0.999997615814209 -2.0682260971124217e-13 0.002184694167226553 
vn -0.999997615814209 -2.0682260971124217e-13 0.002184694167226553 
vn -0.999997615814209 -2.0682260971124217e-13 0.002184694167226553 
vn -0.999997615814209 -2.0682260971124217e-13 0.002184694167226553 
vn -0.999997615814209 -2.0682260971124217e-13 0.002184694167226553 
vn -0.999997615814209 -2.0682260971124217e-13 0.002184694167226553 
vn -0.999997615814209 -2.0682260971124217e-13 0.002184694167226553 
vn -0.999997615814209 -2.0682260971124217e-13 0.002184694167226553 
vn -0.13732072710990906 -0.9599093794822693 0.24437066912651062 
vn 2.99886715937267e-13 -0.9652630090713501 0.2612801790237427 
vn -0.02074822038412094 -0.8992346525192261 0.43697428703308105 
vn 0.02451976016163826 -0.8991397023200989 0.43697428703308105 
vn 0.0018863978330045938 -0.8370385766029358 0.5471406579017639 
vn 0.0018863978330045938 -0.8370385766029358 0.5471406579017639 
vn -0.001886979560367763 -0.9069715142250061 0.42118772864341736 
vn -0.001886979560367763 -0.9069715142250061 0.42118772864341736 
vn 0.003775994060561061 -0.9879868030548096 0.15449213981628418 
vn 0.003775994060561061 -0.9879868030548096 0.15449213981628418 
vn -0.0018882581498473883 -0.998945951461792 -0.04586252197623253 
vn 3.0952372826256735e-13 -0.999138593673706 -0.04149730131030083 
vn 0.0018888411577790976 -0.9727998971939087 -0.23163928091526031 
vn 0.0018888411577790976 -0.9727998971939087 -0.23163928091526031 
vn 2.882480224560696e-13 -0.9278009533882141 -0.37307560443878174 
vn 2.882480224560696e-13 -0.9278009533882141 -0.37307560443878174 
vn 0.135433167219162 -0.9612464308738708 0.2401314377784729 
vn 3.0978390967890956e-13 -0.9999785423278809 -0.006554040592163801 
vn 3.0978390967890956e-13 -0.9999785423278809 -0.006554040592163801 
vn 0.015103200450539589 -0.9998835325241089 0.002184694167226553 
vn 0.015102911740541458 -0.9998644590377808 0.006554040592163801 
vn 0.015103200450539589 -0.9998835325241089 0.002184694167226553 
vn 0.015102911740541458 -0.9998644590377808 0.006554040592163801 
vn -0.015097145922482014 0.9994826912879944 0.028397228568792343 
vn 0.9982811212539673 0.030201194807887077 -0.05022686347365379 
vn 0.9940170645713806 -0.037733044475317 -0.10250037163496017 
vn 0.9927668571472168 -0.045287031680345535 -0.1111890971660614 
vn 0.9789856672286987 -0.12793442606925964 -0.15880759060382843 
vn 0.9250044226646423 -0.09051192551851273 -0.3690181374549866 
vn 0.9743207693099976 -0.030203692615032196 -0.22312943637371063 
vn 0.8361881375312805 0.037769366055727005 -0.5471406579017639 
vn 0.9922541975975037 0.0904959961771965 0.08510008454322815 
vn 0.6475210785865784 0.5728783011436462 0.5025205612182617 
vn 0.7063721418380737 0.3628753125667572 0.607749879360199 
vn 0.9642021059989929 0.04524406045675278 0.2612801790237427 
vn 0.5904902815818787 0.11985869705677032 0.7980946898460388 
vn 0.9565531015396118 0.02265574410557747 -0.29067665338516235 
vn 0.9547961354255676 0.03775022551417351 -0.2948545813560486 
vn 0.8120503425598145 0.06788664311170578 -0.5796254277229309 
vn 0.9534978270530701 -0.03774642199277878 0.2990269064903259 
vn 0.9524504542350769 -0.030196353793144226 0.30319350957870483 
vn 0.5825795531272888 -0.05264916643500328 0.8110666871070862 
vn 0.591031551361084 -0.09761952608823776 0.8007197380065918 
vn 0.7063721418380737 0.3628753125667572 0.607749879360199 
vn -0.003767561400309205 0.5156691670417786 0.8567795157432556 
vn 0.6475210785865784 0.5728783011436462 0.5025205612182617 
vn -0.6718934178352356 0.5440885424613953 0.5025205612182617 
vn -0.7185070514678955 0.3734999895095825 0.5867242813110352 
vn -0.586156964302063 0.12356333434581757 0.8007197380065918 
vn -0.001867682789452374 0.16526448726654053 0.9862475395202637 
vn -0.5793441534042358 -0.04890084266662598 0.8136147856712341 
vn -0.005451376084238291 -0.056509219110012054 0.9983872175216675 
vn -0.0018674257444217801 -0.11768529564142227 0.9930492043495178 
vn 0.5825795531272888 -0.05264916643500328 0.8110666871070862 
vn 0.591031551361084 -0.09761952608823776 0.8007197380065918 
vn 0.5904902815818787 0.11985869705677032 0.7980946898460388 
vn -0.5881141424179077 -0.09371984004974365 0.8033295273780823 
vn -0.6718934178352356 0.5440885424613953 0.5025205612182617 
vn -0.7185070514678955 0.3734999895095825 0.5867242813110352 
vn -0.9986851811408997 0.04528285190463066 -0.024029340595006943 
vn -0.9881570935249329 0.13548769056797028 0.07203252613544464 
vn -0.9632195234298706 0.04147825762629509 0.26549527049064636 
vn -0.586156964302063 0.12356333434581757 0.8007197380065918 
vn -0.9511160850524902 -0.030192147940397263 0.30735430121421814 
vn -0.5793441534042358 -0.04890084266662598 0.8136147856712341 
vn -0.5881141424179077 -0.09371984004974365 0.8033295273780823 
vn -0.9508466124534607 -0.037736620754003525 0.30735430121421814 
vn -0.9553556442260742 0.018878797069191933 -0.2948545813560486 
vn -0.9523233771324158 0.03396938741207123 -0.30319350957870483 
vn -0.5967044234275818 0.052837107330560684 -0.8007197380065918 
vn -0.5980722904205322 0.09778498113155365 -0.7954543828964233 
vn -0.9724423885345459 -0.026440534740686417 -0.23163928091526031 
vn -0.9932184815406799 -0.0339704230427742 -0.1111890971660614 
vn -0.7267866730690002 -0.45157450437545776 -0.5175535082817078 
vn -0.7278834581375122 -0.39843276143074036 -0.5580654144287109 
vn -0.6578881740570068 -0.14241217076778412 -0.7395281791687012 
vn -0.7278834581375122 -0.39843276143074036 -0.5580654144287109 
vn -0.003782470477744937 -0.5562383532524109 -0.8310141563415527 
vn -0.7267866730690002 -0.45157450437545776 -0.5175535082817078 
vn 0.033992521464824677 -0.7039655447006226 -0.7094202041625977 
vn 0.12198633700609207 -0.561166524887085 -0.8186644315719604 
vn 0.0018949470249935985 -0.16526418924331665 -0.9862475395202637 
vn 0.16149207949638367 -0.17484024167060852 -0.9712626934051514 
vn -0.0038081351667642593 0.06538315862417221 -0.9978529810905457 
vn 0.28798389434814453 0.05270100384950638 -0.9561840295791626 
vn 0.3281853199005127 0.11140390485525131 -0.9380210638046265 
vn -0.0057157790288329124 0.11756124347448349 -0.9930492043495178 
vn -0.5980722904205322 0.09778498113155365 -0.7954543828964233 
vn -0.5967044234275818 0.052837107330560684 -0.8007197380065918 
vn -0.6578881740570068 -0.14241217076778412 -0.7395281791687012 
vn -0.5986992120742798 -0.0938703864812851 0.7954543828964233 
vn -0.0018610621336847544 -0.122023805975914 0.9925254583358765 
vn -0.5881141424179077 -0.09371984004974365 0.8033295273780823 
vn -0.0018674257444217801 -0.11768529564142227 0.9930492043495178 
vn 0.5851367712020874 -0.09000825881958008 0.8059239983558655 
vn 0.5945735573768616 -0.09760715067386627 0.7980946898460388 
vn 0.5945735573768616 -0.09760715067386627 0.7980946898460388 
vn 0.9497634768486023 -0.030187353491783142 0.31150925159454346 
vn 0.5851367712020874 -0.09000825881958008 0.8059239983558655 
vn 0.9483928084373474 -0.030181968584656715 0.31565824151039124 
vn 0.952181339263916 0.03774188831448555 -0.30319350957870483 
vn 0.9508466124534607 0.037736620754003525 -0.30735430121421814 
vn 0.5838790535926819 0.09783560782670975 -0.8059239983558655 
vn 0.5909994840621948 0.09781379252672195 -0.8007197380065918 
vn 0.5909994840621948 0.09781379252672195 -0.8007197380065918 
vn 0.3126349151134491 0.11825603246688843 -0.9424833655357361 
vn 0.5838790535926819 0.09783560782670975 -0.8059239983558655 
vn 0.3126349151134491 0.11825603246688843 -0.9424833655357361 
vn -0.5986992120742798 -0.0938703864812851 0.7954543828964233 
vn -0.9511160850524902 -0.030192147940397263 0.30735430121421814 
vn -0.5881141424179077 -0.09371984004974365 0.8033295273780823 
vn -0.9483928084373474 -0.030181968584656715 0.31565824151039124 
vn -0.9520243406295776 0.041513796895742416 -0.30319350957870483 
vn -0.9523233771324158 0.03396938741207123 -0.30319350957870483 
vn -0.5880541801452637 0.09409532696008682 -0.8033295273780823 
vn -0.5951434373855591 0.0940701887011528 -0.7980946898460388 
vn -0.5951434373855591 0.0940701887011528 -0.7980946898460388 
vn -0.3126349151134491 0.11825603246688843 -0.9424833655357361 
vn -0.5880541801452637 0.09409532696008682 -0.8033295273780823 
vn -0.3126349151134491 0.11825603246688843 -0.9424833655357361 
vn 0.9916754961013794 -0.007552728988230228 0.12854042649269104 
vn 0.9916754961013794 -0.007552728988230228 0.12854042649269104 
vn 0.986606240272522 0 0.16312000155448914 
vn 0.986606240272522 0 0.16312000155448914 
vn 0.9747888445854187 0 0.22312943637371063 
vn 0.9747888445854187 0 0.22312943637371063 
vn 0.9593249559402466 0 0.28230419754981995 
vn 0.9593249559402466 0 0.28230419754981995 
vn 0.8936689496040344 0 0.4487268626689911 
vn 0.8936689496040344 0 0.4487268626689911 
vn 0.7409969568252563 0 0.6715083718299866 
vn 0.7409969568252563 0 0.6715083718299866 
vn 0.5379648208618164 0 0.8429672718048096 
vn 0.5379648208618164 0 0.8429672718048096 
vn 0.5379648208618164 0 0.8429672718048096 
vn 0.5379648208618164 0 0.8429672718048096 
vn 0.41125550866127014 0 0.9115201234817505 
vn 0.41125550866127014 0 0.9115201234817505 
vn 0.999997615814209 0 0.002184694167226553 
vn 0.999997615814209 0 0.002184694167226553 
vn 0.9997409582138062 -0.022653724998235703 -0.002184694167226553 
vn 0.9999691247940063 -0.007551815826445818 -0.002184694167226553 
vn 0.999997615814209 0 -0.002184694167226553 
vn 0.9996827244758606 -0.007549653295427561 0.024029340595006943 
vn 0.9999691247940063 -0.007551815826445818 0.002184694167226553 
vn 0.9999403357505798 0 -0.010923261754214764 
vn 0.999997615814209 0 0.002184694167226553 
vn 0.999997615814209 0 0.002184694167226553 
vn 0.999997615814209 0 0.002184694167226553 
vn 0.999997615814209 0 0.002184694167226553 
vn 0.999997615814209 0 0.002184694167226553 
vn 0.9999118447303772 -0.007551383227109909 -0.010923261754214764 
vn 0.9998644590377808 0.015102911740541458 -0.006554040592163801 
vn 0.9999499917030334 0.0075516714714467525 -0.006554040592163801 
vn 0.9983147382736206 0.05282346159219742 0.024029340595006943 
vn 0.9978873133659363 -0.06036106497049332 -0.024029340595006943 
vn -0.009440918453037739 -0.9892613291740417 -0.1458524912595749 
vn -0.001888211234472692 -0.9893045425415039 -0.1458524912595749 
vn -0.001888211234472692 -0.9893045425415039 -0.1458524912595749 
vn 0.013217093423008919 -0.9892180562019348 -0.1458524912595749 
vn 0.007553040981292725 -0.99051433801651 -0.1372016966342926 
vn 3.066722765489305e-13 -0.9899342060089111 -0.1415284425020218 
vn -0.0037733782082796097 -0.9873023629188538 -0.15880759060382843 
vn 0.003775994060561061 -0.9879868030548096 -0.15449213981628418 
vn 0.0037733782082796097 -0.9873023629188538 -0.15880759060382843 
vn 3.066722765489305e-13 -0.9899342060089111 -0.1415284425020218 
vn -0.007553040981292725 -0.99051433801651 -0.1372016966342926 
vn -0.005664570722728968 0.991688072681427 0.12854042649269104 
vn 0.003775994060561061 0.9879868030548096 0.15449213981628418 
vn -1.0230570324275615e-13 0.9893063306808472 0.1458524912595749 
vn 0.005660903174430132 0.9886434078216553 0.15017375349998474 
vn -0.005664570722728968 0.991688072681427 0.12854042649269104 
vn 0.007543610408902168 0.9892776012420654 0.1458524912595749 
vn 0.007543610408902168 0.9892776012420654 0.1458524912595749 
vn -0.011319913901388645 0.9872446656227112 0.15880759060382843 
vn -0.003775994060561061 0.9879868030548096 0.15449213981628418 
vn 0.003775994060561061 0.9879868030548096 0.15449213981628418 
vn 0.007543610408902168 0.9892776012420654 0.1458524912595749 
vn 0.011327626183629036 0.9927250742912292 0.11986933648586273 
vn 0.013206318952143192 0.9932161569595337 0.11553031951189041 
vn 0.011321541853249073 0.9921918511390686 0.1242060661315918 
vn 0.009440859779715538 0.9916593432426453 0.12854042649269104 
vn 0.005660903174430132 0.9886434078216553 0.15017375349998474 
vn -1.0230570324275615e-13 0.9893063306808472 0.1458524912595749 
vn -0.007543610408902168 0.9892776012420654 0.1458524912595749 
vn -0.01886850968003273 0.9920770525932312 0.1242060661315918 
vn -0.01886850968003273 0.9920770525932312 0.1242060661315918 
vn -0.003773920238018036 0.9922492504119873 0.1242060661315918 
vn 0.0018881993601098657 0.9917024970054626 0.12854042649269104 
vn 0.6117790341377258 0.03773323819041252 -0.790128231048584 
vn 0.7441058158874512 -0.11288347095251083 -0.6584556698799133 
vn 0.9229936599731445 0.05284746736288071 -0.3811691105365753 
vn 0.7441058158874512 -0.11288347095251083 -0.6584556698799133 
vn 0.9229936599731445 0.05284746736288071 -0.3811691105365753 
vn 0.9923213720321655 0.11302907019853592 -0.05022686347365379 
vn 0.9108889698982239 -0.05277338624000549 0.40926313400268555 
vn 0.9919120669364929 0.09793174266815186 0.08074574917554855 
vn 0.7154325842857361 -0.2514817714691162 0.651853621006012 
vn 0.8292387127876282 -0.33837890625 0.44481781125068665 
vn 0.8314774036407471 -0.20194968581199646 -0.5175535082817078 
vn 0.4969232976436615 -0.8506316542625427 0.17173540592193604 
vn 0.4971383213996887 -0.775468111038208 -0.3892335295677185 
vn 0.6117790341377258 0.03773323819041252 -0.790128231048584 
vn 0.7154325842857361 -0.2514817714691162 0.651853621006012 
vn -0.0018745033303275704 -0.24224437773227692 0.9702134728431702 
vn 0.9108889698982239 -0.05277338624000549 0.40926313400268555 
vn -0.003762831911444664 -0.39524441957473755 0.9185682535171509 
vn 0.8292387127876282 -0.33837890625 0.44481781125068665 
vn -0.007534658536314964 -0.6763085126876831 0.736579954624176 
vn 0.4969232976436615 -0.8506316542625427 0.17173540592193604 
vn -0.7663783431053162 -0.29142463207244873 0.5724822878837585 
vn -0.911385178565979 -0.07163292169570923 0.405272513628006 
vn -0.8297743797302246 -0.34217163920402527 0.4409002661705017 
vn -0.7063888311386108 -0.6250300407409668 0.33219319581985474 
vn 0.6117790341377258 0.03773323819041252 -0.790128231048584 
vn 0.8314774036407471 -0.20194968581199646 -0.5175535082817078 
vn 0.48219653964042664 -0.1197490319609642 -0.8678402304649353 
vn 0.4971383213996887 -0.775468111038208 -0.3892335295677185 
vn 0.42733219265937805 -0.4046109914779663 -0.8085030317306519 
vn 0.003773920238018036 -0.9922492504119873 -0.1242060661315918 
vn 0.0037733782082796097 -0.9873023629188538 -0.15880759060382843 
vn 0.003773920238018036 -0.9922492504119873 -0.1242060661315918 
vn 0.4969232976436615 -0.8506316542625427 0.17173540592193604 
vn 0.4971383213996887 -0.775468111038208 -0.3892335295677185 
vn 2.979427143369462e-13 -0.9617552757263184 -0.27391019463539124 
vn -0.7160695195198059 -0.5034467577934265 -0.4835140109062195 
vn -0.8314774036407471 -0.20194968581199646 -0.5175535082817078 
vn -0.7063888311386108 -0.6250300407409668 0.33219319581985474 
vn -0.8297743797302246 -0.34217163920402527 0.4409002661705017 
vn -0.9338052272796631 0.026436209678649902 -0.3568037748336792 
vn -0.911385178565979 -0.07163292169570923 0.405272513628006 
vn -0.9947834014892578 0.09797760844230652 -0.028397228568792343 
vn -0.9955920577049255 0.07920695841312408 0.05022686347365379 
vn -0.7663783431053162 -0.29142463207244873 0.5724822878837585 
vn -0.48608312010765076 -0.11980872601270676 -0.865661084651947 
vn -0.6125229597091675 0.022649111226201057 -0.790128231048584 
vn -0.7588051557540894 -0.1834360510110855 -0.6249527335166931 
vn -0.8314774036407471 -0.20194968581199646 -0.5175535082817078 
vn -0.7160695195198059 -0.5034467577934265 -0.4835140109062195 
vn -0.48608312010765076 -0.11980872601270676 -0.865661084651947 
vn -0.43875497579574585 -0.40268567204475403 -0.8033295273780823 
vn -0.6125229597091675 0.022649111226201057 -0.790128231048584 
vn -0.7588051557540894 -0.1834360510110855 -0.6249527335166931 
vn -0.9338052272796631 0.026436209678649902 -0.3568037748336792 
vn 0.9352144598960876 -0.14296147227287292 -0.3239381015300751 
vn 0.9354622960090637 -0.15045738220214844 -0.3198012113571167 
vn 0.9382768869400024 -0.15032795071601868 -0.31150925159454346 
vn 0.9356353282928467 -0.15794432163238525 -0.31565824151039124 
vn 0.9371382594108582 -0.1652427613735199 -0.30735430121421814 
vn 0.9384196996688843 -0.1578030288219452 -0.30735430121421814 
vn 0.9368634223937988 -0.15048848092556 -0.31565824151039124 
vn 0.9394413828849792 -0.142870232462883 -0.31150925159454346 
vn 0.9380321502685547 -0.14302308857440948 -0.31565824151039124 
vn 0.9356353282928467 -0.15794432163238525 -0.31565824151039124 
vn 0.9368634223937988 -0.15048848092556 -0.31565824151039124 
vn 0.9408052563667297 -0.14289423823356628 -0.30735430121421814 
vn 0.944580614566803 -0.1354634165763855 -0.2990269064903259 
vn 0.9366322755813599 -0.14299368858337402 -0.3198012113571167 
vn 0.9354622960090637 -0.15045738220214844 -0.3198012113571167 
vn 0.9380321502685547 -0.14302308857440948 -0.31565824151039124 
vn 0.9368634223937988 -0.15048848092556 -0.31565824151039124 
vn 0.9397682547569275 -0.15782679617404938 -0.30319350957870483 
vn 0.939642071723938 -0.1503533571958542 -0.30735430121421814 
vn 0.9382768869400024 -0.15032795071601868 -0.31150925159454346 
vn 0.9394413828849792 -0.142870232462883 -0.31150925159454346 
vn 0.9382768869400024 -0.15032795071601868 -0.31150925159454346 
vn 0.939642071723938 -0.1503533571958542 -0.30735430121421814 
vn 0.9382768869400024 -0.15032795071601868 -0.31150925159454346 
vn 0.9370532035827637 -0.15777619183063507 -0.31150925159454346 
vn 0.9370532035827637 -0.15777619183063507 -0.31150925159454346 
vn 0.9409892559051514 -0.1503758430480957 -0.30319350957870483 
vn 0.9421511888504028 -0.14291544258594513 -0.30319350957870483 
vn 0.9382768869400024 -0.15032795071601868 -0.31150925159454346 
vn 0.9368634223937988 -0.15048848092556 -0.31565824151039124 
vn 0.9370532035827637 -0.15777619183063507 -0.31150925159454346 
vn 0.9409892559051514 -0.1503758430480957 -0.30319350957870483 
vn 0.9368634223937988 -0.15048848092556 -0.31565824151039124 
vn 0.5318166613578796 0.4944351613521576 -0.6875353455543518 
vn 0.6084414720535278 0.5817296504974365 -0.5398051738739014 
vn 0.8528058528900146 -0.23144128918647766 -0.46814218163490295 
vn 0.9043408632278442 -0.24622556567192078 -0.34862664341926575 
vn 0.2881367802619934 -0.9258834719657898 0.24437066912651062 
vn 0.21494393050670624 -0.8957099914550781 0.3892335295677185 
vn 0.36618027091026306 -0.7473382949829102 0.5544344186782837 
vn 0.6577527523040771 -0.41536465287208557 -0.6283578276634216 
vn 0.6717630624771118 -0.4871317744255066 0.5580654144287109 
vn 0.29726171493530273 -0.6658020615577698 -0.6843559741973877 
vn 0.9072732329368591 -0.30391183495521545 0.29067665338516235 
vn 0.2785238027572632 -0.8669788241386414 -0.41324591636657715 
vn 0.9663671255111694 -0.12785863876342773 0.22312943637371063 
vn 0.6449577808380127 0.4723181128501892 0.6007870435714722 
vn 0.7951326966285706 0.48736852407455444 0.36088213324546814 
vn 0.24419085681438446 0.9125468134880066 0.3280687630176544 
vn -0.024521203711628914 0.9208126664161682 0.3892335295677185 
vn 0.25294098258018494 0.16336660087108612 0.953589141368866 
vn 0.8528058528900146 -0.23144128918647766 -0.46814218163490295 
vn 0.6577527523040771 -0.41536465287208557 -0.6283578276634216 
vn 0.5318166613578796 0.4944351613521576 -0.6875353455543518 
vn 0.23295818269252777 0.2782813310623169 -0.931820809841156 
vn 0.29726171493530273 -0.6658020615577698 -0.6843559741973877 
vn -0.288190096616745 -0.01510340254753828 -0.9574540853500366 
vn 0.2785238027572632 -0.8669788241386414 -0.41324591636657715 
vn -0.5554491281509399 -0.24233996868133545 -0.7954543828964233 
vn 0.2881367802619934 -0.9258834719657898 0.24437066912651062 
vn 0.21494393050670624 -0.8957099914550781 0.3892335295677185 
vn -0.5159303545951843 -0.6530072093009949 0.5544344186782837 
vn -0.5132806301116943 -0.49193963408470154 0.7032341957092285 
vn -0.5159303545951843 -0.6530072093009949 0.5544344186782837 
vn -0.5132806301116943 -0.49193963408470154 0.7032341957092285 
vn -0.8961483240127563 0.213109090924263 0.3892335295677185 
vn -0.8455154299736023 0.30685025453567505 0.43697428703308105 
vn -0.6420785188674927 0.4627663493156433 0.6112139225006104 
vn -0.2307662069797516 -0.2360803633928299 0.9439348578453064 
vn -0.27127575874328613 0.7349168062210083 0.6215357780456543 
vn 0.25294098258018494 0.16336660087108612 0.953589141368866 
vn -0.024521203711628914 0.9208126664161682 0.3892335295677185 
vn 0.6449577808380127 0.4723181128501892 0.6007870435714722 
vn 0.21494393050670624 -0.8957099914550781 0.3892335295677185 
vn 0.36618027091026306 -0.7473382949829102 0.5544344186782837 
vn 0.6717630624771118 -0.4871317744255066 0.5580654144287109 
vn 0.24419085681438446 0.9125468134880066 0.3280687630176544 
vn -0.6001001000404358 0.7983464598655701 0.05022686347365379 
vn -0.024521203711628914 0.9208126664161682 0.3892335295677185 
vn -0.27127575874328613 0.7349168062210083 0.6215357780456543 
vn -0.6342101097106934 0.7727872729301453 0.024029340595006943 
vn -0.6420785188674927 0.4627663493156433 0.6112139225006104 
vn -0.6396613717079163 0.7675358653068542 0.04149730131030083 
vn -0.8455154299736023 0.30685025453567505 0.43697428703308105 
vn -0.6630830764770508 0.7484660744667053 0.010923261754214764 
vn -0.8961483240127563 0.213109090924263 0.3892335295677185 
vn -0.651616096496582 0.7582940459251404 0.01966099627315998 
vn 0.9237339496612549 0.037758275866508484 -0.3811691105365753 
vn 0.8875816464424133 -0.015114848501980305 -0.46040233969688416 
vn 0.449469655752182 -0.8489004373550415 0.2781098484992981 
vn 0.4213285744190216 -0.8152669668197632 0.3972681760787964 
vn 0.5421361923217773 -0.6314196586608887 0.5544344186782837 
vn 0.7429380416870117 -0.23067191243171692 -0.6283578276634216 
vn 0.7675713896751404 -0.3021179139614105 0.5652954578399658 
vn 0.44408318400382996 -0.5707200765609741 -0.6907016038894653 
vn 0.95322585105896 -0.08287062495946884 0.29067665338516235 
vn 0.4893395006656647 -0.7569829821586609 -0.43303996324539185 
vn 0.9743234515190125 0.052826281636953354 0.21886809170246124 
vn 0.5117886662483215 0.6037300229072571 0.6112139225006104 
vn 0.6646334528923035 0.6353055834770203 0.3932546079158783 
vn 0.20979592204093933 0.22176173329353333 0.9522643685340881 
vn 0.9237339496612549 0.037758275866508484 -0.3811691105365753 
vn 0.47002673149108887 0.6983446478843689 -0.5398051738739014 
vn 0.8875816464424133 -0.015114848501980305 -0.46040233969688416 
vn 0.40312647819519043 0.6075738072395325 -0.6843559741973877 
vn 0.8875816464424133 -0.015114848501980305 -0.46040233969688416 
vn 0.40312647819519043 0.6075738072395325 -0.6843559741973877 
vn 0.7429380416870117 -0.23067191243171692 -0.6283578276634216 
vn 0.16238471865653992 0.32910558581352234 -0.9302261471748352 
vn 0.44408318400382996 -0.5707200765609741 -0.6907016038894653 
vn -0.27947473526000977 -0.05269599333405495 -0.9587059020996094 
vn 0.4893395006656647 -0.7569829821586609 -0.43303996324539185 
vn -0.5001355409622192 -0.25164783000946045 -0.8285757899284363 
vn 0.449469655752182 -0.8489004373550415 0.2781098484992981 
vn 0.4213285744190216 -0.8152669668197632 0.3972681760787964 
vn -0.39313554763793945 -0.7362552285194397 0.5507928133010864 
vn -0.3948555588722229 -0.5985713601112366 0.6969945430755615 
vn -0.39313554763793945 -0.7362552285194397 0.5507928133010864 
vn -0.3948555588722229 -0.5985713601112366 0.6969945430755615 
vn -0.9334178566932678 -0.037712257355451584 0.3568037748336792 
vn -0.9061182141304016 0.09042997658252716 0.41324591636657715 
vn -0.8397637009620667 0.5429477095603943 -0.002184694167226553 
vn -0.8019051551818848 0.5956884622573853 0.04586252197623253 
vn -0.7331734895706177 0.2909329831600189 0.6146662831306458 
vn -0.8051263093948364 0.5924232006072998 0.028397228568792343 
vn -0.43723583221435547 0.6467293500900269 0.6249527335166931 
vn -0.7733260989189148 0.6308392286300659 0.0633138045668602 
vn -0.253106951713562 0.8766074180603027 0.40926313400268555 
vn 0.02075565978884697 0.9307942986488342 0.3649536371231079 
vn -0.1630021035671234 -0.28232792019844055 0.9453682899475098 
vn -0.8517991900444031 0.5237545371055603 0.010923261754214764 
vn -0.3948555588722229 -0.5985713601112366 0.6969945430755615 
vn 0.4213285744190216 -0.8152669668197632 0.3972681760787964 
vn -0.1630021035671234 -0.28232792019844055 0.9453682899475098 
vn 0.5421361923217773 -0.6314196586608887 0.5544344186782837 
vn 0.20979592204093933 0.22176173329353333 0.9522643685340881 
vn 0.7675713896751404 -0.3021179139614105 0.5652954578399658 
vn -0.7331734895706177 0.2909329831600189 0.6146662831306458 
vn -0.43723583221435547 0.6467293500900269 0.6249527335166931 
vn -0.253106951713562 0.8766074180603027 0.40926313400268555 
vn 0.5117886662483215 0.6037300229072571 0.6112139225006104 
vn 0.02075565978884697 0.9307942986488342 0.3649536371231079 
vn 0.6646334528923035 0.6353055834770203 0.3932546079158783 
vn 0.5117886662483215 0.6037300229072571 0.6112139225006104 
vn 0.02075565978884697 0.9307942986488342 0.3649536371231079 
vn 0.5329062938690186 0.48881709575653076 -0.6907016038894653 
vn 0.8486406803131104 -0.23880161345005035 -0.4719987213611603 
vn 0.61583012342453 0.5704251527786255 -0.5434780716896057 
vn 0.90067458152771 -0.25372207164764404 -0.3527185618877411 
vn 0.289906769990921 -0.9264399409294128 0.2401314377784729 
vn 0.21494393050670624 -0.8957099914550781 0.3892335295677185 
vn 0.3729409873485565 -0.7439875602722168 0.5544344186782837 
vn 0.661755383014679 -0.4089575707912445 -0.6283578276634216 
vn 0.6774502992630005 -0.48753300309181213 0.5507928133010864 
vn 0.3022632300853729 -0.6668232083320618 -0.681163489818573 
vn 0.9023688435554504 -0.31817853450775146 0.29067665338516235 
vn 0.28051507472991943 -0.8682252168655396 -0.40926313400268555 
vn 0.966305136680603 -0.13546645641326904 0.21886809170246124 
vn 0.6537543535232544 0.46006542444229126 0.6007870435714722 
vn 0.7911656498908997 0.49378231167793274 0.36088213324546814 
vn 0.2334701120853424 0.9138596057891846 0.33219319581985474 
vn -0.018852943554520607 0.9192363023757935 0.3932546079158783 
vn 0.2663988769054413 0.15741704404354095 0.9509214162826538 
vn 0.8486406803131104 -0.23880161345005035 -0.4719987213611603 
vn 0.661755383014679 -0.4089575707912445 -0.6283578276634216 
vn 0.5329062938690186 0.48881709575653076 -0.6907016038894653 
vn 0.23721390962600708 0.2853173613548279 -0.9286137819290161 
vn 0.3022632300853729 -0.6668232083320618 -0.681163489818573 
vn -0.288190096616745 -0.01510340254753828 -0.9574540853500366 
vn 0.28051507472991943 -0.8682252168655396 -0.40926313400268555 
vn -0.5657225251197815 -0.2532555162906647 -0.7847417593002319 
vn 0.289906769990921 -0.9264399409294128 0.2401314377784729 
vn 0.21494393050670624 -0.8957099914550781 0.3892335295677185 
vn -0.5276860594749451 -0.6435448527336121 0.5544344186782837 
vn -0.5184728503227234 -0.48646435141563416 0.7032341957092285 
vn -0.5276860594749451 -0.6435448527336121 0.5544344186782837 
vn -0.5184728503227234 -0.48646435141563416 0.7032341957092285 
vn -0.8931660652160645 0.23867228627204895 0.3811691105365753 
vn -0.8475868701934814 0.3067130148410797 0.43303996324539185 
vn -0.6390278935432434 0.4624161124229431 0.6146662831306458 
vn -0.22311054170131683 -0.23769819736480713 0.9453682899475098 
vn -0.27495256066322327 0.7364407181739807 0.6181069612503052 
vn 0.2663988769054413 0.15741704404354095 0.9509214162826538 
vn -0.018852943554520607 0.9192363023757935 0.3932546079158783 
vn 0.6537543535232544 0.46006542444229126 0.6007870435714722 
vn 0.21494393050670624 -0.8957099914550781 0.3892335295677185 
vn 0.3729409873485565 -0.7439875602722168 0.5544344186782837 
vn 0.6774502992630005 -0.48753300309181213 0.5507928133010864 
vn 0.2334701120853424 0.9138596057891846 0.33219319581985474 
vn -0.605829656124115 0.7934072017669678 0.058952588587999344 
vn -0.018852943554520607 0.9192363023757935 0.3932546079158783 
vn -0.27495256066322327 0.7364407181739807 0.6181069612503052 
vn -0.6400890946388245 0.7680490612983704 0.01966099627315998 
vn -0.6390278935432434 0.4624161124229431 0.6146662831306458 
vn -0.6358216404914856 0.7704722285270691 0.04586252197623253 
vn -0.8475868701934814 0.3067130148410797 0.43303996324539185 
vn -0.6629945039749146 0.7483660578727722 0.01966099627315998 
vn -0.8931660652160645 0.23867228627204895 0.3811691105365753 
vn -0.6514792442321777 0.7581347823143005 0.028397228568792343 
vn 0.5329062938690186 0.48881709575653076 -0.6907016038894653 
vn 0.8507962226867676 -0.2387230098247528 -0.46814218163490295 
vn 0.61583012342453 0.5704251527786255 -0.5434780716896057 
vn 0.90067458152771 -0.25372207164764404 -0.3527185618877411 
vn 0.28091931343078613 -0.928098738193512 0.24437066912651062 
vn 0.20564256608486176 -0.8961372375488281 0.3932546079158783 
vn 0.3659983277320862 -0.7419934868812561 0.5616858005523682 
vn 0.661755383014679 -0.4089575707912445 -0.6283578276634216 
vn 0.6746141910552979 -0.4873378574848175 0.5544344186782837 
vn 0.2953675091266632 -0.6699061989784241 -0.681163489818573 
vn 0.9083073139190674 -0.29671305418014526 0.2948545813560486 
vn 0.2859182357788086 -0.8701894879341125 -0.401274174451828 
vn 0.966305136680603 -0.13546645641326904 0.21886809170246124 
vn 0.6449577808380127 0.4723181128501892 0.6007870435714722 
vn 0.7951326966285706 0.48736852407455444 0.36088213324546814 
vn 0.2334701120853424 0.9138596057891846 0.33219319581985474 
vn -0.018852943554520607 0.9192363023757935 0.3932546079158783 
vn 0.25343412160873413 0.17018738389015198 0.9522643685340881 
vn 0.8507962226867676 -0.2387230098247528 -0.46814218163490295 
vn 0.661755383014679 -0.4089575707912445 -0.6283578276634216 
vn 0.5329062938690186 0.48881709575653076 -0.6907016038894653 
vn 0.23295818269252777 0.2782813310623169 -0.931820809841156 
vn 0.2953675091266632 -0.6699061989784241 -0.681163489818573 
vn -0.2839962840080261 -0.015136351808905602 -0.9587059020996094 
vn 0.2859182357788086 -0.8701894879341125 -0.401274174451828 
vn -0.5599499940872192 -0.24930579960346222 -0.790128231048584 
vn 0.28091931343078613 -0.928098738193512 0.24437066912651062 
vn 0.20564256608486176 -0.8961372375488281 0.3932546079158783 
vn -0.5334990620613098 -0.6387341022491455 0.5544344186782837 
vn -0.5184728503227234 -0.48646435141563416 0.7032341957092285 
vn -0.5334990620613098 -0.6387341022491455 0.5544344186782837 
vn -0.5184728503227234 -0.48646435141563416 0.7032341957092285 
vn -0.8951749205589294 0.22422964870929718 0.3852050006389618 
vn -0.8429116606712341 0.3139322102069855 0.43697428703308105 
vn -0.6420785188674927 0.4627663493156433 0.6112139225006104 
vn -0.23349811136722565 -0.2215382605791092 0.946783721446991 
vn -0.27495256066322327 0.7364407181739807 0.6181069612503052 
vn 0.25343412160873413 0.17018738389015198 0.9522643685340881 
vn -0.018852943554520607 0.9192363023757935 0.3932546079158783 
vn 0.6449577808380127 0.4723181128501892 0.6007870435714722 
vn 0.20564256608486176 -0.8961372375488281 0.3932546079158783 
vn 0.3659983277320862 -0.7419934868812561 0.5616858005523682 
vn 0.6746141910552979 -0.4873378574848175 0.5544344186782837 
vn 0.2334701120853424 0.9138596057891846 0.33219319581985474 
vn -0.5996530055999756 0.7977516055107117 0.0633138045668602 
vn -0.018852943554520607 0.9192363023757935 0.3932546079158783 
vn -0.27495256066322327 0.7364407181739807 0.6181069612503052 
vn -0.6399546265602112 0.7678877711296082 0.028397228568792343 
vn -0.6420785188674927 0.4627663493156433 0.6112139225006104 
vn -0.6358216404914856 0.7704722285270691 0.04586252197623253 
vn -0.8429116606712341 0.3139322102069855 0.43697428703308105 
vn -0.6573742628097534 0.7534090876579285 0.0152922747656703 
vn -0.8951749205589294 0.22422964870929718 0.3852050006389618 
vn -0.6516658663749695 0.7583519816398621 0.0152922747656703 
vn -0.9568284153938293 -0.2902507185935974 0.0152922747656703 
vn -0.8967750072479248 -0.3959648907184601 -0.1975002884864807 
vn -0.5599995851516724 0.6253255009651184 0.5434780716896057 
vn -0.6012826561927795 0.5187477469444275 0.607749879360199 
vn -0.5502959489822388 0.30683013796806335 0.7765498161315918 
vn -0.9351478219032288 -0.09803477674722672 -0.34042292833328247 
vn -0.6155725717544556 -0.0974971204996109 0.7820260524749756 
vn -0.8180286884307861 0.31738242506980896 -0.4796847105026245 
vn -0.741301953792572 -0.3259233236312866 0.5867242813110352 
vn -0.8192335367202759 0.5317914485931396 -0.21460255980491638 
vn -0.7510744333267212 -0.3748583197593689 0.5434780716896057 
vn -0.9568284153938293 -0.2902507185935974 0.0152922747656703 
vn -0.8967750072479248 -0.3959648907184601 -0.1975002884864807 
vn -0.2564762532711029 -0.8186691999435425 -0.5138099193572998 
vn -0.2908324897289276 -0.7095319628715515 -0.641857385635376 
vn -0.9351478219032288 -0.09803477674722672 -0.34042292833328247 
vn -0.2750245928764343 -0.31109651923179626 -0.9097144603729248 
vn -0.8180286884307861 0.31738242506980896 -0.4796847105026245 
vn -0.11058134585618973 0.2620205283164978 -0.9587059020996094 
vn -0.8192335367202759 0.5317914485931396 -0.21460255980491638 
vn -0.0772644504904747 0.5905013680458069 -0.8033295273780823 
vn -0.5599995851516724 0.6253255009651184 0.5434780716896057 
vn -0.6012826561927795 0.5187477469444275 0.607749879360199 
vn 0.12590891122817993 0.8299267888069153 0.5434780716896057 
vn 0.27270472049713135 0.7076150178909302 0.651853621006012 
vn 0.31330806016921997 0.323958158493042 0.8926864862442017 
vn -0.5502959489822388 0.30683013796806335 0.7765498161315918 
vn 0.2099558562040329 -0.2960211932659149 0.931820809841156 
vn -0.6155725717544556 -0.0974971204996109 0.7820260524749756 
vn 0.047070153057575226 -0.7625608444213867 0.6452018022537231 
vn -0.741301953792572 -0.3259233236312866 0.5867242813110352 
vn 0.7205812931060791 -0.6659058332443237 0.19321508705615997 
vn 0.8431805372238159 -0.36660248041152954 0.3932546079158783 
vn 0.12590891122817993 0.8299267888069153 0.5434780716896057 
vn 0.27270472049713135 0.7076150178909302 0.651853621006012 
vn 0.8076212406158447 0.5475807785987854 0.21886809170246124 
vn 0.9283169507980347 0.3401109278202057 0.15017375349998474 
vn 0.9509848952293396 -0.10552160441875458 -0.29067665338516235 
vn 0.9521604776382446 -0.13551250100135803 -0.27391019463539124 
vn 0.9344158172607422 0.0903739482164383 0.34452807903289795 
vn 0.955704927444458 -0.13550199568271637 -0.2612801790237427 
vn 0.8431805372238159 -0.36660248041152954 0.3932546079158783 
vn 0.9468097686767578 -0.2318718433380127 -0.22312943637371063 
vn 0.7205812931060791 -0.6659058332443237 0.19321508705615997 
vn 0.6151358485221863 -0.7748128175735474 0.1458524912595749 
vn 0.9565476775169373 -0.12053554505109787 -0.26549527049064636 
vn 0.31330806016921997 0.323958158493042 0.8926864862442017 
vn 0.2099558562040329 -0.2960211932659149 0.931820809841156 
vn -0.741301953792572 -0.3259233236312866 0.5867242813110352 
vn -0.7510744333267212 -0.3748583197593689 0.5434780716896057 
vn 0.047070153057575226 -0.7625608444213867 0.6452018022537231 
vn -0.05842599645256996 -0.8733845949172974 0.4835140109062195 
vn 0.6151358485221863 -0.7748128175735474 0.1458524912595749 
vn 0.7205812931060791 -0.6659058332443237 0.19321508705615997 
vn 0.009257001802325249 -0.09989895671606064 0.994954526424408 
vn 0.0018539319280534983 -0.10030980408191681 0.994954526424408 
vn 0.0018539319280534983 -0.10030980408191681 0.994954526424408 
vn 3.2426803077542296e-14 -0.10467331111431122 0.9945066571235657 
vn 0.014896565116941929 -0.10360788553953171 0.9945066571235657 
vn 0.007467308547347784 -0.10440661758184433 0.9945066571235657 
vn 0.007467308547347784 -0.10440661758184433 0.9945066571235657 
vn 0.007467308547347784 -0.10440661758184433 0.9945066571235657 
vn 0.014896565116941929 -0.10360788553953171 0.9945066571235657 
vn 0.0018539319280534983 -0.10030980408191681 0.994954526424408 
vn 0.0018539319280534983 -0.10030980408191681 0.994954526424408 
vn 0.0018539319280534983 -0.10030980408191681 0.994954526424408 
vn 0.2920532524585724 0.9526084661483765 0.08510008454322815 
vn 0.3064592182636261 0.948072075843811 0.08510008454322815 
vn 0.792100727558136 0.6044290065765381 0.08510008454322815 
vn 0.8097482919692993 0.5799188613891602 0.08945280313491821 
vn 0.9963437914848328 0.007551667746156454 0.08510008454322815 
vn 0.996372401714325 0 0.08510008454322815 
vn 0.7963541150093079 -0.5981791615486145 0.08945280313491821 
vn 0.8097482919692993 -0.5799188613891602 0.08945280313491821 
vn 0.29903003573417664 -0.9496219754219055 0.09380380809307098 
vn 0.3063419461250305 -0.9477092623710632 0.08945280313491821 
vn 0.3064592182636261 0.948072075843811 0.08510008454322815 
vn 0.2920532524585724 0.9526084661483765 0.08510008454322815 
vn -0.3243672847747803 0.9420954585075378 0.08510008454322815 
vn -0.3099311888217926 0.9465415477752686 0.08945280313491821 
vn -0.3243672847747803 0.9420954585075378 0.08510008454322815 
vn -0.3099311888217926 0.9465415477752686 0.08945280313491821 
vn -0.8031030893325806 0.5890870690345764 0.08945280313491821 
vn -0.8075448274612427 0.5829833149909973 0.08945280313491821 
vn -0.9373515248298645 0.33670511841773987 0.08945280313491821 
vn -0.9474897384643555 0.30825507640838623 0.08510008454322815 
vn 0.29903003573417664 -0.9496219754219055 0.09380380809307098 
vn 0.3063419461250305 -0.9477092623710632 0.08945280313491821 
vn -0.30980658531188965 -0.9461610317230225 0.09380380809307098 
vn -0.31899333000183105 -0.9426607489585876 0.0981530249118805 
vn -0.30980658531188965 -0.9461610317230225 0.09380380809307098 
vn -0.31899333000183105 -0.9426607489585876 0.0981530249118805 
vn -0.8116137981414795 -0.5766142010688782 0.09380380809307098 
vn -0.8072202205657959 -0.5827489495277405 0.09380380809307098 
vn -0.9516890048980713 -0.2937452495098114 0.08945280313491821 
vn -0.9377104043960571 -0.33683401346206665 0.08510008454322815 
vn 0 0 1 
vn 0 0 1 
vn 0 0 1 
vn 0 0 1 
vn 0 0 1 
vn 0 0 1 
vn 0 0 1 
vn 0 0 1 
vn 0 0 1 
vn 0 0 1 
vn -0.9148578643798828 0.39272886514663696 -0.09380380809307098 
vn -0.7063573002815247 0.7010173797607422 -0.0981530249118805 
vn -0.9328360557556152 0.3511366844177246 -0.08074574917554855 
vn -0.7256510853767395 0.6816387176513672 -0.09380380809307098 
vn -0.7063573002815247 0.7010173797607422 -0.0981530249118805 
vn -1.0286687951097107e-13 0.9947329759597778 -0.10250037163496017 
vn -0.7256510853767395 0.6816387176513672 -0.09380380809307098 
vn 0.015096260234713554 0.9946184158325195 -0.10250037163496017 
vn 0.7063573002815247 0.7010173797607422 -0.0981530249118805 
vn 0.7007086277008057 0.7060461044311523 -0.10250037163496017 
vn 0.7063573002815247 0.7010173797607422 -0.0981530249118805 
vn 0.7007086277008057 0.7060461044311523 -0.10250037163496017 
vn 0.9946184158325195 0.015096260234713554 -0.10250037163496017 
vn 0.9947329759597778 0 -0.10250037163496017 
vn 0.6857526302337646 -0.7217646241188049 -0.09380380809307098 
vn 0.6966142654418945 -0.7112871408462524 -0.09380380809307098 
vn 0.6857526302337646 -0.7217646241188049 -0.09380380809307098 
vn 0.6966142654418945 -0.7112871408462524 -0.09380380809307098 
vn 0.009439533576369286 -0.9963276982307434 -0.08510008454322815 
vn 3.090423967080924e-13 -0.9947329759597778 -0.10250037163496017 
vn -0.7049389481544495 -0.7036044597625732 -0.08945280313491821 
vn -0.6993047595024109 -0.7086421847343445 -0.09380380809307098 
vn -0.7049389481544495 -0.7036044597625732 -0.08945280313491821 
vn -0.6993047595024109 -0.7086421847343445 -0.09380380809307098 
vn -0.9188627600669861 -0.3862270414829254 -0.08074574917554855 
vn -0.9443846940994263 -0.3151799440383911 -0.09380380809307098 
vn -2.0682311115474694e-13 0 -1 
vn -2.0682311115474694e-13 0 -1 
vn -2.0682311115474694e-13 0 -1 
vn -2.0682311115474694e-13 0 -1 
vn -2.0682311115474694e-13 0 -1 
vn -2.0682311115474694e-13 0 -1 
vn -2.0682311115474694e-13 0 -1 
vn -2.0682311115474694e-13 0 -1 
vn 0 0 1 
vn 0 0 1 
vn 0 0 1 
vn 0 0 1 
vn 0 0 1 
vn 0 0 1 
vn 0 0 1 
vn 0 0 1 
vn 0.9023662805557251 -0.4309644401073456 0.002184694167226553 
vn 0.9023662805557251 -0.4309644401073456 0.002184694167226553 
vn 0.9238772988319397 0.38268253207206726 -0.002184694167226553 
vn 0.9295517206192017 0.3686853349208832 0.002184694167226553 
vn 0.9238772988319397 0.38268253207206726 -0.002184694167226553 
vn 0.9295517206192017 0.3686853349208832 0.002184694167226553 
vn -0.41728663444519043 0.9087722897529602 -0.002184694167226553 
vn -0.3686853349208832 0.9295517206192017 0.002184694167226553 
vn -0.41728663444519043 0.9087722897529602 -0.002184694167226553 
vn -0.3686853349208832 0.9295517206192017 0.002184694167226553 
vn -0.9149710536003113 -0.4035136103630066 -0.002184694167226553 
vn -0.9295517206192017 -0.3686853349208832 0.002184694167226553 
vn -0.9149710536003113 -0.4035136103630066 -0.002184694167226553 
vn -0.9295517206192017 -0.3686853349208832 0.002184694167226553 
vn -0.354604035615921 -0.935014009475708 0.002184694167226553 
vn -0.354604035615921 -0.935014009475708 0.002184694167226553 
vn 3.3772650339302865e-14 -0.10901768505573273 0.9940398335456848 
vn 3.3772650339302865e-14 -0.10901768505573273 0.9940398335456848 
vn 0.01479644700884819 -0.11239016801118851 0.9935539960861206 
vn 0.022249912843108177 -0.10228119790554047 0.9945066571235657 
vn 0.007467308547347784 -0.10440661758184433 0.9945066571235657 
vn 3.2426803077542296e-14 -0.10467331111431122 0.9945066571235657 
vn 0.016609512269496918 -0.09894249588251114 0.994954526424408 
vn -0.005559263285249472 -0.10017279535531998 0.994954526424408 
vn 0.009291776455938816 -0.09552781283855438 0.9953833818435669 
vn 0.0018611537525430322 -0.0959606021642685 0.9953833818435669 
vn 0.01832805946469307 -0.08977676928043365 0.9957932829856873 
vn 0.07421611994504929 -0.09135252237319946 0.9930492043495178 
vn 0.969104528427124 -0.2466406375169754 0.002184694167226553 
vn 0.969104528427124 -0.2466406375169754 0.002184694167226553 
vn 0.8596616387367249 -0.5108591318130493 0.002184694167226553 
vn 0.878334105014801 -0.47804227471351624 0.002184694167226553 
vn 0.49125343561172485 -0.8710139393806458 0.002184694167226553 
vn 0.5043525099754333 -0.8634950518608093 0.002184694167226553 
vn 0.49125343561172485 -0.8710139393806458 0.002184694167226553 
vn 0.5043525099754333 -0.8634950518608093 0.002184694167226553 
vn 3.097898456858039e-13 -0.999997615814209 0.002184694167226553 
vn -0.007551815826445818 -0.9999691247940063 0.002184694167226553 
vn -0.49125343561172485 -0.8710139393806458 0.002184694167226553 
vn -0.5043525099754333 -0.8634950518608093 0.002184694167226553 
vn -0.49125343561172485 -0.8710139393806458 0.002184694167226553 
vn -0.5043525099754333 -0.8634950518608093 0.002184694167226553 
vn -0.8596616387367249 -0.5108591318130493 0.002184694167226553 
vn -0.8746989965438843 -0.48466166853904724 0.002184694167226553 
vn -0.9998835325241089 -0.015103200450539589 0.002184694167226553 
vn -0.9998835325241089 0.015103200450539589 0.002184694167226553 
vn -0.8672792315483093 0.49781718850135803 0.002184694167226553 
vn -0.8518480062484741 0.5237845182418823 0.002184694167226553 
vn -0.49125343561172485 0.8710139393806458 0.002184694167226553 
vn -0.47804227471351624 0.878334105014801 0.002184694167226553 
vn -0.49125343561172485 0.8710139393806458 0.002184694167226553 
vn -0.47804227471351624 0.878334105014801 0.002184694167226553 
vn -1.0341130485562108e-13 0.999997615814209 0.002184694167226553 
vn -1.0341130485562108e-13 0.999997615814209 0.002184694167226553 
vn 0.49125343561172485 0.8710139393806458 0.002184694167226553 
vn 0.47804227471351624 0.878334105014801 0.002184694167226553 
vn 0.49125343561172485 0.8710139393806458 0.002184694167226553 
vn 0.47804227471351624 0.878334105014801 0.002184694167226553 
vn 0.8710139393806458 0.49125343561172485 0.002184694167226553 
vn 0.855779230594635 0.5173366069793701 0.002184694167226553 
vn 0.969104528427124 0.2466406375169754 0.002184694167226553 
vn 0.969104528427124 0.2466406375169754 0.002184694167226553 
vn 0.28061193227767944 0.06736896932125092 -0.9574540853500366 
vn 0.27627402544021606 0.06749556213617325 -0.9587059020996094 
vn 0.280852347612381 0.09641673415899277 -0.9548956751823425 
vn 0.2709355652332306 0.052685968577861786 -0.961154580116272 
vn 0.24177834391593933 0.015135527588427067 -0.9702134728431702 
vn 0.2293892800807953 0.0075487722642719746 -0.9733054637908936 
vn 0.3890203535556793 0.9096099138259888 0.1458524912595749 
vn 0.3805217444896698 0.9124971628189087 0.15017375349998474 
vn 0.4404790699481964 0.8836053013801575 -0.15880759060382843 
vn 0.41512805223464966 0.902397632598877 -0.11553031951189041 
vn 0.358001172542572 0.7458848357200623 -0.5616858005523682 
vn 0.3230011761188507 0.7254725098609924 -0.607749879360199 
vn 0.21105726063251495 0.4786868989467621 -0.8522403836250305 
vn 0.19103480875492096 0.3686804473400116 -0.9097144603729248 
vn 0.21105726063251495 0.4786868989467621 -0.8522403836250305 
vn 0.19103480875492096 0.3686804473400116 -0.9097144603729248 
vn 0.2536139488220215 0.1377011388540268 -0.9574540853500366 
vn 0.29043400287628174 0.11825110018253326 -0.949560284614563 
vn -0.9872600436210632 -0.1578955501317978 -0.01966099627315998 
vn -0.9893243908882141 -0.14293669164180756 0.028397228568792343 
vn -0.9871658086776733 -0.15788047015666962 -0.024029340595006943 
vn -0.9884998202323914 -0.15044690668582916 0.0152922747656703 
vn -0.9882959127426147 -0.11298195272684097 0.10250037163496017 
vn -0.9886699914932251 -0.1054307073354721 0.10684575140476227 
vn -0.986578643321991 -0.06411223113536835 0.15017375349998474 
vn -0.9856570363044739 -0.0679144635796547 0.15449213981628418 
vn -0.9850108623504639 -0.041485562920570374 0.16742929816246033 
vn -0.9862523078918457 -0.02642388455569744 0.16312000155448914 
vn -0.9862713813781738 -0.045264776796102524 0.15880759060382843 
vn -0.9746962189674377 -0.08664217591285706 0.2060592919588089 
vn -0.9673275351524353 -0.12037722021341324 0.22312943637371063 
vn -0.9728347063064575 -0.07542770355939865 0.21886809170246124 
vn 0.9671911597251892 -0.08293437212705612 0.2401314377784729 
vn 0.9752421975135803 -0.09048101305961609 0.2017817199230194 
vn 0.9206284880638123 -0.26067274808883667 0.29067665338516235 
vn 0.9986827969551086 -0.030177012085914612 0.04149730131030083 
vn 0.9996837377548218 0.02265242673456669 -0.010923261754214764 
vn -0.5134403705596924 -0.6092877984046936 0.6042742133140564 
vn -0.4496798813343048 -0.4603480398654938 0.7654199600219727 
vn -0.4455496072769165 -0.31440305709838867 0.838234007358551 
vn -0.5056499242782593 -0.5416591763496399 0.6715083718299866 
vn -0.49193963408470154 -0.5132806301116943 0.7032341957092285 
vn -0.49193963408470154 -0.5132806301116943 0.7032341957092285 
vn -0.4845072031021118 -0.476505845785141 0.7336177229881287 
vn -0.4804794490337372 -0.5524090528488159 0.681163489818573 
vn -0.5273634791374207 -0.802834153175354 0.2781098484992981 
vn -0.49556657671928406 -0.8583465218544006 0.1328723281621933 
vn -0.36676910519599915 -0.8213001489639282 -0.43697428703308105 
vn -0.3849150836467743 -0.8626767992973328 -0.3280687630176544 
vn -0.40827491879463196 -0.4335588216781616 0.8033295273780823 
vn -0.4548672139644623 -0.5134389400482178 0.7276512384414673 
vn -0.47824427485466003 -0.5048763751983643 0.7185974717140198 
vn -0.5354918241500854 -0.8268950581550598 0.17173540592193604 
vn -0.49257954955101013 -0.8682683706283569 -0.058952588587999344 
vn -0.5354918241500854 -0.8268950581550598 0.17173540592193604 
vn -0.49257954955101013 -0.8682683706283569 -0.058952588587999344 
vn -0.2318822145462036 -0.6720805764198303 -0.7032341957092285 
vn -0.22636893391609192 -0.6575521230697632 -0.7185974717140198 
vn 0.9839031100273132 -0.1653934121131897 0.06767380982637405 
vn 0.9839591383934021 -0.1428578794002533 0.10684575140476227 
vn 0.9848255515098572 -0.15789218246936798 0.07203252613544464 
vn 0.9859022498130798 -0.13550914824008942 0.0981530249118805 
vn 0.9869021773338318 -0.1280239075422287 0.0981530249118805 
vn 0.9873526692390442 -0.11301179975271225 0.1111890971660614 
vn 0.9848828315734863 -0.02264375053346157 0.17173540592193604 
vn 0.9783828854560852 -0.04528895020484924 0.2017817199230194 
vn 0.9416298866271973 -0.015094240196049213 0.3363112509250641 
vn 0.8975602388381958 -0.0828370749950409 0.43303996324539185 
vn 0.9998830556869507 0 -0.0152922747656703 
vn 0.9998830556869507 0 -0.0152922747656703 
vn 0.9998830556869507 0 -0.0152922747656703 
vn -0.2995372414588928 -0.1823439598083496 0.9364978075027466 
vn -0.29334771633148193 -0.16864149272441864 0.9410139322280884 
vn -0.31708085536956787 -0.1765495389699936 0.931820809841156 
vn -0.30442944169044495 -0.1656477153301239 0.9380210638046265 
vn -0.3241281807422638 -0.1632511466741562 0.931820809841156 
vn -0.28326112031936646 -0.16137494146823883 0.9453682899475098 
vn -0.28207099437713623 -0.17153117060661316 0.9439348578453064 
vn -0.31335192918777466 -0.18308629095554352 0.931820809841156 
vn -0.3087758421897888 -0.20575210452079773 0.9286137819290161 
vn -0.34766885638237 -0.20434416830539703 0.9150791168212891 
vn -0.32500749826431274 -0.24543428421020508 0.913308322429657 
vn -0.3314552903175354 -0.16677479445934296 0.9286137819290161 
vn 0.9891785979270935 0.09043487906455994 0.11553031951189041 
vn 0.9850303530693054 0.12793733179569244 0.11553031951189041 
vn 0.9866350889205933 0.10547039657831192 0.1242060661315918 
vn 0.9837836623191833 0.12047656625509262 0.1328723281621933 
vn 0.9854679703712463 0.13544945418834686 0.10250037163496017 
vn 0.9848455786705017 0.14298658072948456 0.0981530249118805 
vn 0.9832988977432251 0.15038950741291046 0.10250037163496017 
vn 0.980452299118042 0.16521891951560974 0.10684575140476227 
vn 0.9808961153030396 0.17274552583694458 0.08945280313491821 
vn 0.9791648983955383 0.18010251224040985 0.09380380809307098 
vn 0.9823222756385803 0.1727839708328247 0.07203252613544464 
vn 0.9838805794715881 0.17284557223320007 0.04586252197623253 
vn 0.8652394413948059 0.23867903649806976 0.4409002661705017 
vn 0.7932067513465881 0.25971198081970215 0.5507928133010864 
vn 0.9876571297645569 0.0829358845949173 0.1328723281621933 
vn 0.9882600903511047 0.07541157305240631 0.1328723281621933 
vn 0.9923941493034363 0.052828263491392136 0.1111890971660614 
vn 0.9932451844215393 0.04525405541062355 0.10684575140476227 
vn 0.990982711315155 0.06786729395389557 0.11553031951189041 
vn 0.9928731918334961 0.05278981104493141 0.10684575140476227 
vn 0.9899187684059143 0.07544633746147156 0.11986933648586273 
vn 0.9868476390838623 0.0980260893702507 0.12854042649269104 
vn 0.9868476390838623 0.0980260893702507 0.12854042649269104 
vn -0.03208537399768829 0.9789048433303833 0.2017817199230194 
vn -0.03395119681954384 0.9770401120185852 0.2103329300880432 
vn -0.09413589537143707 0.9197002649307251 0.3811691105365753 
vn -0.10160508006811142 0.9137982130050659 0.3932546079158783 
vn -0.9837322235107422 -0.1504557877779007 -0.0981530249118805 
vn -0.9848455786705017 -0.14298658072948456 -0.0981530249118805 
vn -0.9872429370880127 -0.13171787559986115 -0.08945280313491821 
vn -0.9868460893630981 -0.1316649168729782 -0.09380380809307098 
vn -0.9877748489379883 -0.10926026105880737 -0.1111890971660614 
vn -0.9851329326629639 -0.1466672569513321 -0.08945280313491821 
vn -0.9897952079772949 -0.09428402781486511 -0.10684575140476227 
vn -0.9901449680328369 -0.07915622740983963 -0.11553031951189041 
vn -0.9907177686691284 -0.07163132727146149 -0.11553031951189041 
vn -0.9913825988769531 -0.05283842608332634 -0.11986933648586273 
vn -0.9916918277740479 -0.056569553911685944 -0.11553031951189041 
vn -0.9916918277740479 -0.056569553911685944 -0.11553031951189041 
vn -0.9926618933677673 -0.0566248893737793 -0.10684575140476227 
vn -0.9916918277740479 -0.056569553911685944 -0.11553031951189041 
vn -0.9912334084510803 -0.06410229206085205 -0.11553031951189041 
vn -0.9901449680328369 -0.07915622740983963 -0.11553031951189041 
vn -0.9809032678604126 -0.16529491543769836 -0.10250037163496017 
vn -0.981181800365448 -0.18386635184288025 -0.058952588587999344 
vn -0.9829416275024414 -0.180130735039711 -0.03713129088282585 
vn -0.9839031100273132 -0.1653934121131897 -0.06767380982637405 
vn -0.9838499426841736 -0.16900847852230072 -0.058952588587999344 
vn -0.9792753458023071 -0.18757516145706177 0.0763898640871048 
vn -0.9754349589347839 -0.19498811662197113 0.10250037163496017 
vn 0.014896565116941929 0.10360788553953171 0.9945066571235657 
vn 0.009291776455938816 0.09552781283855438 0.9953833818435669 
vn 0.009291776455938816 0.09552781283855438 0.9953833818435669 
vn 0.014896565116941929 0.10360788553953171 0.9945066571235657 
vn 0.02211543545126915 0.11118180304765701 0.9935539960861206 
vn 0.011044598184525967 0.09096045047044754 0.9957932829856873 
vn 0.016609512269496918 0.09894249588251114 0.994954526424408 
vn 0.022249912843108177 0.10228119790554047 0.9945066571235657 
vn 0.016666516661643982 0.09452051669359207 0.9953833818435669 
vn 0.016609512269496918 0.09894249588251114 0.994954526424408 
vn 0.025556590408086777 0.0834510326385498 0.9961841106414795 
vn 0.02211543545126915 0.11118180304765701 0.9935539960861206 
vn -0.9781768321990967 -0.1914423406124115 -0.08074574917554855 
vn -0.9792436361312866 -0.18395619094371796 -0.08510008454322815 
vn -0.9798403978347778 -0.17639055848121643 -0.09380380809307098 
vn -0.9811491370201111 -0.1689591258764267 -0.09380380809307098 
vn -0.9837322235107422 -0.1504557877779007 -0.0981530249118805 
vn -0.9797834753990173 -0.1691400408744812 -0.10684575140476227 
vn -0.9847369194030762 -0.14660829305648804 -0.09380380809307098 
vn -0.9868460893630981 -0.1316649168729782 -0.09380380809307098 
vn -0.9869021773338318 -0.1280239075422287 -0.0981530249118805 
vn -0.9864674210548401 -0.12796750664710999 -0.10250037163496017 
vn -0.9854679703712463 -0.13544945418834686 -0.10250037163496017 
vn -0.9869162440299988 -0.116761714220047 -0.1111890971660614 
vn -0.9915245175361633 -0.09421952813863754 -0.08945280313491821 
vn -0.9928387999534607 -0.07917927950620651 -0.08945280313491821 
vn -0.9928513765335083 -0.06791289150714874 -0.0981530249118805 
vn -0.9912334084510803 -0.06410229206085205 -0.11553031951189041 
vn -0.9899320602416992 -0.06787767261266708 -0.1242060661315918 
vn -0.9917276501655579 -0.06413425505161285 -0.1111890971660614 
vn -0.9922029972076416 -0.06416499614715576 -0.10684575140476227 
vn -0.9926618933677673 -0.0566248893737793 -0.10684575140476227 
vn -0.9926618933677673 -0.0566248893737793 -0.10684575140476227 
vn -0.9926618933677673 -0.0566248893737793 -0.10684575140476227 
vn -0.1480923295021057 -0.19171467423439026 0.9702134728431702 
vn -0.10098474472761154 -0.060459885746240616 0.9930492043495178 
vn -0.12467187643051147 -0.12731073796749115 0.9839963912963867 
vn -0.10461603105068207 -0.05393331125378609 0.9930492043495178 
vn -0.14387689530849457 -0.15048344433307648 0.9780870079994202 
vn -0.15458177030086517 -0.16384711861610413 0.9742990136146545 
vn -0.2640502154827118 -0.44729891419410706 0.8545181155204773 
vn -0.3118610084056854 -0.5552293658256531 0.7710143327713013 
vn -0.14353011548519135 -0.14485466480255127 0.9789873361587524 
vn -0.27393046021461487 -0.4543951451778412 0.8476362228393555 
vn -0.3265913426876068 -0.5506080985069275 0.7682244777679443 
vn -0.2640502154827118 -0.44729891419410706 0.8545181155204773 
vn -0.3118610084056854 -0.5552293658256531 0.7710143327713013 
vn -0.41965311765670776 -0.8776300549507141 0.23163928091526031 
vn -0.4147661626338959 -0.8842594623565674 0.21460255980491638 
vn -0.3225112855434418 -0.8045164942741394 -0.4987381398677826 
vn -0.24938714504241943 -0.6624940633773804 -0.7063339352607727 
vn -0.3225112855434418 -0.8045164942741394 -0.4987381398677826 
vn -0.24938714504241943 -0.6624940633773804 -0.7063339352607727 
vn -0.16338135302066803 -0.49305716156959534 -0.8545181155204773 
vn -0.15952768921852112 -0.4665254056453705 -0.8700028657913208 
vn -0.16799144446849823 -0.6001784205436707 -0.7820260524749756 
vn -0.286911278963089 -0.6926651000976562 -0.661737859249115 
vn -0.286911278963089 -0.6926651000976562 -0.661737859249115 
vn -0.4283766746520996 -0.8827011585235596 0.19321508705615997 
vn -0.16799144446849823 -0.6001784205436707 -0.7820260524749756 
vn -0.4247015416622162 -0.8763127326965332 0.22738653421401978 
vn -0.27393046021461487 -0.4543951451778412 0.8476362228393555 
vn -0.3265913426876068 -0.5506080985069275 0.7682244777679443 
vn -0.14651234447956085 -0.21378400921821594 0.9658315181732178 
vn -0.11923129856586456 -0.13241977989673615 0.9839963912963867 
vn -0.08403489738702774 -0.046368494629859924 0.9953833818435669 
vn -0.08403489738702774 -0.046368494629859924 0.9953833818435669 
vn -0.0978483259677887 -0.07293131947517395 0.9925254583358765 
vn -0.1031036525964737 -0.07307469844818115 0.9919826984405518 
vn -0.20680487155914307 -0.30316832661628723 0.9302261471748352 
vn -0.26299068331718445 -0.43042245507240295 0.8634653687477112 
vn -0.41936877369880676 -0.8571538925170898 0.2990269064903259 
vn -0.41758421063423157 -0.8689854145050049 0.26549527049064636 
vn -0.10912671685218811 -0.08668376505374908 0.9902410507202148 
vn -0.21481813490390778 -0.3269951343536377 0.9202865362167358 
vn -0.26864004135131836 -0.4401834011077881 0.8567795157432556 
vn -0.4225832521915436 -0.8625997304916382 0.2781098484992981 
vn -0.4260397255420685 -0.8635677099227905 0.26970529556274414 
vn -0.41758421063423157 -0.8689854145050049 0.26549527049064636 
vn -0.41936877369880676 -0.8571538925170898 0.2990269064903259 
vn -0.3260500133037567 -0.8007274866104126 -0.5025205612182617 
vn -0.26940110325813293 -0.6775543689727783 -0.6843559741973877 
vn -0.3260500133037567 -0.8007274866104126 -0.5025205612182617 
vn -0.26940110325813293 -0.6775543689727783 -0.6843559741973877 
vn -0.19107194244861603 -0.5415533781051636 -0.8186644315719604 
vn -0.18722721934318542 -0.5199319124221802 -0.8334367275238037 
vn -0.2552940249443054 -0.6829947829246521 -0.6843559741973877 
vn -0.3054971396923065 -0.7301294803619385 -0.6112139225006104 
vn -0.3054971396923065 -0.7301294803619385 -0.6112139225006104 
vn -0.4260397255420685 -0.8635677099227905 0.26970529556274414 
vn -0.2552940249443054 -0.6829947829246521 -0.6843559741973877 
vn -0.4225832521915436 -0.8625997304916382 0.2781098484992981 
vn 0.00759991817176342 -0.13048554956912994 -0.991421103477478 
vn 0.007571603637188673 -0.13482490181922913 -0.990840494632721 
vn 0.011346928775310516 -0.15623874962329865 -0.9876541495323181 
vn 0.028210991993546486 -0.18897700309753418 -0.9815762042999268 
vn 0.02454373426735401 -0.1634424775838852 -0.9862475395202637 
vn 0.02451781928539276 -0.20674791932106018 -0.9780870079994202 
vn 0.04702882468700409 -0.23764288425445557 -0.9702134728431702 
vn 0.024568947032094002 -0.24100252985954285 -0.9702134728431702 
vn 0.03754059970378876 -0.1741889864206314 -0.9839963912963867 
vn 0.980667233467102 0.1801566481590271 0.0763898640871048 
vn 0.9812716841697693 0.17281167209148407 0.08510008454322815 
vn 0.9803295731544495 0.1800946146249771 0.08074574917554855 
vn 0.9787129163742065 0.180241659283638 0.0981530249118805 
vn 0.9837322235107422 0.1504557877779007 0.0981530249118805 
vn 0.980452299118042 0.16521891951560974 0.10684575140476227 
vn 0.9848455786705017 0.14298658072948456 0.0981530249118805 
vn 0.9869021773338318 0.1280239075422287 0.0981530249118805 
vn 0.9877349734306335 0.12797565758228302 0.08945280313491821 
vn 0.9869021773338318 0.1280239075422287 0.0981530249118805 
vn 0.9868605732917786 0.1129554808139801 0.11553031951189041 
vn 0.9856816530227661 0.1429329365491867 0.08945280313491821 
vn 0.9918744564056396 0.0904613584280014 0.08945280313491821 
vn 0.9899187684059143 0.07544633746147156 0.11986933648586273 
vn 0.9888295531272888 0.07545502483844757 0.12854042649269104 
vn 0.9909519553184509 0.06037803739309311 0.11986933648586273 
vn 0.9914697408676147 0.06033635511994362 0.11553031951189041 
vn 0.9918995499610901 0.05280193313956261 0.11553031951189041 
vn 0.9928731918334961 0.05278981104493141 0.10684575140476227 
vn 0.9914697408676147 0.06033635511994362 0.11553031951189041 
vn 0.9914697408676147 0.06033635511994362 0.11553031951189041 
vn 0.9904385209083557 0.07539431750774384 0.11553031951189041 
vn -0.2809244990348816 -0.9354288578033447 0.21460255980491638 
vn -0.18607227504253387 -0.3975474238395691 0.8985171914100647 
vn -0.16043643653392792 -0.29791438579559326 0.9410139322280884 
vn -0.09521419554948807 -0.04348286613821983 0.9945066571235657 
vn -0.09133139997720718 -0.007373033091425896 0.9957932829856873 
vn -0.06586454063653946 0.0698123350739479 0.9953833818435669 
vn -0.060256559401750565 0.07470641285181046 0.9953833818435669 
vn -0.053775470703840256 0.044583484530448914 0.9975572824478149 
vn -0.057160668075084686 0.021678181365132332 0.9981296062469482 
vn -0.005559263285249472 -0.10017279535531998 0.994954526424408 
vn 3.511785385602352e-14 -0.1133599802851677 0.9935539960861206 
vn 0.0018801316618919373 -0.25494125485420227 0.9669547080993652 
vn -0.02253945916891098 -0.2624221742153168 0.9646899104118347 
vn -0.18827718496322632 -0.2610599100589752 0.946783721446991 
vn -0.20961180329322815 -0.23877930641174316 0.9481810927391052 
vn -0.21134068071842194 -0.11841017752885818 0.9702134728431702 
vn -0.20959538221359253 -0.0700746700167656 0.9752739667892456 
vn -0.20113977789878845 -0.03356429189443588 0.9789873361587524 
vn -0.20069380104541779 -0.05538797006011009 0.9780870079994202 
vn -0.0037324668373912573 -0.13065338134765625 0.991421103477478 
vn 0.0018653111765161157 -0.1436787098646164 0.9896226525306702 
vn 5.919202438310969e-14 -0.19107110798358917 0.9815762042999268 
vn 5.919202438310969e-14 -0.19107110798358917 0.9815762042999268 
vn -0.2900703251361847 -0.9464823603630066 0.1415284425020218 
vn -0.2900703251361847 -0.9464823603630066 0.1415284425020218 
vn -0.2809244990348816 -0.9354288578033447 0.21460255980491638 
vn -0.11633697897195816 -0.6017998456954956 -0.790128231048584 
vn -0.08089469373226166 -0.4902136027812958 -0.8678402304649353 
vn 0.020790621638298035 -0.1421787589788437 -0.9896226525306702 
vn 0.030048634856939316 -0.13165166974067688 -0.990840494632721 
vn 0.07265029847621918 -0.09805715829133987 -0.9925254583358765 
vn 0.08389768749475479 -0.08254995197057724 -0.9930492043495178 
vn 0.10358329862356186 -0.015066604129970074 -0.9945066571235657 
vn 0.10875212401151657 0.007604689337313175 -0.9940398335456848 
vn 0.12001699209213257 0.051770273596048355 -0.991421103477478 
vn 0.12313101440668106 0.06527993083000183 -0.9902410507202148 
vn 0.2146502435207367 0.08125081658363342 -0.9733054637908936 
vn 0.2163301706314087 0.08858253806829453 -0.9722933769226074 
vn 0.20542402565479279 0.08149634301662445 -0.9752739667892456 
vn 0.21334825456142426 0.09554126113653183 -0.9722933769226074 
vn 0.010922610759735107 0.018918516114354134 -0.9997613430023193 
vn -0.0040505328215658665 0.012466258369386196 -0.9999141097068787 
vn -0.0037933827843517065 0.02151334285736084 -0.9997613430023193 
vn -0.0037933827843517065 0.02151334285736084 -0.9997613430023193 
vn -0.0037933827843517065 0.02151334285736084 -0.9997613430023193 
vn -0.0037933827843517065 0.02151334285736084 -0.9997613430023193 
vn -0.054286181926727295 0.07915119081735611 0.9953833818435669 
vn -0.054382551461458206 0.08430914580821991 0.994954526424408 
vn -0.025624651461839676 0.07886456698179245 0.9965559244155884 
vn -0.016455302014946938 0.07682546973228455 0.9969087839126587 
vn -0.00922771729528904 0.07363543659448624 0.9972425103187561 
vn -0.0018501408630982041 0.07418830692768097 0.9972425103187561 
vn -0.0018418359104543924 0.07854640483856201 0.9969087839126587 
vn -0.009271320886909962 0.06923533231019974 0.9975572824478149 
vn 0.01832805946469307 0.08977676928043365 0.9957932829856873 
vn 0.006750544533133507 0.020776038989424706 0.9997613430023193 
vn -0.03706604987382889 0.030568145215511322 0.9988451600074768 
vn -0.06973587721586227 -0.02538178488612175 0.9972425103187561 
vn -0.12042374163866043 -0.3973885774612427 0.9097144603729248 
vn -0.16705408692359924 -0.4143662750720978 0.8946471214294434 
vn -0.211560919880867 -0.9705126285552979 0.11553031951189041 
vn -0.2828448414802551 -0.9486666917800903 0.1415284425020218 
vn -0.1559937298297882 -0.9836992025375366 0.08945280313491821 
vn -0.0822204053401947 -0.39888304471969604 0.913308322429657 
vn -1.0341130485562108e-13 0.999997615814209 0.002184694167226553 
vn -1.0341130485562108e-13 0.999997615814209 0.002184694167226553 
vn -1.0341130485562108e-13 0.999997615814209 0.002184694167226553 
vn -1.0341130485562108e-13 0.999997615814209 0.002184694167226553 
vn 0.11315751820802689 -0.3188858926296234 -0.9410139322280884 
vn 0.10041175037622452 -0.31881430745124817 -0.9424833655357361 
vn 0.06401268392801285 -0.450044721364975 -0.8907088041305542 
vn 0.08238096535205841 -0.30257001519203186 -0.949560284614563 
vn 0.058404117822647095 -0.4231111407279968 -0.9041935205459595 
vn 0.054434195160865784 -0.27486956119537354 -0.9599394202232361 
vn -0.11860963702201843 -0.9455186128616333 -0.30319350957870483 
vn -0.1503659188747406 -0.9590239524841309 -0.2401314377784729 
vn 0.0245770625770092 -0.5737460255622864 -0.8186644315719604 
vn -0.20988407731056213 -0.9680518507957458 -0.1372016966342926 
vn -0.20988407731056213 -0.9680518507957458 -0.1372016966342926 
vn -0.1503659188747406 -0.9590239524841309 -0.2401314377784729 
vn -0.27588722109794617 -0.6032840013504028 0.7482877969741821 
vn -0.23321682214736938 -0.5593409538269043 0.7954543828964233 
vn -0.1939857453107834 -0.5556009411811829 0.8085030317306519 
vn -0.11860963702201843 -0.9455186128616333 -0.30319350957870483 
vn -0.27588722109794617 -0.6032840013504028 0.7482877969741821 
vn -0.23321682214736938 -0.5593409538269043 0.7954543828964233 
vn -0.20725500583648682 -0.10812480002641678 0.9722933769226074 
vn -0.17351990938186646 -0.07999377697706223 0.9815762042999268 
vn -0.1939857453107834 -0.5556009411811829 0.8085030317306519 
vn -0.14542905986309052 -0.058221012353897095 0.9876541495323181 
vn -0.16368305683135986 0.05869092047214508 0.9847655892372131 
vn -0.13066063821315765 0.07831497490406036 0.9883291721343994 
vn -0.1293901652097702 0.11616777628660202 0.9847655892372131 
vn -0.1342681646347046 0.11049356311559677 0.9847655892372131 
vn -0.1293901652097702 0.11616777628660202 0.9847655892372131 
vn -0.14415742456912994 0.10473649948835373 0.9839963912963867 
vn -0.1551528424024582 0.09606657177209854 0.983208417892456 
vn -0.16670876741409302 0.09336140006780624 0.9815762042999268 
vn -0.19021934270858765 0.044513039290905 0.9807319641113281 
vn -0.18421515822410583 0.09700826555490494 0.9780870079994202 
vn -0.05659066513180733 0.08805679529905319 0.9945066571235657 
vn -0.052266690880060196 0.105458565056324 0.9930492043495178 
vn -0.08522854745388031 0.07474342733621597 0.9935539960861206 
vn -0.07385842502117157 0.1130487322807312 0.990840494632721 
vn -0.09145829826593399 0.09935019910335541 0.990840494632721 
vn -0.060996539890766144 0.1156013011932373 0.991421103477478 
vn -0.05885504186153412 0.11183182895183563 0.9919826984405518 
vn -0.07474342733621597 0.08522854745388031 0.9935539960861206 
vn -0.06586454063653946 0.0698123350739479 0.9953833818435669 
vn -0.12310536205768585 0.04392390325665474 0.991421103477478 
vn -0.09999225288629532 0.04343276470899582 0.9940398335456848 
vn -0.1077159196138382 0.1077159196138382 0.9883291721343994 
vn -0.1456017941236496 -0.17741629481315613 0.9733054637908936 
vn -0.10599682480096817 -0.06048094853758812 0.9925254583358765 
vn -0.1263408362865448 -0.10655435919761658 0.9862475395202637 
vn -0.09679519385099411 -0.05015522614121437 0.9940398335456848 
vn -0.15132872760295868 -0.17255735397338867 0.9733054637908936 
vn -0.175008624792099 -0.21343353390693665 0.961154580116272 
vn -0.2640502154827118 -0.44729891419410706 0.8545181155204773 
vn -0.2925163507461548 -0.526762843132019 0.7980946898460388 
vn -0.41229483485221863 -0.8648321628570557 0.2864931523799896 
vn -0.41117316484451294 -0.8879618048667908 0.2060592919588089 
vn -0.15192697942256927 -0.15457236766815186 0.976230263710022 
vn -0.26584020256996155 -0.41523972153663635 0.8700028657913208 
vn -0.280297189950943 -0.48046740889549255 0.8310141563415527 
vn -0.41393521428108215 -0.8626497983932495 0.29067665338516235 
vn -0.4260397255420685 -0.8635677099227905 0.26970529556274414 
vn -0.41117316484451294 -0.8879618048667908 0.2060592919588089 
vn -0.41229483485221863 -0.8648321628570557 0.2864931523799896 
vn -0.3131813108921051 -0.7684272527694702 -0.5580654144287109 
vn -0.25319620966911316 -0.6643442511558533 -0.7032341957092285 
vn -0.3131813108921051 -0.7684272527694702 -0.5580654144287109 
vn -0.25319620966911316 -0.6643442511558533 -0.7032341957092285 
vn -0.18138304352760315 -0.4946627914905548 -0.8499464392662048 
vn -0.1724034696817398 -0.493926465511322 -0.8522403836250305 
vn -0.286911278963089 -0.6926651000976562 -0.661737859249115 
vn -0.28364747762680054 -0.6971228718757629 -0.6584556698799133 
vn -0.28364747762680054 -0.6971228718757629 -0.6584556698799133 
vn -0.4260397255420685 -0.8635677099227905 0.26970529556274414 
vn -0.286911278963089 -0.6926651000976562 -0.661737859249115 
vn -0.41393521428108215 -0.8626497983932495 0.29067665338516235 
vn 0.3553128242492676 0.8639698028564453 -0.3568037748336792 
vn 0.36746811866760254 0.7897745966911316 -0.4911448359489441 
vn 0.36220744252204895 0.8559389114379883 -0.3690181374549866 
vn 0.37440770864486694 0.7768435478210449 -0.5062933564186096 
vn 0.36746811866760254 0.7897745966911316 -0.4911448359489441 
vn 0.366499125957489 0.6473802924156189 -0.6682642698287964 
vn 0.37440770864486694 0.7768435478210449 -0.5062933564186096 
vn 0.3664586544036865 0.6372448205947876 -0.677958071231842 
vn 0.2888637185096741 0.4625164866447449 -0.838234007358551 
vn 0.26195529103279114 0.38565748929977417 -0.8846737742424011 
vn 0.20405559241771698 0.19203558564186096 -0.9599394202232361 
vn 0.20405559241771698 0.19203558564186096 -0.9599394202232361 
vn 0.9849523305892944 -0.16536682844161987 0.05022686347365379 
vn 0.9887848496437073 -0.0829295963048935 0.1242060661315918 
vn 0.9887313842773438 -0.11303174495697021 0.0981530249118805 
vn 0.9891358017921448 -0.05278269946575165 0.1372016966342926 
vn 0.9870691299438477 -0.08288650959730148 0.1372016966342926 
vn 0.9864315986633301 -0.07536375522613525 0.1458524912595749 
vn 0.9854221940040588 -0.03017551824450493 0.16742929816246033 
vn 0.979640007019043 -0.06791428476572037 0.18892620503902435 
vn 0.9904197454452515 0.0603456050157547 0.1242060661315918 
vn 0.9925311803817749 0.02265377715229988 0.11986933648586273 
vn 0.9914836287498474 0.10547405481338501 0.0763898640871048 
vn 0.9907069206237793 0.1280483603477478 0.04586252197623253 
vn 0.9907069206237793 0.1280483603477478 0.04586252197623253 
vn -0.9823431968688965 -0.13170717656612396 0.1328723281621933 
vn -0.9829697608947754 -0.13543733954429626 0.1242060661315918 
vn -0.9829126596450806 -0.1466958224773407 0.1111890971660614 
vn -0.9824227690696716 -0.1466227024793625 0.11553031951189041 
vn -0.9855092167854309 -0.12419450283050537 0.11553031951189041 
vn -0.9886699914932251 -0.1054307073354721 0.10684575140476227 
vn -0.9862713813781738 -0.045264776796102524 0.15880759060382843 
vn -0.9832795858383179 -0.07161492109298706 0.16742929816246033 
vn -0.9844201803207397 0.03773367404937744 0.17173540592193604 
vn -0.9850274324417114 0.01509657222777605 0.17173540592193604 
vn -0.9851091504096985 0.07544654607772827 0.15449213981628418 
vn -0.9873776435852051 0.07912717014551163 0.1372016966342926 
vn -0.9873776435852051 0.07912717014551163 0.1372016966342926 
vn -0.007467308547347784 0.10440661758184433 0.9945066571235657 
vn 0.011151295155286789 0.13457611203193665 0.990840494632721 
vn 0.0037324668373912573 0.13065338134765625 0.991421103477478 
vn 0.009320270270109177 0.14338822662830353 0.9896226525306702 
vn 0.011185226030647755 0.1302272230386734 0.991421103477478 
vn 0.011151295155286789 0.13457611203193665 0.990840494632721 
vn 0.009348303079605103 0.13905151188373566 0.9902410507202148 
vn 0.01679864339530468 0.1383492797613144 0.9902410507202148 
vn 0.011151295155286789 0.13457611203193665 0.990840494632721 
vn 0.01860150136053562 0.12937629222869873 0.991421103477478 
vn 0.009293843060731888 0.14772140979766846 0.9889853596687317 
vn 0.009293843060731888 0.14772140979766846 0.9889853596687317 
vn 0.011185226030647755 0.1302272230386734 0.991421103477478 
vn 0.01675010286271572 0.14271119236946106 0.9896226525306702 
vn 0.01679864339530468 0.1383492797613144 0.9902410507202148 
vn 0.016704265028238297 0.1470678597688675 0.9889853596687317 
vn 0.01679864339530468 0.1383492797613144 0.9902410507202148 
vn 0.01675010286271572 0.14271119236946106 0.9896226525306702 
vn 0.01675010286271572 0.14271119236946106 0.9896226525306702 
vn 0.01854785904288292 0.13375745713710785 0.990840494632721 
vn 0.009348303079605103 0.13905151188373566 0.9902410507202148 
vn 0.020318694412708282 0.12472940236330032 0.9919826984405518 
vn 0.009293843060731888 0.14772140979766846 0.9889853596687317 
vn 0.016704265028238297 0.1470678597688675 0.9889853596687317 
vn 0.42838412523269653 0.12686027586460114 -0.8946471214294434 
vn 0.42210978269577026 0.13397161662578583 -0.8965907096862793 
vn 0.42384225130081177 0.14129479229450226 -0.8946471214294434 
vn 0.41469693183898926 0.1554076075553894 -0.8965907096862793 
vn 0.31132951378822327 0.13253967463970184 -0.9410139322280884 
vn 0.3010075092315674 0.12519271671772003 -0.9453682899475098 
vn 0.1861230581998825 0.1342930793762207 -0.9733054637908936 
vn 0.1817481368780136 0.14701436460018158 -0.9722933769226074 
vn 0.23144765198230743 0.15037910640239716 -0.961154580116272 
vn 0.227838933467865 0.12352689355611801 -0.9658315181732178 
vn 0.13264457881450653 0.06567651778459549 -0.9889853596687317 
vn 0.12166443467140198 0.05859050527215004 -0.990840494632721 
vn 0.11310683190822601 0.007571611553430557 -0.9935539960861206 
vn 0.10875212401151657 -0.007604689337313175 -0.9940398335456848 
vn 0.08906518667936325 -0.07694614678621292 -0.9930492043495178 
vn 0.08425747603178024 -0.08828335255384445 -0.9925254583358765 
vn 0.05851801484823227 -0.12648461759090424 -0.9902410507202148 
vn 0.04449958726763725 -0.13207006454467773 -0.9902410507202148 
vn -0.0678434744477272 -0.49601230025291443 -0.865661084651947 
vn -0.10707519948482513 -0.6000040769577026 -0.7927988767623901 
vn -0.2808513343334198 -0.9303115606307983 0.23588760197162628 
vn -0.29548874497413635 -0.9460609555244446 0.1328723281621933 
vn -0.29548874497413635 -0.9460609555244446 0.1328723281621933 
vn -0.17338314652442932 -0.39034903049468994 0.9041935205459595 
vn -0.2808513343334198 -0.9303115606307983 0.23588760197162628 
vn -0.14907892048358917 -0.30832692980766296 0.9395264387130737 
vn -0.09679519385099411 -0.05015522614121437 0.9940398335456848 
vn -0.09044195711612701 -0.014698249287903309 0.9957932829856873 
vn -0.07619374990463257 0.042564380913972855 0.9961841106414795 
vn -0.07118524610996246 0.04253120720386505 0.9965559244155884 
vn -0.006553899962455034 -0.011351687833666801 0.9999141097068787 
vn 5.42963238728115e-15 -0.017476677894592285 0.9998472929000854 
vn 3.511785385602352e-14 -0.1133599802851677 0.9935539960861206 
vn 0.005581455305218697 -0.12191029638051987 0.9925254583358765 
vn 5.919202438310969e-14 -0.19107110798358917 0.9815762042999268 
vn -0.01499126572161913 -0.19048209488391876 0.9815762042999268 
vn -0.18922242522239685 -0.18922242522239685 0.9635298252105713 
vn -0.21017366647720337 -0.19159860908985138 0.9587059020996094 
vn -0.1959148347377777 -0.1275264173746109 0.9722933769226074 
vn -0.19070039689540863 -0.08354154229164124 0.9780870079994202 
vn -0.1713171899318695 0.02978569082915783 0.9847655892372131 
vn -0.17259027063846588 0.04431364685297012 0.9839963912963867 
vn -0.2987740635871887 0.03744124621152878 0.953589141368866 
vn -0.31349432468414307 0.007519544567912817 0.949560284614563 
vn -0.42710649967193604 0.0037586253602057695 0.9041935205459595 
vn -0.43080711364746094 0.015044116415083408 0.9023185968399048 
vn -0.4287082552909851 0.04505905508995056 0.9023185968399048 
vn -0.4243311285972595 0.048756249248981476 0.9041935205459595 
vn 0.05319445952773094 -0.10983452200889587 -0.9925254583358765 
vn 0.05167655274271965 -0.12475822865962982 -0.990840494632721 
vn 0.051770273596048355 -0.12001699209213257 -0.991421103477478 
vn 0.043142739683389664 -0.1817295253276825 -0.9824016690254211 
vn -0.062142275273799896 -0.4852779805660248 -0.872148871421814 
vn -0.11088457703590393 -0.616768479347229 -0.7792953848838806 
vn -0.31125155091285706 -0.9237617254257202 0.22312943637371063 
vn -0.3027336597442627 -0.9341623187065125 0.18892620503902435 
vn -0.3027336597442627 -0.9341623187065125 0.18892620503902435 
vn -0.21164780855178833 -0.4066847562789917 0.888714075088501 
vn -0.31125155091285706 -0.9237617254257202 0.22312943637371063 
vn -0.19227813184261322 -0.3029818534851074 0.933397650718689 
vn -0.13544487953186035 -0.09471285343170166 0.9862475395202637 
vn -0.11622166633605957 -0.01859678141772747 0.9930492043495178 
vn -0.08805679529905319 0.05659066513180733 0.9945066571235657 
vn -0.09314683079719543 0.05664383992552757 0.9940398335456848 
vn -0.07967404276132584 0.07441036403179169 0.9940398335456848 
vn -0.08403489738702774 0.046368494629859924 0.9953833818435669 
vn -0.08529967814683914 0.05281532555818558 0.994954526424408 
vn -0.09251853823661804 0.07275738567113876 0.9930492043495178 
vn -0.08906416594982147 0.06286835670471191 0.9940398335456848 
vn -0.08993452042341232 0.06900918483734131 0.9935539960861206 
vn -0.09322014451026917 0.07876088470220566 0.9925254583358765 
vn -0.7027079463005066 0.7093809843063354 0.05459024757146835 
vn -0.09604690223932266 0.9811943769454956 0.16742929816246033 
vn -0.7136680483818054 0.6989811062812805 0.04586252197623253 
vn 0.06597789376974106 0.9813894629478455 0.18033768236637115 
vn 0.698495626449585 0.6878207921981812 0.1975002884864807 
vn 0.698495626449585 0.6878207921981812 0.1975002884864807 
vn -0.31816789507865906 0.04868018999695778 0.946783721446991 
vn -0.22020314633846283 0.018742049112915993 0.9752739667892456 
vn -0.2987740635871887 0.03744124621152878 0.953589141368866 
vn -0.21660669147968292 -0.007480884436517954 0.976230263710022 
vn -0.23726899921894073 -0.0187677014619112 0.9712626934051514 
vn -0.21943973004817963 -0.026208598166704178 0.9752739667892456 
vn -0.22840827703475952 -0.02249625138938427 0.9733054637908936 
vn -0.22840827703475952 -0.02249625138938427 0.9733054637908936 
vn -0.22373540699481964 -0.026150917634367943 0.9742990136146545 
vn -0.21210280060768127 -0.04457387328147888 0.976230263710022 
vn -0.21408909559249878 -0.12215753644704819 0.9691457152366638 
vn -0.23168903589248657 -0.17205184698104858 0.9574540853500366 
vn -0.27313750982284546 -0.5132512450218201 0.8136147856712341 
vn -0.27848508954048157 -0.5726979374885559 0.7710143327713013 
vn -0.25325122475624084 -0.4787910580635071 0.8406086564064026 
vn -0.20608735084533691 -0.09093627333641052 0.9742990136146545 
vn -0.29684579372406006 -0.7696256637573242 0.5652954578399658 
vn -0.3120068907737732 -0.7360072135925293 0.6007870435714722 
vn -0.27848508954048157 -0.5726979374885559 0.7710143327713013 
vn -0.27313750982284546 -0.5132512450218201 0.8136147856712341 
vn -0.28932178020477295 -0.7563382387161255 0.5867242813110352 
vn -0.25325122475624084 -0.4787910580635071 0.8406086564064026 
vn -0.4593425393104553 0.05256691575050354 0.8867024183273315 
vn -0.46227937936782837 0.007525501307100058 0.8867024183273315 
vn -0.46013733744621277 0.04508325085043907 0.8867024183273315 
vn -0.4727100133895874 -0.033894773572683334 0.8805659413337708 
vn -0.47243037819862366 -0.07120741903781891 0.8784868121147156 
vn -0.47243037819862366 -0.07120741903781891 0.8784868121147156 
vn -0.4651889503002167 -0.0675760805606842 0.882628321647644 
vn -0.44841480255126953 -0.04511094465851784 0.8926864862442017 
vn -0.43047896027565 -0.022560445591807365 0.9023185968399048 
vn -0.47055500745773315 -0.056405533105134964 0.8805659413337708 
vn -0.6959260106086731 -0.6879146099090576 -0.2060592919588089 
vn -0.6959260106086731 -0.6879146099090576 -0.2060592919588089 
vn 0.09796935319900513 -0.9802596569061279 -0.17173540592193604 
vn -0.08109220117330551 -0.9786372780799866 -0.18892620503902435 
vn 0.705546498298645 -0.7068814635276794 -0.05022686347365379 
vn 0.6947768330574036 -0.7174694538116455 -0.05022686347365379 
vn -0.989773154258728 -0.12047266215085983 0.0763898640871048 
vn -0.9903157353401184 -0.11293769627809525 0.08074574917554855 
vn -0.9903157353401184 -0.11293769627809525 0.08074574917554855 
vn -0.9906567931175232 -0.11297659575939178 0.0763898640871048 
vn -0.9911259412765503 -0.09418164938688278 0.09380380809307098 
vn -0.9898967146873474 -0.0979703739285469 0.10250037163496017 
vn -0.9912334084510803 -0.06410229206085205 0.11553031951189041 
vn -0.9911218881607056 -0.03398095443844795 0.12854042649269104 
vn -0.9923301339149475 -0.030202997848391533 0.11986933648586273 
vn -0.9916395545005798 -0.011328957043588161 0.12854042649269104 
vn -0.994455099105835 -0.037749674171209335 0.0981530249118805 
vn -0.993124783039093 -0.018865590915083885 0.11553031951189041 
vn -0.992141604423523 -0.015095134265720844 0.1242060661315918 
vn -0.9885873794555664 0.03770928084850311 0.1458524912595749 
vn 0.399505615234375 0.9028706550598145 -0.15880759060382843 
vn 0.39795222878456116 0.9027878642082214 -0.16312000155448914 
vn 0.3904231786727905 0.8648292422294617 -0.31565824151039124 
vn 0.3849722146987915 0.8578511476516724 -0.34042292833328247 
vn 0.297201544046402 0.6755720973014832 -0.67473965883255 
vn 0.26121044158935547 0.6133307218551636 -0.7453821301460266 
vn 0.297201544046402 0.6755720973014832 -0.67473965883255 
vn 0.26121044158935547 0.6133307218551636 -0.7453821301460266 
vn 0.11972392350435257 0.2853325605392456 -0.9509214162826538 
vn 0.09767907857894897 0.16918513178825378 -0.9807319641113281 
vn 0.0957624688744545 -0.029917282983660698 -0.994954526424408 
vn 0.13106155395507812 -0.05890601873397827 -0.9896226525306702 
vn 0.9797071814537048 -0.1951165348291397 0.04586252197623253 
vn 0.9853326678276062 -0.15033181011676788 0.08074574917554855 
vn 0.9853326678276062 -0.15033181011676788 0.08074574917554855 
vn 0.9874100685119629 -0.12047820538282394 0.10250037163496017 
vn 0.9886699914932251 -0.1054307073354721 0.10684575140476227 
vn 0.987690269947052 -0.10545455664396286 0.11553031951189041 
vn 0.9913825988769531 -0.05283842608332634 0.11986933648586273 
vn 0.9902846217155457 -0.022629907354712486 0.1372016966342926 
vn 0.9917042851448059 0 0.12854042649269104 
vn 0.9910181760787964 0.015096321702003479 0.1328723281621933 
vn 0.994475245475769 -0.022643303498625755 0.10250037163496017 
vn 0.99318927526474 0.015092799440026283 0.11553031951189041 
vn 0.9926747679710388 0.01510324701666832 0.11986933648586273 
vn 0.9925311803817749 0.02265377715229988 0.11986933648586273 
vn 0.9568284153938293 -0.2902507185935974 0.0152922747656703 
vn 0.8967750072479248 -0.3959648907184601 -0.1975002884864807 
vn 0.5571835041046143 0.6278360486030579 0.5434780716896057 
vn 0.6012826561927795 0.5187477469444275 0.607749879360199 
vn 0.5484500527381897 0.31011760234832764 0.7765498161315918 
vn 0.9351478219032288 -0.09803477674722672 -0.34042292833328247 
vn 0.6155725717544556 -0.0974971204996109 0.7820260524749756 
vn 0.8180286884307861 0.31738242506980896 -0.4796847105026245 
vn 0.742810845375061 -0.3224696218967438 0.5867242813110352 
vn 0.8171724677085876 0.5349531769752502 -0.21460255980491638 
vn 0.7527515888214111 -0.3714789152145386 0.5434780716896057 
vn 0.9568284153938293 -0.2902507185935974 0.0152922747656703 
vn 0.8967750072479248 -0.3959648907184601 -0.1975002884864807 
vn 0.2564762532711029 -0.8186691999435425 -0.5138099193572998 
vn 0.2908324897289276 -0.7095319628715515 -0.641857385635376 
vn 0.9351478219032288 -0.09803477674722672 -0.34042292833328247 
vn 0.27218034863471985 -0.3135879635810852 -0.9097144603729248 
vn 0.8180286884307861 0.31738242506980896 -0.4796847105026245 
vn 0.11058134585618973 0.2620205283164978 -0.9587059020996094 
vn 0.8171724677085876 0.5349531769752502 -0.21460255980491638 
vn 0.07351521402597427 0.5909798741340637 -0.8033295273780823 
vn 0.5571835041046143 0.6278360486030579 0.5434780716896057 
vn 0.6012826561927795 0.5187477469444275 0.607749879360199 
vn -0.12963765859603882 0.8293525576591492 0.5434780716896057 
vn -0.27270472049713135 0.7076150178909302 0.651853621006012 
vn -0.31330806016921997 0.323958158493042 0.8926864862442017 
vn 0.5484500527381897 0.31011760234832764 0.7765498161315918 
vn -0.21301375329494476 -0.29382845759391785 0.931820809841156 
vn 0.6155725717544556 -0.0974971204996109 0.7820260524749756 
vn -0.04330875724554062 -0.7627837061882019 0.6452018022537231 
vn 0.742810845375061 -0.3224696218967438 0.5867242813110352 
vn -0.7180153727531433 -0.668671727180481 0.19321508705615997 
vn -0.8431805372238159 -0.36660248041152954 0.3932546079158783 
vn -0.12963765859603882 0.8293525576591492 0.5434780716896057 
vn -0.27270472049713135 0.7076150178909302 0.651853621006012 
vn -0.8076212406158447 0.5475807785987854 0.21886809170246124 
vn -0.9296084642410278 0.3365648686885834 0.15017375349998474 
vn -0.9509848952293396 -0.10552160441875458 -0.29067665338516235 
vn -0.9521604776382446 -0.13551250100135803 -0.27391019463539124 
vn -0.9344158172607422 0.0903739482164383 0.34452807903289795 
vn -0.9551674723625183 -0.13923998177051544 -0.2612801790237427 
vn -0.8431805372238159 -0.36660248041152954 0.3932546079158783 
vn -0.9459044337272644 -0.23553778231143951 -0.22312943637371063 
vn -0.7180153727531433 -0.668671727180481 0.19321508705615997 
vn -0.6151358485221863 -0.7748128175735474 0.1458524912595749 
vn -0.9565476775169373 -0.12053554505109787 -0.26549527049064636 
vn -0.31330806016921997 0.323958158493042 0.8926864862442017 
vn -0.21301375329494476 -0.29382845759391785 0.931820809841156 
vn 0.742810845375061 -0.3224696218967438 0.5867242813110352 
vn 0.7527515888214111 -0.3714789152145386 0.5434780716896057 
vn -0.04330875724554062 -0.7627837061882019 0.6452018022537231 
vn 0.0621892549097538 -0.8731246590614319 0.4835140109062195 
vn -0.6151358485221863 -0.7748128175735474 0.1458524912595749 
vn -0.7180153727531433 -0.668671727180481 0.19321508705615997 
vn -0.5354541540145874 0.48602479696273804 -0.6907016038894653 
vn -0.61583012342453 0.5704251527786255 -0.5434780716896057 
vn -0.8497681021690369 -0.24235734343528748 -0.46814218163490295 
vn -0.90067458152771 -0.25372207164764404 -0.3527185618877411 
vn -0.27730417251586914 -0.9291853308677673 0.24437066912651062 
vn -0.20564256608486176 -0.8961372375488281 0.3932546079158783 
vn -0.3626112937927246 -0.7436545491218567 0.5616858005523682 
vn -0.6597618460655212 -0.41216596961021423 -0.6283578276634216 
vn -0.672398030757904 -0.4903911054134369 0.5544344186782837 
vn -0.29190781712532043 -0.6714209318161011 -0.681163489818573 
vn -0.9083073139190674 -0.29671305418014526 0.2948545813560486 
vn -0.2859182357788086 -0.8701894879341125 -0.401274174451828 
vn -0.966305136680603 -0.13546645641326904 0.21886809170246124 
vn -0.6449577808380127 0.4723181128501892 0.6007870435714722 
vn -0.7970967292785645 0.48414963483810425 0.36088213324546814 
vn -0.23712551593780518 0.912917971611023 0.33219319581985474 
vn 0.018852943554520607 0.9192363023757935 0.3932546079158783 
vn -0.2513182461261749 0.17329668998718262 0.9522643685340881 
vn -0.8497681021690369 -0.24235734343528748 -0.46814218163490295 
vn -0.6597618460655212 -0.41216596961021423 -0.6283578276634216 
vn -0.5354541540145874 0.48602479696273804 -0.6907016038894653 
vn -0.23295818269252777 0.2782813310623169 -0.931820809841156 
vn -0.29190781712532043 -0.6714209318161011 -0.681163489818573 
vn 0.2839962840080261 -0.015136351808905602 -0.9587059020996094 
vn -0.2859182357788086 -0.8701894879341125 -0.401274174451828 
vn 0.5599499940872192 -0.24930579960346222 -0.790128231048584 
vn -0.27730417251586914 -0.9291853308677673 0.24437066912651062 
vn -0.20564256608486176 -0.8961372375488281 0.3932546079158783 
vn 0.536389172077179 -0.636309027671814 0.5544344186782837 
vn 0.5184728503227234 -0.48646435141563416 0.7032341957092285 
vn 0.536389172077179 -0.636309027671814 0.5544344186782837 
vn 0.5184728503227234 -0.48646435141563416 0.7032341957092285 
vn 0.8951749205589294 0.22422964870929718 0.3852050006389618 
vn 0.841587483882904 0.3174649477005005 0.43697428703308105 
vn 0.6398651599884033 0.4658220112323761 0.6112139225006104 
vn 0.2360694259405136 -0.2187962383031845 0.946783721446991 
vn 0.27141720056533813 0.7377510070800781 0.6181069612503052 
vn -0.2513182461261749 0.17329668998718262 0.9522643685340881 
vn 0.018852943554520607 0.9192363023757935 0.3932546079158783 
vn -0.6449577808380127 0.4723181128501892 0.6007870435714722 
vn -0.20564256608486176 -0.8961372375488281 0.3932546079158783 
vn -0.3626112937927246 -0.7436545491218567 0.5616858005523682 
vn -0.672398030757904 -0.4903911054134369 0.5544344186782837 
vn -0.23712551593780518 0.912917971611023 0.33219319581985474 
vn 0.5966327786445618 0.8000128865242004 0.0633138045668602 
vn 0.018852943554520607 0.9192363023757935 0.3932546079158783 
vn 0.27141720056533813 0.7377510070800781 0.6181069612503052 
vn 0.6399546265602112 0.7678877711296082 0.028397228568792343 
vn 0.6398651599884033 0.4658220112323761 0.6112139225006104 
vn 0.6329043507575989 0.7728704214096069 0.04586252197623253 
vn 0.841587483882904 0.3174649477005005 0.43697428703308105 
vn 0.6573742628097534 0.7534090876579285 0.0152922747656703 
vn 0.8951749205589294 0.22422964870929718 0.3852050006389618 
vn 0.6516658663749695 0.7583519816398621 0.0152922747656703 
vn -0.5354541540145874 0.48602479696273804 -0.6907016038894653 
vn -0.8476094007492065 -0.24243663251399994 -0.4719987213611603 
vn -0.61583012342453 0.5704251527786255 -0.5434780716896057 
vn -0.90067458152771 -0.25372207164764404 -0.3527185618877411 
vn -0.289906769990921 -0.9264399409294128 0.2401314377784729 
vn -0.21127335727214813 -0.896582841873169 0.3892335295677185 
vn -0.369564414024353 -0.7456706166267395 0.5544344186782837 
vn -0.6597618460655212 -0.41216596961021423 -0.6283578276634216 
vn -0.6752395629882812 -0.49059027433395386 0.5507928133010864 
vn -0.298819363117218 -0.6683735847473145 -0.681163489818573 
vn -0.9011076092720032 -0.3217329978942871 0.29067665338516235 
vn -0.27691900730133057 -0.8693788647651672 -0.40926313400268555 
vn -0.966305136680603 -0.13546645641326904 0.21886809170246124 
vn -0.6537543535232544 0.46006542444229126 0.6007870435714722 
vn -0.7931556701660156 0.49057942628860474 0.36088213324546814 
vn -0.23712551593780518 0.912917971611023 0.33219319581985474 
vn 0.018852943554520607 0.9192363023757935 0.3932546079158783 
vn -0.2644698917865753 0.16063672304153442 0.9509214162826538 
vn -0.8476094007492065 -0.24243663251399994 -0.4719987213611603 
vn -0.6597618460655212 -0.41216596961021423 -0.6283578276634216 
vn -0.5354541540145874 0.48602479696273804 -0.6907016038894653 
vn -0.23721390962600708 0.2853173613548279 -0.9286137819290161 
vn -0.298819363117218 -0.6683735847473145 -0.681163489818573 
vn 0.288190096616745 -0.01510340254753828 -0.9574540853500366 
vn -0.27691900730133057 -0.8693788647651672 -0.40926313400268555 
vn 0.5641671419143677 -0.256701797246933 -0.7847417593002319 
vn -0.289906769990921 -0.9264399409294128 0.2401314377784729 
vn -0.21127335727214813 -0.896582841873169 0.3892335295677185 
vn 0.530597984790802 -0.6411460638046265 0.5544344186782837 
vn 0.5184728503227234 -0.48646435141563416 0.7032341957092285 
vn 0.530597984790802 -0.6411460638046265 0.5544344186782837 
vn 0.5184728503227234 -0.48646435141563416 0.7032341957092285 
vn 0.8931660652160645 0.23867228627204895 0.3811691105365753 
vn 0.8462964296340942 0.3102559447288513 0.43303996324539185 
vn 0.6368094682693481 0.4654664695262909 0.6146662831306458 
vn 0.2258310467004776 -0.23511503636837006 0.9453682899475098 
vn 0.27141720056533813 0.7377510070800781 0.6181069612503052 
vn -0.2644698917865753 0.16063672304153442 0.9509214162826538 
vn 0.018852943554520607 0.9192363023757935 0.3932546079158783 
vn -0.6537543535232544 0.46006542444229126 0.6007870435714722 
vn -0.21127335727214813 -0.896582841873169 0.3892335295677185 
vn -0.369564414024353 -0.7456706166267395 0.5544344186782837 
vn -0.6752395629882812 -0.49059027433395386 0.5507928133010864 
vn -0.23712551593780518 0.912917971611023 0.33219319581985474 
vn 0.6028258800506592 0.7956918478012085 0.058952588587999344 
vn 0.018852943554520607 0.9192363023757935 0.3932546079158783 
vn 0.27141720056533813 0.7377510070800781 0.6181069612503052 
vn 0.6400890946388245 0.7680490612983704 0.01966099627315998 
vn 0.6368094682693481 0.4654664695262909 0.6146662831306458 
vn 0.6329043507575989 0.7728704214096069 0.04586252197623253 
vn 0.8462964296340942 0.3102559447288513 0.43303996324539185 
vn 0.6629945039749146 0.7483660578727722 0.01966099627315998 
vn 0.8931660652160645 0.23867228627204895 0.3811691105365753 
vn 0.6514792442321777 0.7581347823143005 0.028397228568792343 
vn -0.9238805174827576 0.033984243869781494 -0.3811691105365753 
vn -0.8875816464424133 -0.015114848501980305 -0.46040233969688416 
vn -0.449469655752182 -0.8489004373550415 0.2781098484992981 
vn -0.4213285744190216 -0.8152669668197632 0.3972681760787964 
vn -0.5392682552337646 -0.6338708400726318 0.5544344186782837 
vn -0.7418092489242554 -0.23427660763263702 -0.6283578276634216 
vn -0.7661818265914917 -0.305624783039093 0.5652954578399658 
vn -0.4410938322544098 -0.5730335712432861 -0.6907016038894653 
vn -0.9528918266296387 -0.08662737160921097 0.29067665338516235 
vn -0.4893395006656647 -0.7569829821586609 -0.43303996324539185 
vn -0.9743234515190125 0.052826281636953354 0.21886809170246124 
vn -0.5146609544754028 0.6012833714485168 0.6112139225006104 
vn -0.6646334528923035 0.6353055834770203 0.3932546079158783 
vn -0.2070479691028595 0.22432953119277954 0.9522643685340881 
vn -0.9238805174827576 0.033984243869781494 -0.3811691105365753 
vn -0.47002673149108887 0.6983446478843689 -0.5398051738739014 
vn -0.8875816464424133 -0.015114848501980305 -0.46040233969688416 
vn -0.40312647819519043 0.6075738072395325 -0.6843559741973877 
vn -0.8875816464424133 -0.015114848501980305 -0.46040233969688416 
vn -0.40312647819519043 0.6075738072395325 -0.6843559741973877 
vn -0.7418092489242554 -0.23427660763263702 -0.6283578276634216 
vn -0.1657659411430359 0.3274155557155609 -0.9302261471748352 
vn -0.4410938322544098 -0.5730335712432861 -0.6907016038894653 
vn 0.27947473526000977 -0.05269599333405495 -0.9587059020996094 
vn -0.4893395006656647 -0.7569829821586609 -0.43303996324539185 
vn 0.4984239935874939 -0.25502103567123413 -0.8285757899284363 
vn -0.449469655752182 -0.8489004373550415 0.2781098484992981 
vn -0.4213285744190216 -0.8152669668197632 0.3972681760787964 
vn 0.3964596092700958 -0.7344706058502197 0.5507928133010864 
vn 0.3948555588722229 -0.5985713601112366 0.6969945430755615 
vn 0.3964596092700958 -0.7344706058502197 0.5507928133010864 
vn 0.3948555588722229 -0.5985713601112366 0.6969945430755615 
vn 0.9334178566932678 -0.037712257355451584 0.3568037748336792 
vn 0.9061182141304016 0.09042997658252716 0.41324591636657715 
vn 0.8397637009620667 0.5429477095603943 -0.002184694167226553 
vn 0.7996474504470825 0.5987157821655273 0.04586252197623253 
vn 0.7317739129066467 0.2944354712963104 0.6146662831306458 
vn 0.8051263093948364 0.5924232006072998 0.028397228568792343 
vn 0.43723583221435547 0.6467293500900269 0.6249527335166931 
vn 0.7709357142448425 0.6337582468986511 0.0633138045668602 
vn 0.253106951713562 0.8766074180603027 0.40926313400268555 
vn -0.024528609588742256 0.9307025074958801 0.3649536371231079 
vn 0.1662401705980301 -0.2804335057735443 0.9453682899475098 
vn 0.8517991900444031 0.5237545371055603 0.010923261754214764 
vn 0.3948555588722229 -0.5985713601112366 0.6969945430755615 
vn -0.4213285744190216 -0.8152669668197632 0.3972681760787964 
vn 0.1662401705980301 -0.2804335057735443 0.9453682899475098 
vn -0.5392682552337646 -0.6338708400726318 0.5544344186782837 
vn -0.2070479691028595 0.22432953119277954 0.9522643685340881 
vn -0.7661818265914917 -0.305624783039093 0.5652954578399658 
vn 0.7317739129066467 0.2944354712963104 0.6146662831306458 
vn 0.43723583221435547 0.6467293500900269 0.6249527335166931 
vn 0.253106951713562 0.8766074180603027 0.40926313400268555 
vn -0.5146609544754028 0.6012833714485168 0.6112139225006104 
vn -0.024528609588742256 0.9307025074958801 0.3649536371231079 
vn -0.6646334528923035 0.6353055834770203 0.3932546079158783 
vn -0.5146609544754028 0.6012833714485168 0.6112139225006104 
vn -0.024528609588742256 0.9307025074958801 0.3649536371231079 
vn -0.5318166613578796 0.4944351613521576 -0.6875353455543518 
vn -0.8518088459968567 -0.23508429527282715 -0.46814218163490295 
vn -0.6084414720535278 0.5817296504974365 -0.5398051738739014 
vn -0.9043408632278442 -0.24622556567192078 -0.34862664341926575 
vn -0.2845301926136017 -0.9269981384277344 0.24437066912651062 
vn -0.21127335727214813 -0.896582841873169 0.3892335295677185 
vn -0.362788587808609 -0.7489905953407288 0.5544344186782837 
vn -0.6557281613349915 -0.41855356097221375 -0.6283578276634216 
vn -0.6695414185523987 -0.4901808798313141 0.5580654144287109 
vn -0.29726171493530273 -0.6658020615577698 -0.6843559741973877 
vn -0.9060682058334351 -0.3074857294559479 0.29067665338516235 
vn -0.2785238027572632 -0.8669788241386414 -0.41324591636657715 
vn -0.9663671255111694 -0.12785863876342773 0.22312943637371063 
vn -0.6449577808380127 0.4723181128501892 0.6007870435714722 
vn -0.7970967292785645 0.48414963483810425 0.36088213324546814 
vn -0.24783165752887726 0.9115647673606873 0.3280687630176544 
vn 0.020749406889081 0.9209054112434387 0.3892335295677185 
vn -0.25294098258018494 0.16336660087108612 0.953589141368866 
vn -0.8518088459968567 -0.23508429527282715 -0.46814218163490295 
vn -0.6557281613349915 -0.41855356097221375 -0.6283578276634216 
vn -0.5318166613578796 0.4944351613521576 -0.6875353455543518 
vn -0.23295818269252777 0.2782813310623169 -0.931820809841156 
vn -0.29726171493530273 -0.6658020615577698 -0.6843559741973877 
vn 0.288190096616745 -0.01510340254753828 -0.9574540853500366 
vn -0.2785238027572632 -0.8669788241386414 -0.41324591636657715 
vn 0.5554491281509399 -0.24233996868133545 -0.7954543828964233 
vn -0.2845301926136017 -0.9269981384277344 0.24437066912651062 
vn -0.21127335727214813 -0.896582841873169 0.3892335295677185 
vn 0.5188853144645691 -0.6506615877151489 0.5544344186782837 
vn 0.5132806301116943 -0.49193963408470154 0.7032341957092285 
vn 0.5188853144645691 -0.6506615877151489 0.5544344186782837 
vn 0.5132806301116943 -0.49193963408470154 0.7032341957092285 
vn 0.895267903804779 0.21677787601947784 0.3892335295677185 
vn 0.8442209959030151 0.31039395928382874 0.43697428703308105 
vn 0.6398651599884033 0.4658220112323761 0.6112139225006104 
vn 0.2307662069797516 -0.2360803633928299 0.9439348578453064 
vn 0.26773694157600403 0.7362133860588074 0.6215357780456543 
vn -0.25294098258018494 0.16336660087108612 0.953589141368866 
vn 0.020749406889081 0.9209054112434387 0.3892335295677185 
vn -0.6449577808380127 0.4723181128501892 0.6007870435714722 
vn -0.21127335727214813 -0.896582841873169 0.3892335295677185 
vn -0.362788587808609 -0.7489905953407288 0.5544344186782837 
vn -0.6695414185523987 -0.4901808798313141 0.5580654144287109 
vn -0.24783165752887726 0.9115647673606873 0.3280687630176544 
vn 0.5970776677131653 0.8006094694137573 0.05022686347365379 
vn 0.020749406889081 0.9209054112434387 0.3892335295677185 
vn 0.26773694157600403 0.7362133860588074 0.6215357780456543 
vn 0.8442209959030151 0.31039395928382874 0.43697428703308105 
vn 0.6630830764770508 0.7484660744667053 0.010923261754214764 
vn 0.895267903804779 0.21677787601947784 0.3892335295677185 
vn 0.651616096496582 0.7582940459251404 0.01966099627315998 
s on 
f 1//1 2//2 3//3 
f 2//2 3//3 3//3 
f 3//3 3//3 4//4 
f 3//3 4//4 4//4 
f 4//4 4//4 5//5 
f 4//4 6//6 5//5 
f 5//5 6//6 5//5 
f 6//6 7//7 5//5 
f 5//5 7//7 8//8 
f 7//7 9//9 8//8 
f 8//8 9//9 9//9 
f 9//9 10//10 9//9 
f 9//9 10//10 10//10 
f 10//10 11//11 10//10 
f 10//10 11//11 12//12 
f 11//11 13//13 12//12 
f 12//12 13//13 12//12 
f 13//13 14//14 12//12 
f 12//12 14//14 12//12 
f 14//14 15//15 12//12 
f 12//12 15//15 12//12 
f 15//15 16//16 12//12 
f 12//12 16//16 12//12 
f 16//16 17//17 12//12 
f 12//12 17//17 12//12 
f 17//17 18//18 12//12 
f 12//12 18//18 12//12 
f 18//18 19//19 12//12 
f 12//12 19//19 12//12 
f 19//19 20//20 12//12 
f 12//12 20//20 21//21 
f 20//20 22//22 21//21 
f 21//21 22//22 23//23 
f 22//22 24//24 23//23 
f 23//23 24//24 25//25 
f 24//24 26//26 25//25 
f 25//25 26//26 27//27 
f 26//26 28//28 27//27 
f 27//27 28//28 29//29 
f 28//28 29//29 29//29 
f 29//29 29//29 21//21 
f 29//29 21//21 21//21 
f 21//21 21//21 12//12 
f 21//21 10//10 12//12 
f 12//12 10//10 10//10 
f 10//10 30//30 10//10 
f 10//10 30//30 30//30 
f 30//30 31//31 30//30 
f 30//30 31//31 32//32 
f 31//31 33//33 32//32 
f 32//32 33//33 33//33 
f 33//33 34//34 33//33 
f 33//33 34//34 34//34 
f 34//34 35//35 34//34 
f 34//34 35//35 36//36 
f 35//35 37//37 36//36 
f 36//36 37//37 37//37 
f 37//37 38//38 37//37 
f 37//37 38//38 38//38 
f 38//38 39//39 38//38 
f 38//38 39//39 40//40 
f 39//39 41//41 40//40 
f 40//40 41//41 41//41 
f 41//41 42//42 41//41 
f 41//41 42//42 42//42 
f 42//42 43//43 42//42 
f 42//42 43//43 44//44 
f 43//43 45//45 44//44 
f 44//44 45//45 45//45 
f 45//45 46//46 45//45 
f 45//45 46//46 46//46 
f 46//46 47//47 46//46 
f 46//46 47//47 48//48 
f 47//47 49//49 48//48 
f 48//48 49//49 49//49 
f 49//49 50//50 49//49 
f 49//49 50//50 50//50 
f 50//50 51//51 50//50 
f 50//50 51//51 52//52 
f 51//51 53//53 52//52 
f 52//52 53//53 53//53 
f 53//53 54//54 53//53 
f 53//53 54//54 54//54 
f 54//54 55//55 54//54 
f 54//54 55//55 56//56 
f 55//55 57//57 56//56 
f 56//56 57//57 57//57 
f 57//57 58//58 57//57 
f 57//57 58//58 58//58 
f 58//58 59//59 58//58 
f 58//58 59//59 60//60 
f 59//59 61//61 60//60 
f 60//60 61//61 61//61 
f 61//61 62//62 61//61 
f 61//61 62//62 62//62 
f 62//62 63//63 62//62 
f 62//62 63//63 64//64 
f 63//63 65//65 64//64 
f 64//64 65//65 65//65 
f 65//65 66//66 65//65 
f 65//65 66//66 66//66 
f 66//66 67//67 66//66 
f 66//66 67//67 68//68 
f 67//67 69//69 68//68 
f 68//68 69//69 69//69 
f 69//69 70//70 69//69 
f 69//69 70//70 70//70 
f 70//70 71//71 70//70 
f 70//70 71//71 72//72 
f 71//71 73//73 72//72 
f 72//72 73//73 73//73 
f 73//73 74//74 73//73 
f 73//73 74//74 74//74 
f 74//74 75//75 74//74 
f 74//74 75//75 76//76 
f 75//75 77//77 76//76 
f 76//76 77//77 77//77 
f 77//77 78//78 77//77 
f 77//77 78//78 78//78 
f 78//78 79//79 78//78 
f 78//78 79//79 80//80 
f 79//79 81//81 80//80 
f 80//80 81//81 81//81 
f 81//81 82//82 81//81 
f 81//81 82//82 82//82 
f 82//82 83//83 82//82 
f 82//82 83//83 84//84 
f 83//83 85//85 84//84 
f 84//84 85//85 85//85 
f 85//85 86//86 85//85 
f 85//85 86//86 86//86 
f 86//86 87//87 86//86 
f 86//86 87//87 88//88 
f 87//87 89//89 88//88 
f 88//88 89//89 89//89 
f 89//89 90//90 89//89 
f 89//89 90//90 90//90 
f 90//90 91//91 90//90 
f 90//90 91//91 92//92 
f 91//91 93//93 92//92 
f 92//92 93//93 93//93 
f 93//93 94//94 93//93 
f 93//93 94//94 94//94 
f 94//94 95//95 94//94 
f 94//94 95//95 96//96 
f 95//95 97//97 96//96 
f 96//96 97//97 97//97 
f 97//97 98//98 97//97 
f 97//97 98//98 98//98 
f 98//98 99//99 98//98 
f 98//98 99//99 100//100 
f 99//99 101//101 100//100 
f 100//100 101//101 101//101 
f 101//101 102//102 101//101 
f 101//101 102//102 102//102 
f 102//102 103//103 102//102 
f 102//102 103//103 104//104 
f 103//103 103//103 104//104 
f 104//104 103//103 105//105 
f 103//103 103//103 105//105 
f 105//105 103//103 106//106 
f 103//103 103//103 106//106 
f 106//106 103//103 107//107 
f 103//103 103//103 107//107 
f 107//107 103//103 108//108 
f 103//103 103//103 108//108 
f 108//108 103//103 109//109 
f 103//103 103//103 109//109 
f 109//109 103//103 110//110 
f 103//103 103//103 110//110 
f 110//110 103//103 111//111 
f 103//103 103//103 111//111 
f 111//111 103//103 112//112 
f 103//103 113//113 112//112 
f 112//112 113//113 114//114 
f 113//113 115//115 114//114 
f 114//114 115//115 116//116 
f 115//115 117//117 116//116 
f 116//116 117//117 118//118 
f 117//117 119//119 118//118 
f 118//118 119//119 120//120 
f 119//119 121//121 120//120 
f 120//120 121//121 121//121 
f 121//121 102//102 121//121 
f 121//121 102//102 102//102 
f 102//102 113//113 102//102 
f 102//102 113//113 103//103 
f 113//113 103//103 103//103 
f 103//103 103//103 122//122 
f 103//103 122//122 122//122 
f 122//122 122//122 123//123 
f 122//122 124//124 123//123 
f 123//123 124//124 125//125 
f 124//124 124//124 125//125 
f 125//125 124//124 126//126 
f 124//124 127//127 126//126 
f 126//126 127//127 128//128 
f 127//127 129//129 128//128 
f 128//128 129//129 129//129 
f 129//129 130//130 129//129 
f 129//129 130//130 130//130 
f 130//130 131//131 130//130 
f 130//130 131//131 132//132 
f 131//131 133//133 132//132 
f 132//132 133//133 132//132 
f 133//133 134//134 132//132 
f 132//132 134//134 135//135 
f 134//134 136//136 135//135 
f 135//135 136//136 137//137 
f 136//136 137//137 137//137 
f 137//137 137//137 138//138 
f 137//137 138//138 138//138 
f 138//138 138//138 139//139 
f 138//138 140//140 139//139 
f 139//139 140//140 141//141 
f 140//140 141//141 141//141 
f 141//141 141//141 142//142 
f 141//141 142//142 142//142 
f 142//142 142//142 143//143 
f 142//142 144//144 143//143 
f 143//143 144//144 145//145 
f 144//144 145//145 145//145 
f 145//145 145//145 146//146 
f 145//145 146//146 146//146 
f 146//146 146//146 147//147 
f 146//146 148//148 147//147 
f 147//147 148//148 149//149 
f 148//148 149//149 149//149 
f 149//149 149//149 150//150 
f 149//149 150//150 150//150 
f 150//150 150//150 151//151 
f 150//150 152//152 151//151 
f 151//151 152//152 153//153 
f 152//152 153//153 153//153 
f 153//153 153//153 154//154 
f 153//153 154//154 154//154 
f 154//154 154//154 155//155 
f 154//154 156//156 155//155 
f 155//155 156//156 157//157 
f 156//156 157//157 157//157 
f 157//157 157//157 158//158 
f 157//157 158//158 158//158 
f 158//158 158//158 159//159 
f 158//158 160//160 159//159 
f 159//159 160//160 161//161 
f 160//160 161//161 161//161 
f 161//161 161//161 162//162 
f 161//161 162//162 162//162 
f 162//162 162//162 163//163 
f 162//162 164//164 163//163 
f 163//163 164//164 163//163 
f 164//164 165//165 163//163 
f 163//163 165//165 166//166 
f 165//165 167//167 166//166 
f 166//166 167//167 167//167 
f 167//167 166//166 167//167 
f 167//167 166//166 166//166 
f 166//166 168//168 166//166 
f 166//166 168//168 163//163 
f 168//168 169//169 163//163 
f 163//163 169//169 170//170 
f 169//169 171//171 170//170 
f 170//170 171//171 171//171 
f 171//171 172//172 171//171 
f 171//171 172//172 172//172 
f 172//172 173//173 172//172 
f 172//172 173//173 174//174 
f 173//173 173//173 174//174 
f 174//174 173//173 175//175 
f 173//173 173//173 175//175 
f 175//175 173//173 176//176 
f 173//173 177//177 176//176 
f 176//176 177//177 177//177 
f 177//177 178//178 177//177 
f 177//177 178//178 178//178 
f 178//178 179//179 178//178 
f 178//178 179//179 180//180 
f 179//179 179//179 180//180 
f 180//180 179//179 181//181 
f 179//179 182//182 181//181 
f 181//181 182//182 181//181 
f 182//182 183//183 181//181 
f 181//181 183//183 184//184 
f 183//183 185//185 184//184 
f 184//184 185//185 184//184 
f 185//185 186//186 184//184 
f 184//184 186//186 184//184 
f 186//186 187//187 184//184 
f 184//184 187//187 184//184 
f 187//187 188//188 184//184 
f 184//184 188//188 184//184 
f 188//188 189//189 184//184 
f 184//184 189//189 184//184 
f 189//189 190//190 184//184 
f 184//184 190//190 184//184 
f 190//190 191//191 184//184 
f 184//184 191//191 192//192 
f 191//191 193//193 192//192 
f 192//192 193//193 193//193 
f 193//193 184//184 193//193 
f 193//193 184//184 184//184 
f 184//184 192//192 184//184 
f 184//184 192//192 181//181 
f 192//192 180//180 181//181 
f 181//181 180//180 180//180 
f 180//180 194//194 180//180 
f 180//180 194//194 194//194 
f 194//194 195//195 194//194 
f 194//194 195//195 196//196 
f 195//195 195//195 196//196 
f 196//196 195//195 197//197 
f 195//195 195//195 197//197 
f 197//197 195//195 198//198 
f 195//195 195//195 198//198 
f 198//198 195//195 199//199 
f 195//195 195//195 199//199 
f 199//199 195//195 200//200 
f 195//195 195//195 200//200 
f 200//200 195//195 201//201 
f 195//195 195//195 201//201 
f 201//201 195//195 202//202 
f 195//195 195//195 202//202 
f 202//202 195//195 203//203 
f 195//195 195//195 203//203 
f 203//203 195//195 204//204 
f 195//195 194//194 204//204 
f 204//204 194//194 204//204 
f 194//194 205//205 204//204 
f 204//204 205//205 206//206 
f 205//205 207//207 206//206 
f 206//206 207//207 208//208 
f 207//207 209//209 208//208 
f 208//208 209//209 209//209 
f 209//209 208//208 209//209 
f 209//209 208//208 208//208 
f 208//208 210//210 208//208 
f 208//208 210//210 206//206 
f 210//210 211//211 206//206 
f 206//206 211//211 204//204 
f 211//211 203//203 204//204 
f 204//204 203//203 203//203 
f 203//203 212//212 203//203 
f 203//203 212//212 212//212 
f 212//212 213//213 212//212 
f 212//212 213//213 214//214 
f 213//213 215//215 214//214 
f 214//214 215//215 216//216 
f 215//215 216//216 216//216 
f 216//216 216//216 217//217 
f 216//216 217//217 217//217 
f 217//217 217//217 218//218 
f 217//217 219//219 218//218 
f 218//218 219//219 220//220 
f 219//219 221//221 220//220 
f 220//220 221//221 220//220 
f 221//221 222//222 220//220 
f 220//220 222//222 223//223 
f 222//222 224//224 223//223 
f 223//223 224//224 224//224 
f 224//224 218//218 224//224 
f 224//224 218//218 218//218 
f 218//218 220//220 218//218 
f 218//218 220//220 225//225 
f 220//220 223//223 225//225 
f 225//225 223//223 223//223 
f 223//223 226//226 223//223 
f 223//223 226//226 226//226 
f 226//226 227//227 226//226 
f 226//226 227//227 228//228 
f 227//227 227//227 228//228 
f 228//228 227//227 229//229 
f 227//227 230//230 229//229 
f 229//229 230//230 231//231 
f 230//230 232//232 231//231 
f 231//231 232//232 233//233 
f 232//232 234//234 233//233 
f 233//233 234//234 235//235 
f 234//234 236//236 235//235 
f 235//235 236//236 237//237 
f 236//236 238//238 237//237 
f 237//237 238//238 239//239 
f 238//238 240//240 239//239 
f 239//239 240//240 241//241 
f 240//240 242//242 241//241 
f 241//241 242//242 243//243 
f 242//242 244//244 243//243 
f 243//243 244//244 245//245 
f 244//244 246//246 245//245 
f 245//245 246//246 247//247 
f 246//246 248//248 247//247 
f 247//247 248//248 248//248 
f 248//248 228//228 248//248 
f 248//248 228//228 228//228 
f 228//228 249//249 228//228 
f 228//228 249//249 226//226 
f 249//249 226//226 226//226 
f 226//226 226//226 250//250 
f 226//226 250//250 250//250 
f 250//250 250//250 251//251 
f 250//250 252//252 251//251 
f 251//251 252//252 253//253 
f 252//252 254//254 253//253 
f 253//253 254//254 255//255 
f 254//254 256//256 255//255 
f 255//255 256//256 257//257 
f 256//256 258//258 257//257 
f 257//257 258//258 259//259 
f 258//258 260//260 259//259 
f 259//259 260//260 261//261 
f 260//260 262//262 261//261 
f 261//261 262//262 263//263 
f 262//262 264//264 263//263 
f 263//263 264//264 265//265 
f 264//264 264//264 265//265 
f 265//265 264//264 266//266 
f 264//264 267//267 266//266 
f 266//266 267//267 268//268 
f 267//267 269//269 268//268 
f 268//268 269//269 268//268 
f 269//269 270//270 268//268 
f 268//268 270//270 271//271 
f 270//270 271//271 271//271 
f 271//271 271//271 272//272 
f 271//271 272//272 272//272 
f 272//272 272//272 273//273 
f 272//272 274//274 273//273 
f 273//273 274//274 273//273 
f 274//274 275//275 273//273 
f 273//273 275//275 273//273 
f 275//275 276//276 273//273 
f 273//273 276//276 277//277 
f 276//276 276//276 277//277 
f 277//277 276//276 278//278 
f 276//276 279//279 278//278 
f 278//278 279//279 280//280 
f 279//279 281//281 280//280 
f 280//280 281//281 280//280 
f 281//281 282//282 280//280 
f 280//280 282//282 283//283 
f 282//282 284//284 283//283 
f 283//283 284//284 283//283 
f 284//284 285//285 283//283 
f 283//283 285//285 286//286 
f 285//285 287//287 286//286 
f 286//286 287//287 288//288 
f 287//287 287//287 288//288 
f 288//288 287//287 289//289 
f 287//287 290//290 289//289 
f 289//289 290//290 289//289 
f 290//290 291//291 289//289 
f 289//289 291//291 292//292 
f 291//291 293//293 292//292 
f 292//292 293//293 293//293 
f 293//293 294//294 293//293 
f 293//293 294//294 294//294 
f 294//294 295//295 294//294 
f 294//294 295//295 296//296 
f 295//295 297//297 296//296 
f 296//296 297//297 298//298 
f 297//297 299//299 298//298 
f 298//298 299//299 298//298 
f 299//299 300//300 298//298 
f 298//298 300//300 298//298 
f 300//300 301//301 298//298 
f 298//298 301//301 302//302 
f 301//301 301//301 302//302 
f 302//302 301//301 303//303 
f 301//301 304//304 303//303 
f 303//303 304//304 305//305 
f 304//304 304//304 305//305 
f 305//305 304//304 306//306 
f 304//304 304//304 306//306 
f 306//306 304//304 307//307 
f 304//304 308//308 307//307 
f 307//307 308//308 307//307 
f 308//308 309//309 307//307 
f 307//307 309//309 310//310 
f 309//309 311//311 310//310 
f 310//310 311//311 312//312 
f 311//311 311//311 312//312 
f 312//312 311//311 313//313 
f 311//311 314//314 313//313 
f 313//313 314//314 315//315 
f 314//314 315//315 315//315 
f 315//315 315//315 316//316 
f 315//315 316//316 316//316 
f 316//316 316//316 317//317 
f 316//316 318//318 317//317 
f 317//317 318//318 319//319 
f 318//318 319//319 319//319 
f 319//319 319//319 320//320 
f 319//319 320//320 320//320 
f 320//320 320//320 321//321 
f 320//320 322//322 321//321 
f 321//321 322//322 321//321 
f 322//322 323//323 321//321 
f 321//321 323//323 324//324 
f 323//323 325//325 324//324 
f 324//324 325//325 326//326 
f 325//325 327//327 326//326 
f 326//326 327//327 328//328 
f 327//327 329//329 328//328 
f 328//328 329//329 329//329 
f 329//329 321//321 329//329 
f 329//329 321//321 321//321 
f 321//321 324//324 321//321 
f 321//321 324//324 330//330 
f 324//324 324//324 330//330 
f 330//330 324//324 331//331 
f 324//324 332//332 331//331 
f 331//331 332//332 331//331 
f 332//332 333//333 331//331 
f 331//331 333//333 334//334 
f 333//333 334//334 334//334 
f 334//334 334//334 335//335 
f 334//334 335//335 335//335 
f 335//335 335//335 336//336 
f 335//335 337//337 336//336 
f 336//336 337//337 338//338 
f 337//337 338//338 338//338 
f 338//338 338//338 339//339 
f 338//338 339//339 339//339 
f 339//339 339//339 340//340 
f 339//339 341//341 340//340 
f 340//340 341//341 340//340 
f 341//341 342//342 340//340 
f 340//340 342//342 343//343 
f 342//342 344//344 343//343 
f 343//343 344//344 344//344 
f 344//344 345//345 344//344 
f 344//344 345//345 345//345 
f 345//345 346//346 345//345 
f 345//345 346//346 347//347 
f 346//346 348//348 347//347 
f 347//347 348//348 348//348 
f 348//348 349//349 348//348 
f 348//348 349//349 349//349 
f 349//349 350//350 349//349 
f 349//349 350//350 351//351 
f 350//350 352//352 351//351 
f 351//351 352//352 353//353 
f 352//352 353//353 353//353 
f 353//353 353//353 350//350 
f 353//353 350//350 350//350 
f 350//350 350//350 352//352 
f 350//350 354//354 352//352 
f 352//352 354//354 352//352 
f 354//354 355//355 352//352 
f 352//352 355//355 352//352 
f 355//355 356//356 352//352 
f 352//352 356//356 357//357 
f 356//356 358//358 357//357 
f 357//357 358//358 359//359 
f 358//358 360//360 359//359 
f 359//359 360//360 352//352 
f 360//360 353//353 352//352 
f 352//352 353//353 353//353 
f 353//353 361//361 353//353 
f 353//353 361//361 361//361 
f 361//361 362//362 361//361 
f 361//361 362//362 363//363 
f 362//362 364//364 363//363 
f 363//363 364//364 365//365 
f 364//364 366//366 365//365 
f 365//365 366//366 366//366 
f 366//366 362//362 366//366 
f 366//366 362//362 362//362 
f 362//362 367//367 362//362 
f 362//362 367//367 364//364 
f 367//367 364//364 364//364 
f 364//364 364//364 368//368 
f 364//364 368//368 368//368 
f 368//368 368//368 369//369 
f 368//368 370//370 369//369 
f 369//369 370//370 369//369 
f 370//370 371//371 369//369 
f 369//369 371//371 372//372 
f 371//371 373//373 372//372 
f 372//372 373//373 374//374 
f 373//373 375//375 374//374 
f 374//374 375//375 375//375 
f 375//375 369//369 375//375 
f 375//375 369//369 369//369 
f 369//369 372//372 369//369 
f 369//369 372//372 376//376 
f 372//372 372//372 376//376 
f 376//376 372//372 377//377 
f 372//372 378//378 377//377 
f 377//377 378//378 378//378 
f 378//378 379//379 378//378 
f 378//378 379//379 379//379 
f 379//379 380//380 379//379 
f 379//379 380//380 381//381 
f 380//380 382//382 381//381 
f 381//381 382//382 381//381 
f 382//382 383//383 381//381 
f 381//381 383//383 384//384 
f 383//383 384//384 384//384 
f 384//384 384//384 385//385 
f 384//384 385//385 385//385 
f 385//385 385//385 386//386 
f 385//385 387//387 386//386 
f 386//386 387//387 386//386 
f 387//387 388//388 386//386 
f 386//386 388//388 389//389 
f 388//388 390//390 389//389 
f 389//389 390//390 390//390 
f 390//390 391//391 390//390 
f 390//390 391//391 391//391 
f 391//391 392//392 391//391 
f 391//391 392//392 393//393 
f 392//392 392//392 393//393 
f 393//393 392//392 394//394 
f 392//392 395//395 394//394 
f 394//394 395//395 396//396 
f 395//395 396//396 396//396 
f 396//396 396//396 397//397 
f 396//396 397//397 397//397 
f 397//397 397//397 398//398 
f 397//397 399//399 398//398 
f 398//398 399//399 400//400 
f 399//399 399//399 400//400 
f 400//400 399//399 401//401 
f 399//399 402//402 401//401 
f 401//401 402//402 401//401 
f 402//402 403//403 401//401 
f 401//401 403//403 404//404 
f 403//403 405//405 404//404 
f 404//404 405//405 406//406 
f 405//405 406//406 406//406 
f 406//406 406//406 403//403 
f 406//406 403//403 403//403 
f 403//403 403//403 405//405 
f 403//403 407//407 405//405 
f 405//405 407//407 405//405 
f 407//407 408//408 405//405 
f 405//405 408//408 409//409 
f 408//408 410//410 409//409 
f 409//409 410//410 410//410 
f 410//410 411//411 410//410 
f 410//410 411//411 411//411 
f 411//411 412//412 411//411 
f 411//411 412//412 413//413 
f 412//412 414//414 413//413 
f 413//413 414//414 413//413 
f 414//414 415//415 413//413 
f 413//413 415//415 416//416 
f 415//415 415//415 416//416 
f 416//416 415//415 417//417 
f 415//415 418//418 417//417 
f 417//417 418//418 419//419 
f 418//418 420//420 419//419 
f 419//419 420//420 420//420 
f 420//420 417//417 420//420 
f 420//420 417//417 417//417 
f 417//417 419//419 417//417 
f 417//417 419//419 421//421 
f 419//419 419//419 421//421 
f 421//421 419//419 422//422 
f 419//419 423//423 422//422 
f 422//422 423//423 424//424 
f 423//423 424//424 424//424 
f 424//424 424//424 425//425 
f 424//424 425//425 425//425 
f 425//425 425//425 426//426 
f 425//425 427//427 426//426 
f 426//426 427//427 428//428 
f 427//427 429//429 428//428 
f 428//428 429//429 430//430 
f 429//429 430//430 430//430 
f 430//430 430//430 431//431 
f 430//430 431//431 431//431 
f 431//431 431//431 432//432 
f 431//431 433//433 432//432 
f 432//432 433//433 434//434 
f 433//433 435//435 434//434 
f 434//434 435//435 436//436 
f 435//435 436//436 436//436 
f 436//436 436//436 437//437 
f 436//436 437//437 437//437 
f 437//437 437//437 438//438 
f 437//437 439//439 438//438 
f 438//438 439//439 440//440 
f 439//439 441//441 440//440 
f 440//440 441//441 440//440 
f 441//441 442//442 440//440 
f 440//440 442//442 440//440 
f 442//442 443//443 440//440 
f 440//440 443//443 444//444 
f 443//443 445//445 444//444 
f 444//444 445//445 446//446 
f 445//445 447//447 446//446 
f 446//446 447//447 440//440 
f 447//447 448//448 440//440 
f 440//440 448//448 438//438 
f 448//448 438//438 438//438 
f 438//438 438//438 449//449 
f 438//438 449//449 449//449 
f 449//449 449//449 450//450 
f 449//449 451//451 450//450 
f 450//450 451//451 450//450 
f 451//451 452//452 450//450 
f 450//450 452//452 453//453 
f 452//452 454//454 453//453 
f 453//453 454//454 455//455 
f 454//454 456//456 455//455 
f 455//455 456//456 457//457 
f 456//456 458//458 457//457 
f 457//457 458//458 458//458 
f 458//458 450//450 458//458 
f 458//458 450//450 450//450 
f 450//450 453//453 450//450 
f 450//450 453//453 459//459 
f 453//453 453//453 459//459 
f 459//459 453//453 460//460 
f 453//453 461//461 460//460 
f 460//460 461//461 460//460 
f 461//461 462//462 460//460 
f 460//460 462//462 463//463 
f 462//462 463//463 463//463 
f 463//463 463//463 464//464 
f 463//463 464//464 464//464 
f 464//464 464//464 465//465 
f 464//464 466//466 465//465 
f 465//465 466//466 467//467 
f 466//466 467//467 467//467 
f 467//467 467//467 468//468 
f 467//467 468//468 468//468 
f 468//468 468//468 469//469 
f 468//468 470//470 469//469 
f 469//469 470//470 469//469 
f 470//470 471//471 469//469 
f 469//469 471//471 472//472 
f 471//471 473//473 472//472 
f 472//472 473//473 473//473 
f 473//473 474//474 473//473 
f 473//473 474//474 474//474 
f 474//474 475//475 474//474 
f 474//474 475//475 476//476 
f 475//475 477//477 476//476 
f 476//476 477//477 477//477 
f 477//477 478//478 477//477 
f 477//477 478//478 478//478 
f 478//478 479//479 478//478 
f 478//478 479//479 480//480 
f 479//479 481//481 480//480 
f 480//480 481//481 482//482 
f 481//481 482//482 482//482 
f 482//482 482//482 479//479 
f 482//482 479//479 479//479 
f 479//479 479//479 481//481 
f 479//479 483//483 481//481 
f 481//481 483//483 481//481 
f 483//483 484//484 481//481 
f 481//481 484//484 481//481 
f 484//484 485//485 481//481 
f 481//481 485//485 486//486 
f 485//485 487//487 486//486 
f 486//486 487//487 488//488 
f 487//487 489//489 488//488 
f 488//488 489//489 481//481 
f 489//489 482//482 481//481 
f 481//481 482//482 482//482 
f 482//482 490//490 482//482 
f 482//482 490//490 490//490 
f 490//490 491//491 490//490 
f 490//490 491//491 492//492 
f 491//491 491//491 492//492 
f 492//492 491//491 493//493 
f 491//491 491//491 493//493 
f 493//493 491//491 494//494 
f 491//491 495//495 494//494 
f 494//494 495//495 494//494 
f 495//495 496//496 494//494 
f 494//494 496//496 497//497 
f 496//496 496//496 497//497 
f 497//497 496//496 498//498 
f 496//496 499//499 498//498 
f 498//498 499//499 498//498 
f 499//499 500//500 498//498 
f 498//498 500//500 501//501 
f 500//500 502//502 501//501 
f 501//501 502//502 502//502 
f 502//502 503//503 502//502 
f 502//502 503//503 503//503 
f 503//503 504//504 503//503 
f 503//503 504//504 505//505 
f 504//504 506//506 505//505 
f 505//505 506//506 505//505 
f 506//506 507//507 505//505 
f 505//505 507//507 508//508 
f 507//507 507//507 508//508 
f 508//508 507//507 509//509 
f 507//507 510//510 509//509 
f 509//509 510//510 509//509 
f 510//510 511//511 509//509 
f 509//509 511//511 512//512 
f 511//511 511//511 512//512 
f 512//512 511//511 513//513 
f 511//511 514//514 513//513 
f 513//513 514//514 515//515 
f 514//514 515//515 515//515 
f 515//515 515//515 516//516 
f 515//515 516//516 516//516 
f 516//516 516//516 517//517 
f 516//516 518//518 517//517 
f 517//517 518//518 519//519 
f 518//518 519//519 519//519 
f 519//519 519//519 520//520 
f 519//519 520//520 520//520 
f 520//520 520//520 521//521 
f 520//520 522//522 521//521 
f 521//521 522//522 523//523 
f 522//522 524//524 523//523 
f 523//523 524//524 525//525 
f 524//524 526//526 525//525 
f 525//525 526//526 527//527 
f 526//526 527//527 527//527 
f 527//527 527//527 528//528 
f 527//527 528//528 528//528 
f 528//528 528//528 529//529 
f 528//528 530//530 529//529 
f 529//529 530//530 531//531 
f 530//530 532//532 531//531 
f 531//531 532//532 531//531 
f 532//532 533//533 531//531 
f 531//531 533//533 531//531 
f 533//533 534//534 531//531 
f 531//531 534//534 535//535 
f 534//534 536//536 535//535 
f 535//535 536//536 537//537 
f 536//536 538//538 537//537 
f 537//537 538//538 531//531 
f 538//538 539//539 531//531 
f 531//531 539//539 529//529 
f 539//539 529//529 529//529 
f 529//529 529//529 540//540 
f 529//529 540//540 540//540 
f 540//540 540//540 541//541 
f 540//540 542//542 541//541 
f 541//541 542//542 543//543 
f 542//542 544//544 543//543 
f 543//543 544//544 545//545 
f 544//544 545//545 545//545 
f 545//545 545//545 546//546 
f 545//545 546//546 546//546 
f 546//546 546//546 547//547 
f 546//546 548//548 547//547 
f 547//547 548//548 549//549 
f 548//548 550//550 549//549 
f 549//549 550//550 551//551 
f 550//550 551//551 551//551 
f 551//551 551//551 552//552 
f 551//551 552//552 552//552 
f 552//552 552//552 553//553 
f 552//552 554//554 553//553 
f 553//553 554//554 555//555 
f 554//554 556//556 555//555 
f 555//555 556//556 555//555 
f 556//556 557//557 555//555 
f 555//555 557//557 555//555 
f 557//557 558//558 555//555 
f 555//555 558//558 555//555 
f 558//558 559//559 555//555 
f 555//555 559//559 555//555 
f 559//559 560//560 555//555 
f 555//555 560//560 555//555 
f 560//560 561//561 555//555 
f 555//555 561//561 562//562 
f 561//561 563//563 562//562 
f 562//562 563//563 564//564 
f 563//563 565//565 564//564 
f 564//564 565//565 565//565 
f 565//565 564//564 565//565 
f 565//565 564//564 564//564 
f 564//564 566//566 564//564 
f 564//564 566//566 562//562 
f 566//566 567//567 562//562 
f 562//562 567//567 555//555 
f 567//567 553//553 555//555 
f 555//555 553//553 553//553 
f 553//553 568//568 553//553 
f 553//553 568//568 568//568 
f 568//568 569//569 568//568 
f 568//568 569//569 570//570 
f 569//569 569//569 570//570 
f 570//570 569//569 571//571 
f 569//569 572//572 571//571 
f 571//571 572//572 573//573 
f 572//572 573//573 573//573 
f 573//573 573//573 574//574 
f 573//573 574//574 574//574 
f 574//574 574//574 575//575 
f 574//574 576//576 575//575 
f 575//575 576//576 577//577 
f 576//576 578//578 577//577 
f 577//577 578//578 579//579 
f 578//578 580//580 579//579 
f 579//579 580//580 581//581 
f 580//580 581//581 581//581 
f 581//581 581//581 582//582 
f 581//581 582//582 582//582 
f 582//582 582//582 583//583 
f 582//582 584//584 583//583 
f 583//583 584//584 583//583 
f 584//584 585//585 583//583 
f 583//583 585//585 586//586 
f 585//585 587//587 586//586 
f 586//586 587//587 588//588 
f 587//587 589//589 588//588 
f 588//588 589//589 590//590 
f 589//589 589//589 590//590 
f 590//590 589//589 591//591 
f 589//589 589//589 591//591 
f 591//591 589//589 592//592 
f 589//589 589//589 592//592 
f 592//592 589//589 593//593 
f 589//589 589//589 593//593 
f 593//593 589//589 594//594 
f 589//589 589//589 594//594 
f 594//594 589//589 595//595 
f 589//589 596//596 595//595 
f 595//595 596//596 596//596 
f 596//596 597//597 596//596 
f 596//596 597//597 597//597 
f 597//597 598//598 597//597 
f 597//597 598//598 599//599 
f 598//598 600//600 599//599 
f 599//599 600//600 599//599 
f 600//600 601//601 599//599 
f 599//599 601//601 599//599 
f 601//601 602//602 599//599 
f 599//599 602//602 599//599 
f 602//602 603//603 599//599 
f 599//599 603//603 599//599 
f 603//603 604//604 599//599 
f 599//599 604//604 599//599 
f 604//604 605//605 599//599 
f 599//599 605//605 606//606 
f 605//605 606//606 606//606 
f 606//606 606//606 607//607 
f 606//606 607//607 607//607 
f 607//607 607//607 608//608 
f 607//607 609//609 608//608 
f 608//608 609//609 610//610 
f 609//609 611//611 610//610 
f 610//610 611//611 612//612 
f 611//611 613//613 612//612 
f 612//612 613//613 614//614 
f 613//613 615//615 614//614 
f 614//614 615//615 616//616 
f 615//615 617//617 616//616 
f 616//616 617//617 618//618 
f 617//617 619//619 618//618 
f 618//618 619//619 620//620 
f 619//619 621//621 620//620 
f 620//620 621//621 622//622 
f 621//621 623//623 622//622 
f 622//622 623//623 624//624 
f 623//623 625//625 624//624 
f 624//624 625//625 626//626 
f 625//625 627//627 626//626 
f 626//626 627//627 628//628 
f 627//627 628//628 628//628 
f 628//628 628//628 629//629 
f 628//628 629//629 629//629 
f 629//629 629//629 630//630 
f 629//629 631//631 630//630 
f 630//630 631//631 630//630 
f 631//631 632//632 630//630 
f 630//630 632//632 633//633 
f 632//632 634//634 633//633 
f 633//633 634//634 635//635 
f 634//634 636//636 635//635 
f 635//635 636//636 637//637 
f 636//636 638//638 637//637 
f 637//637 638//638 639//639 
f 638//638 640//640 639//639 
f 639//639 640//640 641//641 
f 640//640 642//642 641//641 
f 641//641 642//642 643//643 
f 642//642 644//644 643//643 
f 643//643 644//644 645//645 
f 644//644 646//646 645//645 
f 645//645 646//646 647//647 
f 646//646 648//648 647//647 
f 647//647 648//648 649//649 
f 648//648 650//650 649//649 
f 649//649 650//650 651//651 
f 650//650 652//652 651//651 
f 651//651 652//652 653//653 
f 652//652 654//654 653//653 
f 653//653 654//654 654//654 
f 654//654 655//655 654//654 
f 654//654 655//655 655//655 
f 655//655 656//656 655//655 
f 655//655 656//656 657//657 
f 656//656 658//658 657//657 
f 657//657 658//658 658//658 
f 658//658 659//659 658//658 
f 658//658 659//659 659//659 
f 659//659 660//660 659//659 
f 659//659 660//660 661//661 
f 660//660 662//662 661//661 
f 661//661 662//662 661//661 
f 662//662 663//663 661//661 
f 661//661 663//663 664//664 
f 663//663 665//665 664//664 
f 664//664 665//665 666//666 
f 665//665 667//667 666//666 
f 666//666 667//667 668//668 
f 667//667 669//669 668//668 
f 668//668 669//669 670//670 
f 669//669 669//669 670//670 
f 670//670 669//669 671//671 
f 669//669 672//672 671//671 
f 671//671 672//672 672//672 
f 672//672 659//659 672//672 
f 672//672 659//659 659//659 
f 659//659 661//661 659//659 
f 659//659 661//661 673//673 
f 661//661 674//674 673//673 
f 673//673 674//674 675//675 
f 674//674 676//676 675//675 
f 675//675 676//676 675//675 
f 676//676 677//677 675//675 
f 675//675 677//677 678//678 
f 677//677 677//677 678//678 
f 678//678 677//677 679//679 
f 677//677 680//680 679//679 
f 679//679 680//680 681//681 
f 680//680 681//681 681//681 
f 681//681 681//681 682//682 
f 681//681 682//682 682//682 
f 682//682 682//682 683//683 
f 682//682 684//684 683//683 
f 683//683 684//684 683//683 
f 684//684 685//685 683//683 
f 683//683 685//685 686//686 
f 685//685 687//687 686//686 
f 686//686 687//687 686//686 
f 687//687 688//688 686//686 
f 686//686 688//688 686//686 
f 688//688 689//689 686//686 
f 686//686 689//689 690//690 
f 689//689 689//689 690//690 
f 690//690 689//689 691//691 
f 689//689 692//692 691//691 
f 691//691 692//692 693//693 
f 692//692 694//694 693//693 
f 693//693 694//694 693//693 
f 694//694 695//695 693//693 
f 693//693 695//695 696//696 
f 695//695 697//697 696//696 
f 696//696 697//697 697//697 
f 697//697 683//683 697//697 
f 697//697 683//683 683//683 
f 683//683 698//698 683//683 
f 683//683 698//698 682//682 
f 698//698 698//698 682//682 
f 682//682 698//698 699//699 
f 698//698 700//700 699//699 
f 699//699 700//700 701//701 
f 700//700 702//702 701//701 
f 701//701 702//702 703//703 
f 702//702 704//704 703//703 
f 703//703 704//704 704//704 
f 704//704 705//705 704//704 
f 704//704 705//705 705//705 
f 705//705 706//706 705//705 
f 705//705 706//706 707//707 
f 706//706 708//708 707//707 
f 707//707 708//708 709//709 
f 708//708 710//710 709//709 
f 709//709 710//710 711//711 
f 710//710 712//712 711//711 
f 711//711 712//712 713//713 
f 712//712 714//714 713//713 
f 713//713 714//714 713//713 
f 714//714 715//715 713//713 
f 713//713 715//715 716//716 
f 715//715 716//716 716//716 
f 716//716 716//716 707//707 
f 716//716 707//707 707//707 
f 707//707 707//707 717//717 
f 707//707 709//709 717//717 
f 717//717 709//709 718//718 
f 709//709 719//719 718//718 
f 718//718 719//719 718//718 
f 719//719 720//720 718//718 
f 718//718 720//720 721//721 
f 720//720 721//721 721//721 
f 721//721 721//721 722//722 
f 721//721 722//722 722//722 
f 722//722 722//722 723//723 
f 722//722 724//724 723//723 
f 723//723 724//724 725//725 
f 724//724 725//725 725//725 
f 725//725 725//725 726//726 
f 725//725 726//726 726//726 
f 726//726 726//726 727//727 
f 726//726 728//728 727//727 
f 727//727 728//728 729//729 
f 728//728 728//728 729//729 
f 729//729 728//728 730//730 
f 728//728 731//731 730//730 
f 730//730 731//731 730//730 
f 731//731 732//732 730//730 
f 730//730 732//732 733//733 
f 732//732 734//734 733//733 
f 733//733 734//734 735//735 
f 734//734 735//735 735//735 
f 735//735 735//735 736//736 
f 735//735 736//736 736//736 
f 736//736 736//736 737//737 
f 736//736 738//738 737//737 
f 737//737 738//738 737//737 
f 738//738 739//739 737//737 
f 737//737 739//739 737//737 
f 739//739 740//740 737//737 
f 737//737 740//740 741//741 
f 740//740 740//740 741//741 
f 741//741 740//740 742//742 
f 740//740 743//743 742//742 
f 742//742 743//743 744//744 
f 743//743 745//745 744//744 
f 744//744 745//745 745//745 
f 745//745 742//742 745//745 
f 745//745 742//742 742//742 
f 742//742 744//744 742//742 
f 742//742 744//744 746//746 
f 744//744 744//744 746//746 
f 746//746 744//744 747//747 
f 744//744 748//748 747//747 
f 747//747 748//748 749//749 
f 748//748 749//749 749//749 
f 749//749 749//749 750//750 
f 749//749 750//750 750//750 
f 750//750 750//750 751//751 
f 750//750 752//752 751//751 
f 751//751 752//752 753//753 
f 752//752 754//754 753//753 
f 753//753 754//754 755//755 
f 754//754 756//756 755//755 
f 755//755 756//756 757//757 
f 756//756 757//757 757//757 
f 757//757 757//757 758//758 
f 757//757 758//758 758//758 
f 758//758 758//758 759//759 
f 758//758 760//760 759//759 
f 759//759 760//760 761//761 
f 760//760 761//761 761//761 
f 761//761 761//761 762//762 
f 761//761 762//762 762//762 
f 762//762 762//762 763//763 
f 762//762 764//764 763//763 
f 763//763 764//764 765//765 
f 764//764 766//766 765//765 
f 765//765 766//766 767//767 
f 766//766 767//767 767//767 
f 767//767 767//767 768//768 
f 767//767 768//768 768//768 
f 768//768 768//768 769//769 
f 768//768 770//770 769//769 
f 769//769 770//770 769//769 
f 770//770 771//771 769//769 
f 769//769 771//771 772//772 
f 771//771 772//772 772//772 
f 772//772 772//772 773//773 
f 772//772 773//773 773//773 
f 773//773 773//773 774//774 
f 773//773 775//775 774//774 
f 774//774 775//775 776//776 
f 775//775 777//777 776//776 
f 776//776 777//777 776//776 
f 777//777 778//778 776//776 
f 776//776 778//778 776//776 
f 778//778 779//779 776//776 
f 776//776 779//779 780//780 
f 779//779 781//781 780//780 
f 780//780 781//781 782//782 
f 781//781 783//783 782//782 
f 782//782 783//783 776//776 
f 783//783 784//784 776//776 
f 776//776 784//784 774//774 
f 784//784 774//774 774//774 
f 774//774 774//774 785//785 
f 774//774 785//785 785//785 
f 785//785 785//785 786//786 
f 785//785 787//787 786//786 
f 786//786 787//787 787//787 
f 787//787 788//788 787//787 
f 787//787 788//788 788//788 
f 788//788 789//789 788//788 
f 788//788 789//789 790//790 
f 789//789 791//791 790//790 
f 790//790 791//791 792//792 
f 791//791 793//793 792//792 
f 792//792 793//793 794//794 
f 793//793 795//795 794//794 
f 794//794 795//795 794//794 
f 795//795 796//796 794//794 
f 794//794 796//796 797//797 
f 796//796 798//798 797//797 
f 797//797 798//798 799//799 
f 798//798 798//798 799//799 
f 799//799 798//798 800//800 
f 798//798 801//801 800//800 
f 800//800 801//801 801//801 
f 801//801 802//802 801//801 
f 801//801 802//802 802//802 
f 802//802 803//803 802//802 
f 802//802 803//803 804//804 
f 803//803 805//805 804//804 
f 804//804 805//805 805//805 
f 805//805 806//806 805//805 
f 805//805 806//806 806//806 
f 806//806 807//807 806//806 
f 806//806 807//807 808//808 
f 807//807 809//809 808//808 
f 808//808 809//809 810//810 
f 809//809 811//811 810//810 
f 810//810 811//811 810//810 
f 811//811 812//812 810//810 
f 810//810 812//812 813//813 
f 812//812 814//814 813//813 
f 813//813 814//814 815//815 
f 814//814 816//816 815//815 
f 815//815 816//816 817//817 
f 816//816 818//818 817//817 
f 817//817 818//818 819//819 
f 818//818 819//819 819//819 
f 819//819 819//819 820//820 
f 819//819 820//820 820//820 
f 820//820 820//820 821//821 
f 820//820 822//822 821//821 
f 821//821 822//822 823//823 
f 822//822 824//824 823//823 
f 823//823 824//824 825//825 
f 824//824 824//824 825//825 
f 825//825 824//824 826//826 
f 824//824 827//827 826//826 
f 826//826 827//827 827//827 
f 827//827 828//828 827//827 
f 827//827 828//828 828//828 
f 828//828 829//829 828//828 
f 828//828 829//829 830//830 
f 829//829 831//831 830//830 
f 830//830 831//831 832//832 
f 831//831 833//833 832//832 
f 832//832 833//833 834//834 
f 833//833 835//835 834//834 
f 834//834 835//835 836//836 
f 835//835 837//837 836//836 
f 836//836 837//837 836//836 
f 837//837 838//838 836//836 
f 836//836 838//838 839//839 
f 838//838 840//840 839//839 
f 839//839 840//840 841//841 
f 840//840 841//841 841//841 
f 841//841 841//841 842//842 
f 841//841 842//842 842//842 
f 842//842 842//842 843//843 
f 842//842 844//844 843//843 
f 843//843 844//844 843//843 
f 844//844 845//845 843//843 
f 843//843 845//845 843//843 
f 845//845 846//846 843//843 
f 843//843 846//846 847//847 
f 846//846 848//848 847//847 
f 847//847 848//848 849//849 
f 848//848 850//850 849//849 
f 849//849 850//850 851//851 
f 850//850 852//852 851//851 
f 851//851 852//852 853//853 
f 852//852 854//854 853//853 
f 853//853 854//854 855//855 
f 854//854 854//854 855//855 
f 855//855 854//854 856//856 
f 854//854 857//857 856//856 
f 856//856 857//857 858//858 
f 857//857 859//859 858//858 
f 858//858 859//859 858//858 
f 859//859 860//860 858//858 
f 858//858 860//860 861//861 
f 860//860 860//860 861//861 
f 861//861 860//860 862//862 
f 860//860 863//863 862//862 
f 862//862 863//863 864//864 
f 863//863 865//865 864//864 
f 864//864 865//865 866//866 
f 865//865 867//867 866//866 
f 866//866 867//867 868//868 
f 867//867 869//869 868//868 
f 868//868 869//869 870//870 
f 869//869 871//871 870//870 
f 870//870 871//871 870//870 
f 871//871 872//872 870//870 
f 870//870 872//872 873//873 
f 872//872 873//873 873//873 
f 873//873 873//873 874//874 
f 873//873 874//874 874//874 
f 874//874 874//874 875//875 
f 874//874 876//876 875//875 
f 875//875 876//876 875//875 
f 876//876 877//877 875//875 
f 875//875 877//877 878//878 
f 877//877 879//879 878//878 
f 878//878 879//879 880//880 
f 879//879 881//881 880//880 
f 880//880 881//881 882//882 
f 881//881 883//883 882//882 
f 882//882 883//883 884//884 
f 883//883 885//885 884//884 
f 884//884 885//885 886//886 
f 885//885 887//887 886//886 
f 886//886 887//887 886//886 
f 887//887 888//888 886//886 
f 886//886 888//888 889//889 
f 888//888 888//888 889//889 
f 889//889 888//888 890//890 
f 888//888 891//891 890//890 
f 890//890 891//891 892//892 
f 891//891 893//893 892//892 
f 892//892 893//893 892//892 
f 893//893 894//894 892//892 
f 892//892 894//894 895//895 
f 894//894 896//896 895//895 
f 895//895 896//896 897//897 
f 896//896 898//898 897//897 
f 897//897 898//898 899//899 
f 898//898 900//900 899//899 
f 899//899 900//900 901//901 
f 900//900 902//902 901//901 
f 901//901 902//902 903//903 
f 902//902 904//904 903//903 
f 903//903 904//904 905//905 
f 904//904 905//905 905//905 
f 905//905 905//905 906//906 
f 905//905 906//906 906//906 
f 906//906 906//906 907//907 
f 906//906 908//908 907//907 
f 907//907 908//908 909//909 
f 908//908 910//910 909//909 
f 909//909 910//910 911//911 
f 910//910 912//912 911//911 
f 911//911 912//912 913//913 
f 912//912 914//914 913//913 
f 913//913 914//914 915//915 
f 914//914 915//915 915//915 
f 915//915 915//915 916//916 
f 915//915 916//916 916//916 
f 916//916 916//916 917//917 
f 916//916 918//918 917//917 
f 917//917 918//918 917//917 
f 918//918 919//919 917//917 
f 917//917 919//919 920//920 
f 919//919 921//921 920//920 
f 920//920 921//921 920//920 
f 921//921 922//922 920//920 
f 920//920 922//922 920//920 
f 922//922 923//923 920//920 
f 920//920 923//923 920//920 
f 923//923 924//924 920//920 
f 920//920 924//924 920//920 
f 924//924 925//925 920//920 
f 920//920 925//925 920//920 
f 925//925 926//926 920//920 
f 920//920 926//926 927//927 
f 926//926 928//928 927//927 
f 927//927 928//928 927//927 
f 928//928 929//929 927//927 
f 927//927 929//929 930//930 
f 929//929 931//931 930//930 
f 930//930 931//931 932//932 
f 931//931 932//932 932//932 
f 932//932 932//932 933//933 
f 932//932 933//933 933//933 
f 933//933 933//933 929//929 
f 933//933 931//931 929//929 
f 929//929 931//931 931//931 
f 931//931 934//934 931//931 
f 931//931 934//934 934//934 
f 934//934 935//935 934//934 
f 934//934 935//935 936//936 
f 935//935 937//937 936//936 
f 936//936 937//937 938//938 
f 937//937 939//939 938//938 
f 938//938 939//939 940//940 
f 939//939 941//941 940//940 
f 940//940 941//941 942//942 
f 941//941 943//943 942//942 
f 942//942 943//943 944//944 
f 943//943 945//945 944//944 
f 944//944 945//945 946//946 
f 945//945 947//947 946//946 
f 946//946 947//947 946//946 
f 947//947 948//948 946//946 
f 946//946 948//948 949//949 
f 948//948 949//949 949//949 
f 949//949 949//949 935//935 
f 949//949 935//935 935//935 
f 935//935 935//935 937//937 
f 935//935 950//950 937//937 
f 937//937 950//950 950//950 
f 950//950 951//951 950//950 
f 950//950 951//951 951//951 
f 951//951 952//952 951//951 
f 951//951 952//952 953//953 
f 952//952 954//954 953//953 
f 953//953 954//954 954//954 
f 954//954 955//955 954//954 
f 954//954 955//955 955//955 
f 955//955 956//956 955//955 
f 955//955 956//956 957//957 
f 956//956 957//957 957//957 
f 957//957 957//957 958//958 
f 957//957 958//958 958//958 
f 958//958 958//958 959//959 
f 958//958 960//960 959//959 
f 959//959 960//960 961//961 
f 960//960 960//960 961//961 
f 961//961 960//960 962//962 
f 960//960 963//963 962//962 
f 962//962 963//963 964//964 
f 963//963 964//964 964//964 
f 964//964 964//964 963//963 
f 964//964 963//963 963//963 
f 963//963 963//963 965//965 
f 963//963 960//960 965//965 
f 965//965 960//960 965//965 
f 960//960 958//958 965//965 
f 965//965 958//958 965//965 
f 958//958 966//966 965//965 
f 965//965 966//966 965//965 
f 966//966 967//967 965//965 
f 965//965 967//967 968//968 
f 967//967 969//969 968//968 
f 968//968 969//969 969//969 
f 969//969 965//965 969//969 
f 969//969 965//965 965//965 
f 965//965 968//968 965//965 
f 965//965 968//968 963//963 
f 968//968 970//970 963//963 
f 963//963 970//970 964//964 
f 970//970 971//971 964//964 
f 964//964 971//971 972//972 
f 971//971 972//972 972//972 
f 972//972 972//972 971//971 
f 972//972 971//971 971//971 
f 971//971 971//971 973//973 
f 971//971 970//970 973//973 
f 973//973 970//970 974//974 
f 970//970 968//968 974//974 
f 974//974 968//968 974//974 
f 968//968 969//969 974//974 
f 974//974 969//969 974//974 
f 969//969 975//975 974//974 
f 974//974 975//975 974//974 
f 975//975 976//976 974//974 
f 974//974 976//976 973//973 
f 976//976 973//973 973//973 
f 973//973 973//973 977//977 
f 973//973 977//977 977//977 
f 977//977 977//977 978//978 
f 977//977 979//979 978//978 
f 978//978 979//979 978//978 
f 979//979 980//980 978//978 
f 978//978 980//980 978//978 
f 980//980 981//981 978//978 
f 978//978 981//981 978//978 
f 981//981 982//982 978//978 
f 978//978 982//982 983//983 
f 982//982 984//984 983//983 
f 983//983 984//984 985//985 
f 984//984 986//986 985//985 
f 985//985 986//986 987//987 
f 986//986 988//988 987//987 
f 987//987 988//988 988//988 
f 988//988 977//977 988//988 
f 988//988 977//977 977//977 
f 977//977 978//978 977//977 
f 977//977 978//978 989//989 
f 978//978 983//983 989//989 
f 989//989 983//983 987//987 
f 983//983 985//985 987//987 
f 987//987 985//985 985//985 
f 985//985 984//984 985//985 
f 985//985 984//984 984//984 
f 984//984 990//990 984//984 
f 984//984 990//990 986//986 
f 990//990 986//986 986//986 
f 986//986 986//986 991//991 
f 986//986 991//991 991//991 
f 991//991 991//991 992//992 
f 991//991 993//993 992//992 
f 992//992 993//993 992//992 
f 993//993 994//994 992//992 
f 992//992 994//994 992//992 
f 994//994 995//995 992//992 
f 992//992 995//995 996//996 
f 995//995 997//997 996//996 
f 996//996 997//997 998//998 
f 997//997 997//997 998//998 
f 998//998 997//997 999//999 
f 997//997 997//997 999//999 
f 999//999 997//997 1000//1000 
f 997//997 1001//1001 1000//1000 
f 1000//1000 1001//1001 1002//1002 
f 1001//1001 1003//1003 1002//1002 
f 1002//1002 1003//1003 1004//1004 
f 1003//1003 1004//1004 1004//1004 
f 1004//1004 1004//1004 997//997 
f 1004//1004 997//997 997//997 
f 997//997 997//997 1001//1001 
f 997//997 995//995 1001//1001 
f 1001//1001 995//995 1005//1005 
f 995//995 994//994 1005//1005 
f 1005//1005 994//994 1006//1006 
f 994//994 993//993 1006//1006 
f 1006//1006 993//993 1006//1006 
f 993//993 1007//1007 1006//1006 
f 1006//1006 1007//1007 1006//1006 
f 1007//1007 1008//1008 1006//1006 
f 1006//1006 1008//1008 1006//1006 
f 1008//1008 1009//1009 1006//1006 
f 1006//1006 1009//1009 1005//1005 
f 1009//1009 1003//1003 1005//1005 
f 1005//1005 1003//1003 1001//1001 
f 1003//1003 1001//1001 1001//1001 
f 1001//1001 1001//1001 1010//1010 
f 1001//1001 1010//1010 1010//1010 
f 1010//1010 1010//1010 1011//1011 
f 1010//1010 1012//1012 1011//1011 
f 1011//1011 1012//1012 1011//1011 
f 1012//1012 1013//1013 1011//1011 
f 1011//1011 1013//1013 1011//1011 
f 1013//1013 1014//1014 1011//1011 
f 1011//1011 1014//1014 1015//1015 
f 1014//1014 1016//1016 1015//1015 
f 1015//1015 1016//1016 1017//1017 
f 1016//1016 1018//1018 1017//1017 
f 1017//1017 1018//1018 1017//1017 
f 1018//1018 1019//1019 1017//1017 
f 1017//1017 1019//1019 1017//1017 
f 1019//1019 1020//1020 1017//1017 
f 1017//1017 1020//1020 1017//1017 
f 1020//1020 1021//1021 1017//1017 
f 1017//1017 1021//1021 1017//1017 
f 1021//1021 1022//1022 1017//1017 
f 1017//1017 1022//1022 1017//1017 
f 1022//1022 1023//1023 1017//1017 
f 1017//1017 1023//1023 1015//1015 
f 1023//1023 1010//1010 1015//1015 
f 1015//1015 1010//1010 1011//1011 
f 1010//1010 1011//1011 1011//1011 
f 1011//1011 1011//1011 1024//1024 
f 1011//1011 1024//1024 1024//1024 
f 1024//1024 1024//1024 1025//1025 
f 1024//1024 1026//1026 1025//1025 
f 1025//1025 1026//1026 1025//1025 
f 1026//1026 1027//1027 1025//1025 
f 1025//1025 1027//1027 1025//1025 
f 1027//1027 1028//1028 1025//1025 
f 1025//1025 1028//1028 1029//1029 
f 1028//1028 1029//1029 1029//1029 
f 1029//1029 1029//1029 1030//1030 
f 1029//1029 1030//1030 1030//1030 
f 1030//1030 1030//1030 1031//1031 
f 1030//1030 1032//1032 1031//1031 
f 1031//1031 1032//1032 1031//1031 
f 1032//1032 1033//1033 1031//1031 
f 1031//1031 1033//1033 1034//1034 
f 1033//1033 1035//1035 1034//1034 
f 1034//1034 1035//1035 1036//1036 
f 1035//1035 1037//1037 1036//1036 
f 1036//1036 1037//1037 1037//1037 
f 1037//1037 1038//1038 1037//1037 
f 1037//1037 1038//1038 1038//1038 
f 1038//1038 1039//1039 1038//1038 
f 1038//1038 1039//1039 1040//1040 
f 1039//1039 1041//1041 1040//1040 
f 1040//1040 1041//1041 1041//1041 
f 1041//1041 1042//1042 1041//1041 
f 1041//1041 1042//1042 1042//1042 
f 1042//1042 1043//1043 1042//1042 
f 1042//1042 1043//1043 1044//1044 
f 1043//1043 1043//1043 1044//1044 
f 1044//1044 1043//1043 1045//1045 
f 1043//1043 1046//1046 1045//1045 
f 1045//1045 1046//1046 1047//1047 
f 1046//1046 1048//1048 1047//1047 
f 1047//1047 1048//1048 1049//1049 
f 1048//1048 1049//1049 1049//1049 
f 1049//1049 1049//1049 1050//1050 
f 1049//1049 1050//1050 1050//1050 
f 1050//1050 1050//1050 1051//1051 
f 1050//1050 1052//1052 1051//1051 
f 1051//1051 1052//1052 1053//1053 
f 1052//1052 1053//1053 1053//1053 
f 1053//1053 1053//1053 1054//1054 
f 1053//1053 1054//1054 1054//1054 
f 1054//1054 1054//1054 1055//1055 
f 1054//1054 1056//1056 1055//1055 
f 1055//1055 1056//1056 1057//1057 
f 1056//1056 1056//1056 1057//1057 
f 1057//1057 1056//1056 1058//1058 
f 1056//1056 1059//1059 1058//1058 
f 1058//1058 1059//1059 1060//1060 
f 1059//1059 1061//1061 1060//1060 
f 1060//1060 1061//1061 1060//1060 
f 1061//1061 1062//1062 1060//1060 
f 1060//1060 1062//1062 1063//1063 
f 1062//1062 1064//1064 1063//1063 
f 1063//1063 1064//1064 1065//1065 
f 1064//1064 1064//1064 1065//1065 
f 1065//1065 1064//1064 1066//1066 
f 1064//1064 1067//1067 1066//1066 
f 1066//1066 1067//1067 1067//1067 
f 1067//1067 1068//1068 1067//1067 
f 1067//1067 1068//1068 1068//1068 
f 1068//1068 1069//1069 1068//1068 
f 1068//1068 1069//1069 1070//1070 
f 1069//1069 1071//1071 1070//1070 
f 1070//1070 1071//1071 1071//1071 
f 1071//1071 1072//1072 1071//1071 
f 1071//1071 1072//1072 1072//1072 
f 1072//1072 1073//1073 1072//1072 
f 1072//1072 1073//1073 1074//1074 
f 1073//1073 1073//1073 1074//1074 
f 1074//1074 1073//1073 1075//1075 
f 1073//1073 1076//1076 1075//1075 
f 1075//1075 1076//1076 1077//1077 
f 1076//1076 1076//1076 1077//1077 
f 1077//1077 1076//1076 1078//1078 
f 1076//1076 1076//1076 1078//1078 
f 1078//1078 1076//1076 1079//1079 
f 1076//1076 1076//1076 1079//1079 
f 1079//1079 1076//1076 1080//1080 
f 1076//1076 1076//1076 1080//1080 
f 1080//1080 1076//1076 1081//1081 
f 1076//1076 1076//1076 1081//1081 
f 1081//1081 1076//1076 1082//1082 
f 1076//1076 1076//1076 1082//1082 
f 1082//1082 1076//1076 1083//1083 
f 1076//1076 1084//1084 1083//1083 
f 1083//1083 1084//1084 1085//1085 
f 1084//1084 1086//1086 1085//1085 
f 1085//1085 1086//1086 1087//1087 
f 1086//1086 1088//1088 1087//1087 
f 1087//1087 1088//1088 1088//1088 
f 1088//1088 1087//1087 1088//1088 
f 1088//1088 1087//1087 1087//1087 
f 1087//1087 1089//1089 1087//1087 
f 1087//1087 1089//1089 1085//1085 
f 1089//1089 1085//1085 1085//1085 
f 1085//1085 1085//1085 1090//1090 
f 1085//1085 1090//1090 1090//1090 
f 1090//1090 1090//1090 1091//1091 
f 1090//1090 1092//1092 1091//1091 
f 1091//1091 1092//1092 1093//1093 
f 1092//1092 1092//1092 1093//1093 
f 1093//1093 1092//1092 1094//1094 
f 1092//1092 1092//1092 1094//1094 
f 1094//1094 1092//1092 1095//1095 
f 1092//1092 1092//1092 1095//1095 
f 1095//1095 1092//1092 1096//1096 
f 1092//1092 1092//1092 1096//1096 
f 1096//1096 1092//1092 1097//1097 
f 1092//1092 1092//1092 1097//1097 
f 1097//1097 1092//1092 1098//1098 
f 1092//1092 1092//1092 1098//1098 
f 1098//1098 1092//1092 1099//1099 
f 1092//1092 1092//1092 1099//1099 
f 1099//1099 1092//1092 1100//1100 
f 1092//1092 1090//1090 1100//1100 
f 1100//1100 1090//1090 1090//1090 
f 1090//1090 1101//1101 1090//1090 
f 1090//1090 1101//1101 1101//1101 
f 1101//1101 1102//1102 1101//1101 
f 1101//1101 1102//1102 1103//1103 
f 1102//1102 1104//1104 1103//1103 
f 1103//1103 1104//1104 1104//1104 
f 1104//1104 1103//1103 1104//1104 
f 1104//1104 1103//1103 1103//1103 
f 1103//1103 1105//1105 1103//1103 
f 1103//1103 1105//1105 1101//1101 
f 1105//1105 1105//1105 1101//1101 
f 1101//1101 1105//1105 1106//1106 
f 1105//1105 1107//1107 1106//1106 
f 1106//1106 1107//1107 1108//1108 
f 1107//1107 1109//1109 1108//1108 
f 1108//1108 1109//1109 1110//1110 
f 1109//1109 1111//1111 1110//1110 
f 1110//1110 1111//1111 1112//1112 
f 1111//1111 1113//1113 1112//1112 
f 1112//1112 1113//1113 1114//1114 
f 1113//1113 1115//1115 1114//1114 
f 1114//1114 1115//1115 1115//1115 
f 1115//1115 1102//1102 1115//1115 
f 1115//1115 1102//1102 1102//1102 
f 1102//1102 1116//1116 1102//1102 
f 1102//1102 1116//1116 1104//1104 
f 1116//1116 1116//1116 1104//1104 
f 1104//1104 1116//1116 1117//1117 
f 1116//1116 1118//1118 1117//1117 
f 1117//1117 1118//1118 1119//1119 
f 1118//1118 1120//1120 1119//1119 
f 1119//1119 1120//1120 1121//1121 
f 1120//1120 1122//1122 1121//1121 
f 1121//1121 1122//1122 1122//1122 
f 1122//1122 1123//1123 1122//1122 
f 1122//1122 1123//1123 1123//1123 
f 1123//1123 1124//1124 1123//1123 
f 1123//1123 1124//1124 1125//1125 
f 1124//1124 1125//1125 1125//1125 
f 1125//1125 1125//1125 1126//1126 
f 1125//1125 1126//1126 1126//1126 
f 1126//1126 1126//1126 1127//1127 
f 1126//1126 1128//1128 1127//1127 
f 1127//1127 1128//1128 1129//1129 
f 1128//1128 1130//1130 1129//1129 
f 1129//1129 1130//1130 1131//1131 
f 1130//1130 1131//1131 1131//1131 
f 1131//1131 1131//1131 1129//1129 
f 1131//1131 1129//1129 1129//1129 
f 1129//1129 1129//1129 1127//1127 
f 1129//1129 1132//1132 1127//1127 
f 1127//1127 1132//1132 1133//1133 
f 1132//1132 1134//1134 1133//1133 
f 1133//1133 1134//1134 1135//1135 
f 1134//1134 1135//1135 1135//1135 
f 1135//1135 1135//1135 1127//1127 
f 1135//1135 1127//1127 1127//1127 
f 1127//1127 1127//1127 1136//1136 
f 1127//1127 1133//1133 1136//1136 
f 1136//1136 1133//1133 1133//1133 
f 1133//1133 1137//1137 1133//1133 
f 1133//1133 1137//1137 1137//1137 
f 1137//1137 1138//1138 1137//1137 
f 1137//1137 1138//1138 1139//1139 
f 1138//1138 1140//1140 1139//1139 
f 1139//1139 1140//1140 1141//1141 
f 1140//1140 1142//1142 1141//1141 
f 1141//1141 1142//1142 1143//1143 
f 1142//1142 1143//1143 1143//1143 
f 1143//1143 1143//1143 1144//1144 
f 1143//1143 1144//1144 1144//1144 
f 1144//1144 1144//1144 1138//1138 
f 1144//1144 1145//1145 1138//1138 
f 1138//1138 1145//1145 1140//1140 
f 1145//1145 1146//1146 1140//1140 
f 1140//1140 1146//1146 1142//1142 
f 1146//1146 1147//1147 1142//1142 
f 1142//1142 1147//1147 1147//1147 
f 1147//1147 1148//1148 1147//1147 
f 1147//1147 1148//1148 1148//1148 
f 1148//1148 1149//1149 1148//1148 
f 1148//1148 1149//1149 1150//1150 
f 1149//1149 1151//1151 1150//1150 
f 1150//1150 1151//1151 1152//1152 
f 1151//1151 1152//1152 1152//1152 
f 1152//1152 1152//1152 1153//1153 
f 1152//1152 1153//1153 1153//1153 
f 1153//1153 1153//1153 1154//1154 
f 1153//1153 1155//1155 1154//1154 
f 1154//1154 1155//1155 1156//1156 
f 1155//1155 1157//1157 1156//1156 
f 1156//1156 1157//1157 1157//1157 
f 1157//1157 1156//1156 1157//1157 
f 1157//1157 1156//1156 1156//1156 
f 1156//1156 1158//1158 1156//1156 
f 1156//1156 1158//1158 1154//1154 
f 1158//1158 1154//1154 1154//1154 
f 1154//1154 1154//1154 1159//1159 
f 1154//1154 1159//1159 1159//1159 
f 1159//1159 1159//1159 1160//1160 
f 1159//1159 1161//1161 1160//1160 
f 1160//1160 1161//1161 1160//1160 
f 1161//1161 1162//1162 1160//1160 
f 1160//1160 1162//1162 1163//1163 
f 1162//1162 1164//1164 1163//1163 
f 1163//1163 1164//1164 1165//1165 
f 1164//1164 1164//1164 1165//1165 
f 1165//1165 1164//1164 1166//1166 
f 1164//1164 1167//1167 1166//1166 
f 1166//1166 1167//1167 1167//1167 
f 1167//1167 1168//1168 1167//1167 
f 1167//1167 1168//1168 1168//1168 
f 1168//1168 1160//1160 1168//1168 
f 1168//1168 1160//1160 1169//1169 
f 1160//1160 1163//1163 1169//1169 
f 1169//1169 1163//1163 1163//1163 
f 1163//1163 1170//1170 1163//1163 
f 1163//1163 1170//1170 1170//1170 
f 1170//1170 1163//1163 1170//1170 
f 1170//1170 1163//1163 1165//1165 
f 1163//1163 1165//1165 1165//1165 
f 1165//1165 1165//1165 1171//1171 
f 1165//1165 1171//1171 1171//1171 
f 1171//1171 1171//1171 1172//1172 
f 1171//1171 1173//1173 1172//1172 
f 1172//1172 1173//1173 1174//1174 
f 1173//1173 1174//1174 1174//1174 
f 1174//1174 1174//1174 1175//1175 
f 1174//1174 1175//1175 1175//1175 
f 1175//1175 1175//1175 1176//1176 
f 1175//1175 1177//1177 1176//1176 
f 1176//1176 1177//1177 1177//1177 
f 1177//1177 1178//1178 1177//1177 
f 1177//1177 1178//1178 1178//1178 
f 1178//1178 1179//1179 1178//1178 
f 1178//1178 1179//1179 1180//1180 
f 1179//1179 1181//1181 1180//1180 
f 1180//1180 1181//1181 1180//1180 
f 1181//1181 1182//1182 1180//1180 
f 1180//1180 1182//1182 1180//1180 
f 1182//1182 1183//1183 1180//1180 
f 1180//1180 1183//1183 1180//1180 
f 1183//1183 1184//1184 1180//1180 
f 1180//1180 1184//1184 1180//1180 
f 1184//1184 1185//1185 1180//1180 
f 1180//1180 1185//1185 1180//1180 
f 1185//1185 1186//1186 1180//1180 
f 1180//1180 1186//1186 1180//1180 
f 1186//1186 1187//1187 1180//1180 
f 1180//1180 1187//1187 1180//1180 
f 1187//1187 1188//1188 1180//1180 
f 1180//1180 1188//1188 1180//1180 
f 1188//1188 1189//1189 1180//1180 
f 1180//1180 1189//1189 1180//1180 
f 1189//1189 1190//1190 1180//1180 
f 1180//1180 1190//1190 1180//1180 
f 1190//1190 1191//1191 1180//1180 
f 1180//1180 1191//1191 1180//1180 
f 1191//1191 1192//1192 1180//1180 
f 1180//1180 1192//1192 1180//1180 
f 1192//1192 1193//1193 1180//1180 
f 1180//1180 1193//1193 1180//1180 
f 1193//1193 1194//1194 1180//1180 
f 1180//1180 1194//1194 1180//1180 
f 1194//1194 1195//1195 1180//1180 
f 1180//1180 1195//1195 1180//1180 
f 1195//1195 1196//1196 1180//1180 
f 1180//1180 1196//1196 1180//1180 
f 1196//1196 1197//1197 1180//1180 
f 1180//1180 1197//1197 1180//1180 
f 1197//1197 1198//1198 1180//1180 
f 1180//1180 1198//1198 1180//1180 
f 1198//1198 1199//1199 1180//1180 
f 1180//1180 1199//1199 1180//1180 
f 1199//1199 1200//1200 1180//1180 
f 1180//1180 1200//1200 1180//1180 
f 1200//1200 1201//1201 1180//1180 
f 1180//1180 1201//1201 1180//1180 
f 1201//1201 1202//1202 1180//1180 
f 1180//1180 1202//1202 1180//1180 
f 1202//1202 1203//1203 1180//1180 
f 1180//1180 1203//1203 1180//1180 
f 1203//1203 1204//1204 1180//1180 
f 1180//1180 1204//1204 1180//1180 
f 1204//1204 1205//1205 1180//1180 
f 1180//1180 1205//1205 1180//1180 
f 1205//1205 1206//1206 1180//1180 
f 1180//1180 1206//1206 1180//1180 
f 1206//1206 1207//1207 1180//1180 
f 1180//1180 1207//1207 1180//1180 
f 1207//1207 1208//1208 1180//1180 
f 1180//1180 1208//1208 1180//1180 
f 1208//1208 1209//1209 1180//1180 
f 1180//1180 1209//1209 1180//1180 
f 1209//1209 1210//1210 1180//1180 
f 1180//1180 1210//1210 1178//1178 
f 1210//1210 1178//1178 1178//1178 
f 1178//1178 1178//1178 1211//1211 
f 1178//1178 1211//1211 1211//1211 
f 1211//1211 1211//1211 1212//1212 
f 1211//1211 1213//1213 1212//1212 
f 1212//1212 1213//1213 1214//1214 
f 1213//1213 1213//1213 1214//1214 
f 1214//1214 1213//1213 1215//1215 
f 1213//1213 1213//1213 1215//1215 
f 1215//1215 1213//1213 1216//1216 
f 1213//1213 1213//1213 1216//1216 
f 1216//1216 1213//1213 1217//1217 
f 1213//1213 1218//1218 1217//1217 
f 1217//1217 1218//1218 1219//1219 
f 1218//1218 1220//1220 1219//1219 
f 1219//1219 1220//1220 1221//1221 
f 1220//1220 1222//1222 1221//1221 
f 1221//1221 1222//1222 1221//1221 
f 1222//1222 1223//1223 1221//1221 
f 1221//1221 1223//1223 1224//1224 
f 1223//1223 1225//1225 1224//1224 
f 1224//1224 1225//1225 1224//1224 
f 1225//1225 1226//1226 1224//1224 
f 1224//1224 1226//1226 1227//1227 
f 1226//1226 1227//1227 1227//1227 
f 1227//1227 1227//1227 1221//1221 
f 1227//1227 1221//1221 1221//1221 
f 1221//1221 1221//1221 1219//1219 
f 1221//1221 1224//1224 1219//1219 
f 1219//1219 1224//1224 1228//1228 
f 1224//1224 1228//1228 1228//1228 
f 1228//1228 1228//1228 1229//1229 
f 1228//1228 1229//1229 1229//1229 
f 1229//1229 1229//1229 1230//1230 
f 1229//1229 1231//1231 1230//1230 
f 1230//1230 1231//1231 1230//1230 
f 1231//1231 1232//1232 1230//1230 
f 1230//1230 1232//1232 1233//1233 
f 1232//1232 1234//1234 1233//1233 
f 1233//1233 1234//1234 1235//1235 
f 1234//1234 1236//1236 1235//1235 
f 1235//1235 1236//1236 1236//1236 
f 1236//1236 1237//1237 1236//1236 
f 1236//1236 1237//1237 1237//1237 
f 1237//1237 1238//1238 1237//1237 
f 1237//1237 1238//1238 1239//1239 
f 1238//1238 1240//1240 1239//1239 
f 1239//1239 1240//1240 1240//1240 
f 1240//1240 1241//1241 1240//1240 
f 1240//1240 1241//1241 1241//1241 
f 1241//1241 1242//1242 1241//1241 
f 1241//1241 1242//1242 1243//1243 
f 1242//1242 1242//1242 1243//1243 
f 1243//1243 1242//1242 1244//1244 
f 1242//1242 1242//1242 1244//1244 
f 1244//1244 1242//1242 1245//1245 
f 1242//1242 1246//1246 1245//1245 
f 1245//1245 1246//1246 1247//1247 
f 1246//1246 1248//1248 1247//1247 
f 1247//1247 1248//1248 1249//1249 
f 1248//1248 1250//1250 1249//1249 
f 1249//1249 1250//1250 1250//1250 
f 1250//1250 1242//1242 1250//1250 
f 1250//1250 1242//1242 1242//1242 
f 1242//1242 1251//1251 1242//1242 
f 1242//1242 1251//1251 1246//1246 
f 1251//1251 1252//1252 1246//1246 
f 1246//1246 1252//1252 1248//1248 
f 1252//1252 1253//1253 1248//1248 
f 1248//1248 1253//1253 1253//1253 
f 1253//1253 1254//1254 1253//1253 
f 1253//1253 1254//1254 1254//1254 
f 1254//1254 1255//1255 1254//1254 
f 1254//1254 1255//1255 1256//1256 
f 1255//1255 1255//1255 1256//1256 
f 1256//1256 1255//1255 1257//1257 
f 1255//1255 1258//1258 1257//1257 
f 1257//1257 1258//1258 1259//1259 
f 1258//1258 1260//1260 1259//1259 
f 1259//1259 1260//1260 1261//1261 
f 1260//1260 1262//1262 1261//1261 
f 1261//1261 1262//1262 1263//1263 
f 1262//1262 1264//1264 1263//1263 
f 1263//1263 1264//1264 1264//1264 
f 1264//1264 1265//1265 1264//1264 
f 1264//1264 1265//1265 1265//1265 
f 1265//1265 1266//1266 1265//1265 
f 1265//1265 1266//1266 1267//1267 
f 1266//1266 1266//1266 1267//1267 
f 1267//1267 1266//1266 1268//1268 
f 1266//1266 1266//1266 1268//1268 
f 1268//1268 1266//1266 1269//1269 
f 1266//1266 1270//1270 1269//1269 
f 1269//1269 1270//1270 1271//1271 
f 1270//1270 1272//1272 1271//1271 
f 1271//1271 1272//1272 1273//1273 
f 1272//1272 1274//1274 1273//1273 
f 1273//1273 1274//1274 1273//1273 
f 1274//1274 1275//1275 1273//1273 
f 1273//1273 1275//1275 1276//1276 
f 1275//1275 1277//1277 1276//1276 
f 1276//1276 1277//1277 1277//1277 
f 1277//1277 1273//1273 1277//1277 
f 1277//1277 1273//1273 1273//1273 
f 1273//1273 1276//1276 1273//1273 
f 1273//1273 1276//1276 1271//1271 
f 1276//1276 1278//1278 1271//1271 
f 1271//1271 1278//1278 1278//1278 
f 1278//1278 1279//1279 1278//1278 
f 1278//1278 1279//1279 1279//1279 
f 1279//1279 1280//1280 1279//1279 
f 1279//1279 1280//1280 1281//1281 
f 1280//1280 1282//1282 1281//1281 
f 1281//1281 1282//1282 1282//1282 
f 1282//1282 1283//1283 1282//1282 
f 1282//1282 1283//1283 1283//1283 
f 1283//1283 1284//1284 1283//1283 
f 1283//1283 1284//1284 1285//1285 
f 1284//1284 1286//1286 1285//1285 
f 1285//1285 1286//1286 1287//1287 
f 1286//1286 1288//1288 1287//1287 
f 1287//1287 1288//1288 1289//1289 
f 1288//1288 1290//1290 1289//1289 
f 1289//1289 1290//1290 1290//1290 
f 1290//1290 1291//1291 1290//1290 
f 1290//1290 1291//1291 1291//1291 
f 1291//1291 1292//1292 1291//1291 
f 1291//1291 1292//1292 1293//1293 
f 1292//1292 1294//1294 1293//1293 
f 1293//1293 1294//1294 1294//1294 
f 1294//1294 1295//1295 1294//1294 
f 1294//1294 1295//1295 1295//1295 
f 1295//1295 1296//1296 1295//1295 
f 1295//1295 1296//1296 1297//1297 
f 1296//1296 1298//1298 1297//1297 
f 1297//1297 1298//1298 1299//1299 
f 1298//1298 1298//1298 1299//1299 
f 1299//1299 1298//1298 1300//1300 
f 1298//1298 1301//1301 1300//1300 
f 1300//1300 1301//1301 1302//1302 
f 1301//1301 1303//1303 1302//1302 
f 1302//1302 1303//1303 1304//1304 
f 1303//1303 1305//1305 1304//1304 
f 1304//1304 1305//1305 1306//1306 
f 1305//1305 1306//1306 1306//1306 
f 1306//1306 1306//1306 1298//1298 
f 1306//1306 1298//1298 1298//1298 
f 1298//1298 1298//1298 1301//1301 
f 1298//1298 1296//1296 1301//1301 
f 1301//1301 1296//1296 1307//1307 
f 1296//1296 1307//1307 1307//1307 
f 1307//1307 1307//1307 1297//1297 
f 1307//1307 1297//1297 1297//1297 
f 1297//1297 1297//1297 1308//1308 
f 1297//1297 1299//1299 1308//1308 
f 1308//1308 1299//1299 1299//1299 
f 1299//1299 1309//1309 1299//1299 
f 1299//1299 1309//1309 1309//1309 
f 1309//1309 1310//1310 1309//1309 
f 1309//1309 1310//1310 1311//1311 
f 1310//1310 1312//1312 1311//1311 
f 1311//1311 1312//1312 1313//1313 
f 1312//1312 1314//1314 1313//1313 
f 1313//1313 1314//1314 1314//1314 
f 1314//1314 1315//1315 1314//1314 
f 1314//1314 1315//1315 1315//1315 
f 1315//1315 1311//1311 1315//1315 
f 1315//1315 1311//1311 1316//1316 
f 1311//1311 1313//1313 1316//1316 
f 1316//1316 1313//1313 1317//1317 
f 1313//1313 1318//1318 1317//1317 
f 1317//1317 1318//1318 1319//1319 
f 1318//1318 1319//1319 1319//1319 
f 1319//1319 1319//1319 1320//1320 
f 1319//1319 1320//1320 1320//1320 
f 1320//1320 1320//1320 1321//1321 
f 1320//1320 1322//1322 1321//1321 
f 1321//1321 1322//1322 1322//1322 
f 1322//1322 1323//1323 1322//1322 
f 1322//1322 1323//1323 1323//1323 
f 1323//1323 1324//1324 1323//1323 
f 1323//1323 1324//1324 1325//1325 
f 1324//1324 1324//1324 1325//1325 
f 1325//1325 1324//1324 1326//1326 
f 1324//1324 1324//1324 1326//1326 
f 1326//1326 1324//1324 1327//1327 
f 1324//1324 1324//1324 1327//1327 
f 1327//1327 1324//1324 1328//1328 
f 1324//1324 1324//1324 1328//1328 
f 1328//1328 1324//1324 1329//1329 
f 1324//1324 1330//1330 1329//1329 
f 1329//1329 1330//1330 1331//1331 
f 1330//1330 1332//1332 1331//1331 
f 1331//1331 1332//1332 1333//1333 
f 1332//1332 1334//1334 1333//1333 
f 1333//1333 1334//1334 1333//1333 
f 1334//1334 1335//1335 1333//1333 
f 1333//1333 1335//1335 1336//1336 
f 1335//1335 1337//1337 1336//1336 
f 1336//1336 1337//1337 1336//1336 
f 1337//1337 1338//1338 1336//1336 
f 1336//1336 1338//1338 1339//1339 
f 1338//1338 1339//1339 1339//1339 
f 1339//1339 1339//1339 1333//1333 
f 1339//1339 1333//1333 1333//1333 
f 1333//1333 1333//1333 1331//1331 
f 1333//1333 1336//1336 1331//1331 
f 1331//1331 1336//1336 1340//1340 
f 1336//1336 1340//1340 1340//1340 
f 1340//1340 1340//1340 1341//1341 
f 1340//1340 1341//1341 1341//1341 
f 1341//1341 1341//1341 1342//1342 
f 1341//1341 1343//1343 1342//1342 
f 1342//1342 1343//1343 1342//1342 
f 1343//1343 1344//1344 1342//1342 
f 1342//1342 1344//1344 1345//1345 
f 1344//1344 1346//1346 1345//1345 
f 1345//1345 1346//1346 1347//1347 
f 1346//1346 1348//1348 1347//1347 
f 1347//1347 1348//1348 1348//1348 
f 1348//1348 1349//1349 1348//1348 
f 1348//1348 1349//1349 1349//1349 
f 1349//1349 1350//1350 1349//1349 
f 1349//1349 1350//1350 1351//1351 
f 1350//1350 1352//1352 1351//1351 
f 1351//1351 1352//1352 1352//1352 
f 1352//1352 1353//1353 1352//1352 
f 1352//1352 1353//1353 1353//1353 
f 1353//1353 1354//1354 1353//1353 
f 1353//1353 1354//1354 1355//1355 
f 1354//1354 1354//1354 1355//1355 
f 1355//1355 1354//1354 1356//1356 
f 1354//1354 1354//1354 1356//1356 
f 1356//1356 1354//1354 1357//1357 
f 1354//1354 1358//1358 1357//1357 
f 1357//1357 1358//1358 1359//1359 
f 1358//1358 1360//1360 1359//1359 
f 1359//1359 1360//1360 1361//1361 
f 1360//1360 1362//1362 1361//1361 
f 1361//1361 1362//1362 1362//1362 
f 1362//1362 1354//1354 1362//1362 
f 1362//1362 1354//1354 1354//1354 
f 1354//1354 1363//1363 1354//1354 
f 1354//1354 1363//1363 1358//1358 
f 1363//1363 1364//1364 1358//1358 
f 1358//1358 1364//1364 1360//1360 
f 1364//1364 1365//1365 1360//1360 
f 1360//1360 1365//1365 1365//1365 
f 1365//1365 1366//1366 1365//1365 
f 1365//1365 1366//1366 1366//1366 
f 1366//1366 1367//1367 1366//1366 
f 1366//1366 1367//1367 1368//1368 
f 1367//1367 1367//1367 1368//1368 
f 1368//1368 1367//1367 1369//1369 
f 1367//1367 1370//1370 1369//1369 
f 1369//1369 1370//1370 1371//1371 
f 1370//1370 1372//1372 1371//1371 
f 1371//1371 1372//1372 1373//1373 
f 1372//1372 1374//1374 1373//1373 
f 1373//1373 1374//1374 1375//1375 
f 1374//1374 1376//1376 1375//1375 
f 1375//1375 1376//1376 1376//1376 
f 1376//1376 1377//1377 1376//1376 
f 1376//1376 1377//1377 1377//1377 
f 1377//1377 1378//1378 1377//1377 
f 1377//1377 1378//1378 1379//1379 
f 1378//1378 1378//1378 1379//1379 
f 1379//1379 1378//1378 1380//1380 
f 1378//1378 1378//1378 1380//1380 
f 1380//1380 1378//1378 1381//1381 
f 1378//1378 1378//1378 1381//1381 
f 1381//1381 1378//1378 1382//1382 
f 1378//1378 1378//1378 1382//1382 
f 1382//1382 1378//1378 1383//1383 
f 1378//1378 1384//1384 1383//1383 
f 1383//1383 1384//1384 1385//1385 
f 1384//1384 1386//1386 1385//1385 
f 1385//1385 1386//1386 1387//1387 
f 1386//1386 1388//1388 1387//1387 
f 1387//1387 1388//1388 1387//1387 
f 1388//1388 1389//1389 1387//1387 
f 1387//1387 1389//1389 1390//1390 
f 1389//1389 1391//1391 1390//1390 
f 1390//1390 1391//1391 1390//1390 
f 1391//1391 1392//1392 1390//1390 
f 1390//1390 1392//1392 1393//1393 
f 1392//1392 1393//1393 1393//1393 
f 1393//1393 1393//1393 1387//1387 
f 1393//1393 1387//1387 1387//1387 
f 1387//1387 1387//1387 1385//1385 
f 1387//1387 1390//1390 1385//1385 
f 1385//1385 1390//1390 1394//1394 
f 1390//1390 1394//1394 1394//1394 
f 1394//1394 1394//1394 1395//1395 
f 1394//1394 1395//1395 1395//1395 
f 1395//1395 1395//1395 1396//1396 
f 1395//1395 1397//1397 1396//1396 
f 1396//1396 1397//1397 1396//1396 
f 1397//1397 1398//1398 1396//1396 
f 1396//1396 1398//1398 1399//1399 
f 1398//1398 1400//1400 1399//1399 
f 1399//1399 1400//1400 1401//1401 
f 1400//1400 1402//1402 1401//1401 
f 1401//1401 1402//1402 1402//1402 
f 1402//1402 1403//1403 1402//1402 
f 1402//1402 1403//1403 1403//1403 
f 1403//1403 1404//1404 1403//1403 
f 1403//1403 1404//1404 1405//1405 
f 1404//1404 1406//1406 1405//1405 
f 1405//1405 1406//1406 1406//1406 
f 1406//1406 1407//1407 1406//1406 
f 1406//1406 1407//1407 1407//1407 
f 1407//1407 1408//1408 1407//1407 
f 1407//1407 1408//1408 1409//1409 
f 1408//1408 1408//1408 1409//1409 
f 1409//1409 1408//1408 1410//1410 
f 1408//1408 1408//1408 1410//1410 
f 1410//1410 1408//1408 1411//1411 
f 1408//1408 1412//1412 1411//1411 
f 1411//1411 1412//1412 1413//1413 
f 1412//1412 1414//1414 1413//1413 
f 1413//1413 1414//1414 1415//1415 
f 1414//1414 1416//1416 1415//1415 
f 1415//1415 1416//1416 1416//1416 
f 1416//1416 1408//1408 1416//1416 
f 1416//1416 1408//1408 1408//1408 
f 1408//1408 1417//1417 1408//1408 
f 1408//1408 1417//1417 1412//1412 
f 1417//1417 1418//1418 1412//1412 
f 1412//1412 1418//1418 1414//1414 
f 1418//1418 1419//1419 1414//1414 
f 1414//1414 1419//1419 1419//1419 
f 1419//1419 1420//1420 1419//1419 
f 1419//1419 1420//1420 1420//1420 
f 1420//1420 1421//1421 1420//1420 
f 1420//1420 1421//1421 1422//1422 
f 1421//1421 1421//1421 1422//1422 
f 1422//1422 1421//1421 1423//1423 
f 1421//1421 1424//1424 1423//1423 
f 1423//1423 1424//1424 1425//1425 
f 1424//1424 1426//1426 1425//1425 
f 1425//1425 1426//1426 1427//1427 
f 1426//1426 1428//1428 1427//1427 
f 1427//1427 1428//1428 1429//1429 
f 1428//1428 1430//1430 1429//1429 
f 1429//1429 1430//1430 1430//1430 
f 1430//1430 1431//1431 1430//1430 
f 1430//1430 1431//1431 1431//1431 
f 1431//1431 1432//1432 1431//1431 
f 1431//1431 1432//1432 1433//1433 
f 1432//1432 1432//1432 1433//1433 
f 1433//1433 1432//1432 1434//1434 
f 1432//1432 1432//1432 1434//1434 
f 1434//1434 1432//1432 1435//1435 
f 1432//1432 1436//1436 1435//1435 
f 1435//1435 1436//1436 1437//1437 
f 1436//1436 1438//1438 1437//1437 
f 1437//1437 1438//1438 1439//1439 
f 1438//1438 1440//1440 1439//1439 
f 1439//1439 1440//1440 1441//1441 
f 1440//1440 1441//1441 1441//1441 
f 1441//1441 1441//1441 1442//1442 
f 1441//1441 1442//1442 1442//1442 
f 1442//1442 1442//1442 1443//1443 
f 1442//1442 1444//1444 1443//1443 
f 1443//1443 1444//1444 1443//1443 
f 1444//1444 1445//1445 1443//1443 
f 1443//1443 1445//1445 1446//1446 
f 1445//1445 1447//1447 1446//1446 
f 1446//1446 1447//1447 1448//1448 
f 1447//1447 1449//1449 1448//1448 
f 1448//1448 1449//1449 1450//1450 
f 1449//1449 1451//1451 1450//1450 
f 1450//1450 1451//1451 1451//1451 
f 1451//1451 1452//1452 1451//1451 
f 1451//1451 1452//1452 1452//1452 
f 1452//1452 1453//1453 1452//1452 
f 1452//1452 1453//1453 1454//1454 
f 1453//1453 1453//1453 1454//1454 
f 1454//1454 1453//1453 1455//1455 
f 1453//1453 1453//1453 1455//1455 
f 1455//1455 1453//1453 1456//1456 
f 1453//1453 1457//1457 1456//1456 
f 1456//1456 1457//1457 1458//1458 
f 1457//1457 1459//1459 1458//1458 
f 1458//1458 1459//1459 1460//1460 
f 1459//1459 1461//1461 1460//1460 
f 1460//1460 1461//1461 1461//1461 
f 1461//1461 1460//1460 1461//1461 
f 1461//1461 1460//1460 1460//1460 
f 1460//1460 1462//1462 1460//1460 
f 1460//1460 1462//1462 1458//1458 
f 1462//1462 1463//1463 1458//1458 
f 1458//1458 1463//1463 1463//1463 
f 1463//1463 1464//1464 1463//1463 
f 1463//1463 1464//1464 1464//1464 
f 1464//1464 1465//1465 1464//1464 
f 1464//1464 1465//1465 1466//1466 
f 1465//1465 1467//1467 1466//1466 
f 1466//1466 1467//1467 1468//1468 
f 1467//1467 1467//1467 1468//1468 
f 1468//1468 1467//1467 1469//1469 
f 1467//1467 1470//1470 1469//1469 
f 1469//1469 1470//1470 1471//1471 
f 1470//1470 1472//1472 1471//1471 
f 1471//1471 1472//1472 1473//1473 
f 1472//1472 1474//1474 1473//1473 
f 1473//1473 1474//1474 1475//1475 
f 1474//1474 1475//1475 1475//1475 
f 1475//1475 1475//1475 1466//1466 
f 1475//1475 1466//1466 1466//1466 
f 1466//1466 1466//1466 1476//1476 
f 1466//1466 1468//1468 1476//1476 
f 1476//1476 1468//1468 1468//1468 
f 1468//1468 1467//1467 1468//1468 
f 1468//1468 1467//1467 1467//1467 
f 1467//1467 1465//1465 1467//1467 
f 1467//1467 1465//1465 1470//1470 
f 1465//1465 1477//1477 1470//1470 
f 1470//1470 1477//1477 1472//1472 
f 1477//1477 1478//1478 1472//1472 
f 1472//1472 1478//1478 1478//1478 
f 1478//1478 1479//1479 1478//1478 
f 1478//1478 1479//1479 1479//1479 
f 1479//1479 1480//1480 1479//1479 
f 1479//1479 1480//1480 1481//1481 
f 1480//1480 1482//1482 1481//1481 
f 1481//1481 1482//1482 1481//1481 
f 1482//1482 1483//1483 1481//1481 
f 1481//1481 1483//1483 1484//1484 
f 1483//1483 1484//1484 1484//1484 
f 1484//1484 1484//1484 1485//1485 
f 1484//1484 1485//1485 1485//1485 
f 1485//1485 1485//1485 1486//1486 
f 1485//1485 1487//1487 1486//1486 
f 1486//1486 1487//1487 1488//1488 
f 1487//1487 1489//1489 1488//1488 
f 1488//1488 1489//1489 1488//1488 
f 1489//1489 1490//1490 1488//1488 
f 1488//1488 1490//1490 1491//1491 
f 1490//1490 1492//1492 1491//1491 
f 1491//1491 1492//1492 1493//1493 
f 1492//1492 1494//1494 1493//1493 
f 1493//1493 1494//1494 1495//1495 
f 1494//1494 1496//1496 1495//1495 
f 1495//1495 1496//1496 1496//1496 
f 1496//1496 1497//1497 1496//1496 
f 1496//1496 1497//1497 1497//1497 
f 1497//1497 1498//1498 1497//1497 
f 1497//1497 1498//1498 1499//1499 
f 1498//1498 1500//1500 1499//1499 
f 1499//1499 1500//1500 1501//1501 
f 1500//1500 1502//1502 1501//1501 
f 1501//1501 1502//1502 1503//1503 
f 1502//1502 1504//1504 1503//1503 
f 1503//1503 1504//1504 1505//1505 
f 1504//1504 1506//1506 1505//1505 
f 1505//1505 1506//1506 1506//1506 
f 1506//1506 1507//1507 1506//1506 
f 1506//1506 1507//1507 1507//1507 
f 1507//1507 1508//1508 1507//1507 
f 1507//1507 1508//1508 1509//1509 
f 1508//1508 1510//1510 1509//1509 
f 1509//1509 1510//1510 1510//1510 
f 1510//1510 1511//1511 1510//1510 
f 1510//1510 1511//1511 1511//1511 
f 1511//1511 1512//1512 1511//1511 
f 1511//1511 1512//1512 1513//1513 
f 1512//1512 1514//1514 1513//1513 
f 1513//1513 1514//1514 1515//1515 
f 1514//1514 1516//1516 1515//1515 
f 1515//1515 1516//1516 1516//1516 
f 1516//1516 1517//1517 1516//1516 
f 1516//1516 1517//1517 1517//1517 
f 1517//1517 1518//1518 1517//1517 
f 1517//1517 1518//1518 1519//1519 
f 1518//1518 1520//1520 1519//1519 
f 1519//1519 1520//1520 1520//1520 
f 1520//1520 1521//1521 1520//1520 
f 1520//1520 1521//1521 1521//1521 
f 1521//1521 1522//1522 1521//1521 
f 1521//1521 1522//1522 1523//1523 
f 1522//1522 1524//1524 1523//1523 
f 1523//1523 1524//1524 1525//1525 
f 1524//1524 1526//1526 1525//1525 
f 1525//1525 1526//1526 1526//1526 
f 1526//1526 1527//1527 1526//1526 
f 1526//1526 1527//1527 1527//1527 
f 1527//1527 1528//1528 1527//1527 
f 1527//1527 1528//1528 1529//1529 
f 1528//1528 1528//1528 1529//1529 
f 1529//1529 1528//1528 1530//1530 
f 1528//1528 1531//1531 1530//1530 
f 1530//1530 1531//1531 1530//1530 
f 1531//1531 1532//1532 1530//1530 
f 1530//1530 1532//1532 1533//1533 
f 1532//1532 1534//1534 1533//1533 
f 1533//1533 1534//1534 1535//1535 
f 1534//1534 1536//1536 1535//1535 
f 1535//1535 1536//1536 1536//1536 
f 1536//1536 1537//1537 1536//1536 
f 1536//1536 1537//1537 1537//1537 
f 1537//1537 1538//1538 1537//1537 
f 1537//1537 1538//1538 1539//1539 
f 1538//1538 1540//1540 1539//1539 
f 1539//1539 1540//1540 1540//1540 
f 1540//1540 1541//1541 1540//1540 
f 1540//1540 1541//1541 1541//1541 
f 1541//1541 1542//1542 1541//1541 
f 1541//1541 1542//1542 1543//1543 
f 1542//1542 1542//1542 1543//1543 
f 1543//1543 1542//1542 1544//1544 
f 1542//1542 1542//1542 1544//1544 
f 1544//1544 1542//1542 1545//1545 
f 1542//1542 1546//1546 1545//1545 
f 1545//1545 1546//1546 1546//1546 
f 1546//1546 1547//1547 1546//1546 
f 1546//1546 1547//1547 1547//1547 
f 1547//1547 1548//1548 1547//1547 
f 1547//1547 1548//1548 1549//1549 
f 1548//1548 1550//1550 1549//1549 
f 1549//1549 1550//1550 1551//1551 
f 1550//1550 1552//1552 1551//1551 
f 1551//1551 1552//1552 1552//1552 
f 1552//1552 1553//1553 1552//1552 
f 1552//1552 1553//1553 1553//1553 
f 1553//1553 1554//1554 1553//1553 
f 1553//1553 1554//1554 1555//1555 
f 1554//1554 1556//1556 1555//1555 
f 1555//1555 1556//1556 1555//1555 
f 1556//1556 1557//1557 1555//1555 
f 1555//1555 1557//1557 1558//1558 
f 1557//1557 1558//1558 1558//1558 
f 1558//1558 1558//1558 1559//1559 
f 1558//1558 1559//1559 1559//1559 
f 1559//1559 1559//1559 1560//1560 
f 1559//1559 1561//1561 1560//1560 
f 1560//1560 1561//1561 1562//1562 
f 1561//1561 1562//1562 1562//1562 
f 1562//1562 1562//1562 1563//1563 
f 1562//1562 1563//1563 1563//1563 
f 1563//1563 1563//1563 1564//1564 
f 1563//1563 1565//1565 1564//1564 
f 1564//1564 1565//1565 1564//1564 
f 1565//1565 1566//1566 1564//1564 
f 1564//1564 1566//1566 1567//1567 
f 1566//1566 1566//1566 1567//1567 
f 1567//1567 1566//1566 1568//1568 
f 1566//1566 1569//1569 1568//1568 
f 1568//1568 1569//1569 1570//1570 
f 1569//1569 1570//1570 1570//1570 
f 1570//1570 1570//1570 1571//1571 
f 1570//1570 1571//1571 1571//1571 
f 1571//1571 1571//1571 1572//1572 
f 1571//1571 1573//1573 1572//1572 
f 1572//1572 1573//1573 1574//1574 
f 1573//1573 1575//1575 1574//1574 
f 1574//1574 1575//1575 1574//1574 
f 1575//1575 1576//1576 1574//1574 
f 1574//1574 1576//1576 1577//1577 
f 1576//1576 1578//1578 1577//1577 
f 1577//1577 1578//1578 1578//1578 
f 1578//1578 1579//1579 1578//1578 
f 1578//1578 1579//1579 1579//1579 
f 1579//1579 1580//1580 1579//1579 
f 1579//1579 1580//1580 1581//1581 
f 1580//1580 1582//1582 1581//1581 
f 1581//1581 1582//1582 1582//1582 
f 1582//1582 1583//1583 1582//1582 
f 1582//1582 1583//1583 1583//1583 
f 1583//1583 1584//1584 1583//1583 
f 1583//1583 1584//1584 1585//1585 
f 1584//1584 1586//1586 1585//1585 
f 1585//1585 1586//1586 1586//1586 
f 1586//1586 1587//1587 1586//1586 
f 1586//1586 1587//1587 1587//1587 
f 1587//1587 1588//1588 1587//1587 
f 1587//1587 1588//1588 1589//1589 
f 1588//1588 1590//1590 1589//1589 
f 1589//1589 1590//1590 1590//1590 
f 1590//1590 1591//1591 1590//1590 
f 1590//1590 1591//1591 1591//1591 
f 1591//1591 1592//1592 1591//1591 
f 1591//1591 1592//1592 1593//1593 
f 1592//1592 1594//1594 1593//1593 
f 1593//1593 1594//1594 1594//1594 
f 1594//1594 1595//1595 1594//1594 
f 1594//1594 1595//1595 1595//1595 
f 1595//1595 1596//1596 1595//1595 
f 1595//1595 1596//1596 1597//1597 
f 1596//1596 1596//1596 1597//1597 
f 1597//1597 1596//1596 1598//1598 
f 1596//1596 1599//1599 1598//1598 
f 1598//1598 1599//1599 1598//1598 
f 1599//1599 1600//1600 1598//1598 
f 1598//1598 1600//1600 1601//1601 
f 1600//1600 1602//1602 1601//1601 
f 1601//1601 1602//1602 1603//1603 
f 1602//1602 1604//1604 1603//1603 
f 1603//1603 1604//1604 1605//1605 
f 1604//1604 1606//1606 1605//1605 
f 1605//1605 1606//1606 1606//1606 
f 1606//1606 1607//1607 1606//1606 
f 1606//1606 1607//1607 1607//1607 
f 1607//1607 1608//1608 1607//1607 
f 1607//1607 1608//1608 1609//1609 
f 1608//1608 1610//1610 1609//1609 
f 1609//1609 1610//1610 1611//1611 
f 1610//1610 1612//1612 1611//1611 
f 1611//1611 1612//1612 1612//1612 
f 1612//1612 1613//1613 1612//1612 
f 1612//1612 1613//1613 1613//1613 
f 1613//1613 1614//1614 1613//1613 
f 1613//1613 1614//1614 1615//1615 
f 1614//1614 1616//1616 1615//1615 
f 1615//1615 1616//1616 1617//1617 
f 1616//1616 1618//1618 1617//1617 
f 1617//1617 1618//1618 1618//1618 
f 1618//1618 1619//1619 1618//1618 
f 1618//1618 1619//1619 1619//1619 
f 1619//1619 1620//1620 1619//1619 
f 1619//1619 1620//1620 1621//1621 
f 1620//1620 1622//1622 1621//1621 
f 1621//1621 1622//1622 1623//1623 
f 1622//1622 1624//1624 1623//1623 
f 1623//1623 1624//1624 1625//1625 
f 1624//1624 1626//1626 1625//1625 
f 1625//1625 1626//1626 1627//1627 
f 1626//1626 1628//1628 1627//1627 
f 1627//1627 1628//1628 1628//1628 
f 1628//1628 1629//1629 1628//1628 
f 1628//1628 1629//1629 1629//1629 
f 1629//1629 1630//1630 1629//1629 
f 1629//1629 1630//1630 1631//1631 
f 1630//1630 1632//1632 1631//1631 
f 1631//1631 1632//1632 1633//1633 
f 1632//1632 1634//1634 1633//1633 
f 1633//1633 1634//1634 1634//1634 
f 1634//1634 1635//1635 1634//1634 
f 1634//1634 1635//1635 1635//1635 
f 1635//1635 1636//1636 1635//1635 
f 1635//1635 1636//1636 1637//1637 
f 1636//1636 1638//1638 1637//1637 
f 1637//1637 1638//1638 1639//1639 
f 1638//1638 1640//1640 1639//1639 
f 1639//1639 1640//1640 1640//1640 
f 1640//1640 1641//1641 1640//1640 
f 1640//1640 1641//1641 1641//1641 
f 1641//1641 1642//1642 1641//1641 
f 1641//1641 1642//1642 1643//1643 
f 1642//1642 1642//1642 1643//1643 
f 1643//1643 1642//1642 1644//1644 
f 1642//1642 1645//1645 1644//1644 
f 1644//1644 1645//1645 1646//1646 
f 1645//1645 1646//1646 1646//1646 
f 1646//1646 1646//1646 1647//1647 
f 1646//1646 1647//1647 1647//1647 
f 1647//1647 1647//1647 1648//1648 
f 1647//1647 1649//1649 1648//1648 
f 1648//1648 1649//1649 1650//1650 
f 1649//1649 1651//1651 1650//1650 
f 1650//1650 1651//1651 1652//1652 
f 1651//1651 1653//1653 1652//1652 
f 1652//1652 1653//1653 1654//1654 
f 1653//1653 1654//1654 1654//1654 
f 1654//1654 1654//1654 1655//1655 
f 1654//1654 1655//1655 1655//1655 
f 1655//1655 1655//1655 1656//1656 
f 1655//1655 1657//1657 1656//1656 
f 1656//1656 1657//1657 1658//1658 
f 1657//1657 1658//1658 1658//1658 
f 1658//1658 1658//1658 1659//1659 
f 1658//1658 1659//1659 1659//1659 
f 1659//1659 1659//1659 1660//1660 
f 1659//1659 1661//1661 1660//1660 
f 1660//1660 1661//1661 1660//1660 
f 1661//1661 1662//1662 1660//1660 
f 1660//1660 1662//1662 1660//1660 
f 1662//1662 1663//1663 1660//1660 
f 1660//1660 1663//1663 1664//1664 
f 1663//1663 1663//1663 1664//1664 
f 1664//1664 1663//1663 1665//1665 
f 1663//1663 1666//1666 1665//1665 
f 1665//1665 1666//1666 1667//1667 
f 1666//1666 1668//1668 1667//1667 
f 1667//1667 1668//1668 1668//1668 
f 1668//1668 1665//1665 1668//1668 
f 1668//1668 1665//1665 1665//1665 
f 1665//1665 1667//1667 1665//1665 
f 1665//1665 1667//1667 1669//1669 
f 1667//1667 1667//1667 1669//1669 
f 1669//1669 1667//1667 1670//1670 
f 1667//1667 1671//1671 1670//1670 
f 1670//1670 1671//1671 1672//1672 
f 1671//1671 1672//1672 1672//1672 
f 1672//1672 1672//1672 1673//1673 
f 1672//1672 1673//1673 1673//1673 
f 1673//1673 1673//1673 1674//1674 
f 1673//1673 1675//1675 1674//1674 
f 1674//1674 1675//1675 1674//1674 
f 1675//1675 1676//1676 1674//1674 
f 1674//1674 1676//1676 1677//1677 
f 1676//1676 1677//1677 1677//1677 
f 1677//1677 1677//1677 1678//1678 
f 1677//1677 1678//1678 1678//1678 
f 1678//1678 1678//1678 1679//1679 
f 1678//1678 1680//1680 1679//1679 
f 1679//1679 1680//1680 1679//1679 
f 1680//1680 1681//1681 1679//1679 
f 1679//1679 1681//1681 1682//1682 
f 1681//1681 1683//1683 1682//1682 
f 1682//1682 1683//1683 1684//1684 
f 1683//1683 1685//1685 1684//1684 
f 1684//1684 1685//1685 1686//1686 
f 1685//1685 1687//1687 1686//1686 
f 1686//1686 1687//1687 1686//1686 
f 1687//1687 1688//1688 1686//1686 
f 1686//1686 1688//1688 1689//1689 
f 1688//1688 1689//1689 1689//1689 
f 1689//1689 1689//1689 1679//1679 
f 1689//1689 1679//1679 1679//1679 
f 1679//1679 1679//1679 1690//1690 
f 1679//1679 1682//1682 1690//1690 
f 1690//1690 1682//1682 1691//1691 
f 1682//1682 1692//1692 1691//1691 
f 1691//1691 1692//1692 1691//1691 
f 1692//1692 1693//1693 1691//1691 
f 1691//1691 1693//1693 1694//1694 
f 1693//1693 1694//1694 1694//1694 
f 1694//1694 1694//1694 1695//1695 
f 1694//1694 1695//1695 1695//1695 
f 1695//1695 1695//1695 1696//1696 
f 1695//1695 1697//1697 1696//1696 
f 1696//1696 1697//1697 1698//1698 
f 1697//1697 1698//1698 1698//1698 
f 1698//1698 1698//1698 1699//1699 
f 1698//1698 1699//1699 1699//1699 
f 1699//1699 1699//1699 1700//1700 
f 1699//1699 1701//1701 1700//1700 
f 1700//1700 1701//1701 1702//1702 
f 1701//1701 1701//1701 1702//1702 
f 1702//1702 1701//1701 1703//1703 
f 1701//1701 1704//1704 1703//1703 
f 1703//1703 1704//1704 1703//1703 
f 1704//1704 1705//1705 1703//1703 
f 1703//1703 1705//1705 1706//1706 
f 1705//1705 1707//1707 1706//1706 
f 1706//1706 1707//1707 1708//1708 
f 1707//1707 1708//1708 1708//1708 
f 1708//1708 1708//1708 1709//1709 
f 1708//1708 1709//1709 1709//1709 
f 1709//1709 1709//1709 1710//1710 
f 1709//1709 1711//1711 1710//1710 
f 1710//1710 1711//1711 1711//1711 
f 1711//1711 1712//1712 1711//1711 
f 1711//1711 1712//1712 1712//1712 
f 1712//1712 1713//1713 1712//1712 
f 1712//1712 1713//1713 1714//1714 
f 1713//1713 1715//1715 1714//1714 
f 1714//1714 1715//1715 1716//1716 
f 1715//1715 1716//1716 1716//1716 
f 1716//1716 1716//1716 1713//1713 
f 1716//1716 1713//1713 1713//1713 
f 1713//1713 1713//1713 1715//1715 
f 1713//1713 1717//1717 1715//1715 
f 1715//1715 1717//1717 1715//1715 
f 1717//1717 1718//1718 1715//1715 
f 1715//1715 1718//1718 1715//1715 
f 1718//1718 1719//1719 1715//1715 
f 1715//1715 1719//1719 1720//1720 
f 1719//1719 1721//1721 1720//1720 
f 1720//1720 1721//1721 1722//1722 
f 1721//1721 1723//1723 1722//1722 
f 1722//1722 1723//1723 1715//1715 
f 1723//1723 1716//1716 1715//1715 
f 1715//1715 1716//1716 1716//1716 
f 1716//1716 1724//1724 1716//1716 
f 1716//1716 1724//1724 1724//1724 
f 1724//1724 1725//1725 1724//1724 
f 1724//1724 1725//1725 1726//1726 
f 1725//1725 1727//1727 1726//1726 
f 1726//1726 1727//1727 1726//1726 
f 1727//1727 1728//1728 1726//1726 
f 1726//1726 1728//1728 1729//1729 
f 1728//1728 1730//1730 1729//1729 
f 1729//1729 1730//1730 1731//1731 
f 1730//1730 1732//1732 1731//1731 
f 1731//1731 1732//1732 1733//1733 
f 1732//1732 1734//1734 1733//1733 
f 1733//1733 1734//1734 1735//1735 
f 1734//1734 1734//1734 1735//1735 
f 1735//1735 1734//1734 1736//1736 
f 1734//1734 1737//1737 1736//1736 
f 1736//1736 1737//1737 1737//1737 
f 1737//1737 1724//1724 1737//1737 
f 1737//1737 1724//1724 1724//1724 
f 1724//1724 1726//1726 1724//1724 
f 1724//1724 1726//1726 1738//1738 
f 1726//1726 1739//1739 1738//1738 
f 1738//1738 1739//1739 1740//1740 
f 1739//1739 1741//1741 1740//1740 
f 1740//1740 1741//1741 1740//1740 
f 1741//1741 1742//1742 1740//1740 
f 1740//1740 1742//1742 1743//1743 
f 1742//1742 1742//1742 1743//1743 
f 1743//1743 1742//1742 1744//1744 
f 1742//1742 1745//1745 1744//1744 
f 1744//1744 1745//1745 1746//1746 
f 1745//1745 1746//1746 1746//1746 
f 1746//1746 1746//1746 1747//1747 
f 1746//1746 1747//1747 1747//1747 
f 1747//1747 1747//1747 1748//1748 
f 1747//1747 1749//1749 1748//1748 
f 1748//1748 1749//1749 1750//1750 
f 1749//1749 1750//1750 1750//1750 
f 1750//1750 1750//1750 1751//1751 
f 1750//1750 1751//1751 1751//1751 
f 1751//1751 1751//1751 1752//1752 
f 1751//1751 1753//1753 1752//1752 
f 1752//1752 1753//1753 1752//1752 
f 1753//1753 1754//1754 1752//1752 
f 1752//1752 1754//1754 1755//1755 
f 1754//1754 1756//1756 1755//1755 
f 1755//1755 1756//1756 1755//1755 
f 1756//1756 1757//1757 1755//1755 
f 1755//1755 1757//1757 1755//1755 
f 1757//1757 1758//1758 1755//1755 
f 1755//1755 1758//1758 1759//1759 
f 1758//1758 1758//1758 1759//1759 
f 1759//1759 1758//1758 1760//1760 
f 1758//1758 1761//1761 1760//1760 
f 1760//1760 1761//1761 1762//1762 
f 1761//1761 1763//1763 1762//1762 
f 1762//1762 1763//1763 1762//1762 
f 1763//1763 1764//1764 1762//1762 
f 1762//1762 1764//1764 1765//1765 
f 1764//1764 1766//1766 1765//1765 
f 1765//1765 1766//1766 1766//1766 
f 1766//1766 1752//1752 1766//1766 
f 1766//1766 1752//1752 1752//1752 
f 1752//1752 1767//1767 1752//1752 
f 1752//1752 1767//1767 1751//1751 
f 1767//1767 1767//1767 1751//1751 
f 1751//1751 1767//1767 1768//1768 
f 1767//1767 1769//1769 1768//1768 
f 1768//1768 1769//1769 1770//1770 
f 1769//1769 1771//1771 1770//1770 
f 1770//1770 1771//1771 1772//1772 
f 1771//1771 1773//1773 1772//1772 
f 1772//1772 1773//1773 1773//1773 
f 1773//1773 1774//1774 1773//1773 
f 1773//1773 1774//1774 1774//1774 
f 1774//1774 1775//1775 1774//1774 
f 1774//1774 1775//1775 1776//1776 
f 1775//1775 1777//1777 1776//1776 
f 1776//1776 1777//1777 1778//1778 
f 1777//1777 1778//1778 1778//1778 
f 1778//1778 1778//1778 1775//1775 
f 1778//1778 1775//1775 1775//1775 
f 1775//1775 1775//1775 1777//1777 
f 1775//1775 1779//1779 1777//1777 
f 1777//1777 1779//1779 1777//1777 
f 1779//1779 1780//1780 1777//1777 
f 1777//1777 1780//1780 1777//1777 
f 1780//1780 1781//1781 1777//1777 
f 1777//1777 1781//1781 1782//1782 
f 1781//1781 1783//1783 1782//1782 
f 1782//1782 1783//1783 1784//1784 
f 1783//1783 1785//1785 1784//1784 
f 1784//1784 1785//1785 1777//1777 
f 1785//1785 1778//1778 1777//1777 
f 1777//1777 1778//1778 1778//1778 
f 1778//1778 1786//1786 1778//1778 
f 1778//1778 1786//1786 1786//1786 
f 1786//1786 1787//1787 1786//1786 
f 1786//1786 1787//1787 1788//1788 
f 1787//1787 1789//1789 1788//1788 
f 1788//1788 1789//1789 1788//1788 
f 1789//1789 1790//1790 1788//1788 
f 1788//1788 1790//1790 1791//1791 
f 1790//1790 1790//1790 1791//1791 
f 1791//1791 1790//1790 1792//1792 
f 1790//1790 1793//1793 1792//1792 
f 1792//1792 1793//1793 1794//1794 
f 1793//1793 1795//1795 1794//1794 
f 1794//1794 1795//1795 1794//1794 
f 1795//1795 1796//1796 1794//1794 
f 1794//1794 1796//1796 1797//1797 
f 1796//1796 1798//1798 1797//1797 
f 1797//1797 1798//1798 1797//1797 
f 1798//1798 1799//1799 1797//1797 
f 1797//1797 1799//1799 1800//1800 
f 1799//1799 1801//1801 1800//1800 
f 1800//1800 1801//1801 1802//1802 
f 1801//1801 1801//1801 1802//1802 
f 1802//1802 1801//1801 1803//1803 
f 1801//1801 1804//1804 1803//1803 
f 1803//1803 1804//1804 1803//1803 
f 1804//1804 1805//1805 1803//1803 
f 1803//1803 1805//1805 1806//1806 
f 1805//1805 1807//1807 1806//1806 
f 1806//1806 1807//1807 1807//1807 
f 1807//1807 1808//1808 1807//1807 
f 1807//1807 1808//1808 1808//1808 
f 1808//1808 1809//1809 1808//1808 
f 1808//1808 1809//1809 1810//1810 
f 1809//1809 1811//1811 1810//1810 
f 1810//1810 1811//1811 1812//1812 
f 1811//1811 1813//1813 1812//1812 
f 1812//1812 1813//1813 1814//1814 
f 1813//1813 1815//1815 1814//1814 
f 1814//1814 1815//1815 1815//1815 
f 1815//1815 1810//1810 1815//1815 
f 1815//1815 1810//1810 1810//1810 
f 1810//1810 1812//1812 1810//1810 
f 1810//1810 1812//1812 1816//1816 
f 1812//1812 1812//1812 1816//1816 
f 1816//1816 1812//1812 1817//1817 
f 1812//1812 1818//1818 1817//1817 
f 1817//1817 1818//1818 1818//1818 
f 1818//1818 1819//1819 1818//1818 
f 1818//1818 1819//1819 1819//1819 
f 1819//1819 1820//1820 1819//1819 
f 1819//1819 1820//1820 1821//1821 
f 1820//1820 1822//1822 1821//1821 
f 1821//1821 1822//1822 1821//1821 
f 1822//1822 1823//1823 1821//1821 
f 1821//1821 1823//1823 1824//1824 
f 1823//1823 1824//1824 1824//1824 
f 1824//1824 1824//1824 1825//1825 
f 1824//1824 1825//1825 1825//1825 
f 1825//1825 1825//1825 1826//1826 
f 1825//1825 1827//1827 1826//1826 
f 1826//1826 1827//1827 1826//1826 
f 1827//1827 1828//1828 1826//1826 
f 1826//1826 1828//1828 1829//1829 
f 1828//1828 1830//1830 1829//1829 
f 1829//1829 1830//1830 1830//1830 
f 1830//1830 1831//1831 1830//1830 
f 1830//1830 1831//1831 1831//1831 
f 1831//1831 1832//1832 1831//1831 
f 1831//1831 1832//1832 1833//1833 
f 1832//1832 1832//1832 1833//1833 
f 1833//1833 1832//1832 1834//1834 
f 1832//1832 1835//1835 1834//1834 
f 1834//1834 1835//1835 1836//1836 
f 1835//1835 1836//1836 1836//1836 
f 1836//1836 1836//1836 1837//1837 
f 1836//1836 1837//1837 1837//1837 
f 1837//1837 1837//1837 1838//1838 
f 1837//1837 1839//1839 1838//1838 
f 1838//1838 1839//1839 1838//1838 
f 1839//1839 1840//1840 1838//1838 
f 1838//1838 1840//1840 1841//1841 
f 1840//1840 1842//1842 1841//1841 
f 1841//1841 1842//1842 1843//1843 
f 1842//1842 1844//1844 1843//1843 
f 1843//1843 1844//1844 1845//1845 
f 1844//1844 1846//1846 1845//1845 
f 1845//1845 1846//1846 1846//1846 
f 1846//1846 1838//1838 1846//1846 
f 1846//1846 1838//1838 1838//1838 
f 1838//1838 1841//1841 1838//1838 
f 1838//1838 1841//1841 1847//1847 
f 1841//1841 1841//1841 1847//1847 
f 1847//1847 1841//1841 1848//1848 
f 1841//1841 1849//1849 1848//1848 
f 1848//1848 1849//1849 1848//1848 
f 1849//1849 1850//1850 1848//1848 
f 1848//1848 1850//1850 1851//1851 
f 1850//1850 1851//1851 1851//1851 
f 1851//1851 1851//1851 1852//1852 
f 1851//1851 1852//1852 1852//1852 
f 1852//1852 1852//1852 1853//1853 
f 1852//1852 1854//1854 1853//1853 
f 1853//1853 1854//1854 1855//1855 
f 1854//1854 1855//1855 1855//1855 
f 1855//1855 1855//1855 1856//1856 
f 1855//1855 1856//1856 1856//1856 
f 1856//1856 1856//1856 1857//1857 
f 1856//1856 1858//1858 1857//1857 
f 1857//1857 1858//1858 1857//1857 
f 1858//1858 1859//1859 1857//1857 
f 1857//1857 1859//1859 1860//1860 
f 1859//1859 1861//1861 1860//1860 
f 1860//1860 1861//1861 1861//1861 
f 1861//1861 1862//1862 1861//1861 
f 1861//1861 1862//1862 1862//1862 
f 1862//1862 1863//1863 1862//1862 
f 1862//1862 1863//1863 1864//1864 
f 1863//1863 1865//1865 1864//1864 
f 1864//1864 1865//1865 1865//1865 
f 1865//1865 1866//1866 1865//1865 
f 1865//1865 1866//1866 1866//1866 
f 1866//1866 1867//1867 1866//1866 
f 1866//1866 1867//1867 1868//1868 
f 1867//1867 1869//1869 1868//1868 
f 1868//1868 1869//1869 1870//1870 
f 1869//1869 1869//1869 1870//1870 
f 1870//1870 1869//1869 1871//1871 
f 1869//1869 1872//1872 1871//1871 
f 1871//1871 1872//1872 1873//1873 
f 1872//1872 1873//1873 1873//1873 
f 1873//1873 1873//1873 1867//1867 
f 1873//1873 1867//1867 1867//1867 
f 1867//1867 1867//1867 1869//1869 
f 1867//1867 1874//1874 1869//1869 
f 1869//1869 1874//1874 1872//1872 
f 1874//1874 1872//1872 1872//1872 
f 1872//1872 1872//1872 1875//1875 
f 1872//1872 1875//1875 1875//1875 
f 1875//1875 1875//1875 1876//1876 
f 1875//1875 1877//1877 1876//1876 
f 1876//1876 1877//1877 1876//1876 
f 1877//1877 1878//1878 1876//1876 
f 1876//1876 1878//1878 1879//1879 
f 1878//1878 1880//1880 1879//1879 
f 1879//1879 1880//1880 1879//1879 
f 1880//1880 1881//1881 1879//1879 
f 1879//1879 1881//1881 1879//1879 
f 1881//1881 1882//1882 1879//1879 
f 1879//1879 1882//1882 1883//1883 
f 1882//1882 1882//1882 1883//1883 
f 1883//1883 1882//1882 1884//1884 
f 1882//1882 1885//1885 1884//1884 
f 1884//1884 1885//1885 1886//1886 
f 1885//1885 1885//1885 1886//1886 
f 1886//1886 1885//1885 1887//1887 
f 1885//1885 1885//1885 1887//1887 
f 1887//1887 1885//1885 1888//1888 
f 1885//1885 1889//1889 1888//1888 
f 1888//1888 1889//1889 1888//1888 
f 1889//1889 1890//1890 1888//1888 
f 1888//1888 1890//1890 1891//1891 
f 1890//1890 1892//1892 1891//1891 
f 1891//1891 1892//1892 1893//1893 
f 1892//1892 1892//1892 1893//1893 
f 1893//1893 1892//1892 1894//1894 
f 1892//1892 1895//1895 1894//1894 
f 1894//1894 1895//1895 1896//1896 
f 1895//1895 1896//1896 1896//1896 
f 1896//1896 1896//1896 1897//1897 
f 1896//1896 1897//1897 1897//1897 
f 1897//1897 1897//1897 1898//1898 
f 1897//1897 1899//1899 1898//1898 
f 1898//1898 1899//1899 1900//1900 
f 1899//1899 1901//1901 1900//1900 
f 1900//1900 1901//1901 1902//1902 
f 1901//1901 1903//1903 1902//1902 
f 1902//1902 1903//1903 1904//1904 
f 1903//1903 1905//1905 1904//1904 
f 1904//1904 1905//1905 1906//1906 
f 1905//1905 1907//1907 1906//1906 
f 1906//1906 1907//1907 1908//1908 
f 1907//1907 1909//1909 1908//1908 
f 1908//1908 1909//1909 1910//1910 
f 1909//1909 1911//1911 1910//1910 
f 1910//1910 1911//1911 1912//1912 
f 1911//1911 1913//1913 1912//1912 
f 1912//1912 1913//1913 1914//1914 
f 1913//1913 1915//1915 1914//1914 
f 1914//1914 1915//1915 1916//1916 
f 1915//1915 1917//1917 1916//1916 
f 1916//1916 1917//1917 1918//1918 
f 1917//1917 1919//1919 1918//1918 
f 1918//1918 1919//1919 1919//1919 
f 1919//1919 1898//1898 1919//1919 
f 1919//1919 1898//1898 1898//1898 
f 1898//1898 1920//1920 1898//1898 
f 1898//1898 1920//1920 1897//1897 
f 1920//1920 1897//1897 1897//1897 
f 1897//1897 1897//1897 1921//1921 
f 1897//1897 1921//1921 1921//1921 
f 1921//1921 1921//1921 1922//1922 
f 1921//1921 1923//1923 1922//1922 
f 1922//1922 1923//1923 1924//1924 
f 1923//1923 1925//1925 1924//1924 
f 1924//1924 1925//1925 1926//1926 
f 1925//1925 1927//1927 1926//1926 
f 1926//1926 1927//1927 1928//1928 
f 1927//1927 1929//1929 1928//1928 
f 1928//1928 1929//1929 1930//1930 
f 1929//1929 1931//1931 1930//1930 
f 1930//1930 1931//1931 1932//1932 
f 1931//1931 1933//1933 1932//1932 
f 1932//1932 1933//1933 1934//1934 
f 1933//1933 1935//1935 1934//1934 
f 1934//1934 1935//1935 1936//1936 
f 1935//1935 1935//1935 1936//1936 
f 1936//1936 1935//1935 1937//1937 
f 1935//1935 1938//1938 1937//1937 
f 1937//1937 1938//1938 1939//1939 
f 1938//1938 1940//1940 1939//1939 
f 1939//1939 1940//1940 1939//1939 
f 1940//1940 1941//1941 1939//1939 
f 1939//1939 1941//1941 1942//1942 
f 1941//1941 1942//1942 1942//1942 
f 1942//1942 1942//1942 1943//1943 
f 1942//1942 1943//1943 1943//1943 
f 1943//1943 1943//1943 1944//1944 
f 1943//1943 1945//1945 1944//1944 
f 1944//1944 1945//1945 1946//1946 
f 1945//1945 1945//1945 1946//1946 
f 1946//1946 1945//1945 1947//1947 
f 1945//1945 1945//1945 1947//1947 
f 1947//1947 1945//1945 1948//1948 
f 1945//1945 1945//1945 1948//1948 
f 1948//1948 1945//1945 1949//1949 
f 1945//1945 1945//1945 1949//1949 
f 1949//1949 1945//1945 1950//1950 
f 1945//1945 1945//1945 1950//1950 
f 1950//1950 1945//1945 1951//1951 
f 1945//1945 1945//1945 1951//1951 
f 1951//1951 1945//1945 1952//1952 
f 1945//1945 1945//1945 1952//1952 
f 1952//1952 1945//1945 1953//1953 
f 1945//1945 1943//1943 1953//1953 
f 1953//1953 1943//1943 1953//1953 
f 1943//1943 1954//1954 1953//1953 
f 1953//1953 1954//1954 1955//1955 
f 1954//1954 1956//1956 1955//1955 
f 1955//1955 1956//1956 1957//1957 
f 1956//1956 1958//1958 1957//1957 
f 1957//1957 1958//1958 1958//1958 
f 1958//1958 1957//1957 1958//1958 
f 1958//1958 1957//1957 1957//1957 
f 1957//1957 1959//1959 1957//1957 
f 1957//1957 1959//1959 1955//1955 
f 1959//1959 1960//1960 1955//1955 
f 1955//1955 1960//1960 1953//1953 
f 1960//1960 1952//1952 1953//1953 
f 1953//1953 1952//1952 1952//1952 
f 1952//1952 1961//1961 1952//1952 
f 1952//1952 1961//1961 1961//1961 
f 1961//1961 1962//1962 1961//1961 
f 1961//1961 1962//1962 1963//1963 
f 1962//1962 1964//1964 1963//1963 
f 1963//1963 1964//1964 1964//1964 
f 1964//1964 1965//1965 1964//1964 
f 1964//1964 1965//1965 1965//1965 
f 1965//1965 1966//1966 1965//1965 
f 1965//1965 1966//1966 1967//1967 
f 1966//1966 1968//1968 1967//1967 
f 1967//1967 1968//1968 1969//1969 
f 1968//1968 1970//1970 1969//1969 
f 1969//1969 1970//1970 1970//1970 
f 1970//1970 1969//1969 1970//1970 
f 1970//1970 1969//1969 1969//1969 
f 1969//1969 1971//1971 1969//1969 
f 1969//1969 1971//1971 1967//1967 
f 1971//1971 1972//1972 1967//1967 
f 1967//1967 1972//1972 1973//1973 
f 1972//1972 1974//1974 1973//1973 
f 1973//1973 1974//1974 1974//1974 
f 1974//1974 1975//1975 1974//1974 
f 1974//1974 1975//1975 1975//1975 
f 1975//1975 1976//1976 1975//1975 
f 1975//1975 1976//1976 1977//1977 
f 1976//1976 1976//1976 1977//1977 
f 1977//1977 1976//1976 1978//1978 
f 1976//1976 1976//1976 1978//1978 
f 1978//1978 1976//1976 1979//1979 
f 1976//1976 1980//1980 1979//1979 
f 1979//1979 1980//1980 1980//1980 
f 1980//1980 1981//1981 1980//1980 
f 1980//1980 1981//1981 1981//1981 
f 1981//1981 1982//1982 1981//1981 
f 1981//1981 1982//1982 1983//1983 
f 1982//1982 1982//1982 1983//1983 
f 1983//1983 1982//1982 1984//1984 
f 1982//1982 1985//1985 1984//1984 
f 1984//1984 1985//1985 1984//1984 
f 1985//1985 1986//1986 1984//1984 
f 1984//1984 1986//1986 1987//1987 
f 1986//1986 1988//1988 1987//1987 
f 1987//1987 1988//1988 1987//1987 
f 1988//1988 1989//1989 1987//1987 
f 1987//1987 1989//1989 1987//1987 
f 1989//1989 1990//1990 1987//1987 
f 1987//1987 1990//1990 1987//1987 
f 1990//1990 1991//1991 1987//1987 
f 1987//1987 1991//1991 1987//1987 
f 1991//1991 1992//1992 1987//1987 
f 1987//1987 1992//1992 1987//1987 
f 1992//1992 1993//1993 1987//1987 
f 1987//1987 1993//1993 1987//1987 
f 1993//1993 1994//1994 1987//1987 
f 1987//1987 1994//1994 1995//1995 
f 1994//1994 1996//1996 1995//1995 
f 1995//1995 1996//1996 1996//1996 
f 1996//1996 1987//1987 1996//1996 
f 1996//1996 1987//1987 1987//1987 
f 1987//1987 1995//1995 1987//1987 
f 1987//1987 1995//1995 1984//1984 
f 1995//1995 1983//1983 1984//1984 
f 1984//1984 1983//1983 1983//1983 
f 1983//1983 1997//1997 1983//1983 
f 1983//1983 1997//1997 1997//1997 
f 1997//1997 1998//1998 1997//1997 
f 1997//1997 1998//1998 1999//1999 
f 1998//1998 2000//2000 1999//1999 
f 1999//1999 2000//2000 2001//2001 
f 2000//2000 2001//2001 2001//2001 
f 2001//2001 2001//2001 1998//1998 
f 2001//2001 1998//1998 1998//1998 
f 1998//1998 1998//1998 2000//2000 
f 1998//1998 2002//2002 2000//2000 
f 2000//2000 2002//2002 2000//2000 
f 2002//2002 2003//2003 2000//2000 
f 2000//2000 2003//2003 2000//2000 
f 2003//2003 2004//2004 2000//2000 
f 2000//2000 2004//2004 2005//2005 
f 2004//2004 2006//2006 2005//2005 
f 2005//2005 2006//2006 2007//2007 
f 2006//2006 2008//2008 2007//2007 
f 2007//2007 2008//2008 2000//2000 
f 2008//2008 2001//2001 2000//2000 
f 2000//2000 2001//2001 2001//2001 
f 2001//2001 2009//2009 2001//2001 
f 2001//2001 2009//2009 2009//2009 
f 2009//2009 2010//2010 2009//2009 
f 2009//2009 2010//2010 2011//2011 
f 2010//2010 2012//2012 2011//2011 
f 2011//2011 2012//2012 2013//2013 
f 2012//2012 2014//2014 2013//2013 
f 2013//2013 2014//2014 2015//2015 
f 2014//2014 2016//2016 2015//2015 
f 2015//2015 2016//2016 2017//2017 
f 2016//2016 2018//2018 2017//2017 
f 2017//2017 2018//2018 2018//2018 
f 2018//2018 2011//2011 2018//2018 
f 2018//2018 2011//2011 2011//2011 
f 2011//2011 2013//2013 2011//2011 
f 2011//2011 2013//2013 2019//2019 
f 2013//2013 2013//2013 2019//2019 
f 2019//2019 2013//2013 2020//2020 
f 2013//2013 2021//2021 2020//2020 
f 2020//2020 2021//2021 2020//2020 
f 2021//2021 2022//2022 2020//2020 
f 2020//2020 2022//2022 2023//2023 
f 2022//2022 2023//2023 2023//2023 
f 2023//2023 2023//2023 2024//2024 
f 2023//2023 2024//2024 2024//2024 
f 2024//2024 2024//2024 2025//2025 
f 2024//2024 2026//2026 2025//2025 
f 2025//2025 2026//2026 2027//2027 
f 2026//2026 2027//2027 2027//2027 
f 2027//2027 2027//2027 2028//2028 
f 2027//2027 2028//2028 2028//2028 
f 2028//2028 2028//2028 2029//2029 
f 2028//2028 2030//2030 2029//2029 
f 2029//2029 2030//2030 2029//2029 
f 2030//2030 2031//2031 2029//2029 
f 2029//2029 2031//2031 2032//2032 
f 2031//2031 2033//2033 2032//2032 
f 2032//2032 2033//2033 2033//2033 
f 2033//2033 2034//2034 2033//2033 
f 2033//2033 2034//2034 2034//2034 
f 2034//2034 2035//2035 2034//2034 
f 2034//2034 2035//2035 2036//2036 
f 2035//2035 2037//2037 2036//2036 
f 2036//2036 2037//2037 2037//2037 
f 2037//2037 2038//2038 2037//2037 
f 2037//2037 2038//2038 2038//2038 
f 2038//2038 2039//2039 2038//2038 
f 2038//2038 2039//2039 2040//2040 
f 2039//2039 2041//2041 2040//2040 
f 2040//2040 2041//2041 2041//2041 
f 2041//2041 2042//2042 2041//2041 
f 2041//2041 2042//2042 2042//2042 
f 2042//2042 2043//2043 2042//2042 
f 2042//2042 2043//2043 2044//2044 
f 2043//2043 2043//2043 2044//2044 
f 2044//2044 2043//2043 2045//2045 
f 2043//2043 2046//2046 2045//2045 
f 2045//2045 2046//2046 2047//2047 
f 2046//2046 2048//2048 2047//2047 
f 2047//2047 2048//2048 2049//2049 
f 2048//2048 2049//2049 2049//2049 
f 2049//2049 2049//2049 2050//2050 
f 2049//2049 2050//2050 2050//2050 
f 2050//2050 2050//2050 2051//2051 
f 2050//2050 2052//2052 2051//2051 
f 2051//2051 2052//2052 2053//2053 
f 2052//2052 2052//2052 2053//2053 
f 2053//2053 2052//2052 2054//2054 
f 2052//2052 2055//2055 2054//2054 
f 2054//2054 2055//2055 2054//2054 
f 2055//2055 2056//2056 2054//2054 
f 2054//2054 2056//2056 2057//2057 
f 2056//2056 2056//2056 2057//2057 
f 2057//2057 2056//2056 2058//2058 
f 2056//2056 2059//2059 2058//2058 
f 2058//2058 2059//2059 2058//2058 
f 2059//2059 2060//2060 2058//2058 
f 2058//2058 2060//2060 2061//2061 
f 2060//2060 2062//2062 2061//2061 
f 2061//2061 2062//2062 2062//2062 
f 2062//2062 2063//2063 2062//2062 
f 2062//2062 2063//2063 2063//2063 
f 2063//2063 2064//2064 2063//2063 
f 2063//2063 2064//2064 2065//2065 
f 2064//2064 2066//2066 2065//2065 
f 2065//2065 2066//2066 2065//2065 
f 2066//2066 2067//2067 2065//2065 
f 2065//2065 2067//2067 2068//2068 
f 2067//2067 2067//2067 2068//2068 
f 2068//2068 2067//2067 2069//2069 
f 2067//2067 2070//2070 2069//2069 
f 2069//2069 2070//2070 2069//2069 
f 2070//2070 2071//2071 2069//2069 
f 2069//2069 2071//2071 2072//2072 
f 2071//2071 2071//2071 2072//2072 
f 2072//2072 2071//2071 2073//2073 
f 2071//2071 2074//2074 2073//2073 
f 2073//2073 2074//2074 2075//2075 
f 2074//2074 2075//2075 2075//2075 
f 2075//2075 2075//2075 2076//2076 
f 2075//2075 2076//2076 2076//2076 
f 2076//2076 2076//2076 2077//2077 
f 2076//2076 2078//2078 2077//2077 
f 2077//2077 2078//2078 2079//2079 
f 2078//2078 2080//2080 2079//2079 
f 2079//2079 2080//2080 2079//2079 
f 2080//2080 2081//2081 2079//2079 
f 2079//2079 2081//2081 2079//2079 
f 2081//2081 2082//2082 2079//2079 
f 2079//2079 2082//2082 2083//2083 
f 2082//2082 2084//2084 2083//2083 
f 2083//2083 2084//2084 2085//2085 
f 2084//2084 2086//2086 2085//2085 
f 2085//2085 2086//2086 2079//2079 
f 2086//2086 2087//2087 2079//2079 
f 2079//2079 2087//2087 2077//2077 
f 2087//2087 2077//2077 2077//2077 
f 2077//2077 2077//2077 2088//2088 
f 2077//2077 2088//2088 2088//2088 
f 2088//2088 2088//2088 2089//2089 
f 2088//2088 2090//2090 2089//2089 
f 2089//2089 2090//2090 2091//2091 
f 2090//2090 2092//2092 2091//2091 
f 2091//2091 2092//2092 2091//2091 
f 2092//2092 2093//2093 2091//2091 
f 2091//2091 2093//2093 2091//2091 
f 2093//2093 2094//2094 2091//2091 
f 2091//2091 2094//2094 2095//2095 
f 2094//2094 2096//2096 2095//2095 
f 2095//2095 2096//2096 2097//2097 
f 2096//2096 2098//2098 2097//2097 
f 2097//2097 2098//2098 2091//2091 
f 2098//2098 2099//2099 2091//2091 
f 2091//2091 2099//2099 2089//2089 
f 2099//2099 2089//2089 2089//2089 
f 2089//2089 2089//2089 2100//2100 
f 2089//2089 2100//2100 2100//2100 
f 2100//2100 2100//2100 2101//2101 
f 2100//2100 2102//2102 2101//2101 
f 2101//2101 2102//2102 2103//2103 
f 2102//2102 2104//2104 2103//2103 
f 2103//2103 2104//2104 2105//2105 
f 2104//2104 2106//2106 2105//2105 
f 2105//2105 2106//2106 2107//2107 
f 2106//2106 2108//2108 2107//2107 
f 2107//2107 2108//2108 2109//2109 
f 2108//2108 2110//2110 2109//2109 
f 2109//2109 2110//2110 2111//2111 
f 2110//2110 2112//2112 2111//2111 
f 2111//2111 2112//2112 2113//2113 
f 2112//2112 2114//2114 2113//2113 
f 2113//2113 2114//2114 2115//2115 
f 2114//2114 2116//2116 2115//2115 
f 2115//2115 2116//2116 2117//2117 
f 2116//2116 2118//2118 2117//2117 
f 2117//2117 2118//2118 2119//2119 
f 2118//2118 2120//2120 2119//2119 
f 2119//2119 2120//2120 2121//2121 
f 2120//2120 2121//2121 2121//2121 
f 2121//2121 2121//2121 2122//2122 
f 2121//2121 2122//2122 2122//2122 
f 2122//2122 2122//2122 2123//2123 
f 2122//2122 2124//2124 2123//2123 
f 2123//2123 2124//2124 2123//2123 
f 2124//2124 2125//2125 2123//2123 
f 2123//2123 2125//2125 2126//2126 
f 2125//2125 2127//2127 2126//2126 
f 2126//2126 2127//2127 2128//2128 
f 2127//2127 2129//2129 2128//2128 
f 2128//2128 2129//2129 2130//2130 
f 2129//2129 2131//2131 2130//2130 
f 2130//2130 2131//2131 2132//2132 
f 2131//2131 2133//2133 2132//2132 
f 2132//2132 2133//2133 2134//2134 
f 2133//2133 2135//2135 2134//2134 
f 2134//2134 2135//2135 2136//2136 
f 2135//2135 2137//2137 2136//2136 
f 2136//2136 2137//2137 2138//2138 
f 2137//2137 2139//2139 2138//2138 
f 2138//2138 2139//2139 2140//2140 
f 2139//2139 2141//2141 2140//2140 
f 2140//2140 2141//2141 2142//2142 
f 2141//2141 2143//2143 2142//2142 
f 2142//2142 2143//2143 2144//2144 
f 2143//2143 2145//2145 2144//2144 
f 2144//2144 2145//2145 2146//2146 
f 2145//2145 2147//2147 2146//2146 
f 2146//2146 2147//2147 2147//2147 
f 2147//2147 2148//2148 2147//2147 
f 2147//2147 2148//2148 2148//2148 
f 2148//2148 2149//2149 2148//2148 
f 2148//2148 2149//2149 2150//2150 
f 2149//2149 2149//2149 2150//2150 
f 2150//2150 2149//2149 2151//2151 
f 2149//2149 2152//2152 2151//2151 
f 2151//2151 2152//2152 2153//2153 
f 2152//2152 2154//2154 2153//2153 
f 2153//2153 2154//2154 2155//2155 
f 2154//2154 2155//2155 2155//2155 
f 2155//2155 2155//2155 2156//2156 
f 2155//2155 2156//2156 2156//2156 
f 2156//2156 2156//2156 2157//2157 
f 2156//2156 2158//2158 2157//2157 
f 2157//2157 2158//2158 2157//2157 
f 2158//2158 2159//2159 2157//2157 
f 2157//2157 2159//2159 2160//2160 
f 2159//2159 2161//2161 2160//2160 
f 2160//2160 2161//2161 2162//2162 
f 2161//2161 2163//2163 2162//2162 
f 2162//2162 2163//2163 2164//2164 
f 2163//2163 2163//2163 2164//2164 
f 2164//2164 2163//2163 2165//2165 
f 2163//2163 2163//2163 2165//2165 
f 2165//2165 2163//2163 2166//2166 
f 2163//2163 2163//2163 2166//2166 
f 2166//2166 2163//2163 2167//2167 
f 2163//2163 2163//2163 2167//2167 
f 2167//2167 2163//2163 2168//2168 
f 2163//2163 2163//2163 2168//2168 
f 2168//2168 2163//2163 2169//2169 
f 2163//2163 2170//2170 2169//2169 
f 2169//2169 2170//2170 2170//2170 
f 2170//2170 2171//2171 2170//2170 
f 2170//2170 2171//2171 2171//2171 
f 2171//2171 2172//2172 2171//2171 
f 2171//2171 2172//2172 2173//2173 
f 2172//2172 2172//2172 2173//2173 
f 2173//2173 2172//2172 2174//2174 
f 2172//2172 2175//2175 2174//2174 
f 2174//2174 2175//2175 2176//2176 
f 2175//2175 2176//2176 2176//2176 
f 2176//2176 2176//2176 2177//2177 
f 2176//2176 2177//2177 2177//2177 
f 2177//2177 2177//2177 2178//2178 
f 2177//2177 2179//2179 2178//2178 
f 2178//2178 2179//2179 2180//2180 
f 2179//2179 2181//2181 2180//2180 
f 2180//2180 2181//2181 2180//2180 
f 2181//2181 2182//2182 2180//2180 
f 2180//2180 2182//2182 2180//2180 
f 2182//2182 2183//2183 2180//2180 
f 2180//2180 2183//2183 2180//2180 
f 2183//2183 2184//2184 2180//2180 
f 2180//2180 2184//2184 2180//2180 
f 2184//2184 2185//2185 2180//2180 
f 2180//2180 2185//2185 2180//2180 
f 2185//2185 2186//2186 2180//2180 
f 2180//2180 2186//2186 2187//2187 
f 2186//2186 2188//2188 2187//2187 
f 2187//2187 2188//2188 2189//2189 
f 2188//2188 2190//2190 2189//2189 
f 2189//2189 2190//2190 2190//2190 
f 2190//2190 2189//2189 2190//2190 
f 2190//2190 2189//2189 2189//2189 
f 2189//2189 2191//2191 2189//2189 
f 2189//2189 2191//2191 2187//2187 
f 2191//2191 2192//2192 2187//2187 
f 2187//2187 2192//2192 2180//2180 
f 2192//2192 2178//2178 2180//2180 
f 2180//2180 2178//2178 2178//2178 
f 2178//2178 2193//2193 2178//2178 
f 2178//2178 2193//2193 2193//2193 
f 2193//2193 2194//2194 2193//2193 
f 2193//2193 2194//2194 2195//2195 
f 2194//2194 2194//2194 2195//2195 
f 2195//2195 2194//2194 2196//2196 
f 2194//2194 2197//2197 2196//2196 
f 2196//2196 2197//2197 2198//2198 
f 2197//2197 2198//2198 2198//2198 
f 2198//2198 2198//2198 2199//2199 
f 2198//2198 2199//2199 2199//2199 
f 2199//2199 2199//2199 2200//2200 
f 2199//2199 2201//2201 2200//2200 
f 2200//2200 2201//2201 2200//2200 
f 2201//2201 2202//2202 2200//2200 
f 2200//2200 2202//2202 2200//2200 
f 2202//2202 2203//2203 2200//2200 
f 2200//2200 2203//2203 2200//2200 
f 2203//2203 2204//2204 2200//2200 
f 2200//2200 2204//2204 2200//2200 
f 2204//2204 2205//2205 2200//2200 
f 2200//2200 2205//2205 2200//2200 
f 2205//2205 2206//2206 2200//2200 
f 2200//2200 2206//2206 2200//2200 
f 2206//2206 2207//2207 2200//2200 
f 2200//2200 2207//2207 2208//2208 
f 2207//2207 2208//2208 2208//2208 
f 2208//2208 2208//2208 2209//2209 
f 2208//2208 2209//2209 2209//2209 
f 2209//2209 2209//2209 2210//2210 
f 2209//2209 2211//2211 2210//2210 
f 2210//2210 2211//2211 2212//2212 
f 2211//2211 2213//2213 2212//2212 
f 2212//2212 2213//2213 2214//2214 
f 2213//2213 2214//2214 2214//2214 
f 2214//2214 2214//2214 2215//2215 
f 2214//2214 2215//2215 2215//2215 
f 2215//2215 2215//2215 2216//2216 
f 2215//2215 2217//2217 2216//2216 
f 2216//2216 2217//2217 2216//2216 
f 2217//2217 2218//2218 2216//2216 
f 2216//2216 2218//2218 2216//2216 
f 2218//2218 2219//2219 2216//2216 
f 2216//2216 2219//2219 2220//2220 
f 2219//2219 2219//2219 2220//2220 
f 2220//2220 2219//2219 2221//2221 
f 2219//2219 2222//2222 2221//2221 
f 2221//2221 2222//2222 2223//2223 
f 2222//2222 2224//2224 2223//2223 
f 2223//2223 2224//2224 2224//2224 
f 2224//2224 2221//2221 2224//2224 
f 2224//2224 2221//2221 2221//2221 
f 2221//2221 2223//2223 2221//2221 
f 2221//2221 2223//2223 2225//2225 
f 2223//2223 2223//2223 2225//2225 
f 2225//2225 2223//2223 2226//2226 
f 2223//2223 2227//2227 2226//2226 
f 2226//2226 2227//2227 2228//2228 
f 2227//2227 2228//2228 2228//2228 
f 2228//2228 2228//2228 2229//2229 
f 2228//2228 2229//2229 2229//2229 
f 2229//2229 2229//2229 2230//2230 
f 2229//2229 2231//2231 2230//2230 
f 2230//2230 2231//2231 2232//2232 
f 2231//2231 2233//2233 2232//2232 
f 2232//2232 2233//2233 2234//2234 
f 2233//2233 2234//2234 2234//2234 
f 2234//2234 2234//2234 2235//2235 
f 2234//2234 2235//2235 2235//2235 
f 2235//2235 2235//2235 2236//2236 
f 2235//2235 2237//2237 2236//2236 
f 2236//2236 2237//2237 2238//2238 
f 2237//2237 2239//2239 2238//2238 
f 2238//2238 2239//2239 2240//2240 
f 2239//2239 2240//2240 2240//2240 
f 2240//2240 2240//2240 2241//2241 
f 2240//2240 2241//2241 2241//2241 
f 2241//2241 2241//2241 2242//2242 
f 2241//2241 2243//2243 2242//2242 
f 2242//2242 2243//2243 2244//2244 
f 2243//2243 2243//2243 2244//2244 
f 2244//2244 2243//2243 2245//2245 
f 2243//2243 2246//2246 2245//2245 
f 2245//2245 2246//2246 2245//2245 
f 2246//2246 2247//2247 2245//2245 
f 2245//2245 2247//2247 2248//2248 
f 2247//2247 2249//2249 2248//2248 
f 2248//2248 2249//2249 2250//2250 
f 2249//2249 2250//2250 2250//2250 
f 2250//2250 2250//2250 2247//2247 
f 2250//2250 2247//2247 2247//2247 
f 2247//2247 2247//2247 2249//2249 
f 2247//2247 2251//2251 2249//2249 
f 2249//2249 2251//2251 2249//2249 
f 2251//2251 2252//2252 2249//2249 
f 2249//2249 2252//2252 2253//2253 
f 2252//2252 2254//2254 2253//2253 
f 2253//2253 2254//2254 2254//2254 
f 2254//2254 2255//2255 2254//2254 
f 2254//2254 2255//2255 2255//2255 
f 2255//2255 2256//2256 2255//2255 
f 2255//2255 2256//2256 2257//2257 
f 2256//2256 2256//2256 2257//2257 
f 2257//2257 2256//2256 2258//2258 
f 2256//2256 2256//2256 2258//2258 
f 2258//2258 2256//2256 2259//2259 
f 2256//2256 2260//2260 2259//2259 
f 2259//2259 2260//2260 2261//2261 
f 2260//2260 2262//2262 2261//2261 
f 2261//2261 2262//2262 2263//2263 
f 2262//2262 2264//2264 2263//2263 
f 2263//2263 2264//2264 2265//2265 
f 2264//2264 2265//2265 2265//2265 
f 2265//2265 2265//2265 2266//2266 
f 2265//2265 2266//2266 2266//2266 
f 2266//2266 2266//2266 2267//2267 
f 2266//2266 2268//2268 2267//2267 
f 2267//2267 2268//2268 2267//2267 
f 2268//2268 2269//2269 2267//2267 
f 2267//2267 2269//2269 2270//2270 
f 2269//2269 2271//2271 2270//2270 
f 2270//2270 2271//2271 2272//2272 
f 2271//2271 2273//2273 2272//2272 
f 2272//2272 2273//2273 2274//2274 
f 2273//2273 2275//2275 2274//2274 
f 2274//2274 2275//2275 2275//2275 
f 2275//2275 2276//2276 2275//2275 
f 2275//2275 2276//2276 2276//2276 
f 2276//2276 2277//2277 2276//2276 
f 2276//2276 2277//2277 2278//2278 
f 2277//2277 2277//2277 2278//2278 
f 2278//2278 2277//2277 2279//2279 
f 2277//2277 2277//2277 2279//2279 
f 2279//2279 2277//2277 2280//2280 
f 2277//2277 2281//2281 2280//2280 
f 2280//2280 2281//2281 2282//2282 
f 2281//2281 2283//2283 2282//2282 
f 2282//2282 2283//2283 2284//2284 
f 2283//2283 2285//2285 2284//2284 
f 2284//2284 2285//2285 2285//2285 
f 2285//2285 2284//2284 2285//2285 
f 2285//2285 2284//2284 2284//2284 
f 2284//2284 2286//2286 2284//2284 
f 2284//2284 2286//2286 2282//2282 
f 2286//2286 2287//2287 2282//2282 
f 2282//2282 2287//2287 2287//2287 
f 2287//2287 2288//2288 2287//2287 
f 2287//2287 2288//2288 2288//2288 
f 2288//2288 2289//2289 2288//2288 
f 2288//2288 2289//2289 2290//2290 
f 2289//2289 2291//2291 2290//2290 
f 2290//2290 2291//2291 2292//2292 
f 2291//2291 2291//2291 2292//2292 
f 2292//2292 2291//2291 2293//2293 
f 2291//2291 2294//2294 2293//2293 
f 2293//2293 2294//2294 2295//2295 
f 2294//2294 2296//2296 2295//2295 
f 2295//2295 2296//2296 2297//2297 
f 2296//2296 2298//2298 2297//2297 
f 2297//2297 2298//2298 2299//2299 
f 2298//2298 2299//2299 2299//2299 
f 2299//2299 2299//2299 2290//2290 
f 2299//2299 2290//2290 2290//2290 
f 2290//2290 2290//2290 2300//2300 
f 2290//2290 2292//2292 2300//2300 
f 2300//2300 2292//2292 2292//2292 
f 2292//2292 2291//2291 2292//2292 
f 2292//2292 2291//2291 2291//2291 
f 2291//2291 2289//2289 2291//2291 
f 2291//2291 2289//2289 2294//2294 
f 2289//2289 2301//2301 2294//2294 
f 2294//2294 2301//2301 2296//2296 
f 2301//2301 2302//2302 2296//2296 
f 2296//2296 2302//2302 2302//2302 
f 2302//2302 2303//2303 2302//2302 
f 2302//2302 2303//2303 2303//2303 
f 2303//2303 2304//2304 2303//2303 
f 2303//2303 2304//2304 2305//2305 
f 2304//2304 2306//2306 2305//2305 
f 2305//2305 2306//2306 2305//2305 
f 2306//2306 2307//2307 2305//2305 
f 2305//2305 2307//2307 2308//2308 
f 2307//2307 2308//2308 2308//2308 
f 2308//2308 2308//2308 2309//2309 
f 2308//2308 2309//2309 2309//2309 
f 2309//2309 2309//2309 2310//2310 
f 2309//2309 2311//2311 2310//2310 
f 2310//2310 2311//2311 2312//2312 
f 2311//2311 2311//2311 2312//2312 
f 2312//2312 2311//2311 2313//2313 
f 2311//2311 2311//2311 2313//2313 
f 2313//2313 2311//2311 2314//2314 
f 2311//2311 2311//2311 2314//2314 
f 2314//2314 2311//2311 2315//2315 
f 2311//2311 2316//2316 2315//2315 
f 2315//2315 2316//2316 2317//2317 
f 2316//2316 2318//2318 2317//2317 
f 2317//2317 2318//2318 2319//2319 
f 2318//2318 2320//2320 2319//2319 
f 2319//2319 2320//2320 2319//2319 
f 2320//2320 2321//2321 2319//2319 
f 2319//2319 2321//2321 2322//2322 
f 2321//2321 2323//2323 2322//2322 
f 2322//2322 2323//2323 2322//2322 
f 2323//2323 2324//2324 2322//2322 
f 2322//2322 2324//2324 2325//2325 
f 2324//2324 2325//2325 2325//2325 
f 2325//2325 2325//2325 2319//2319 
f 2325//2325 2319//2319 2319//2319 
f 2319//2319 2319//2319 2317//2317 
f 2319//2319 2322//2322 2317//2317 
f 2317//2317 2322//2322 2326//2326 
f 2322//2322 2326//2326 2326//2326 
f 2326//2326 2326//2326 2327//2327 
f 2326//2326 2327//2327 2327//2327 
f 2327//2327 2327//2327 2328//2328 
f 2327//2327 2329//2329 2328//2328 
f 2328//2328 2329//2329 2328//2328 
f 2329//2329 2330//2330 2328//2328 
f 2328//2328 2330//2330 2331//2331 
f 2330//2330 2332//2332 2331//2331 
f 2331//2331 2332//2332 2333//2333 
f 2332//2332 2334//2334 2333//2333 
f 2333//2333 2334//2334 2334//2334 
f 2334//2334 2335//2335 2334//2334 
f 2334//2334 2335//2335 2335//2335 
f 2335//2335 2336//2336 2335//2335 
f 2335//2335 2336//2336 2337//2337 
f 2336//2336 2338//2338 2337//2337 
f 2337//2337 2338//2338 2338//2338 
f 2338//2338 2339//2339 2338//2338 
f 2338//2338 2339//2339 2339//2339 
f 2339//2339 2340//2340 2339//2339 
f 2339//2339 2340//2340 2341//2341 
f 2340//2340 2340//2340 2341//2341 
f 2341//2341 2340//2340 2342//2342 
f 2340//2340 2340//2340 2342//2342 
f 2342//2342 2340//2340 2343//2343 
f 2340//2340 2344//2344 2343//2343 
f 2343//2343 2344//2344 2345//2345 
f 2344//2344 2346//2346 2345//2345 
f 2345//2345 2346//2346 2347//2347 
f 2346//2346 2348//2348 2347//2347 
f 2347//2347 2348//2348 2348//2348 
f 2348//2348 2340//2340 2348//2348 
f 2348//2348 2340//2340 2340//2340 
f 2340//2340 2349//2349 2340//2340 
f 2340//2340 2349//2349 2344//2344 
f 2349//2349 2350//2350 2344//2344 
f 2344//2344 2350//2350 2346//2346 
f 2350//2350 2351//2351 2346//2346 
f 2346//2346 2351//2351 2351//2351 
f 2351//2351 2352//2352 2351//2351 
f 2351//2351 2352//2352 2352//2352 
f 2352//2352 2353//2353 2352//2352 
f 2352//2352 2353//2353 2354//2354 
f 2353//2353 2353//2353 2354//2354 
f 2354//2354 2353//2353 2355//2355 
f 2353//2353 2356//2356 2355//2355 
f 2355//2355 2356//2356 2357//2357 
f 2356//2356 2358//2358 2357//2357 
f 2357//2357 2358//2358 2359//2359 
f 2358//2358 2360//2360 2359//2359 
f 2359//2359 2360//2360 2361//2361 
f 2360//2360 2362//2362 2361//2361 
f 2361//2361 2362//2362 2362//2362 
f 2362//2362 2363//2363 2362//2362 
f 2362//2362 2363//2363 2363//2363 
f 2363//2363 2364//2364 2363//2363 
f 2363//2363 2364//2364 2365//2365 
f 2364//2364 2364//2364 2365//2365 
f 2365//2365 2364//2364 2366//2366 
f 2364//2364 2364//2364 2366//2366 
f 2366//2366 2364//2364 2367//2367 
f 2364//2364 2364//2364 2367//2367 
f 2367//2367 2364//2364 2368//2368 
f 2364//2364 2364//2364 2368//2368 
f 2368//2368 2364//2364 2369//2369 
f 2364//2364 2370//2370 2369//2369 
f 2369//2369 2370//2370 2371//2371 
f 2370//2370 2372//2372 2371//2371 
f 2371//2371 2372//2372 2373//2373 
f 2372//2372 2374//2374 2373//2373 
f 2373//2373 2374//2374 2373//2373 
f 2374//2374 2375//2375 2373//2373 
f 2373//2373 2375//2375 2376//2376 
f 2375//2375 2377//2377 2376//2376 
f 2376//2376 2377//2377 2376//2376 
f 2377//2377 2378//2378 2376//2376 
f 2376//2376 2378//2378 2379//2379 
f 2378//2378 2379//2379 2379//2379 
f 2379//2379 2379//2379 2373//2373 
f 2379//2379 2373//2373 2373//2373 
f 2373//2373 2373//2373 2371//2371 
f 2373//2373 2376//2376 2371//2371 
f 2371//2371 2376//2376 2380//2380 
f 2376//2376 2380//2380 2380//2380 
f 2380//2380 2380//2380 2381//2381 
f 2380//2380 2381//2381 2381//2381 
f 2381//2381 2381//2381 2382//2382 
f 2381//2381 2383//2383 2382//2382 
f 2382//2382 2383//2383 2382//2382 
f 2383//2383 2384//2384 2382//2382 
f 2382//2382 2384//2384 2385//2385 
f 2384//2384 2386//2386 2385//2385 
f 2385//2385 2386//2386 2387//2387 
f 2386//2386 2388//2388 2387//2387 
f 2387//2387 2388//2388 2388//2388 
f 2388//2388 2389//2389 2388//2388 
f 2388//2388 2389//2389 2389//2389 
f 2389//2389 2390//2390 2389//2389 
f 2389//2389 2390//2390 2391//2391 
f 2390//2390 2392//2392 2391//2391 
f 2391//2391 2392//2392 2392//2392 
f 2392//2392 2393//2393 2392//2392 
f 2392//2392 2393//2393 2393//2393 
f 2393//2393 2394//2394 2393//2393 
f 2393//2393 2394//2394 2395//2395 
f 2394//2394 2394//2394 2395//2395 
f 2395//2395 2394//2394 2396//2396 
f 2394//2394 2394//2394 2396//2396 
f 2396//2396 2394//2394 2397//2397 
f 2394//2394 2398//2398 2397//2397 
f 2397//2397 2398//2398 2399//2399 
f 2398//2398 2400//2400 2399//2399 
f 2399//2399 2400//2400 2401//2401 
f 2400//2400 2402//2402 2401//2401 
f 2401//2401 2402//2402 2402//2402 
f 2402//2402 2394//2394 2402//2402 
f 2402//2402 2394//2394 2394//2394 
f 2394//2394 2403//2403 2394//2394 
f 2394//2394 2403//2403 2398//2398 
f 2403//2403 2404//2404 2398//2398 
f 2398//2398 2404//2404 2400//2400 
f 2404//2404 2405//2405 2400//2400 
f 2400//2400 2405//2405 2405//2405 
f 2405//2405 2406//2406 2405//2405 
f 2405//2405 2406//2406 2406//2406 
f 2406//2406 2407//2407 2406//2406 
f 2406//2406 2407//2407 2408//2408 
f 2407//2407 2407//2407 2408//2408 
f 2408//2408 2407//2407 2409//2409 
f 2407//2407 2410//2410 2409//2409 
f 2409//2409 2410//2410 2411//2411 
f 2410//2410 2412//2412 2411//2411 
f 2411//2411 2412//2412 2413//2413 
f 2412//2412 2414//2414 2413//2413 
f 2413//2413 2414//2414 2415//2415 
f 2414//2414 2416//2416 2415//2415 
f 2415//2415 2416//2416 2416//2416 
f 2416//2416 2417//2417 2416//2416 
f 2416//2416 2417//2417 2417//2417 
f 2417//2417 2418//2418 2417//2417 
f 2417//2417 2418//2418 2419//2419 
f 2418//2418 2418//2418 2419//2419 
f 2419//2419 2418//2418 2420//2420 
f 2418//2418 2418//2418 2420//2420 
f 2420//2420 2418//2418 2421//2421 
f 2418//2418 2422//2422 2421//2421 
f 2421//2421 2422//2422 2423//2423 
f 2422//2422 2424//2424 2423//2423 
f 2423//2423 2424//2424 2425//2425 
f 2424//2424 2426//2426 2425//2425 
f 2425//2425 2426//2426 2425//2425 
f 2426//2426 2427//2427 2425//2425 
f 2425//2425 2427//2427 2428//2428 
f 2427//2427 2429//2429 2428//2428 
f 2428//2428 2429//2429 2429//2429 
f 2429//2429 2425//2425 2429//2429 
f 2429//2429 2425//2425 2425//2425 
f 2425//2425 2428//2428 2425//2425 
f 2425//2425 2428//2428 2423//2423 
f 2428//2428 2430//2430 2423//2423 
f 2423//2423 2430//2430 2430//2430 
f 2430//2430 2431//2431 2430//2430 
f 2430//2430 2431//2431 2431//2431 
f 2431//2431 2432//2432 2431//2431 
f 2431//2431 2432//2432 2433//2433 
f 2432//2432 2434//2434 2433//2433 
f 2433//2433 2434//2434 2434//2434 
f 2434//2434 2435//2435 2434//2434 
f 2434//2434 2435//2435 2435//2435 
f 2435//2435 2436//2436 2435//2435 
f 2435//2435 2436//2436 2437//2437 
f 2436//2436 2438//2438 2437//2437 
f 2437//2437 2438//2438 2439//2439 
f 2438//2438 2440//2440 2439//2439 
f 2439//2439 2440//2440 2441//2441 
f 2440//2440 2442//2442 2441//2441 
f 2441//2441 2442//2442 2442//2442 
f 2442//2442 2443//2443 2442//2442 
f 2442//2442 2443//2443 2443//2443 
f 2443//2443 2444//2444 2443//2443 
f 2443//2443 2444//2444 2445//2445 
f 2444//2444 2446//2446 2445//2445 
f 2445//2445 2446//2446 2446//2446 
f 2446//2446 2447//2447 2446//2446 
f 2446//2446 2447//2447 2447//2447 
f 2447//2447 2448//2448 2447//2447 
f 2447//2447 2448//2448 2449//2449 
f 2448//2448 2450//2450 2449//2449 
f 2449//2449 2450//2450 2451//2451 
f 2450//2450 2450//2450 2451//2451 
f 2451//2451 2450//2450 2452//2452 
f 2450//2450 2453//2453 2452//2452 
f 2452//2452 2453//2453 2454//2454 
f 2453//2453 2455//2455 2454//2454 
f 2454//2454 2455//2455 2456//2456 
f 2455//2455 2457//2457 2456//2456 
f 2456//2456 2457//2457 2458//2458 
f 2457//2457 2458//2458 2458//2458 
f 2458//2458 2458//2458 2450//2450 
f 2458//2458 2450//2450 2450//2450 
f 2450//2450 2450//2450 2453//2453 
f 2450//2450 2448//2448 2453//2453 
f 2453//2453 2448//2448 2459//2459 
f 2448//2448 2459//2459 2459//2459 
f 2459//2459 2459//2459 2449//2449 
f 2459//2459 2449//2449 2449//2449 
f 2449//2449 2449//2449 2460//2460 
f 2449//2449 2451//2451 2460//2460 
f 2460//2460 2451//2451 2451//2451 
f 2451//2451 2461//2461 2451//2451 
f 2451//2451 2461//2461 2461//2461 
f 2461//2461 2462//2462 2461//2461 
f 2461//2461 2462//2462 2463//2463 
f 2462//2462 2464//2464 2463//2463 
f 2463//2463 2464//2464 2465//2465 
f 2464//2464 2466//2466 2465//2465 
f 2465//2465 2466//2466 2466//2466 
f 2466//2466 2467//2467 2466//2466 
f 2466//2466 2467//2467 2467//2467 
f 2467//2467 2463//2463 2467//2467 
f 2467//2467 2463//2463 2468//2468 
f 2463//2463 2465//2465 2468//2468 
f 2468//2468 2465//2465 2469//2469 
f 2465//2465 2470//2470 2469//2469 
f 2469//2469 2470//2470 2471//2471 
f 2470//2470 2471//2471 2471//2471 
f 2471//2471 2471//2471 2472//2472 
f 2471//2471 2472//2472 2472//2472 
f 2472//2472 2472//2472 2473//2473 
f 2472//2472 2474//2474 2473//2473 
f 2473//2473 2474//2474 2474//2474 
f 2474//2474 2475//2475 2474//2474 
f 2474//2474 2475//2475 2475//2475 
f 2475//2475 2476//2476 2475//2475 
f 2475//2475 2476//2476 2477//2477 
f 2476//2476 2476//2476 2477//2477 
f 2477//2477 2476//2476 2478//2478 
f 2476//2476 2476//2476 2478//2478 
f 2478//2478 2476//2476 2479//2479 
f 2476//2476 2476//2476 2479//2479 
f 2479//2479 2476//2476 2480//2480 
f 2476//2476 2476//2476 2480//2480 
f 2480//2480 2476//2476 2481//2481 
f 2476//2476 2482//2482 2481//2481 
f 2481//2481 2482//2482 2483//2483 
f 2482//2482 2484//2484 2483//2483 
f 2483//2483 2484//2484 2485//2485 
f 2484//2484 2486//2486 2485//2485 
f 2485//2485 2486//2486 2485//2485 
f 2486//2486 2487//2487 2485//2485 
f 2485//2485 2487//2487 2488//2488 
f 2487//2487 2489//2489 2488//2488 
f 2488//2488 2489//2489 2488//2488 
f 2489//2489 2490//2490 2488//2488 
f 2488//2488 2490//2490 2491//2491 
f 2490//2490 2491//2491 2491//2491 
f 2491//2491 2491//2491 2485//2485 
f 2491//2491 2485//2485 2485//2485 
f 2485//2485 2485//2485 2483//2483 
f 2485//2485 2488//2488 2483//2483 
f 2483//2483 2488//2488 2492//2492 
f 2488//2488 2492//2492 2492//2492 
f 2492//2492 2492//2492 2493//2493 
f 2492//2492 2493//2493 2493//2493 
f 2493//2493 2493//2493 2494//2494 
f 2493//2493 2495//2495 2494//2494 
f 2494//2494 2495//2495 2494//2494 
f 2495//2495 2496//2496 2494//2494 
f 2494//2494 2496//2496 2497//2497 
f 2496//2496 2498//2498 2497//2497 
f 2497//2497 2498//2498 2499//2499 
f 2498//2498 2500//2500 2499//2499 
f 2499//2499 2500//2500 2500//2500 
f 2500//2500 2501//2501 2500//2500 
f 2500//2500 2501//2501 2501//2501 
f 2501//2501 2502//2502 2501//2501 
f 2501//2501 2502//2502 2503//2503 
f 2502//2502 2504//2504 2503//2503 
f 2503//2503 2504//2504 2504//2504 
f 2504//2504 2505//2505 2504//2504 
f 2504//2504 2505//2505 2505//2505 
f 2505//2505 2506//2506 2505//2505 
f 2505//2505 2506//2506 2507//2507 
f 2506//2506 2506//2506 2507//2507 
f 2507//2507 2506//2506 2508//2508 
f 2506//2506 2506//2506 2508//2508 
f 2508//2508 2506//2506 2509//2509 
f 2506//2506 2510//2510 2509//2509 
f 2509//2509 2510//2510 2511//2511 
f 2510//2510 2512//2512 2511//2511 
f 2511//2511 2512//2512 2513//2513 
f 2512//2512 2514//2514 2513//2513 
f 2513//2513 2514//2514 2514//2514 
f 2514//2514 2506//2506 2514//2514 
f 2514//2514 2506//2506 2506//2506 
f 2506//2506 2515//2515 2506//2506 
f 2506//2506 2515//2515 2510//2510 
f 2515//2515 2516//2516 2510//2510 
f 2510//2510 2516//2516 2512//2512 
f 2516//2516 2517//2517 2512//2512 
f 2512//2512 2517//2517 2517//2517 
f 2517//2517 2518//2518 2517//2517 
f 2517//2517 2518//2518 2518//2518 
f 2518//2518 2519//2519 2518//2518 
f 2518//2518 2519//2519 2520//2520 
f 2519//2519 2521//2521 2520//2520 
f 2520//2520 2521//2521 2521//2521 
f 2521//2521 2522//2522 2521//2521 
f 2521//2521 2522//2522 2522//2522 
f 2522//2522 2523//2523 2522//2522 
f 2522//2522 2523//2523 2524//2524 
f 2523//2523 2525//2525 2524//2524 

