mtllib model_3.mtl
o model_3
v -0.5938078165054321 2.7904675006866455 -0.17617866396903992 
v -0.5938078165054321 2.787698745727539 -0.21942999958992004 
v -0.606220006942749 2.8010151386260986 -0.17617866396903992 
v -0.606220006942749 2.798246383666992 -0.22083653509616852 
v -0.606220006942749 2.798246383666992 -0.13154277205467224 
v -0.5938078165054321 2.787698745727539 -0.1329493224620819 
v -0.606220006942749 2.7894127368927 -0.08758816868066788 
v -0.5938078165054321 2.7792606353759766 -0.09040126204490662 
v -0.606220006942749 2.7750415802001953 -0.0453917533159256 
v -0.5938078165054321 2.765153169631958 -0.049611397087574005 
v -0.606220006942749 2.755396604537964 -0.005305159837007523 
v -0.5938078165054321 2.7461671829223633 -0.010579711757600307 
v -0.606220006942749 2.730741262435913 0.031968340277671814 
v -0.5938078165054321 2.7223031520843506 0.025287242606282234 
v -0.606220006942749 2.7012078762054443 0.06537383794784546 
v -0.5938078165054321 2.6934287548065186 0.057989463210105896 
v -0.606220006942749 2.6674551963806152 0.09491132944822311 
v -0.5938078165054321 2.6611266136169434 0.0864720419049263 
v -0.606220006942749 2.63053822517395 0.11987753957509995 
v -0.5938078165054321 2.624868869781494 0.11038334667682648 
v -0.606220006942749 2.5904572010040283 0.1395692080259323 
v -0.5938078165054321 2.586238145828247 0.12972337007522583 
v -0.606220006942749 2.5478708744049072 0.15398630499839783 
v -0.5938078165054321 2.545102119445801 0.1434372067451477 
v -0.606220006942749 2.504229784011841 0.16242559254169464 
v -0.5938078165054321 2.502911329269409 0.15187649428844452 
v -0.606220006942749 2.4596660137176514 0.1655903309583664 
v -0.5938078165054321 2.4596660137176514 0.15468958020210266 
v -0.606220006942749 2.4149701595306396 0.16242559254169464 
v -0.5938078165054321 2.4164204597473145 0.15187649428844452 
v -0.606220006942749 2.371065378189087 0.15398630499839783 
v -0.5938078165054321 2.3738341331481934 0.1434372067451477 
v -0.606220006942749 2.3288745880126953 0.1395692080259323 
v -0.5938078165054321 2.3330936431884766 0.12972337007522583 
v -0.606220006942749 2.2887935638427734 0.11987753957509995 
v -0.5938078165054321 2.2940673828125 0.11038334667682648 
v -0.606220006942749 2.251481056213379 0.09491132944822311 
v -0.5938078165054321 2.2582051753997803 0.0864720419049263 
v -0.606220006942749 2.2181241512298584 0.06537383794784546 
v -0.5938078165054321 2.2255074977874756 0.057989463210105896 
v -0.606220006942749 2.1885905265808105 0.031968340277671814 
v -0.5938078165054321 2.197028636932373 0.025287242606282234 
v -0.606220006942749 2.1635398864746094 -0.005305159837007523 
v -0.5938078165054321 2.173032760620117 -0.010579711757600307 
v -0.606220006942749 2.143894672393799 -0.0453917533159256 
v -0.5938078165054321 2.153783082962036 -0.049611397087574005 
v -0.606220006942749 2.129523515701294 -0.08758816868066788 
v -0.5938078165054321 2.140071153640747 -0.09040126204490662 
v -0.606220006942749 2.1210854053497314 -0.13154277205467224 
v -0.5938078165054321 2.1316330432891846 -0.1329493224620819 
v -0.606220006942749 2.1179211139678955 -0.17617866396903992 
v -0.5938078165054321 2.128732442855835 -0.17617866396903992 
v -0.606220006942749 2.1210854053497314 -0.22083653509616852 
v -0.5938078165054321 2.1316330432891846 -0.21942999958992004 
v -0.606220006942749 2.129523515701294 -0.26443949341773987 
v -0.5938078165054321 2.140071153640747 -0.2616264224052429 
v -0.606220006942749 2.143894672393799 -0.30698755383491516 
v -0.5938078165054321 2.153783082962036 -0.30276790261268616 
v -0.606220006942749 2.1635398864746094 -0.34707415103912354 
v -0.5938078165054321 2.173032760620117 -0.34144794940948486 
v -0.606220006942749 2.1885905265808105 -0.38399600982666016 
v -0.5938078165054321 2.197028636932373 -0.37766656279563904 
v -0.606220006942749 2.2181241512298584 -0.4177531599998474 
v -0.5938078165054321 2.2255074977874756 -0.41001713275909424 
v -0.606220006942749 2.251481056213379 -0.4472906291484833 
v -0.5938078165054321 2.2582051753997803 -0.43885135650634766 
v -0.606220006942749 2.2887935638427734 -0.4719052016735077 
v -0.5938078165054321 2.2940673828125 -0.46276265382766724 
v -0.606220006942749 2.3288745880126953 -0.49159687757492065 
v -0.5938078165054321 2.3330936431884766 -0.48175105452537537 
v -0.606220006942749 2.371065378189087 -0.5060139894485474 
v -0.5938078165054321 2.3738341331481934 -0.49581652879714966 
v -0.606220006942749 2.4149701595306396 -0.5148048996925354 
v -0.5938078165054321 2.4164204597473145 -0.5042558312416077 
v -0.606220006942749 2.4596660137176514 -0.5176180005073547 
v -0.5938078165054321 2.4596660137176514 -0.5070688724517822 
v -0.606220006942749 2.504229784011841 -0.5148048996925354 
v -0.5938078165054321 2.502911329269409 -0.5042558312416077 
v -0.606220006942749 2.5478708744049072 -0.5060139894485474 
v -0.5938078165054321 2.545102119445801 -0.49581652879714966 
v -0.606220006942749 2.5904572010040283 -0.49159687757492065 
v -0.5938078165054321 2.586238145828247 -0.48175105452537537 
v -0.606220006942749 2.63053822517395 -0.4719052016735077 
v -0.5938078165054321 2.624868869781494 -0.46276265382766724 
v -0.606220006942749 2.6674551963806152 -0.4472906291484833 
v -0.5938078165054321 2.6611266136169434 -0.43885135650634766 
v -0.606220006942749 2.7012078762054443 -0.4177531599998474 
v -0.5938078165054321 2.6934287548065186 -0.41001713275909424 
v -0.606220006942749 2.730741262435913 -0.38399600982666016 
v -0.5938078165054321 2.7223031520843506 -0.37766656279563904 
v -0.606220006942749 2.755396604537964 -0.34707415103912354 
v -0.5938078165054321 2.7461671829223633 -0.34144794940948486 
v -0.606220006942749 2.7750415802001953 -0.30698755383491516 
v -0.5938078165054321 2.765153169631958 -0.30276790261268616 
v -0.606220006942749 2.7894127368927 -0.26443949341773987 
v -0.5938078165054321 2.7792606353759766 -0.2616264224052429 
v -0.583854079246521 2.765944242477417 -0.25811004638671875 
v -0.583854079246521 2.752495765686035 -0.2974933683872223 
v -0.583854079246521 2.7343010902404785 -0.33476686477661133 
v -0.583854079246521 2.7110962867736816 -0.36922726035118103 
v -0.583854079246521 2.6836721897125244 -0.40017130970954895 
v -0.583854079246521 2.652688503265381 -0.4275989830493927 
v -0.583854079246521 2.618276596069336 -0.45080700516700745 
v -0.583854079246521 2.5809643268585205 -0.46909213066101074 
v -0.583854079246521 2.5415422916412354 -0.4824543297290802 
v -0.583854079246521 2.5008018016815186 -0.4905419647693634 
v -0.583854079246521 2.4596660137176514 -0.4930034279823303 
v -0.583854079246521 2.4181344509124756 -0.4905419647693634 
v -0.583854079246521 2.377393960952759 -0.4824543297290802 
v -0.583854079246521 2.3383677005767822 -0.46909213066101074 
v -0.583854079246521 2.3010551929473877 -0.45080700516700745 
v -0.583854079246521 2.2666432857513428 -0.4275989830493927 
v -0.583854079246521 2.2352640628814697 -0.40017130970954895 
v -0.583854079246521 2.2078399658203125 -0.36922726035118103 
v -0.583854079246521 2.185030698776245 -0.33476686477661133 
v -0.583854079246521 2.1667041778564453 -0.2974933683872223 
v -0.583854079246521 2.1533875465393066 -0.25811004638671875 
v -0.583854079246521 2.1453449726104736 -0.21732017397880554 
v -0.583854079246521 2.142444372177124 -0.17617866396903992 
v -0.583854079246521 2.1453449726104736 -0.1347074955701828 
v -0.583854079246521 2.1533875465393066 -0.09391763061285019 
v -0.583854079246521 2.1667041778564453 -0.054885949939489365 
v -0.583854079246521 2.185030698776245 -0.01761244796216488 
v -0.583854079246521 2.2078399658203125 0.01684795878827572 
v -0.583854079246521 2.2352640628814697 0.04814363270998001 
v -0.583854079246521 2.2666432857513428 0.07557130604982376 
v -0.583854079246521 2.3010551929473877 0.09842769801616669 
v -0.583854079246521 2.3383677005767822 0.11671280860900879 
v -0.583854079246521 2.377393960952759 0.13007500767707825 
v -0.583854079246521 2.4181344509124756 0.13816265761852264 
v -0.583854079246521 2.4596660137176514 0.1409757435321808 
v -0.583854079246521 2.5008018016815186 0.13816265761852264 
v -0.583854079246521 2.5415422916412354 0.13007500767707825 
v -0.583854079246521 2.5809643268585205 0.11671280860900879 
v -0.583854079246521 2.618276596069336 0.09842769801616669 
v -0.583854079246521 2.652688503265381 0.07557130604982376 
v -0.583854079246521 2.6836721897125244 0.04814363270998001 
v -0.583854079246521 2.7110962867736816 0.01684795878827572 
v -0.583854079246521 2.7343010902404785 -0.01761244796216488 
v -0.583854079246521 2.752495765686035 -0.054885949939489365 
v -0.583854079246521 2.765944242477417 -0.09391763061285019 
v -0.583854079246521 2.77398681640625 -0.1347074955701828 
v -0.583854079246521 2.77649188041687 -0.17617866396903992 
v -0.583854079246521 2.77398681640625 -0.21732017397880554 
v -0.583854079246521 2.77649188041687 -0.17617866396903992 
v -0.5789371728897095 2.7585608959198 -0.21556198596954346 
v -0.583854079246521 2.77398681640625 -0.21732017397880554 
v -0.5789371728897095 2.750781774520874 -0.25424203276634216 
v -0.583854079246521 2.765944242477417 -0.25811004638671875 
v -0.5789371728897095 2.7381246089935303 -0.2915155291557312 
v -0.583854079246521 2.752495765686035 -0.2974933683872223 
v -0.5789371728897095 2.720852851867676 -0.32703086733818054 
v -0.583854079246521 2.7343010902404785 -0.33476686477661133 
v -0.5789371728897095 2.698702812194824 -0.35973307490348816 
v -0.583854079246521 2.7110962867736816 -0.36922726035118103 
v -0.5789371728897095 2.672729015350342 -0.3892705738544464 
v -0.583854079246521 2.6836721897125244 -0.40017130970954895 
v -0.5789371728897095 2.643195629119873 -0.4152916967868805 
v -0.583854079246521 2.652688503265381 -0.4275989830493927 
v -0.5789371728897095 2.6104977130889893 -0.437444806098938 
v -0.583854079246521 2.618276596069336 -0.45080700516700745 
v -0.5789371728897095 2.575031042098999 -0.45467501878738403 
v -0.583854079246521 2.5809643268585205 -0.46909213066101074 
v -0.5789371728897095 2.5377187728881836 -0.46733394265174866 
v -0.583854079246521 2.5415422916412354 -0.4824543297290802 
v -0.5789371728897095 2.4990878105163574 -0.47506994009017944 
v -0.583854079246521 2.5008018016815186 -0.4905419647693634 
v -0.5789371728897095 2.4596660137176514 -0.47753140330314636 
v -0.583854079246521 2.4596660137176514 -0.4930034279823303 
v -0.5789371728897095 2.420243978500366 -0.47506994009017944 
v -0.583854079246521 2.4181344509124756 -0.4905419647693634 
v -0.5789371728897095 2.38161301612854 -0.46733394265174866 
v -0.583854079246521 2.377393960952759 -0.4824543297290802 
v -0.5789371728897095 2.3443007469177246 -0.45467501878738403 
v -0.583854079246521 2.3383677005767822 -0.46909213066101074 
v -0.5789371728897095 2.3088340759277344 -0.437444806098938 
v -0.583854079246521 2.3010551929473877 -0.45080700516700745 
v -0.5789371728897095 2.2761361598968506 -0.4152916967868805 
v -0.583854079246521 2.2666432857513428 -0.4275989830493927 
v -0.5789371728897095 2.2462072372436523 -0.3892705738544464 
v -0.583854079246521 2.2352640628814697 -0.40017130970954895 
v -0.5789371728897095 2.220233678817749 -0.35973307490348816 
v -0.583854079246521 2.2078399658203125 -0.36922726035118103 
v -0.5789371728897095 2.1983470916748047 -0.32703086733818054 
v -0.583854079246521 2.185030698776245 -0.33476686477661133 
v -0.5789371728897095 2.1812071800231934 -0.2915155291557312 
v -0.583854079246521 2.1667041778564453 -0.2974933683872223 
v -0.5789371728897095 2.16815447807312 -0.25424203276634216 
v -0.583854079246521 2.1533875465393066 -0.25811004638671875 
v -0.5789371728897095 2.160771131515503 -0.21556198596954346 
v -0.583854079246521 2.1453449726104736 -0.21732017397880554 
v -0.5789371728897095 2.1580023765563965 -0.17617866396903992 
v -0.583854079246521 2.142444372177124 -0.17617866396903992 
v -0.5789371728897095 2.160771131515503 -0.1368173211812973 
v -0.583854079246521 2.1453449726104736 -0.1347074955701828 
v -0.5789371728897095 2.16815447807312 -0.0981372743844986 
v -0.583854079246521 2.1533875465393066 -0.09391763061285019 
v -0.5789371728897095 2.1812071800231934 -0.06086377426981926 
v -0.583854079246521 2.1667041778564453 -0.054885949939489365 
v -0.5789371728897095 2.1983470916748047 -0.02534845657646656 
v -0.583854079246521 2.185030698776245 -0.01761244796216488 
v -0.5789371728897095 2.220233678817749 0.007353764958679676 
v -0.583854079246521 2.2078399658203125 0.01684795878827572 
v -0.5789371728897095 2.2462072372436523 0.03724289312958717 
v -0.583854079246521 2.2352640628814697 0.04814363270998001 
v -0.5789371728897095 2.2761361598968506 0.06326401978731155 
v -0.583854079246521 2.2666432857513428 0.07557130604982376 
v -0.5789371728897095 2.3088340759277344 0.08506549894809723 
v -0.583854079246521 2.3010551929473877 0.09842769801616669 
v -0.5789371728897095 2.3443007469177246 0.10229570418596268 
v -0.583854079246521 2.3383677005767822 0.11671280860900879 
v -0.5789371728897095 2.38161301612854 0.11530626565217972 
v -0.583854079246521 2.377393960952759 0.13007500767707825 
v -0.5789371728897095 2.420243978500366 0.12269063293933868 
v -0.583854079246521 2.4181344509124756 0.13816265761852264 
v -0.5789371728897095 2.4596660137176514 0.12550373375415802 
v -0.583854079246521 2.4596660137176514 0.1409757435321808 
v -0.5789371728897095 2.4990878105163574 0.12269063293933868 
v -0.583854079246521 2.5008018016815186 0.13816265761852264 
v -0.5789371728897095 2.5377187728881836 0.11530626565217972 
v -0.583854079246521 2.5415422916412354 0.13007500767707825 
v -0.5789371728897095 2.575031042098999 0.10229570418596268 
v -0.583854079246521 2.5809643268585205 0.11671280860900879 
v -0.5789371728897095 2.6104977130889893 0.08506549894809723 
v -0.583854079246521 2.618276596069336 0.09842769801616669 
v -0.5789371728897095 2.643195629119873 0.06326401978731155 
v -0.583854079246521 2.652688503265381 0.07557130604982376 
v -0.5789371728897095 2.672729015350342 0.03724289312958717 
v -0.583854079246521 2.6836721897125244 0.04814363270998001 
v -0.5789371728897095 2.698702812194824 0.007353764958679676 
v -0.583854079246521 2.7110962867736816 0.01684795878827572 
v -0.5789371728897095 2.720852851867676 -0.02534845657646656 
v -0.583854079246521 2.7343010902404785 -0.01761244796216488 
v -0.5789371728897095 2.7381246089935303 -0.06086377426981926 
v -0.583854079246521 2.752495765686035 -0.054885949939489365 
v -0.5789371728897095 2.750781774520874 -0.0981372743844986 
v -0.583854079246521 2.765944242477417 -0.09391763061285019 
v -0.5789371728897095 2.7585608959198 -0.1368173211812973 
v -0.583854079246521 2.77398681640625 -0.1347074955701828 
v -0.5789371728897095 2.7609341144561768 -0.17617866396903992 
v -0.5780977010726929 2.7430028915405273 -0.21345217525959015 
v -0.5780977010726929 2.73561954498291 -0.25002238154411316 
v -0.5780977010726929 2.7455079555511475 -0.17617866396903992 
v -0.5780977010726929 2.7430028915405273 -0.1389271467924118 
v -0.5780977010726929 2.73561954498291 -0.10200528055429459 
v -0.5780977010726929 2.7237534523010254 -0.06684160232543945 
v -0.5780977010726929 2.7071409225463867 -0.03308446705341339 
v -0.5780977010726929 2.686440944671631 -0.0021404284052550793 
v -0.5780977010726929 2.661785840988159 0.02599051594734192 
v -0.5780977010726929 2.633702516555786 0.05060509219765663 
v -0.5780977010726929 2.6027188301086426 0.07170329988002777 
v -0.5780977010726929 2.5689661502838135 0.08823022991418839 
v -0.5780977010726929 2.5334997177124023 0.10018587857484818 
v -0.5780977010726929 2.496978282928467 0.10757025331258774 
v -0.5780977010726929 2.4596660137176514 0.11003170907497406 
v -0.5780977010726929 2.422353506088257 0.10757025331258774 
v -0.5780977010726929 2.385436534881592 0.10018587857484818 
v -0.5780977010726929 2.350233793258667 0.08823022991418839 
v -0.5780977010726929 2.316481113433838 0.07170329988002777 
v -0.5780977010726929 2.2856292724609375 0.05060509219765663 
v -0.5780977010726929 2.2574141025543213 0.02599051594734192 
v -0.5780977010726929 2.2328908443450928 -0.0021404284052550793 
v -0.5780977010726929 2.2117953300476074 -0.03308446705341339 
v -0.5780977010726929 2.1951828002929688 -0.06684160232543945 
v -0.5780977010726929 2.183316707611084 -0.10200528055429459 
v -0.5780977010726929 2.175933361053467 -0.1389271467924118 
v -0.5780977010726929 2.1734282970428467 -0.17617866396903992 
v -0.5780977010726929 2.175933361053467 -0.21345217525959015 
v -0.5780977010726929 2.183316707611084 -0.25002238154411316 
v -0.5780977010726929 2.1951828002929688 -0.2855377197265625 
v -0.5780977010726929 2.2117953300476074 -0.31929484009742737 
v -0.5780977010726929 2.2328908443450928 -0.3502388894557953 
v -0.5780977010726929 2.2574141025543213 -0.37836983799934387 
v -0.5780977010726929 2.2856292724609375 -0.4029844105243683 
v -0.5780977010726929 2.316481113433838 -0.4237309694290161 
v -0.5780977010726929 2.350233793258667 -0.4402579069137573 
v -0.5780977010726929 2.385436534881592 -0.4522135555744171 
v -0.5780977010726929 2.422353506088257 -0.4595979154109955 
v -0.5780977010726929 2.4596660137176514 -0.4620593786239624 
v -0.5780977010726929 2.496978282928467 -0.4595979154109955 
v -0.5780977010726929 2.5334997177124023 -0.4522135555744171 
v -0.5780977010726929 2.5689661502838135 -0.4402579069137573 
v -0.5780977010726929 2.6027188301086426 -0.4237309694290161 
v -0.5780977010726929 2.633702516555786 -0.4029844105243683 
v -0.5780977010726929 2.661785840988159 -0.37836983799934387 
v -0.5780977010726929 2.686440944671631 -0.3502388894557953 
v -0.5780977010726929 2.7071409225463867 -0.31929484009742737 
v -0.5780977010726929 2.7237534523010254 -0.2855377197265625 
v -0.5830745697021484 2.721907615661621 -0.24650602042675018 
v -0.5830745697021484 2.7286317348480225 -0.21169398725032806 
v -0.5905098915100098 2.708986759185791 -0.2429896593093872 
v -0.5905098915100098 2.715315341949463 -0.20993579924106598 
v -0.5905098915100098 2.6980435848236084 -0.2749886214733124 
v -0.5830745697021484 2.7103052139282227 -0.27991151809692383 
v -0.5905098915100098 2.6828811168670654 -0.3052293658256531 
v -0.5830745697021484 2.6948790550231934 -0.311910480260849 
v -0.5905098915100098 2.6642909049987793 -0.33336031436920166 
v -0.5830745697021484 2.6748385429382324 -0.34144794940948486 
v -0.5905098915100098 2.6421408653259277 -0.3586781620979309 
v -0.5830745697021484 2.6516337394714355 -0.3681723475456238 
v -0.5905098915100098 2.616826295852661 -0.3808312714099884 
v -0.5830745697021484 2.624868869781494 -0.3913803994655609 
v -0.5905098915100098 2.588743209838867 -0.3994680345058441 
v -0.5830745697021484 2.5953354835510254 -0.4114236831665039 
v -0.5905098915100098 2.5584185123443604 -0.41458842158317566 
v -0.5830745697021484 2.5634286403656006 -0.42689570784568787 
v -0.5905098915100098 2.5263800621032715 -0.4254891574382782 
v -0.5830745697021484 2.529939889907837 -0.43849971890449524 
v -0.5905098915100098 2.4934184551239014 -0.4318186342716217 
v -0.5830745697021484 2.4951324462890625 -0.44518083333969116 
v -0.5905098915100098 2.4596660137176514 -0.43428006768226624 
v -0.5830745697021484 2.4596660137176514 -0.4476422667503357 
v -0.5905098915100098 2.4259133338928223 -0.4318186342716217 
v -0.5830745697021484 2.424067497253418 -0.44518083333969116 
v -0.5905098915100098 2.392819881439209 -0.4254891574382782 
v -0.5830745697021484 2.3892600536346436 -0.43849971890449524 
v -0.5905098915100098 2.36078143119812 -0.41458842158317566 
v -0.5830745697021484 2.3555076122283936 -0.42689570784568787 
v -0.5905098915100098 2.3305885791778564 -0.3994680345058441 
v -0.5830745697021484 2.323864459991455 -0.4114236831665039 
v -0.5905098915100098 2.3025054931640625 -0.3808312714099884 
v -0.5830745697021484 2.2943310737609863 -0.3913803994655609 
v -0.5905098915100098 2.277191162109375 -0.3586781620979309 
v -0.5830745697021484 2.267698049545288 -0.3681723475456238 
v -0.5905098915100098 2.2550408840179443 -0.33336031436920166 
v -0.5830745697021484 2.2440977096557617 -0.34144794940948486 
v -0.5905098915100098 2.2360551357269287 -0.3052293658256531 
v -0.5830745697021484 2.2244527339935303 -0.311910480260849 
v -0.5905098915100098 2.2212884426116943 -0.2749886214733124 
v -0.5830745697021484 2.2086310386657715 -0.27991151809692383 
v -0.5905098915100098 2.2103450298309326 -0.2429896593093872 
v -0.5830745697021484 2.1972923278808594 -0.24650602042675018 
v -0.5905098915100098 2.2036209106445312 -0.20993579924106598 
v -0.5830745697021484 2.1903045177459717 -0.21169398725032806 
v -0.5905098915100098 2.2015113830566406 -0.17617866396903992 
v -0.5830745697021484 2.188194990158081 -0.17617866396903992 
v -0.5905098915100098 2.2036209106445312 -0.14244350790977478 
v -0.5830745697021484 2.1903045177459717 -0.1406853348016739 
v -0.5905098915100098 2.2103450298309326 -0.10938965529203415 
v -0.5830745697021484 2.1972923278808594 -0.10587328672409058 
v -0.5905098915100098 2.2212884426116943 -0.07739070057868958 
v -0.5830745697021484 2.2086310386657715 -0.07211615145206451 
v -0.5905098915100098 2.2360551357269287 -0.047149937599897385 
v -0.5830745697021484 2.2244527339935303 -0.040468838065862656 
v -0.5905098915100098 2.2550408840179443 -0.01901899464428425 
v -0.5830745697021484 2.2440977096557617 -0.01093134842813015 
v -0.5905098915100098 2.277191162109375 0.006298854481428862 
v -0.5830745697021484 2.267698049545288 0.015793047845363617 
v -0.5905098915100098 2.3025054931640625 0.02845197357237339 
v -0.5830745697021484 2.2943310737609863 0.03935271501541138 
v -0.5905098915100098 2.3305885791778564 0.047440361231565475 
v -0.5830745697021484 2.323864459991455 0.05904437601566315 
v -0.5905098915100098 2.36078143119812 0.0622091069817543 
v -0.5830745697021484 2.3555076122283936 0.07486803084611893 
v -0.5905098915100098 2.392819881439209 0.07310985028743744 
v -0.5830745697021484 2.3892600536346436 0.08612041175365448 
v -0.5905098915100098 2.4259133338928223 0.07979094237089157 
v -0.5830745697021484 2.424067497253418 0.09315314143896103 
v -0.5905098915100098 2.4596660137176514 0.08190076798200607 
v -0.5830745697021484 2.4596660137176514 0.09526296705007553 
v -0.5905098915100098 2.4934184551239014 0.07979094237089157 
v -0.5830745697021484 2.4951324462890625 0.09315314143896103 
v -0.5905098915100098 2.5263800621032715 0.07310985028743744 
v -0.5830745697021484 2.529939889907837 0.08612041175365448 
v -0.5905098915100098 2.5584185123443604 0.0622091069817543 
v -0.5830745697021484 2.5634286403656006 0.07486803084611893 
v -0.5905098915100098 2.588743209838867 0.047440361231565475 
v -0.5830745697021484 2.5953354835510254 0.05904437601566315 
v -0.5905098915100098 2.616826295852661 0.02845197357237339 
v -0.5830745697021484 2.624868869781494 0.03935271501541138 
v -0.5905098915100098 2.6421408653259277 0.006298854481428862 
v -0.5830745697021484 2.6516337394714355 0.015793047845363617 
v -0.5905098915100098 2.6642909049987793 -0.01901899464428425 
v -0.5830745697021484 2.6748385429382324 -0.01093134842813015 
v -0.5905098915100098 2.6828811168670654 -0.047149937599897385 
v -0.5830745697021484 2.6948790550231934 -0.040468838065862656 
v -0.5905098915100098 2.6980435848236084 -0.07739070057868958 
v -0.5830745697021484 2.7103052139282227 -0.07211615145206451 
v -0.5905098915100098 2.708986759185791 -0.10938965529203415 
v -0.5830745697021484 2.721907615661621 -0.10587328672409058 
v -0.5905098915100098 2.715315341949463 -0.14244350790977478 
v -0.5830745697021484 2.7286317348480225 -0.1406853348016739 
v -0.5905098915100098 2.71768856048584 -0.17617866396903992 
v -0.5830745697021484 2.7311367988586426 -0.17617866396903992 
v -0.5780977010726929 2.7455079555511475 -0.17617866396903992 
v -0.5780977010726929 2.7430028915405273 -0.1389271467924118 
v -0.5780977010726929 2.73561954498291 -0.10200528055429459 
v -0.5780977010726929 2.7237534523010254 -0.06684160232543945 
v -0.5780977010726929 2.7071409225463867 -0.03308446705341339 
v -0.5780977010726929 2.686440944671631 -0.0021404284052550793 
v -0.5780977010726929 2.661785840988159 0.02599051594734192 
v -0.5780977010726929 2.633702516555786 0.05060509219765663 
v -0.5780977010726929 2.6027188301086426 0.07170329988002777 
v -0.5780977010726929 2.5689661502838135 0.08823022991418839 
v -0.5780977010726929 2.5334997177124023 0.10018587857484818 
v -0.5780977010726929 2.496978282928467 0.10757025331258774 
v -0.5780977010726929 2.4596660137176514 0.11003170907497406 
v -0.5780977010726929 2.422353506088257 0.10757025331258774 
v -0.5780977010726929 2.385436534881592 0.10018587857484818 
v -0.5780977010726929 2.350233793258667 0.08823022991418839 
v -0.5780977010726929 2.316481113433838 0.07170329988002777 
v -0.5780977010726929 2.2856292724609375 0.05060509219765663 
v -0.5780977010726929 2.2574141025543213 0.02599051594734192 
v -0.5780977010726929 2.2328908443450928 -0.0021404284052550793 
v -0.5780977010726929 2.2117953300476074 -0.03308446705341339 
v -0.5780977010726929 2.1951828002929688 -0.06684160232543945 
v -0.5780977010726929 2.183316707611084 -0.10200528055429459 
v -0.5780977010726929 2.175933361053467 -0.1389271467924118 
v -0.5780977010726929 2.1734282970428467 -0.17617866396903992 
v -0.5780977010726929 2.175933361053467 -0.21345217525959015 
v -0.5780977010726929 2.183316707611084 -0.25002238154411316 
v -0.5780977010726929 2.1951828002929688 -0.2855377197265625 
v -0.5780977010726929 2.2117953300476074 -0.31929484009742737 
v -0.5780977010726929 2.2856292724609375 -0.4029844105243683 
v -0.5780977010726929 2.316481113433838 -0.4237309694290161 
v -0.5780977010726929 2.350233793258667 -0.4402579069137573 
v -0.5780977010726929 2.385436534881592 -0.4522135555744171 
v -0.5780977010726929 2.422353506088257 -0.4595979154109955 
v -0.5780977010726929 2.4596660137176514 -0.4620593786239624 
v -0.5780977010726929 2.496978282928467 -0.4595979154109955 
v -0.5780977010726929 2.5334997177124023 -0.4522135555744171 
v -0.5780977010726929 2.5689661502838135 -0.4402579069137573 
v -0.5780977010726929 2.6027188301086426 -0.4237309694290161 
v -0.5780977010726929 2.633702516555786 -0.4029844105243683 
v -0.5780977010726929 2.661785840988159 -0.37836983799934387 
v -0.5780977010726929 2.686440944671631 -0.3502388894557953 
v -0.5780977010726929 2.7071409225463867 -0.31929484009742737 
v -0.5780977010726929 2.7237534523010254 -0.2855377197265625 
v -0.5780977010726929 2.73561954498291 -0.25002238154411316 
v -0.5780977010726929 2.7430028915405273 -0.21345217525959015 
v -0.5905098915100098 2.7110962867736816 -0.17617866396903992 
v -0.5905098915100098 2.708986759185791 -0.14314678311347961 
v -0.5905098915100098 2.705031394958496 -0.17617866396903992 
v -0.5905098915100098 2.7029218673706055 -0.14420169591903687 
v -0.5905098915100098 2.7029218673706055 -0.2081776112318039 
v -0.5905098915100098 2.708986759185791 -0.20888088643550873 
v -0.5905098915100098 2.6965932846069336 -0.23982492089271545 
v -0.5905098915100098 2.702658176422119 -0.24123147130012512 
v -0.5905098915100098 2.686440944671631 -0.27006569504737854 
v -0.5905098915100098 2.692110300064087 -0.27252715826034546 
v -0.5905098915100098 2.6723334789276123 -0.29889991879463196 
v -0.5905098915100098 2.677607297897339 -0.3020646274089813 
v -0.5905098915100098 2.654402494430542 -0.3256243169307709 
v -0.5905098915100098 2.6594126224517822 -0.32914066314697266 
v -0.5905098915100098 2.6333069801330566 -0.34988725185394287 
v -0.5905098915100098 2.637526273727417 -0.3541068732738495 
v -0.5905098915100098 2.6090474128723145 -0.3709854483604431 
v -0.5905098915100098 2.61260724067688 -0.37590837478637695 
v -0.5905098915100098 2.5824146270751953 -0.388918936252594 
v -0.5905098915100098 2.5855789184570312 -0.39419347047805786 
v -0.5905098915100098 2.5535402297973633 -0.4029844105243683 
v -0.5905098915100098 2.5560452938079834 -0.40861058235168457 
v -0.5905098915100098 2.5233476161956787 -0.413181871175766 
v -0.5905098915100098 2.5246660709381104 -0.4191597104072571 
v -0.5905098915100098 2.491572618484497 -0.4195113182067871 
v -0.5905098915100098 2.492363691329956 -0.4254891574382782 
v -0.5905098915100098 2.4596660137176514 -0.4216211438179016 
v -0.5905098915100098 2.4596660137176514 -0.4275989830493927 
v -0.5905098915100098 2.4276273250579834 -0.4195113182067871 
v -0.5905098915100098 2.426572561264038 -0.4254891574382782 
v -0.5905098915100098 2.395984172821045 -0.413181871175766 
v -0.5905098915100098 2.39453387260437 -0.4191597104072571 
v -0.5905098915100098 2.3657915592193604 -0.4029844105243683 
v -0.5905098915100098 2.3632864952087402 -0.40861058235168457 
v -0.5905098915100098 2.3369174003601074 -0.388918936252594 
v -0.5905098915100098 2.3337528705596924 -0.39419347047805786 
v -0.5905098915100098 2.310152530670166 -0.3709854483604431 
v -0.5905098915100098 2.3063290119171143 -0.37590837478637695 
v -0.5905098915100098 2.285892963409424 -0.34988725185394287 
v -0.5905098915100098 2.2816739082336426 -0.3541068732738495 
v -0.5905098915100098 2.2647974491119385 -0.3256243169307709 
v -0.5905098915100098 2.2599191665649414 -0.32914066314697266 
v -0.5905098915100098 2.246866464614868 -0.29889991879463196 
v -0.5905098915100098 2.2415926456451416 -0.3020646274089813 
v -0.5905098915100098 2.2328908443450928 -0.27006569504737854 
v -0.5905098915100098 2.2272214889526367 -0.27252715826034546 
v -0.5905098915100098 2.2223432064056396 -0.23982492089271545 
v -0.5905098915100098 2.2166736125946045 -0.24123147130012512 
v -0.5905098915100098 2.2160143852233887 -0.2081776112318039 
v -0.5905098915100098 2.209949493408203 -0.20888088643550873 
v -0.5905098915100098 2.213904857635498 -0.17617866396903992 
v -0.5905098915100098 2.2078399658203125 -0.17617866396903992 
v -0.5905098915100098 2.2160143852233887 -0.14420169591903687 
v -0.5905098915100098 2.209949493408203 -0.14314678311347961 
v -0.5905098915100098 2.2223432064056396 -0.1125543862581253 
v -0.5905098915100098 2.2166736125946045 -0.11114783585071564 
v -0.5905098915100098 2.2328908443450928 -0.08231361955404282 
v -0.5905098915100098 2.2272214889526367 -0.0798521637916565 
v -0.5905098915100098 2.246866464614868 -0.0534793995320797 
v -0.5905098915100098 2.2415926456451416 -0.05031466856598854 
v -0.5905098915100098 2.2647974491119385 -0.02675500512123108 
v -0.5905098915100098 2.2599191665649414 -0.02288699895143509 
v -0.5905098915100098 2.285892963409424 -0.0024920653086155653 
v -0.5905098915100098 2.2816739082336426 0.001727576251141727 
v -0.5905098915100098 2.310152530670166 0.018606143072247505 
v -0.5905098915100098 2.3063290119171143 0.023529058322310448 
v -0.5905098915100098 2.3369174003601074 0.03653961792588234 
v -0.5905098915100098 2.3337528705596924 0.0418141707777977 
v -0.5905098915100098 2.3657915592193604 0.05060509219765663 
v -0.5905098915100098 2.3632864952087402 0.05623127892613411 
v -0.5905098915100098 2.395984172821045 0.06115419417619705 
v -0.5905098915100098 2.39453387260437 0.06678038090467453 
v -0.5905098915100098 2.4276273250579834 0.06748365610837936 
v -0.5905098915100098 2.426572561264038 0.07346148043870926 
v -0.5905098915100098 2.4596660137176514 0.06959348171949387 
v -0.5905098915100098 2.4596660137176514 0.07557130604982376 
v -0.5905098915100098 2.491572618484497 0.06748365610837936 
v -0.5905098915100098 2.492363691329956 0.07346148043870926 
v -0.5905098915100098 2.5233476161956787 0.06115419417619705 
v -0.5905098915100098 2.5246660709381104 0.06678038090467453 
v -0.5905098915100098 2.5535402297973633 0.05060509219765663 
v -0.5905098915100098 2.5560452938079834 0.05623127892613411 
v -0.5905098915100098 2.5824146270751953 0.03653961792588234 
v -0.5905098915100098 2.5855789184570312 0.0418141707777977 
v -0.5905098915100098 2.6090474128723145 0.018606143072247505 
v -0.5905098915100098 2.61260724067688 0.023529058322310448 
v -0.5905098915100098 2.6333069801330566 -0.0024920653086155653 
v -0.5905098915100098 2.637526273727417 0.001727576251141727 
v -0.5905098915100098 2.654402494430542 -0.02675500512123108 
v -0.5905098915100098 2.6594126224517822 -0.02288699895143509 
v -0.5905098915100098 2.6723334789276123 -0.0534793995320797 
v -0.5905098915100098 2.677607297897339 -0.05031466856598854 
v -0.5905098915100098 2.686440944671631 -0.08231361955404282 
v -0.5905098915100098 2.692110300064087 -0.0798521637916565 
v -0.5905098915100098 2.6965932846069336 -0.1125543862581253 
v -0.5905098915100098 2.702658176422119 -0.11114783585071564 
v -0.5905098915100098 2.708986759185791 -0.10938965529203415 
v -0.5905098915100098 2.6980435848236084 -0.07739070057868958 
v -0.5905098915100098 2.6828811168670654 -0.047149937599897385 
v -0.5905098915100098 2.6642909049987793 -0.01901899464428425 
v -0.5905098915100098 2.6421408653259277 0.006298854481428862 
v -0.5905098915100098 2.616826295852661 0.02845197357237339 
v -0.5905098915100098 2.588743209838867 0.047440361231565475 
v -0.5905098915100098 2.5584185123443604 0.0622091069817543 
v -0.5905098915100098 2.5263800621032715 0.07310985028743744 
v -0.5905098915100098 2.4934184551239014 0.07979094237089157 
v -0.5905098915100098 2.4596660137176514 0.08190076798200607 
v -0.5905098915100098 2.4259133338928223 0.07979094237089157 
v -0.5905098915100098 2.392819881439209 0.07310985028743744 
v -0.5905098915100098 2.36078143119812 0.0622091069817543 
v -0.5905098915100098 2.3305885791778564 0.047440361231565475 
v -0.5905098915100098 2.3025054931640625 0.02845197357237339 
v -0.5905098915100098 2.277191162109375 0.006298854481428862 
v -0.5905098915100098 2.2550408840179443 -0.01901899464428425 
v -0.5905098915100098 2.2360551357269287 -0.047149937599897385 
v -0.5905098915100098 2.2212884426116943 -0.07739070057868958 
v -0.5905098915100098 2.2103450298309326 -0.10938965529203415 
v -0.5905098915100098 2.2036209106445312 -0.14244350790977478 
v -0.5905098915100098 2.2015113830566406 -0.17617866396903992 
v -0.5905098915100098 2.2036209106445312 -0.20993579924106598 
v -0.5905098915100098 2.2103450298309326 -0.2429896593093872 
v -0.5905098915100098 2.2212884426116943 -0.2749886214733124 
v -0.5905098915100098 2.2360551357269287 -0.3052293658256531 
v -0.5905098915100098 2.2550408840179443 -0.33336031436920166 
v -0.5905098915100098 2.277191162109375 -0.3586781620979309 
v -0.5905098915100098 2.3025054931640625 -0.3808312714099884 
v -0.5905098915100098 2.3305885791778564 -0.3994680345058441 
v -0.5905098915100098 2.36078143119812 -0.41458842158317566 
v -0.5905098915100098 2.392819881439209 -0.4254891574382782 
v -0.5905098915100098 2.4259133338928223 -0.4318186342716217 
v -0.5905098915100098 2.4596660137176514 -0.43428006768226624 
v -0.5905098915100098 2.4934184551239014 -0.4318186342716217 
v -0.5905098915100098 2.5263800621032715 -0.4254891574382782 
v -0.5905098915100098 2.5584185123443604 -0.41458842158317566 
v -0.5905098915100098 2.588743209838867 -0.3994680345058441 
v -0.5905098915100098 2.616826295852661 -0.3808312714099884 
v -0.5905098915100098 2.6421408653259277 -0.3586781620979309 
v -0.5905098915100098 2.6642909049987793 -0.33336031436920166 
v -0.5905098915100098 2.6828811168670654 -0.3052293658256531 
v -0.5905098915100098 2.6980435848236084 -0.2749886214733124 
v -0.5905098915100098 2.708986759185791 -0.2429896593093872 
v -0.5905098915100098 2.715315341949463 -0.20993579924106598 
v -0.5905098915100098 2.71768856048584 -0.17617866396903992 
v -0.5905098915100098 2.715315341949463 -0.14244350790977478 
v 0.5919466614723206 2.127809524536133 -0.17617866396903992 
v 0.5919466614723206 2.1305782794952393 -0.21942999958992004 
v 0.6043588519096375 2.1172618865966797 -0.17617866396903992 
v 0.6043588519096375 2.120030641555786 -0.22083653509616852 
v 0.6043588519096375 2.120030641555786 -0.13154277205467224 
v 0.5919466614723206 2.1305782794952393 -0.1329493224620819 
v 0.6043588519096375 2.128864288330078 -0.08758816868066788 
v 0.5919466614723206 2.1390163898468018 -0.09040126204490662 
v 0.6043588519096375 2.143235445022583 -0.0453917533159256 
v 0.5919466614723206 2.1531238555908203 -0.049611397087574005 
v 0.6043588519096375 2.1628806591033936 -0.005305159837007523 
v 0.5919466614723206 2.172109842300415 -0.010579711757600307 
v 0.6043588519096375 2.1875357627868652 0.031968340277671814 
v 0.5919466614723206 2.1959738731384277 0.025287242606282234 
v 0.6043588519096375 2.217069149017334 0.06537383794784546 
v 0.5919466614723206 2.2248482704162598 0.057989463210105896 
v 0.6043588519096375 2.250821828842163 0.09491132944822311 
v 0.5919466614723206 2.257150411605835 0.0864720419049263 
v 0.6043588519096375 2.287738800048828 0.11987753957509995 
v 0.5919466614723206 2.293408155441284 0.11038334667682648 
v 0.6043588519096375 2.32781982421875 0.1395692080259323 
v 0.5919466614723206 2.3320388793945312 0.12972337007522583 
v 0.6043588519096375 2.370406150817871 0.15398630499839783 
v 0.5919466614723206 2.3731749057769775 0.1434372067451477 
v 0.6043588519096375 2.4140472412109375 0.16242559254169464 
v 0.5919466614723206 2.415365695953369 0.15187649428844452 
v 0.6043588519096375 2.458611249923706 0.1655903309583664 
v 0.5919466614723206 2.458611249923706 0.15468958020210266 
v 0.6043588519096375 2.5033068656921387 0.16242559254169464 
v 0.5919466614723206 2.501856565475464 0.15187649428844452 
v 0.6043588519096375 2.5472116470336914 0.15398630499839783 
v 0.5919466614723206 2.544442892074585 0.1434372067451477 
v 0.6043588519096375 2.589402437210083 0.1395692080259323 
v 0.5919466614723206 2.5851833820343018 0.12972337007522583 
v 0.6043588519096375 2.629483461380005 0.11987753957509995 
v 0.5919466614723206 2.6242096424102783 0.11038334667682648 
v 0.6043588519096375 2.6667959690093994 0.09491132944822311 
v 0.5919466614723206 2.660071849822998 0.0864720419049263 
v 0.6043588519096375 2.700284957885742 0.06537383794784546 
v 0.5919466614723206 2.6927695274353027 0.057989463210105896 
v 0.6043588519096375 2.729818344116211 0.031968340277671814 
v 0.5919466614723206 2.7212483882904053 0.025287242606282234 
v 0.6043588519096375 2.754737138748169 -0.005305159837007523 
v 0.5919466614723206 2.745244264602661 -0.010579711757600307 
v 0.6043588519096375 2.7743823528289795 -0.0453917533159256 
v 0.5919466614723206 2.7646257877349854 -0.049611397087574005 
v 0.6043588519096375 2.7888853549957275 -0.08758816868066788 
v 0.5919466614723206 2.7783377170562744 -0.09040126204490662 
v 0.6043588519096375 2.79732346534729 -0.13154277205467224 
v 0.5919466614723206 2.786775827407837 -0.1329493224620819 
v 0.6043588519096375 2.800487756729126 -0.17617866396903992 
v 0.5919466614723206 2.7895445823669434 -0.17617866396903992 
v 0.6043588519096375 2.79732346534729 -0.22083653509616852 
v 0.5919466614723206 2.786775827407837 -0.21942999958992004 
v 0.6043588519096375 2.7888853549957275 -0.26443949341773987 
v 0.5919466614723206 2.7783377170562744 -0.2616264224052429 
v 0.6043588519096375 2.7743823528289795 -0.30698755383491516 
v 0.5919466614723206 2.7646257877349854 -0.30276790261268616 
v 0.6043588519096375 2.754737138748169 -0.34707415103912354 
v 0.5919466614723206 2.745244264602661 -0.34144794940948486 
v 0.6043588519096375 2.729818344116211 -0.38399600982666016 
v 0.5919466614723206 2.7212483882904053 -0.37766656279563904 
v 0.6043588519096375 2.700284957885742 -0.4177531599998474 
v 0.5919466614723206 2.6927695274353027 -0.41001713275909424 
v 0.6043588519096375 2.6667959690093994 -0.4472906291484833 
v 0.5919466614723206 2.660071849822998 -0.43885135650634766 
v 0.6043588519096375 2.629483461380005 -0.4719052016735077 
v 0.5919466614723206 2.6242096424102783 -0.46276265382766724 
v 0.6043588519096375 2.589402437210083 -0.49159687757492065 
v 0.5919466614723206 2.5851833820343018 -0.48175105452537537 
v 0.6043588519096375 2.5472116470336914 -0.5060139894485474 
v 0.5919466614723206 2.544442892074585 -0.49581652879714966 
v 0.6043588519096375 2.5033068656921387 -0.5148048996925354 
v 0.5919466614723206 2.501856565475464 -0.5042558312416077 
v 0.6043588519096375 2.458611249923706 -0.5176180005073547 
v 0.5919466614723206 2.458611249923706 -0.5070688724517822 
v 0.6043588519096375 2.4140472412109375 -0.5148048996925354 
v 0.5919466614723206 2.415365695953369 -0.5042558312416077 
v 0.6043588519096375 2.370406150817871 -0.5060139894485474 
v 0.5919466614723206 2.3731749057769775 -0.49581652879714966 
v 0.6043588519096375 2.32781982421875 -0.49159687757492065 
v 0.5919466614723206 2.3320388793945312 -0.48175105452537537 
v 0.6043588519096375 2.287738800048828 -0.4719052016735077 
v 0.5919466614723206 2.293408155441284 -0.46276265382766724 
v 0.6043588519096375 2.250821828842163 -0.4472906291484833 
v 0.5919466614723206 2.257150411605835 -0.43885135650634766 
v 0.6043588519096375 2.217069149017334 -0.4177531599998474 
v 0.5919466614723206 2.2248482704162598 -0.41001713275909424 
v 0.6043588519096375 2.1875357627868652 -0.38399600982666016 
v 0.5919466614723206 2.1959738731384277 -0.37766656279563904 
v 0.6043588519096375 2.1628806591033936 -0.34707415103912354 
v 0.5919466614723206 2.172109842300415 -0.34144794940948486 
v 0.6043588519096375 2.143235445022583 -0.30698755383491516 
v 0.5919466614723206 2.1531238555908203 -0.30276790261268616 
v 0.6043588519096375 2.128864288330078 -0.26443949341773987 
v 0.5919466614723206 2.1390163898468018 -0.2616264224052429 
v 0.5819929242134094 2.1524646282196045 -0.25811004638671875 
v 0.5819929242134094 2.165781259536743 -0.2974933683872223 
v 0.5819929242134094 2.184107780456543 -0.33476686477661133 
v 0.5819929242134094 2.20731258392334 -0.36922726035118103 
v 0.5819929242134094 2.234736680984497 -0.40017130970954895 
v 0.5819929242134094 2.2655885219573975 -0.4275989830493927 
v 0.5819929242134094 2.3001322746276855 -0.45080700516700745 
v 0.5819929242134094 2.337312936782837 -0.46909213066101074 
v 0.5819929242134094 2.376734733581543 -0.4824543297290802 
v 0.5819929242134094 2.4174752235412598 -0.4905419647693634 
v 0.5819929242134094 2.458611249923706 -0.4930034279823303 
v 0.5819929242134094 2.5001425743103027 -0.4905419647693634 
v 0.5819929242134094 2.5408830642700195 -0.4824543297290802 
v 0.5819929242134094 2.579909563064575 -0.46909213066101074 
v 0.5819929242134094 2.6172218322753906 -0.45080700516700745 
v 0.5819929242134094 2.6516337394714355 -0.4275989830493927 
v 0.5819929242134094 2.6830129623413086 -0.40017130970954895 
v 0.5819929242134094 2.710437059402466 -0.36922726035118103 
v 0.5819929242134094 2.733246326446533 -0.33476686477661133 
v 0.5819929242134094 2.751572847366333 -0.2974933683872223 
v 0.5819929242134094 2.7648894786834717 -0.25811004638671875 
v 0.5819929242134094 2.773063898086548 -0.21732017397880554 
v 0.5819929242134094 2.7758326530456543 -0.17617866396903992 
v 0.5819929242134094 2.773063898086548 -0.1347074955701828 
v 0.5819929242134094 2.7648894786834717 -0.09391763061285019 
v 0.5819929242134094 2.751572847366333 -0.054885949939489365 
v 0.5819929242134094 2.733246326446533 -0.01761244796216488 
v 0.5819929242134094 2.710437059402466 0.01684795878827572 
v 0.5819929242134094 2.6830129623413086 0.04814363270998001 
v 0.5819929242134094 2.6516337394714355 0.07557130604982376 
v 0.5819929242134094 2.6172218322753906 0.09842769801616669 
v 0.5819929242134094 2.579909563064575 0.11671280860900879 
v 0.5819929242134094 2.5408830642700195 0.13007500767707825 
v 0.5819929242134094 2.5001425743103027 0.13816265761852264 
v 0.5819929242134094 2.458611249923706 0.1409757435321808 
v 0.5819929242134094 2.4174752235412598 0.13816265761852264 
v 0.5819929242134094 2.376734733581543 0.13007500767707825 
v 0.5819929242134094 2.337312936782837 0.11671280860900879 
v 0.5819929242134094 2.3001322746276855 0.09842769801616669 
v 0.5819929242134094 2.2655885219573975 0.07557130604982376 
v 0.5819929242134094 2.234736680984497 0.04814363270998001 
v 0.5819929242134094 2.20731258392334 0.01684795878827572 
v 0.5819929242134094 2.184107780456543 -0.01761244796216488 
v 0.5819929242134094 2.165781259536743 -0.054885949939489365 
v 0.5819929242134094 2.1524646282196045 -0.09391763061285019 
v 0.5819929242134094 2.1442902088165283 -0.1347074955701828 
v 0.5819929242134094 2.1419169902801514 -0.17617866396903992 
v 0.5819929242134094 2.1442902088165283 -0.21732017397880554 
v 0.5819929242134094 2.1419169902801514 -0.17617866396903992 
v 0.5770760178565979 2.159848213195801 -0.21556198596954346 
v 0.5819929242134094 2.1442902088165283 -0.21732017397880554 
v 0.5770760178565979 2.1674952507019043 -0.25424203276634216 
v 0.5819929242134094 2.1524646282196045 -0.25811004638671875 
v 0.5770760178565979 2.180152416229248 -0.2915155291557312 
v 0.5819929242134094 2.165781259536743 -0.2974933683872223 
v 0.5770760178565979 2.1974241733551025 -0.32703086733818054 
v 0.5819929242134094 2.184107780456543 -0.33476686477661133 
v 0.5770760178565979 2.219574451446533 -0.35973307490348816 
v 0.5819929242134094 2.20731258392334 -0.36922726035118103 
v 0.5770760178565979 2.2455480098724365 -0.3892705738544464 
v 0.5819929242134094 2.234736680984497 -0.40017130970954895 
v 0.5770760178565979 2.2750813961029053 -0.4152916967868805 
v 0.5819929242134094 2.2655885219573975 -0.4275989830493927 
v 0.5770760178565979 2.307779312133789 -0.437444806098938 
v 0.5819929242134094 2.3001322746276855 -0.45080700516700745 
v 0.5770760178565979 2.3433778285980225 -0.45467501878738403 
v 0.5819929242134094 2.337312936782837 -0.46909213066101074 
v 0.5770760178565979 2.3805582523345947 -0.46733394265174866 
v 0.5819929242134094 2.376734733581543 -0.4824543297290802 
v 0.5770760178565979 2.419321060180664 -0.47506994009017944 
v 0.5819929242134094 2.4174752235412598 -0.4905419647693634 
v 0.5770760178565979 2.458611249923706 -0.47753140330314636 
v 0.5819929242134094 2.458611249923706 -0.4930034279823303 
v 0.5770760178565979 2.498033046722412 -0.47506994009017944 
v 0.5819929242134094 2.5001425743103027 -0.4905419647693634 
v 0.5770760178565979 2.5366640090942383 -0.46733394265174866 
v 0.5819929242134094 2.5408830642700195 -0.4824543297290802 
v 0.5770760178565979 2.5739762783050537 -0.45467501878738403 
v 0.5819929242134094 2.579909563064575 -0.46909213066101074 
v 0.5770760178565979 2.609442949295044 -0.437444806098938 
v 0.5819929242134094 2.6172218322753906 -0.45080700516700745 
v 0.5770760178565979 2.6421408653259277 -0.4152916967868805 
v 0.5819929242134094 2.6516337394714355 -0.4275989830493927 
v 0.5770760178565979 2.672069787979126 -0.3892705738544464 
v 0.5819929242134094 2.6830129623413086 -0.40017130970954895 
v 0.5770760178565979 2.6981754302978516 -0.35973307490348816 
v 0.5819929242134094 2.710437059402466 -0.36922726035118103 
v 0.5770760178565979 2.7199299335479736 -0.32703086733818054 
v 0.5819929242134094 2.733246326446533 -0.33476686477661133 
v 0.5770760178565979 2.737069845199585 -0.2915155291557312 
v 0.5819929242134094 2.751572847366333 -0.2974933683872223 
v 0.5770760178565979 2.750122547149658 -0.25424203276634216 
v 0.5819929242134094 2.7648894786834717 -0.25811004638671875 
v 0.5770760178565979 2.7575061321258545 -0.21556198596954346 
v 0.5819929242134094 2.773063898086548 -0.21732017397880554 
v 0.5770760178565979 2.760406732559204 -0.17617866396903992 
v 0.5819929242134094 2.7758326530456543 -0.17617866396903992 
v 0.5770760178565979 2.7575061321258545 -0.1368173211812973 
v 0.5819929242134094 2.773063898086548 -0.1347074955701828 
v 0.5770760178565979 2.750122547149658 -0.0981372743844986 
v 0.5819929242134094 2.7648894786834717 -0.09391763061285019 
v 0.5770760178565979 2.737069845199585 -0.06086377426981926 
v 0.5819929242134094 2.751572847366333 -0.054885949939489365 
v 0.5770760178565979 2.7199299335479736 -0.02534845657646656 
v 0.5819929242134094 2.733246326446533 -0.01761244796216488 
v 0.5770760178565979 2.6981754302978516 0.007353764958679676 
v 0.5819929242134094 2.710437059402466 0.01684795878827572 
v 0.5770760178565979 2.672069787979126 0.03724289312958717 
v 0.5819929242134094 2.6830129623413086 0.04814363270998001 
v 0.5770760178565979 2.6421408653259277 0.06326401978731155 
v 0.5819929242134094 2.6516337394714355 0.07557130604982376 
v 0.5770760178565979 2.609442949295044 0.08506549894809723 
v 0.5819929242134094 2.6172218322753906 0.09842769801616669 
v 0.5770760178565979 2.5739762783050537 0.10229570418596268 
v 0.5819929242134094 2.579909563064575 0.11671280860900879 
v 0.5770760178565979 2.5366640090942383 0.11530626565217972 
v 0.5819929242134094 2.5408830642700195 0.13007500767707825 
v 0.5770760178565979 2.498033046722412 0.12269063293933868 
v 0.5819929242134094 2.5001425743103027 0.13816265761852264 
v 0.5770760178565979 2.458611249923706 0.12550373375415802 
v 0.5819929242134094 2.458611249923706 0.1409757435321808 
v 0.5770760178565979 2.419321060180664 0.12269063293933868 
v 0.5819929242134094 2.4174752235412598 0.13816265761852264 
v 0.5770760178565979 2.3805582523345947 0.11530626565217972 
v 0.5819929242134094 2.376734733581543 0.13007500767707825 
v 0.5770760178565979 2.3433778285980225 0.10229570418596268 
v 0.5819929242134094 2.337312936782837 0.11671280860900879 
v 0.5770760178565979 2.307779312133789 0.08506549894809723 
v 0.5819929242134094 2.3001322746276855 0.09842769801616669 
v 0.5770760178565979 2.2750813961029053 0.06326401978731155 
v 0.5819929242134094 2.2655885219573975 0.07557130604982376 
v 0.5770760178565979 2.2455480098724365 0.03724289312958717 
v 0.5819929242134094 2.234736680984497 0.04814363270998001 
v 0.5770760178565979 2.219574451446533 0.007353764958679676 
v 0.5819929242134094 2.20731258392334 0.01684795878827572 
v 0.5770760178565979 2.1974241733551025 -0.02534845657646656 
v 0.5819929242134094 2.184107780456543 -0.01761244796216488 
v 0.5770760178565979 2.180152416229248 -0.06086377426981926 
v 0.5819929242134094 2.165781259536743 -0.054885949939489365 
v 0.5770760178565979 2.1674952507019043 -0.0981372743844986 
v 0.5819929242134094 2.1524646282196045 -0.09391763061285019 
v 0.5770760178565979 2.159848213195801 -0.1368173211812973 
v 0.5819929242134094 2.1442902088165283 -0.1347074955701828 
v 0.5770760178565979 2.1573431491851807 -0.17617866396903992 
v 0.5762365460395813 2.175274133682251 -0.21345217525959015 
v 0.5762365460395813 2.182657480239868 -0.25002238154411316 
v 0.5762365460395813 2.172769069671631 -0.17617866396903992 
v 0.5762365460395813 2.175274133682251 -0.1389271467924118 
v 0.5762365460395813 2.182657480239868 -0.10200528055429459 
v 0.5762365460395813 2.194655418395996 -0.06684160232543945 
v 0.5762365460395813 2.2111361026763916 -0.03308446705341339 
v 0.5762365460395813 2.2318360805511475 -0.0021404284052550793 
v 0.5762365460395813 2.256491184234619 0.02599051594734192 
v 0.5762365460395813 2.284574508666992 0.05060509219765663 
v 0.5762365460395813 2.3155581951141357 0.07170329988002777 
v 0.5762365460395813 2.349310874938965 0.08823022991418839 
v 0.5762365460395813 2.384777307510376 0.10018587857484818 
v 0.5762365460395813 2.4214305877685547 0.10757025331258774 
v 0.5762365460395813 2.458611249923706 0.11003170907497406 
v 0.5762365460395813 2.4959235191345215 0.10757025331258774 
v 0.5762365460395813 2.5328404903411865 0.10018587857484818 
v 0.5762365460395813 2.5680432319641113 0.08823022991418839 
v 0.5762365460395813 2.6017959117889404 0.07170329988002777 
v 0.5762365460395813 2.632647752761841 0.05060509219765663 
v 0.5762365460395813 2.660862922668457 0.02599051594734192 
v 0.5762365460395813 2.6855180263519287 -0.0021404284052550793 
v 0.5762365460395813 2.706481695175171 -0.03308446705341339 
v 0.5762365460395813 2.7230942249298096 -0.06684160232543945 
v 0.5762365460395813 2.7349603176116943 -0.10200528055429459 
v 0.5762365460395813 2.7424755096435547 -0.1389271467924118 
v 0.5762365460395813 2.7448487281799316 -0.17617866396903992 
v 0.5762365460395813 2.7424755096435547 -0.21345217525959015 
v 0.5762365460395813 2.7349603176116943 -0.25002238154411316 
v 0.5762365460395813 2.7230942249298096 -0.2855377197265625 
v 0.5762365460395813 2.706481695175171 -0.31929484009742737 
v 0.5762365460395813 2.6855180263519287 -0.3502388894557953 
v 0.5762365460395813 2.660862922668457 -0.37836983799934387 
v 0.5762365460395813 2.632647752761841 -0.4029844105243683 
v 0.5762365460395813 2.6017959117889404 -0.4237309694290161 
v 0.5762365460395813 2.5680432319641113 -0.4402579069137573 
v 0.5762365460395813 2.5328404903411865 -0.4522135555744171 
v 0.5762365460395813 2.4959235191345215 -0.4595979154109955 
v 0.5762365460395813 2.458611249923706 -0.4620593786239624 
v 0.5762365460395813 2.4214305877685547 -0.4595979154109955 
v 0.5762365460395813 2.384777307510376 -0.4522135555744171 
v 0.5762365460395813 2.349310874938965 -0.4402579069137573 
v 0.5762365460395813 2.3155581951141357 -0.4237309694290161 
v 0.5762365460395813 2.284574508666992 -0.4029844105243683 
v 0.5762365460395813 2.256491184234619 -0.37836983799934387 
v 0.5762365460395813 2.2318360805511475 -0.3502388894557953 
v 0.5762365460395813 2.2111361026763916 -0.31929484009742737 
v 0.5762365460395813 2.194655418395996 -0.2855377197265625 
v 0.5812134146690369 2.1963694095611572 -0.24650602042675018 
v 0.5812134146690369 2.189645290374756 -0.21169398725032806 
v 0.5886487364768982 2.2094221115112305 -0.2429896593093872 
v 0.5886487364768982 2.2030935287475586 -0.20993579924106598 
v 0.5886487364768982 2.220233678817749 -0.2749886214733124 
v 0.5812134146690369 2.2079718112945557 -0.27991151809692383 
v 0.5886487364768982 2.235395908355713 -0.3052293658256531 
v 0.5812134146690369 2.223397970199585 -0.311910480260849 
v 0.5886487364768982 2.253986120223999 -0.33336031436920166 
v 0.5812134146690369 2.243438482284546 -0.34144794940948486 
v 0.5886487364768982 2.2761361598968506 -0.3586781620979309 
v 0.5812134146690369 2.2666432857513428 -0.3681723475456238 
v 0.5886487364768982 2.301450729370117 -0.3808312714099884 
v 0.5812134146690369 2.293408155441284 -0.3913803994655609 
v 0.5886487364768982 2.3296656608581543 -0.3994680345058441 
v 0.5812134146690369 2.322941541671753 -0.4114236831665039 
v 0.5886487364768982 2.359858512878418 -0.41458842158317566 
v 0.5812134146690369 2.354980230331421 -0.42689570784568787 
v 0.5886487364768982 2.391896963119507 -0.4254891574382782 
v 0.5812134146690369 2.3883371353149414 -0.43849971890449524 
v 0.5886487364768982 2.424858570098877 -0.4318186342716217 
v 0.5812134146690369 2.423144578933716 -0.44518083333969116 
v 0.5886487364768982 2.458611249923706 -0.43428006768226624 
v 0.5812134146690369 2.458611249923706 -0.4476422667503357 
v 0.5886487364768982 2.492363691329956 -0.4318186342716217 
v 0.5812134146690369 2.4942095279693604 -0.44518083333969116 
v 0.5886487364768982 2.5254571437835693 -0.4254891574382782 
v 0.5812134146690369 2.5290169715881348 -0.43849971890449524 
v 0.5886487364768982 2.557495594024658 -0.41458842158317566 
v 0.5812134146690369 2.5627694129943848 -0.42689570784568787 
v 0.5886487364768982 2.587688446044922 -0.3994680345058441 
v 0.5812134146690369 2.5944125652313232 -0.4114236831665039 
v 0.5886487364768982 2.615771532058716 -0.3808312714099884 
v 0.5812134146690369 2.623945951461792 -0.3913803994655609 
v 0.5886487364768982 2.6410861015319824 -0.3586781620979309 
v 0.5812134146690369 2.6505789756774902 -0.3681723475456238 
v 0.5886487364768982 2.663236141204834 -0.33336031436920166 
v 0.5812134146690369 2.6741793155670166 -0.34144794940948486 
v 0.5886487364768982 2.6822218894958496 -0.3052293658256531 
v 0.5812134146690369 2.693956136703491 -0.311910480260849 
v 0.5886487364768982 2.696988821029663 -0.2749886214733124 
v 0.5812134146690369 2.70977783203125 -0.27991151809692383 
v 0.5886487364768982 2.7079319953918457 -0.2429896593093872 
v 0.5812134146690369 2.720984697341919 -0.24650602042675018 
v 0.5886487364768982 2.714656114578247 -0.20993579924106598 
v 0.5812134146690369 2.7279725074768066 -0.21169398725032806 
v 0.5886487364768982 2.7167656421661377 -0.17617866396903992 
v 0.5812134146690369 2.7300820350646973 -0.17617866396903992 
v 0.5886487364768982 2.714656114578247 -0.14244350790977478 
v 0.5812134146690369 2.7279725074768066 -0.1406853348016739 
v 0.5886487364768982 2.7079319953918457 -0.10938965529203415 
v 0.5812134146690369 2.720984697341919 -0.10587328672409058 
v 0.5886487364768982 2.696988821029663 -0.07739070057868958 
v 0.5812134146690369 2.70977783203125 -0.07211615145206451 
v 0.5886487364768982 2.6822218894958496 -0.047149937599897385 
v 0.5812134146690369 2.693956136703491 -0.040468838065862656 
v 0.5886487364768982 2.663236141204834 -0.01901899464428425 
v 0.5812134146690369 2.6741793155670166 -0.01093134842813015 
v 0.5886487364768982 2.6412179470062256 0.006298854481428862 
v 0.5812134146690369 2.6505789756774902 0.015793047845363617 
v 0.5886487364768982 2.615771532058716 0.02845197357237339 
v 0.5812134146690369 2.623945951461792 0.03935271501541138 
v 0.5886487364768982 2.587688446044922 0.047440361231565475 
v 0.5812134146690369 2.5944125652313232 0.05904437601566315 
v 0.5886487364768982 2.557495594024658 0.0622091069817543 
v 0.5812134146690369 2.5627694129943848 0.07486803084611893 
v 0.5886487364768982 2.5254571437835693 0.07310985028743744 
v 0.5812134146690369 2.5290169715881348 0.08612041175365448 
v 0.5886487364768982 2.492363691329956 0.07979094237089157 
v 0.5812134146690369 2.4942095279693604 0.09315314143896103 
v 0.5886487364768982 2.458611249923706 0.08190076798200607 
v 0.5812134146690369 2.458611249923706 0.09526296705007553 
v 0.5886487364768982 2.424858570098877 0.07979094237089157 
v 0.5812134146690369 2.423144578933716 0.09315314143896103 
v 0.5886487364768982 2.391896963119507 0.07310985028743744 
v 0.5812134146690369 2.3883371353149414 0.08612041175365448 
v 0.5886487364768982 2.359858512878418 0.0622091069817543 
v 0.5812134146690369 2.354980230331421 0.07486803084611893 
v 0.5886487364768982 2.3296656608581543 0.047440361231565475 
v 0.5812134146690369 2.322941541671753 0.05904437601566315 
v 0.5886487364768982 2.301450729370117 0.02845197357237339 
v 0.5812134146690369 2.293408155441284 0.03935271501541138 
v 0.5886487364768982 2.2761361598968506 0.006298854481428862 
v 0.5812134146690369 2.2666432857513428 0.015793047845363617 
v 0.5886487364768982 2.253986120223999 -0.01901899464428425 
v 0.5812134146690369 2.243438482284546 -0.01093134842813015 
v 0.5886487364768982 2.235395908355713 -0.047149937599897385 
v 0.5812134146690369 2.223397970199585 -0.040468838065862656 
v 0.5886487364768982 2.220233678817749 -0.07739070057868958 
v 0.5812134146690369 2.2079718112945557 -0.07211615145206451 
v 0.5886487364768982 2.2094221115112305 -0.10938965529203415 
v 0.5812134146690369 2.1963694095611572 -0.10587328672409058 
v 0.5886487364768982 2.2030935287475586 -0.14244350790977478 
v 0.5812134146690369 2.189645290374756 -0.1406853348016739 
v 0.5886487364768982 2.2005884647369385 -0.17617866396903992 
v 0.5812134146690369 2.187272071838379 -0.17617866396903992 
v 0.5762365460395813 2.172769069671631 -0.17617866396903992 
v 0.5762365460395813 2.175274133682251 -0.1389271467924118 
v 0.5762365460395813 2.182657480239868 -0.10200528055429459 
v 0.5762365460395813 2.194655418395996 -0.06684160232543945 
v 0.5762365460395813 2.2111361026763916 -0.03308446705341339 
v 0.5762365460395813 2.2318360805511475 -0.0021404284052550793 
v 0.5762365460395813 2.256491184234619 0.02599051594734192 
v 0.5762365460395813 2.284574508666992 0.05060509219765663 
v 0.5762365460395813 2.3155581951141357 0.07170329988002777 
v 0.5762365460395813 2.349310874938965 0.08823022991418839 
v 0.5762365460395813 2.384777307510376 0.10018587857484818 
v 0.5762365460395813 2.4214305877685547 0.10757025331258774 
v 0.5762365460395813 2.458611249923706 0.11003170907497406 
v 0.5762365460395813 2.4959235191345215 0.10757025331258774 
v 0.5762365460395813 2.5328404903411865 0.10018587857484818 
v 0.5762365460395813 2.5680432319641113 0.08823022991418839 
v 0.5762365460395813 2.6017959117889404 0.07170329988002777 
v 0.5762365460395813 2.632647752761841 0.05060509219765663 
v 0.5762365460395813 2.660862922668457 0.02599051594734192 
v 0.5762365460395813 2.6855180263519287 -0.0021404284052550793 
v 0.5762365460395813 2.706481695175171 -0.03308446705341339 
v 0.5762365460395813 2.7230942249298096 -0.06684160232543945 
v 0.5762365460395813 2.7349603176116943 -0.10200528055429459 
v 0.5762365460395813 2.7424755096435547 -0.1389271467924118 
v 0.5762365460395813 2.7448487281799316 -0.17617866396903992 
v 0.5762365460395813 2.7424755096435547 -0.21345217525959015 
v 0.5762365460395813 2.7349603176116943 -0.25002238154411316 
v 0.5762365460395813 2.7230942249298096 -0.2855377197265625 
v 0.5762365460395813 2.706481695175171 -0.31929484009742737 
v 0.5762365460395813 2.632647752761841 -0.4029844105243683 
v 0.5762365460395813 2.6017959117889404 -0.4237309694290161 
v 0.5762365460395813 2.5680432319641113 -0.4402579069137573 
v 0.5762365460395813 2.5328404903411865 -0.4522135555744171 
v 0.5762365460395813 2.4959235191345215 -0.4595979154109955 
v 0.5762365460395813 2.458611249923706 -0.4620593786239624 
v 0.5762365460395813 2.4214305877685547 -0.4595979154109955 
v 0.5762365460395813 2.384777307510376 -0.4522135555744171 
v 0.5762365460395813 2.349310874938965 -0.4402579069137573 
v 0.5762365460395813 2.3155581951141357 -0.4237309694290161 
v 0.5762365460395813 2.284574508666992 -0.4029844105243683 
v 0.5762365460395813 2.256491184234619 -0.37836983799934387 
v 0.5762365460395813 2.2318360805511475 -0.3502388894557953 
v 0.5762365460395813 2.2111361026763916 -0.31929484009742737 
v 0.5762365460395813 2.194655418395996 -0.2855377197265625 
v 0.5762365460395813 2.182657480239868 -0.25002238154411316 
v 0.5762365460395813 2.175274133682251 -0.21345217525959015 
v 0.5886487364768982 2.20731258392334 -0.17617866396903992 
v 0.5886487364768982 2.2094221115112305 -0.14314678311347961 
v 0.5886487364768982 2.2132456302642822 -0.17617866396903992 
v 0.5886487364768982 2.215355157852173 -0.14420169591903687 
v 0.5886487364768982 2.215355157852173 -0.2081776112318039 
v 0.5886487364768982 2.2094221115112305 -0.20888088643550873 
v 0.5886487364768982 2.221683979034424 -0.23982492089271545 
v 0.5886487364768982 2.2157506942749023 -0.24123147130012512 
v 0.5886487364768982 2.2318360805511475 -0.27006569504737854 
v 0.5886487364768982 2.2262985706329346 -0.27252715826034546 
v 0.5886487364768982 2.245943546295166 -0.29889991879463196 
v 0.5886487364768982 2.2406697273254395 -0.3020646274089813 
v 0.5886487364768982 2.2638745307922363 -0.3256243169307709 
v 0.5886487364768982 2.2589962482452393 -0.32914066314697266 
v 0.5886487364768982 2.2849700450897217 -0.34988725185394287 
v 0.5886487364768982 2.2807509899139404 -0.3541068732738495 
v 0.5886487364768982 2.309229612350464 -0.3709854483604431 
v 0.5886487364768982 2.3056697845458984 -0.37590837478637695 
v 0.5886487364768982 2.335994243621826 -0.388918936252594 
v 0.5886487364768982 2.3328299522399902 -0.39419347047805786 
v 0.5886487364768982 2.364736795425415 -0.4029844105243683 
v 0.5886487364768982 2.362363576889038 -0.40861058235168457 
v 0.5886487364768982 2.3950612545013428 -0.413181871175766 
v 0.5886487364768982 2.393610954284668 -0.4191597104072571 
v 0.5886487364768982 2.4267044067382812 -0.4195113182067871 
v 0.5886487364768982 2.4259133338928223 -0.4254891574382782 
v 0.5886487364768982 2.458611249923706 -0.4216211438179016 
v 0.5886487364768982 2.458611249923706 -0.4275989830493927 
v 0.5886487364768982 2.490649700164795 -0.4195113182067871 
v 0.5886487364768982 2.4917044639587402 -0.4254891574382782 
v 0.5886487364768982 2.5222928524017334 -0.413181871175766 
v 0.5886487364768982 2.523743152618408 -0.4191597104072571 
v 0.5886487364768982 2.552485466003418 -0.4029844105243683 
v 0.5886487364768982 2.554990530014038 -0.40861058235168457 
v 0.5886487364768982 2.58135986328125 -0.388918936252594 
v 0.5886487364768982 2.584524154663086 -0.39419347047805786 
v 0.5886487364768982 2.6081244945526123 -0.3709854483604431 
v 0.5886487364768982 2.611948013305664 -0.37590837478637695 
v 0.5886487364768982 2.6323840618133545 -0.34988725185394287 
v 0.5886487364768982 2.636603355407715 -0.3541068732738495 
v 0.5886487364768982 2.65347957611084 -0.3256243169307709 
v 0.5886487364768982 2.658357858657837 -0.32914066314697266 
v 0.5886487364768982 2.67141056060791 -0.29889991879463196 
v 0.5886487364768982 2.6766843795776367 -0.3020646274089813 
v 0.5886487364768982 2.6855180263519287 -0.27006569504737854 
v 0.5886487364768982 2.6910555362701416 -0.27252715826034546 
v 0.5886487364768982 2.696065902709961 -0.23982492089271545 
v 0.5886487364768982 2.701603412628174 -0.24123147130012512 
v 0.5886487364768982 2.7022626399993896 -0.2081776112318039 
v 0.5886487364768982 2.708327531814575 -0.20888088643550873 
v 0.5886487364768982 2.7043721675872803 -0.17617866396903992 
v 0.5886487364768982 2.710437059402466 -0.17617866396903992 
v 0.5886487364768982 2.7022626399993896 -0.14420169591903687 
v 0.5886487364768982 2.708327531814575 -0.14314678311347961 
v 0.5886487364768982 2.696065902709961 -0.1125543862581253 
v 0.5886487364768982 2.701603412628174 -0.11114783585071564 
v 0.5886487364768982 2.6855180263519287 -0.08231361955404282 
v 0.5886487364768982 2.6910555362701416 -0.0798521637916565 
v 0.5886487364768982 2.67141056060791 -0.0534793995320797 
v 0.5886487364768982 2.6766843795776367 -0.05031466856598854 
v 0.5886487364768982 2.65347957611084 -0.02675500512123108 
v 0.5886487364768982 2.658357858657837 -0.02288699895143509 
v 0.5886487364768982 2.6323840618133545 -0.0024920653086155653 
v 0.5886487364768982 2.636603355407715 0.001727576251141727 
v 0.5886487364768982 2.6081244945526123 0.018606143072247505 
v 0.5886487364768982 2.611948013305664 0.023529058322310448 
v 0.5886487364768982 2.58135986328125 0.03653961792588234 
v 0.5886487364768982 2.584524154663086 0.0418141707777977 
v 0.5886487364768982 2.552485466003418 0.05060509219765663 
v 0.5886487364768982 2.554990530014038 0.05623127892613411 
v 0.5886487364768982 2.5222928524017334 0.06115419417619705 
v 0.5886487364768982 2.523743152618408 0.06678038090467453 
v 0.5886487364768982 2.490649700164795 0.06748365610837936 
v 0.5886487364768982 2.4917044639587402 0.07346148043870926 
v 0.5886487364768982 2.458611249923706 0.06959348171949387 
v 0.5886487364768982 2.458611249923706 0.07557130604982376 
v 0.5886487364768982 2.4267044067382812 0.06748365610837936 
v 0.5886487364768982 2.4259133338928223 0.07346148043870926 
v 0.5886487364768982 2.3950612545013428 0.06115419417619705 
v 0.5886487364768982 2.393610954284668 0.06678038090467453 
v 0.5886487364768982 2.364736795425415 0.05060509219765663 
v 0.5886487364768982 2.362363576889038 0.05623127892613411 
v 0.5886487364768982 2.335994243621826 0.03653961792588234 
v 0.5886487364768982 2.3328299522399902 0.0418141707777977 
v 0.5886487364768982 2.309229612350464 0.018606143072247505 
v 0.5886487364768982 2.3056697845458984 0.023529058322310448 
v 0.5886487364768982 2.2849700450897217 -0.0024920653086155653 
v 0.5886487364768982 2.2807509899139404 0.001727576251141727 
v 0.5886487364768982 2.2638745307922363 -0.02675500512123108 
v 0.5886487364768982 2.2589962482452393 -0.02288699895143509 
v 0.5886487364768982 2.245943546295166 -0.0534793995320797 
v 0.5886487364768982 2.2406697273254395 -0.05031466856598854 
v 0.5886487364768982 2.2318360805511475 -0.08231361955404282 
v 0.5886487364768982 2.2262985706329346 -0.0798521637916565 
v 0.5886487364768982 2.221683979034424 -0.1125543862581253 
v 0.5886487364768982 2.2157506942749023 -0.11114783585071564 
v 0.5886487364768982 2.2094221115112305 -0.10938965529203415 
v 0.5886487364768982 2.220233678817749 -0.07739070057868958 
v 0.5886487364768982 2.235395908355713 -0.047149937599897385 
v 0.5886487364768982 2.253986120223999 -0.01901899464428425 
v 0.5886487364768982 2.2761361598968506 0.006298854481428862 
v 0.5886487364768982 2.301450729370117 0.02845197357237339 
v 0.5886487364768982 2.3296656608581543 0.047440361231565475 
v 0.5886487364768982 2.359858512878418 0.0622091069817543 
v 0.5886487364768982 2.391896963119507 0.07310985028743744 
v 0.5886487364768982 2.424858570098877 0.07979094237089157 
v 0.5886487364768982 2.458611249923706 0.08190076798200607 
v 0.5886487364768982 2.492363691329956 0.07979094237089157 
v 0.5886487364768982 2.5254571437835693 0.07310985028743744 
v 0.5886487364768982 2.557495594024658 0.0622091069817543 
v 0.5886487364768982 2.587688446044922 0.047440361231565475 
v 0.5886487364768982 2.615771532058716 0.02845197357237339 
v 0.5886487364768982 2.6412179470062256 0.006298854481428862 
v 0.5886487364768982 2.663236141204834 -0.01901899464428425 
v 0.5886487364768982 2.6822218894958496 -0.047149937599897385 
v 0.5886487364768982 2.696988821029663 -0.07739070057868958 
v 0.5886487364768982 2.7079319953918457 -0.10938965529203415 
v 0.5886487364768982 2.714656114578247 -0.14244350790977478 
v 0.5886487364768982 2.7167656421661377 -0.17617866396903992 
v 0.5886487364768982 2.714656114578247 -0.20993579924106598 
v 0.5886487364768982 2.7079319953918457 -0.2429896593093872 
v 0.5886487364768982 2.696988821029663 -0.2749886214733124 
v 0.5886487364768982 2.6822218894958496 -0.3052293658256531 
v 0.5886487364768982 2.663236141204834 -0.33336031436920166 
v 0.5886487364768982 2.6410861015319824 -0.3586781620979309 
v 0.5886487364768982 2.615771532058716 -0.3808312714099884 
v 0.5886487364768982 2.587688446044922 -0.3994680345058441 
v 0.5886487364768982 2.557495594024658 -0.41458842158317566 
v 0.5886487364768982 2.5254571437835693 -0.4254891574382782 
v 0.5886487364768982 2.492363691329956 -0.4318186342716217 
v 0.5886487364768982 2.458611249923706 -0.43428006768226624 
v 0.5886487364768982 2.424858570098877 -0.4318186342716217 
v 0.5886487364768982 2.391896963119507 -0.4254891574382782 
v 0.5886487364768982 2.359858512878418 -0.41458842158317566 
v 0.5886487364768982 2.3296656608581543 -0.3994680345058441 
v 0.5886487364768982 2.301450729370117 -0.3808312714099884 
v 0.5886487364768982 2.2761361598968506 -0.3586781620979309 
v 0.5886487364768982 2.253986120223999 -0.33336031436920166 
v 0.5886487364768982 2.235395908355713 -0.3052293658256531 
v 0.5886487364768982 2.220233678817749 -0.2749886214733124 
v 0.5886487364768982 2.2094221115112305 -0.2429896593093872 
v 0.5886487364768982 2.2030935287475586 -0.20993579924106598 
v 0.5886487364768982 2.2005884647369385 -0.17617866396903992 
v 0.5886487364768982 2.2030935287475586 -0.14244350790977478 
vn 0.7871816158294678 0.6167173981666565 -0.002184694167226553 
vn 0.7828478217124939 0.6163661479949951 -0.08510008454322815 
vn 0.5804283022880554 0.8143084645271301 -0.002184694167226553 
vn 0.584726095199585 0.8041638135910034 -0.10684575140476227 
vn 0.5795266032218933 0.8079188466072083 0.10684575140476227 
vn 0.7828478217124939 0.6163661479949951 0.08510008454322815 
vn 0.5813311338424683 0.7860115766525269 0.2103329300880432 
vn 0.7861477732658386 0.597287118434906 0.15880759060382843 
vn 0.5822845101356506 0.7526473999023438 0.30735430121421814 
vn 0.7844571471214294 0.5718076229095459 0.2401314377784729 
vn 0.578101634979248 0.7059051990509033 0.40926313400268555 
vn 0.7880628108978271 0.5333763360977173 0.30735430121421814 
vn 0.5844059586524963 0.6430380940437317 0.4949462115764618 
vn 0.7875556349754333 0.4873726963996887 0.37712597846984863 
vn 0.5817655324935913 0.5777654051780701 0.5724822878837585 
vn 0.785659909248352 0.4339878559112549 0.4409002661705017 
vn 0.5841894745826721 0.4923792779445648 0.6452018022537231 
vn 0.7819359302520752 0.3789518475532532 0.4949462115764618 
vn 0.5847772359848022 0.40434786677360535 0.7032341957092285 
vn 0.7878628969192505 0.30950284004211426 0.5324283838272095 
vn 0.5820435881614685 0.31137600541114807 0.7511792182922363 
vn 0.7872370481491089 0.23794354498386383 0.5688942670822144 
vn 0.5842812061309814 0.20687152445316315 0.7847417593002319 
vn 0.7849161028862 0.16478244960308075 0.5972883701324463 
vn 0.5862312912940979 0.10485492646694183 0.8033295273780823 
vn 0.7844266891479492 0.08282581716775894 0.6146662831306458 
vn 0.5814042687416077 0 0.8136147856712341 
vn 0.7860940098762512 0 0.6181069612503052 
vn 0.5862312912940979 -0.10485492646694183 0.8033295273780823 
vn 0.7844266891479492 -0.08282581716775894 0.6146662831306458 
vn 0.5842812061309814 -0.20687152445316315 0.7847417593002319 
vn 0.7849161028862 -0.16478244960308075 0.5972883701324463 
vn 0.5820435881614685 -0.31137600541114807 0.7511792182922363 
vn 0.7846459150314331 -0.23789659142494202 0.5724822878837585 
vn 0.5847772359848022 -0.40434786677360535 0.7032341957092285 
vn 0.7878628969192505 -0.30950284004211426 0.5324283838272095 
vn 0.5841894745826721 -0.4923792779445648 0.6452018022537231 
vn 0.7841108441352844 -0.37940338253974915 0.4911448359489441 
vn 0.5870559811592102 -0.5723891854286194 0.5724822878837585 
vn 0.785659909248352 -0.4339878559112549 0.4409002661705017 
vn 0.5844059586524963 -0.6430380940437317 0.4949462115764618 
vn 0.7875556349754333 -0.4873726963996887 0.37712597846984863 
vn 0.5800509452819824 -0.7066081762313843 0.405272513628006 
vn 0.7880628108978271 -0.5333763360977173 0.30735430121421814 
vn 0.5788838267326355 -0.7518333792686462 0.31565824151039124 
vn 0.7857429385185242 -0.5718085765838623 0.23588760197162628 
vn 0.5813311338424683 -0.7860115766525269 0.2103329300880432 
vn 0.7861477732658386 -0.597287118434906 0.15880759060382843 
vn 0.5795266032218933 -0.8079188466072083 0.10684575140476227 
vn 0.7836277484893799 -0.6159607768058777 0.08074574917554855 
vn 0.5804283022880554 -0.8143084645271301 -0.002184694167226553 
vn 0.7871816158294678 -0.6167173981666565 0.002184694167226553 
vn 0.584726095199585 -0.8041638135910034 -0.10684575140476227 
vn 0.7831324934959412 -0.6165903210639954 -0.08074574917554855 
vn 0.5804277658462524 -0.7866789102554321 -0.2103329300880432 
vn 0.7861477732658386 -0.597287118434906 -0.15880759060382843 
vn 0.5839860439300537 -0.7478771209716797 -0.31565824151039124 
vn 0.7857429385185242 -0.5718085765838623 -0.23588760197162628 
vn 0.5800509452819824 -0.7066081762313843 -0.405272513628006 
vn 0.7880628108978271 -0.5333763360977173 -0.30735430121421814 
vn 0.5836645364761353 -0.6437110900878906 -0.4949462115764618 
vn 0.7875556349754333 -0.4873726963996887 -0.37712597846984863 
vn 0.5864070057868958 -0.5730539560317993 -0.5724822878837585 
vn 0.785659909248352 -0.4339878559112549 -0.4409002661705017 
vn 0.5831019878387451 -0.4936666488647461 -0.6452018022537231 
vn 0.7841108441352844 -0.37940338253974915 -0.4911448359489441 
vn 0.5843630433082581 -0.4049462676048279 -0.7032341957092285 
vn 0.7876982688903809 -0.3099217116832733 -0.5324283838272095 
vn 0.5817647576332092 -0.3118966817855835 -0.7511792182922363 
vn 0.7845431566238403 -0.2382352501153946 -0.5724822878837585 
vn 0.5840073227882385 -0.20764347910881042 -0.7847417593002319 
vn 0.7848649621009827 -0.16502594947814941 -0.5972883701324463 
vn 0.5861561298370361 -0.10527411848306656 -0.8033295273780823 
vn 0.7844133973121643 -0.0829516127705574 -0.6146662831306458 
vn 0.5814042687416077 0 -0.8136147856712341 
vn 0.7860940098762512 0 -0.6181069612503052 
vn 0.5861561298370361 0.10527411848306656 -0.8033295273780823 
vn 0.7844133973121643 0.0829516127705574 -0.6146662831306458 
vn 0.5840073227882385 0.20764347910881042 -0.7847417593002319 
vn 0.7848649621009827 0.16502594947814941 -0.5972883701324463 
vn 0.5817647576332092 0.3118966817855835 -0.7511792182922363 
vn 0.7871348857879639 0.23828133940696716 -0.5688942670822144 
vn 0.5843630433082581 0.4049462676048279 -0.7032341957092285 
vn 0.7876982688903809 0.3099217116832733 -0.5324283838272095 
vn 0.5831019878387451 0.4936666488647461 -0.6452018022537231 
vn 0.7849671840667725 0.37263229489326477 -0.4949462115764618 
vn 0.5864070057868958 0.5730539560317993 -0.5724822878837585 
vn 0.785659909248352 0.4339878559112549 -0.4409002661705017 
vn 0.5836645364761353 0.6437110900878906 -0.4949462115764618 
vn 0.7875556349754333 0.4873726963996887 -0.37712597846984863 
vn 0.5831078886985779 0.7017754912376404 -0.40926313400268555 
vn 0.7880628108978271 0.5333763360977173 -0.30735430121421814 
vn 0.5822845101356506 0.7526473999023438 -0.30735430121421814 
vn 0.7844571471214294 0.5718076229095459 -0.2401314377784729 
vn 0.5804277658462524 0.7866789102554321 -0.2103329300880432 
vn 0.7861477732658386 0.597287118434906 -0.15880759060382843 
vn 0.9117644429206848 0.3965723216533661 -0.10684575140476227 
vn 0.9103396534919739 0.3821803629398346 -0.15880759060382843 
vn 0.9121395349502563 0.35431769490242004 -0.2060592919588089 
vn 0.9110123515129089 0.32577744126319885 -0.25283506512641907 
vn 0.9105088710784912 0.28988680243492126 -0.2948545813560486 
vn 0.9099769592285156 0.25359970331192017 -0.3280687630176544 
vn 0.9120014905929565 0.202347069978714 -0.3568037748336792 
vn 0.9109297394752502 0.1578516662120819 -0.3811691105365753 
vn 0.9098616242408752 0.1055026724934578 -0.401274174451828 
vn 0.9090869426727295 0.05280826613306999 -0.41324591636657715 
vn 0.9106194972991943 0 -0.41324591636657715 
vn 0.9090869426727295 -0.05280826613306999 -0.41324591636657715 
vn 0.9098616242408752 -0.1055026724934578 -0.401274174451828 
vn 0.9109297394752502 -0.1578516662120819 -0.3811691105365753 
vn 0.9120014905929565 -0.202347069978714 -0.3568037748336792 
vn 0.9099769592285156 -0.25359970331192017 -0.3280687630176544 
vn 0.9105088710784912 -0.28988680243492126 -0.2948545813560486 
vn 0.9110123515129089 -0.32577744126319885 -0.25283506512641907 
vn 0.9121395349502563 -0.35431769490242004 -0.2060592919588089 
vn 0.9103396534919739 -0.3821803629398346 -0.15880759060382843 
vn 0.9117644429206848 -0.3965723216533661 -0.10684575140476227 
vn 0.9103313684463501 -0.41026413440704346 -0.05459024757146835 
vn 0.9118976593017578 -0.4104118347167969 -0.002184694167226553 
vn 0.9103313684463501 -0.41026413440704346 0.05459024757146835 
vn 0.9119608402252197 -0.39612048864364624 0.10684575140476227 
vn 0.9103396534919739 -0.3821803629398346 0.15880759060382843 
vn 0.9123005270957947 -0.35390299558639526 0.2060592919588089 
vn 0.9110123515129089 -0.32577744126319885 0.25283506512641907 
vn 0.9106210470199585 -0.28953421115875244 0.2948545813560486 
vn 0.9100644588470459 -0.2532854378223419 0.3280687630176544 
vn 0.9103963971138 -0.20945028960704803 0.3568037748336792 
vn 0.910964846611023 -0.15764868259429932 0.3811691105365753 
vn 0.909877598285675 -0.10536501556634903 0.401274174451828 
vn 0.9090869426727295 -0.05280826613306999 0.41324591636657715 
vn 0.9106194972991943 0 0.41324591636657715 
vn 0.9090869426727295 0.05280826613306999 0.41324591636657715 
vn 0.909877598285675 0.10536501556634903 0.401274174451828 
vn 0.910964846611023 0.15764868259429932 0.3811691105365753 
vn 0.9103963971138 0.20945028960704803 0.3568037748336792 
vn 0.9100644588470459 0.2532854378223419 0.3280687630176544 
vn 0.9106210470199585 0.28953421115875244 0.2948545813560486 
vn 0.9110123515129089 0.32577744126319885 0.25283506512641907 
vn 0.9123005270957947 0.35390299558639526 0.2060592919588089 
vn 0.9103396534919739 0.3821803629398346 0.15880759060382843 
vn 0.9119608402252197 0.39612048864364624 0.10684575140476227 
vn 0.9103313684463501 0.41026413440704346 0.05459024757146835 
vn 0.9118976593017578 0.4104118347167969 0.002184694167226553 
vn 0.9103313684463501 0.41026413440704346 -0.05459024757146835 
vn 0.9118976593017578 0.4104118347167969 -0.002184694167226553 
vn 0.9845559000968933 0.17275206744670868 -0.028397228568792343 
vn 0.9103313684463501 0.41026413440704346 -0.05459024757146835 
vn 0.9838805794715881 0.17284557223320007 -0.04586252197623253 
vn 0.9117644429206848 0.3965723216533661 -0.10684575140476227 
vn 0.9839031100273132 0.1653934121131897 -0.06767380982637405 
vn 0.9103396534919739 0.3821803629398346 -0.15880759060382843 
vn 0.9841743111610413 0.1503390073776245 -0.09380380809307098 
vn 0.9121395349502563 0.35431769490242004 -0.2060592919588089 
vn 0.9834628701210022 0.14296090602874756 -0.1111890971660614 
vn 0.9110123515129089 0.32577744126319885 -0.25283506512641907 
vn 0.9839715957641602 0.12795627117156982 -0.1242060661315918 
vn 0.9105088710784912 0.28988680243492126 -0.2948545813560486 
vn 0.9842987656593323 0.10547798126935959 -0.1415284425020218 
vn 0.9099769592285156 0.25359970331192017 -0.3280687630176544 
vn 0.9838406443595886 0.09049705415964127 -0.15449213981628418 
vn 0.9120014905929565 0.202347069978714 -0.3568037748336792 
vn 0.9842668771743774 0.06790154427289963 -0.16312000155448914 
vn 0.9109297394752502 0.1578516662120819 -0.3811691105365753 
vn 0.9848423600196838 0.04530958831310272 -0.16742929816246033 
vn 0.9098616242408752 0.1055026724934578 -0.401274174451828 
vn 0.984122633934021 0.022653907537460327 -0.1760382205247879 
vn 0.9090869426727295 0.05280826613306999 -0.41324591636657715 
vn 0.9843833446502686 0 -0.1760382205247879 
vn 0.9106194972991943 0 -0.41324591636657715 
vn 0.984122633934021 -0.022653907537460327 -0.1760382205247879 
vn 0.9090869426727295 -0.05280826613306999 -0.41324591636657715 
vn 0.9848423600196838 -0.04530958831310272 -0.16742929816246033 
vn 0.9098616242408752 -0.1055026724934578 -0.401274174451828 
vn 0.9842668771743774 -0.06790154427289963 -0.16312000155448914 
vn 0.9109297394752502 -0.1578516662120819 -0.3811691105365753 
vn 0.9838406443595886 -0.09049705415964127 -0.15449213981628418 
vn 0.9120014905929565 -0.202347069978714 -0.3568037748336792 
vn 0.9842987656593323 -0.10547798126935959 -0.1415284425020218 
vn 0.9099769592285156 -0.25359970331192017 -0.3280687630176544 
vn 0.9839715957641602 -0.12795627117156982 -0.1242060661315918 
vn 0.9105088710784912 -0.28988680243492126 -0.2948545813560486 
vn 0.9834628701210022 -0.14296090602874756 -0.1111890971660614 
vn 0.9110123515129089 -0.32577744126319885 -0.25283506512641907 
vn 0.9841743111610413 -0.1503390073776245 -0.09380380809307098 
vn 0.9121395349502563 -0.35431769490242004 -0.2060592919588089 
vn 0.9839031100273132 -0.1653934121131897 -0.06767380982637405 
vn 0.9103396534919739 -0.3821803629398346 -0.15880759060382843 
vn 0.9838805794715881 -0.17284557223320007 -0.04586252197623253 
vn 0.9117644429206848 -0.3965723216533661 -0.10684575140476227 
vn 0.9845559000968933 -0.17275206744670868 -0.028397228568792343 
vn 0.9103313684463501 -0.41026413440704346 -0.05459024757146835 
vn 0.9836175441741943 -0.18025460839271545 0.002184694167226553 
vn 0.9118976593017578 -0.4104118347167969 0.002184694167226553 
vn 0.9845559000968933 -0.17275206744670868 0.028397228568792343 
vn 0.9103313684463501 -0.41026413440704346 0.05459024757146835 
vn 0.9838805794715881 -0.17284557223320007 0.04586252197623253 
vn 0.9119608402252197 -0.39612048864364624 0.10684575140476227 
vn 0.9839031100273132 -0.1653934121131897 0.06767380982637405 
vn 0.9103396534919739 -0.3821803629398346 0.15880759060382843 
vn 0.9841743111610413 -0.1503390073776245 0.09380380809307098 
vn 0.9123005270957947 -0.35390299558639526 0.2060592919588089 
vn 0.9834628701210022 -0.14296090602874756 0.1111890971660614 
vn 0.9110123515129089 -0.32577744126319885 0.25283506512641907 
vn 0.9839715957641602 -0.12795627117156982 0.1242060661315918 
vn 0.9106210470199585 -0.28953421115875244 0.2948545813560486 
vn 0.9842987656593323 -0.10547798126935959 0.1415284425020218 
vn 0.9100644588470459 -0.2532854378223419 0.3280687630176544 
vn 0.9838406443595886 -0.09049705415964127 0.15449213981628418 
vn 0.9103963971138 -0.20945028960704803 0.3568037748336792 
vn 0.9842668771743774 -0.06790154427289963 0.16312000155448914 
vn 0.910964846611023 -0.15764868259429932 0.3811691105365753 
vn 0.9848449230194092 -0.04525443911552429 0.16742929816246033 
vn 0.909877598285675 -0.10536501556634903 0.401274174451828 
vn 0.984122633934021 -0.022653907537460327 0.1760382205247879 
vn 0.9090869426727295 -0.05280826613306999 0.41324591636657715 
vn 0.9843833446502686 0 0.1760382205247879 
vn 0.9106194972991943 0 0.41324591636657715 
vn 0.984122633934021 0.022653907537460327 0.1760382205247879 
vn 0.9090869426727295 0.05280826613306999 0.41324591636657715 
vn 0.9848449230194092 0.04525443911552429 0.16742929816246033 
vn 0.909877598285675 0.10536501556634903 0.401274174451828 
vn 0.9842668771743774 0.06790154427289963 0.16312000155448914 
vn 0.910964846611023 0.15764868259429932 0.3811691105365753 
vn 0.9838406443595886 0.09049705415964127 0.15449213981628418 
vn 0.9103963971138 0.20945028960704803 0.3568037748336792 
vn 0.9842987656593323 0.10547798126935959 0.1415284425020218 
vn 0.9100644588470459 0.2532854378223419 0.3280687630176544 
vn 0.9839715957641602 0.12795627117156982 0.1242060661315918 
vn 0.9106210470199585 0.28953421115875244 0.2948545813560486 
vn 0.9834628701210022 0.14296090602874756 0.1111890971660614 
vn 0.9110123515129089 0.32577744126319885 0.25283506512641907 
vn 0.9841743111610413 0.1503390073776245 0.09380380809307098 
vn 0.9123005270957947 0.35390299558639526 0.2060592919588089 
vn 0.9839031100273132 0.1653934121131897 0.06767380982637405 
vn 0.9103396534919739 0.3821803629398346 0.15880759060382843 
vn 0.9838805794715881 0.17284557223320007 0.04586252197623253 
vn 0.9119608402252197 0.39612048864364624 0.10684575140476227 
vn 0.9845559000968933 0.17275206744670868 0.028397228568792343 
vn 0.9103313684463501 0.41026413440704346 0.05459024757146835 
vn 0.9836175441741943 0.18025460839271545 0.002184694167226553 
vn 0.9935315847396851 -0.11302972584962845 0.010923261754214764 
vn 0.993057370185852 -0.11297578364610672 0.03276457265019417 
vn 0.9927064776420593 -0.12053639441728592 0.002184694167226553 
vn 0.9935315847396851 -0.11302972584962845 -0.010923261754214764 
vn 0.993057370185852 -0.11297578364610672 -0.03276457265019417 
vn 0.9933563470840454 -0.10554515570402145 -0.04586252197623253 
vn 0.9934422969818115 -0.09796403348445892 -0.058952588587999344 
vn 0.9932897686958313 -0.09048069268465042 -0.07203252613544464 
vn 0.9929116368293762 -0.0829729437828064 -0.08510008454322815 
vn 0.9936747550964355 -0.06788697093725204 -0.08945280313491821 
vn 0.992900550365448 -0.06035027280449867 -0.10250037163496017 
vn 0.9927668571472168 -0.045287031680345535 -0.1111890971660614 
vn 0.9933403730392456 -0.03019716404378414 -0.1111890971660614 
vn 0.99318927526474 -0.015092799440026283 -0.11553031951189041 
vn 0.9933039546012878 0 -0.11553031951189041 
vn 0.99318927526474 0.015092799440026283 -0.11553031951189041 
vn 0.9933403730392456 0.03019716404378414 -0.1111890971660614 
vn 0.9927668571472168 0.045287031680345535 -0.1111890971660614 
vn 0.992900550365448 0.06035027280449867 -0.10250037163496017 
vn 0.9936747550964355 0.06788697093725204 -0.08945280313491821 
vn 0.9929116368293762 0.0829729437828064 -0.08510008454322815 
vn 0.9932897686958313 0.09048069268465042 -0.07203252613544464 
vn 0.9934422969818115 0.09796403348445892 -0.058952588587999344 
vn 0.9933563470840454 0.10554515570402145 -0.04586252197623253 
vn 0.993057370185852 0.11297578364610672 -0.03276457265019417 
vn 0.9935315847396851 0.11302972584962845 -0.010923261754214764 
vn 0.9927064776420593 0.12053639441728592 -0.002184694167226553 
vn 0.9935315847396851 0.11302972584962845 0.010923261754214764 
vn 0.993057370185852 0.11297578364610672 0.03276457265019417 
vn 0.9933563470840454 0.10554515570402145 0.04586252197623253 
vn 0.9934422969818115 0.09796403348445892 0.058952588587999344 
vn 0.9932897686958313 0.09048069268465042 0.07203252613544464 
vn 0.9929116368293762 0.0829729437828064 0.08510008454322815 
vn 0.9936747550964355 0.06788697093725204 0.08945280313491821 
vn 0.992900550365448 0.06035027280449867 0.10250037163496017 
vn 0.9927668571472168 0.045287031680345535 0.1111890971660614 
vn 0.9933403730392456 0.03019716404378414 0.1111890971660614 
vn 0.99318927526474 0.015092799440026283 0.11553031951189041 
vn 0.9933039546012878 0 0.11553031951189041 
vn 0.99318927526474 -0.015092799440026283 0.11553031951189041 
vn 0.9933403730392456 -0.03019716404378414 0.1111890971660614 
vn 0.9927668571472168 -0.045287031680345535 0.1111890971660614 
vn 0.992900550365448 -0.06035027280449867 0.10250037163496017 
vn 0.9936747550964355 -0.06788697093725204 0.08945280313491821 
vn 0.9929116368293762 -0.0829729437828064 0.08510008454322815 
vn 0.9932897686958313 -0.09048069268465042 0.07203252613544464 
vn 0.9934422969818115 -0.09796403348445892 0.058952588587999344 
vn 0.9933563470840454 -0.10554515570402145 0.04586252197623253 
vn 0.9304295778274536 -0.35426217317581177 0.09380380809307098 
vn 0.9311696887016296 -0.3616899847984314 0.04586252197623253 
vn 0.9648423194885254 -0.2539675533771515 0.06767380982637405 
vn 0.9666973352432251 -0.2538163959980011 0.03276457265019417 
vn 0.965974748134613 -0.23928797245025635 0.0981530249118805 
vn 0.9303752779960632 -0.33996692299842834 0.1372016966342926 
vn 0.9653754830360413 -0.22448845207691193 0.1328723281621933 
vn 0.929685115814209 -0.31874123215675354 0.18463370203971863 
vn 0.9663575887680054 -0.20231950283050537 0.15880759060382843 
vn 0.9307374954223633 -0.289725661277771 0.22312943637371063 
vn 0.9661547541618347 -0.18015386164188385 0.18463370203971863 
vn 0.9325655698776245 -0.25345930457115173 0.25706008076667786 
vn 0.9666225910186768 -0.15787607431411743 0.2017817199230194 
vn 0.9314781427383423 -0.2242099642753601 0.2864931523799896 
vn 0.9663671255111694 -0.12785863876342773 0.22312943637371063 
vn 0.9302323460578918 -0.1799861490726471 0.3198012113571167 
vn 0.9657844305038452 -0.09796591848134995 0.2401314377784729 
vn 0.9308540225028992 -0.14284789562225342 0.3363112509250641 
vn 0.9662219285964966 -0.06790123134851456 0.24860523641109467 
vn 0.9321272373199463 -0.09797052294015884 0.34862664341926575 
vn 0.9670379161834717 -0.030201507732272148 0.25283506512641907 
vn 0.9315139055252075 -0.04523144289851189 0.36088213324546814 
vn 0.9652630090713501 0 0.2612801790237427 
vn 0.9326114058494568 0 0.36088213324546814 
vn 0.9670379161834717 0.030201507732272148 0.25283506512641907 
vn 0.9315139055252075 0.04523144289851189 0.36088213324546814 
vn 0.9662219285964966 0.06790123134851456 0.24860523641109467 
vn 0.9321272373199463 0.09797052294015884 0.34862664341926575 
vn 0.9657844305038452 0.09796591848134995 0.2401314377784729 
vn 0.9308540225028992 0.14284789562225342 0.3363112509250641 
vn 0.9663671255111694 0.12785863876342773 0.22312943637371063 
vn 0.9302323460578918 0.1799861490726471 0.3198012113571167 
vn 0.9666225910186768 0.15787607431411743 0.2017817199230194 
vn 0.9314781427383423 0.2242099642753601 0.2864931523799896 
vn 0.9661547541618347 0.18015386164188385 0.18463370203971863 
vn 0.9325655698776245 0.25345930457115173 0.25706008076667786 
vn 0.9663575887680054 0.20231950283050537 0.15880759060382843 
vn 0.9307374954223633 0.289725661277771 0.22312943637371063 
vn 0.9653754830360413 0.22448845207691193 0.1328723281621933 
vn 0.929685115814209 0.31874123215675354 0.18463370203971863 
vn 0.965974748134613 0.23928797245025635 0.0981530249118805 
vn 0.9322254657745361 0.3330545425415039 0.1415284425020218 
vn 0.9667372107505798 0.2466563880443573 0.06767380982637405 
vn 0.9304295778274536 0.35426217317581177 0.09380380809307098 
vn 0.9666973352432251 0.2538163959980011 0.03276457265019417 
vn 0.9311696887016296 0.3616899847984314 0.04586252197623253 
vn 0.9652689099311829 0.2612491250038147 0.002184694167226553 
vn 0.9323094487190247 0.36165499687194824 0.002184694167226553 
vn 0.9666973352432251 0.2538163959980011 -0.03276457265019417 
vn 0.9311696887016296 0.3616899847984314 -0.04586252197623253 
vn 0.9648423194885254 0.2539675533771515 -0.06767380982637405 
vn 0.9304295778274536 0.35426217317581177 -0.09380380809307098 
vn 0.965974748134613 0.23928797245025635 -0.0981530249118805 
vn 0.9322254657745361 0.3330545425415039 -0.1415284425020218 
vn 0.9653754830360413 0.22448845207691193 -0.1328723281621933 
vn 0.929685115814209 0.31874123215675354 -0.18463370203971863 
vn 0.9663575887680054 0.20231950283050537 -0.15880759060382843 
vn 0.9306296110153198 0.2900719940662384 -0.22312943637371063 
vn 0.9661547541618347 0.18015386164188385 -0.18463370203971863 
vn 0.9324818253517151 0.25376710295677185 -0.25706008076667786 
vn 0.9666225910186768 0.15787607431411743 -0.2017817199230194 
vn 0.9314116835594177 0.22448602318763733 -0.2864931523799896 
vn 0.9663463830947876 0.12801538407802582 -0.22312943637371063 
vn 0.9301886558532715 0.18021175265312195 -0.3198012113571167 
vn 0.9657844305038452 0.09796591848134995 -0.2401314377784729 
vn 0.9308540225028992 0.14284789562225342 -0.3363112509250641 
vn 0.9662219285964966 0.06790123134851456 -0.24860523641109467 
vn 0.9321272373199463 0.09797052294015884 -0.34862664341926575 
vn 0.9670379161834717 0.030201507732272148 -0.25283506512641907 
vn 0.9315111041069031 0.04528968408703804 -0.36088213324546814 
vn 0.9652630090713501 0 -0.2612801790237427 
vn 0.9326114058494568 0 -0.36088213324546814 
vn 0.9670379161834717 -0.030201507732272148 -0.25283506512641907 
vn 0.9315111041069031 -0.04528968408703804 -0.36088213324546814 
vn 0.9662219285964966 -0.06790123134851456 -0.24860523641109467 
vn 0.9321272373199463 -0.09797052294015884 -0.34862664341926575 
vn 0.9657844305038452 -0.09796591848134995 -0.2401314377784729 
vn 0.9308540225028992 -0.14284789562225342 -0.3363112509250641 
vn 0.9663463830947876 -0.12801538407802582 -0.22312943637371063 
vn 0.9301886558532715 -0.18021175265312195 -0.3198012113571167 
vn 0.9666225910186768 -0.15787607431411743 -0.2017817199230194 
vn 0.9314116835594177 -0.22448602318763733 -0.2864931523799896 
vn 0.9661547541618347 -0.18015386164188385 -0.18463370203971863 
vn 0.9324818253517151 -0.25376710295677185 -0.25706008076667786 
vn 0.9663575887680054 -0.20231950283050537 -0.15880759060382843 
vn 0.9306296110153198 -0.2900719940662384 -0.22312943637371063 
vn 0.9653754830360413 -0.22448845207691193 -0.1328723281621933 
vn 0.929685115814209 -0.31874123215675354 -0.18463370203971863 
vn 0.965974748134613 -0.23928797245025635 -0.0981530249118805 
vn 0.9327989220619202 -0.3332594037055969 -0.1372016966342926 
vn 0.9648423194885254 -0.2539675533771515 -0.06767380982637405 
vn 0.9304295778274536 -0.35426217317581177 -0.09380380809307098 
vn 0.9666973352432251 -0.2538163959980011 -0.03276457265019417 
vn 0.9311696887016296 -0.3616899847984314 -0.04586252197623253 
vn 0.9652689099311829 -0.2612491250038147 -0.002184694167226553 
vn 0.9323094487190247 -0.36165499687194824 0.002184694167226553 
vn 0.9927064776420593 -0.12053639441728592 0.002184694167226553 
vn 0.9935315847396851 -0.11302972584962845 -0.010923261754214764 
vn 0.993057370185852 -0.11297578364610672 -0.03276457265019417 
vn 0.9933563470840454 -0.10554515570402145 -0.04586252197623253 
vn 0.9934422969818115 -0.09796403348445892 -0.058952588587999344 
vn 0.9932897686958313 -0.09048069268465042 -0.07203252613544464 
vn 0.9929116368293762 -0.0829729437828064 -0.08510008454322815 
vn 0.9936747550964355 -0.06788697093725204 -0.08945280313491821 
vn 0.992900550365448 -0.06035027280449867 -0.10250037163496017 
vn 0.9927668571472168 -0.045287031680345535 -0.1111890971660614 
vn 0.9933403730392456 -0.03019716404378414 -0.1111890971660614 
vn 0.99318927526474 -0.015092799440026283 -0.11553031951189041 
vn 0.9933039546012878 0 -0.11553031951189041 
vn 0.99318927526474 0.015092799440026283 -0.11553031951189041 
vn 0.9933403730392456 0.03019716404378414 -0.1111890971660614 
vn 0.9927668571472168 0.045287031680345535 -0.1111890971660614 
vn 0.992900550365448 0.06035027280449867 -0.10250037163496017 
vn 0.9936747550964355 0.06788697093725204 -0.08945280313491821 
vn 0.9929116368293762 0.0829729437828064 -0.08510008454322815 
vn 0.9932897686958313 0.09048069268465042 -0.07203252613544464 
vn 0.9934422969818115 0.09796403348445892 -0.058952588587999344 
vn 0.9933563470840454 0.10554515570402145 -0.04586252197623253 
vn 0.993057370185852 0.11297578364610672 -0.03276457265019417 
vn 0.9935315847396851 0.11302972584962845 -0.010923261754214764 
vn 0.9927064776420593 0.12053639441728592 -0.002184694167226553 
vn 0.9935315847396851 0.11302972584962845 0.010923261754214764 
vn 0.993057370185852 0.11297578364610672 0.03276457265019417 
vn 0.9933563470840454 0.10554515570402145 0.04586252197623253 
vn 0.9934422969818115 0.09796403348445892 0.058952588587999344 
vn 0.9936747550964355 0.06788697093725204 0.08945280313491821 
vn 0.992900550365448 0.06035027280449867 0.10250037163496017 
vn 0.9927668571472168 0.045287031680345535 0.1111890971660614 
vn 0.9933403730392456 0.03019716404378414 0.1111890971660614 
vn 0.99318927526474 0.015092799440026283 0.11553031951189041 
vn 0.9933039546012878 0 0.11553031951189041 
vn 0.99318927526474 -0.015092799440026283 0.11553031951189041 
vn 0.9933403730392456 -0.03019716404378414 0.1111890971660614 
vn 0.9927668571472168 -0.045287031680345535 0.1111890971660614 
vn 0.992900550365448 -0.06035027280449867 0.10250037163496017 
vn 0.9936747550964355 -0.06788697093725204 0.08945280313491821 
vn 0.9929116368293762 -0.0829729437828064 0.08510008454322815 
vn 0.9932897686958313 -0.09048069268465042 0.07203252613544464 
vn 0.9934422969818115 -0.09796403348445892 0.058952588587999344 
vn 0.9933563470840454 -0.10554515570402145 0.04586252197623253 
vn 0.993057370185852 -0.11297578364610672 0.03276457265019417 
vn 0.9935315847396851 -0.11302972584962845 0.010923261754214764 
vn 0.9997409582138062 -0.022653724998235703 -0.002184694167226553 
vn 0.9997409582138062 -0.022653724998235703 -0.002184694167226553 
vn 0.9999691247940063 0.007551815826445818 0.002184694167226553 
vn 0.9999691247940063 0.007551815826445818 0.002184694167226553 
vn 0.9999691247940063 0.007551815826445818 0.002184694167226553 
vn 0.9997409582138062 -0.022653724998235703 0.002184694167226553 
vn 0.9999691247940063 0.007551815826445818 0.002184694167226553 
vn 0.999721884727478 -0.02265329100191593 0.006554040592163801 
vn 0.9999691247940063 0.007551815826445818 0.002184694167226553 
vn 0.9998644590377808 -0.015102911740541458 0.006554040592163801 
vn 0.9999691247940063 0.007551815826445818 0.002184694167226553 
vn 0.9998263120651245 -0.015102335251867771 0.010923261754214764 
vn 0.9999499917030334 0.0075516714714467525 -0.006554040592163801 
vn 0.9998263120651245 -0.015102335251867771 0.010923261754214764 
vn 0.9999499917030334 0.0075516714714467525 -0.006554040592163801 
vn 0.9998263120651245 -0.015102335251867771 0.010923261754214764 
vn 0.9999785423278809 0 -0.006554040592163801 
vn 0.9998263120651245 -0.015102335251867771 0.010923261754214764 
vn 0.9999785423278809 0 -0.006554040592163801 
vn 0.9997782111167908 -0.007550373673439026 0.01966099627315998 
vn 0.9999785423278809 0 -0.006554040592163801 
vn 0.9997782111167908 -0.007550373673439026 0.01966099627315998 
vn 0.9999785423278809 0 -0.006554040592163801 
vn 0.9997782111167908 -0.007550373673439026 0.01966099627315998 
vn 0.9999785423278809 0 -0.006554040592163801 
vn 0.9998067021369934 0 0.01966099627315998 
vn 0.9999785423278809 0 -0.006554040592163801 
vn 0.9998067021369934 0 0.01966099627315998 
vn 0.9999785423278809 0 -0.006554040592163801 
vn 0.9998067021369934 0 0.01966099627315998 
vn 0.9999785423278809 0 -0.006554040592163801 
vn 0.9997782111167908 0.007550373673439026 0.01966099627315998 
vn 0.9999785423278809 0 -0.006554040592163801 
vn 0.9997782111167908 0.007550373673439026 0.01966099627315998 
vn 0.9999785423278809 0 -0.006554040592163801 
vn 0.9997782111167908 0.007550373673439026 0.01966099627315998 
vn 0.9999785423278809 0 -0.006554040592163801 
vn 0.9998263120651245 0.015102335251867771 0.010923261754214764 
vn 0.9999499917030334 -0.0075516714714467525 -0.006554040592163801 
vn 0.9998263120651245 0.015102335251867771 0.010923261754214764 
vn 0.9999499917030334 -0.0075516714714467525 -0.006554040592163801 
vn 0.9998263120651245 0.015102335251867771 0.010923261754214764 
vn 0.9999691247940063 -0.007551815826445818 0.002184694167226553 
vn 0.9998263120651245 0.015102335251867771 0.010923261754214764 
vn 0.9999691247940063 -0.007551815826445818 0.002184694167226553 
vn 0.9998644590377808 0.015102911740541458 0.006554040592163801 
vn 0.9999691247940063 -0.007551815826445818 -0.002184694167226553 
vn 0.999721884727478 0.02265329100191593 0.006554040592163801 
vn 0.9999691247940063 -0.007551815826445818 0.002184694167226553 
vn 0.9997409582138062 0.022653724998235703 -0.002184694167226553 
vn 0.9999691247940063 -0.007551815826445818 -0.002184694167226553 
vn 0.9997409582138062 0.022653724998235703 0.002184694167226553 
vn 0.9999691247940063 -0.007551815826445818 -0.002184694167226553 
vn 0.9997409582138062 0.022653724998235703 0.002184694167226553 
vn 0.9999691247940063 -0.007551815826445818 -0.002184694167226553 
vn 0.999721884727478 0.02265329100191593 -0.006554040592163801 
vn 0.9999691247940063 -0.007551815826445818 0.002184694167226553 
vn 0.9998644590377808 0.015102911740541458 -0.006554040592163801 
vn 0.9999691247940063 -0.007551815826445818 -0.002184694167226553 
vn 0.9998263120651245 0.015102335251867771 -0.010923261754214764 
vn 0.9999499917030334 -0.0075516714714467525 0.006554040592163801 
vn 0.9998263120651245 0.015102335251867771 -0.010923261754214764 
vn 0.9999499917030334 -0.0075516714714467525 0.006554040592163801 
vn 0.9998263120651245 0.015102335251867771 -0.010923261754214764 
vn 0.9999785423278809 0 0.006554040592163801 
vn 0.9998263120651245 0.015102335251867771 -0.010923261754214764 
vn 0.9999785423278809 0 0.006554040592163801 
vn 0.9997782111167908 0.007550373673439026 -0.01966099627315998 
vn 0.9999785423278809 0 0.006554040592163801 
vn 0.9997782111167908 0.007550373673439026 -0.01966099627315998 
vn 0.9999785423278809 0 0.006554040592163801 
vn 0.9997782111167908 0.007550373673439026 -0.01966099627315998 
vn 0.9999785423278809 0 0.006554040592163801 
vn 0.9998067021369934 0 -0.01966099627315998 
vn 0.9999785423278809 0 0.006554040592163801 
vn 0.9998067021369934 0 -0.01966099627315998 
vn 0.9999785423278809 0 0.006554040592163801 
vn 0.9998067021369934 0 -0.01966099627315998 
vn 0.9999785423278809 0 0.006554040592163801 
vn 0.9997782111167908 -0.007550373673439026 -0.01966099627315998 
vn 0.9999785423278809 0 0.006554040592163801 
vn 0.9997782111167908 -0.007550373673439026 -0.01966099627315998 
vn 0.9999785423278809 0 0.006554040592163801 
vn 0.9997782111167908 -0.007550373673439026 -0.01966099627315998 
vn 0.9999785423278809 0 0.006554040592163801 
vn 0.9998263120651245 -0.015102335251867771 -0.010923261754214764 
vn 0.9999499917030334 0.0075516714714467525 0.006554040592163801 
vn 0.9998263120651245 -0.015102335251867771 -0.010923261754214764 
vn 0.9999499917030334 0.0075516714714467525 0.006554040592163801 
vn 0.9998263120651245 -0.015102335251867771 -0.010923261754214764 
vn 0.9999691247940063 0.007551815826445818 0.002184694167226553 
vn 0.9998263120651245 -0.015102335251867771 -0.010923261754214764 
vn 0.9999691247940063 0.007551815826445818 -0.002184694167226553 
vn 0.9998644590377808 -0.015102911740541458 -0.006554040592163801 
vn 0.9999691247940063 0.007551815826445818 0.002184694167226553 
vn 0.999721884727478 -0.02265329100191593 -0.006554040592163801 
vn 0.9648423194885254 -0.2539675533771515 -0.06767380982637405 
vn 0.965974748134613 -0.23928797245025635 -0.0981530249118805 
vn 0.9653754830360413 -0.22448845207691193 -0.1328723281621933 
vn 0.9663575887680054 -0.20231950283050537 -0.15880759060382843 
vn 0.9661547541618347 -0.18015386164188385 -0.18463370203971863 
vn 0.9666225910186768 -0.15787607431411743 -0.2017817199230194 
vn 0.9663463830947876 -0.12801538407802582 -0.22312943637371063 
vn 0.9657844305038452 -0.09796591848134995 -0.2401314377784729 
vn 0.9662219285964966 -0.06790123134851456 -0.24860523641109467 
vn 0.9670379161834717 -0.030201507732272148 -0.25283506512641907 
vn 0.9652630090713501 0 -0.2612801790237427 
vn 0.9670379161834717 0.030201507732272148 -0.25283506512641907 
vn 0.9662219285964966 0.06790123134851456 -0.24860523641109467 
vn 0.9657844305038452 0.09796591848134995 -0.2401314377784729 
vn 0.9663463830947876 0.12801538407802582 -0.22312943637371063 
vn 0.9666225910186768 0.15787607431411743 -0.2017817199230194 
vn 0.9661547541618347 0.18015386164188385 -0.18463370203971863 
vn 0.9663575887680054 0.20231950283050537 -0.15880759060382843 
vn 0.9653754830360413 0.22448845207691193 -0.1328723281621933 
vn 0.965974748134613 0.23928797245025635 -0.0981530249118805 
vn 0.9667372107505798 0.2466563880443573 -0.06767380982637405 
vn 0.9666973352432251 0.2538163959980011 -0.03276457265019417 
vn 0.9672143459320068 0.25395211577415466 0.002184694167226553 
vn 0.9666973352432251 0.2538163959980011 0.03276457265019417 
vn 0.9667372107505798 0.2466563880443573 0.06767380982637405 
vn 0.965974748134613 0.23928797245025635 0.0981530249118805 
vn 0.9653754830360413 0.22448845207691193 0.1328723281621933 
vn 0.9663575887680054 0.20231950283050537 0.15880759060382843 
vn 0.9661547541618347 0.18015386164188385 0.18463370203971863 
vn 0.9666225910186768 0.15787607431411743 0.2017817199230194 
vn 0.9663671255111694 0.12785863876342773 0.22312943637371063 
vn 0.9657844305038452 0.09796591848134995 0.2401314377784729 
vn 0.9662219285964966 0.06790123134851456 0.24860523641109467 
vn 0.9670379161834717 0.030201507732272148 0.25283506512641907 
vn 0.9652630090713501 0 0.2612801790237427 
vn 0.9670379161834717 -0.030201507732272148 0.25283506512641907 
vn 0.9662219285964966 -0.06790123134851456 0.24860523641109467 
vn 0.9657844305038452 -0.09796591848134995 0.2401314377784729 
vn 0.9663671255111694 -0.12785863876342773 0.22312943637371063 
vn 0.9666225910186768 -0.15787607431411743 0.2017817199230194 
vn 0.9661547541618347 -0.18015386164188385 0.18463370203971863 
vn 0.9663575887680054 -0.20231950283050537 0.15880759060382843 
vn 0.9653754830360413 -0.22448845207691193 0.1328723281621933 
vn 0.965974748134613 -0.23928797245025635 0.0981530249118805 
vn 0.9648423194885254 -0.2539675533771515 0.06767380982637405 
vn 0.9666973352432251 -0.2538163959980011 0.03276457265019417 
vn 0.9672143459320068 -0.25395211577415466 0.002184694167226553 
vn 0.9666973352432251 -0.2538163959980011 -0.03276457265019417 
vn -0.7871816158294678 -0.6167173981666565 -0.002184694167226553 
vn -0.785178005695343 -0.6133950352668762 -0.08510008454322815 
vn -0.5804283022880554 -0.8143084645271301 -0.002184694167226553 
vn -0.5816670060157776 -0.8063792586326599 -0.10684575140476227 
vn -0.5795266032218933 -0.8079188466072083 0.10684575140476227 
vn -0.785178005695343 -0.6133950352668762 0.08510008454322815 
vn -0.5813311338424683 -0.7860115766525269 0.2103329300880432 
vn -0.7861477732658386 -0.597287118434906 0.15880759060382843 
vn -0.5822845101356506 -0.7526473999023438 0.30735430121421814 
vn -0.7844571471214294 -0.5718076229095459 0.2401314377784729 
vn -0.578101634979248 -0.7059051990509033 0.40926313400268555 
vn -0.7880628108978271 -0.5333763360977173 0.30735430121421814 
vn -0.5844059586524963 -0.6430380940437317 0.4949462115764618 
vn -0.7855631709098816 -0.49057769775390625 0.37712597846984863 
vn -0.584416925907135 -0.5750833749771118 0.5724822878837585 
vn -0.7838277816772461 -0.43728816509246826 0.4409002661705017 
vn -0.5817540287971497 -0.49525439739227295 0.6452018022537231 
vn -0.7819359302520752 -0.3789518475532532 0.4949462115764618 
vn -0.5847772359848022 -0.40434786677360535 0.7032341957092285 
vn -0.7892342805862427 -0.30598893761634827 0.5324283838272095 
vn -0.5820435881614685 -0.31137600541114807 0.7511792182922363 
vn -0.788320004940033 -0.23433056473731995 0.5688942670822144 
vn -0.5830133557319641 -0.21041812002658844 0.7847417593002319 
vn -0.7849161028862 -0.16478244960308075 0.5972883701324463 
vn -0.5855568051338196 -0.10855843871831894 0.8033295273780823 
vn -0.7848137617111206 -0.07907397300004959 0.6146662831306458 
vn -0.5813921093940735 0.0037660261150449514 0.8136147856712341 
vn -0.7860849499702454 -0.003770347684621811 0.6181069612503052 
vn -0.5855568051338196 0.10855843871831894 0.8033295273780823 
vn -0.7848137617111206 0.07907397300004959 0.6146662831306458 
vn -0.5830133557319641 0.21041812002658844 0.7847417593002319 
vn -0.7849161028862 0.16478244960308075 0.5972883701324463 
vn -0.5820435881614685 0.31137600541114807 0.7511792182922363 
vn -0.7857319116592407 0.23428495228290558 0.5724822878837585 
vn -0.5847772359848022 0.40434786677360535 0.7032341957092285 
vn -0.7892342805862427 0.30598893761634827 0.5324283838272095 
vn -0.5817540287971497 0.49525439739227295 0.6452018022537231 
vn -0.7857475280761719 0.37600210309028625 0.4911448359489441 
vn -0.584416925907135 0.5750833749771118 0.5724822878837585 
vn -0.7838277816772461 0.43728816509246826 0.4409002661705017 
vn -0.5844059586524963 0.6430380940437317 0.4949462115764618 
vn -0.7855631709098816 0.49057769775390625 0.37712597846984863 
vn -0.5829629898071289 0.7042075991630554 0.405272513628006 
vn -0.7880628108978271 0.5333763360977173 0.30735430121421814 
vn -0.5788838267326355 0.7518333792686462 0.31565824151039124 
vn -0.7879575490951538 0.5687530040740967 0.23588760197162628 
vn -0.5813311338424683 0.7860115766525269 0.2103329300880432 
vn -0.7861477732658386 0.597287118434906 0.15880759060382843 
vn -0.5795266032218933 0.8079188466072083 0.10684575140476227 
vn -0.7836277484893799 0.6159607768058777 0.08074574917554855 
vn -0.5804283022880554 0.8143084645271301 -0.002184694167226553 
vn -0.7871816158294678 0.6167173981666565 0.002184694167226553 
vn -0.5816670060157776 0.8063792586326599 -0.10684575140476227 
vn -0.7854635119438171 0.6136180758476257 -0.08074574917554855 
vn -0.5834633111953735 0.7844301462173462 -0.2103329300880432 
vn -0.7861477732658386 0.597287118434906 -0.15880759060382843 
vn -0.5810035467147827 0.7501964569091797 -0.31565824151039124 
vn -0.7879575490951538 0.5687530040740967 -0.23588760197162628 
vn -0.5829629898071289 0.7042075991630554 -0.405272513628006 
vn -0.7880628108978271 0.5333763360977173 -0.30735430121421814 
vn -0.5808619856834412 0.6462411284446716 -0.4949462115764618 
vn -0.7855631709098816 0.49057769775390625 -0.37712597846984863 
vn -0.5864070057868958 0.5730539560317993 -0.5724822878837585 
vn -0.7838277816772461 0.43728816509246826 -0.4409002661705017 
vn -0.5806524753570557 0.4965454339981079 -0.6452018022537231 
vn -0.7857475280761719 0.37600210309028625 -0.4911448359489441 
vn -0.5822021961212158 0.4080468416213989 -0.7032341957092285 
vn -0.7876982688903809 0.3099217116832733 -0.5324283838272095 
vn -0.5835400223731995 0.3085624873638153 -0.7511792182922363 
vn -0.7845431566238403 0.2382352501153946 -0.5724822878837585 
vn -0.5827298164367676 0.21120214462280273 -0.7847417593002319 
vn -0.7856335639953613 0.16132739186286926 -0.5972883701324463 
vn -0.5854762196540833 0.10899210721254349 -0.8033295273780823 
vn -0.7844133973121643 0.0829516127705574 -0.6146662831306458 
vn -0.5813919901847839 -0.003781620180234313 -0.8136147856712341 
vn -0.7860940098762512 -1.6223330458978863e-13 -0.6181069612503052 
vn -0.5854762196540833 -0.10899210721254349 -0.8033295273780823 
vn -0.7844133973121643 -0.0829516127705574 -0.6146662831306458 
vn -0.5827298164367676 -0.21120214462280273 -0.7847417593002319 
vn -0.7856335639953613 -0.16132739186286926 -0.5972883701324463 
vn -0.5835400223731995 -0.3085624873638153 -0.7511792182922363 
vn -0.7871348857879639 -0.23828133940696716 -0.5688942670822144 
vn -0.5822021961212158 -0.4080468416213989 -0.7032341957092285 
vn -0.7876982688903809 -0.3099217116832733 -0.5324283838272095 
vn -0.5806524753570557 -0.4965454339981079 -0.6452018022537231 
vn -0.783340573310852 -0.37603959441185 -0.4949462115764618 
vn -0.5864070057868958 -0.5730539560317993 -0.5724822878837585 
vn -0.7838277816772461 -0.43728816509246826 -0.4409002661705017 
vn -0.5808619856834412 -0.6462411284446716 -0.4949462115764618 
vn -0.7855631709098816 -0.49057769775390625 -0.37712597846984863 
vn -0.5801981687545776 -0.704183042049408 -0.40926313400268555 
vn -0.7880628108978271 -0.5333763360977173 -0.30735430121421814 
vn -0.5822845101356506 -0.7526473999023438 -0.30735430121421814 
vn -0.7844571471214294 -0.5718076229095459 -0.2401314377784729 
vn -0.5834633111953735 -0.7844301462173462 -0.2103329300880432 
vn -0.7861477732658386 -0.597287118434906 -0.15880759060382843 
vn -0.9102513790130615 -0.40003302693367004 -0.10684575140476227 
vn -0.9103396534919739 -0.3821803629398346 -0.15880759060382843 
vn -0.9121395349502563 -0.35431769490242004 -0.2060592919588089 
vn -0.9097340106964111 -0.3293302655220032 -0.25283506512641907 
vn -0.9093562364578247 -0.29348257184028625 -0.2948545813560486 
vn -0.9099769592285156 -0.25359970331192017 -0.3280687630176544 
vn -0.9111759066581726 -0.20603284239768982 -0.3568037748336792 
vn -0.911566972732544 -0.15412893891334534 -0.3811691105365753 
vn -0.9098616242408752 -0.1055026724934578 -0.401274174451828 
vn -0.9090869426727295 -0.05280826613306999 -0.41324591636657715 
vn -0.9106194972991943 -1.883371524057445e-13 -0.41324591636657715 
vn -0.9090869426727295 0.05280826613306999 -0.41324591636657715 
vn -0.9098616242408752 0.1055026724934578 -0.401274174451828 
vn -0.911566972732544 0.15412893891334534 -0.3811691105365753 
vn -0.9111759066581726 0.20603284239768982 -0.3568037748336792 
vn -0.9099769592285156 0.25359970331192017 -0.3280687630176544 
vn -0.9093562364578247 0.29348257184028625 -0.2948545813560486 
vn -0.9097340106964111 0.3293302655220032 -0.25283506512641907 
vn -0.9121395349502563 0.35431769490242004 -0.2060592919588089 
vn -0.9103396534919739 0.3821803629398346 -0.15880759060382843 
vn -0.9102513790130615 0.40003302693367004 -0.10684575140476227 
vn -0.9118759036064148 0.40681973099708557 -0.05459024757146835 
vn -0.9118976593017578 0.4104118347167969 -0.002184694167226553 
vn -0.9118759036064148 0.40681973099708557 0.05459024757146835 
vn -0.9119608402252197 0.39612048864364624 0.10684575140476227 
vn -0.9103396534919739 0.3821803629398346 0.15880759060382843 
vn -0.9109295606613159 0.3574170172214508 0.2060592919588089 
vn -0.9097340106964111 0.3293302655220032 0.25283506512641907 
vn -0.9106210470199585 0.28953421115875244 0.2948545813560486 
vn -0.911068320274353 0.24965058267116547 0.3280687630176544 
vn -0.9103963971138 0.20945028960704803 0.3568037748336792 
vn -0.910964846611023 0.15764868259429932 0.3811691105365753 
vn -0.909436047077179 0.10911045968532562 0.401274174451828 
vn -0.9090869426727295 0.05280826613306999 0.41324591636657715 
vn -0.9106194972991943 -1.883371524057445e-13 0.41324591636657715 
vn -0.9090869426727295 -0.05280826613306999 0.41324591636657715 
vn -0.909436047077179 -0.10911045968532562 0.401274174451828 
vn -0.910964846611023 -0.15764868259429932 0.3811691105365753 
vn -0.9103963971138 -0.20945028960704803 0.3568037748336792 
vn -0.911068320274353 -0.24965058267116547 0.3280687630176544 
vn -0.9106210470199585 -0.28953421115875244 0.2948545813560486 
vn -0.9097340106964111 -0.3293302655220032 0.25283506512641907 
vn -0.9109295606613159 -0.3574170172214508 0.2060592919588089 
vn -0.9103396534919739 -0.3821803629398346 0.15880759060382843 
vn -0.9119608402252197 -0.39612048864364624 0.10684575140476227 
vn -0.9118759036064148 -0.40681973099708557 0.05459024757146835 
vn -0.9118976593017578 -0.4104118347167969 0.002184694167226553 
vn -0.9118759036064148 -0.40681973099708557 -0.05459024757146835 
vn -0.9118976593017578 -0.4104118347167969 -0.002184694167226553 
vn -0.9845559000968933 -0.17275206744670868 -0.028397228568792343 
vn -0.9118759036064148 -0.40681973099708557 -0.05459024757146835 
vn -0.9845269918441772 -0.1691247820854187 -0.04586252197623253 
vn -0.9102513790130615 -0.40003302693367004 -0.10684575140476227 
vn -0.9839031100273132 -0.1653934121131897 -0.06767380982637405 
vn -0.9103396534919739 -0.3821803629398346 -0.15880759060382843 
vn -0.9835975170135498 -0.15406756103038788 -0.09380380809307098 
vn -0.9121395349502563 -0.35431769490242004 -0.2060592919588089 
vn -0.9839988350868225 -0.13922391831874847 -0.1111890971660614 
vn -0.9097340106964111 -0.3293302655220032 -0.25283506512641907 
vn -0.9839715957641602 -0.12795627117156982 -0.1242060661315918 
vn -0.9093562364578247 -0.29348257184028625 -0.2948545813560486 
vn -0.9842987656593323 -0.10547798126935959 -0.1415284425020218 
vn -0.9099769592285156 -0.25359970331192017 -0.3280687630176544 
vn -0.9838406443595886 -0.09049705415964127 -0.15449213981628418 
vn -0.9111759066581726 -0.20603284239768982 -0.3568037748336792 
vn -0.9839998483657837 -0.0716673731803894 -0.16312000155448914 
vn -0.911566972732544 -0.15412893891334534 -0.3811691105365753 
vn -0.9848423600196838 -0.04530958831310272 -0.16742929816246033 
vn -0.9098616242408752 -0.1055026724934578 -0.401274174451828 
vn -0.9840285181999207 -0.026428716257214546 -0.1760382205247879 
vn -0.9090869426727295 -0.05280826613306999 -0.41324591636657715 
vn -0.984376072883606 0.0037759754341095686 -0.1760382205247879 
vn -0.9106194972991943 -1.883371524057445e-13 -0.41324591636657715 
vn -0.9840285181999207 0.026428716257214546 -0.1760382205247879 
vn -0.9090869426727295 0.05280826613306999 -0.41324591636657715 
vn -0.9848423600196838 0.04530958831310272 -0.16742929816246033 
vn -0.9098616242408752 0.1055026724934578 -0.401274174451828 
vn -0.9839998483657837 0.0716673731803894 -0.16312000155448914 
vn -0.911566972732544 0.15412893891334534 -0.3811691105365753 
vn -0.9838406443595886 0.09049705415964127 -0.15449213981628418 
vn -0.9111759066581726 0.20603284239768982 -0.3568037748336792 
vn -0.9842987656593323 0.10547798126935959 -0.1415284425020218 
vn -0.9099769592285156 0.25359970331192017 -0.3280687630176544 
vn -0.9839715957641602 0.12795627117156982 -0.1242060661315918 
vn -0.9093562364578247 0.29348257184028625 -0.2948545813560486 
vn -0.9839988350868225 0.13922391831874847 -0.1111890971660614 
vn -0.9097340106964111 0.3293302655220032 -0.25283506512641907 
vn -0.9835975170135498 0.15406756103038788 -0.09380380809307098 
vn -0.9121395349502563 0.35431769490242004 -0.2060592919588089 
vn -0.9839031100273132 0.1653934121131897 -0.06767380982637405 
vn -0.9103396534919739 0.3821803629398346 -0.15880759060382843 
vn -0.9845269918441772 0.1691247820854187 -0.04586252197623253 
vn -0.9102513790130615 0.40003302693367004 -0.10684575140476227 
vn -0.9845559000968933 0.17275206744670868 -0.028397228568792343 
vn -0.9118759036064148 0.40681973099708557 -0.05459024757146835 
vn -0.9836175441741943 0.18025460839271545 0.002184694167226553 
vn -0.9118976593017578 0.4104118347167969 0.002184694167226553 
vn -0.9845559000968933 0.17275206744670868 0.028397228568792343 
vn -0.9118759036064148 0.40681973099708557 0.05459024757146835 
vn -0.9845269918441772 0.1691247820854187 0.04586252197623253 
vn -0.9119608402252197 0.39612048864364624 0.10684575140476227 
vn -0.9839031100273132 0.1653934121131897 0.06767380982637405 
vn -0.9103396534919739 0.3821803629398346 0.15880759060382843 
vn -0.9835975170135498 0.15406756103038788 0.09380380809307098 
vn -0.9109295606613159 0.3574170172214508 0.2060592919588089 
vn -0.9839988350868225 0.13922391831874847 0.1111890971660614 
vn -0.9097340106964111 0.3293302655220032 0.25283506512641907 
vn -0.9839715957641602 0.12795627117156982 0.1242060661315918 
vn -0.9106210470199585 0.28953421115875244 0.2948545813560486 
vn -0.9842987656593323 0.10547798126935959 0.1415284425020218 
vn -0.911068320274353 0.24965058267116547 0.3280687630176544 
vn -0.9838406443595886 0.09049705415964127 0.15449213981628418 
vn -0.9103963971138 0.20945028960704803 0.3568037748336792 
vn -0.9839998483657837 0.0716673731803894 0.16312000155448914 
vn -0.910964846611023 0.15764868259429932 0.3811691105365753 
vn -0.9846644997596741 0.049022652208805084 0.16742929816246033 
vn -0.909436047077179 0.10911045968532562 0.401274174451828 
vn -0.9840285181999207 0.026428716257214546 0.1760382205247879 
vn -0.9090869426727295 0.05280826613306999 0.41324591636657715 
vn -0.984376072883606 0.0037759754341095686 0.1760382205247879 
vn -0.9106194972991943 -1.883371524057445e-13 0.41324591636657715 
vn -0.9840285181999207 -0.026428716257214546 0.1760382205247879 
vn -0.9090869426727295 -0.05280826613306999 0.41324591636657715 
vn -0.9846644997596741 -0.049022652208805084 0.16742929816246033 
vn -0.909436047077179 -0.10911045968532562 0.401274174451828 
vn -0.9839998483657837 -0.0716673731803894 0.16312000155448914 
vn -0.910964846611023 -0.15764868259429932 0.3811691105365753 
vn -0.9838406443595886 -0.09049705415964127 0.15449213981628418 
vn -0.9103963971138 -0.20945028960704803 0.3568037748336792 
vn -0.9842987656593323 -0.10547798126935959 0.1415284425020218 
vn -0.911068320274353 -0.24965058267116547 0.3280687630176544 
vn -0.9839715957641602 -0.12795627117156982 0.1242060661315918 
vn -0.9106210470199585 -0.28953421115875244 0.2948545813560486 
vn -0.9839988350868225 -0.13922391831874847 0.1111890971660614 
vn -0.9097340106964111 -0.3293302655220032 0.25283506512641907 
vn -0.9835975170135498 -0.15406756103038788 0.09380380809307098 
vn -0.9109295606613159 -0.3574170172214508 0.2060592919588089 
vn -0.9839031100273132 -0.1653934121131897 0.06767380982637405 
vn -0.9103396534919739 -0.3821803629398346 0.15880759060382843 
vn -0.9845269918441772 -0.1691247820854187 0.04586252197623253 
vn -0.9119608402252197 -0.39612048864364624 0.10684575140476227 
vn -0.9845559000968933 -0.17275206744670868 0.028397228568792343 
vn -0.9118759036064148 -0.40681973099708557 0.05459024757146835 
vn -0.9836175441741943 -0.18025460839271545 0.002184694167226553 
vn -0.9935315847396851 0.11302972584962845 0.010923261754214764 
vn -0.993057370185852 0.11297578364610672 0.03276457265019417 
vn -0.9927064776420593 0.12053639441728592 0.002184694167226553 
vn -0.9935315847396851 0.11302972584962845 -0.010923261754214764 
vn -0.993057370185852 0.11297578364610672 -0.03276457265019417 
vn -0.9929502606391907 0.10929977148771286 -0.04586252197623253 
vn -0.9930648803710938 0.10171902924776077 -0.058952588587999344 
vn -0.9932897686958313 0.09048069268465042 -0.07203252613544464 
vn -0.9932188987731934 0.0792095959186554 -0.08510008454322815 
vn -0.9934103488922119 0.0716521218419075 -0.08945280313491821 
vn -0.992900550365448 0.06035027280449867 -0.10250037163496017 
vn -0.9929317235946655 0.04151540994644165 -0.1111890971660614 
vn -0.9932184815406799 0.0339704230427742 -0.1111890971660614 
vn -0.993124783039093 0.018865590915083885 -0.11553031951189041 
vn -0.9932968020439148 0.0037733360659331083 -0.11553031951189041 
vn -0.993124783039093 -0.018865590915083885 -0.11553031951189041 
vn -0.9932184815406799 -0.0339704230427742 -0.1111890971660614 
vn -0.9929317235946655 -0.04151540994644165 -0.1111890971660614 
vn -0.992900550365448 -0.06035027280449867 -0.10250037163496017 
vn -0.9934103488922119 -0.0716521218419075 -0.08945280313491821 
vn -0.9932188987731934 -0.0792095959186554 -0.08510008454322815 
vn -0.9932897686958313 -0.09048069268465042 -0.07203252613544464 
vn -0.9930648803710938 -0.10171902924776077 -0.058952588587999344 
vn -0.9929502606391907 -0.10929977148771286 -0.04586252197623253 
vn -0.993057370185852 -0.11297578364610672 -0.03276457265019417 
vn -0.9935315847396851 -0.11302972584962845 -0.010923261754214764 
vn -0.9927064776420593 -0.12053639441728592 -0.002184694167226553 
vn -0.9935315847396851 -0.11302972584962845 0.010923261754214764 
vn -0.993057370185852 -0.11297578364610672 0.03276457265019417 
vn -0.9929502606391907 -0.10929977148771286 0.04586252197623253 
vn -0.9930648803710938 -0.10171902924776077 0.058952588587999344 
vn -0.9932897686958313 -0.09048069268465042 0.07203252613544464 
vn -0.9932188987731934 -0.0792095959186554 0.08510008454322815 
vn -0.9934103488922119 -0.0716521218419075 0.08945280313491821 
vn -0.992900550365448 -0.06035027280449867 0.10250037163496017 
vn -0.9929317235946655 -0.04151540994644165 0.1111890971660614 
vn -0.9932184815406799 -0.0339704230427742 0.1111890971660614 
vn -0.993124783039093 -0.018865590915083885 0.11553031951189041 
vn -0.9932968020439148 0.0037733360659331083 0.11553031951189041 
vn -0.993124783039093 0.018865590915083885 0.11553031951189041 
vn -0.9932184815406799 0.0339704230427742 0.1111890971660614 
vn -0.9929317235946655 0.04151540994644165 0.1111890971660614 
vn -0.992900550365448 0.06035027280449867 0.10250037163496017 
vn -0.9934103488922119 0.0716521218419075 0.08945280313491821 
vn -0.9932188987731934 0.0792095959186554 0.08510008454322815 
vn -0.9932897686958313 0.09048069268465042 0.07203252613544464 
vn -0.9930648803710938 0.10171902924776077 0.058952588587999344 
vn -0.9929502606391907 0.10929977148771286 0.04586252197623253 
vn -0.9290803670883179 0.35778558254241943 0.09380380809307098 
vn -0.932530403137207 0.3581671416759491 0.04586252197623253 
vn -0.9648423194885254 0.2539675533771515 0.06767380982637405 
vn -0.9666973352432251 0.2538163959980011 0.03276457265019417 
vn -0.965974748134613 0.23928797245025635 0.0981530249118805 
vn -0.9316631555557251 0.3364216089248657 0.1372016966342926 
vn -0.9645136594772339 0.2281629592180252 0.1328723281621933 
vn -0.929685115814209 0.31874123215675354 0.18463370203971863 
vn -0.9663575887680054 0.20231950283050537 0.15880759060382843 
vn -0.9307374954223633 0.289725661277771 0.22312943637371063 
vn -0.9661547541618347 0.18015386164188385 0.18463370203971863 
vn -0.9315692782402039 0.2570967972278595 0.25706008076667786 
vn -0.9672240018844604 0.15414884686470032 0.2017817199230194 
vn -0.9314781427383423 0.2242099642753601 0.2864931523799896 
vn -0.9663671255111694 0.12785863876342773 0.22312943637371063 
vn -0.9295082688331604 0.18368865549564362 0.3198012113571167 
vn -0.9657844305038452 0.09796591848134995 0.2401314377784729 
vn -0.9308540225028992 0.14284789562225342 0.3363112509250641 
vn -0.9662219285964966 0.06790123134851456 0.24860523641109467 
vn -0.9321272373199463 0.09797052294015884 0.34862664341926575 
vn -0.9669126868247986 0.033975228667259216 0.25283506512641907 
vn -0.9313234090805054 0.048997391015291214 0.36088213324546814 
vn -0.9652630090713501 -1.9963869966888037e-13 0.2612801790237427 
vn -0.9326038360595703 -0.003770755836740136 0.36088213324546814 
vn -0.9669126868247986 -0.033975228667259216 0.25283506512641907 
vn -0.9313234090805054 -0.048997391015291214 0.36088213324546814 
vn -0.9662219285964966 -0.06790123134851456 0.24860523641109467 
vn -0.9321272373199463 -0.09797052294015884 0.34862664341926575 
vn -0.9657844305038452 -0.09796591848134995 0.2401314377784729 
vn -0.9308540225028992 -0.14284789562225342 0.3363112509250641 
vn -0.9663671255111694 -0.12785863876342773 0.22312943637371063 
vn -0.9295082688331604 -0.18368865549564362 0.3198012113571167 
vn -0.9672240018844604 -0.15414884686470032 0.2017817199230194 
vn -0.9314781427383423 -0.2242099642753601 0.2864931523799896 
vn -0.9661547541618347 -0.18015386164188385 0.18463370203971863 
vn -0.9315692782402039 -0.2570967972278595 0.25706008076667786 
vn -0.9663575887680054 -0.20231950283050537 0.15880759060382843 
vn -0.9307374954223633 -0.289725661277771 0.22312943637371063 
vn -0.9645136594772339 -0.2281629592180252 0.1328723281621933 
vn -0.929685115814209 -0.31874123215675354 0.18463370203971863 
vn -0.965974748134613 -0.23928797245025635 0.0981530249118805 
vn -0.9322254657745361 -0.3330545425415039 0.1415284425020218 
vn -0.9667372107505798 -0.2466563880443573 0.06767380982637405 
vn -0.9290803670883179 -0.35778558254241943 0.09380380809307098 
vn -0.9666973352432251 -0.2538163959980011 0.03276457265019417 
vn -0.932530403137207 -0.3581671416759491 0.04586252197623253 
vn -0.9652689099311829 -0.2612491250038147 0.002184694167226553 
vn -0.9323094487190247 -0.36165499687194824 0.002184694167226553 
vn -0.9666973352432251 -0.2538163959980011 -0.03276457265019417 
vn -0.932530403137207 -0.3581671416759491 -0.04586252197623253 
vn -0.9648423194885254 -0.2539675533771515 -0.06767380982637405 
vn -0.9290803670883179 -0.35778558254241943 -0.09380380809307098 
vn -0.965974748134613 -0.23928797245025635 -0.0981530249118805 
vn -0.9322254657745361 -0.3330545425415039 -0.1415284425020218 
vn -0.9645136594772339 -0.2281629592180252 -0.1328723281621933 
vn -0.929685115814209 -0.31874123215675354 -0.18463370203971863 
vn -0.9663575887680054 -0.20231950283050537 -0.15880759060382843 
vn -0.9317463040351868 -0.2864648103713989 -0.22312943637371063 
vn -0.9661547541618347 -0.18015386164188385 -0.18463370203971863 
vn -0.9324818253517151 -0.25376710295677185 -0.25706008076667786 
vn -0.9672240018844604 -0.15414884686470032 -0.2017817199230194 
vn -0.9322893023490906 -0.2208128720521927 -0.2864931523799896 
vn -0.9668350219726562 -0.12427107244729996 -0.22312943637371063 
vn -0.9301886558532715 -0.18021175265312195 -0.3198012113571167 
vn -0.9657844305038452 -0.09796591848134995 -0.2401314377784729 
vn -0.9308540225028992 -0.14284789562225342 -0.3363112509250641 
vn -0.9662219285964966 -0.06790123134851456 -0.24860523641109467 
vn -0.9321272373199463 -0.09797052294015884 -0.34862664341926575 
vn -0.9669126868247986 -0.033975228667259216 -0.25283506512641907 
vn -0.9315111041069031 -0.04528968408703804 -0.36088213324546814 
vn -0.965255618095398 -0.003776407800614834 -0.2612801790237427 
vn -0.9326114058494568 -1.928855973597557e-13 -0.36088213324546814 
vn -0.9669126868247986 0.033975228667259216 -0.25283506512641907 
vn -0.9315111041069031 0.04528968408703804 -0.36088213324546814 
vn -0.9662219285964966 0.06790123134851456 -0.24860523641109467 
vn -0.9321272373199463 0.09797052294015884 -0.34862664341926575 
vn -0.9657844305038452 0.09796591848134995 -0.2401314377784729 
vn -0.9308540225028992 0.14284789562225342 -0.3363112509250641 
vn -0.9668350219726562 0.12427107244729996 -0.22312943637371063 
vn -0.9301886558532715 0.18021175265312195 -0.3198012113571167 
vn -0.9672240018844604 0.15414884686470032 -0.2017817199230194 
vn -0.9322893023490906 0.2208128720521927 -0.2864931523799896 
vn -0.9661547541618347 0.18015386164188385 -0.18463370203971863 
vn -0.9324818253517151 0.25376710295677185 -0.25706008076667786 
vn -0.9663575887680054 0.20231950283050537 -0.15880759060382843 
vn -0.9317463040351868 0.2864648103713989 -0.22312943637371063 
vn -0.9645136594772339 0.2281629592180252 -0.1328723281621933 
vn -0.929685115814209 0.31874123215675354 -0.18463370203971863 
vn -0.965974748134613 0.23928797245025635 -0.0981530249118805 
vn -0.9327989220619202 0.3332594037055969 -0.1372016966342926 
vn -0.9648423194885254 0.2539675533771515 -0.06767380982637405 
vn -0.9290803670883179 0.35778558254241943 -0.09380380809307098 
vn -0.9666973352432251 0.2538163959980011 -0.03276457265019417 
vn -0.932530403137207 0.3581671416759491 -0.04586252197623253 
vn -0.9652689099311829 0.2612491250038147 -0.002184694167226553 
vn -0.9323094487190247 0.36165499687194824 0.002184694167226553 
vn -0.9927064776420593 0.12053639441728592 0.002184694167226553 
vn -0.9935315847396851 0.11302972584962845 -0.010923261754214764 
vn -0.993057370185852 0.11297578364610672 -0.03276457265019417 
vn -0.9929502606391907 0.10929977148771286 -0.04586252197623253 
vn -0.9930648803710938 0.10171902924776077 -0.058952588587999344 
vn -0.9932897686958313 0.09048069268465042 -0.07203252613544464 
vn -0.9932188987731934 0.0792095959186554 -0.08510008454322815 
vn -0.9934103488922119 0.0716521218419075 -0.08945280313491821 
vn -0.992900550365448 0.06035027280449867 -0.10250037163496017 
vn -0.9929317235946655 0.04151540994644165 -0.1111890971660614 
vn -0.9932184815406799 0.0339704230427742 -0.1111890971660614 
vn -0.993124783039093 0.018865590915083885 -0.11553031951189041 
vn -0.9932968020439148 0.0037733360659331083 -0.11553031951189041 
vn -0.993124783039093 -0.018865590915083885 -0.11553031951189041 
vn -0.9932184815406799 -0.0339704230427742 -0.1111890971660614 
vn -0.9929317235946655 -0.04151540994644165 -0.1111890971660614 
vn -0.992900550365448 -0.06035027280449867 -0.10250037163496017 
vn -0.9934103488922119 -0.0716521218419075 -0.08945280313491821 
vn -0.9932188987731934 -0.0792095959186554 -0.08510008454322815 
vn -0.9932897686958313 -0.09048069268465042 -0.07203252613544464 
vn -0.9930648803710938 -0.10171902924776077 -0.058952588587999344 
vn -0.9929502606391907 -0.10929977148771286 -0.04586252197623253 
vn -0.993057370185852 -0.11297578364610672 -0.03276457265019417 
vn -0.9935315847396851 -0.11302972584962845 -0.010923261754214764 
vn -0.9927064776420593 -0.12053639441728592 -0.002184694167226553 
vn -0.9935315847396851 -0.11302972584962845 0.010923261754214764 
vn -0.993057370185852 -0.11297578364610672 0.03276457265019417 
vn -0.9929502606391907 -0.10929977148771286 0.04586252197623253 
vn -0.9930648803710938 -0.10171902924776077 0.058952588587999344 
vn -0.9934103488922119 -0.0716521218419075 0.08945280313491821 
vn -0.992900550365448 -0.06035027280449867 0.10250037163496017 
vn -0.9929317235946655 -0.04151540994644165 0.1111890971660614 
vn -0.9932184815406799 -0.0339704230427742 0.1111890971660614 
vn -0.993124783039093 -0.018865590915083885 0.11553031951189041 
vn -0.9932968020439148 0.0037733360659331083 0.11553031951189041 
vn -0.993124783039093 0.018865590915083885 0.11553031951189041 
vn -0.9932184815406799 0.0339704230427742 0.1111890971660614 
vn -0.9929317235946655 0.04151540994644165 0.1111890971660614 
vn -0.992900550365448 0.06035027280449867 0.10250037163496017 
vn -0.9934103488922119 0.0716521218419075 0.08945280313491821 
vn -0.9932188987731934 0.0792095959186554 0.08510008454322815 
vn -0.9932897686958313 0.09048069268465042 0.07203252613544464 
vn -0.9930648803710938 0.10171902924776077 0.058952588587999344 
vn -0.9929502606391907 0.10929977148771286 0.04586252197623253 
vn -0.993057370185852 0.11297578364610672 0.03276457265019417 
vn -0.9935315847396851 0.11302972584962845 0.010923261754214764 
vn -0.9997409582138062 0.022653724998235703 -0.002184694167226553 
vn -0.9997409582138062 0.022653724998235703 -0.002184694167226553 
vn -0.9999691247940063 -0.007551815826445818 0.002184694167226553 
vn -0.9999691247940063 -0.007551815826445818 0.002184694167226553 
vn -0.9999691247940063 -0.007551815826445818 0.002184694167226553 
vn -0.9997409582138062 0.022653724998235703 0.002184694167226553 
vn -0.9999691247940063 -0.007551815826445818 0.002184694167226553 
vn -0.999721884727478 0.02265329100191593 0.006554040592163801 
vn -0.9999691247940063 -0.007551815826445818 0.002184694167226553 
vn -0.9998644590377808 0.015102911740541458 0.006554040592163801 
vn -0.9999691247940063 -0.007551815826445818 0.002184694167226553 
vn -0.9998263120651245 0.015102335251867771 0.010923261754214764 
vn -0.9999499917030334 -0.0075516714714467525 -0.006554040592163801 
vn -0.9998263120651245 0.015102335251867771 0.010923261754214764 
vn -0.9999499917030334 -0.0075516714714467525 -0.006554040592163801 
vn -0.9998263120651245 0.015102335251867771 0.010923261754214764 
vn -0.9999785423278809 -2.0681866592583975e-13 -0.006554040592163801 
vn -0.9998263120651245 0.015102335251867771 0.010923261754214764 
vn -0.9999785423278809 -2.0681866592583975e-13 -0.006554040592163801 
vn -0.9997782111167908 0.007550373673439026 0.01966099627315998 
vn -0.9999785423278809 -2.0681866592583975e-13 -0.006554040592163801 
vn -0.9997782111167908 0.007550373673439026 0.01966099627315998 
vn -0.9999785423278809 -2.0681866592583975e-13 -0.006554040592163801 
vn -0.9997782111167908 0.007550373673439026 0.01966099627315998 
vn -0.9999785423278809 -2.0681866592583975e-13 -0.006554040592163801 
vn -0.9998067021369934 -2.0678313119963654e-13 0.01966099627315998 
vn -0.9999785423278809 -2.0681866592583975e-13 -0.006554040592163801 
vn -0.9998067021369934 -2.0678313119963654e-13 0.01966099627315998 
vn -0.9999785423278809 -2.0681866592583975e-13 -0.006554040592163801 
vn -0.9998067021369934 -2.0678313119963654e-13 0.01966099627315998 
vn -0.9999785423278809 -2.0681866592583975e-13 -0.006554040592163801 
vn -0.9997782111167908 -0.007550373673439026 0.01966099627315998 
vn -0.9999785423278809 -2.0681866592583975e-13 -0.006554040592163801 
vn -0.9997782111167908 -0.007550373673439026 0.01966099627315998 
vn -0.9999785423278809 -2.0681866592583975e-13 -0.006554040592163801 
vn -0.9997782111167908 -0.007550373673439026 0.01966099627315998 
vn -0.9999785423278809 -2.0681866592583975e-13 -0.006554040592163801 
vn -0.9998263120651245 -0.015102335251867771 0.010923261754214764 
vn -0.9999499917030334 0.0075516714714467525 -0.006554040592163801 
vn -0.9998263120651245 -0.015102335251867771 0.010923261754214764 
vn -0.9999499917030334 0.0075516714714467525 -0.006554040592163801 
vn -0.9998263120651245 -0.015102335251867771 0.010923261754214764 
vn -0.9999691247940063 0.007551815826445818 0.002184694167226553 
vn -0.9998263120651245 -0.015102335251867771 0.010923261754214764 
vn -0.9999691247940063 0.007551815826445818 0.002184694167226553 
vn -0.9998644590377808 -0.015102911740541458 0.006554040592163801 
vn -0.9999691247940063 0.007551815826445818 -0.002184694167226553 
vn -0.999721884727478 -0.02265329100191593 0.006554040592163801 
vn -0.9999691247940063 0.007551815826445818 0.002184694167226553 
vn -0.9997409582138062 -0.022653724998235703 -0.002184694167226553 
vn -0.9999691247940063 0.007551815826445818 -0.002184694167226553 
vn -0.9997409582138062 -0.022653724998235703 0.002184694167226553 
vn -0.9999691247940063 0.007551815826445818 -0.002184694167226553 
vn -0.9997409582138062 -0.022653724998235703 0.002184694167226553 
vn -0.9999691247940063 0.007551815826445818 -0.002184694167226553 
vn -0.999721884727478 -0.02265329100191593 -0.006554040592163801 
vn -0.9999691247940063 0.007551815826445818 0.002184694167226553 
vn -0.9998644590377808 -0.015102911740541458 -0.006554040592163801 
vn -0.9999691247940063 0.007551815826445818 -0.002184694167226553 
vn -0.9998263120651245 -0.015102335251867771 -0.010923261754214764 
vn -0.9999499917030334 0.0075516714714467525 0.006554040592163801 
vn -0.9998263120651245 -0.015102335251867771 -0.010923261754214764 
vn -0.9999499917030334 0.0075516714714467525 0.006554040592163801 
vn -0.9998263120651245 -0.015102335251867771 -0.010923261754214764 
vn -0.9999785423278809 -2.0681866592583975e-13 0.006554040592163801 
vn -0.9998263120651245 -0.015102335251867771 -0.010923261754214764 
vn -0.9999785423278809 -2.0681866592583975e-13 0.006554040592163801 
vn -0.9997782111167908 -0.007550373673439026 -0.01966099627315998 
vn -0.9999785423278809 -2.0681866592583975e-13 0.006554040592163801 
vn -0.9997782111167908 -0.007550373673439026 -0.01966099627315998 
vn -0.9999785423278809 -2.0681866592583975e-13 0.006554040592163801 
vn -0.9997782111167908 -0.007550373673439026 -0.01966099627315998 
vn -0.9999785423278809 -2.0681866592583975e-13 0.006554040592163801 
vn -0.9998067021369934 -2.0678313119963654e-13 -0.01966099627315998 
vn -0.9999785423278809 -2.0681866592583975e-13 0.006554040592163801 
vn -0.9998067021369934 -2.0678313119963654e-13 -0.01966099627315998 
vn -0.9999785423278809 -2.0681866592583975e-13 0.006554040592163801 
vn -0.9998067021369934 -2.0678313119963654e-13 -0.01966099627315998 
vn -0.9999785423278809 -2.0681866592583975e-13 0.006554040592163801 
vn -0.9997782111167908 0.007550373673439026 -0.01966099627315998 
vn -0.9999785423278809 -2.0681866592583975e-13 0.006554040592163801 
vn -0.9997782111167908 0.007550373673439026 -0.01966099627315998 
vn -0.9999785423278809 -2.0681866592583975e-13 0.006554040592163801 
vn -0.9997782111167908 0.007550373673439026 -0.01966099627315998 
vn -0.9999785423278809 -2.0681866592583975e-13 0.006554040592163801 
vn -0.9998263120651245 0.015102335251867771 -0.010923261754214764 
vn -0.9999499917030334 -0.0075516714714467525 0.006554040592163801 
vn -0.9998263120651245 0.015102335251867771 -0.010923261754214764 
vn -0.9999499917030334 -0.0075516714714467525 0.006554040592163801 
vn -0.9998263120651245 0.015102335251867771 -0.010923261754214764 
vn -0.9999691247940063 -0.007551815826445818 0.002184694167226553 
vn -0.9998263120651245 0.015102335251867771 -0.010923261754214764 
vn -0.9999691247940063 -0.007551815826445818 -0.002184694167226553 
vn -0.9998644590377808 0.015102911740541458 -0.006554040592163801 
vn -0.9999691247940063 -0.007551815826445818 0.002184694167226553 
vn -0.999721884727478 0.02265329100191593 -0.006554040592163801 
vn -0.9648423194885254 0.2539675533771515 -0.06767380982637405 
vn -0.965974748134613 0.23928797245025635 -0.0981530249118805 
vn -0.9645136594772339 0.2281629592180252 -0.1328723281621933 
vn -0.9663575887680054 0.20231950283050537 -0.15880759060382843 
vn -0.9661547541618347 0.18015386164188385 -0.18463370203971863 
vn -0.9672240018844604 0.15414884686470032 -0.2017817199230194 
vn -0.9668350219726562 0.12427107244729996 -0.22312943637371063 
vn -0.9657844305038452 0.09796591848134995 -0.2401314377784729 
vn -0.9662219285964966 0.06790123134851456 -0.24860523641109467 
vn -0.9669126868247986 0.033975228667259216 -0.25283506512641907 
vn -0.965255618095398 -0.003776407800614834 -0.2612801790237427 
vn -0.9669126868247986 -0.033975228667259216 -0.25283506512641907 
vn -0.9662219285964966 -0.06790123134851456 -0.24860523641109467 
vn -0.9657844305038452 -0.09796591848134995 -0.2401314377784729 
vn -0.9668350219726562 -0.12427107244729996 -0.22312943637371063 
vn -0.9672240018844604 -0.15414884686470032 -0.2017817199230194 
vn -0.9661547541618347 -0.18015386164188385 -0.18463370203971863 
vn -0.9663575887680054 -0.20231950283050537 -0.15880759060382843 
vn -0.9645136594772339 -0.2281629592180252 -0.1328723281621933 
vn -0.965974748134613 -0.23928797245025635 -0.0981530249118805 
vn -0.9667372107505798 -0.2466563880443573 -0.06767380982637405 
vn -0.9666973352432251 -0.2538163959980011 -0.03276457265019417 
vn -0.9672143459320068 -0.25395211577415466 0.002184694167226553 
vn -0.9666973352432251 -0.2538163959980011 0.03276457265019417 
vn -0.9667372107505798 -0.2466563880443573 0.06767380982637405 
vn -0.965974748134613 -0.23928797245025635 0.0981530249118805 
vn -0.9645136594772339 -0.2281629592180252 0.1328723281621933 
vn -0.9663575887680054 -0.20231950283050537 0.15880759060382843 
vn -0.9661547541618347 -0.18015386164188385 0.18463370203971863 
vn -0.9672240018844604 -0.15414884686470032 0.2017817199230194 
vn -0.9663671255111694 -0.12785863876342773 0.22312943637371063 
vn -0.9657844305038452 -0.09796591848134995 0.2401314377784729 
vn -0.9662219285964966 -0.06790123134851456 0.24860523641109467 
vn -0.9669126868247986 -0.033975228667259216 0.25283506512641907 
vn -0.9652630090713501 -1.9963869966888037e-13 0.2612801790237427 
vn -0.9669126868247986 0.033975228667259216 0.25283506512641907 
vn -0.9662219285964966 0.06790123134851456 0.24860523641109467 
vn -0.9657844305038452 0.09796591848134995 0.2401314377784729 
vn -0.9663671255111694 0.12785863876342773 0.22312943637371063 
vn -0.9672240018844604 0.15414884686470032 0.2017817199230194 
vn -0.9661547541618347 0.18015386164188385 0.18463370203971863 
vn -0.9663575887680054 0.20231950283050537 0.15880759060382843 
vn -0.9645136594772339 0.2281629592180252 0.1328723281621933 
vn -0.965974748134613 0.23928797245025635 0.0981530249118805 
vn -0.9648423194885254 0.2539675533771515 0.06767380982637405 
vn -0.9666973352432251 0.2538163959980011 0.03276457265019417 
vn -0.9672143459320068 0.25395211577415466 0.002184694167226553 
vn -0.9666973352432251 0.2538163959980011 -0.03276457265019417 
vt 0.01606213115155697 0.49952611327171326 
vt 0.020206358283758163 0.4363875985145569 
vt 0.0007041179924272001 0.49952611327171326 
vt 0.004848343785852194 0.4343155026435852 
vt 0.004848343785852194 0.564858615398407 
vt 0.020206358283758163 0.5627865195274353 
vt 0.01764668896794319 0.629094123840332 
vt 0.032517146319150925 0.6249498724937439 
vt 0.03873348608613014 0.6907699704170227 
vt 0.053116388618946075 0.6845536231994629 
vt 0.06749928742647171 0.7492766976356506 
vt 0.08090707659721375 0.7415976524353027 
vt 0.1034565418958664 0.8037610650062561 
vt 0.11576733738183975 0.7940099239349365 
vt 0.1466052532196045 0.8526385426521301 
vt 0.15794092416763306 0.8417904376983643 
vt 0.1959702968597412 0.895787239074707 
vt 0.2052338570356369 0.8833545446395874 
vt 0.24996712803840637 0.9322320818901062 
vt 0.2581336796283722 0.9183366894721985 
vt 0.3084738552570343 0.9609978795051575 
vt 0.31469017267227173 0.9466149806976318 
vt 0.3706372380256653 0.9820846319198608 
vt 0.37478145956993103 0.9666047692298889 
vt 0.43438518047332764 0.9943954348564148 
vt 0.4364573061466217 0.9790374636650085 
vt 0.4995957911014557 0.9990272521972656 
vt 0.4995957911014557 0.9830597639083862 
vt 0.5649282932281494 0.9943954348564148 
vt 0.5628561973571777 0.9790374636650085 
vt 0.6291638016700745 0.9820846319198608 
vt 0.6250195503234863 0.9666047692298889 
vt 0.6908396482467651 0.9609978795051575 
vt 0.6846233010292053 0.9466149806976318 
vt 0.7493463754653931 0.9322320818901062 
vt 0.7416673302650452 0.9183366894721985 
vt 0.8038307428359985 0.895787239074707 
vt 0.794079601764679 0.8833545446395874 
vt 0.8527082204818726 0.8526385426521301 
vt 0.8418601155281067 0.8417904376983643 
vt 0.8958569169044495 0.8037610650062561 
vt 0.8834242820739746 0.7940099239349365 
vt 0.9323017597198486 0.7492766976356506 
vt 0.9184064269065857 0.7415976524353027 
vt 0.9610675573348999 0.6907699704170227 
vt 0.9466846585273743 0.6845536231994629 
vt 0.982154369354248 0.629094123840332 
vt 0.9666744470596313 0.6249498724937439 
vt 0.9944651126861572 0.564858615398407 
vt 0.979107141494751 0.5627865195274353 
vt 0.9990969300270081 0.49952611327171326 
vt 0.9831294417381287 0.49952611327171326 
vt 0.9944651126861572 0.4343155026435852 
vt 0.979107141494751 0.4363875985145569 
vt 0.982154369354248 0.37056756019592285 
vt 0.9666744470596313 0.3747117817401886 
vt 0.9610675573348999 0.3084041476249695 
vt 0.9466846585273743 0.3146204948425293 
vt 0.9323017597198486 0.24989743530750275 
vt 0.9184064269065857 0.25806400179862976 
vt 0.8958569169044495 0.19590060412883759 
vt 0.8834242820739746 0.20516417920589447 
vt 0.8527082204818726 0.14653556048870087 
vt 0.8418601155281067 0.15787124633789062 
vt 0.8038307428359985 0.10338685661554337 
vt 0.794079601764679 0.11569764465093613 
vt 0.7493463754653931 0.06742960214614868 
vt 0.7416673302650452 0.08083739131689072 
vt 0.6908396482467651 0.038663800805807114 
vt 0.6846233010292053 0.05304670333862305 
vt 0.6291638016700745 0.017577003687620163 
vt 0.6250195503234863 0.032447461038827896 
vt 0.5649282932281494 0.004778658039867878 
vt 0.5628561973571777 0.020136671140789986 
vt 0.4995957911014557 0.0006344320136122406 
vt 0.4995957911014557 0.01599244587123394 
vt 0.43438518047332764 0.004778658039867878 
vt 0.4364573061466217 0.020136671140789986 
vt 0.3706372380256653 0.017577003687620163 
vt 0.37478145956993103 0.032447461038827896 
vt 0.3084738552570343 0.038663800805807114 
vt 0.31469017267227173 0.05304670333862305 
vt 0.24996712803840637 0.06742960214614868 
vt 0.2581336796283722 0.08083739131689072 
vt 0.1959702968597412 0.10338685661554337 
vt 0.2052338570356369 0.11569764465093613 
vt 0.1466052532196045 0.14653556048870087 
vt 0.15794092416763306 0.15787124633789062 
vt 0.1034565418958664 0.19590060412883759 
vt 0.11576733738183975 0.20516417920589447 
vt 0.06749928742647171 0.24989743530750275 
vt 0.08090707659721375 0.25806400179862976 
vt 0.03873348608613014 0.3084041476249695 
vt 0.053116388618946075 0.3146204948425293 
vt 0.01764668896794319 0.37056756019592285 
vt 0.032517146319150925 0.3747117817401886 
vt 0.05214127525687218 0.37983110547065735 
vt 0.07164351642131805 0.3222995102405548 
vt 0.09833721071481705 0.26781511306762695 
vt 0.13222235441207886 0.21747496724128723 
vt 0.1723238229751587 0.17225414514541626 
vt 0.21754464507102966 0.13215266168117523 
vt 0.2678848206996918 0.09826751798391342 
vt 0.32236918807029724 0.07157383114099503 
vt 0.3799007833003998 0.05207158997654915 
vt 0.4395045042037964 0.04024835675954819 
vt 0.4995957911014557 0.03659168630838394 
vt 0.5602965354919434 0.04024835675954819 
vt 0.6199002265930176 0.05207158997654915 
vt 0.6769443154335022 0.07157383114099503 
vt 0.7314286828041077 0.09826751798391342 
vt 0.7817688584327698 0.13215266168117523 
vt 0.827477216720581 0.17225414514541626 
vt 0.8675786852836609 0.21747496724128723 
vt 0.900976300239563 0.26781511306762695 
vt 0.9276699423789978 0.3222995102405548 
vt 0.947172224521637 0.37983110547065735 
vt 0.9589954614639282 0.43943482637405396 
vt 0.9631396532058716 0.49952611327171326 
vt 0.9589954614639282 0.5602268576622009 
vt 0.947172224521637 0.6198305487632751 
vt 0.9276699423789978 0.676874577999115 
vt 0.900976300239563 0.7313590049743652 
vt 0.8675786852836609 0.7816991209983826 
vt 0.827477216720581 0.8274075388908386 
vt 0.7817688584327698 0.8675090074539185 
vt 0.7314286828041077 0.9009065628051758 
vt 0.6769443154335022 0.9276002645492554 
vt 0.6199002265930176 0.9471025466918945 
vt 0.5602965354919434 0.958925724029541 
vt 0.4995957911014557 0.9630699753761292 
vt 0.4395045042037964 0.958925724029541 
vt 0.3799007833003998 0.9471025466918945 
vt 0.32236918807029724 0.9276002645492554 
vt 0.2678848206996918 0.9009065628051758 
vt 0.21754464507102966 0.8675090074539185 
vt 0.1723238229751587 0.8274075388908386 
vt 0.13222235441207886 0.7816991209983826 
vt 0.09833721071481705 0.7313590049743652 
vt 0.07164351642131805 0.676874577999115 
vt 0.05214127525687218 0.6198305487632751 
vt 0.040318042039871216 0.5602268576622009 
vt 0.03666137158870697 0.49952611327171326 
vt 0.040318042039871216 0.43943482637405396 
vt 0.03666137158870697 0.49952611327171326 
vt 0.06286750733852386 0.44199448823928833 
vt 0.040318042039871216 0.43943482637405396 
vt 0.07420318573713303 0.38555988669395447 
vt 0.05214127525687218 0.37983110547065735 
vt 0.092730313539505 0.331075519323349 
vt 0.07164351642131805 0.3222995102405548 
vt 0.11783944815397263 0.2791507840156555 
vt 0.09833721071481705 0.26781511306762695 
vt 0.15026192367076874 0.23137031495571136 
vt 0.13222235441207886 0.21747496724128723 
vt 0.1882912963628769 0.18822160363197327 
vt 0.1723238229751587 0.17225414514541626 
vt 0.2314399927854538 0.1501922309398651 
vt 0.21754464507102966 0.13215266168117523 
vt 0.27922049164772034 0.1177697628736496 
vt 0.2678848206996918 0.09826751798391342 
vt 0.33114519715309143 0.09266062825918198 
vt 0.32236918807029724 0.07157383114099503 
vt 0.3856295943260193 0.07413350045681 
vt 0.3799007833003998 0.05207158997654915 
vt 0.44206419587135315 0.06279782205820084 
vt 0.4395045042037964 0.04024835675954819 
vt 0.4995957911014557 0.059263039380311966 
vt 0.4995957911014557 0.03659168630838394 
vt 0.5572493076324463 0.06279782205820084 
vt 0.5602965354919434 0.04024835675954819 
vt 0.6136838793754578 0.07413350045681 
vt 0.6199002265930176 0.05207158997654915 
vt 0.668168306350708 0.09266062825918198 
vt 0.6769443154335022 0.07157383114099503 
vt 0.7200930118560791 0.1177697628736496 
vt 0.7314286828041077 0.09826751798391342 
vt 0.7678734660148621 0.1501922309398651 
vt 0.7817688584327698 0.13215266168117523 
vt 0.8115097284317017 0.18822160363197327 
vt 0.827477216720581 0.17225414514541626 
vt 0.8495391011238098 0.23137031495571136 
vt 0.8675786852836609 0.21747496724128723 
vt 0.8814740180969238 0.2791507840156555 
vt 0.900976300239563 0.26781511306762695 
vt 0.9065831899642944 0.331075519323349 
vt 0.9276699423789978 0.3222995102405548 
vt 0.9255978465080261 0.38555988669395447 
vt 0.947172224521637 0.37983110547065735 
vt 0.936445951461792 0.44199448823928833 
vt 0.9589954614639282 0.43943482637405396 
vt 0.9404683113098145 0.49952611327171326 
vt 0.9631396532058716 0.49952611327171326 
vt 0.936445951461792 0.5571796298027039 
vt 0.9589954614639282 0.5602268576622009 
vt 0.9255978465080261 0.6136142015457153 
vt 0.947172224521637 0.6198305487632751 
vt 0.9065831899642944 0.6680985689163208 
vt 0.9276699423789978 0.676874577999115 
vt 0.8814740180969238 0.7200233340263367 
vt 0.900976300239563 0.7313590049743652 
vt 0.8495391011238098 0.7678037881851196 
vt 0.8675786852836609 0.7816991209983826 
vt 0.8115097284317017 0.8114400506019592 
vt 0.827477216720581 0.8274075388908386 
vt 0.7678734660148621 0.8494694232940674 
vt 0.7817688584327698 0.8675090074539185 
vt 0.7200930118560791 0.8814043402671814 
vt 0.7314286828041077 0.9009065628051758 
vt 0.668168306350708 0.9065134525299072 
vt 0.6769443154335022 0.9276002645492554 
vt 0.6136838793754578 0.9255281686782837 
vt 0.6199002265930176 0.9471025466918945 
vt 0.5572493076324463 0.9363762736320496 
vt 0.5602965354919434 0.958925724029541 
vt 0.4995957911014557 0.940398633480072 
vt 0.4995957911014557 0.9630699753761292 
vt 0.44206419587135315 0.9363762736320496 
vt 0.4395045042037964 0.958925724029541 
vt 0.3856295943260193 0.9255281686782837 
vt 0.3799007833003998 0.9471025466918945 
vt 0.33114519715309143 0.9065134525299072 
vt 0.32236918807029724 0.9276002645492554 
vt 0.27922049164772034 0.8814043402671814 
vt 0.2678848206996918 0.9009065628051758 
vt 0.2314399927854538 0.8494694232940674 
vt 0.21754464507102966 0.8675090074539185 
vt 0.1882912963628769 0.8114400506019592 
vt 0.1723238229751587 0.8274075388908386 
vt 0.15026192367076874 0.7678037881851196 
vt 0.13222235441207886 0.7816991209983826 
vt 0.11783944815397263 0.7200233340263367 
vt 0.09833721071481705 0.7313590049743652 
vt 0.092730313539505 0.6680985689163208 
vt 0.07164351642131805 0.676874577999115 
vt 0.07420318573713303 0.6136142015457153 
vt 0.05214127525687218 0.6198305487632751 
vt 0.06286750733852386 0.5571796298027039 
vt 0.040318042039871216 0.5602268576622009 
vt 0.05933272838592529 0.49952611327171326 
vt 0.08553886413574219 0.4451636075973511 
vt 0.09626509249210358 0.3916543424129486 
vt 0.08188219368457794 0.49952611327171326 
vt 0.08553886413574219 0.5540105104446411 
vt 0.09626509249210358 0.6080073118209839 
vt 0.11369521915912628 0.6593225598335266 
vt 0.13795113563537598 0.7086876034736633 
vt 0.16817960143089294 0.7539084553718567 
vt 0.20413686335086823 0.7949850559234619 
vt 0.24533534049987793 0.8309422731399536 
vt 0.2905561625957489 0.8617802262306213 
vt 0.33979931473731995 0.8860361576080322 
vt 0.39172402024269104 0.9034662842750549 
vt 0.4452333152294159 0.9141924977302551 
vt 0.4995957911014557 0.9178491830825806 
vt 0.5540801882743835 0.9141924977302551 
vt 0.6080769896507263 0.9034662842750549 
vt 0.6593922972679138 0.8860361576080322 
vt 0.7087573409080505 0.8617802262306213 
vt 0.7539781332015991 0.8309422731399536 
vt 0.7950547337532043 0.7949850559234619 
vt 0.8310120105743408 0.7539084553718567 
vt 0.8618499040603638 0.7086876034736633 
vt 0.8861058354377747 0.6593225598335266 
vt 0.9035359621047974 0.6080073118209839 
vt 0.9142621755599976 0.5540105104446411 
vt 0.917918860912323 0.49952611327171326 
vt 0.9142621755599976 0.4451636075973511 
vt 0.9035359621047974 0.3916543424129486 
vt 0.8861058354377747 0.3397296369075775 
vt 0.8618499040603638 0.29048648476600647 
vt 0.8310120105743408 0.2452656477689743 
vt 0.7950547337532043 0.2040671706199646 
vt 0.7539781332015991 0.1681099236011505 
vt 0.7087573409080505 0.13788144290447235 
vt 0.6593922972679138 0.11362553387880325 
vt 0.6080769896507263 0.09619540721178055 
vt 0.5540801882743835 0.08546917885541916 
vt 0.4995957911014557 0.08181250840425491 
vt 0.4452333152294159 0.08546917885541916 
vt 0.39172402024269104 0.09619540721178055 
vt 0.33979931473731995 0.11362553387880325 
vt 0.2905561625957489 0.13788144290447235 
vt 0.24533534049987793 0.1681099236011505 
vt 0.20413686335086823 0.2040671706199646 
vt 0.16817960143089294 0.2452656477689743 
vt 0.13795113563537598 0.29048648476600647 
vt 0.11369521915912628 0.3397296369075775 
vt 0.11637677997350693 0.39677369594573975 
vt 0.10650376975536346 0.44772326946258545 
vt 0.1353914588689804 0.4018930196762085 
vt 0.12612789869308472 0.4502829611301422 
vt 0.15123702585697174 0.3552095293998718 
vt 0.13331934809684753 0.348018079996109 
vt 0.1732989400625229 0.31096383929252625 
vt 0.15586881339550018 0.30121269822120667 
vt 0.20060208439826965 0.269887238740921 
vt 0.18512217700481415 0.25806400179862976 
vt 0.2329026609659195 0.23283298313617706 
vt 0.21912920475006104 0.2190595269203186 
vt 0.26995691657066345 0.20053239166736603 
vt 0.2581336796283722 0.18505248427391052 
vt 0.3110335171222687 0.17322926223278046 
vt 0.3012824058532715 0.15579913556575775 
vt 0.35527920722961426 0.1511673480272293 
vt 0.34808775782585144 0.1332496702671051 
vt 0.4019626975059509 0.1351998895406723 
vt 0.3968433737754822 0.1163070946931839 
vt 0.45035263895988464 0.1260582059621811 
vt 0.44779297709465027 0.10643408447504044 
vt 0.4995957911014557 0.12240154296159744 
vt 0.4995957911014557 0.10289930552244186 
vt 0.5489608645439148 0.1260582059621811 
vt 0.5515205264091492 0.10643408447504044 
vt 0.5972288846969604 0.1351998895406723 
vt 0.6024700999259949 0.1163070946931839 
vt 0.6440342664718628 0.1511673480272293 
vt 0.6517132520675659 0.1332496702671051 
vt 0.6882799863815308 0.17322926223278046 
vt 0.6980310678482056 0.15579913556575775 
vt 0.729356586933136 0.20053239166736603 
vt 0.7411797642707825 0.18505248427391052 
vt 0.7662889361381531 0.23283298313617706 
vt 0.780184268951416 0.2190595269203186 
vt 0.7987114191055298 0.269887238740921 
vt 0.8146788477897644 0.25806400179862976 
vt 0.8265020847320557 0.31096383929252625 
vt 0.8434446454048157 0.30121269822120667 
vt 0.8480764627456665 0.3552095293998718 
vt 0.8664816617965698 0.348018079996109 
vt 0.8639219999313354 0.4018930196762085 
vt 0.8829367160797119 0.39677369594573975 
vt 0.873673141002655 0.4502829611301422 
vt 0.8932972550392151 0.44772326946258545 
vt 0.8768422603607178 0.49952611327171326 
vt 0.8963444828987122 0.49952611327171326 
vt 0.873673141002655 0.5488911271095276 
vt 0.8932972550392151 0.5514508485794067 
vt 0.8639219999313354 0.597159206867218 
vt 0.8829367160797119 0.6024004220962524 
vt 0.8480764627456665 0.6439645886421204 
vt 0.8664816617965698 0.6516435742378235 
vt 0.8265020847320557 0.6882103085517883 
vt 0.8434446454048157 0.6979613900184631 
vt 0.7987114191055298 0.7292868494987488 
vt 0.8146788477897644 0.74111008644104 
vt 0.7662889361381531 0.7662192583084106 
vt 0.780184268951416 0.7801145911216736 
vt 0.729356586933136 0.7986417412757874 
vt 0.7411797642707825 0.814609169960022 
vt 0.6882799863815308 0.8264324069023132 
vt 0.6980310678482056 0.8433749675750732 
vt 0.6440342664718628 0.8480067849159241 
vt 0.6517132520675659 0.8664119839668274 
vt 0.5972288846969604 0.863852322101593 
vt 0.6024700999259949 0.8828670382499695 
vt 0.5489608645439148 0.8736034631729126 
vt 0.5515205264091492 0.8932275772094727 
vt 0.4995957911014557 0.8767725825309753 
vt 0.4995957911014557 0.8962748050689697 
vt 0.45035263895988464 0.8736034631729126 
vt 0.44779297709465027 0.8932275772094727 
vt 0.4019626975059509 0.863852322101593 
vt 0.3968433737754822 0.8828670382499695 
vt 0.35527920722961426 0.8480067849159241 
vt 0.34808775782585144 0.8664119839668274 
vt 0.3110335171222687 0.8264324069023132 
vt 0.3012824058532715 0.8433749675750732 
vt 0.26995691657066345 0.7986417412757874 
vt 0.2581336796283722 0.814609169960022 
vt 0.2329026609659195 0.7662192583084106 
vt 0.21912920475006104 0.7801145911216736 
vt 0.20060208439826965 0.7292868494987488 
vt 0.18512217700481415 0.74111008644104 
vt 0.1732989400625229 0.6882103085517883 
vt 0.15586881339550018 0.6979613900184631 
vt 0.15123702585697174 0.6439645886421204 
vt 0.13331934809684753 0.6516435742378235 
vt 0.1353914588689804 0.597159206867218 
vt 0.11637677997350693 0.6024004220962524 
vt 0.12612789869308472 0.5488911271095276 
vt 0.10650376975536346 0.5514508485794067 
vt 0.12247122824192047 0.49952611327171326 
vt 0.10296899080276489 0.49952611327171326 
vt 0.08188219368457794 0.49952611327171326 
vt 0.08553886413574219 0.5540105104446411 
vt 0.09626509249210358 0.6080073118209839 
vt 0.11369521915912628 0.6593225598335266 
vt 0.13795113563537598 0.7086876034736633 
vt 0.16817960143089294 0.7539084553718567 
vt 0.20413686335086823 0.7949850559234619 
vt 0.24533534049987793 0.8309422731399536 
vt 0.2905561625957489 0.8617802262306213 
vt 0.33979931473731995 0.8860361576080322 
vt 0.39172402024269104 0.9034662842750549 
vt 0.4452333152294159 0.9141924977302551 
vt 0.4995957911014557 0.9178491830825806 
vt 0.5540801882743835 0.9141924977302551 
vt 0.6080769896507263 0.9034662842750549 
vt 0.6593922972679138 0.8860361576080322 
vt 0.7087573409080505 0.8617802262306213 
vt 0.7539781332015991 0.8309422731399536 
vt 0.7950547337532043 0.7949850559234619 
vt 0.8310120105743408 0.7539084553718567 
vt 0.8618499040603638 0.7086876034736633 
vt 0.8861058354377747 0.6593225598335266 
vt 0.9035359621047974 0.6080073118209839 
vt 0.9142621755599976 0.5540105104446411 
vt 0.917918860912323 0.49952611327171326 
vt 0.9142621755599976 0.4451636075973511 
vt 0.9035359621047974 0.3916543424129486 
vt 0.8861058354377747 0.3397296369075775 
vt 0.8618499040603638 0.29048648476600647 
vt 0.7539781332015991 0.1681099236011505 
vt 0.7087573409080505 0.13788144290447235 
vt 0.6593922972679138 0.11362553387880325 
vt 0.6080769896507263 0.09619540721178055 
vt 0.5540801882743835 0.08546917885541916 
vt 0.4995957911014557 0.08181250840425491 
vt 0.4452333152294159 0.08546917885541916 
vt 0.39172402024269104 0.09619540721178055 
vt 0.33979931473731995 0.11362553387880325 
vt 0.2905561625957489 0.13788144290447235 
vt 0.24533534049987793 0.1681099236011505 
vt 0.20413686335086823 0.2040671706199646 
vt 0.16817960143089294 0.2452656477689743 
vt 0.13795113563537598 0.29048648476600647 
vt 0.11369521915912628 0.3397296369075775 
vt 0.09626509249210358 0.3916543424129486 
vt 0.08553886413574219 0.4451636075973511 
vt 0.13222235441207886 0.49952611327171326 
vt 0.1353914588689804 0.547916054725647 
vt 0.14099836349487305 0.49952611327171326 
vt 0.14404557645320892 0.5463314652442932 
vt 0.14404557645320892 0.4528426229953766 
vt 0.1353914588689804 0.4517456293106079 
vt 0.1533091515302658 0.40652480721473694 
vt 0.14453314244747162 0.40445268154144287 
vt 0.16817960143089294 0.36240097880363464 
vt 0.16001303493976593 0.3587443232536316 
vt 0.1887788474559784 0.32022738456726074 
vt 0.18109983205795288 0.3155955970287323 
vt 0.2149849832057953 0.2812229096889496 
vt 0.20779353380203247 0.27610358595848083 
vt 0.24582289159297943 0.245753213763237 
vt 0.2396065592765808 0.23953686654567719 
vt 0.281292587518692 0.21491529047489166 
vt 0.27617326378822327 0.20772384107112885 
vt 0.3202970623970032 0.18870915472507477 
vt 0.3156653046607971 0.18103015422821045 
vt 0.3624706566333771 0.1681099236011505 
vt 0.358814001083374 0.1599433571100235 
vt 0.40659448504447937 0.15323945879936218 
vt 0.4045223891735077 0.144463449716568 
vt 0.452912300825119 0.1439758986234665 
vt 0.45181530714035034 0.1351998895406723 
vt 0.4995957911014557 0.14092867076396942 
vt 0.4995957911014557 0.13215266168117523 
vt 0.5464011430740356 0.1439758986234665 
vt 0.5479857325553894 0.1351998895406723 
vt 0.5925971269607544 0.15323945879936218 
vt 0.5946692228317261 0.144463449716568 
vt 0.6368427872657776 0.1681099236011505 
vt 0.6403775811195374 0.1599433571100235 
vt 0.6790164113044739 0.18870915472507477 
vt 0.6836481690406799 0.18103015422821045 
vt 0.7180208563804626 0.21491529047489166 
vt 0.7236278057098389 0.20772384107112885 
vt 0.7534905672073364 0.245753213763237 
vt 0.7597069144248962 0.23953686654567719 
vt 0.7843285202980042 0.2812229096889496 
vt 0.7915199398994446 0.27610358595848083 
vt 0.810534656047821 0.32022738456726074 
vt 0.8182136416435242 0.3155955970287323 
vt 0.8310120105743408 0.36240097880363464 
vt 0.8393004536628723 0.3587443232536316 
vt 0.8464918732643127 0.40652480721473694 
vt 0.8546584248542786 0.40445268154144287 
vt 0.8557554483413696 0.4528426229953766 
vt 0.8645314574241638 0.4517456293106079 
vt 0.8588026762008667 0.49952611327171326 
vt 0.8675786852836609 0.49952611327171326 
vt 0.8557554483413696 0.5463314652442932 
vt 0.8645314574241638 0.547916054725647 
vt 0.8464918732643127 0.5925273895263672 
vt 0.8546584248542786 0.5945995450019836 
vt 0.8310120105743408 0.6367731094360352 
vt 0.8393004536628723 0.6403079032897949 
vt 0.810534656047821 0.6789467334747314 
vt 0.8182136416435242 0.6835784912109375 
vt 0.7843285202980042 0.7179511785507202 
vt 0.7915199398994446 0.7235580682754517 
vt 0.7534905672073364 0.753420889377594 
vt 0.7597069144248962 0.7595153450965881 
vt 0.7180208563804626 0.7842588424682617 
vt 0.7236278057098389 0.7914502620697021 
vt 0.6790164113044739 0.8104649186134338 
vt 0.6836481690406799 0.8181439638137817 
vt 0.6368427872657776 0.8309422731399536 
vt 0.6403775811195374 0.8392307758331299 
vt 0.5925971269607544 0.8464221954345703 
vt 0.5946692228317261 0.8545887470245361 
vt 0.5464011430740356 0.8556857705116272 
vt 0.5479857325553894 0.8643398880958557 
vt 0.4995957911014557 0.8587329983711243 
vt 0.4995957911014557 0.8675090074539185 
vt 0.452912300825119 0.8556857705116272 
vt 0.45181530714035034 0.8643398880958557 
vt 0.40659448504447937 0.8464221954345703 
vt 0.4045223891735077 0.8545887470245361 
vt 0.3624706566333771 0.8309422731399536 
vt 0.358814001083374 0.8392307758331299 
vt 0.3202970623970032 0.8104649186134338 
vt 0.3156653046607971 0.8181439638137817 
vt 0.281292587518692 0.7842588424682617 
vt 0.27617326378822327 0.7914502620697021 
vt 0.24582289159297943 0.753420889377594 
vt 0.2396065592765808 0.7595153450965881 
vt 0.2149849832057953 0.7179511785507202 
vt 0.20779353380203247 0.7235580682754517 
vt 0.1887788474559784 0.6789467334747314 
vt 0.18109983205795288 0.6835784912109375 
vt 0.16817960143089294 0.6367731094360352 
vt 0.16001303493976593 0.6403079032897949 
vt 0.1533091515302658 0.5925273895263672 
vt 0.14453314244747162 0.5945995450019836 
vt 0.1353914588689804 0.597159206867218 
vt 0.15123702585697174 0.6439645886421204 
vt 0.1732989400625229 0.6882103085517883 
vt 0.20060208439826965 0.7292868494987488 
vt 0.2329026609659195 0.7662192583084106 
vt 0.26995691657066345 0.7986417412757874 
vt 0.3110335171222687 0.8264324069023132 
vt 0.35527920722961426 0.8480067849159241 
vt 0.4019626975059509 0.863852322101593 
vt 0.45035263895988464 0.8736034631729126 
vt 0.4995957911014557 0.8767725825309753 
vt 0.5489608645439148 0.8736034631729126 
vt 0.5972288846969604 0.863852322101593 
vt 0.6440342664718628 0.8480067849159241 
vt 0.6882799863815308 0.8264324069023132 
vt 0.729356586933136 0.7986417412757874 
vt 0.7662889361381531 0.7662192583084106 
vt 0.7987114191055298 0.7292868494987488 
vt 0.8265020847320557 0.6882103085517883 
vt 0.8480764627456665 0.6439645886421204 
vt 0.8639219999313354 0.597159206867218 
vt 0.873673141002655 0.5488911271095276 
vt 0.8768422603607178 0.49952611327171326 
vt 0.873673141002655 0.4502829611301422 
vt 0.8639219999313354 0.4018930196762085 
vt 0.8480764627456665 0.3552095293998718 
vt 0.8265020847320557 0.31096383929252625 
vt 0.7987114191055298 0.269887238740921 
vt 0.7662889361381531 0.23283298313617706 
vt 0.729356586933136 0.20053239166736603 
vt 0.6882799863815308 0.17322926223278046 
vt 0.6440342664718628 0.1511673480272293 
vt 0.5972288846969604 0.1351998895406723 
vt 0.5489608645439148 0.1260582059621811 
vt 0.4995957911014557 0.12240154296159744 
vt 0.45035263895988464 0.1260582059621811 
vt 0.4019626975059509 0.1351998895406723 
vt 0.35527920722961426 0.1511673480272293 
vt 0.3110335171222687 0.17322926223278046 
vt 0.26995691657066345 0.20053239166736603 
vt 0.2329026609659195 0.23283298313617706 
vt 0.20060208439826965 0.269887238740921 
vt 0.1732989400625229 0.31096383929252625 
vt 0.15123702585697174 0.3552095293998718 
vt 0.1353914588689804 0.4018930196762085 
vt 0.12612789869308472 0.4502829611301422 
vt 0.12247122824192047 0.49952611327171326 
vt 0.12612789869308472 0.5488911271095276 
vt 0.01606213115155697 0.49952611327171326 
vt 0.020206358283758163 0.4363875985145569 
vt 0.0007041179924272001 0.49952611327171326 
vt 0.004848343785852194 0.4343155026435852 
vt 0.004848343785852194 0.564858615398407 
vt 0.020206358283758163 0.5627865195274353 
vt 0.01764668896794319 0.629094123840332 
vt 0.032517146319150925 0.6249498724937439 
vt 0.03873348608613014 0.6907699704170227 
vt 0.053116388618946075 0.6845536231994629 
vt 0.06749928742647171 0.7492766976356506 
vt 0.08090707659721375 0.7415976524353027 
vt 0.1034565418958664 0.8037610650062561 
vt 0.11576733738183975 0.7940099239349365 
vt 0.1466052532196045 0.8526385426521301 
vt 0.15794092416763306 0.8417904376983643 
vt 0.1959702968597412 0.895787239074707 
vt 0.2052338570356369 0.8833545446395874 
vt 0.24996712803840637 0.9322320818901062 
vt 0.2581336796283722 0.9183366894721985 
vt 0.3084738552570343 0.9609978795051575 
vt 0.31469017267227173 0.9466149806976318 
vt 0.3706372380256653 0.9820846319198608 
vt 0.37478145956993103 0.9666047692298889 
vt 0.43438518047332764 0.9943954348564148 
vt 0.4364573061466217 0.9790374636650085 
vt 0.4995957911014557 0.9990272521972656 
vt 0.4995957911014557 0.9830597639083862 
vt 0.5649282932281494 0.9943954348564148 
vt 0.5628561973571777 0.9790374636650085 
vt 0.6291638016700745 0.9820846319198608 
vt 0.6250195503234863 0.9666047692298889 
vt 0.6908396482467651 0.9609978795051575 
vt 0.6846233010292053 0.9466149806976318 
vt 0.7493463754653931 0.9322320818901062 
vt 0.7416673302650452 0.9183366894721985 
vt 0.8038307428359985 0.895787239074707 
vt 0.794079601764679 0.8833545446395874 
vt 0.8527082204818726 0.8526385426521301 
vt 0.8418601155281067 0.8417904376983643 
vt 0.8958569169044495 0.8037610650062561 
vt 0.8834242820739746 0.7940099239349365 
vt 0.9323017597198486 0.7492766976356506 
vt 0.9184064269065857 0.7415976524353027 
vt 0.9610675573348999 0.6907699704170227 
vt 0.9466846585273743 0.6845536231994629 
vt 0.982154369354248 0.629094123840332 
vt 0.9666744470596313 0.6249498724937439 
vt 0.9944651126861572 0.564858615398407 
vt 0.979107141494751 0.5627865195274353 
vt 0.9990969300270081 0.49952611327171326 
vt 0.9831294417381287 0.49952611327171326 
vt 0.9944651126861572 0.4343155026435852 
vt 0.979107141494751 0.4363875985145569 
vt 0.982154369354248 0.37056756019592285 
vt 0.9666744470596313 0.3747117817401886 
vt 0.9610675573348999 0.3084041476249695 
vt 0.9466846585273743 0.3146204948425293 
vt 0.9323017597198486 0.24989743530750275 
vt 0.9184064269065857 0.25806400179862976 
vt 0.8958569169044495 0.19590060412883759 
vt 0.8834242820739746 0.20516417920589447 
vt 0.8527082204818726 0.14653556048870087 
vt 0.8418601155281067 0.15787124633789062 
vt 0.8038307428359985 0.10338685661554337 
vt 0.794079601764679 0.11569764465093613 
vt 0.7493463754653931 0.06742960214614868 
vt 0.7416673302650452 0.08083739131689072 
vt 0.6908396482467651 0.038663800805807114 
vt 0.6846233010292053 0.05304670333862305 
vt 0.6291638016700745 0.017577003687620163 
vt 0.6250195503234863 0.032447461038827896 
vt 0.5649282932281494 0.004778658039867878 
vt 0.5628561973571777 0.020136671140789986 
vt 0.4995957911014557 0.0006344320136122406 
vt 0.4995957911014557 0.01599244587123394 
vt 0.43438518047332764 0.004778658039867878 
vt 0.4364573061466217 0.020136671140789986 
vt 0.3706372380256653 0.017577003687620163 
vt 0.37478145956993103 0.032447461038827896 
vt 0.3084738552570343 0.038663800805807114 
vt 0.31469017267227173 0.05304670333862305 
vt 0.24996712803840637 0.06742960214614868 
vt 0.2581336796283722 0.08083739131689072 
vt 0.1959702968597412 0.10338685661554337 
vt 0.2052338570356369 0.11569764465093613 
vt 0.1466052532196045 0.14653556048870087 
vt 0.15794092416763306 0.15787124633789062 
vt 0.1034565418958664 0.19590060412883759 
vt 0.11576733738183975 0.20516417920589447 
vt 0.06749928742647171 0.24989743530750275 
vt 0.08090707659721375 0.25806400179862976 
vt 0.03873348608613014 0.3084041476249695 
vt 0.053116388618946075 0.3146204948425293 
vt 0.01764668896794319 0.37056756019592285 
vt 0.032517146319150925 0.3747117817401886 
vt 0.05214127525687218 0.37983110547065735 
vt 0.07164351642131805 0.3222995102405548 
vt 0.09833721071481705 0.26781511306762695 
vt 0.13222235441207886 0.21747496724128723 
vt 0.1723238229751587 0.17225414514541626 
vt 0.21754464507102966 0.13215266168117523 
vt 0.2678848206996918 0.09826751798391342 
vt 0.32236918807029724 0.07157383114099503 
vt 0.3799007833003998 0.05207158997654915 
vt 0.4395045042037964 0.04024835675954819 
vt 0.4995957911014557 0.03659168630838394 
vt 0.5602965354919434 0.04024835675954819 
vt 0.6199002265930176 0.05207158997654915 
vt 0.6769443154335022 0.07157383114099503 
vt 0.7314286828041077 0.09826751798391342 
vt 0.7817688584327698 0.13215266168117523 
vt 0.827477216720581 0.17225414514541626 
vt 0.8675786852836609 0.21747496724128723 
vt 0.900976300239563 0.26781511306762695 
vt 0.9276699423789978 0.3222995102405548 
vt 0.947172224521637 0.37983110547065735 
vt 0.9589954614639282 0.43943482637405396 
vt 0.9631396532058716 0.49952611327171326 
vt 0.9589954614639282 0.5602268576622009 
vt 0.947172224521637 0.6198305487632751 
vt 0.9276699423789978 0.676874577999115 
vt 0.900976300239563 0.7313590049743652 
vt 0.8675786852836609 0.7816991209983826 
vt 0.827477216720581 0.8274075388908386 
vt 0.7817688584327698 0.8675090074539185 
vt 0.7314286828041077 0.9009065628051758 
vt 0.6769443154335022 0.9276002645492554 
vt 0.6199002265930176 0.9471025466918945 
vt 0.5602965354919434 0.958925724029541 
vt 0.4995957911014557 0.9630699753761292 
vt 0.4395045042037964 0.958925724029541 
vt 0.3799007833003998 0.9471025466918945 
vt 0.32236918807029724 0.9276002645492554 
vt 0.2678848206996918 0.9009065628051758 
vt 0.21754464507102966 0.8675090074539185 
vt 0.1723238229751587 0.8274075388908386 
vt 0.13222235441207886 0.7816991209983826 
vt 0.09833721071481705 0.7313590049743652 
vt 0.07164351642131805 0.676874577999115 
vt 0.05214127525687218 0.6198305487632751 
vt 0.040318042039871216 0.5602268576622009 
vt 0.03666137158870697 0.49952611327171326 
vt 0.040318042039871216 0.43943482637405396 
vt 0.03666137158870697 0.49952611327171326 
vt 0.06286750733852386 0.44199448823928833 
vt 0.040318042039871216 0.43943482637405396 
vt 0.07420318573713303 0.38555988669395447 
vt 0.05214127525687218 0.37983110547065735 
vt 0.092730313539505 0.331075519323349 
vt 0.07164351642131805 0.3222995102405548 
vt 0.11783944815397263 0.2791507840156555 
vt 0.09833721071481705 0.26781511306762695 
vt 0.15026192367076874 0.23137031495571136 
vt 0.13222235441207886 0.21747496724128723 
vt 0.1882912963628769 0.18822160363197327 
vt 0.1723238229751587 0.17225414514541626 
vt 0.2314399927854538 0.1501922309398651 
vt 0.21754464507102966 0.13215266168117523 
vt 0.27922049164772034 0.1177697628736496 
vt 0.2678848206996918 0.09826751798391342 
vt 0.33114519715309143 0.09266062825918198 
vt 0.32236918807029724 0.07157383114099503 
vt 0.3856295943260193 0.07413350045681 
vt 0.3799007833003998 0.05207158997654915 
vt 0.44206419587135315 0.06279782205820084 
vt 0.4395045042037964 0.04024835675954819 
vt 0.4995957911014557 0.059263039380311966 
vt 0.4995957911014557 0.03659168630838394 
vt 0.5572493076324463 0.06279782205820084 
vt 0.5602965354919434 0.04024835675954819 
vt 0.6136838793754578 0.07413350045681 
vt 0.6199002265930176 0.05207158997654915 
vt 0.668168306350708 0.09266062825918198 
vt 0.6769443154335022 0.07157383114099503 
vt 0.7200930118560791 0.1177697628736496 
vt 0.7314286828041077 0.09826751798391342 
vt 0.7678734660148621 0.1501922309398651 
vt 0.7817688584327698 0.13215266168117523 
vt 0.8115097284317017 0.18822160363197327 
vt 0.827477216720581 0.17225414514541626 
vt 0.8495391011238098 0.23137031495571136 
vt 0.8675786852836609 0.21747496724128723 
vt 0.8814740180969238 0.2791507840156555 
vt 0.900976300239563 0.26781511306762695 
vt 0.9065831899642944 0.331075519323349 
vt 0.9276699423789978 0.3222995102405548 
vt 0.9255978465080261 0.38555988669395447 
vt 0.947172224521637 0.37983110547065735 
vt 0.936445951461792 0.44199448823928833 
vt 0.9589954614639282 0.43943482637405396 
vt 0.9404683113098145 0.49952611327171326 
vt 0.9631396532058716 0.49952611327171326 
vt 0.936445951461792 0.5571796298027039 
vt 0.9589954614639282 0.5602268576622009 
vt 0.9255978465080261 0.6136142015457153 
vt 0.947172224521637 0.6198305487632751 
vt 0.9065831899642944 0.6680985689163208 
vt 0.9276699423789978 0.676874577999115 
vt 0.8814740180969238 0.7200233340263367 
vt 0.900976300239563 0.7313590049743652 
vt 0.8495391011238098 0.7678037881851196 
vt 0.8675786852836609 0.7816991209983826 
vt 0.8115097284317017 0.8114400506019592 
vt 0.827477216720581 0.8274075388908386 
vt 0.7678734660148621 0.8494694232940674 
vt 0.7817688584327698 0.8675090074539185 
vt 0.7200930118560791 0.8814043402671814 
vt 0.7314286828041077 0.9009065628051758 
vt 0.668168306350708 0.9065134525299072 
vt 0.6769443154335022 0.9276002645492554 
vt 0.6136838793754578 0.9255281686782837 
vt 0.6199002265930176 0.9471025466918945 
vt 0.5572493076324463 0.9363762736320496 
vt 0.5602965354919434 0.958925724029541 
vt 0.4995957911014557 0.940398633480072 
vt 0.4995957911014557 0.9630699753761292 
vt 0.44206419587135315 0.9363762736320496 
vt 0.4395045042037964 0.958925724029541 
vt 0.3856295943260193 0.9255281686782837 
vt 0.3799007833003998 0.9471025466918945 
vt 0.33114519715309143 0.9065134525299072 
vt 0.32236918807029724 0.9276002645492554 
vt 0.27922049164772034 0.8814043402671814 
vt 0.2678848206996918 0.9009065628051758 
vt 0.2314399927854538 0.8494694232940674 
vt 0.21754464507102966 0.8675090074539185 
vt 0.1882912963628769 0.8114400506019592 
vt 0.1723238229751587 0.8274075388908386 
vt 0.15026192367076874 0.7678037881851196 
vt 0.13222235441207886 0.7816991209983826 
vt 0.11783944815397263 0.7200233340263367 
vt 0.09833721071481705 0.7313590049743652 
vt 0.092730313539505 0.6680985689163208 
vt 0.07164351642131805 0.676874577999115 
vt 0.07420318573713303 0.6136142015457153 
vt 0.05214127525687218 0.6198305487632751 
vt 0.06286750733852386 0.5571796298027039 
vt 0.040318042039871216 0.5602268576622009 
vt 0.05933272838592529 0.49952611327171326 
vt 0.08553886413574219 0.4451636075973511 
vt 0.09626509249210358 0.3916543424129486 
vt 0.08188219368457794 0.49952611327171326 
vt 0.08553886413574219 0.5540105104446411 
vt 0.09626509249210358 0.6080073118209839 
vt 0.11369521915912628 0.6593225598335266 
vt 0.13795113563537598 0.7086876034736633 
vt 0.16817960143089294 0.7539084553718567 
vt 0.20413686335086823 0.7949850559234619 
vt 0.24533534049987793 0.8309422731399536 
vt 0.2905561625957489 0.8617802262306213 
vt 0.33979931473731995 0.8860361576080322 
vt 0.39172402024269104 0.9034662842750549 
vt 0.4452333152294159 0.9141924977302551 
vt 0.4995957911014557 0.9178491830825806 
vt 0.5540801882743835 0.9141924977302551 
vt 0.6080769896507263 0.9034662842750549 
vt 0.6593922972679138 0.8860361576080322 
vt 0.7087573409080505 0.8617802262306213 
vt 0.7539781332015991 0.8309422731399536 
vt 0.7950547337532043 0.7949850559234619 
vt 0.8310120105743408 0.7539084553718567 
vt 0.8618499040603638 0.7086876034736633 
vt 0.8861058354377747 0.6593225598335266 
vt 0.9035359621047974 0.6080073118209839 
vt 0.9142621755599976 0.5540105104446411 
vt 0.917918860912323 0.49952611327171326 
vt 0.9142621755599976 0.4451636075973511 
vt 0.9035359621047974 0.3916543424129486 
vt 0.8861058354377747 0.3397296369075775 
vt 0.8618499040603638 0.29048648476600647 
vt 0.8310120105743408 0.2452656477689743 
vt 0.7950547337532043 0.2040671706199646 
vt 0.7539781332015991 0.1681099236011505 
vt 0.7087573409080505 0.13788144290447235 
vt 0.6593922972679138 0.11362553387880325 
vt 0.6080769896507263 0.09619540721178055 
vt 0.5540801882743835 0.08546917885541916 
vt 0.4995957911014557 0.08181250840425491 
vt 0.4452333152294159 0.08546917885541916 
vt 0.39172402024269104 0.09619540721178055 
vt 0.33979931473731995 0.11362553387880325 
vt 0.2905561625957489 0.13788144290447235 
vt 0.24533534049987793 0.1681099236011505 
vt 0.20413686335086823 0.2040671706199646 
vt 0.16817960143089294 0.2452656477689743 
vt 0.13795113563537598 0.29048648476600647 
vt 0.11369521915912628 0.3397296369075775 
vt 0.11637677997350693 0.39677369594573975 
vt 0.10650376975536346 0.44772326946258545 
vt 0.1353914588689804 0.4018930196762085 
vt 0.12612789869308472 0.4502829611301422 
vt 0.15123702585697174 0.3552095293998718 
vt 0.13331934809684753 0.348018079996109 
vt 0.1732989400625229 0.31096383929252625 
vt 0.15586881339550018 0.30121269822120667 
vt 0.20060208439826965 0.269887238740921 
vt 0.18512217700481415 0.25806400179862976 
vt 0.2329026609659195 0.23283298313617706 
vt 0.21912920475006104 0.2190595269203186 
vt 0.26995691657066345 0.20053239166736603 
vt 0.2581336796283722 0.18505248427391052 
vt 0.3110335171222687 0.17322926223278046 
vt 0.3012824058532715 0.15579913556575775 
vt 0.35527920722961426 0.1511673480272293 
vt 0.34808775782585144 0.1332496702671051 
vt 0.4019626975059509 0.1351998895406723 
vt 0.3968433737754822 0.1163070946931839 
vt 0.45035263895988464 0.1260582059621811 
vt 0.44779297709465027 0.10643408447504044 
vt 0.4995957911014557 0.12240154296159744 
vt 0.4995957911014557 0.10289930552244186 
vt 0.5489608645439148 0.1260582059621811 
vt 0.5515205264091492 0.10643408447504044 
vt 0.5972288846969604 0.1351998895406723 
vt 0.6024700999259949 0.1163070946931839 
vt 0.6440342664718628 0.1511673480272293 
vt 0.6517132520675659 0.1332496702671051 
vt 0.6882799863815308 0.17322926223278046 
vt 0.6980310678482056 0.15579913556575775 
vt 0.729356586933136 0.20053239166736603 
vt 0.7411797642707825 0.18505248427391052 
vt 0.7662889361381531 0.23283298313617706 
vt 0.780184268951416 0.2190595269203186 
vt 0.7987114191055298 0.269887238740921 
vt 0.8146788477897644 0.25806400179862976 
vt 0.8265020847320557 0.31096383929252625 
vt 0.8434446454048157 0.30121269822120667 
vt 0.8480764627456665 0.3552095293998718 
vt 0.8664816617965698 0.348018079996109 
vt 0.8639219999313354 0.4018930196762085 
vt 0.8829367160797119 0.39677369594573975 
vt 0.873673141002655 0.4502829611301422 
vt 0.8932972550392151 0.44772326946258545 
vt 0.8768422603607178 0.49952611327171326 
vt 0.8963444828987122 0.49952611327171326 
vt 0.873673141002655 0.5488911271095276 
vt 0.8932972550392151 0.5514508485794067 
vt 0.8639219999313354 0.597159206867218 
vt 0.8829367160797119 0.6024004220962524 
vt 0.8480764627456665 0.6439645886421204 
vt 0.8664816617965698 0.6516435742378235 
vt 0.8265020847320557 0.6882103085517883 
vt 0.8434446454048157 0.6979613900184631 
vt 0.7987114191055298 0.7292868494987488 
vt 0.8146788477897644 0.74111008644104 
vt 0.7662889361381531 0.7662192583084106 
vt 0.780184268951416 0.7801145911216736 
vt 0.729356586933136 0.7986417412757874 
vt 0.7411797642707825 0.814609169960022 
vt 0.6882799863815308 0.8264324069023132 
vt 0.6980310678482056 0.8433749675750732 
vt 0.6440342664718628 0.8480067849159241 
vt 0.6517132520675659 0.8664119839668274 
vt 0.5972288846969604 0.863852322101593 
vt 0.6024700999259949 0.8828670382499695 
vt 0.5489608645439148 0.8736034631729126 
vt 0.5515205264091492 0.8932275772094727 
vt 0.4995957911014557 0.8767725825309753 
vt 0.4995957911014557 0.8962748050689697 
vt 0.45035263895988464 0.8736034631729126 
vt 0.44779297709465027 0.8932275772094727 
vt 0.4019626975059509 0.863852322101593 
vt 0.3968433737754822 0.8828670382499695 
vt 0.35527920722961426 0.8480067849159241 
vt 0.34808775782585144 0.8664119839668274 
vt 0.3110335171222687 0.8264324069023132 
vt 0.3012824058532715 0.8433749675750732 
vt 0.26995691657066345 0.7986417412757874 
vt 0.2581336796283722 0.814609169960022 
vt 0.2329026609659195 0.7662192583084106 
vt 0.21912920475006104 0.7801145911216736 
vt 0.20060208439826965 0.7292868494987488 
vt 0.18512217700481415 0.74111008644104 
vt 0.1732989400625229 0.6882103085517883 
vt 0.15586881339550018 0.6979613900184631 
vt 0.15123702585697174 0.6439645886421204 
vt 0.13331934809684753 0.6516435742378235 
vt 0.1353914588689804 0.597159206867218 
vt 0.11637677997350693 0.6024004220962524 
vt 0.12612789869308472 0.5488911271095276 
vt 0.10650376975536346 0.5514508485794067 
vt 0.12247122824192047 0.49952611327171326 
vt 0.10296899080276489 0.49952611327171326 
vt 0.08188219368457794 0.49952611327171326 
vt 0.08553886413574219 0.5540105104446411 
vt 0.09626509249210358 0.6080073118209839 
vt 0.11369521915912628 0.6593225598335266 
vt 0.13795113563537598 0.7086876034736633 
vt 0.16817960143089294 0.7539084553718567 
vt 0.20413686335086823 0.7949850559234619 
vt 0.24533534049987793 0.8309422731399536 
vt 0.2905561625957489 0.8617802262306213 
vt 0.33979931473731995 0.8860361576080322 
vt 0.39172402024269104 0.9034662842750549 
vt 0.4452333152294159 0.9141924977302551 
vt 0.4995957911014557 0.9178491830825806 
vt 0.5540801882743835 0.9141924977302551 
vt 0.6080769896507263 0.9034662842750549 
vt 0.6593922972679138 0.8860361576080322 
vt 0.7087573409080505 0.8617802262306213 
vt 0.7539781332015991 0.8309422731399536 
vt 0.7950547337532043 0.7949850559234619 
vt 0.8310120105743408 0.7539084553718567 
vt 0.8618499040603638 0.7086876034736633 
vt 0.8861058354377747 0.6593225598335266 
vt 0.9035359621047974 0.6080073118209839 
vt 0.9142621755599976 0.5540105104446411 
vt 0.917918860912323 0.49952611327171326 
vt 0.9142621755599976 0.4451636075973511 
vt 0.9035359621047974 0.3916543424129486 
vt 0.8861058354377747 0.3397296369075775 
vt 0.8618499040603638 0.29048648476600647 
vt 0.7539781332015991 0.1681099236011505 
vt 0.7087573409080505 0.13788144290447235 
vt 0.6593922972679138 0.11362553387880325 
vt 0.6080769896507263 0.09619540721178055 
vt 0.5540801882743835 0.08546917885541916 
vt 0.4995957911014557 0.08181250840425491 
vt 0.4452333152294159 0.08546917885541916 
vt 0.39172402024269104 0.09619540721178055 
vt 0.33979931473731995 0.11362553387880325 
vt 0.2905561625957489 0.13788144290447235 
vt 0.24533534049987793 0.1681099236011505 
vt 0.20413686335086823 0.2040671706199646 
vt 0.16817960143089294 0.2452656477689743 
vt 0.13795113563537598 0.29048648476600647 
vt 0.11369521915912628 0.3397296369075775 
vt 0.09626509249210358 0.3916543424129486 
vt 0.08553886413574219 0.4451636075973511 
vt 0.13222235441207886 0.49952611327171326 
vt 0.1353914588689804 0.547916054725647 
vt 0.14099836349487305 0.49952611327171326 
vt 0.14404557645320892 0.5463314652442932 
vt 0.14404557645320892 0.4528426229953766 
vt 0.1353914588689804 0.4517456293106079 
vt 0.1533091515302658 0.40652480721473694 
vt 0.14453314244747162 0.40445268154144287 
vt 0.16817960143089294 0.36240097880363464 
vt 0.16001303493976593 0.3587443232536316 
vt 0.1887788474559784 0.32022738456726074 
vt 0.18109983205795288 0.3155955970287323 
vt 0.2149849832057953 0.2812229096889496 
vt 0.20779353380203247 0.27610358595848083 
vt 0.24582289159297943 0.245753213763237 
vt 0.2396065592765808 0.23953686654567719 
vt 0.281292587518692 0.21491529047489166 
vt 0.27617326378822327 0.20772384107112885 
vt 0.3202970623970032 0.18870915472507477 
vt 0.3156653046607971 0.18103015422821045 
vt 0.3624706566333771 0.1681099236011505 
vt 0.358814001083374 0.1599433571100235 
vt 0.40659448504447937 0.15323945879936218 
vt 0.4045223891735077 0.144463449716568 
vt 0.452912300825119 0.1439758986234665 
vt 0.45181530714035034 0.1351998895406723 
vt 0.4995957911014557 0.14092867076396942 
vt 0.4995957911014557 0.13215266168117523 
vt 0.5464011430740356 0.1439758986234665 
vt 0.5479857325553894 0.1351998895406723 
vt 0.5925971269607544 0.15323945879936218 
vt 0.5946692228317261 0.144463449716568 
vt 0.6368427872657776 0.1681099236011505 
vt 0.6403775811195374 0.1599433571100235 
vt 0.6790164113044739 0.18870915472507477 
vt 0.6836481690406799 0.18103015422821045 
vt 0.7180208563804626 0.21491529047489166 
vt 0.7236278057098389 0.20772384107112885 
vt 0.7534905672073364 0.245753213763237 
vt 0.7597069144248962 0.23953686654567719 
vt 0.7843285202980042 0.2812229096889496 
vt 0.7915199398994446 0.27610358595848083 
vt 0.810534656047821 0.32022738456726074 
vt 0.8182136416435242 0.3155955970287323 
vt 0.8310120105743408 0.36240097880363464 
vt 0.8393004536628723 0.3587443232536316 
vt 0.8464918732643127 0.40652480721473694 
vt 0.8546584248542786 0.40445268154144287 
vt 0.8557554483413696 0.4528426229953766 
vt 0.8645314574241638 0.4517456293106079 
vt 0.8588026762008667 0.49952611327171326 
vt 0.8675786852836609 0.49952611327171326 
vt 0.8557554483413696 0.5463314652442932 
vt 0.8645314574241638 0.547916054725647 
vt 0.8464918732643127 0.5925273895263672 
vt 0.8546584248542786 0.5945995450019836 
vt 0.8310120105743408 0.6367731094360352 
vt 0.8393004536628723 0.6403079032897949 
vt 0.810534656047821 0.6789467334747314 
vt 0.8182136416435242 0.6835784912109375 
vt 0.7843285202980042 0.7179511785507202 
vt 0.7915199398994446 0.7235580682754517 
vt 0.7534905672073364 0.753420889377594 
vt 0.7597069144248962 0.7595153450965881 
vt 0.7180208563804626 0.7842588424682617 
vt 0.7236278057098389 0.7914502620697021 
vt 0.6790164113044739 0.8104649186134338 
vt 0.6836481690406799 0.8181439638137817 
vt 0.6368427872657776 0.8309422731399536 
vt 0.6403775811195374 0.8392307758331299 
vt 0.5925971269607544 0.8464221954345703 
vt 0.5946692228317261 0.8545887470245361 
vt 0.5464011430740356 0.8556857705116272 
vt 0.5479857325553894 0.8643398880958557 
vt 0.4995957911014557 0.8587329983711243 
vt 0.4995957911014557 0.8675090074539185 
vt 0.452912300825119 0.8556857705116272 
vt 0.45181530714035034 0.8643398880958557 
vt 0.40659448504447937 0.8464221954345703 
vt 0.4045223891735077 0.8545887470245361 
vt 0.3624706566333771 0.8309422731399536 
vt 0.358814001083374 0.8392307758331299 
vt 0.3202970623970032 0.8104649186134338 
vt 0.3156653046607971 0.8181439638137817 
vt 0.281292587518692 0.7842588424682617 
vt 0.27617326378822327 0.7914502620697021 
vt 0.24582289159297943 0.753420889377594 
vt 0.2396065592765808 0.7595153450965881 
vt 0.2149849832057953 0.7179511785507202 
vt 0.20779353380203247 0.7235580682754517 
vt 0.1887788474559784 0.6789467334747314 
vt 0.18109983205795288 0.6835784912109375 
vt 0.16817960143089294 0.6367731094360352 
vt 0.16001303493976593 0.6403079032897949 
vt 0.1533091515302658 0.5925273895263672 
vt 0.14453314244747162 0.5945995450019836 
vt 0.1353914588689804 0.597159206867218 
vt 0.15123702585697174 0.6439645886421204 
vt 0.1732989400625229 0.6882103085517883 
vt 0.20060208439826965 0.7292868494987488 
vt 0.2329026609659195 0.7662192583084106 
vt 0.26995691657066345 0.7986417412757874 
vt 0.3110335171222687 0.8264324069023132 
vt 0.35527920722961426 0.8480067849159241 
vt 0.4019626975059509 0.863852322101593 
vt 0.45035263895988464 0.8736034631729126 
vt 0.4995957911014557 0.8767725825309753 
vt 0.5489608645439148 0.8736034631729126 
vt 0.5972288846969604 0.863852322101593 
vt 0.6440342664718628 0.8480067849159241 
vt 0.6882799863815308 0.8264324069023132 
vt 0.729356586933136 0.7986417412757874 
vt 0.7662889361381531 0.7662192583084106 
vt 0.7987114191055298 0.7292868494987488 
vt 0.8265020847320557 0.6882103085517883 
vt 0.8480764627456665 0.6439645886421204 
vt 0.8639219999313354 0.597159206867218 
vt 0.873673141002655 0.5488911271095276 
vt 0.8768422603607178 0.49952611327171326 
vt 0.873673141002655 0.4502829611301422 
vt 0.8639219999313354 0.4018930196762085 
vt 0.8480764627456665 0.3552095293998718 
vt 0.8265020847320557 0.31096383929252625 
vt 0.7987114191055298 0.269887238740921 
vt 0.7662889361381531 0.23283298313617706 
vt 0.729356586933136 0.20053239166736603 
vt 0.6882799863815308 0.17322926223278046 
vt 0.6440342664718628 0.1511673480272293 
vt 0.5972288846969604 0.1351998895406723 
vt 0.5489608645439148 0.1260582059621811 
vt 0.4995957911014557 0.12240154296159744 
vt 0.45035263895988464 0.1260582059621811 
vt 0.4019626975059509 0.1351998895406723 
vt 0.35527920722961426 0.1511673480272293 
vt 0.3110335171222687 0.17322926223278046 
vt 0.26995691657066345 0.20053239166736603 
vt 0.2329026609659195 0.23283298313617706 
vt 0.20060208439826965 0.269887238740921 
vt 0.1732989400625229 0.31096383929252625 
vt 0.15123702585697174 0.3552095293998718 
vt 0.1353914588689804 0.4018930196762085 
vt 0.12612789869308472 0.4502829611301422 
vt 0.12247122824192047 0.49952611327171326 
vt 0.12612789869308472 0.5488911271095276 
s on 
f 1/1/1 2/2/2 3/3/3 
f 2/2/2 4/4/4 3/3/3 
f 3/3/3 4/4/4 4/4/4 
f 4/4/4 3/3/3 4/4/4 
f 4/4/4 3/3/3 3/3/3 
f 3/3/3 5/5/5 3/3/3 
f 3/3/3 5/5/5 1/1/1 
f 5/5/5 5/5/5 1/1/1 
f 1/1/1 5/5/5 6/6/6 
f 5/5/5 7/7/7 6/6/6 
f 6/6/6 7/7/7 8/8/8 
f 7/7/7 9/9/9 8/8/8 
f 8/8/8 9/9/9 10/10/10 
f 9/9/9 11/11/11 10/10/10 
f 10/10/10 11/11/11 12/12/12 
f 11/11/11 13/13/13 12/12/12 
f 12/12/12 13/13/13 14/14/14 
f 13/13/13 15/15/15 14/14/14 
f 14/14/14 15/15/15 16/16/16 
f 15/15/15 17/17/17 16/16/16 
f 16/16/16 17/17/17 18/18/18 
f 17/17/17 19/19/19 18/18/18 
f 18/18/18 19/19/19 20/20/20 
f 19/19/19 21/21/21 20/20/20 
f 20/20/20 21/21/21 22/22/22 
f 21/21/21 23/23/23 22/22/22 
f 22/22/22 23/23/23 24/24/24 
f 23/23/23 25/25/25 24/24/24 
f 24/24/24 25/25/25 26/26/26 
f 25/25/25 27/27/27 26/26/26 
f 26/26/26 27/27/27 28/28/28 
f 27/27/27 29/29/29 28/28/28 
f 28/28/28 29/29/29 30/30/30 
f 29/29/29 31/31/31 30/30/30 
f 30/30/30 31/31/31 32/32/32 
f 31/31/31 33/33/33 32/32/32 
f 32/32/32 33/33/33 34/34/34 
f 33/33/33 35/35/35 34/34/34 
f 34/34/34 35/35/35 36/36/36 
f 35/35/35 37/37/37 36/36/36 
f 36/36/36 37/37/37 38/38/38 
f 37/37/37 39/39/39 38/38/38 
f 38/38/38 39/39/39 40/40/40 
f 39/39/39 41/41/41 40/40/40 
f 40/40/40 41/41/41 42/42/42 
f 41/41/41 43/43/43 42/42/42 
f 42/42/42 43/43/43 44/44/44 
f 43/43/43 45/45/45 44/44/44 
f 44/44/44 45/45/45 46/46/46 
f 45/45/45 47/47/47 46/46/46 
f 46/46/46 47/47/47 48/48/48 
f 47/47/47 49/49/49 48/48/48 
f 48/48/48 49/49/49 50/50/50 
f 49/49/49 51/51/51 50/50/50 
f 50/50/50 51/51/51 52/52/52 
f 51/51/51 53/53/53 52/52/52 
f 52/52/52 53/53/53 54/54/54 
f 53/53/53 55/55/55 54/54/54 
f 54/54/54 55/55/55 56/56/56 
f 55/55/55 57/57/57 56/56/56 
f 56/56/56 57/57/57 58/58/58 
f 57/57/57 59/59/59 58/58/58 
f 58/58/58 59/59/59 60/60/60 
f 59/59/59 61/61/61 60/60/60 
f 60/60/60 61/61/61 62/62/62 
f 61/61/61 63/63/63 62/62/62 
f 62/62/62 63/63/63 64/64/64 
f 63/63/63 65/65/65 64/64/64 
f 64/64/64 65/65/65 66/66/66 
f 65/65/65 67/67/67 66/66/66 
f 66/66/66 67/67/67 68/68/68 
f 67/67/67 69/69/69 68/68/68 
f 68/68/68 69/69/69 70/70/70 
f 69/69/69 71/71/71 70/70/70 
f 70/70/70 71/71/71 72/72/72 
f 71/71/71 73/73/73 72/72/72 
f 72/72/72 73/73/73 74/74/74 
f 73/73/73 75/75/75 74/74/74 
f 74/74/74 75/75/75 76/76/76 
f 75/75/75 77/77/77 76/76/76 
f 76/76/76 77/77/77 78/78/78 
f 77/77/77 79/79/79 78/78/78 
f 78/78/78 79/79/79 80/80/80 
f 79/79/79 81/81/81 80/80/80 
f 80/80/80 81/81/81 82/82/82 
f 81/81/81 83/83/83 82/82/82 
f 82/82/82 83/83/83 84/84/84 
f 83/83/83 85/85/85 84/84/84 
f 84/84/84 85/85/85 86/86/86 
f 85/85/85 87/87/87 86/86/86 
f 86/86/86 87/87/87 88/88/88 
f 87/87/87 89/89/89 88/88/88 
f 88/88/88 89/89/89 90/90/90 
f 89/89/89 91/91/91 90/90/90 
f 90/90/90 91/91/91 92/92/92 
f 91/91/91 93/93/93 92/92/92 
f 92/92/92 93/93/93 94/94/94 
f 93/93/93 95/95/95 94/94/94 
f 94/94/94 95/95/95 96/96/96 
f 95/95/95 4/4/4 96/96/96 
f 96/96/96 4/4/4 96/96/96 
f 4/4/4 2/2/2 96/96/96 
f 96/96/96 2/2/2 96/96/96 
f 2/2/2 97/97/97 96/96/96 
f 96/96/96 97/97/97 96/96/96 
f 97/97/97 98/98/98 96/96/96 
f 96/96/96 98/98/98 94/94/94 
f 98/98/98 99/99/99 94/94/94 
f 94/94/94 99/99/99 92/92/92 
f 99/99/99 100/100/100 92/92/92 
f 92/92/92 100/100/100 90/90/90 
f 100/100/100 101/101/101 90/90/90 
f 90/90/90 101/101/101 88/88/88 
f 101/101/101 102/102/102 88/88/88 
f 88/88/88 102/102/102 86/86/86 
f 102/102/102 103/103/103 86/86/86 
f 86/86/86 103/103/103 84/84/84 
f 103/103/103 104/104/104 84/84/84 
f 84/84/84 104/104/104 82/82/82 
f 104/104/104 105/105/105 82/82/82 
f 82/82/82 105/105/105 80/80/80 
f 105/105/105 106/106/106 80/80/80 
f 80/80/80 106/106/106 78/78/78 
f 106/106/106 107/107/107 78/78/78 
f 78/78/78 107/107/107 76/76/76 
f 107/107/107 108/108/108 76/76/76 
f 76/76/76 108/108/108 74/74/74 
f 108/108/108 109/109/109 74/74/74 
f 74/74/74 109/109/109 72/72/72 
f 109/109/109 110/110/110 72/72/72 
f 72/72/72 110/110/110 70/70/70 
f 110/110/110 111/111/111 70/70/70 
f 70/70/70 111/111/111 68/68/68 
f 111/111/111 112/112/112 68/68/68 
f 68/68/68 112/112/112 66/66/66 
f 112/112/112 113/113/113 66/66/66 
f 66/66/66 113/113/113 64/64/64 
f 113/113/113 114/114/114 64/64/64 
f 64/64/64 114/114/114 62/62/62 
f 114/114/114 115/115/115 62/62/62 
f 62/62/62 115/115/115 60/60/60 
f 115/115/115 116/116/116 60/60/60 
f 60/60/60 116/116/116 58/58/58 
f 116/116/116 117/117/117 58/58/58 
f 58/58/58 117/117/117 56/56/56 
f 117/117/117 118/118/118 56/56/56 
f 56/56/56 118/118/118 54/54/54 
f 118/118/118 119/119/119 54/54/54 
f 54/54/54 119/119/119 52/52/52 
f 119/119/119 120/120/120 52/52/52 
f 52/52/52 120/120/120 50/50/50 
f 120/120/120 121/121/121 50/50/50 
f 50/50/50 121/121/121 48/48/48 
f 121/121/121 122/122/122 48/48/48 
f 48/48/48 122/122/122 46/46/46 
f 122/122/122 123/123/123 46/46/46 
f 46/46/46 123/123/123 44/44/44 
f 123/123/123 124/124/124 44/44/44 
f 44/44/44 124/124/124 42/42/42 
f 124/124/124 125/125/125 42/42/42 
f 42/42/42 125/125/125 40/40/40 
f 125/125/125 126/126/126 40/40/40 
f 40/40/40 126/126/126 38/38/38 
f 126/126/126 127/127/127 38/38/38 
f 38/38/38 127/127/127 36/36/36 
f 127/127/127 128/128/128 36/36/36 
f 36/36/36 128/128/128 34/34/34 
f 128/128/128 129/129/129 34/34/34 
f 34/34/34 129/129/129 32/32/32 
f 129/129/129 130/130/130 32/32/32 
f 32/32/32 130/130/130 30/30/30 
f 130/130/130 131/131/131 30/30/30 
f 30/30/30 131/131/131 28/28/28 
f 131/131/131 132/132/132 28/28/28 
f 28/28/28 132/132/132 26/26/26 
f 132/132/132 133/133/133 26/26/26 
f 26/26/26 133/133/133 24/24/24 
f 133/133/133 134/134/134 24/24/24 
f 24/24/24 134/134/134 22/22/22 
f 134/134/134 135/135/135 22/22/22 
f 22/22/22 135/135/135 20/20/20 
f 135/135/135 136/136/136 20/20/20 
f 20/20/20 136/136/136 18/18/18 
f 136/136/136 137/137/137 18/18/18 
f 18/18/18 137/137/137 16/16/16 
f 137/137/137 138/138/138 16/16/16 
f 16/16/16 138/138/138 14/14/14 
f 138/138/138 139/139/139 14/14/14 
f 14/14/14 139/139/139 12/12/12 
f 139/139/139 140/140/140 12/12/12 
f 12/12/12 140/140/140 10/10/10 
f 140/140/140 141/141/141 10/10/10 
f 10/10/10 141/141/141 8/8/8 
f 141/141/141 142/142/142 8/8/8 
f 8/8/8 142/142/142 6/6/6 
f 142/142/142 143/143/143 6/6/6 
f 6/6/6 143/143/143 1/1/1 
f 143/143/143 144/144/144 1/1/1 
f 1/1/1 144/144/144 2/2/2 
f 144/144/144 97/97/97 2/2/2 
f 2/2/2 97/97/97 97/97/97 
f 97/97/97 145/145/145 97/97/97 
f 97/97/97 145/145/145 145/145/145 
f 145/145/145 146/146/146 145/145/145 
f 145/145/145 146/146/146 147/147/147 
f 146/146/146 148/148/148 147/147/147 
f 147/147/147 148/148/148 149/149/149 
f 148/148/148 150/150/150 149/149/149 
f 149/149/149 150/150/150 151/151/151 
f 150/150/150 152/152/152 151/151/151 
f 151/151/151 152/152/152 153/153/153 
f 152/152/152 154/154/154 153/153/153 
f 153/153/153 154/154/154 155/155/155 
f 154/154/154 156/156/156 155/155/155 
f 155/155/155 156/156/156 157/157/157 
f 156/156/156 158/158/158 157/157/157 
f 157/157/157 158/158/158 159/159/159 
f 158/158/158 160/160/160 159/159/159 
f 159/159/159 160/160/160 161/161/161 
f 160/160/160 162/162/162 161/161/161 
f 161/161/161 162/162/162 163/163/163 
f 162/162/162 164/164/164 163/163/163 
f 163/163/163 164/164/164 165/165/165 
f 164/164/164 166/166/166 165/165/165 
f 165/165/165 166/166/166 167/167/167 
f 166/166/166 168/168/168 167/167/167 
f 167/167/167 168/168/168 169/169/169 
f 168/168/168 170/170/170 169/169/169 
f 169/169/169 170/170/170 171/171/171 
f 170/170/170 172/172/172 171/171/171 
f 171/171/171 172/172/172 173/173/173 
f 172/172/172 174/174/174 173/173/173 
f 173/173/173 174/174/174 175/175/175 
f 174/174/174 176/176/176 175/175/175 
f 175/175/175 176/176/176 177/177/177 
f 176/176/176 178/178/178 177/177/177 
f 177/177/177 178/178/178 179/179/179 
f 178/178/178 180/180/180 179/179/179 
f 179/179/179 180/180/180 181/181/181 
f 180/180/180 182/182/182 181/181/181 
f 181/181/181 182/182/182 183/183/183 
f 182/182/182 184/184/184 183/183/183 
f 183/183/183 184/184/184 185/185/185 
f 184/184/184 186/186/186 185/185/185 
f 185/185/185 186/186/186 187/187/187 
f 186/186/186 188/188/188 187/187/187 
f 187/187/187 188/188/188 189/189/189 
f 188/188/188 190/190/190 189/189/189 
f 189/189/189 190/190/190 191/191/191 
f 190/190/190 192/192/192 191/191/191 
f 191/191/191 192/192/192 193/193/193 
f 192/192/192 194/194/194 193/193/193 
f 193/193/193 194/194/194 195/195/195 
f 194/194/194 196/196/196 195/195/195 
f 195/195/195 196/196/196 197/197/197 
f 196/196/196 198/198/198 197/197/197 
f 197/197/197 198/198/198 199/199/199 
f 198/198/198 200/200/200 199/199/199 
f 199/199/199 200/200/200 201/201/201 
f 200/200/200 202/202/202 201/201/201 
f 201/201/201 202/202/202 203/203/203 
f 202/202/202 204/204/204 203/203/203 
f 203/203/203 204/204/204 205/205/205 
f 204/204/204 206/206/206 205/205/205 
f 205/205/205 206/206/206 207/207/207 
f 206/206/206 208/208/208 207/207/207 
f 207/207/207 208/208/208 209/209/209 
f 208/208/208 210/210/210 209/209/209 
f 209/209/209 210/210/210 211/211/211 
f 210/210/210 212/212/212 211/211/211 
f 211/211/211 212/212/212 213/213/213 
f 212/212/212 214/214/214 213/213/213 
f 213/213/213 214/214/214 215/215/215 
f 214/214/214 216/216/216 215/215/215 
f 215/215/215 216/216/216 217/217/217 
f 216/216/216 218/218/218 217/217/217 
f 217/217/217 218/218/218 219/219/219 
f 218/218/218 220/220/220 219/219/219 
f 219/219/219 220/220/220 221/221/221 
f 220/220/220 222/222/222 221/221/221 
f 221/221/221 222/222/222 223/223/223 
f 222/222/222 224/224/224 223/223/223 
f 223/223/223 224/224/224 225/225/225 
f 224/224/224 226/226/226 225/225/225 
f 225/225/225 226/226/226 227/227/227 
f 226/226/226 228/228/228 227/227/227 
f 227/227/227 228/228/228 229/229/229 
f 228/228/228 230/230/230 229/229/229 
f 229/229/229 230/230/230 231/231/231 
f 230/230/230 232/232/232 231/231/231 
f 231/231/231 232/232/232 233/233/233 
f 232/232/232 234/234/234 233/233/233 
f 233/233/233 234/234/234 235/235/235 
f 234/234/234 236/236/236 235/235/235 
f 235/235/235 236/236/236 237/237/237 
f 236/236/236 238/238/238 237/237/237 
f 237/237/237 238/238/238 239/239/239 
f 238/238/238 240/240/240 239/239/239 
f 239/239/239 240/240/240 145/145/145 
f 240/240/240 240/240/240 145/145/145 
f 145/145/145 240/240/240 146/146/146 
f 240/240/240 241/241/241 146/146/146 
f 146/146/146 241/241/241 242/242/242 
f 241/241/241 242/242/242 242/242/242 
f 242/242/242 242/242/242 241/241/241 
f 242/242/242 241/241/241 241/241/241 
f 241/241/241 241/241/241 243/243/243 
f 241/241/241 240/240/240 243/243/243 
f 243/243/243 240/240/240 243/243/243 
f 240/240/240 238/238/238 243/243/243 
f 243/243/243 238/238/238 244/244/244 
f 238/238/238 236/236/236 244/244/244 
f 244/244/244 236/236/236 245/245/245 
f 236/236/236 234/234/234 245/245/245 
f 245/245/245 234/234/234 246/246/246 
f 234/234/234 232/232/232 246/246/246 
f 246/246/246 232/232/232 247/247/247 
f 232/232/232 230/230/230 247/247/247 
f 247/247/247 230/230/230 248/248/248 
f 230/230/230 228/228/228 248/248/248 
f 248/248/248 228/228/228 249/249/249 
f 228/228/228 226/226/226 249/249/249 
f 249/249/249 226/226/226 250/250/250 
f 226/226/226 224/224/224 250/250/250 
f 250/250/250 224/224/224 251/251/251 
f 224/224/224 222/222/222 251/251/251 
f 251/251/251 222/222/222 252/252/252 
f 222/222/222 220/220/220 252/252/252 
f 252/252/252 220/220/220 253/253/253 
f 220/220/220 218/218/218 253/253/253 
f 253/253/253 218/218/218 254/254/254 
f 218/218/218 216/216/216 254/254/254 
f 254/254/254 216/216/216 255/255/255 
f 216/216/216 214/214/214 255/255/255 
f 255/255/255 214/214/214 256/256/256 
f 214/214/214 212/212/212 256/256/256 
f 256/256/256 212/212/212 257/257/257 
f 212/212/212 210/210/210 257/257/257 
f 257/257/257 210/210/210 258/258/258 
f 210/210/210 208/208/208 258/258/258 
f 258/258/258 208/208/208 259/259/259 
f 208/208/208 206/206/206 259/259/259 
f 259/259/259 206/206/206 260/260/260 
f 206/206/206 204/204/204 260/260/260 
f 260/260/260 204/204/204 261/261/261 
f 204/204/204 202/202/202 261/261/261 
f 261/261/261 202/202/202 262/262/262 
f 202/202/202 200/200/200 262/262/262 
f 262/262/262 200/200/200 263/263/263 
f 200/200/200 198/198/198 263/263/263 
f 263/263/263 198/198/198 264/264/264 
f 198/198/198 196/196/196 264/264/264 
f 264/264/264 196/196/196 265/265/265 
f 196/196/196 194/194/194 265/265/265 
f 265/265/265 194/194/194 266/266/266 
f 194/194/194 192/192/192 266/266/266 
f 266/266/266 192/192/192 267/267/267 
f 192/192/192 190/190/190 267/267/267 
f 267/267/267 190/190/190 268/268/268 
f 190/190/190 188/188/188 268/268/268 
f 268/268/268 188/188/188 269/269/269 
f 188/188/188 186/186/186 269/269/269 
f 269/269/269 186/186/186 270/270/270 
f 186/186/186 184/184/184 270/270/270 
f 270/270/270 184/184/184 271/271/271 
f 184/184/184 182/182/182 271/271/271 
f 271/271/271 182/182/182 272/272/272 
f 182/182/182 180/180/180 272/272/272 
f 272/272/272 180/180/180 273/273/273 
f 180/180/180 178/178/178 273/273/273 
f 273/273/273 178/178/178 274/274/274 
f 178/178/178 176/176/176 274/274/274 
f 274/274/274 176/176/176 275/275/275 
f 176/176/176 174/174/174 275/275/275 
f 275/275/275 174/174/174 276/276/276 
f 174/174/174 172/172/172 276/276/276 
f 276/276/276 172/172/172 277/277/277 
f 172/172/172 170/170/170 277/277/277 
f 277/277/277 170/170/170 278/278/278 
f 170/170/170 168/168/168 278/278/278 
f 278/278/278 168/168/168 279/279/279 
f 168/168/168 166/166/166 279/279/279 
f 279/279/279 166/166/166 280/280/280 
f 166/166/166 164/164/164 280/280/280 
f 280/280/280 164/164/164 281/281/281 
f 164/164/164 162/162/162 281/281/281 
f 281/281/281 162/162/162 282/282/282 
f 162/162/162 160/160/160 282/282/282 
f 282/282/282 160/160/160 283/283/283 
f 160/160/160 158/158/158 283/283/283 
f 283/283/283 158/158/158 284/284/284 
f 158/158/158 156/156/156 284/284/284 
f 284/284/284 156/156/156 285/285/285 
f 156/156/156 154/154/154 285/285/285 
f 285/285/285 154/154/154 286/286/286 
f 154/154/154 152/152/152 286/286/286 
f 286/286/286 152/152/152 287/287/287 
f 152/152/152 150/150/150 287/287/287 
f 287/287/287 150/150/150 288/288/288 
f 150/150/150 148/148/148 288/288/288 
f 288/288/288 148/148/148 242/242/242 
f 148/148/148 146/146/146 242/242/242 
f 242/242/242 146/146/146 146/146/146 
f 146/146/146 289/289/289 146/146/146 
f 146/146/146 289/289/289 289/289/289 
f 289/289/289 290/290/290 289/289/289 
f 289/289/289 290/290/290 291/291/291 
f 290/290/290 292/292/292 291/291/291 
f 291/291/291 292/292/292 292/292/292 
f 292/292/292 291/291/291 292/292/292 
f 292/292/292 291/291/291 291/291/291 
f 291/291/291 293/293/293 291/291/291 
f 291/291/291 293/293/293 289/289/289 
f 293/293/293 293/293/293 289/289/289 
f 289/289/289 293/293/293 294/294/294 
f 293/293/293 295/295/295 294/294/294 
f 294/294/294 295/295/295 296/296/296 
f 295/295/295 297/297/297 296/296/296 
f 296/296/296 297/297/297 298/298/298 
f 297/297/297 299/299/299 298/298/298 
f 298/298/298 299/299/299 300/300/300 
f 299/299/299 301/301/301 300/300/300 
f 300/300/300 301/301/301 302/302/302 
f 301/301/301 303/303/303 302/302/302 
f 302/302/302 303/303/303 304/304/304 
f 303/303/303 305/305/305 304/304/304 
f 304/304/304 305/305/305 306/306/306 
f 305/305/305 307/307/307 306/306/306 
f 306/306/306 307/307/307 308/308/308 
f 307/307/307 309/309/309 308/308/308 
f 308/308/308 309/309/309 310/310/310 
f 309/309/309 311/311/311 310/310/310 
f 310/310/310 311/311/311 312/312/312 
f 311/311/311 313/313/313 312/312/312 
f 312/312/312 313/313/313 314/314/314 
f 313/313/313 315/315/315 314/314/314 
f 314/314/314 315/315/315 316/316/316 
f 315/315/315 317/317/317 316/316/316 
f 316/316/316 317/317/317 318/318/318 
f 317/317/317 319/319/319 318/318/318 
f 318/318/318 319/319/319 320/320/320 
f 319/319/319 321/321/321 320/320/320 
f 320/320/320 321/321/321 322/322/322 
f 321/321/321 323/323/323 322/322/322 
f 322/322/322 323/323/323 324/324/324 
f 323/323/323 325/325/325 324/324/324 
f 324/324/324 325/325/325 326/326/326 
f 325/325/325 327/327/327 326/326/326 
f 326/326/326 327/327/327 328/328/328 
f 327/327/327 329/329/329 328/328/328 
f 328/328/328 329/329/329 330/330/330 
f 329/329/329 331/331/331 330/330/330 
f 330/330/330 331/331/331 332/332/332 
f 331/331/331 333/333/333 332/332/332 
f 332/332/332 333/333/333 334/334/334 
f 333/333/333 335/335/335 334/334/334 
f 334/334/334 335/335/335 336/336/336 
f 335/335/335 337/337/337 336/336/336 
f 336/336/336 337/337/337 338/338/338 
f 337/337/337 339/339/339 338/338/338 
f 338/338/338 339/339/339 340/340/340 
f 339/339/339 341/341/341 340/340/340 
f 340/340/340 341/341/341 342/342/342 
f 341/341/341 343/343/343 342/342/342 
f 342/342/342 343/343/343 344/344/344 
f 343/343/343 345/345/345 344/344/344 
f 344/344/344 345/345/345 346/346/346 
f 345/345/345 347/347/347 346/346/346 
f 346/346/346 347/347/347 348/348/348 
f 347/347/347 349/349/349 348/348/348 
f 348/348/348 349/349/349 350/350/350 
f 349/349/349 351/351/351 350/350/350 
f 350/350/350 351/351/351 352/352/352 
f 351/351/351 353/353/353 352/352/352 
f 352/352/352 353/353/353 354/354/354 
f 353/353/353 355/355/355 354/354/354 
f 354/354/354 355/355/355 356/356/356 
f 355/355/355 357/357/357 356/356/356 
f 356/356/356 357/357/357 358/358/358 
f 357/357/357 359/359/359 358/358/358 
f 358/358/358 359/359/359 360/360/360 
f 359/359/359 361/361/361 360/360/360 
f 360/360/360 361/361/361 362/362/362 
f 361/361/361 363/363/363 362/362/362 
f 362/362/362 363/363/363 364/364/364 
f 363/363/363 365/365/365 364/364/364 
f 364/364/364 365/365/365 366/366/366 
f 365/365/365 367/367/367 366/366/366 
f 366/366/366 367/367/367 368/368/368 
f 367/367/367 369/369/369 368/368/368 
f 368/368/368 369/369/369 370/370/370 
f 369/369/369 371/371/371 370/370/370 
f 370/370/370 371/371/371 372/372/372 
f 371/371/371 373/373/373 372/372/372 
f 372/372/372 373/373/373 374/374/374 
f 373/373/373 375/375/375 374/374/374 
f 374/374/374 375/375/375 376/376/376 
f 375/375/375 377/377/377 376/376/376 
f 376/376/376 377/377/377 378/378/378 
f 377/377/377 379/379/379 378/378/378 
f 378/378/378 379/379/379 380/380/380 
f 379/379/379 381/381/381 380/380/380 
f 380/380/380 381/381/381 382/382/382 
f 381/381/381 383/383/383 382/382/382 
f 382/382/382 383/383/383 384/384/384 
f 383/383/383 292/292/292 384/384/384 
f 384/384/384 292/292/292 384/384/384 
f 292/292/292 290/290/290 384/384/384 
f 384/384/384 290/290/290 384/384/384 
f 290/290/290 385/385/385 384/384/384 
f 384/384/384 385/385/385 384/384/384 
f 385/385/385 386/386/386 384/384/384 
f 384/384/384 386/386/386 382/382/382 
f 386/386/386 387/387/387 382/382/382 
f 382/382/382 387/387/387 380/380/380 
f 387/387/387 388/388/388 380/380/380 
f 380/380/380 388/388/388 378/378/378 
f 388/388/388 389/389/389 378/378/378 
f 378/378/378 389/389/389 376/376/376 
f 389/389/389 390/390/390 376/376/376 
f 376/376/376 390/390/390 374/374/374 
f 390/390/390 391/391/391 374/374/374 
f 374/374/374 391/391/391 372/372/372 
f 391/391/391 392/392/392 372/372/372 
f 372/372/372 392/392/392 370/370/370 
f 392/392/392 393/393/393 370/370/370 
f 370/370/370 393/393/393 368/368/368 
f 393/393/393 394/394/394 368/368/368 
f 368/368/368 394/394/394 366/366/366 
f 394/394/394 395/395/395 366/366/366 
f 366/366/366 395/395/395 364/364/364 
f 395/395/395 396/396/396 364/364/364 
f 364/364/364 396/396/396 362/362/362 
f 396/396/396 397/397/397 362/362/362 
f 362/362/362 397/397/397 360/360/360 
f 397/397/397 398/398/398 360/360/360 
f 360/360/360 398/398/398 358/358/358 
f 398/398/398 399/399/399 358/358/358 
f 358/358/358 399/399/399 356/356/356 
f 399/399/399 400/400/400 356/356/356 
f 356/356/356 400/400/400 354/354/354 
f 400/400/400 401/401/401 354/354/354 
f 354/354/354 401/401/401 352/352/352 
f 401/401/401 402/402/402 352/352/352 
f 352/352/352 402/402/402 350/350/350 
f 402/402/402 403/403/403 350/350/350 
f 350/350/350 403/403/403 348/348/348 
f 403/403/403 404/404/404 348/348/348 
f 348/348/348 404/404/404 346/346/346 
f 404/404/404 405/405/405 346/346/346 
f 346/346/346 405/405/405 344/344/344 
f 405/405/405 406/406/406 344/344/344 
f 344/344/344 406/406/406 342/342/342 
f 406/406/406 407/407/407 342/342/342 
f 342/342/342 407/407/407 340/340/340 
f 407/407/407 408/408/408 340/340/340 
f 340/340/340 408/408/408 338/338/338 
f 408/408/408 409/409/409 338/338/338 
f 338/338/338 409/409/409 336/336/336 
f 409/409/409 410/410/410 336/336/336 
f 336/336/336 410/410/410 334/334/334 
f 410/410/410 411/411/411 334/334/334 
f 334/334/334 411/411/411 332/332/332 
f 411/411/411 412/412/412 332/332/332 
f 332/332/332 412/412/412 330/330/330 
f 412/412/412 413/413/413 330/330/330 
f 330/330/330 413/413/413 328/328/328 
f 413/413/413 272/272/272 328/328/328 
f 328/328/328 272/272/272 326/326/326 
f 272/272/272 273/273/273 326/326/326 
f 326/326/326 273/273/273 324/324/324 
f 273/273/273 414/414/414 324/324/324 
f 324/324/324 414/414/414 322/322/322 
f 414/414/414 415/415/415 322/322/322 
f 322/322/322 415/415/415 320/320/320 
f 415/415/415 416/416/416 320/320/320 
f 320/320/320 416/416/416 318/318/318 
f 416/416/416 417/417/417 318/318/318 
f 318/318/318 417/417/417 316/316/316 
f 417/417/417 418/418/418 316/316/316 
f 316/316/316 418/418/418 314/314/314 
f 418/418/418 419/419/419 314/314/314 
f 314/314/314 419/419/419 312/312/312 
f 419/419/419 420/420/420 312/312/312 
f 312/312/312 420/420/420 310/310/310 
f 420/420/420 421/421/421 310/310/310 
f 310/310/310 421/421/421 308/308/308 
f 421/421/421 422/422/422 308/308/308 
f 308/308/308 422/422/422 306/306/306 
f 422/422/422 423/423/423 306/306/306 
f 306/306/306 423/423/423 304/304/304 
f 423/423/423 424/424/424 304/304/304 
f 304/304/304 424/424/424 302/302/302 
f 424/424/424 425/425/425 302/302/302 
f 302/302/302 425/425/425 300/300/300 
f 425/425/425 426/426/426 300/300/300 
f 300/300/300 426/426/426 298/298/298 
f 426/426/426 427/427/427 298/298/298 
f 298/298/298 427/427/427 296/296/296 
f 427/427/427 428/428/428 296/296/296 
f 296/296/296 428/428/428 294/294/294 
f 428/428/428 429/429/429 294/294/294 
f 294/294/294 429/429/429 289/289/289 
f 429/429/429 430/430/430 289/289/289 
f 289/289/289 430/430/430 290/290/290 
f 430/430/430 385/385/385 290/290/290 
f 290/290/290 385/385/385 385/385/385 
f 385/385/385 431/431/431 385/385/385 
f 385/385/385 431/431/431 431/431/431 
f 431/431/431 432/432/432 431/431/431 
f 431/431/431 432/432/432 433/433/433 
f 432/432/432 434/434/434 433/433/433 
f 433/433/433 434/434/434 434/434/434 
f 434/434/434 433/433/433 434/434/434 
f 434/434/434 433/433/433 433/433/433 
f 433/433/433 435/435/435 433/433/433 
f 433/433/433 435/435/435 431/431/431 
f 435/435/435 435/435/435 431/431/431 
f 431/431/431 435/435/435 436/436/436 
f 435/435/435 437/437/437 436/436/436 
f 436/436/436 437/437/437 438/438/438 
f 437/437/437 439/439/439 438/438/438 
f 438/438/438 439/439/439 440/440/440 
f 439/439/439 441/441/441 440/440/440 
f 440/440/440 441/441/441 442/442/442 
f 441/441/441 443/443/443 442/442/442 
f 442/442/442 443/443/443 444/444/444 
f 443/443/443 445/445/445 444/444/444 
f 444/444/444 445/445/445 446/446/446 
f 445/445/445 447/447/447 446/446/446 
f 446/446/446 447/447/447 448/448/448 
f 447/447/447 449/449/449 448/448/448 
f 448/448/448 449/449/449 450/450/450 
f 449/449/449 451/451/451 450/450/450 
f 450/450/450 451/451/451 452/452/452 
f 451/451/451 453/453/453 452/452/452 
f 452/452/452 453/453/453 454/454/454 
f 453/453/453 455/455/455 454/454/454 
f 454/454/454 455/455/455 456/456/456 
f 455/455/455 457/457/457 456/456/456 
f 456/456/456 457/457/457 458/458/458 
f 457/457/457 459/459/459 458/458/458 
f 458/458/458 459/459/459 460/460/460 
f 459/459/459 461/461/461 460/460/460 
f 460/460/460 461/461/461 462/462/462 
f 461/461/461 463/463/463 462/462/462 
f 462/462/462 463/463/463 464/464/464 
f 463/463/463 465/465/465 464/464/464 
f 464/464/464 465/465/465 466/466/466 
f 465/465/465 467/467/467 466/466/466 
f 466/466/466 467/467/467 468/468/468 
f 467/467/467 469/469/469 468/468/468 
f 468/468/468 469/469/469 470/470/470 
f 469/469/469 471/471/471 470/470/470 
f 470/470/470 471/471/471 472/472/472 
f 471/471/471 473/473/473 472/472/472 
f 472/472/472 473/473/473 474/474/474 
f 473/473/473 475/475/475 474/474/474 
f 474/474/474 475/475/475 476/476/476 
f 475/475/475 477/477/477 476/476/476 
f 476/476/476 477/477/477 478/478/478 
f 477/477/477 479/479/479 478/478/478 
f 478/478/478 479/479/479 480/480/480 
f 479/479/479 481/481/481 480/480/480 
f 480/480/480 481/481/481 482/482/482 
f 481/481/481 483/483/483 482/482/482 
f 482/482/482 483/483/483 484/484/484 
f 483/483/483 485/485/485 484/484/484 
f 484/484/484 485/485/485 486/486/486 
f 485/485/485 487/487/487 486/486/486 
f 486/486/486 487/487/487 488/488/488 
f 487/487/487 489/489/489 488/488/488 
f 488/488/488 489/489/489 490/490/490 
f 489/489/489 491/491/491 490/490/490 
f 490/490/490 491/491/491 492/492/492 
f 491/491/491 493/493/493 492/492/492 
f 492/492/492 493/493/493 494/494/494 
f 493/493/493 495/495/495 494/494/494 
f 494/494/494 495/495/495 496/496/496 
f 495/495/495 497/497/497 496/496/496 
f 496/496/496 497/497/497 498/498/498 
f 497/497/497 499/499/499 498/498/498 
f 498/498/498 499/499/499 500/500/500 
f 499/499/499 501/501/501 500/500/500 
f 500/500/500 501/501/501 502/502/502 
f 501/501/501 503/503/503 502/502/502 
f 502/502/502 503/503/503 504/504/504 
f 503/503/503 505/505/505 504/504/504 
f 504/504/504 505/505/505 506/506/506 
f 505/505/505 507/507/507 506/506/506 
f 506/506/506 507/507/507 508/508/508 
f 507/507/507 509/509/509 508/508/508 
f 508/508/508 509/509/509 510/510/510 
f 509/509/509 511/511/511 510/510/510 
f 510/510/510 511/511/511 512/512/512 
f 511/511/511 513/513/513 512/512/512 
f 512/512/512 513/513/513 514/514/514 
f 513/513/513 515/515/515 514/514/514 
f 514/514/514 515/515/515 516/516/516 
f 515/515/515 517/517/517 516/516/516 
f 516/516/516 517/517/517 518/518/518 
f 517/517/517 519/519/519 518/518/518 
f 518/518/518 519/519/519 520/520/520 
f 519/519/519 521/521/521 520/520/520 
f 520/520/520 521/521/521 522/522/522 
f 521/521/521 523/523/523 522/522/522 
f 522/522/522 523/523/523 524/524/524 
f 523/523/523 525/525/525 524/524/524 
f 524/524/524 525/525/525 526/526/526 
f 525/525/525 434/434/434 526/526/526 
f 526/526/526 434/434/434 526/526/526 
f 434/434/434 432/432/432 526/526/526 
f 526/526/526 432/432/432 526/526/526 
f 432/432/432 527/527/527 526/526/526 
f 526/526/526 527/527/527 526/526/526 
f 527/527/527 528/528/528 526/526/526 
f 526/526/526 528/528/528 524/524/524 
f 528/528/528 529/529/529 524/524/524 
f 524/524/524 529/529/529 522/522/522 
f 529/529/529 530/530/530 522/522/522 
f 522/522/522 530/530/530 520/520/520 
f 530/530/530 531/531/531 520/520/520 
f 520/520/520 531/531/531 518/518/518 
f 531/531/531 532/532/532 518/518/518 
f 518/518/518 532/532/532 516/516/516 
f 532/532/532 533/533/533 516/516/516 
f 516/516/516 533/533/533 514/514/514 
f 533/533/533 534/534/534 514/514/514 
f 514/514/514 534/534/534 512/512/512 
f 534/534/534 535/535/535 512/512/512 
f 512/512/512 535/535/535 510/510/510 
f 535/535/535 536/536/536 510/510/510 
f 510/510/510 536/536/536 508/508/508 
f 536/536/536 537/537/537 508/508/508 
f 508/508/508 537/537/537 506/506/506 
f 537/537/537 538/538/538 506/506/506 
f 506/506/506 538/538/538 504/504/504 
f 538/538/538 539/539/539 504/504/504 
f 504/504/504 539/539/539 502/502/502 
f 539/539/539 540/540/540 502/502/502 
f 502/502/502 540/540/540 500/500/500 
f 540/540/540 541/541/541 500/500/500 
f 500/500/500 541/541/541 498/498/498 
f 541/541/541 542/542/542 498/498/498 
f 498/498/498 542/542/542 496/496/496 
f 542/542/542 543/543/543 496/496/496 
f 496/496/496 543/543/543 494/494/494 
f 543/543/543 544/544/544 494/494/494 
f 494/494/494 544/544/544 492/492/492 
f 544/544/544 545/545/545 492/492/492 
f 492/492/492 545/545/545 490/490/490 
f 545/545/545 546/546/546 490/490/490 
f 490/490/490 546/546/546 488/488/488 
f 546/546/546 547/547/547 488/488/488 
f 488/488/488 547/547/547 486/486/486 
f 547/547/547 548/548/548 486/486/486 
f 486/486/486 548/548/548 484/484/484 
f 548/548/548 549/549/549 484/484/484 
f 484/484/484 549/549/549 482/482/482 
f 549/549/549 550/550/550 482/482/482 
f 482/482/482 550/550/550 480/480/480 
f 550/550/550 551/551/551 480/480/480 
f 480/480/480 551/551/551 478/478/478 
f 551/551/551 552/552/552 478/478/478 
f 478/478/478 552/552/552 476/476/476 
f 552/552/552 553/553/553 476/476/476 
f 476/476/476 553/553/553 474/474/474 
f 553/553/553 554/554/554 474/474/474 
f 474/474/474 554/554/554 472/472/472 
f 554/554/554 555/555/555 472/472/472 
f 472/472/472 555/555/555 470/470/470 
f 555/555/555 556/556/556 470/470/470 
f 470/470/470 556/556/556 468/468/468 
f 556/556/556 557/557/557 468/468/468 
f 468/468/468 557/557/557 466/466/466 
f 557/557/557 558/558/558 466/466/466 
f 466/466/466 558/558/558 464/464/464 
f 558/558/558 559/559/559 464/464/464 
f 464/464/464 559/559/559 462/462/462 
f 559/559/559 560/560/560 462/462/462 
f 462/462/462 560/560/560 460/460/460 
f 560/560/560 561/561/561 460/460/460 
f 460/460/460 561/561/561 458/458/458 
f 561/561/561 562/562/562 458/458/458 
f 458/458/458 562/562/562 456/456/456 
f 562/562/562 563/563/563 456/456/456 
f 456/456/456 563/563/563 454/454/454 
f 563/563/563 564/564/564 454/454/454 
f 454/454/454 564/564/564 452/452/452 
f 564/564/564 565/565/565 452/452/452 
f 452/452/452 565/565/565 450/450/450 
f 565/565/565 566/566/566 450/450/450 
f 450/450/450 566/566/566 448/448/448 
f 566/566/566 567/567/567 448/448/448 
f 448/448/448 567/567/567 446/446/446 
f 567/567/567 568/568/568 446/446/446 
f 446/446/446 568/568/568 444/444/444 
f 568/568/568 569/569/569 444/444/444 
f 444/444/444 569/569/569 442/442/442 
f 569/569/569 570/570/570 442/442/442 
f 442/442/442 570/570/570 440/440/440 
f 570/570/570 571/571/571 440/440/440 
f 440/440/440 571/571/571 438/438/438 
f 571/571/571 572/572/572 438/438/438 
f 438/438/438 572/572/572 436/436/436 
f 572/572/572 573/573/573 436/436/436 
f 436/436/436 573/573/573 431/431/431 
f 573/573/573 574/574/574 431/431/431 
f 431/431/431 574/574/574 432/432/432 
f 574/574/574 527/527/527 432/432/432 
f 432/432/432 527/527/527 527/527/527 
f 527/527/527 575/575/575 527/527/527 
f 527/527/527 575/575/575 575/575/575 
f 575/575/575 576/576/576 575/575/575 
f 575/575/575 576/576/576 577/577/577 
f 576/576/576 578/578/578 577/577/577 
f 577/577/577 578/578/578 578/578/578 
f 578/578/578 577/577/577 578/578/578 
f 578/578/578 577/577/577 577/577/577 
f 577/577/577 579/579/579 577/577/577 
f 577/577/577 579/579/579 575/575/575 
f 579/579/579 579/579/579 575/575/575 
f 575/575/575 579/579/579 580/580/580 
f 579/579/579 581/581/581 580/580/580 
f 580/580/580 581/581/581 582/582/582 
f 581/581/581 583/583/583 582/582/582 
f 582/582/582 583/583/583 584/584/584 
f 583/583/583 585/585/585 584/584/584 
f 584/584/584 585/585/585 586/586/586 
f 585/585/585 587/587/587 586/586/586 
f 586/586/586 587/587/587 588/588/588 
f 587/587/587 589/589/589 588/588/588 
f 588/588/588 589/589/589 590/590/590 
f 589/589/589 591/591/591 590/590/590 
f 590/590/590 591/591/591 592/592/592 
f 591/591/591 593/593/593 592/592/592 
f 592/592/592 593/593/593 594/594/594 
f 593/593/593 595/595/595 594/594/594 
f 594/594/594 595/595/595 596/596/596 
f 595/595/595 597/597/597 596/596/596 
f 596/596/596 597/597/597 598/598/598 
f 597/597/597 599/599/599 598/598/598 
f 598/598/598 599/599/599 600/600/600 
f 599/599/599 601/601/601 600/600/600 
f 600/600/600 601/601/601 602/602/602 
f 601/601/601 603/603/603 602/602/602 
f 602/602/602 603/603/603 604/604/604 
f 603/603/603 605/605/605 604/604/604 
f 604/604/604 605/605/605 606/606/606 
f 605/605/605 607/607/607 606/606/606 
f 606/606/606 607/607/607 608/608/608 
f 607/607/607 609/609/609 608/608/608 
f 608/608/608 609/609/609 610/610/610 
f 609/609/609 611/611/611 610/610/610 
f 610/610/610 611/611/611 612/612/612 
f 611/611/611 613/613/613 612/612/612 
f 612/612/612 613/613/613 614/614/614 
f 613/613/613 615/615/615 614/614/614 
f 614/614/614 615/615/615 616/616/616 
f 615/615/615 617/617/617 616/616/616 
f 616/616/616 617/617/617 618/618/618 
f 617/617/617 619/619/619 618/618/618 
f 618/618/618 619/619/619 620/620/620 
f 619/619/619 621/621/621 620/620/620 
f 620/620/620 621/621/621 622/622/622 
f 621/621/621 623/623/623 622/622/622 
f 622/622/622 623/623/623 624/624/624 
f 623/623/623 625/625/625 624/624/624 
f 624/624/624 625/625/625 626/626/626 
f 625/625/625 627/627/627 626/626/626 
f 626/626/626 627/627/627 628/628/628 
f 627/627/627 629/629/629 628/628/628 
f 628/628/628 629/629/629 630/630/630 
f 629/629/629 631/631/631 630/630/630 
f 630/630/630 631/631/631 632/632/632 
f 631/631/631 633/633/633 632/632/632 
f 632/632/632 633/633/633 634/634/634 
f 633/633/633 635/635/635 634/634/634 
f 634/634/634 635/635/635 636/636/636 
f 635/635/635 637/637/637 636/636/636 
f 636/636/636 637/637/637 638/638/638 
f 637/637/637 639/639/639 638/638/638 
f 638/638/638 639/639/639 640/640/640 
f 639/639/639 641/641/641 640/640/640 
f 640/640/640 641/641/641 642/642/642 
f 641/641/641 643/643/643 642/642/642 
f 642/642/642 643/643/643 644/644/644 
f 643/643/643 645/645/645 644/644/644 
f 644/644/644 645/645/645 646/646/646 
f 645/645/645 647/647/647 646/646/646 
f 646/646/646 647/647/647 648/648/648 
f 647/647/647 649/649/649 648/648/648 
f 648/648/648 649/649/649 650/650/650 
f 649/649/649 651/651/651 650/650/650 
f 650/650/650 651/651/651 652/652/652 
f 651/651/651 653/653/653 652/652/652 
f 652/652/652 653/653/653 654/654/654 
f 653/653/653 655/655/655 654/654/654 
f 654/654/654 655/655/655 656/656/656 
f 655/655/655 657/657/657 656/656/656 
f 656/656/656 657/657/657 658/658/658 
f 657/657/657 659/659/659 658/658/658 
f 658/658/658 659/659/659 660/660/660 
f 659/659/659 661/661/661 660/660/660 
f 660/660/660 661/661/661 662/662/662 
f 661/661/661 663/663/663 662/662/662 
f 662/662/662 663/663/663 664/664/664 
f 663/663/663 665/665/665 664/664/664 
f 664/664/664 665/665/665 666/666/666 
f 665/665/665 667/667/667 666/666/666 
f 666/666/666 667/667/667 668/668/668 
f 667/667/667 669/669/669 668/668/668 
f 668/668/668 669/669/669 670/670/670 
f 669/669/669 578/578/578 670/670/670 
f 670/670/670 578/578/578 670/670/670 
f 578/578/578 576/576/576 670/670/670 
f 670/670/670 576/576/576 670/670/670 
f 576/576/576 671/671/671 670/670/670 
f 670/670/670 671/671/671 670/670/670 
f 671/671/671 672/672/672 670/670/670 
f 670/670/670 672/672/672 668/668/668 
f 672/672/672 673/673/673 668/668/668 
f 668/668/668 673/673/673 666/666/666 
f 673/673/673 674/674/674 666/666/666 
f 666/666/666 674/674/674 664/664/664 
f 674/674/674 675/675/675 664/664/664 
f 664/664/664 675/675/675 662/662/662 
f 675/675/675 676/676/676 662/662/662 
f 662/662/662 676/676/676 660/660/660 
f 676/676/676 677/677/677 660/660/660 
f 660/660/660 677/677/677 658/658/658 
f 677/677/677 678/678/678 658/658/658 
f 658/658/658 678/678/678 656/656/656 
f 678/678/678 679/679/679 656/656/656 
f 656/656/656 679/679/679 654/654/654 
f 679/679/679 680/680/680 654/654/654 
f 654/654/654 680/680/680 652/652/652 
f 680/680/680 681/681/681 652/652/652 
f 652/652/652 681/681/681 650/650/650 
f 681/681/681 682/682/682 650/650/650 
f 650/650/650 682/682/682 648/648/648 
f 682/682/682 683/683/683 648/648/648 
f 648/648/648 683/683/683 646/646/646 
f 683/683/683 684/684/684 646/646/646 
f 646/646/646 684/684/684 644/644/644 
f 684/684/684 685/685/685 644/644/644 
f 644/644/644 685/685/685 642/642/642 
f 685/685/685 686/686/686 642/642/642 
f 642/642/642 686/686/686 640/640/640 
f 686/686/686 687/687/687 640/640/640 
f 640/640/640 687/687/687 638/638/638 
f 687/687/687 688/688/688 638/638/638 
f 638/638/638 688/688/688 636/636/636 
f 688/688/688 689/689/689 636/636/636 
f 636/636/636 689/689/689 634/634/634 
f 689/689/689 690/690/690 634/634/634 
f 634/634/634 690/690/690 632/632/632 
f 690/690/690 691/691/691 632/632/632 
f 632/632/632 691/691/691 630/630/630 
f 691/691/691 692/692/692 630/630/630 
f 630/630/630 692/692/692 628/628/628 
f 692/692/692 693/693/693 628/628/628 
f 628/628/628 693/693/693 626/626/626 
f 693/693/693 694/694/694 626/626/626 
f 626/626/626 694/694/694 624/624/624 
f 694/694/694 695/695/695 624/624/624 
f 624/624/624 695/695/695 622/622/622 
f 695/695/695 696/696/696 622/622/622 
f 622/622/622 696/696/696 620/620/620 
f 696/696/696 697/697/697 620/620/620 
f 620/620/620 697/697/697 618/618/618 
f 697/697/697 698/698/698 618/618/618 
f 618/618/618 698/698/698 616/616/616 
f 698/698/698 699/699/699 616/616/616 
f 616/616/616 699/699/699 614/614/614 
f 699/699/699 700/700/700 614/614/614 
f 614/614/614 700/700/700 612/612/612 
f 700/700/700 701/701/701 612/612/612 
f 612/612/612 701/701/701 610/610/610 
f 701/701/701 702/702/702 610/610/610 
f 610/610/610 702/702/702 608/608/608 
f 702/702/702 703/703/703 608/608/608 
f 608/608/608 703/703/703 606/606/606 
f 703/703/703 704/704/704 606/606/606 
f 606/606/606 704/704/704 604/604/604 
f 704/704/704 705/705/705 604/604/604 
f 604/604/604 705/705/705 602/602/602 
f 705/705/705 706/706/706 602/602/602 
f 602/602/602 706/706/706 600/600/600 
f 706/706/706 707/707/707 600/600/600 
f 600/600/600 707/707/707 598/598/598 
f 707/707/707 708/708/708 598/598/598 
f 598/598/598 708/708/708 596/596/596 
f 708/708/708 709/709/709 596/596/596 
f 596/596/596 709/709/709 594/594/594 
f 709/709/709 710/710/710 594/594/594 
f 594/594/594 710/710/710 592/592/592 
f 710/710/710 711/711/711 592/592/592 
f 592/592/592 711/711/711 590/590/590 
f 711/711/711 712/712/712 590/590/590 
f 590/590/590 712/712/712 588/588/588 
f 712/712/712 713/713/713 588/588/588 
f 588/588/588 713/713/713 586/586/586 
f 713/713/713 714/714/714 586/586/586 
f 586/586/586 714/714/714 584/584/584 
f 714/714/714 715/715/715 584/584/584 
f 584/584/584 715/715/715 582/582/582 
f 715/715/715 716/716/716 582/582/582 
f 582/582/582 716/716/716 580/580/580 
f 716/716/716 717/717/717 580/580/580 
f 580/580/580 717/717/717 575/575/575 
f 717/717/717 718/718/718 575/575/575 
f 575/575/575 718/718/718 576/576/576 
f 718/718/718 671/671/671 576/576/576 
f 576/576/576 671/671/671 671/671/671 
f 671/671/671 719/719/719 671/671/671 
f 671/671/671 719/719/719 719/719/719 
f 719/719/719 720/720/720 719/719/719 
f 719/719/719 720/720/720 721/721/721 
f 720/720/720 722/722/722 721/721/721 
f 721/721/721 722/722/722 723/723/723 
f 722/722/722 724/724/724 723/723/723 
f 723/723/723 724/724/724 725/725/725 
f 724/724/724 726/726/726 725/725/725 
f 725/725/725 726/726/726 727/727/727 
f 726/726/726 728/728/728 727/727/727 
f 727/727/727 728/728/728 729/729/729 
f 728/728/728 730/730/730 729/729/729 
f 729/729/729 730/730/730 731/731/731 
f 730/730/730 732/732/732 731/731/731 
f 731/731/731 732/732/732 733/733/733 
f 732/732/732 734/734/734 733/733/733 
f 733/733/733 734/734/734 735/735/735 
f 734/734/734 736/736/736 735/735/735 
f 735/735/735 736/736/736 737/737/737 
f 736/736/736 738/738/738 737/737/737 
f 737/737/737 738/738/738 739/739/739 
f 738/738/738 740/740/740 739/739/739 
f 739/739/739 740/740/740 741/741/741 
f 740/740/740 742/742/742 741/741/741 
f 741/741/741 742/742/742 743/743/743 
f 742/742/742 744/744/744 743/743/743 
f 743/743/743 744/744/744 745/745/745 
f 744/744/744 746/746/746 745/745/745 
f 745/745/745 746/746/746 747/747/747 
f 746/746/746 748/748/748 747/747/747 
f 747/747/747 748/748/748 749/749/749 
f 748/748/748 750/750/750 749/749/749 
f 749/749/749 750/750/750 751/751/751 
f 750/750/750 752/752/752 751/751/751 
f 751/751/751 752/752/752 753/753/753 
f 752/752/752 754/754/754 753/753/753 
f 753/753/753 754/754/754 755/755/755 
f 754/754/754 756/756/756 755/755/755 
f 755/755/755 756/756/756 757/757/757 
f 756/756/756 758/758/758 757/757/757 
f 757/757/757 758/758/758 759/759/759 
f 758/758/758 760/760/760 759/759/759 
f 759/759/759 760/760/760 761/761/761 
f 760/760/760 762/762/762 761/761/761 
f 761/761/761 762/762/762 763/763/763 
f 762/762/762 764/764/764 763/763/763 
f 763/763/763 764/764/764 765/765/765 
f 764/764/764 766/766/766 765/765/765 
f 765/765/765 766/766/766 767/767/767 
f 766/766/766 768/768/768 767/767/767 
f 767/767/767 768/768/768 769/769/769 
f 768/768/768 770/770/770 769/769/769 
f 769/769/769 770/770/770 771/771/771 
f 770/770/770 772/772/772 771/771/771 
f 771/771/771 772/772/772 773/773/773 
f 772/772/772 774/774/774 773/773/773 
f 773/773/773 774/774/774 775/775/775 
f 774/774/774 776/776/776 775/775/775 
f 775/775/775 776/776/776 777/777/777 
f 776/776/776 778/778/778 777/777/777 
f 777/777/777 778/778/778 779/779/779 
f 778/778/778 780/780/780 779/779/779 
f 779/779/779 780/780/780 781/781/781 
f 780/780/780 782/782/782 781/781/781 
f 781/781/781 782/782/782 783/783/783 
f 782/782/782 784/784/784 783/783/783 
f 783/783/783 784/784/784 785/785/785 
f 784/784/784 786/786/786 785/785/785 
f 785/785/785 786/786/786 787/787/787 
f 786/786/786 788/788/788 787/787/787 
f 787/787/787 788/788/788 789/789/789 
f 788/788/788 790/790/790 789/789/789 
f 789/789/789 790/790/790 791/791/791 
f 790/790/790 792/792/792 791/791/791 
f 791/791/791 792/792/792 793/793/793 
f 792/792/792 794/794/794 793/793/793 
f 793/793/793 794/794/794 795/795/795 
f 794/794/794 796/796/796 795/795/795 
f 795/795/795 796/796/796 797/797/797 
f 796/796/796 798/798/798 797/797/797 
f 797/797/797 798/798/798 799/799/799 
f 798/798/798 800/800/800 799/799/799 
f 799/799/799 800/800/800 801/801/801 
f 800/800/800 802/802/802 801/801/801 
f 801/801/801 802/802/802 803/803/803 
f 802/802/802 804/804/804 803/803/803 
f 803/803/803 804/804/804 805/805/805 
f 804/804/804 806/806/806 805/805/805 
f 805/805/805 806/806/806 807/807/807 
f 806/806/806 808/808/808 807/807/807 
f 807/807/807 808/808/808 809/809/809 
f 808/808/808 810/810/810 809/809/809 
f 809/809/809 810/810/810 811/811/811 
f 810/810/810 812/812/812 811/811/811 
f 811/811/811 812/812/812 813/813/813 
f 812/812/812 814/814/814 813/813/813 
f 813/813/813 814/814/814 719/719/719 
f 814/814/814 814/814/814 719/719/719 
f 719/719/719 814/814/814 720/720/720 
f 814/814/814 815/815/815 720/720/720 
f 720/720/720 815/815/815 816/816/816 
f 815/815/815 816/816/816 816/816/816 
f 816/816/816 816/816/816 815/815/815 
f 816/816/816 815/815/815 815/815/815 
f 815/815/815 815/815/815 817/817/817 
f 815/815/815 814/814/814 817/817/817 
f 817/817/817 814/814/814 817/817/817 
f 814/814/814 812/812/812 817/817/817 
f 817/817/817 812/812/812 818/818/818 
f 812/812/812 810/810/810 818/818/818 
f 818/818/818 810/810/810 819/819/819 
f 810/810/810 808/808/808 819/819/819 
f 819/819/819 808/808/808 820/820/820 
f 808/808/808 806/806/806 820/820/820 
f 820/820/820 806/806/806 821/821/821 
f 806/806/806 804/804/804 821/821/821 
f 821/821/821 804/804/804 822/822/822 
f 804/804/804 802/802/802 822/822/822 
f 822/822/822 802/802/802 823/823/823 
f 802/802/802 800/800/800 823/823/823 
f 823/823/823 800/800/800 824/824/824 
f 800/800/800 798/798/798 824/824/824 
f 824/824/824 798/798/798 825/825/825 
f 798/798/798 796/796/796 825/825/825 
f 825/825/825 796/796/796 826/826/826 
f 796/796/796 794/794/794 826/826/826 
f 826/826/826 794/794/794 827/827/827 
f 794/794/794 792/792/792 827/827/827 
f 827/827/827 792/792/792 828/828/828 
f 792/792/792 790/790/790 828/828/828 
f 828/828/828 790/790/790 829/829/829 
f 790/790/790 788/788/788 829/829/829 
f 829/829/829 788/788/788 830/830/830 
f 788/788/788 786/786/786 830/830/830 
f 830/830/830 786/786/786 831/831/831 
f 786/786/786 784/784/784 831/831/831 
f 831/831/831 784/784/784 832/832/832 
f 784/784/784 782/782/782 832/832/832 
f 832/832/832 782/782/782 833/833/833 
f 782/782/782 780/780/780 833/833/833 
f 833/833/833 780/780/780 834/834/834 
f 780/780/780 778/778/778 834/834/834 
f 834/834/834 778/778/778 835/835/835 
f 778/778/778 776/776/776 835/835/835 
f 835/835/835 776/776/776 836/836/836 
f 776/776/776 774/774/774 836/836/836 
f 836/836/836 774/774/774 837/837/837 
f 774/774/774 772/772/772 837/837/837 
f 837/837/837 772/772/772 838/838/838 
f 772/772/772 770/770/770 838/838/838 
f 838/838/838 770/770/770 839/839/839 
f 770/770/770 768/768/768 839/839/839 
f 839/839/839 768/768/768 840/840/840 
f 768/768/768 766/766/766 840/840/840 
f 840/840/840 766/766/766 841/841/841 
f 766/766/766 764/764/764 841/841/841 
f 841/841/841 764/764/764 842/842/842 
f 764/764/764 762/762/762 842/842/842 
f 842/842/842 762/762/762 843/843/843 
f 762/762/762 760/760/760 843/843/843 
f 843/843/843 760/760/760 844/844/844 
f 760/760/760 758/758/758 844/844/844 
f 844/844/844 758/758/758 845/845/845 
f 758/758/758 756/756/756 845/845/845 
f 845/845/845 756/756/756 846/846/846 
f 756/756/756 754/754/754 846/846/846 
f 846/846/846 754/754/754 847/847/847 
f 754/754/754 752/752/752 847/847/847 
f 847/847/847 752/752/752 848/848/848 
f 752/752/752 750/750/750 848/848/848 
f 848/848/848 750/750/750 849/849/849 
f 750/750/750 748/748/748 849/849/849 
f 849/849/849 748/748/748 850/850/850 
f 748/748/748 746/746/746 850/850/850 
f 850/850/850 746/746/746 851/851/851 
f 746/746/746 744/744/744 851/851/851 
f 851/851/851 744/744/744 852/852/852 
f 744/744/744 742/742/742 852/852/852 
f 852/852/852 742/742/742 853/853/853 
f 742/742/742 740/740/740 853/853/853 
f 853/853/853 740/740/740 854/854/854 
f 740/740/740 738/738/738 854/854/854 
f 854/854/854 738/738/738 855/855/855 
f 738/738/738 736/736/736 855/855/855 
f 855/855/855 736/736/736 856/856/856 
f 736/736/736 734/734/734 856/856/856 
f 856/856/856 734/734/734 857/857/857 
f 734/734/734 732/732/732 857/857/857 
f 857/857/857 732/732/732 858/858/858 
f 732/732/732 730/730/730 858/858/858 
f 858/858/858 730/730/730 859/859/859 
f 730/730/730 728/728/728 859/859/859 
f 859/859/859 728/728/728 860/860/860 
f 728/728/728 726/726/726 860/860/860 
f 860/860/860 726/726/726 861/861/861 
f 726/726/726 724/724/724 861/861/861 
f 861/861/861 724/724/724 862/862/862 
f 724/724/724 722/722/722 862/862/862 
f 862/862/862 722/722/722 816/816/816 
f 722/722/722 720/720/720 816/816/816 
f 816/816/816 720/720/720 720/720/720 
f 720/720/720 863/863/863 720/720/720 
f 720/720/720 863/863/863 863/863/863 
f 863/863/863 864/864/864 863/863/863 
f 863/863/863 864/864/864 865/865/865 
f 864/864/864 866/866/866 865/865/865 
f 865/865/865 866/866/866 866/866/866 
f 866/866/866 865/865/865 866/866/866 
f 866/866/866 865/865/865 865/865/865 
f 865/865/865 867/867/867 865/865/865 
f 865/865/865 867/867/867 863/863/863 
f 867/867/867 867/867/867 863/863/863 
f 863/863/863 867/867/867 868/868/868 
f 867/867/867 869/869/869 868/868/868 
f 868/868/868 869/869/869 870/870/870 
f 869/869/869 871/871/871 870/870/870 
f 870/870/870 871/871/871 872/872/872 
f 871/871/871 873/873/873 872/872/872 
f 872/872/872 873/873/873 874/874/874 
f 873/873/873 875/875/875 874/874/874 
f 874/874/874 875/875/875 876/876/876 
f 875/875/875 877/877/877 876/876/876 
f 876/876/876 877/877/877 878/878/878 
f 877/877/877 879/879/879 878/878/878 
f 878/878/878 879/879/879 880/880/880 
f 879/879/879 881/881/881 880/880/880 
f 880/880/880 881/881/881 882/882/882 
f 881/881/881 883/883/883 882/882/882 
f 882/882/882 883/883/883 884/884/884 
f 883/883/883 885/885/885 884/884/884 
f 884/884/884 885/885/885 886/886/886 
f 885/885/885 887/887/887 886/886/886 
f 886/886/886 887/887/887 888/888/888 
f 887/887/887 889/889/889 888/888/888 
f 888/888/888 889/889/889 890/890/890 
f 889/889/889 891/891/891 890/890/890 
f 890/890/890 891/891/891 892/892/892 
f 891/891/891 893/893/893 892/892/892 
f 892/892/892 893/893/893 894/894/894 
f 893/893/893 895/895/895 894/894/894 
f 894/894/894 895/895/895 896/896/896 
f 895/895/895 897/897/897 896/896/896 
f 896/896/896 897/897/897 898/898/898 
f 897/897/897 899/899/899 898/898/898 
f 898/898/898 899/899/899 900/900/900 
f 899/899/899 901/901/901 900/900/900 
f 900/900/900 901/901/901 902/902/902 
f 901/901/901 903/903/903 902/902/902 
f 902/902/902 903/903/903 904/904/904 
f 903/903/903 905/905/905 904/904/904 
f 904/904/904 905/905/905 906/906/906 
f 905/905/905 907/907/907 906/906/906 
f 906/906/906 907/907/907 908/908/908 
f 907/907/907 909/909/909 908/908/908 
f 908/908/908 909/909/909 910/910/910 
f 909/909/909 911/911/911 910/910/910 
f 910/910/910 911/911/911 912/912/912 
f 911/911/911 913/913/913 912/912/912 
f 912/912/912 913/913/913 914/914/914 
f 913/913/913 915/915/915 914/914/914 
f 914/914/914 915/915/915 916/916/916 
f 915/915/915 917/917/917 916/916/916 
f 916/916/916 917/917/917 918/918/918 
f 917/917/917 919/919/919 918/918/918 
f 918/918/918 919/919/919 920/920/920 
f 919/919/919 921/921/921 920/920/920 
f 920/920/920 921/921/921 922/922/922 
f 921/921/921 923/923/923 922/922/922 
f 922/922/922 923/923/923 924/924/924 
f 923/923/923 925/925/925 924/924/924 
f 924/924/924 925/925/925 926/926/926 
f 925/925/925 927/927/927 926/926/926 
f 926/926/926 927/927/927 928/928/928 
f 927/927/927 929/929/929 928/928/928 
f 928/928/928 929/929/929 930/930/930 
f 929/929/929 931/931/931 930/930/930 
f 930/930/930 931/931/931 932/932/932 
f 931/931/931 933/933/933 932/932/932 
f 932/932/932 933/933/933 934/934/934 
f 933/933/933 935/935/935 934/934/934 
f 934/934/934 935/935/935 936/936/936 
f 935/935/935 937/937/937 936/936/936 
f 936/936/936 937/937/937 938/938/938 
f 937/937/937 939/939/939 938/938/938 
f 938/938/938 939/939/939 940/940/940 
f 939/939/939 941/941/941 940/940/940 
f 940/940/940 941/941/941 942/942/942 
f 941/941/941 943/943/943 942/942/942 
f 942/942/942 943/943/943 944/944/944 
f 943/943/943 945/945/945 944/944/944 
f 944/944/944 945/945/945 946/946/946 
f 945/945/945 947/947/947 946/946/946 
f 946/946/946 947/947/947 948/948/948 
f 947/947/947 949/949/949 948/948/948 
f 948/948/948 949/949/949 950/950/950 
f 949/949/949 951/951/951 950/950/950 
f 950/950/950 951/951/951 952/952/952 
f 951/951/951 953/953/953 952/952/952 
f 952/952/952 953/953/953 954/954/954 
f 953/953/953 955/955/955 954/954/954 
f 954/954/954 955/955/955 956/956/956 
f 955/955/955 957/957/957 956/956/956 
f 956/956/956 957/957/957 958/958/958 
f 957/957/957 866/866/866 958/958/958 
f 958/958/958 866/866/866 958/958/958 
f 866/866/866 864/864/864 958/958/958 
f 958/958/958 864/864/864 958/958/958 
f 864/864/864 959/959/959 958/958/958 
f 958/958/958 959/959/959 958/958/958 
f 959/959/959 960/960/960 958/958/958 
f 958/958/958 960/960/960 956/956/956 
f 960/960/960 961/961/961 956/956/956 
f 956/956/956 961/961/961 954/954/954 
f 961/961/961 962/962/962 954/954/954 
f 954/954/954 962/962/962 952/952/952 
f 962/962/962 963/963/963 952/952/952 
f 952/952/952 963/963/963 950/950/950 
f 963/963/963 964/964/964 950/950/950 
f 950/950/950 964/964/964 948/948/948 
f 964/964/964 965/965/965 948/948/948 
f 948/948/948 965/965/965 946/946/946 
f 965/965/965 966/966/966 946/946/946 
f 946/946/946 966/966/966 944/944/944 
f 966/966/966 967/967/967 944/944/944 
f 944/944/944 967/967/967 942/942/942 
f 967/967/967 968/968/968 942/942/942 
f 942/942/942 968/968/968 940/940/940 
f 968/968/968 969/969/969 940/940/940 
f 940/940/940 969/969/969 938/938/938 
f 969/969/969 970/970/970 938/938/938 
f 938/938/938 970/970/970 936/936/936 
f 970/970/970 971/971/971 936/936/936 
f 936/936/936 971/971/971 934/934/934 
f 971/971/971 972/972/972 934/934/934 
f 934/934/934 972/972/972 932/932/932 
f 972/972/972 973/973/973 932/932/932 
f 932/932/932 973/973/973 930/930/930 
f 973/973/973 974/974/974 930/930/930 
f 930/930/930 974/974/974 928/928/928 
f 974/974/974 975/975/975 928/928/928 
f 928/928/928 975/975/975 926/926/926 
f 975/975/975 976/976/976 926/926/926 
f 926/926/926 976/976/976 924/924/924 
f 976/976/976 977/977/977 924/924/924 
f 924/924/924 977/977/977 922/922/922 
f 977/977/977 978/978/978 922/922/922 
f 922/922/922 978/978/978 920/920/920 
f 978/978/978 979/979/979 920/920/920 
f 920/920/920 979/979/979 918/918/918 
f 979/979/979 980/980/980 918/918/918 
f 918/918/918 980/980/980 916/916/916 
f 980/980/980 981/981/981 916/916/916 
f 916/916/916 981/981/981 914/914/914 
f 981/981/981 982/982/982 914/914/914 
f 914/914/914 982/982/982 912/912/912 
f 982/982/982 983/983/983 912/912/912 
f 912/912/912 983/983/983 910/910/910 
f 983/983/983 984/984/984 910/910/910 
f 910/910/910 984/984/984 908/908/908 
f 984/984/984 985/985/985 908/908/908 
f 908/908/908 985/985/985 906/906/906 
f 985/985/985 986/986/986 906/906/906 
f 906/906/906 986/986/986 904/904/904 
f 986/986/986 987/987/987 904/904/904 
f 904/904/904 987/987/987 902/902/902 
f 987/987/987 846/846/846 902/902/902 
f 902/902/902 846/846/846 900/900/900 
f 846/846/846 847/847/847 900/900/900 
f 900/900/900 847/847/847 898/898/898 
f 847/847/847 988/988/988 898/898/898 
f 898/898/898 988/988/988 896/896/896 
f 988/988/988 989/989/989 896/896/896 
f 896/896/896 989/989/989 894/894/894 
f 989/989/989 990/990/990 894/894/894 
f 894/894/894 990/990/990 892/892/892 
f 990/990/990 991/991/991 892/892/892 
f 892/892/892 991/991/991 890/890/890 
f 991/991/991 992/992/992 890/890/890 
f 890/890/890 992/992/992 888/888/888 
f 992/992/992 993/993/993 888/888/888 
f 888/888/888 993/993/993 886/886/886 
f 993/993/993 994/994/994 886/886/886 
f 886/886/886 994/994/994 884/884/884 
f 994/994/994 995/995/995 884/884/884 
f 884/884/884 995/995/995 882/882/882 
f 995/995/995 996/996/996 882/882/882 
f 882/882/882 996/996/996 880/880/880 
f 996/996/996 997/997/997 880/880/880 
f 880/880/880 997/997/997 878/878/878 
f 997/997/997 998/998/998 878/878/878 
f 878/878/878 998/998/998 876/876/876 
f 998/998/998 999/999/999 876/876/876 
f 876/876/876 999/999/999 874/874/874 
f 999/999/999 1000/1000/1000 874/874/874 
f 874/874/874 1000/1000/1000 872/872/872 
f 1000/1000/1000 1001/1001/1001 872/872/872 
f 872/872/872 1001/1001/1001 870/870/870 
f 1001/1001/1001 1002/1002/1002 870/870/870 
f 870/870/870 1002/1002/1002 868/868/868 
f 1002/1002/1002 1003/1003/1003 868/868/868 
f 868/868/868 1003/1003/1003 863/863/863 
f 1003/1003/1003 1004/1004/1004 863/863/863 
f 863/863/863 1004/1004/1004 864/864/864 
f 1004/1004/1004 959/959/959 864/864/864 
f 864/864/864 959/959/959 959/959/959 
f 959/959/959 1005/1005/1005 959/959/959 
f 959/959/959 1005/1005/1005 1005/1005/1005 
f 1005/1005/1005 1006/1006/1006 1005/1005/1005 
f 1005/1005/1005 1006/1006/1006 1007/1007/1007 
f 1006/1006/1006 1008/1008/1008 1007/1007/1007 
f 1007/1007/1007 1008/1008/1008 1008/1008/1008 
f 1008/1008/1008 1007/1007/1007 1008/1008/1008 
f 1008/1008/1008 1007/1007/1007 1007/1007/1007 
f 1007/1007/1007 1009/1009/1009 1007/1007/1007 
f 1007/1007/1007 1009/1009/1009 1005/1005/1005 
f 1009/1009/1009 1009/1009/1009 1005/1005/1005 
f 1005/1005/1005 1009/1009/1009 1010/1010/1010 
f 1009/1009/1009 1011/1011/1011 1010/1010/1010 
f 1010/1010/1010 1011/1011/1011 1012/1012/1012 
f 1011/1011/1011 1013/1013/1013 1012/1012/1012 
f 1012/1012/1012 1013/1013/1013 1014/1014/1014 
f 1013/1013/1013 1015/1015/1015 1014/1014/1014 
f 1014/1014/1014 1015/1015/1015 1016/1016/1016 
f 1015/1015/1015 1017/1017/1017 1016/1016/1016 
f 1016/1016/1016 1017/1017/1017 1018/1018/1018 
f 1017/1017/1017 1019/1019/1019 1018/1018/1018 
f 1018/1018/1018 1019/1019/1019 1020/1020/1020 
f 1019/1019/1019 1021/1021/1021 1020/1020/1020 
f 1020/1020/1020 1021/1021/1021 1022/1022/1022 
f 1021/1021/1021 1023/1023/1023 1022/1022/1022 
f 1022/1022/1022 1023/1023/1023 1024/1024/1024 
f 1023/1023/1023 1025/1025/1025 1024/1024/1024 
f 1024/1024/1024 1025/1025/1025 1026/1026/1026 
f 1025/1025/1025 1027/1027/1027 1026/1026/1026 
f 1026/1026/1026 1027/1027/1027 1028/1028/1028 
f 1027/1027/1027 1029/1029/1029 1028/1028/1028 
f 1028/1028/1028 1029/1029/1029 1030/1030/1030 
f 1029/1029/1029 1031/1031/1031 1030/1030/1030 
f 1030/1030/1030 1031/1031/1031 1032/1032/1032 
f 1031/1031/1031 1033/1033/1033 1032/1032/1032 
f 1032/1032/1032 1033/1033/1033 1034/1034/1034 
f 1033/1033/1033 1035/1035/1035 1034/1034/1034 
f 1034/1034/1034 1035/1035/1035 1036/1036/1036 
f 1035/1035/1035 1037/1037/1037 1036/1036/1036 
f 1036/1036/1036 1037/1037/1037 1038/1038/1038 
f 1037/1037/1037 1039/1039/1039 1038/1038/1038 
f 1038/1038/1038 1039/1039/1039 1040/1040/1040 
f 1039/1039/1039 1041/1041/1041 1040/1040/1040 
f 1040/1040/1040 1041/1041/1041 1042/1042/1042 
f 1041/1041/1041 1043/1043/1043 1042/1042/1042 
f 1042/1042/1042 1043/1043/1043 1044/1044/1044 
f 1043/1043/1043 1045/1045/1045 1044/1044/1044 
f 1044/1044/1044 1045/1045/1045 1046/1046/1046 
f 1045/1045/1045 1047/1047/1047 1046/1046/1046 
f 1046/1046/1046 1047/1047/1047 1048/1048/1048 
f 1047/1047/1047 1049/1049/1049 1048/1048/1048 
f 1048/1048/1048 1049/1049/1049 1050/1050/1050 
f 1049/1049/1049 1051/1051/1051 1050/1050/1050 
f 1050/1050/1050 1051/1051/1051 1052/1052/1052 
f 1051/1051/1051 1053/1053/1053 1052/1052/1052 
f 1052/1052/1052 1053/1053/1053 1054/1054/1054 
f 1053/1053/1053 1055/1055/1055 1054/1054/1054 
f 1054/1054/1054 1055/1055/1055 1056/1056/1056 
f 1055/1055/1055 1057/1057/1057 1056/1056/1056 
f 1056/1056/1056 1057/1057/1057 1058/1058/1058 
f 1057/1057/1057 1059/1059/1059 1058/1058/1058 
f 1058/1058/1058 1059/1059/1059 1060/1060/1060 
f 1059/1059/1059 1061/1061/1061 1060/1060/1060 
f 1060/1060/1060 1061/1061/1061 1062/1062/1062 
f 1061/1061/1061 1063/1063/1063 1062/1062/1062 
f 1062/1062/1062 1063/1063/1063 1064/1064/1064 
f 1063/1063/1063 1065/1065/1065 1064/1064/1064 
f 1064/1064/1064 1065/1065/1065 1066/1066/1066 
f 1065/1065/1065 1067/1067/1067 1066/1066/1066 
f 1066/1066/1066 1067/1067/1067 1068/1068/1068 
f 1067/1067/1067 1069/1069/1069 1068/1068/1068 
f 1068/1068/1068 1069/1069/1069 1070/1070/1070 
f 1069/1069/1069 1071/1071/1071 1070/1070/1070 
f 1070/1070/1070 1071/1071/1071 1072/1072/1072 
f 1071/1071/1071 1073/1073/1073 1072/1072/1072 
f 1072/1072/1072 1073/1073/1073 1074/1074/1074 
f 1073/1073/1073 1075/1075/1075 1074/1074/1074 
f 1074/1074/1074 1075/1075/1075 1076/1076/1076 
f 1075/1075/1075 1077/1077/1077 1076/1076/1076 
f 1076/1076/1076 1077/1077/1077 1078/1078/1078 
f 1077/1077/1077 1079/1079/1079 1078/1078/1078 
f 1078/1078/1078 1079/1079/1079 1080/1080/1080 
f 1079/1079/1079 1081/1081/1081 1080/1080/1080 
f 1080/1080/1080 1081/1081/1081 1082/1082/1082 
f 1081/1081/1081 1083/1083/1083 1082/1082/1082 
f 1082/1082/1082 1083/1083/1083 1084/1084/1084 
f 1083/1083/1083 1085/1085/1085 1084/1084/1084 
f 1084/1084/1084 1085/1085/1085 1086/1086/1086 
f 1085/1085/1085 1087/1087/1087 1086/1086/1086 
f 1086/1086/1086 1087/1087/1087 1088/1088/1088 
f 1087/1087/1087 1089/1089/1089 1088/1088/1088 
f 1088/1088/1088 1089/1089/1089 1090/1090/1090 
f 1089/1089/1089 1091/1091/1091 1090/1090/1090 
f 1090/1090/1090 1091/1091/1091 1092/1092/1092 
f 1091/1091/1091 1093/1093/1093 1092/1092/1092 
f 1092/1092/1092 1093/1093/1093 1094/1094/1094 
f 1093/1093/1093 1095/1095/1095 1094/1094/1094 
f 1094/1094/1094 1095/1095/1095 1096/1096/1096 
f 1095/1095/1095 1097/1097/1097 1096/1096/1096 
f 1096/1096/1096 1097/1097/1097 1098/1098/1098 
f 1097/1097/1097 1099/1099/1099 1098/1098/1098 
f 1098/1098/1098 1099/1099/1099 1100/1100/1100 
f 1099/1099/1099 1008/1008/1008 1100/1100/1100 
f 1100/1100/1100 1008/1008/1008 1100/1100/1100 
f 1008/1008/1008 1006/1006/1006 1100/1100/1100 
f 1100/1100/1100 1006/1006/1006 1100/1100/1100 
f 1006/1006/1006 1101/1101/1101 1100/1100/1100 
f 1100/1100/1100 1101/1101/1101 1100/1100/1100 
f 1101/1101/1101 1102/1102/1102 1100/1100/1100 
f 1100/1100/1100 1102/1102/1102 1098/1098/1098 
f 1102/1102/1102 1103/1103/1103 1098/1098/1098 
f 1098/1098/1098 1103/1103/1103 1096/1096/1096 
f 1103/1103/1103 1104/1104/1104 1096/1096/1096 
f 1096/1096/1096 1104/1104/1104 1094/1094/1094 
f 1104/1104/1104 1105/1105/1105 1094/1094/1094 
f 1094/1094/1094 1105/1105/1105 1092/1092/1092 
f 1105/1105/1105 1106/1106/1106 1092/1092/1092 
f 1092/1092/1092 1106/1106/1106 1090/1090/1090 
f 1106/1106/1106 1107/1107/1107 1090/1090/1090 
f 1090/1090/1090 1107/1107/1107 1088/1088/1088 
f 1107/1107/1107 1108/1108/1108 1088/1088/1088 
f 1088/1088/1088 1108/1108/1108 1086/1086/1086 
f 1108/1108/1108 1109/1109/1109 1086/1086/1086 
f 1086/1086/1086 1109/1109/1109 1084/1084/1084 
f 1109/1109/1109 1110/1110/1110 1084/1084/1084 
f 1084/1084/1084 1110/1110/1110 1082/1082/1082 
f 1110/1110/1110 1111/1111/1111 1082/1082/1082 
f 1082/1082/1082 1111/1111/1111 1080/1080/1080 
f 1111/1111/1111 1112/1112/1112 1080/1080/1080 
f 1080/1080/1080 1112/1112/1112 1078/1078/1078 
f 1112/1112/1112 1113/1113/1113 1078/1078/1078 
f 1078/1078/1078 1113/1113/1113 1076/1076/1076 
f 1113/1113/1113 1114/1114/1114 1076/1076/1076 
f 1076/1076/1076 1114/1114/1114 1074/1074/1074 
f 1114/1114/1114 1115/1115/1115 1074/1074/1074 
f 1074/1074/1074 1115/1115/1115 1072/1072/1072 
f 1115/1115/1115 1116/1116/1116 1072/1072/1072 
f 1072/1072/1072 1116/1116/1116 1070/1070/1070 
f 1116/1116/1116 1117/1117/1117 1070/1070/1070 
f 1070/1070/1070 1117/1117/1117 1068/1068/1068 
f 1117/1117/1117 1118/1118/1118 1068/1068/1068 
f 1068/1068/1068 1118/1118/1118 1066/1066/1066 
f 1118/1118/1118 1119/1119/1119 1066/1066/1066 
f 1066/1066/1066 1119/1119/1119 1064/1064/1064 
f 1119/1119/1119 1120/1120/1120 1064/1064/1064 
f 1064/1064/1064 1120/1120/1120 1062/1062/1062 
f 1120/1120/1120 1121/1121/1121 1062/1062/1062 
f 1062/1062/1062 1121/1121/1121 1060/1060/1060 
f 1121/1121/1121 1122/1122/1122 1060/1060/1060 
f 1060/1060/1060 1122/1122/1122 1058/1058/1058 
f 1122/1122/1122 1123/1123/1123 1058/1058/1058 
f 1058/1058/1058 1123/1123/1123 1056/1056/1056 
f 1123/1123/1123 1124/1124/1124 1056/1056/1056 
f 1056/1056/1056 1124/1124/1124 1054/1054/1054 
f 1124/1124/1124 1125/1125/1125 1054/1054/1054 
f 1054/1054/1054 1125/1125/1125 1052/1052/1052 
f 1125/1125/1125 1126/1126/1126 1052/1052/1052 
f 1052/1052/1052 1126/1126/1126 1050/1050/1050 
f 1126/1126/1126 1127/1127/1127 1050/1050/1050 
f 1050/1050/1050 1127/1127/1127 1048/1048/1048 
f 1127/1127/1127 1128/1128/1128 1048/1048/1048 
f 1048/1048/1048 1128/1128/1128 1046/1046/1046 
f 1128/1128/1128 1129/1129/1129 1046/1046/1046 
f 1046/1046/1046 1129/1129/1129 1044/1044/1044 
f 1129/1129/1129 1130/1130/1130 1044/1044/1044 
f 1044/1044/1044 1130/1130/1130 1042/1042/1042 
f 1130/1130/1130 1131/1131/1131 1042/1042/1042 
f 1042/1042/1042 1131/1131/1131 1040/1040/1040 
f 1131/1131/1131 1132/1132/1132 1040/1040/1040 
f 1040/1040/1040 1132/1132/1132 1038/1038/1038 
f 1132/1132/1132 1133/1133/1133 1038/1038/1038 
f 1038/1038/1038 1133/1133/1133 1036/1036/1036 
f 1133/1133/1133 1134/1134/1134 1036/1036/1036 
f 1036/1036/1036 1134/1134/1134 1034/1034/1034 
f 1134/1134/1134 1135/1135/1135 1034/1034/1034 
f 1034/1034/1034 1135/1135/1135 1032/1032/1032 
f 1135/1135/1135 1136/1136/1136 1032/1032/1032 
f 1032/1032/1032 1136/1136/1136 1030/1030/1030 
f 1136/1136/1136 1137/1137/1137 1030/1030/1030 
f 1030/1030/1030 1137/1137/1137 1028/1028/1028 
f 1137/1137/1137 1138/1138/1138 1028/1028/1028 
f 1028/1028/1028 1138/1138/1138 1026/1026/1026 
f 1138/1138/1138 1139/1139/1139 1026/1026/1026 
f 1026/1026/1026 1139/1139/1139 1024/1024/1024 
f 1139/1139/1139 1140/1140/1140 1024/1024/1024 
f 1024/1024/1024 1140/1140/1140 1022/1022/1022 
f 1140/1140/1140 1141/1141/1141 1022/1022/1022 
f 1022/1022/1022 1141/1141/1141 1020/1020/1020 
f 1141/1141/1141 1142/1142/1142 1020/1020/1020 
f 1020/1020/1020 1142/1142/1142 1018/1018/1018 
f 1142/1142/1142 1143/1143/1143 1018/1018/1018 
f 1018/1018/1018 1143/1143/1143 1016/1016/1016 
f 1143/1143/1143 1144/1144/1144 1016/1016/1016 
f 1016/1016/1016 1144/1144/1144 1014/1014/1014 
f 1144/1144/1144 1145/1145/1145 1014/1014/1014 
f 1014/1014/1014 1145/1145/1145 1012/1012/1012 
f 1145/1145/1145 1146/1146/1146 1012/1012/1012 
f 1012/1012/1012 1146/1146/1146 1010/1010/1010 
f 1146/1146/1146 1147/1147/1147 1010/1010/1010 
f 1010/1010/1010 1147/1147/1147 1005/1005/1005 
f 1147/1147/1147 1148/1148/1148 1005/1005/1005 
f 1005/1005/1005 1148/1148/1148 1006/1006/1006 
f 1148/1148/1148 1101/1101/1101 1006/1006/1006 

