mtllib model_13.mtl
o model_13
v 0.4723503887653351 -4.716599941253662 -0.4821207821369171 
v 0.468748539686203 -4.702566623687744 -0.4729304313659668 
v 0.46828675270080566 -4.718061923980713 -0.4820650815963745 
v 0.4645925462245941 -4.704028606414795 -0.4728747308254242 
v 0.46422314643859863 -4.68616247177124 -0.46982982754707336 
v 0.46006715297698975 -4.687623977661133 -0.4697648584842682 
v 0.45951300859451294 -4.670114994049072 -0.4725405275821686 
v 0.45535704493522644 -4.671576976776123 -0.4724755585193634 
v 0.45507997274398804 -4.657153606414795 -0.48046836256980896 
v 0.4510163366794586 -4.658615589141846 -0.4804033935070038 
v 0.4457520842552185 -4.6446146965026855 -0.49334412813186646 
v 0.4499080777168274 -4.643153190612793 -0.493409126996994 
v 0.47512105107307434 -4.7273850440979 -0.4949779808521271 
v 0.4710574150085449 -4.728846549987793 -0.4949222803115845 
v 0.4728121757507324 -4.735830783843994 -0.5094226002693176 
v 0.47687578201293945 -4.734368801116943 -0.5094783306121826 
v 0.47604459524154663 -4.747719764709473 -0.5449957251548767 
v 0.48010823130607605 -4.74625825881958 -0.5450514554977417 
v 0.47244274616241455 -4.722674369812012 -0.5407533645629883 
v 0.4707803428173065 -4.714975833892822 -0.5148718357086182 
v 0.46662437915802 -4.716437816619873 -0.5148161053657532 
v 0.4656084477901459 -4.711857318878174 -0.5034163594245911 
v 0.46976444125175476 -4.710395336151123 -0.503472089767456 
v 0.46422314643859863 -4.70584774017334 -0.4925365149974823 
v 0.46837911009788513 -4.704385757446289 -0.4925921857357025 
v 0.4617295563220978 -4.6963300704956055 -0.4854627251625061 
v 0.4658855199813843 -4.694868087768555 -0.4855276942253113 
v 0.459051251411438 -4.686487197875977 -0.4827148914337158 
v 0.4632072150707245 -4.685025215148926 -0.4827798902988434 
v 0.4557264447212219 -4.675539970397949 -0.4845529794692993 
v 0.45979008078575134 -4.674077987670898 -0.4846179485321045 
v 0.4522169530391693 -4.664820194244385 -0.4891667068004608 
v 0.4563729465007782 -4.663325786590576 -0.489231675863266 
v 0.4477839171886444 -4.652930736541748 -0.5001951456069946 
v 0.4519398808479309 -4.6514692306518555 -0.5002601146697998 
v 0.46828675270080566 -4.7241363525390625 -0.5406883358955383 
v 0.4519398808479309 -4.6514692306518555 -0.5002601146697998 
v 0.4499080777168274 -4.643153190612793 -0.493409126996994 
v 0.4563729465007782 -4.663325786590576 -0.489231675863266 
v 0.45507997274398804 -4.657153606414795 -0.48046836256980896 
v 0.45979008078575134 -4.674077987670898 -0.4846179485321045 
v 0.45951300859451294 -4.670114994049072 -0.4725405275821686 
v 0.4632072150707245 -4.685025215148926 -0.4827798902988434 
v 0.46422314643859863 -4.68616247177124 -0.46982982754707336 
v 0.468748539686203 -4.702566623687744 -0.4729304313659668 
v 0.4658855199813843 -4.694868087768555 -0.4855276942253113 
v 0.4723503887653351 -4.716599941253662 -0.4821207821369171 
v 0.46837911009788513 -4.704385757446289 -0.4925921857357025 
v 0.47512105107307434 -4.7273850440979 -0.4949779808521271 
v 0.46976444125175476 -4.710395336151123 -0.503472089767456 
v 0.47687578201293945 -4.734368801116943 -0.5094783306121826 
v 0.4707803428173065 -4.714975833892822 -0.5148718357086182 
v 0.47244274616241455 -4.722674369812012 -0.5407533645629883 
v 0.48010823130607605 -4.74625825881958 -0.5450514554977417 
v 0.4510163366794586 -4.658615589141846 -0.4804033935070038 
v 0.4557264447212219 -4.675539970397949 -0.4845529794692993 
v 0.45535704493522644 -4.671576976776123 -0.4724755585193634 
v 0.459051251411438 -4.686487197875977 -0.4827148914337158 
v 0.46006715297698975 -4.687623977661133 -0.4697648584842682 
v 0.4617295563220978 -4.6963300704956055 -0.4854627251625061 
v 0.4645925462245941 -4.704028606414795 -0.4728747308254242 
v 0.46422314643859863 -4.70584774017334 -0.4925365149974823 
v 0.46828675270080566 -4.718061923980713 -0.4820650815963745 
v 0.4656084477901459 -4.711857318878174 -0.5034163594245911 
v 0.4710574150085449 -4.728846549987793 -0.4949222803115845 
v 0.46662437915802 -4.716437816619873 -0.5148161053657532 
v 0.4728121757507324 -4.735830783843994 -0.5094226002693176 
v 0.46828675270080566 -4.7241363525390625 -0.5406883358955383 
v 0.47604459524154663 -4.747719764709473 -0.5449957251548767 
v 0.4522169530391693 -4.664820194244385 -0.4891667068004608 
v 0.4457520842552185 -4.6446146965026855 -0.49334412813186646 
v 0.4477839171886444 -4.652930736541748 -0.5001951456069946 
v 0.7317761182785034 -3.9907383918762207 -0.38695889711380005 
v 0.7353780269622803 -3.9897964000701904 -0.3874601721763611 
v 0.7305755019187927 -3.9999313354492188 -0.39298367500305176 
v 0.7341774106025696 -3.9989893436431885 -0.3934849798679352 
v 0.729282557964325 -4.018382549285889 -0.4082730710506439 
v 0.7327920794487 -4.017440319061279 -0.4087650775909424 
v 0.7265118956565857 -4.0296220779418945 -0.4266073703765869 
v 0.7320532202720642 -3.9789464473724365 -0.38202953338623047 
v 0.7355626821517944 -3.9780044555664062 -0.3825308084487915 
v 0.7310373187065125 -3.965465545654297 -0.37909603118896484 
v 0.7345467805862427 -3.9645235538482666 -0.37959733605384827 
v 0.7319608330726624 -3.950652837753296 -0.3796716034412384 
v 0.7284513711929321 -3.951594829559326 -0.379170298576355 
v 0.7283589839935303 -3.9384710788726807 -0.3823915719985962 
v 0.7248495221138 -3.939413070678711 -0.3818809986114502 
v 0.7242030501365662 -3.92999267578125 -0.38720953464508057 
v 0.7206935286521912 -3.930967330932617 -0.38669896125793457 
v 0.7158910632133484 -3.9240481853485107 -0.39448755979537964 
v 0.7194005250930786 -3.9231059551239014 -0.39499813318252563 
v 0.7230023741722107 -3.9455525875091553 -0.38704243302345276 
v 0.729097843170166 -3.9529266357421875 -0.3857056796550751 
v 0.725588321685791 -3.9538686275482178 -0.38520437479019165 
v 0.7304831743240356 -3.961469888687134 -0.3860677182674408 
v 0.7269736528396606 -3.962412118911743 -0.3855664134025574 
v 0.7310373187065125 -3.970825433731079 -0.38843491673469543 
v 0.7275277972221375 -3.9718000888824463 -0.3879336416721344 
v 0.7301137447357178 -3.9783294200897217 -0.39287227392196655 
v 0.7266042828559875 -3.979271411895752 -0.3923709988594055 
v 0.7289131283760071 -3.9848263263702393 -0.39768096804618835 
v 0.725311279296875 -3.9857683181762695 -0.3971889615058899 
v 0.7282666563987732 -3.996715545654297 -0.4082266688346863 
v 0.7247571349143982 -3.997689962387085 -0.4077160954475403 
v 0.7254959940910339 -4.007955074310303 -0.4265609383583069 
v 0.7219864726066589 -4.008897304534912 -0.42605966329574585 
v 0.7252189517021179 -4.017862796783447 -0.4488498568534851 
v 0.7217094302177429 -4.0188374519348145 -0.4483392834663391 
v 0.7266042828559875 -3.944578170776367 -0.3875437378883362 
v 0.7199546694755554 -3.9380812644958496 -0.39013373851776123 
v 0.7234641909599304 -3.9371068477630615 -0.39063504338264465 
v 0.7160757780075073 -3.932429075241089 -0.39516523480415344 
v 0.7195852398872375 -3.9314544200897217 -0.39567580819129944 
v 0.7234641909599304 -3.9371068477630615 -0.39063504338264465 
v 0.7266042828559875 -3.944578170776367 -0.3875437378883362 
v 0.7283589839935303 -3.9384710788726807 -0.3823915719985962 
v 0.729097843170166 -3.9529266357421875 -0.3857056796550751 
v 0.7319608330726624 -3.950652837753296 -0.3796716034412384 
v 0.7345467805862427 -3.9645235538482666 -0.37959733605384827 
v 0.7304831743240356 -3.961469888687134 -0.3860677182674408 
v 0.7310373187065125 -3.970825433731079 -0.38843491673469543 
v 0.7355626821517944 -3.9780044555664062 -0.3825308084487915 
v 0.7353780269622803 -3.9897964000701904 -0.3874601721763611 
v 0.7301137447357178 -3.9783294200897217 -0.39287227392196655 
v 0.7289131283760071 -3.9848263263702393 -0.39768096804618835 
v 0.7341774106025696 -3.9989893436431885 -0.3934849798679352 
v 0.7282666563987732 -3.996715545654297 -0.4082266688346863 
v 0.7327920794487 -4.017440319061279 -0.4087650775909424 
v 0.7300214171409607 -4.028679847717285 -0.42710864543914795 
v 0.7254959940910339 -4.007955074310303 -0.4265609383583069 
v 0.7297443151473999 -4.03858757019043 -0.4493882656097412 
v 0.7252189517021179 -4.017862796783447 -0.4488498568534851 
v 0.7242030501365662 -3.92999267578125 -0.38720953464508057 
v 0.7194005250930786 -3.9231059551239014 -0.39499813318252563 
v 0.7195852398872375 -3.9314544200897217 -0.39567580819129944 
v 0.7262348532676697 -4.039529800415039 -0.44889625906944275 
v 0.7265118956565857 -4.0296220779418945 -0.4266073703765869 
v 0.7217094302177429 -4.0188374519348145 -0.4483392834663391 
v 0.7219864726066589 -4.008897304534912 -0.42605966329574585 
v 0.729282557964325 -4.018382549285889 -0.4082730710506439 
v 0.7247571349143982 -3.997689962387085 -0.4077160954475403 
v 0.7305755019187927 -3.9999313354492188 -0.39298367500305176 
v 0.725311279296875 -3.9857683181762695 -0.3971889615058899 
v 0.7317761182785034 -3.9907383918762207 -0.38695889711380005 
v 0.7266042828559875 -3.979271411895752 -0.3923709988594055 
v 0.7320532202720642 -3.9789464473724365 -0.38202953338623047 
v 0.7275277972221375 -3.9718000888824463 -0.3879336416721344 
v 0.7310373187065125 -3.965465545654297 -0.37909603118896484 
v 0.7269736528396606 -3.962412118911743 -0.3855664134025574 
v 0.7284513711929321 -3.951594829559326 -0.379170298576355 
v 0.725588321685791 -3.9538686275482178 -0.38520437479019165 
v 0.7248495221138 -3.939413070678711 -0.3818809986114502 
v 0.7230023741722107 -3.9455525875091553 -0.38704243302345276 
v 0.7206935286521912 -3.930967330932617 -0.38669896125793457 
v 0.7199546694755554 -3.9380812644958496 -0.39013373851776123 
v 0.7158910632133484 -3.9240481853485107 -0.39448755979537964 
v 0.7160757780075073 -3.932429075241089 -0.39516523480415344 
v 0.7300214171409607 -4.028679847717285 -0.42710864543914795 
v 0.7262348532676697 -4.039529800415039 -0.44889625906944275 
v 0.7297443151473999 -4.03858757019043 -0.4493882656097412 
v 0.7297443151473999 -4.03858757019043 -0.4493882656097412 
v 0.7252189517021179 -4.017862796783447 -0.4488498568534851 
v 0.7262348532676697 -4.039529800415039 -0.44889625906944275 
v 0.7217094302177429 -4.0188374519348145 -0.4483392834663391 
v -1.2817518711090088 -4.0160112380981445 -0.5937603116035461 
v -1.2820290327072144 -4.010716438293457 -0.5728917121887207 
v -1.2782424688339233 -4.017050743103027 -0.5935653448104858 
v -1.2784271240234375 -4.011755466461182 -0.5726967453956604 
v -1.2860002517700195 -3.9976251125335693 -0.5528678894042969 
v -1.2824907302856445 -3.998664617538452 -0.5526636838912964 
v -1.287200927734375 -3.990640878677368 -0.5443923473358154 
v -1.28369140625 -3.991680383682251 -0.5441881418228149 
v -1.283968448638916 -3.981870174407959 -0.5360003709793091 
v -1.287477970123291 -3.9807982444763184 -0.5361952781677246 
v -1.2829525470733643 -3.969851016998291 -0.5292050838470459 
v -1.2864620685577393 -3.968811511993408 -0.5293999910354614 
v -1.283968448638916 -3.9555253982543945 -0.5253711342811584 
v -1.280458927154541 -3.9565649032592773 -0.5251668691635132 
v -1.2803665399551392 -3.9430840015411377 -0.5243592262268066 
v -1.2768571376800537 -3.9441232681274414 -0.5241550207138062 
v -1.2763029336929321 -3.9335334300994873 -0.5264479517936707 
v -1.2727011442184448 -3.934605598449707 -0.5262529850006104 
v -1.267898678779602 -3.9090077877044678 -0.5370771884918213 
v -1.2715004682540894 -3.907968282699585 -0.5372814536094666 
v -1.2715928554534912 -3.932429075241089 -0.5349699258804321 
v -1.2755640745162964 -3.9393157958984375 -0.531832218170166 
v -1.2680833339691162 -3.9335010051727295 -0.5347656607627869 
v -1.272054672241211 -3.940387725830078 -0.5316279530525208 
v -1.2786118984222412 -3.9473717212677 -0.5310895442962646 
v -1.2751023769378662 -3.94844388961792 -0.5308945775032043 
v -1.281105399131775 -3.9559152126312256 -0.5318043231964111 
v -1.2775959968566895 -3.9569547176361084 -0.5316094160079956 
v -1.2824907302856445 -3.9639713764190674 -0.5346728563308716 
v -1.2789812088012695 -3.96501088142395 -0.5344778895378113 
v -1.2829525470733643 -3.972222328186035 -0.5397136211395264 
v -1.2794430255889893 -3.973261833190918 -0.5395094156265259 
v -1.2820290327072144 -3.978069543838501 -0.5461747050285339 
v -1.2785195112228394 -3.979109048843384 -0.5459612011909485 
v -1.280735969543457 -3.982844591140747 -0.5526822209358215 
v -1.2772265672683716 -3.98388409614563 -0.5524872541427612 
v -1.2775959968566895 -3.991095781326294 -0.5662356615066528 
v -1.2739940881729126 -3.9921352863311768 -0.5660314559936523 
v -1.2773188352584839 -3.9963905811309814 -0.5871135592460632 
v -1.2738094329833984 -3.9974300861358643 -0.586899995803833 
v -1.2715928554534912 -3.932429075241089 -0.5349699258804321 
v -1.2755640745162964 -3.9393157958984375 -0.531832218170166 
v -1.2715004682540894 -3.907968282699585 -0.5372814536094666 
v -1.2763029336929321 -3.9335334300994873 -0.5264479517936707 
v -1.2803665399551392 -3.9430840015411377 -0.5243592262268066 
v -1.2786118984222412 -3.9473717212677 -0.5310895442962646 
v -1.281105399131775 -3.9559152126312256 -0.5318043231964111 
v -1.283968448638916 -3.9555253982543945 -0.5253711342811584 
v -1.2864620685577393 -3.968811511993408 -0.5293999910354614 
v -1.2824907302856445 -3.9639713764190674 -0.5346728563308716 
v -1.2829525470733643 -3.972222328186035 -0.5397136211395264 
v -1.287477970123291 -3.9807982444763184 -0.5361952781677246 
v -1.287200927734375 -3.990640878677368 -0.5443923473358154 
v -1.2820290327072144 -3.978069543838501 -0.5461747050285339 
v -1.280735969543457 -3.982844591140747 -0.5526822209358215 
v -1.2860002517700195 -3.9976251125335693 -0.5528678894042969 
v -1.2775959968566895 -3.991095781326294 -0.5662356615066528 
v -1.2820290327072144 -4.010716438293457 -0.5728917121887207 
v -1.2817518711090088 -4.0160112380981445 -0.5937603116035461 
v -1.2773188352584839 -3.9963905811309814 -0.5871135592460632 
v -1.2772265672683716 -3.98388409614563 -0.5524872541427612 
v -1.2785195112228394 -3.979109048843384 -0.5459612011909485 
v -1.28369140625 -3.991680383682251 -0.5441881418228149 
v -1.283968448638916 -3.981870174407959 -0.5360003709793091 
v -1.2794430255889893 -3.973261833190918 -0.5395094156265259 
v -1.2829525470733643 -3.969851016998291 -0.5292050838470459 
v -1.2789812088012695 -3.96501088142395 -0.5344778895378113 
v -1.280458927154541 -3.9565649032592773 -0.5251668691635132 
v -1.2775959968566895 -3.9569547176361084 -0.5316094160079956 
v -1.2768571376800537 -3.9441232681274414 -0.5241550207138062 
v -1.2751023769378662 -3.94844388961792 -0.5308945775032043 
v -1.2727011442184448 -3.934605598449707 -0.5262529850006104 
v -1.272054672241211 -3.940387725830078 -0.5316279530525208 
v -1.267898678779602 -3.9090077877044678 -0.5370771884918213 
v -1.2680833339691162 -3.9335010051727295 -0.5347656607627869 
v -1.2824907302856445 -3.998664617538452 -0.5526636838912964 
v -1.2739940881729126 -3.9921352863311768 -0.5660314559936523 
v -1.2784271240234375 -4.011755466461182 -0.5726967453956604 
v -1.2738094329833984 -3.9974300861358643 -0.586899995803833 
v -1.2782424688339233 -4.017050743103027 -0.5935653448104858 
v -1.2738094329833984 -3.9974300861358643 -0.586899995803833 
v -1.2782424688339233 -4.017050743103027 -0.5935653448104858 
v -1.2773188352584839 -3.9963905811309814 -0.5871135592460632 
v -1.2817518711090088 -4.0160112380981445 -0.5937603116035461 
v 1.303454875946045 -3.75093936920166 -0.4665714502334595 
v 1.3022541999816895 -3.760132312774658 -0.4725962281227112 
v 1.3069642782211304 -3.749997138977051 -0.4670727252960205 
v 1.3057637214660645 -3.759190320968628 -0.4731068015098572 
v 1.3008688688278198 -3.778583288192749 -0.48788562417030334 
v 1.3043783903121948 -3.7776412963867188 -0.4883776307106018 
v 1.2980982065200806 -3.789823055267334 -0.5062291622161865 
v 1.303639531135559 -3.739147424697876 -0.46165135502815247 
v 1.307149052619934 -3.7382054328918457 -0.4621526598930359 
v 1.3026236295700073 -3.725698947906494 -0.45870858430862427 
v 1.3061331510543823 -3.724724531173706 -0.4592098891735077 
v 1.303639531135559 -3.7108535766601562 -0.4592934250831604 
v 1.3000377416610718 -3.7117955684661865 -0.4587828516960144 
v 1.29994535446167 -3.69867205619812 -0.4620041251182556 
v 1.296435832977295 -3.6996140480041504 -0.4614935517311096 
v 1.295789361000061 -3.6901936531066895 -0.46682208776474 
v 1.292279839515686 -3.6911680698394775 -0.466311514377594 
v 1.2875697612762451 -3.684248924255371 -0.47410011291503906 
v 1.2910792827606201 -3.683306932449341 -0.47461068630218506 
v 1.2946810722351074 -3.7057535648345947 -0.4666549861431122 
v 1.300776481628418 -3.713127613067627 -0.4653182029724121 
v 1.2971746921539307 -3.7140696048736572 -0.46482619643211365 
v 1.3021618127822876 -3.7216708660125732 -0.4656802713871002 
v 1.2985600233078003 -3.7226128578186035 -0.4651789665222168 
v 1.3026236295700073 -3.7310588359832764 -0.46804746985435486 
v 1.2991141080856323 -3.7320008277893066 -0.4675461947917938 
v 1.3017923831939697 -3.738530158996582 -0.472484827041626 
v 1.2982829809188843 -3.7394723892211914 -0.47198355197906494 
v 1.300499439239502 -3.7450270652770996 -0.4772935211658478 
v 1.296989917755127 -3.74596905708313 -0.4768015146255493 
v 1.299852967262268 -3.756948947906494 -0.4878392219543457 
v 1.296343445777893 -3.7578909397125244 -0.4873286485671997 
v 1.2971746921539307 -3.768156051635742 -0.5061734914779663 
v 1.2935727834701538 -3.7690980434417725 -0.5056722164154053 
v 1.2968976497650146 -3.7780635356903076 -0.5284624099731445 
v 1.2933881282806396 -3.779038190841675 -0.5279518365859985 
v 1.2981905937194824 -3.7047791481018066 -0.4671562910079956 
v 1.2915409803390503 -3.698282241821289 -0.46974629163742065 
v 1.2951428890228271 -3.697307586669922 -0.4702475965023041 
v 1.287662148475647 -3.6926300525665283 -0.47477778792381287 
v 1.2911715507507324 -3.691687822341919 -0.47528836131095886 
v 1.2951428890228271 -3.697307586669922 -0.4702475965023041 
v 1.2981905937194824 -3.7047791481018066 -0.4671562910079956 
v 1.29994535446167 -3.69867205619812 -0.4620041251182556 
v 1.300776481628418 -3.713127613067627 -0.4653182029724121 
v 1.303639531135559 -3.7108535766601562 -0.4592934250831604 
v 1.3061331510543823 -3.724724531173706 -0.4592098891735077 
v 1.3021618127822876 -3.7216708660125732 -0.4656802713871002 
v 1.3026236295700073 -3.7310588359832764 -0.46804746985435486 
v 1.307149052619934 -3.7382054328918457 -0.4621526598930359 
v 1.3069642782211304 -3.749997138977051 -0.4670727252960205 
v 1.3017923831939697 -3.738530158996582 -0.472484827041626 
v 1.300499439239502 -3.7450270652770996 -0.4772935211658478 
v 1.3057637214660645 -3.759190320968628 -0.4731068015098572 
v 1.299852967262268 -3.756948947906494 -0.4878392219543457 
v 1.3043783903121948 -3.7776412963867188 -0.4883776307106018 
v 1.3016077280044556 -3.7888808250427246 -0.5067211985588074 
v 1.2971746921539307 -3.768156051635742 -0.5061734914779663 
v 1.3014230728149414 -3.798788547515869 -0.5290008187294006 
v 1.2968976497650146 -3.7780635356903076 -0.5284624099731445 
v 1.295789361000061 -3.6901936531066895 -0.46682208776474 
v 1.2910792827606201 -3.683306932449341 -0.47461068630218506 
v 1.2911715507507324 -3.691687822341919 -0.47528836131095886 
v 1.2978211641311646 -3.7997307777404785 -0.5285088419914246 
v 1.2980982065200806 -3.789823055267334 -0.5062291622161865 
v 1.2933881282806396 -3.779038190841675 -0.5279518365859985 
v 1.2935727834701538 -3.7690980434417725 -0.5056722164154053 
v 1.3008688688278198 -3.778583288192749 -0.48788562417030334 
v 1.296343445777893 -3.7578909397125244 -0.4873286485671997 
v 1.3022541999816895 -3.760132312774658 -0.4725962281227112 
v 1.296989917755127 -3.74596905708313 -0.4768015146255493 
v 1.303454875946045 -3.75093936920166 -0.4665714502334595 
v 1.2982829809188843 -3.7394723892211914 -0.47198355197906494 
v 1.303639531135559 -3.739147424697876 -0.46165135502815247 
v 1.2991141080856323 -3.7320008277893066 -0.4675461947917938 
v 1.3026236295700073 -3.725698947906494 -0.45870858430862427 
v 1.2985600233078003 -3.7226128578186035 -0.4651789665222168 
v 1.3000377416610718 -3.7117955684661865 -0.4587828516960144 
v 1.2971746921539307 -3.7140696048736572 -0.46482619643211365 
v 1.296435832977295 -3.6996140480041504 -0.4614935517311096 
v 1.2946810722351074 -3.7057535648345947 -0.4666549861431122 
v 1.292279839515686 -3.6911680698394775 -0.466311514377594 
v 1.2915409803390503 -3.698282241821289 -0.46974629163742065 
v 1.2875697612762451 -3.684248924255371 -0.47410011291503906 
v 1.287662148475647 -3.6926300525665283 -0.47477778792381287 
v 1.3016077280044556 -3.7888808250427246 -0.5067211985588074 
v 1.2978211641311646 -3.7997307777404785 -0.5285088419914246 
v 1.3014230728149414 -3.798788547515869 -0.5290008187294006 
v 1.3014230728149414 -3.798788547515869 -0.5290008187294006 
v 1.2968976497650146 -3.7780635356903076 -0.5284624099731445 
v 1.2978211641311646 -3.7997307777404785 -0.5285088419914246 
v 1.2933881282806396 -3.779038190841675 -0.5279518365859985 
v 1.2763947248458862 -4.0160112380981445 -0.5937603116035461 
v 1.2728853225708008 -4.017050743103027 -0.5935653448104858 
v 1.2766718864440918 -4.010716438293457 -0.5728917121887207 
v 1.273069977760315 -4.011755466461182 -0.5726967453956604 
v 1.280643105506897 -3.9976251125335693 -0.5528678894042969 
v 1.277133584022522 -3.998664617538452 -0.5526636838912964 
v 1.281843662261963 -3.990640878677368 -0.5443923473358154 
v 1.2783342599868774 -3.991680383682251 -0.5441881418228149 
v 1.2786113023757935 -3.981870174407959 -0.5360003709793091 
v 1.2821208238601685 -3.9807982444763184 -0.5361952781677246 
v 1.2775954008102417 -3.969851016998291 -0.5292050838470459 
v 1.2811049222946167 -3.968811511993408 -0.5293999910354614 
v 1.2786113023757935 -3.9555253982543945 -0.5253711342811584 
v 1.2751017808914185 -3.9565649032592773 -0.5251668691635132 
v 1.2750093936920166 -3.9430840015411377 -0.5243592262268066 
v 1.2714999914169312 -3.9441232681274414 -0.5241550207138062 
v 1.2709457874298096 -3.9335334300994873 -0.5264479517936707 
v 1.2673439979553223 -3.934605598449707 -0.5262529850006104 
v 1.2625415325164795 -3.9090077877044678 -0.5370771884918213 
v 1.2661433219909668 -3.907968282699585 -0.5372814536094666 
v 1.2697452306747437 -3.94844388961792 -0.5308945775032043 
v 1.2757482528686523 -3.9559152126312256 -0.5318043231964111 
v 1.2722387313842773 -3.9569547176361084 -0.5316094160079956 
v 1.277133584022522 -3.9639713764190674 -0.5346728563308716 
v 1.273624062538147 -3.96501088142395 -0.5344778895378113 
v 1.2775954008102417 -3.972222328186035 -0.5397136211395264 
v 1.2740858793258667 -3.973261833190918 -0.5395094156265259 
v 1.2766718864440918 -3.978069543838501 -0.5461747050285339 
v 1.2731623649597168 -3.979109048843384 -0.5459612011909485 
v 1.2753788232803345 -3.982844591140747 -0.5526822209358215 
v 1.2718693017959595 -3.98388409614563 -0.5524872541427612 
v 1.2722387313842773 -3.991095781326294 -0.5662356615066528 
v 1.26863694190979 -3.9921352863311768 -0.5660314559936523 
v 1.2719616889953613 -3.9963905811309814 -0.5871135592460632 
v 1.2684521675109863 -3.9974300861358643 -0.586899995803833 
v 1.273254632949829 -3.9473717212677 -0.5310895442962646 
v 1.2666974067687988 -3.940387725830078 -0.5316279530525208 
v 1.2702069282531738 -3.9393157958984375 -0.531832218170166 
v 1.2627261877059937 -3.9335010051727295 -0.5347656607627869 
v 1.2663280963897705 -3.932429075241089 -0.5349699258804321 
v 1.2702069282531738 -3.9393157958984375 -0.531832218170166 
v 1.273254632949829 -3.9473717212677 -0.5310895442962646 
v 1.2750093936920166 -3.9430840015411377 -0.5243592262268066 
v 1.2757482528686523 -3.9559152126312256 -0.5318043231964111 
v 1.2786113023757935 -3.9555253982543945 -0.5253711342811584 
v 1.2811049222946167 -3.968811511993408 -0.5293999910354614 
v 1.277133584022522 -3.9639713764190674 -0.5346728563308716 
v 1.2775954008102417 -3.972222328186035 -0.5397136211395264 
v 1.2821208238601685 -3.9807982444763184 -0.5361952781677246 
v 1.281843662261963 -3.990640878677368 -0.5443923473358154 
v 1.2766718864440918 -3.978069543838501 -0.5461747050285339 
v 1.2753788232803345 -3.982844591140747 -0.5526822209358215 
v 1.280643105506897 -3.9976251125335693 -0.5528678894042969 
v 1.2722387313842773 -3.991095781326294 -0.5662356615066528 
v 1.2766718864440918 -4.010716438293457 -0.5728917121887207 
v 1.2763947248458862 -4.0160112380981445 -0.5937603116035461 
v 1.2719616889953613 -3.9963905811309814 -0.5871135592460632 
v 1.2709457874298096 -3.9335334300994873 -0.5264479517936707 
v 1.2661433219909668 -3.907968282699585 -0.5372814536094666 
v 1.2663280963897705 -3.932429075241089 -0.5349699258804321 
v 1.2728853225708008 -4.017050743103027 -0.5935653448104858 
v 1.273069977760315 -4.011755466461182 -0.5726967453956604 
v 1.2684521675109863 -3.9974300861358643 -0.586899995803833 
v 1.26863694190979 -3.9921352863311768 -0.5660314559936523 
v 1.277133584022522 -3.998664617538452 -0.5526636838912964 
v 1.2718693017959595 -3.98388409614563 -0.5524872541427612 
v 1.2783342599868774 -3.991680383682251 -0.5441881418228149 
v 1.2731623649597168 -3.979109048843384 -0.5459612011909485 
v 1.2786113023757935 -3.981870174407959 -0.5360003709793091 
v 1.2740858793258667 -3.973261833190918 -0.5395094156265259 
v 1.2775954008102417 -3.969851016998291 -0.5292050838470459 
v 1.273624062538147 -3.96501088142395 -0.5344778895378113 
v 1.2751017808914185 -3.9565649032592773 -0.5251668691635132 
v 1.2722387313842773 -3.9569547176361084 -0.5316094160079956 
v 1.2714999914169312 -3.9441232681274414 -0.5241550207138062 
v 1.2697452306747437 -3.94844388961792 -0.5308945775032043 
v 1.2673439979553223 -3.934605598449707 -0.5262529850006104 
v 1.2666974067687988 -3.940387725830078 -0.5316279530525208 
v 1.2625415325164795 -3.9090077877044678 -0.5370771884918213 
v 1.2627261877059937 -3.9335010051727295 -0.5347656607627869 
v 1.2763947248458862 -4.0160112380981445 -0.5937603116035461 
v 1.2719616889953613 -3.9963905811309814 -0.5871135592460632 
v 1.2728853225708008 -4.017050743103027 -0.5935653448104858 
v 1.2684521675109863 -3.9974300861358643 -0.586899995803833 
v 0.8681848049163818 -4.158812046051025 -0.47774839401245117 
v 0.8716942667961121 -4.157870292663574 -0.4782496988773346 
v 0.8669841885566711 -4.168004989624023 -0.4837731719017029 
v 0.8704936504364014 -4.167063236236572 -0.4842744767665863 
v 0.8655988574028015 -4.186456203460693 -0.49906256794929504 
v 0.8691083192825317 -4.185514450073242 -0.4995545744895935 
v 0.8628281950950623 -4.197695732116699 -0.517396867275238 
v 0.868369460105896 -4.14702033996582 -0.4728190302848816 
v 0.871878981590271 -4.146078109741211 -0.4733203053474426 
v 0.8673535585403442 -4.133539199829102 -0.46988552808761597 
v 0.8708630800247192 -4.13259744644165 -0.4703868329524994 
v 0.868369460105896 -4.11872673034668 -0.4704611003398895 
v 0.8647676110267639 -4.119668483734131 -0.4699597954750061 
v 0.8646752834320068 -4.1065449714660645 -0.47317180037498474 
v 0.8611657619476318 -4.107486724853516 -0.4726704955101013 
v 0.860519289970398 -4.098066329956055 -0.4779990315437317 
v 0.8570098280906677 -4.099040985107422 -0.4774884581565857 
v 0.852299690246582 -4.0921220779418945 -0.48527705669403076 
v 0.8558091521263123 -4.091179847717285 -0.48578763008117676 
v 0.8594110608100891 -4.113626480102539 -0.4778319299221039 
v 0.8655064702033997 -4.121000289916992 -0.4764951765537262 
v 0.8619046211242676 -4.121942520141602 -0.4759938716888428 
v 0.8668918013572693 -4.129543781280518 -0.4768572151660919 
v 0.8632899522781372 -4.130486011505127 -0.4763559103012085 
v 0.8673535585403442 -4.138899326324463 -0.47922441363334656 
v 0.863844096660614 -4.13987398147583 -0.4787231385707855 
v 0.8665223717689514 -4.1464033126831055 -0.4836617708206177 
v 0.8630129098892212 -4.147345066070557 -0.48316049575805664 
v 0.8652294278144836 -4.152900218963623 -0.4884704649448395 
v 0.8617199063301086 -4.153841972351074 -0.487978458404541 
v 0.864582896232605 -4.164789199829102 -0.49900686740875244 
v 0.8610734343528748 -4.165763854980469 -0.4985055923461914 
v 0.8619046211242676 -4.176028728485107 -0.517350435256958 
v 0.8583027720451355 -4.176970958709717 -0.516849160194397 
v 0.8616275787353516 -4.185936450958252 -0.5396300554275513 
v 0.8581180572509766 -4.186911106109619 -0.5391287803649902 
v 0.8629205226898193 -4.112651824951172 -0.4783332347869873 
v 0.856270968914032 -4.106154918670654 -0.48092323541641235 
v 0.8598728179931641 -4.105180740356445 -0.4814245402812958 
v 0.8523920178413391 -4.100502967834473 -0.48595473170280457 
v 0.8559015393257141 -4.0995283126831055 -0.4864560067653656 
v 0.8598728179931641 -4.105180740356445 -0.4814245402812958 
v 0.8629205226898193 -4.112651824951172 -0.4783332347869873 
v 0.8646752834320068 -4.1065449714660645 -0.47317180037498474 
v 0.8655064702033997 -4.121000289916992 -0.4764951765537262 
v 0.868369460105896 -4.11872673034668 -0.4704611003398895 
v 0.8708630800247192 -4.13259744644165 -0.4703868329524994 
v 0.8668918013572693 -4.129543781280518 -0.4768572151660919 
v 0.8673535585403442 -4.138899326324463 -0.47922441363334656 
v 0.871878981590271 -4.146078109741211 -0.4733203053474426 
v 0.8716942667961121 -4.157870292663574 -0.4782496988773346 
v 0.8665223717689514 -4.1464033126831055 -0.4836617708206177 
v 0.8652294278144836 -4.152900218963623 -0.4884704649448395 
v 0.8704936504364014 -4.167063236236572 -0.4842744767665863 
v 0.864582896232605 -4.164789199829102 -0.49900686740875244 
v 0.8691083192825317 -4.185514450073242 -0.4995545744895935 
v 0.8663376569747925 -4.196753978729248 -0.5178981423377991 
v 0.8619046211242676 -4.176028728485107 -0.517350435256958 
v 0.8661529421806335 -4.206661701202393 -0.5401777625083923 
v 0.8616275787353516 -4.185936450958252 -0.5396300554275513 
v 0.860519289970398 -4.098066329956055 -0.4779990315437317 
v 0.8558091521263123 -4.091179847717285 -0.48578763008117676 
v 0.8559015393257141 -4.0995283126831055 -0.4864560067653656 
v 0.8625510931015015 -4.207603454589844 -0.5396857857704163 
v 0.8628281950950623 -4.197695732116699 -0.517396867275238 
v 0.8581180572509766 -4.186911106109619 -0.5391287803649902 
v 0.8583027720451355 -4.176970958709717 -0.516849160194397 
v 0.8655988574028015 -4.186456203460693 -0.49906256794929504 
v 0.8610734343528748 -4.165763854980469 -0.4985055923461914 
v 0.8669841885566711 -4.168004989624023 -0.4837731719017029 
v 0.8617199063301086 -4.153841972351074 -0.487978458404541 
v 0.8681848049163818 -4.158812046051025 -0.47774839401245117 
v 0.8630129098892212 -4.147345066070557 -0.48316049575805664 
v 0.868369460105896 -4.14702033996582 -0.4728190302848816 
v 0.863844096660614 -4.13987398147583 -0.4787231385707855 
v 0.8673535585403442 -4.133539199829102 -0.46988552808761597 
v 0.8632899522781372 -4.130486011505127 -0.4763559103012085 
v 0.8647676110267639 -4.119668483734131 -0.4699597954750061 
v 0.8619046211242676 -4.121942520141602 -0.4759938716888428 
v 0.8611657619476318 -4.107486724853516 -0.4726704955101013 
v 0.8594110608100891 -4.113626480102539 -0.4778319299221039 
v 0.8570098280906677 -4.099040985107422 -0.4774884581565857 
v 0.856270968914032 -4.106154918670654 -0.48092323541641235 
v 0.852299690246582 -4.0921220779418945 -0.48527705669403076 
v 0.8523920178413391 -4.100502967834473 -0.48595473170280457 
v 0.8663376569747925 -4.196753978729248 -0.5178981423377991 
v 0.8625510931015015 -4.207603454589844 -0.5396857857704163 
v 0.8661529421806335 -4.206661701202393 -0.5401777625083923 
v 0.8661529421806335 -4.206661701202393 -0.5401777625083923 
v 0.8616275787353516 -4.185936450958252 -0.5396300554275513 
v 0.8625510931015015 -4.207603454589844 -0.5396857857704163 
v 0.8581180572509766 -4.186911106109619 -0.5391287803649902 
v 1.1514381170272827 -4.315613746643066 -0.5480127930641174 
v 1.1470974683761597 -4.316523551940918 -0.5480034947395325 
v 1.149498701095581 -4.3016133308410645 -0.5416909456253052 
v 1.1452503204345703 -4.302555084228516 -0.5416723489761353 
v 1.1470050811767578 -4.284948825836182 -0.5386182069778442 
v 1.1427568197250366 -4.285890579223633 -0.5385996103286743 
v 1.1443268060684204 -4.268381595611572 -0.5388595461845398 
v 1.1399861574172974 -4.2693562507629395 -0.5388410091400146 
v 1.1415561437606812 -4.2547383308410645 -0.5422943234443665 
v 1.13730788230896 -4.255680084228516 -0.5422757863998413 
v 1.1336135864257812 -4.236806869506836 -0.5542975068092346 
v 1.137861967086792 -4.235832214355469 -0.5543160438537598 
v 1.1528234481811523 -4.326106071472168 -0.5561541318893433 
v 1.1485751867294312 -4.327080726623535 -0.5561355948448181 
v 1.1494063138961792 -4.333642482757568 -0.5648989081382751 
v 1.1537470817565918 -4.332700729370117 -0.5649174451828003 
v 1.1510688066482544 -4.344427585601807 -0.5933982729911804 
v 1.1554094552993774 -4.343485355377197 -0.5934168100357056 
v 1.1506069898605347 -4.320486545562744 -0.5898892283439636 
v 1.1499605178833008 -4.312560081481934 -0.5663934946060181 
v 1.14571213722229 -4.313502311706543 -0.5663748979568481 
v 1.1452503204345703 -4.309311866760254 -0.5595703721046448 
v 1.149591088294983 -4.3083696365356445 -0.559579610824585 
v 1.1446962356567383 -4.303594589233398 -0.552932858467102 
v 1.148944616317749 -4.302652835845947 -0.552951455116272 
v 1.1433109045028687 -4.294109344482422 -0.5481706261634827 
v 1.1476516723632812 -4.2931671142578125 -0.5481891632080078 
v 1.1418331861495972 -4.2841691970825195 -0.5458312630653381 
v 1.146081566810608 -4.28322696685791 -0.5458405017852783 
v 1.1398937702178955 -4.272831916809082 -0.5459797382354736 
v 1.1441421508789062 -4.271890163421631 -0.5459983348846436 
v 1.1377695798873901 -4.261624813079834 -0.5477157235145569 
v 1.1420179605484009 -4.260683059692383 -0.547734260559082 
v 1.1348142623901367 -4.2489237785339355 -0.5529792904853821 
v 1.139062523841858 -4.247981548309326 -0.5529978275299072 
v 1.146358609199524 -4.321428298950195 -0.5898706316947937 
v 1.139062523841858 -4.247981548309326 -0.5529978275299072 
v 1.137861967086792 -4.235832214355469 -0.5543160438537598 
v 1.1420179605484009 -4.260683059692383 -0.547734260559082 
v 1.1415561437606812 -4.2547383308410645 -0.5422943234443665 
v 1.1441421508789062 -4.271890163421631 -0.5459983348846436 
v 1.1443268060684204 -4.268381595611572 -0.5388595461845398 
v 1.146081566810608 -4.28322696685791 -0.5458405017852783 
v 1.1470050811767578 -4.284948825836182 -0.5386182069778442 
v 1.149498701095581 -4.3016133308410645 -0.5416909456253052 
v 1.1476516723632812 -4.2931671142578125 -0.5481891632080078 
v 1.1514381170272827 -4.315613746643066 -0.5480127930641174 
v 1.148944616317749 -4.302652835845947 -0.552951455116272 
v 1.1528234481811523 -4.326106071472168 -0.5561541318893433 
v 1.149591088294983 -4.3083696365356445 -0.559579610824585 
v 1.1537470817565918 -4.332700729370117 -0.5649174451828003 
v 1.1499605178833008 -4.312560081481934 -0.5663934946060181 
v 1.1506069898605347 -4.320486545562744 -0.5898892283439636 
v 1.1554094552993774 -4.343485355377197 -0.5934168100357056 
v 1.13730788230896 -4.255680084228516 -0.5422757863998413 
v 1.1398937702178955 -4.272831916809082 -0.5459797382354736 
v 1.1399861574172974 -4.2693562507629395 -0.5388410091400146 
v 1.1418331861495972 -4.2841691970825195 -0.5458312630653381 
v 1.1427568197250366 -4.285890579223633 -0.5385996103286743 
v 1.1433109045028687 -4.294109344482422 -0.5481706261634827 
v 1.1452503204345703 -4.302555084228516 -0.5416723489761353 
v 1.1446962356567383 -4.303594589233398 -0.552932858467102 
v 1.1470974683761597 -4.316523551940918 -0.5480034947395325 
v 1.1452503204345703 -4.309311866760254 -0.5595703721046448 
v 1.1485751867294312 -4.327080726623535 -0.5561355948448181 
v 1.14571213722229 -4.313502311706543 -0.5663748979568481 
v 1.1494063138961792 -4.333642482757568 -0.5648989081382751 
v 1.146358609199524 -4.321428298950195 -0.5898706316947937 
v 1.1510688066482544 -4.344427585601807 -0.5933982729911804 
v 1.1377695798873901 -4.261624813079834 -0.5477157235145569 
v 1.1336135864257812 -4.236806869506836 -0.5542975068092346 
v 1.1348142623901367 -4.2489237785339355 -0.5529792904853821 
v 1.5023878812789917 -4.186001300811768 -0.6251188516616821 
v 1.4982320070266724 -4.187366008758545 -0.6249239444732666 
v 1.4988784790039062 -4.170766353607178 -0.6179894208908081 
v 1.4947224855422974 -4.172130584716797 -0.6177851557731628 
v 1.4946300983428955 -4.154036998748779 -0.6172189116477966 
v 1.4904741048812866 -4.155401229858398 -0.6170239448547363 
v 1.4901970624923706 -4.138444423675537 -0.6221575140953064 
v 1.4860410690307617 -4.139808654785156 -0.6219626069068909 
v 1.4861334562301636 -4.126620292663574 -0.6318584680557251 
v 1.4819774627685547 -4.128016948699951 -0.6316542625427246 
v 1.477174997329712 -4.115835189819336 -0.6464608907699585 
v 1.4813309907913208 -4.114438533782959 -0.6466651558876038 
v 1.505158543586731 -4.198475360870361 -0.6363422274589539 
v 1.501002550125122 -4.1998395919799805 -0.6361380219459534 
v 1.5027573108673096 -4.208773136138916 -0.6495150923728943 
v 1.5069133043289185 -4.207408428192139 -0.6497192978858948 
v 1.5062668323516846 -4.225470066070557 -0.6830830574035645 
v 1.5104228258132935 -4.224105358123779 -0.6832780241966248 
v 1.5031267404556274 -4.2000346183776855 -0.682358980178833 
v 1.5011873245239258 -4.1888275146484375 -0.6577956676483154 
v 1.497031331062317 -4.190191745758057 -0.6576007008552551 
v 1.4960154294967651 -4.184117317199707 -0.6469529271125793 
v 1.500171422958374 -4.182753086090088 -0.6471478343009949 
v 1.4946300983428955 -4.1766462326049805 -0.6370106339454651 
v 1.4987860918045044 -4.175281524658203 -0.6372056007385254 
v 1.4921364784240723 -4.1661858558654785 -0.6313478946685791 
v 1.4962924718856812 -4.164821624755859 -0.6315521001815796 
v 1.4895505905151367 -4.156051158905029 -0.6300111413002014 
v 1.4937065839767456 -4.154686450958252 -0.6302153468132019 
v 1.4864104986190796 -4.1453962326049805 -0.6333808898925781 
v 1.4905664920806885 -4.143999099731445 -0.6335758566856384 
v 1.4831780195236206 -4.1353583335876465 -0.6394706964492798 
v 1.4873340129852295 -4.1339616775512695 -0.6396656036376953 
v 1.4791144132614136 -4.125028610229492 -0.6520772576332092 
v 1.4832704067230225 -4.123631477355957 -0.6522814631462097 
v 1.4989707469940186 -4.201398849487305 -0.6821640133857727 
v 1.4832704067230225 -4.123631477355957 -0.6522814631462097 
v 1.4813309907913208 -4.114438533782959 -0.6466651558876038 
v 1.4873340129852295 -4.1339616775512695 -0.6396656036376953 
v 1.4861334562301636 -4.126620292663574 -0.6318584680557251 
v 1.4905664920806885 -4.143999099731445 -0.6335758566856384 
v 1.4901970624923706 -4.138444423675537 -0.6221575140953064 
v 1.4937065839767456 -4.154686450958252 -0.6302153468132019 
v 1.4946300983428955 -4.154036998748779 -0.6172189116477966 
v 1.4988784790039062 -4.170766353607178 -0.6179894208908081 
v 1.4962924718856812 -4.164821624755859 -0.6315521001815796 
v 1.5023878812789917 -4.186001300811768 -0.6251188516616821 
v 1.4987860918045044 -4.175281524658203 -0.6372056007385254 
v 1.505158543586731 -4.198475360870361 -0.6363422274589539 
v 1.500171422958374 -4.182753086090088 -0.6471478343009949 
v 1.5069133043289185 -4.207408428192139 -0.6497192978858948 
v 1.5011873245239258 -4.1888275146484375 -0.6577956676483154 
v 1.5031267404556274 -4.2000346183776855 -0.682358980178833 
v 1.5104228258132935 -4.224105358123779 -0.6832780241966248 
v 1.4819774627685547 -4.128016948699951 -0.6316542625427246 
v 1.4864104986190796 -4.1453962326049805 -0.6333808898925781 
v 1.4860410690307617 -4.139808654785156 -0.6219626069068909 
v 1.4895505905151367 -4.156051158905029 -0.6300111413002014 
v 1.4904741048812866 -4.155401229858398 -0.6170239448547363 
v 1.4921364784240723 -4.1661858558654785 -0.6313478946685791 
v 1.4947224855422974 -4.172130584716797 -0.6177851557731628 
v 1.4946300983428955 -4.1766462326049805 -0.6370106339454651 
v 1.4982320070266724 -4.187366008758545 -0.6249239444732666 
v 1.4960154294967651 -4.184117317199707 -0.6469529271125793 
v 1.501002550125122 -4.1998395919799805 -0.6361380219459534 
v 1.497031331062317 -4.190191745758057 -0.6576007008552551 
v 1.5027573108673096 -4.208773136138916 -0.6495150923728943 
v 1.4989707469940186 -4.201398849487305 -0.6821640133857727 
v 1.5062668323516846 -4.225470066070557 -0.6830830574035645 
v 1.4831780195236206 -4.1353583335876465 -0.6394706964492798 
v 1.477174997329712 -4.115835189819336 -0.6464608907699585 
v 1.4791144132614136 -4.125028610229492 -0.6520772576332092 
v 0.45655766129493713 -4.493692874908447 -0.526113748550415 
v 0.45304813981056213 -4.49473237991333 -0.5259188413619995 
v 0.45683470368385315 -4.488397598266602 -0.5052451491355896 
v 0.45332521200180054 -4.489437103271484 -0.5050502419471741 
v 0.4608059823513031 -4.475274085998535 -0.48522135615348816 
v 0.4572964906692505 -4.476313591003418 -0.4850171208381653 
v 0.4620065987110138 -4.468289852142334 -0.4767458140850067 
v 0.4584971070289612 -4.469329357147217 -0.47654157876968384 
v 0.4587741792201996 -4.459519386291504 -0.468353807926178 
v 0.4622836709022522 -4.458479881286621 -0.4685487747192383 
v 0.4577582776546478 -4.447532653808594 -0.4615585207939148 
v 0.46126776933670044 -4.446460723876953 -0.4617534875869751 
v 0.4587741792201996 -4.4331746101379395 -0.45772457122802734 
v 0.455264687538147 -4.43424654006958 -0.45752033591270447 
v 0.455264687538147 -4.4207329750061035 -0.4567127227783203 
v 0.4516628384590149 -4.421772480010986 -0.45650848746299744 
v 0.4511086940765381 -4.411215305328369 -0.45880141854286194 
v 0.4475992023944855 -4.412254810333252 -0.458606481552124 
v 0.44288909435272217 -4.403873920440674 -0.46239402890205383 
v 0.4463985860347748 -4.402801513671875 -0.4626075327396393 
v 0.4499080777168274 -4.426093101501465 -0.463248074054718 
v 0.45591115951538086 -4.433564186096191 -0.4641578197479248 
v 0.45240166783332825 -4.434603691101074 -0.4639628827571869 
v 0.4572964906692505 -4.441620349884033 -0.46702632308006287 
v 0.4537869989871979 -4.442659854888916 -0.46683138608932495 
v 0.4577582776546478 -4.44987154006958 -0.47206708788871765 
v 0.4542487859725952 -4.450911045074463 -0.4718628525733948 
v 0.4569270610809326 -4.455718517303467 -0.4785281717777252 
v 0.45332521200180054 -4.45675802230835 -0.47831466794013977 
v 0.45563408732414246 -4.460494041442871 -0.4850356876850128 
v 0.4520322382450104 -4.461533546447754 -0.4848407506942749 
v 0.45240166783332825 -4.46874475479126 -0.4985984265804291 
v 0.44889217615127563 -4.469784259796143 -0.49838489294052124 
v 0.45212459564208984 -4.474039554595947 -0.5194669961929321 
v 0.44861510396003723 -4.47507905960083 -0.5192534923553467 
v 0.45341756939888 -4.425053596496582 -0.46344301104545593 
v 0.44686034321784973 -4.418036937713623 -0.4639814496040344 
v 0.45036986470222473 -4.41699743270874 -0.4641856551170349 
v 0.44288909435272217 -4.411149978637695 -0.46711915731430054 
v 0.44649094343185425 -4.410078048706055 -0.4673233926296234 
v 0.45036986470222473 -4.41699743270874 -0.4641856551170349 
v 0.45341756939888 -4.425053596496582 -0.46344301104545593 
v 0.455264687538147 -4.4207329750061035 -0.4567127227783203 
v 0.45591115951538086 -4.433564186096191 -0.4641578197479248 
v 0.4587741792201996 -4.4331746101379395 -0.45772457122802734 
v 0.46126776933670044 -4.446460723876953 -0.4617534875869751 
v 0.4572964906692505 -4.441620349884033 -0.46702632308006287 
v 0.4577582776546478 -4.44987154006958 -0.47206708788871765 
v 0.4622836709022522 -4.458479881286621 -0.4685487747192383 
v 0.4620065987110138 -4.468289852142334 -0.4767458140850067 
v 0.4569270610809326 -4.455718517303467 -0.4785281717777252 
v 0.45563408732414246 -4.460494041442871 -0.4850356876850128 
v 0.4608059823513031 -4.475274085998535 -0.48522135615348816 
v 0.45240166783332825 -4.46874475479126 -0.4985984265804291 
v 0.45683470368385315 -4.488397598266602 -0.5052451491355896 
v 0.45655766129493713 -4.493692874908447 -0.526113748550415 
v 0.45212459564208984 -4.474039554595947 -0.5194669961929321 
v 0.4511086940765381 -4.411215305328369 -0.45880141854286194 
v 0.4463985860347748 -4.402801513671875 -0.4626075327396393 
v 0.44649094343185425 -4.410078048706055 -0.4673233926296234 
v 0.45304813981056213 -4.49473237991333 -0.5259188413619995 
v 0.45332521200180054 -4.489437103271484 -0.5050502419471741 
v 0.44861510396003723 -4.47507905960083 -0.5192534923553467 
v 0.44889217615127563 -4.469784259796143 -0.49838489294052124 
v 0.4572964906692505 -4.476313591003418 -0.4850171208381653 
v 0.4520322382450104 -4.461533546447754 -0.4848407506942749 
v 0.4584971070289612 -4.469329357147217 -0.47654157876968384 
v 0.45332521200180054 -4.45675802230835 -0.47831466794013977 
v 0.4587741792201996 -4.459519386291504 -0.468353807926178 
v 0.4542487859725952 -4.450911045074463 -0.4718628525733948 
v 0.4577582776546478 -4.447532653808594 -0.4615585207939148 
v 0.4537869989871979 -4.442659854888916 -0.46683138608932495 
v 0.455264687538147 -4.43424654006958 -0.45752033591270447 
v 0.45240166783332825 -4.434603691101074 -0.4639628827571869 
v 0.4516628384590149 -4.421772480010986 -0.45650848746299744 
v 0.4499080777168274 -4.426093101501465 -0.463248074054718 
v 0.4475992023944855 -4.412254810333252 -0.458606481552124 
v 0.44686034321784973 -4.418036937713623 -0.4639814496040344 
v 0.44288909435272217 -4.403873920440674 -0.46239402890205383 
v 0.44288909435272217 -4.411149978637695 -0.46711915731430054 
v 0.45655766129493713 -4.493692874908447 -0.526113748550415 
v 0.45212459564208984 -4.474039554595947 -0.5194669961929321 
v 0.45304813981056213 -4.49473237991333 -0.5259188413619995 
v 0.44861510396003723 -4.47507905960083 -0.5192534923553467 
v -0.7351015210151672 -4.03858757019043 -0.4493882656097412 
v -0.7353785634040833 -4.028679847717285 -0.42710864543914795 
v -0.7315919995307922 -4.039529800415039 -0.44889625906944275 
v -0.7318690419197083 -4.0296220779418945 -0.4266073703765869 
v -0.7381492257118225 -4.017440319061279 -0.4087650775909424 
v -0.7346397042274475 -4.018382549285889 -0.4082730710506439 
v -0.7395345568656921 -3.9989893436431885 -0.3934849798679352 
v -0.7359327077865601 -3.9999313354492188 -0.39298367500305176 
v -0.7407351732254028 -3.9897964000701904 -0.3874601721763611 
v -0.7371333241462708 -3.9907383918762207 -0.38695889711380005 
v -0.7374103665351868 -3.9789464473724365 -0.38202953338623047 
v -0.7409198880195618 -3.9780044555664062 -0.3825308084487915 
v -0.736394464969635 -3.965465545654297 -0.37909603118896484 
v -0.73990398645401 -3.9645235538482666 -0.37959733605384827 
v -0.7373180389404297 -3.950652837753296 -0.3796716034412384 
v -0.7338085174560547 -3.951594829559326 -0.379170298576355 
v -0.7337161898612976 -3.9384710788726807 -0.3823915719985962 
v -0.7302066683769226 -3.939413070678711 -0.3818809986114502 
v -0.7295601963996887 -3.92999267578125 -0.38720953464508057 
v -0.7260506749153137 -3.930967330932617 -0.38669896125793457 
v -0.721248209476471 -3.9240481853485107 -0.39448755979537964 
v -0.724757730960846 -3.9231059551239014 -0.39499813318252563 
v -0.7249424457550049 -3.9314544200897217 -0.39567580819129944 
v -0.728821337223053 -3.9371068477630615 -0.39063504338264465 
v -0.7214329242706299 -3.932429075241089 -0.39516523480415344 
v -0.725311815738678 -3.9380812644958496 -0.39013373851776123 
v -0.7319614291191101 -3.944578170776367 -0.3875437378883362 
v -0.728359580039978 -3.9455525875091553 -0.38704243302345276 
v -0.7344549894332886 -3.9529266357421875 -0.3857056796550751 
v -0.7309455275535583 -3.9538686275482178 -0.38520437479019165 
v -0.7358403205871582 -3.961469888687134 -0.3860677182674408 
v -0.732330858707428 -3.962412118911743 -0.3855664134025574 
v -0.736394464969635 -3.970825433731079 -0.38843491673469543 
v -0.73288494348526 -3.9718000888824463 -0.3879336416721344 
v -0.7354708909988403 -3.9783294200897217 -0.39287227392196655 
v -0.7319614291191101 -3.979271411895752 -0.3923709988594055 
v -0.7342702746391296 -3.9848263263702393 -0.39768096804618835 
v -0.7306684255599976 -3.9857683181762695 -0.3971889615058899 
v -0.7336238026618958 -3.996715545654297 -0.4082266688346863 
v -0.7301143407821655 -3.997689962387085 -0.4077160954475403 
v -0.7308531403541565 -4.007955074310303 -0.4265609383583069 
v -0.7273436784744263 -4.008897304534912 -0.42605966329574585 
v -0.7305760979652405 -4.017862796783447 -0.4488498568534851 
v -0.7270665764808655 -4.0188374519348145 -0.4483392834663391 
v -0.7249424457550049 -3.9314544200897217 -0.39567580819129944 
v -0.728821337223053 -3.9371068477630615 -0.39063504338264465 
v -0.724757730960846 -3.9231059551239014 -0.39499813318252563 
v -0.7295601963996887 -3.92999267578125 -0.38720953464508057 
v -0.7337161898612976 -3.9384710788726807 -0.3823915719985962 
v -0.7319614291191101 -3.944578170776367 -0.3875437378883362 
v -0.7344549894332886 -3.9529266357421875 -0.3857056796550751 
v -0.7373180389404297 -3.950652837753296 -0.3796716034412384 
v -0.73990398645401 -3.9645235538482666 -0.37959733605384827 
v -0.7358403205871582 -3.961469888687134 -0.3860677182674408 
v -0.736394464969635 -3.970825433731079 -0.38843491673469543 
v -0.7409198880195618 -3.9780044555664062 -0.3825308084487915 
v -0.7407351732254028 -3.9897964000701904 -0.3874601721763611 
v -0.7354708909988403 -3.9783294200897217 -0.39287227392196655 
v -0.7342702746391296 -3.9848263263702393 -0.39768096804618835 
v -0.7395345568656921 -3.9989893436431885 -0.3934849798679352 
v -0.7336238026618958 -3.996715545654297 -0.4082266688346863 
v -0.7381492257118225 -4.017440319061279 -0.4087650775909424 
v -0.7353785634040833 -4.028679847717285 -0.42710864543914795 
v -0.7308531403541565 -4.007955074310303 -0.4265609383583069 
v -0.7351015210151672 -4.03858757019043 -0.4493882656097412 
v -0.7305760979652405 -4.017862796783447 -0.4488498568534851 
v -0.7306684255599976 -3.9857683181762695 -0.3971889615058899 
v -0.7319614291191101 -3.979271411895752 -0.3923709988594055 
v -0.7371333241462708 -3.9907383918762207 -0.38695889711380005 
v -0.7374103665351868 -3.9789464473724365 -0.38202953338623047 
v -0.73288494348526 -3.9718000888824463 -0.3879336416721344 
v -0.736394464969635 -3.965465545654297 -0.37909603118896484 
v -0.732330858707428 -3.962412118911743 -0.3855664134025574 
v -0.7338085174560547 -3.951594829559326 -0.379170298576355 
v -0.7309455275535583 -3.9538686275482178 -0.38520437479019165 
v -0.7302066683769226 -3.939413070678711 -0.3818809986114502 
v -0.728359580039978 -3.9455525875091553 -0.38704243302345276 
v -0.7260506749153137 -3.930967330932617 -0.38669896125793457 
v -0.725311815738678 -3.9380812644958496 -0.39013373851776123 
v -0.721248209476471 -3.9240481853485107 -0.39448755979537964 
v -0.7214329242706299 -3.932429075241089 -0.39516523480415344 
v -0.7359327077865601 -3.9999313354492188 -0.39298367500305176 
v -0.7301143407821655 -3.997689962387085 -0.4077160954475403 
v -0.7346397042274475 -4.018382549285889 -0.4082730710506439 
v -0.7273436784744263 -4.008897304534912 -0.42605966329574585 
v -0.7318690419197083 -4.0296220779418945 -0.4266073703765869 
v -0.7270665764808655 -4.0188374519348145 -0.4483392834663391 
v -0.7315919995307922 -4.039529800415039 -0.44889625906944275 
v -0.7270665764808655 -4.0188374519348145 -0.4483392834663391 
v -0.7315919995307922 -4.039529800415039 -0.44889625906944275 
v -0.7305760979652405 -4.017862796783447 -0.4488498568534851 
v -0.7351015210151672 -4.03858757019043 -0.4493882656097412 
v 0.828933835029602 -4.490151882171631 -0.5095432996749878 
v 0.8275485038757324 -4.47709321975708 -0.501383364200592 
v 0.8245931267738342 -4.490931510925293 -0.509645402431488 
v 0.8232077956199646 -4.477872848510742 -0.5014854669570923 
v 0.825609028339386 -4.460916042327881 -0.4960733950138092 
v 0.82136070728302 -4.461695671081543 -0.4961847960948944 
v 0.8234848380088806 -4.444414138793945 -0.4940682351589203 
v 0.8192365169525146 -4.445193767547607 -0.4941796362400055 
v 0.8212683200836182 -4.430315971374512 -0.4956185221672058 
v 0.8170199990272522 -4.431128025054932 -0.495729923248291 
v 0.814064621925354 -4.410630226135254 -0.5050780773162842 
v 0.81831294298172 -4.409850597381592 -0.504966676235199 
v 0.8300420641899109 -4.499539852142334 -0.5190306901931763 
v 0.8257013559341431 -4.500319480895996 -0.5191420912742615 
v 0.8264402151107788 -4.505679607391357 -0.528713047504425 
v 0.8306885957717896 -4.504899978637695 -0.5286016464233398 
v 0.8278255462646484 -4.51360559463501 -0.5510762333869934 
v 0.8321662545204163 -4.512825965881348 -0.5509648323059082 
v 0.8281949758529663 -4.489307403564453 -0.5516889095306396 
v 0.8277332186698914 -4.484597206115723 -0.5273391604423523 
v 0.8233925104141235 -4.485409259796143 -0.5274412631988525 
v 0.8231154680252075 -4.482128143310547 -0.5201261043548584 
v 0.8274561166763306 -4.481348514556885 -0.5200240015983582 
v 0.8226536512374878 -4.477353096008301 -0.5127831101417542 
v 0.8269943594932556 -4.476573467254639 -0.512671709060669 
v 0.821637749671936 -4.468582630157471 -0.5067768692970276 
v 0.8259784579277039 -4.467803001403809 -0.5066655278205872 
v 0.8205295205116272 -4.4589996337890625 -0.5031100511550903 
v 0.8248701691627502 -4.458187580108643 -0.5029986500740051 
v 0.8189594745635986 -4.447694778442383 -0.5017175674438477 
v 0.8233001232147217 -4.446882724761963 -0.5016154646873474 
v 0.8172047138214111 -4.43626070022583 -0.5019217729568481 
v 0.821545422077179 -4.435481071472168 -0.5018196702003479 
v 0.8148034811019897 -4.422876834869385 -0.5054215788841248 
v 0.8190518021583557 -4.422064781188965 -0.5053101778030396 
v 0.8238542675971985 -4.490087032318115 -0.5517910122871399 
v 0.8190518021583557 -4.422064781188965 -0.5053101778030396 
v 0.81831294298172 -4.409850597381592 -0.504966676235199 
v 0.821545422077179 -4.435481071472168 -0.5018196702003479 
v 0.8212683200836182 -4.430315971374512 -0.4956185221672058 
v 0.8233001232147217 -4.446882724761963 -0.5016154646873474 
v 0.8234848380088806 -4.444414138793945 -0.4940682351589203 
v 0.8248701691627502 -4.458187580108643 -0.5029986500740051 
v 0.825609028339386 -4.460916042327881 -0.4960733950138092 
v 0.8275485038757324 -4.47709321975708 -0.501383364200592 
v 0.8259784579277039 -4.467803001403809 -0.5066655278205872 
v 0.828933835029602 -4.490151882171631 -0.5095432996749878 
v 0.8269943594932556 -4.476573467254639 -0.512671709060669 
v 0.8300420641899109 -4.499539852142334 -0.5190306901931763 
v 0.8274561166763306 -4.481348514556885 -0.5200240015983582 
v 0.8306885957717896 -4.504899978637695 -0.5286016464233398 
v 0.8277332186698914 -4.484597206115723 -0.5273391604423523 
v 0.8281949758529663 -4.489307403564453 -0.5516889095306396 
v 0.8321662545204163 -4.512825965881348 -0.5509648323059082 
v 0.8170199990272522 -4.431128025054932 -0.495729923248291 
v 0.8189594745635986 -4.447694778442383 -0.5017175674438477 
v 0.8192365169525146 -4.445193767547607 -0.4941796362400055 
v 0.8205295205116272 -4.4589996337890625 -0.5031100511550903 
v 0.82136070728302 -4.461695671081543 -0.4961847960948944 
v 0.821637749671936 -4.468582630157471 -0.5067768692970276 
v 0.8232077956199646 -4.477872848510742 -0.5014854669570923 
v 0.8226536512374878 -4.477353096008301 -0.5127831101417542 
v 0.8245931267738342 -4.490931510925293 -0.509645402431488 
v 0.8231154680252075 -4.482128143310547 -0.5201261043548584 
v 0.8257013559341431 -4.500319480895996 -0.5191420912742615 
v 0.8233925104141235 -4.485409259796143 -0.5274412631988525 
v 0.8264402151107788 -4.505679607391357 -0.528713047504425 
v 0.8238542675971985 -4.490087032318115 -0.5517910122871399 
v 0.8278255462646484 -4.51360559463501 -0.5510762333869934 
v 0.8172047138214111 -4.43626070022583 -0.5019217729568481 
v 0.814064621925354 -4.410630226135254 -0.5050780773162842 
v 0.8148034811019897 -4.422876834869385 -0.5054215788841248 
v -0.8715101480484009 -4.206661701202393 -0.5401777625083923 
v -0.8716948628425598 -4.196753978729248 -0.5178981423377991 
v -0.8679082989692688 -4.207603454589844 -0.5396857857704163 
v -0.8681853413581848 -4.197695732116699 -0.517396867275238 
v -0.8744654655456543 -4.185514450073242 -0.4995545744895935 
v -0.8709560036659241 -4.186456203460693 -0.49906256794929504 
v -0.8758507966995239 -4.167063236236572 -0.4842744767665863 
v -0.8723413348197937 -4.168004989624023 -0.4837731719017029 
v -0.8770514130592346 -4.157870292663574 -0.4782496988773346 
v -0.8735419511795044 -4.158812046051025 -0.47774839401245117 
v -0.8737266659736633 -4.14702033996582 -0.4728190302848816 
v -0.8772361278533936 -4.146078109741211 -0.4733203053474426 
v -0.8727107644081116 -4.133539199829102 -0.46988552808761597 
v -0.8762202262878418 -4.13259744644165 -0.4703868329524994 
v -0.8737266659736633 -4.11872673034668 -0.4704611003398895 
v -0.8701248168945312 -4.119668483734131 -0.4699597954750061 
v -0.8700324296951294 -4.1065449714660645 -0.47317180037498474 
v -0.8665229678153992 -4.107486724853516 -0.4726704955101013 
v -0.8658764362335205 -4.098066329956055 -0.4779990315437317 
v -0.8623669743537903 -4.099040985107422 -0.4774884581565857 
v -0.8576568365097046 -4.0921220779418945 -0.48527705669403076 
v -0.8611663579940796 -4.091179847717285 -0.48578763008117676 
v -0.8612586855888367 -4.0995283126831055 -0.4864560067653656 
v -0.8652299642562866 -4.105180740356445 -0.4814245402812958 
v -0.8577492237091064 -4.100502967834473 -0.48595473170280457 
v -0.8616281151771545 -4.106154918670654 -0.48092323541641235 
v -0.8682776689529419 -4.112651824951172 -0.4783332347869873 
v -0.8647682070732117 -4.113626480102539 -0.4778319299221039 
v -0.8708636164665222 -4.121000289916992 -0.4764951765537262 
v -0.8672617673873901 -4.121942520141602 -0.4759938716888428 
v -0.8722489476203918 -4.129543781280518 -0.4768572151660919 
v -0.8686470985412598 -4.130486011505127 -0.4763559103012085 
v -0.8727107644081116 -4.138899326324463 -0.47922441363334656 
v -0.8692012429237366 -4.13987398147583 -0.4787231385707855 
v -0.871879518032074 -4.1464033126831055 -0.4836617708206177 
v -0.8683700561523438 -4.147345066070557 -0.48316049575805664 
v -0.8705865740776062 -4.152900218963623 -0.4884704649448395 
v -0.8670770525932312 -4.153841972351074 -0.487978458404541 
v -0.8699401021003723 -4.164789199829102 -0.49900686740875244 
v -0.8664305806159973 -4.165763854980469 -0.4985055923461914 
v -0.8672617673873901 -4.176028728485107 -0.517350435256958 
v -0.8636599183082581 -4.176970958709717 -0.516849160194397 
v -0.8669847249984741 -4.185936450958252 -0.5396300554275513 
v -0.8634752035140991 -4.186911106109619 -0.5391287803649902 
v -0.8612586855888367 -4.0995283126831055 -0.4864560067653656 
v -0.8652299642562866 -4.105180740356445 -0.4814245402812958 
v -0.8611663579940796 -4.091179847717285 -0.48578763008117676 
v -0.8658764362335205 -4.098066329956055 -0.4779990315437317 
v -0.8700324296951294 -4.1065449714660645 -0.47317180037498474 
v -0.8682776689529419 -4.112651824951172 -0.4783332347869873 
v -0.8708636164665222 -4.121000289916992 -0.4764951765537262 
v -0.8737266659736633 -4.11872673034668 -0.4704611003398895 
v -0.8762202262878418 -4.13259744644165 -0.4703868329524994 
v -0.8722489476203918 -4.129543781280518 -0.4768572151660919 
v -0.8727107644081116 -4.138899326324463 -0.47922441363334656 
v -0.8772361278533936 -4.146078109741211 -0.4733203053474426 
v -0.8770514130592346 -4.157870292663574 -0.4782496988773346 
v -0.871879518032074 -4.1464033126831055 -0.4836617708206177 
v -0.8705865740776062 -4.152900218963623 -0.4884704649448395 
v -0.8758507966995239 -4.167063236236572 -0.4842744767665863 
v -0.8699401021003723 -4.164789199829102 -0.49900686740875244 
v -0.8744654655456543 -4.185514450073242 -0.4995545744895935 
v -0.8716948628425598 -4.196753978729248 -0.5178981423377991 
v -0.8672617673873901 -4.176028728485107 -0.517350435256958 
v -0.8715101480484009 -4.206661701202393 -0.5401777625083923 
v -0.8669847249984741 -4.185936450958252 -0.5396300554275513 
v -0.8670770525932312 -4.153841972351074 -0.487978458404541 
v -0.8683700561523438 -4.147345066070557 -0.48316049575805664 
v -0.8735419511795044 -4.158812046051025 -0.47774839401245117 
v -0.8737266659736633 -4.14702033996582 -0.4728190302848816 
v -0.8692012429237366 -4.13987398147583 -0.4787231385707855 
v -0.8727107644081116 -4.133539199829102 -0.46988552808761597 
v -0.8686470985412598 -4.130486011505127 -0.4763559103012085 
v -0.8701248168945312 -4.119668483734131 -0.4699597954750061 
v -0.8672617673873901 -4.121942520141602 -0.4759938716888428 
v -0.8665229678153992 -4.107486724853516 -0.4726704955101013 
v -0.8647682070732117 -4.113626480102539 -0.4778319299221039 
v -0.8623669743537903 -4.099040985107422 -0.4774884581565857 
v -0.8616281151771545 -4.106154918670654 -0.48092323541641235 
v -0.8576568365097046 -4.0921220779418945 -0.48527705669403076 
v -0.8577492237091064 -4.100502967834473 -0.48595473170280457 
v -0.8723413348197937 -4.168004989624023 -0.4837731719017029 
v -0.8664305806159973 -4.165763854980469 -0.4985055923461914 
v -0.8709560036659241 -4.186456203460693 -0.49906256794929504 
v -0.8636599183082581 -4.176970958709717 -0.516849160194397 
v -0.8681853413581848 -4.197695732116699 -0.517396867275238 
v -0.8634752035140991 -4.186911106109619 -0.5391287803649902 
v -0.8679082989692688 -4.207603454589844 -0.5396857857704163 
v -0.8634752035140991 -4.186911106109619 -0.5391287803649902 
v -0.8679082989692688 -4.207603454589844 -0.5396857857704163 
v -0.8669847249984741 -4.185936450958252 -0.5396300554275513 
v -0.8715101480484009 -4.206661701202393 -0.5401777625083923 
v -1.1432191133499146 -4.235832214355469 -0.5543160438537598 
v -1.1469132900238037 -4.2547383308410645 -0.5422943234443665 
v -1.1389707326889038 -4.236806869506836 -0.5542975068092346 
v -1.1426650285720825 -4.255680084228516 -0.5422757863998413 
v -1.14534330368042 -4.2693562507629395 -0.5388410091400146 
v -1.149683952331543 -4.268381595611572 -0.5388595461845398 
v -1.1481139659881592 -4.285890579223633 -0.5385996103286743 
v -1.15236234664917 -4.284948825836182 -0.5386182069778442 
v -1.1506075859069824 -4.302555084228516 -0.5416723489761353 
v -1.1548558473587036 -4.3016133308410645 -0.5416909456253052 
v -1.1524546146392822 -4.316523551940918 -0.5480034947395325 
v -1.1567953824996948 -4.315613746643066 -0.5480127930641174 
v -1.1581807136535645 -4.326106071472168 -0.5561541318893433 
v -1.1539323329925537 -4.327080726623535 -0.5561355948448181 
v -1.1547635793685913 -4.333642482757568 -0.5648989081382751 
v -1.1591042280197144 -4.332700729370117 -0.5649174451828003 
v -1.156425952911377 -4.344427585601807 -0.5933982729911804 
v -1.1607666015625 -4.343485355377197 -0.5934168100357056 
v -1.14441978931427 -4.247981548309326 -0.5529978275299072 
v -1.1401714086532593 -4.2489237785339355 -0.5529792904853821 
v -1.1473751068115234 -4.260683059692383 -0.547734260559082 
v -1.1431267261505127 -4.261624813079834 -0.5477157235145569 
v -1.1494992971420288 -4.271890163421631 -0.5459983348846436 
v -1.145250916481018 -4.272831916809082 -0.5459797382354736 
v -1.1514387130737305 -4.28322696685791 -0.5458405017852783 
v -1.1471904516220093 -4.2841691970825195 -0.5458312630653381 
v -1.1530088186264038 -4.2931671142578125 -0.5481891632080078 
v -1.1486680507659912 -4.294109344482422 -0.5481706261634827 
v -1.1543017625808716 -4.302652835845947 -0.552951455116272 
v -1.1500533819198608 -4.303594589233398 -0.552932858467102 
v -1.1549482345581055 -4.3083696365356445 -0.559579610824585 
v -1.1506075859069824 -4.309311866760254 -0.5595703721046448 
v -1.1553176641464233 -4.312560081481934 -0.5663934946060181 
v -1.1510692834854126 -4.313502311706543 -0.5663748979568481 
v -1.1559641361236572 -4.320486545562744 -0.5898892283439636 
v -1.1517157554626465 -4.321428298950195 -0.5898706316947937 
v -1.14441978931427 -4.247981548309326 -0.5529978275299072 
v -1.1473751068115234 -4.260683059692383 -0.547734260559082 
v -1.1432191133499146 -4.235832214355469 -0.5543160438537598 
v -1.1469132900238037 -4.2547383308410645 -0.5422943234443665 
v -1.1494992971420288 -4.271890163421631 -0.5459983348846436 
v -1.149683952331543 -4.268381595611572 -0.5388595461845398 
v -1.1514387130737305 -4.28322696685791 -0.5458405017852783 
v -1.15236234664917 -4.284948825836182 -0.5386182069778442 
v -1.1548558473587036 -4.3016133308410645 -0.5416909456253052 
v -1.1530088186264038 -4.2931671142578125 -0.5481891632080078 
v -1.1567953824996948 -4.315613746643066 -0.5480127930641174 
v -1.1543017625808716 -4.302652835845947 -0.552951455116272 
v -1.1581807136535645 -4.326106071472168 -0.5561541318893433 
v -1.1549482345581055 -4.3083696365356445 -0.559579610824585 
v -1.1591042280197144 -4.332700729370117 -0.5649174451828003 
v -1.1553176641464233 -4.312560081481934 -0.5663934946060181 
v -1.1559641361236572 -4.320486545562744 -0.5898892283439636 
v -1.1607666015625 -4.343485355377197 -0.5934168100357056 
v -1.1401714086532593 -4.2489237785339355 -0.5529792904853821 
v -1.1431267261505127 -4.261624813079834 -0.5477157235145569 
v -1.1389707326889038 -4.236806869506836 -0.5542975068092346 
v -1.1426650285720825 -4.255680084228516 -0.5422757863998413 
v -1.145250916481018 -4.272831916809082 -0.5459797382354736 
v -1.14534330368042 -4.2693562507629395 -0.5388410091400146 
v -1.1471904516220093 -4.2841691970825195 -0.5458312630653381 
v -1.1481139659881592 -4.285890579223633 -0.5385996103286743 
v -1.1486680507659912 -4.294109344482422 -0.5481706261634827 
v -1.1506075859069824 -4.302555084228516 -0.5416723489761353 
v -1.1500533819198608 -4.303594589233398 -0.552932858467102 
v -1.1524546146392822 -4.316523551940918 -0.5480034947395325 
v -1.1506075859069824 -4.309311866760254 -0.5595703721046448 
v -1.1539323329925537 -4.327080726623535 -0.5561355948448181 
v -1.1510692834854126 -4.313502311706543 -0.5663748979568481 
v -1.1547635793685913 -4.333642482757568 -0.5648989081382751 
v -1.1517157554626465 -4.321428298950195 -0.5898706316947937 
v -1.156425952911377 -4.344427585601807 -0.5933982729911804 
v -1.4866881370544434 -4.114438533782959 -0.6466651558876038 
v -1.4914906024932861 -4.126620292663574 -0.6318584680557251 
v -1.4825321435928345 -4.115835189819336 -0.6464608907699585 
v -1.4873346090316772 -4.128016948699951 -0.6316542625427246 
v -1.4913982152938843 -4.139808654785156 -0.6219626069068909 
v -1.4955542087554932 -4.138444423675537 -0.6221575140953064 
v -1.4958312511444092 -4.155401229858398 -0.6170239448547363 
v -1.499987244606018 -4.154036998748779 -0.6172189116477966 
v -1.50007963180542 -4.172130584716797 -0.6177851557731628 
v -1.5042356252670288 -4.170766353607178 -0.6179894208908081 
v -1.503589153289795 -4.187366008758545 -0.6249239444732666 
v -1.5077451467514038 -4.186001300811768 -0.6251188516616821 
v -1.510515809059143 -4.198475360870361 -0.6363422274589539 
v -1.5063598155975342 -4.1998395919799805 -0.6361380219459534 
v -1.5081145763397217 -4.208773136138916 -0.6495150923728943 
v -1.512270450592041 -4.207408428192139 -0.6497192978858948 
v -1.5116239786148071 -4.225470066070557 -0.6830830574035645 
v -1.515779972076416 -4.224105358123779 -0.6832780241966248 
v -1.488627552986145 -4.123631477355957 -0.6522814631462097 
v -1.4844715595245361 -4.125028610229492 -0.6520772576332092 
v -1.492691159248352 -4.1339616775512695 -0.6396656036376953 
v -1.4885351657867432 -4.1353583335876465 -0.6394706964492798 
v -1.495923638343811 -4.143999099731445 -0.6335758566856384 
v -1.4917676448822021 -4.1453962326049805 -0.6333808898925781 
v -1.4990637302398682 -4.154686450958252 -0.6302153468132019 
v -1.4949077367782593 -4.156051158905029 -0.6300111413002014 
v -1.5016496181488037 -4.164821624755859 -0.6315521001815796 
v -1.4974936246871948 -4.1661858558654785 -0.6313478946685791 
v -1.504050850868225 -4.175281524658203 -0.6372056007385254 
v -1.499987244606018 -4.1766462326049805 -0.6370106339454651 
v -1.5055285692214966 -4.182753086090088 -0.6471478343009949 
v -1.5013725757598877 -4.184117317199707 -0.6469529271125793 
v -1.5065444707870483 -4.1888275146484375 -0.6577956676483154 
v -1.5023884773254395 -4.190191745758057 -0.6576007008552551 
v -1.50848388671875 -4.2000346183776855 -0.682358980178833 
v -1.5043280124664307 -4.201398849487305 -0.6821640133857727 
v -1.488627552986145 -4.123631477355957 -0.6522814631462097 
v -1.492691159248352 -4.1339616775512695 -0.6396656036376953 
v -1.4866881370544434 -4.114438533782959 -0.6466651558876038 
v -1.4914906024932861 -4.126620292663574 -0.6318584680557251 
v -1.495923638343811 -4.143999099731445 -0.6335758566856384 
v -1.4955542087554932 -4.138444423675537 -0.6221575140953064 
v -1.4990637302398682 -4.154686450958252 -0.6302153468132019 
v -1.499987244606018 -4.154036998748779 -0.6172189116477966 
v -1.5042356252670288 -4.170766353607178 -0.6179894208908081 
v -1.5016496181488037 -4.164821624755859 -0.6315521001815796 
v -1.5077451467514038 -4.186001300811768 -0.6251188516616821 
v -1.504050850868225 -4.175281524658203 -0.6372056007385254 
v -1.510515809059143 -4.198475360870361 -0.6363422274589539 
v -1.5055285692214966 -4.182753086090088 -0.6471478343009949 
v -1.512270450592041 -4.207408428192139 -0.6497192978858948 
v -1.5065444707870483 -4.1888275146484375 -0.6577956676483154 
v -1.50848388671875 -4.2000346183776855 -0.682358980178833 
v -1.515779972076416 -4.224105358123779 -0.6832780241966248 
v -1.4844715595245361 -4.125028610229492 -0.6520772576332092 
v -1.4885351657867432 -4.1353583335876465 -0.6394706964492798 
v -1.4825321435928345 -4.115835189819336 -0.6464608907699585 
v -1.4873346090316772 -4.128016948699951 -0.6316542625427246 
v -1.4917676448822021 -4.1453962326049805 -0.6333808898925781 
v -1.4913982152938843 -4.139808654785156 -0.6219626069068909 
v -1.4949077367782593 -4.156051158905029 -0.6300111413002014 
v -1.4958312511444092 -4.155401229858398 -0.6170239448547363 
v -1.4974936246871948 -4.1661858558654785 -0.6313478946685791 
v -1.50007963180542 -4.172130584716797 -0.6177851557731628 
v -1.499987244606018 -4.1766462326049805 -0.6370106339454651 
v -1.503589153289795 -4.187366008758545 -0.6249239444732666 
v -1.5013725757598877 -4.184117317199707 -0.6469529271125793 
v -1.5063598155975342 -4.1998395919799805 -0.6361380219459534 
v -1.5023884773254395 -4.190191745758057 -0.6576007008552551 
v -1.5081145763397217 -4.208773136138916 -0.6495150923728943 
v -1.5043280124664307 -4.201398849487305 -0.6821640133857727 
v -1.5116239786148071 -4.225470066070557 -0.6830830574035645 
v -0.8236701488494873 -4.409850597381592 -0.504966676235199 
v -0.8266255259513855 -4.430315971374512 -0.4956185221672058 
v -0.8194217681884766 -4.410630226135254 -0.5050780773162842 
v -0.8223771452903748 -4.431128025054932 -0.495729923248291 
v -0.8245936632156372 -4.445193767547607 -0.4941796362400055 
v -0.828842043876648 -4.444414138793945 -0.4940682351589203 
v -0.8267178535461426 -4.461695671081543 -0.4961847960948944 
v -0.8309661746025085 -4.460916042327881 -0.4960733950138092 
v -0.8285649418830872 -4.477872848510742 -0.5014854669570923 
v -0.832905650138855 -4.47709321975708 -0.501383364200592 
v -0.8299502730369568 -4.490931510925293 -0.509645402431488 
v -0.8342909812927246 -4.490151882171631 -0.5095432996749878 
v -0.8353992700576782 -4.499539852142334 -0.5190306901931763 
v -0.8310585618019104 -4.500319480895996 -0.5191420912742615 
v -0.8317050337791443 -4.505679607391357 -0.528713047504425 
v -0.8360457420349121 -4.504899978637695 -0.5286016464233398 
v -0.833182692527771 -4.51360559463501 -0.5510762333869934 
v -0.8375234007835388 -4.512825965881348 -0.5509648323059082 
v -0.8244089484214783 -4.422064781188965 -0.5053101778030396 
v -0.8201606273651123 -4.422876834869385 -0.5054215788841248 
v -0.8269025683403015 -4.435481071472168 -0.5018196702003479 
v -0.8225618600845337 -4.43626070022583 -0.5019217729568481 
v -0.828657329082489 -4.446882724761963 -0.5016154646873474 
v -0.8243166208267212 -4.447694778442383 -0.5017175674438477 
v -0.8302273750305176 -4.458187580108643 -0.5029986500740051 
v -0.8258866667747498 -4.4589996337890625 -0.5031100511550903 
v -0.8313356041908264 -4.467803001403809 -0.5066655278205872 
v -0.8269948959350586 -4.468582630157471 -0.5067768692970276 
v -0.8323515057563782 -4.476573467254639 -0.512671709060669 
v -0.8280107975006104 -4.477353096008301 -0.5127831101417542 
v -0.8328133225440979 -4.481348514556885 -0.5200240015983582 
v -0.8284726142883301 -4.482128143310547 -0.5201261043548584 
v -0.8330903649330139 -4.484597206115723 -0.5273391604423523 
v -0.8287496566772461 -4.485409259796143 -0.5274412631988525 
v -0.8335521221160889 -4.489307403564453 -0.5516889095306396 
v -0.829211413860321 -4.490087032318115 -0.5517910122871399 
v -0.8244089484214783 -4.422064781188965 -0.5053101778030396 
v -0.8269025683403015 -4.435481071472168 -0.5018196702003479 
v -0.8236701488494873 -4.409850597381592 -0.504966676235199 
v -0.8266255259513855 -4.430315971374512 -0.4956185221672058 
v -0.828657329082489 -4.446882724761963 -0.5016154646873474 
v -0.828842043876648 -4.444414138793945 -0.4940682351589203 
v -0.8302273750305176 -4.458187580108643 -0.5029986500740051 
v -0.8309661746025085 -4.460916042327881 -0.4960733950138092 
v -0.832905650138855 -4.47709321975708 -0.501383364200592 
v -0.8313356041908264 -4.467803001403809 -0.5066655278205872 
v -0.8342909812927246 -4.490151882171631 -0.5095432996749878 
v -0.8323515057563782 -4.476573467254639 -0.512671709060669 
v -0.8353992700576782 -4.499539852142334 -0.5190306901931763 
v -0.8328133225440979 -4.481348514556885 -0.5200240015983582 
v -0.8360457420349121 -4.504899978637695 -0.5286016464233398 
v -0.8330903649330139 -4.484597206115723 -0.5273391604423523 
v -0.8335521221160889 -4.489307403564453 -0.5516889095306396 
v -0.8375234007835388 -4.512825965881348 -0.5509648323059082 
v -0.8201606273651123 -4.422876834869385 -0.5054215788841248 
v -0.8225618600845337 -4.43626070022583 -0.5019217729568481 
v -0.8194217681884766 -4.410630226135254 -0.5050780773162842 
v -0.8223771452903748 -4.431128025054932 -0.495729923248291 
v -0.8243166208267212 -4.447694778442383 -0.5017175674438477 
v -0.8245936632156372 -4.445193767547607 -0.4941796362400055 
v -0.8258866667747498 -4.4589996337890625 -0.5031100511550903 
v -0.8267178535461426 -4.461695671081543 -0.4961847960948944 
v -0.8269948959350586 -4.468582630157471 -0.5067768692970276 
v -0.8285649418830872 -4.477872848510742 -0.5014854669570923 
v -0.8280107975006104 -4.477353096008301 -0.5127831101417542 
v -0.8299502730369568 -4.490931510925293 -0.509645402431488 
v -0.8284726142883301 -4.482128143310547 -0.5201261043548584 
v -0.8310585618019104 -4.500319480895996 -0.5191420912742615 
v -0.8287496566772461 -4.485409259796143 -0.5274412631988525 
v -0.8317050337791443 -4.505679607391357 -0.528713047504425 
v -0.829211413860321 -4.490087032318115 -0.5517910122871399 
v -0.833182692527771 -4.51360559463501 -0.5510762333869934 
v -0.45526522397994995 -4.643153190612793 -0.493409126996994 
v -0.4604371190071106 -4.657153606414795 -0.48046836256980896 
v -0.45110926032066345 -4.6446146965026855 -0.49334412813186646 
v -0.45637351274490356 -4.658615589141846 -0.4804033935070038 
v -0.460714191198349 -4.671576976776123 -0.4724755585193634 
v -0.4648701846599579 -4.670114994049072 -0.4725405275821686 
v -0.4654242992401123 -4.687623977661133 -0.4697648584842682 
v -0.4695802927017212 -4.68616247177124 -0.46982982754707336 
v -0.46994972229003906 -4.704028606414795 -0.4728747308254242 
v -0.47410568594932556 -4.702566623687744 -0.4729304313659668 
v -0.4736439287662506 -4.718061923980713 -0.4820650815963745 
v -0.47770756483078003 -4.716599941253662 -0.4821207821369171 
v -0.4804781973361969 -4.7273850440979 -0.4949779808521271 
v -0.47641459107398987 -4.728846549987793 -0.4949222803115845 
v -0.478169322013855 -4.735830783843994 -0.5094226002693176 
v -0.4822329580783844 -4.734368801116943 -0.5094783306121826 
v -0.4814017713069916 -4.747719764709473 -0.5449957251548767 
v -0.4854653775691986 -4.74625825881958 -0.5450514554977417 
v -0.45729705691337585 -4.6514692306518555 -0.5002601146697998 
v -0.45314106345176697 -4.652930736541748 -0.5001951456069946 
v -0.46173009276390076 -4.663325786590576 -0.489231675863266 
v -0.45757412910461426 -4.664820194244385 -0.4891667068004608 
v -0.4651472568511963 -4.674077987670898 -0.4846179485321045 
v -0.46108362078666687 -4.675539970397949 -0.4845529794692993 
v -0.46856439113616943 -4.685025215148926 -0.4827798902988434 
v -0.46440839767456055 -4.686487197875977 -0.4827148914337158 
v -0.4712426960468292 -4.694868087768555 -0.4855276942253113 
v -0.46708670258522034 -4.6963300704956055 -0.4854627251625061 
v -0.4737362861633301 -4.704385757446289 -0.4925921857357025 
v -0.4695802927017212 -4.70584774017334 -0.4925365149974823 
v -0.4751216173171997 -4.710395336151123 -0.503472089767456 
v -0.4709656238555908 -4.711857318878174 -0.5034163594245911 
v -0.47613751888275146 -4.714975833892822 -0.5148718357086182 
v -0.4719815254211426 -4.716437816619873 -0.5148161053657532 
v -0.4777998924255371 -4.722674369812012 -0.5407533645629883 
v -0.4736439287662506 -4.7241363525390625 -0.5406883358955383 
v -0.45729705691337585 -4.6514692306518555 -0.5002601146697998 
v -0.46173009276390076 -4.663325786590576 -0.489231675863266 
v -0.45526522397994995 -4.643153190612793 -0.493409126996994 
v -0.4604371190071106 -4.657153606414795 -0.48046836256980896 
v -0.4651472568511963 -4.674077987670898 -0.4846179485321045 
v -0.4648701846599579 -4.670114994049072 -0.4725405275821686 
v -0.46856439113616943 -4.685025215148926 -0.4827798902988434 
v -0.4695802927017212 -4.68616247177124 -0.46982982754707336 
v -0.47410568594932556 -4.702566623687744 -0.4729304313659668 
v -0.4712426960468292 -4.694868087768555 -0.4855276942253113 
v -0.47770756483078003 -4.716599941253662 -0.4821207821369171 
v -0.4737362861633301 -4.704385757446289 -0.4925921857357025 
v -0.4804781973361969 -4.7273850440979 -0.4949779808521271 
v -0.4751216173171997 -4.710395336151123 -0.503472089767456 
v -0.4822329580783844 -4.734368801116943 -0.5094783306121826 
v -0.47613751888275146 -4.714975833892822 -0.5148718357086182 
v -0.4777998924255371 -4.722674369812012 -0.5407533645629883 
v -0.4854653775691986 -4.74625825881958 -0.5450514554977417 
v -0.45314106345176697 -4.652930736541748 -0.5001951456069946 
v -0.45757412910461426 -4.664820194244385 -0.4891667068004608 
v -0.45110926032066345 -4.6446146965026855 -0.49334412813186646 
v -0.45637351274490356 -4.658615589141846 -0.4804033935070038 
v -0.46108362078666687 -4.675539970397949 -0.4845529794692993 
v -0.460714191198349 -4.671576976776123 -0.4724755585193634 
v -0.46440839767456055 -4.686487197875977 -0.4827148914337158 
v -0.4654242992401123 -4.687623977661133 -0.4697648584842682 
v -0.46708670258522034 -4.6963300704956055 -0.4854627251625061 
v -0.46994972229003906 -4.704028606414795 -0.4728747308254242 
v -0.4695802927017212 -4.70584774017334 -0.4925365149974823 
v -0.4736439287662506 -4.718061923980713 -0.4820650815963745 
v -0.4709656238555908 -4.711857318878174 -0.5034163594245911 
v -0.47641459107398987 -4.728846549987793 -0.4949222803115845 
v -0.4719815254211426 -4.716437816619873 -0.5148161053657532 
v -0.478169322013855 -4.735830783843994 -0.5094226002693176 
v -0.4736439287662506 -4.7241363525390625 -0.5406883358955383 
v -0.4814017713069916 -4.747719764709473 -0.5449957251548767 
v -0.4619148075580597 -4.493692874908447 -0.526113748550415 
v -0.4584053158760071 -4.49473237991333 -0.5259188413619995 
v -0.4621918797492981 -4.488397598266602 -0.5052451491355896 
v -0.4586823880672455 -4.489437103271484 -0.5050502419471741 
v -0.46616315841674805 -4.475274085998535 -0.48522135615348816 
v -0.46265366673469543 -4.476313591003418 -0.4850171208381653 
v -0.46736377477645874 -4.468289852142334 -0.4767458140850067 
v -0.46385428309440613 -4.469329357147217 -0.47654157876968384 
v -0.46413132548332214 -4.459519386291504 -0.468353807926178 
v -0.46764084696769714 -4.458479881286621 -0.4685487747192383 
v -0.4631154239177704 -4.447532653808594 -0.4615585207939148 
v -0.466624915599823 -4.446460723876953 -0.4617534875869751 
v -0.46413132548332214 -4.4331746101379395 -0.45772457122802734 
v -0.46062183380126953 -4.43424654006958 -0.45752033591270447 
v -0.46062183380126953 -4.4207329750061035 -0.4567127227783203 
v -0.45701998472213745 -4.421772480010986 -0.45650848746299744 
v -0.45646587014198303 -4.411215305328369 -0.45880141854286194 
v -0.45286399126052856 -4.412254810333252 -0.458606481552124 
v -0.4482462406158447 -4.403873920440674 -0.46239402890205383 
v -0.45175573229789734 -4.402801513671875 -0.4626075327396393 
v -0.4518480896949768 -4.410078048706055 -0.4673233926296234 
v -0.4557270109653473 -4.41699743270874 -0.4641856551170349 
v -0.4482462406158447 -4.411149978637695 -0.46711915731430054 
v -0.4522175192832947 -4.418036937713623 -0.4639814496040344 
v -0.45877474546432495 -4.425053596496582 -0.46344301104545593 
v -0.45526522397994995 -4.426093101501465 -0.463248074054718 
v -0.4612683355808258 -4.433564186096191 -0.4641578197479248 
v -0.4577588140964508 -4.434603691101074 -0.4639628827571869 
v -0.46265366673469543 -4.441620349884033 -0.46702632308006287 
v -0.45914414525032043 -4.442659854888916 -0.46683138608932495 
v -0.4631154239177704 -4.44987154006958 -0.47206708788871765 
v -0.4596059322357178 -4.450911045074463 -0.4718628525733948 
v -0.46228423714637756 -4.455718517303467 -0.4785281717777252 
v -0.4586823880672455 -4.45675802230835 -0.47831466794013977 
v -0.4609912633895874 -4.460494041442871 -0.4850356876850128 
v -0.4573894143104553 -4.461533546447754 -0.4848407506942749 
v -0.4577588140964508 -4.46874475479126 -0.4985984265804291 
v -0.4542493224143982 -4.469784259796143 -0.49838489294052124 
v -0.4574817717075348 -4.474039554595947 -0.5194669961929321 
v -0.4539722800254822 -4.47507905960083 -0.5192534923553467 
v -0.4518480896949768 -4.410078048706055 -0.4673233926296234 
v -0.4557270109653473 -4.41699743270874 -0.4641856551170349 
v -0.45175573229789734 -4.402801513671875 -0.4626075327396393 
v -0.45646587014198303 -4.411215305328369 -0.45880141854286194 
v -0.46062183380126953 -4.4207329750061035 -0.4567127227783203 
v -0.45877474546432495 -4.425053596496582 -0.46344301104545593 
v -0.4612683355808258 -4.433564186096191 -0.4641578197479248 
v -0.46413132548332214 -4.4331746101379395 -0.45772457122802734 
v -0.466624915599823 -4.446460723876953 -0.4617534875869751 
v -0.46265366673469543 -4.441620349884033 -0.46702632308006287 
v -0.4631154239177704 -4.44987154006958 -0.47206708788871765 
v -0.46764084696769714 -4.458479881286621 -0.4685487747192383 
v -0.46736377477645874 -4.468289852142334 -0.4767458140850067 
v -0.46228423714637756 -4.455718517303467 -0.4785281717777252 
v -0.4609912633895874 -4.460494041442871 -0.4850356876850128 
v -0.46616315841674805 -4.475274085998535 -0.48522135615348816 
v -0.4577588140964508 -4.46874475479126 -0.4985984265804291 
v -0.4621918797492981 -4.488397598266602 -0.5052451491355896 
v -0.4619148075580597 -4.493692874908447 -0.526113748550415 
v -0.4574817717075348 -4.474039554595947 -0.5194669961929321 
v -0.4573894143104553 -4.461533546447754 -0.4848407506942749 
v -0.4586823880672455 -4.45675802230835 -0.47831466794013977 
v -0.46385428309440613 -4.469329357147217 -0.47654157876968384 
v -0.46413132548332214 -4.459519386291504 -0.468353807926178 
v -0.4596059322357178 -4.450911045074463 -0.4718628525733948 
v -0.4631154239177704 -4.447532653808594 -0.4615585207939148 
v -0.45914414525032043 -4.442659854888916 -0.46683138608932495 
v -0.46062183380126953 -4.43424654006958 -0.45752033591270447 
v -0.4577588140964508 -4.434603691101074 -0.4639628827571869 
v -0.45701998472213745 -4.421772480010986 -0.45650848746299744 
v -0.45526522397994995 -4.426093101501465 -0.463248074054718 
v -0.45286399126052856 -4.412254810333252 -0.458606481552124 
v -0.4522175192832947 -4.418036937713623 -0.4639814496040344 
v -0.4482462406158447 -4.403873920440674 -0.46239402890205383 
v -0.4482462406158447 -4.411149978637695 -0.46711915731430054 
v -0.46265366673469543 -4.476313591003418 -0.4850171208381653 
v -0.4542493224143982 -4.469784259796143 -0.49838489294052124 
v -0.4586823880672455 -4.489437103271484 -0.5050502419471741 
v -0.4539722800254822 -4.47507905960083 -0.5192534923553467 
v -0.4584053158760071 -4.49473237991333 -0.5259188413619995 
v -0.4539722800254822 -4.47507905960083 -0.5192534923553467 
v -0.4584053158760071 -4.49473237991333 -0.5259188413619995 
v -0.4574817717075348 -4.474039554595947 -0.5194669961929321 
v -0.4619148075580597 -4.493692874908447 -0.526113748550415 
v -1.306780219078064 -3.798788547515869 -0.5290008187294006 
v -1.303178310394287 -3.7997307777404785 -0.5285088419914246 
v -1.3069648742675781 -3.7888808250427246 -0.5067211985588074 
v -1.3034553527832031 -3.789823055267334 -0.5062291622161865 
v -1.3097355365753174 -3.7776412963867188 -0.4883776307106018 
v -1.3062260150909424 -3.778583288192749 -0.48788562417030334 
v -1.311120867729187 -3.759190320968628 -0.4731068015098572 
v -1.307611346244812 -3.760132312774658 -0.4725962281227112 
v -1.3123215436935425 -3.749997138977051 -0.4670727252960205 
v -1.3088120222091675 -3.75093936920166 -0.4665714502334595 
v -1.3089966773986816 -3.739147424697876 -0.46165135502815247 
v -1.3125061988830566 -3.7382054328918457 -0.4621526598930359 
v -1.3079807758331299 -3.725698947906494 -0.45870858430862427 
v -1.3114902973175049 -3.724724531173706 -0.4592098891735077 
v -1.3089044094085693 -3.7108535766601562 -0.4592934250831604 
v -1.3053948879241943 -3.7117955684661865 -0.4587828516960144 
v -1.3053025007247925 -3.69867205619812 -0.4620041251182556 
v -1.3017929792404175 -3.6996140480041504 -0.4614935517311096 
v -1.3011465072631836 -3.6901936531066895 -0.46682208776474 
v -1.2976369857788086 -3.6911680698394775 -0.466311514377594 
v -1.2929269075393677 -3.684248924255371 -0.47410011291503906 
v -1.2964364290237427 -3.683306932449341 -0.47461068630218506 
v -1.296528697013855 -3.691687822341919 -0.47528836131095886 
v -1.3005000352859497 -3.697307586669922 -0.4702475965023041 
v -1.2930192947387695 -3.6926300525665283 -0.47477778792381287 
v -1.2968981266021729 -3.698282241821289 -0.46974629163742065 
v -1.303547739982605 -3.7047791481018066 -0.4671562910079956 
v -1.30003821849823 -3.7057535648345947 -0.4666549861431122 
v -1.30613374710083 -3.713127613067627 -0.4653182029724121 
v -1.3025318384170532 -3.7140696048736572 -0.46482619643211365 
v -1.3075190782546997 -3.7216708660125732 -0.4656802713871002 
v -1.3039171695709229 -3.7226128578186035 -0.4651789665222168 
v -1.3079807758331299 -3.7310588359832764 -0.46804746985435486 
v -1.3044712543487549 -3.7320008277893066 -0.4675461947917938 
v -1.3071496486663818 -3.738530158996582 -0.472484827041626 
v -1.3036401271820068 -3.7394723892211914 -0.47198355197906494 
v -1.3058565855026245 -3.7450270652770996 -0.4772935211658478 
v -1.302347183227539 -3.74596905708313 -0.4768015146255493 
v -1.3052101135253906 -3.756948947906494 -0.4878392219543457 
v -1.3017005920410156 -3.7578909397125244 -0.4873286485671997 
v -1.3025318384170532 -3.768156051635742 -0.5061734914779663 
v -1.298930048942566 -3.7690980434417725 -0.5056722164154053 
v -1.3022547960281372 -3.7780635356903076 -0.5284624099731445 
v -1.2987452745437622 -3.779038190841675 -0.5279518365859985 
v -1.296528697013855 -3.691687822341919 -0.47528836131095886 
v -1.3005000352859497 -3.697307586669922 -0.4702475965023041 
v -1.2964364290237427 -3.683306932449341 -0.47461068630218506 
v -1.3011465072631836 -3.6901936531066895 -0.46682208776474 
v -1.3053025007247925 -3.69867205619812 -0.4620041251182556 
v -1.303547739982605 -3.7047791481018066 -0.4671562910079956 
v -1.30613374710083 -3.713127613067627 -0.4653182029724121 
v -1.3089044094085693 -3.7108535766601562 -0.4592934250831604 
v -1.3114902973175049 -3.724724531173706 -0.4592098891735077 
v -1.3075190782546997 -3.7216708660125732 -0.4656802713871002 
v -1.3079807758331299 -3.7310588359832764 -0.46804746985435486 
v -1.3125061988830566 -3.7382054328918457 -0.4621526598930359 
v -1.3123215436935425 -3.749997138977051 -0.4670727252960205 
v -1.3071496486663818 -3.738530158996582 -0.472484827041626 
v -1.3058565855026245 -3.7450270652770996 -0.4772935211658478 
v -1.311120867729187 -3.759190320968628 -0.4731068015098572 
v -1.3052101135253906 -3.756948947906494 -0.4878392219543457 
v -1.3097355365753174 -3.7776412963867188 -0.4883776307106018 
v -1.3069648742675781 -3.7888808250427246 -0.5067211985588074 
v -1.3025318384170532 -3.768156051635742 -0.5061734914779663 
v -1.306780219078064 -3.798788547515869 -0.5290008187294006 
v -1.3022547960281372 -3.7780635356903076 -0.5284624099731445 
v -1.302347183227539 -3.74596905708313 -0.4768015146255493 
v -1.3036401271820068 -3.7394723892211914 -0.47198355197906494 
v -1.3088120222091675 -3.75093936920166 -0.4665714502334595 
v -1.3089966773986816 -3.739147424697876 -0.46165135502815247 
v -1.3044712543487549 -3.7320008277893066 -0.4675461947917938 
v -1.3079807758331299 -3.725698947906494 -0.45870858430862427 
v -1.3039171695709229 -3.7226128578186035 -0.4651789665222168 
v -1.3053948879241943 -3.7117955684661865 -0.4587828516960144 
v -1.3025318384170532 -3.7140696048736572 -0.46482619643211365 
v -1.3017929792404175 -3.6996140480041504 -0.4614935517311096 
v -1.30003821849823 -3.7057535648345947 -0.4666549861431122 
v -1.2976369857788086 -3.6911680698394775 -0.466311514377594 
v -1.2968981266021729 -3.698282241821289 -0.46974629163742065 
v -1.2929269075393677 -3.684248924255371 -0.47410011291503906 
v -1.2930192947387695 -3.6926300525665283 -0.47477778792381287 
v -1.307611346244812 -3.760132312774658 -0.4725962281227112 
v -1.3017005920410156 -3.7578909397125244 -0.4873286485671997 
v -1.3062260150909424 -3.778583288192749 -0.48788562417030334 
v -1.298930048942566 -3.7690980434417725 -0.5056722164154053 
v -1.3034553527832031 -3.789823055267334 -0.5062291622161865 
v -1.2987452745437622 -3.779038190841675 -0.5279518365859985 
v -1.303178310394287 -3.7997307777404785 -0.5285088419914246 
v -1.2987452745437622 -3.779038190841675 -0.5279518365859985 
v -1.303178310394287 -3.7997307777404785 -0.5285088419914246 
v -1.3022547960281372 -3.7780635356903076 -0.5284624099731445 
v -1.306780219078064 -3.798788547515869 -0.5290008187294006 
vn 0.2251320779323578 -0.6099749803543091 0.7597671151161194 
vn 0.1320992112159729 -0.3336445391178131 0.933397650718689 
vn 0.22720035910606384 -0.6162622570991516 0.7540562748908997 
vn 0.13436584174633026 -0.3502100706100464 0.926983654499054 
vn 0.013107799924910069 0 0.9999141097068787 
vn 0.017673155292868614 -0.012840298935770988 0.9997613430023193 
vn -0.1000904068350792 0.32752394676208496 0.9395264387130737 
vn -0.09628158807754517 0.3157797157764435 0.9439348578453064 
vn -0.18324173986911774 0.551772952079773 0.8136147856712341 
vn -0.18324173986911774 0.551772952079773 0.8136147856712341 
vn -0.2126627117395401 0.617938756942749 0.7569189071655273 
vn -0.2126627117395401 0.617938756942749 0.7569189071655273 
vn 0.2828651964664459 -0.7826811671257019 0.5544344186782837 
vn 0.28644895553588867 -0.7839478850364685 0.5507928133010864 
vn 0.31089240312576294 -0.8688860535621643 0.3852050006389618 
vn 0.31089240312576294 -0.8688860535621643 0.3852050006389618 
vn 0.31619080901145935 -0.8901652693748474 0.3280687630176544 
vn 0.31619080901145935 -0.8901652693748474 0.3280687630176544 
vn -0.32567453384399414 0.8996906280517578 -0.29067665338516235 
vn -0.31648075580596924 0.8885311484336853 -0.33219319581985474 
vn -0.31648075580596924 0.8885311484336853 -0.33219319581985474 
vn -0.3071053624153137 0.8474447727203369 -0.43303996324539185 
vn -0.30369049310684204 0.8466554880142212 -0.43697428703308105 
vn -0.25878778100013733 0.7036561369895935 -0.661737859249115 
vn -0.25895190238952637 0.6942769289016724 -0.6715083718299866 
vn -0.15859158337116241 0.40506890416145325 -0.9004265069961548 
vn -0.15493546426296234 0.39378461241722107 -0.9060511589050293 
vn -0.03275688365101814 0.05161658674478531 -0.9981296062469482 
vn -0.028240028768777847 0.038869064301252365 -0.9988451600074768 
vn 0.07835964113473892 -0.25587111711502075 -0.9635298252105713 
vn 0.07822360843420029 -0.2603091895580292 -0.962351381778717 
vn 0.16166235506534576 -0.4975455701351166 -0.8522403836250305 
vn 0.16711829602718353 -0.49966245889663696 -0.8499464392662048 
vn 0.21157187223434448 -0.6218010187149048 -0.7540562748908997 
vn 0.21157187223434448 -0.6218010187149048 -0.7540562748908997 
vn -0.32567453384399414 0.8996906280517578 -0.29067665338516235 
vn 0.9542487859725952 0.2902078926563263 -0.07203252613544464 
vn 0.9542487859725952 0.2902078926563263 -0.07203252613544464 
vn 0.9567109942436218 0.28306248784065247 -0.06767380982637405 
vn 0.9567109942436218 0.28306248784065247 -0.06767380982637405 
vn 0.9570833444595337 0.2828123867511749 -0.0633138045668602 
vn 0.9570833444595337 0.2828123867511749 -0.0633138045668602 
vn 0.9596894383430481 0.2757101058959961 -0.05459024757146835 
vn 0.9596894383430481 0.2757101058959961 -0.05459024757146835 
vn 0.9601113200187683 0.27583131194114685 -0.04586252197623253 
vn 0.9601113200187683 0.27583131194114685 -0.04586252197623253 
vn 0.958443820476532 0.2828545570373535 -0.03713129088282585 
vn 0.958443820476532 0.2828545570373535 -0.03713129088282585 
vn 0.9564265608787537 0.29012882709503174 -0.03276457265019417 
vn 0.9564265608787537 0.29012882709503174 -0.03276457265019417 
vn 0.9544451832771301 0.29741716384887695 -0.024029340595006943 
vn 0.9544451832771301 0.29741716384887695 -0.024029340595006943 
vn 0.952262818813324 0.3046455681324005 -0.01966099627315998 
vn 0.952262818813324 0.3046455681324005 -0.01966099627315998 
vn -0.9567109942436218 -0.28306248784065247 0.06767380982637405 
vn -0.9581456780433655 -0.27919211983680725 0.0633138045668602 
vn -0.9581456780433655 -0.27919211983680725 0.0633138045668602 
vn -0.9586402773857117 -0.27933624386787415 0.05459024757146835 
vn -0.9586402773857117 -0.27933624386787415 0.05459024757146835 
vn -0.9590616822242737 -0.27945902943611145 0.04586252197623253 
vn -0.9590616822242737 -0.27945902943611145 0.04586252197623253 
vn -0.958443820476532 -0.2828545570373535 0.03713129088282585 
vn -0.958443820476532 -0.2828545570373535 0.03713129088282585 
vn -0.9564265608787537 -0.29012882709503174 0.03276457265019417 
vn -0.9564265608787537 -0.29012882709503174 0.03276457265019417 
vn -0.9544451832771301 -0.29741716384887695 0.024029340595006943 
vn -0.9544451832771301 -0.29741716384887695 0.024029340595006943 
vn -0.952262818813324 -0.3046455681324005 0.01966099627315998 
vn -0.952262818813324 -0.3046455681324005 0.01966099627315998 
vn -0.9567109942436218 -0.28306248784065247 0.06767380982637405 
vn -0.9542487859725952 -0.2902078926563263 0.07203252613544464 
vn -0.9542487859725952 -0.2902078926563263 0.07203252613544464 
vn 0.2465713620185852 -0.48226508498191833 0.8406086564064026 
vn 0.24246802926063538 -0.4551243484020233 0.8567795157432556 
vn 0.26523229479789734 -0.5972650647163391 0.7569189071655273 
vn 0.2635841369628906 -0.5870738625526428 0.7654199600219727 
vn 0.2842395305633545 -0.7527517676353455 0.5937783122062683 
vn 0.2818542420864105 -0.7309250831604004 0.6215357780456543 
vn 0.28543129563331604 -0.858940839767456 0.42514660954475403 
vn 0.20989637076854706 -0.30103620886802673 0.9302261471748352 
vn 0.20673899352550507 -0.2781643867492676 0.9380210638046265 
vn 0.16206713020801544 -0.0928502231836319 0.9824016690254211 
vn 0.1627831906080246 -0.07247574627399445 0.9839963912963867 
vn 0.1016019880771637 0.14111627638339996 0.9847655892372131 
vn 0.1074007973074913 0.13123787939548492 0.9855159521102905 
vn 0.03562059998512268 0.3652539551258087 0.9302261471748352 
vn 0.03196292370557785 0.3737373948097229 0.926983654499054 
vn -0.04896553233265877 0.6005391478538513 0.7980946898460388 
vn -0.052652131766080856 0.6210177540779114 0.7820260524749756 
vn -0.09205364435911179 0.7172568440437317 0.6907016038894653 
vn -0.09205364435911179 0.7172568440437317 0.6907016038894653 
vn -0.04716966301202774 -0.31839534640312195 -0.946783721446991 
vn -0.10668130218982697 -0.11471006274223328 -0.9876541495323181 
vn -0.11166822165250778 -0.10361296683549881 -0.9883291721343994 
vn -0.16673976182937622 0.11739516258239746 -0.9789873361587524 
vn -0.1732899248600006 0.1371542513370514 -0.9752739667892456 
vn -0.22878199815750122 0.3559917211532593 -0.9060511589050293 
vn -0.23574717342853546 0.3932054936885834 -0.888714075088501 
vn -0.25961050391197205 0.5552474856376648 -0.790128231048584 
vn -0.26188403367996216 0.5693113803863525 -0.7792953848838806 
vn -0.27006015181541443 0.6235964894294739 -0.7336177229881287 
vn -0.2686008810997009 0.6311713457107544 -0.7276512384414673 
vn -0.2881159484386444 0.7400197982788086 -0.607749879360199 
vn -0.28443771600723267 0.7581884860992432 -0.5867242813110352 
vn -0.29131168127059937 0.8549929261207581 -0.42909738421440125 
vn -0.2875881493091583 0.8582210540771484 -0.42514660954475403 
vn -0.2894752323627472 0.8762540817260742 -0.3852050006389618 
vn -0.2894752323627472 0.8762540817260742 -0.3852050006389618 
vn -0.05268925055861473 -0.3133313059806824 -0.9481810927391052 
vn 0.024559445679187775 -0.5300091505050659 -0.8476362228393555 
vn 0.01887235976755619 -0.5115864276885986 -0.8590245246887207 
vn 0.06601445376873016 -0.6401362419128418 -0.7654199600219727 
vn 0.06601445376873016 -0.6401362419128418 -0.7654199600219727 
vn 0.8626415133476257 0.13548126816749573 -0.48733407258987427 
vn 0.8644724488258362 0.15029960870742798 -0.4796847105026245 
vn 0.8644724488258362 0.15029960870742798 -0.4796847105026245 
vn 0.8673543334007263 0.15784049034118652 -0.4719987213611603 
vn 0.8673543334007263 0.15784049034118652 -0.4719987213611603 
vn 0.8701574802398682 0.1651458442211151 -0.4642767012119293 
vn 0.8701574802398682 0.1651458442211151 -0.4642767012119293 
vn 0.8707453012466431 0.17272038757801056 -0.46040233969688416 
vn 0.8707453012466431 0.17272038757801056 -0.46040233969688416 
vn 0.8692432045936584 0.18012739717960358 -0.46040233969688416 
vn 0.8692432045936584 0.18012739717960358 -0.46040233969688416 
vn 0.8876696228981018 0.19485747814178467 -0.417220801115036 
vn 0.9038134217262268 0.20960897207260132 -0.37307560443878174 
vn 0.9251424074172974 0.21696434915065765 -0.31150925159454346 
vn 0.933152437210083 0.21713629364967346 -0.2864931523799896 
vn 0.962407112121582 0.2171737551689148 -0.16312000155448914 
vn 0.9539226293563843 0.20970773696899414 -0.21460255980491638 
vn 0.970239520072937 0.2172999531030655 -0.10684575140476227 
vn 0.970239520072937 0.2172999531030655 -0.10684575140476227 
vn 0.8648571968078613 0.12053021788597107 -0.48733407258987427 
vn 0.8655554056167603 0.09793165326118469 -0.4911448359489441 
vn 0.8655554056167603 0.09793165326118469 -0.4911448359489441 
vn -0.9702972769737244 -0.2170417606830597 0.10684575140476227 
vn -0.963231086730957 -0.21348948776721954 0.16312000155448914 
vn -0.9702972769737244 -0.2170417606830597 0.10684575140476227 
vn -0.9531051516532898 -0.21339230239391327 0.21460255980491638 
vn -0.9332146048545837 -0.21686895191669464 0.2864931523799896 
vn -0.9242733716964722 -0.2206369936466217 0.31150925159454346 
vn -0.9030168652534485 -0.21301425993442535 0.37307560443878174 
vn -0.8869099617004395 -0.1982865035533905 0.417220801115036 
vn -0.8700498938560486 -0.17618994414806366 0.46040233969688416 
vn -0.8700498938560486 -0.17618994414806366 0.46040233969688416 
vn -0.8715164065361023 -0.16878625750541687 0.46040233969688416 
vn -0.8687637448310852 -0.17232733964920044 0.4642767012119293 
vn -0.8701993823051453 -0.16492469608783722 0.4642767012119293 
vn -0.8701993823051453 -0.16492469608783722 0.4642767012119293 
vn -0.8673930168151855 -0.15762777626514435 0.4719987213611603 
vn -0.8673930168151855 -0.15762777626514435 0.4719987213611603 
vn -0.8638547658920288 -0.15381000936031342 0.4796847105026245 
vn -0.8652783036231995 -0.15768253803253174 0.4758462607860565 
vn -0.8653922080993652 -0.11662695556879044 0.48733407258987427 
vn -0.8653985261917114 -0.13152779638767242 0.4835140109062195 
vn -0.86512291431427 -0.10168137401342392 0.4911448359489441 
vn -0.86512291431427 -0.10168137401342392 0.4911448359489441 
vn 0.28915148973464966 -0.8557259440422058 0.42909738421440125 
vn 0.2894752323627472 -0.8762540817260742 0.3852050006389618 
vn 0.2894752323627472 -0.8762540817260742 0.3852050006389618 
vn -0.13916100561618805 -0.00754509074613452 -0.9902410507202148 
vn -0.13916100561618805 -0.00754509074613452 -0.9902410507202148 
vn -0.13916100561618805 -0.00754509074613452 -0.9902410507202148 
vn -0.13916100561618805 -0.00754509074613452 -0.9902410507202148 
vn -0.28622326254844666 -0.929741621017456 0.23163928091526031 
vn -0.2840454578399658 -0.8815294504165649 0.37712597846984863 
vn -0.28622326254844666 -0.929741621017456 0.23163928091526031 
vn -0.2841271758079529 -0.8915500044822693 0.3527185618877411 
vn -0.26150408387184143 -0.7926177382469177 0.5507928133010864 
vn -0.2651599645614624 -0.8038719892501831 0.5324283838272095 
vn -0.24386809766292572 -0.687157392501831 0.6843559741973877 
vn -0.24240660667419434 -0.7094660401344299 0.661737859249115 
vn -0.20861975848674774 -0.5615386962890625 0.8007197380065918 
vn -0.20454266667366028 -0.544236421585083 0.8136147856712341 
vn -0.16301807761192322 -0.3775661289691925 0.9115201234817505 
vn -0.15732286870479584 -0.3626042306423187 0.9185682535171509 
vn -0.10615341365337372 -0.15886981785297394 0.9815762042999268 
vn -0.10619035363197327 -0.16397687792778015 0.9807319641113281 
vn -0.037138186395168304 0.06923644244670868 0.9969087839126587 
vn -0.0325416661798954 0.08098305016756058 0.9961841106414795 
vn 0.029980964958667755 0.29961463809013367 0.953589141368866 
vn 0.03004106879234314 0.2954179346561432 0.9548956751823425 
vn 0.05994380638003349 0.3784703016281128 0.9236704111099243 
vn 0.05994380638003349 0.3784703016281128 0.9236704111099243 
vn -0.0639304667711258 -0.3819062113761902 -0.9219872951507568 
vn -0.011352099478244781 -0.23348820209503174 -0.9722933769226074 
vn -0.0639304667711258 -0.3819062113761902 -0.9219872951507568 
vn -0.024578625336289406 -0.2580026388168335 -0.9658315181732178 
vn 0.050186581909656525 -0.015098893083631992 -0.9986256957054138 
vn 0.047453347593545914 -0.022245215252041817 -0.9986256957054138 
vn 0.10841618478298187 0.182725727558136 -0.9771679639816284 
vn 0.11376884579658508 0.18946592509746552 -0.9752739667892456 
vn 0.17255467176437378 0.39932066202163696 -0.9004265069961548 
vn 0.1746448278427124 0.4154636263847351 -0.8926864862442017 
vn 0.22375909984111786 0.6104799509048462 -0.7597671151161194 
vn 0.2295708805322647 0.6430087685585022 -0.7306414246559143 
vn 0.25805383920669556 0.7648561596870422 -0.590256929397583 
vn 0.2597652077674866 0.7750339508056641 -0.5760593414306641 
vn 0.27290716767311096 0.8203625679016113 -0.5025205612182617 
vn 0.2712755501270294 0.8300091028213501 -0.48733407258987427 
vn 0.28627994656562805 0.8908610343933105 -0.3527185618877411 
vn 0.28427907824516296 0.8993514776229858 -0.33219319581985474 
vn 0.28476089239120483 0.9301905632019043 -0.23163928091526031 
vn 0.28476089239120483 0.9301905632019043 -0.23163928091526031 
vn -0.8809434175491333 0.03399788588285446 -0.4719987213611603 
vn -0.8753514885902405 0.19841046631336212 -0.4409002661705017 
vn -0.8809434175491333 0.03399788588285446 -0.4719987213611603 
vn -0.8815159201622009 0.12049849331378937 -0.456519216299057 
vn -0.8634487986564636 0.28928181529045105 -0.41324591636657715 
vn -0.8658170104026794 0.2821146845817566 -0.41324591636657715 
vn -0.8683964014053345 0.2857305109500885 -0.405272513628006 
vn -0.8683964014053345 0.2857305109500885 -0.405272513628006 
vn -0.8695805072784424 0.2932707667350769 -0.3972681760787964 
vn -0.8695805072784424 0.2932707667350769 -0.3972681760787964 
vn -0.8714665174484253 0.29308170080184937 -0.3932546079158783 
vn -0.872001051902771 0.29683563113212585 -0.3892335295677185 
vn -0.8695369362831116 0.30397823452949524 -0.3892335295677185 
vn -0.8695369362831116 0.30397823452949524 -0.3892335295677185 
vn -0.8670142889022827 0.31110039353370667 -0.3892335295677185 
vn -0.8644333481788635 0.31820160150527954 -0.3892335295677185 
vn -0.9070083498954773 0.3006603419780731 -0.2948545813560486 
vn -0.9501643776893616 0.2682681083679199 -0.15880759060382843 
vn -0.9682804346084595 0.23925787210464478 -0.07203252613544464 
vn -0.9682804346084595 0.23925787210464478 -0.07203252613544464 
vn 0.8671539425849915 -0.31071093678474426 0.3892335295677185 
vn 0.8696701526641846 -0.30359694361686707 0.3892335295677185 
vn 0.8696701526641846 -0.30359694361686707 0.3892335295677185 
vn 0.8721279501914978 -0.2964625954627991 0.3892335295677185 
vn 0.8703827857971191 -0.2962847650051117 0.3932546079158783 
vn 0.8709023594856262 -0.28932178020477295 0.3972681760787964 
vn 0.8709023594856262 -0.28932178020477295 0.3972681760787964 
vn 0.8672094345092773 -0.2893129885196686 0.405272513628006 
vn 0.8672094345092773 -0.2893129885196686 0.405272513628006 
vn 0.8658170104026794 -0.2821146845817566 0.41324591636657715 
vn 0.8653989434242249 -0.2891165316104889 0.40926313400268555 
vn 0.8815379738807678 -0.12033688277006149 0.456519216299057 
vn 0.8761782050132751 -0.1947273313999176 0.4409002661705017 
vn 0.8810824751853943 -0.030180757865309715 0.4719987213611603 
vn 0.8810824751853943 -0.030180757865309715 0.4719987213611603 
vn 0.8645795583724976 -0.3178040683269501 0.3892335295677185 
vn 0.9083073139190674 -0.29671305418014526 0.2948545813560486 
vn 0.9501643776893616 -0.2682681083679199 0.15880759060382843 
vn 0.9664415121078491 -0.24658092856407166 0.07203252613544464 
vn 0.9664415121078491 -0.24658092856407166 0.07203252613544464 
vn 0.13745683431625366 0.2910432815551758 -0.946783721446991 
vn 0.13745683431625366 0.2910432815551758 -0.946783721446991 
vn 0.13745683431625366 0.2910432815551758 -0.946783721446991 
vn 0.13745683431625366 0.2910432815551758 -0.946783721446991 
vn 0.2465713620185852 -0.48226508498191833 0.8406086564064026 
vn 0.26523229479789734 -0.5972650647163391 0.7569189071655273 
vn 0.24246802926063538 -0.4551243484020233 0.8567795157432556 
vn 0.2635841369628906 -0.5870738625526428 0.7654199600219727 
vn 0.2842395305633545 -0.7527517676353455 0.5937783122062683 
vn 0.2818542420864105 -0.7309250831604004 0.6215357780456543 
vn 0.29257896542549133 -0.8565325140953064 0.42514660954475403 
vn 0.20989637076854706 -0.30103620886802673 0.9302261471748352 
vn 0.20673899352550507 -0.2781643867492676 0.9380210638046265 
vn 0.16206713020801544 -0.0928502231836319 0.9824016690254211 
vn 0.1627831906080246 -0.07247574627399445 0.9839963912963867 
vn 0.1016019880771637 0.14111627638339996 0.9847655892372131 
vn 0.1074007973074913 0.13123787939548492 0.9855159521102905 
vn 0.03562059998512268 0.3652539551258087 0.9302261471748352 
vn 0.03196292370557785 0.3737373948097229 0.926983654499054 
vn -0.04896553233265877 0.6005391478538513 0.7980946898460388 
vn -0.052652131766080856 0.6210177540779114 0.7820260524749756 
vn -0.09205364435911179 0.7172568440437317 0.6907016038894653 
vn -0.09205364435911179 0.7172568440437317 0.6907016038894653 
vn -0.04716966301202774 -0.31839534640312195 -0.946783721446991 
vn -0.10668130218982697 -0.11471006274223328 -0.9876541495323181 
vn -0.11166822165250778 -0.10361296683549881 -0.9883291721343994 
vn -0.16673976182937622 0.11739516258239746 -0.9789873361587524 
vn -0.1732899248600006 0.1371542513370514 -0.9752739667892456 
vn -0.22878199815750122 0.3559917211532593 -0.9060511589050293 
vn -0.23574717342853546 0.3932054936885834 -0.888714075088501 
vn -0.25961050391197205 0.5552474856376648 -0.790128231048584 
vn -0.26188403367996216 0.5693113803863525 -0.7792953848838806 
vn -0.27006015181541443 0.6235964894294739 -0.7336177229881287 
vn -0.27554190158843994 0.6281722187995911 -0.7276512384414673 
vn -0.2881159484386444 0.7400197982788086 -0.607749879360199 
vn -0.28443771600723267 0.7581884860992432 -0.5867242813110352 
vn -0.29131168127059937 0.8549929261207581 -0.42909738421440125 
vn -0.2875881493091583 0.8582210540771484 -0.42514660954475403 
vn -0.2894752323627472 0.8762540817260742 -0.3852050006389618 
vn -0.2894752323627472 0.8762540817260742 -0.3852050006389618 
vn -0.05268925055861473 -0.3133313059806824 -0.9481810927391052 
vn 0.024559445679187775 -0.5300091505050659 -0.8476362228393555 
vn 0.01887235976755619 -0.5115864276885986 -0.8590245246887207 
vn 0.06601445376873016 -0.6401362419128418 -0.7654199600219727 
vn 0.06601445376873016 -0.6401362419128418 -0.7654199600219727 
vn 0.8626415133476257 0.13548126816749573 -0.48733407258987427 
vn 0.8644724488258362 0.15029960870742798 -0.4796847105026245 
vn 0.8644724488258362 0.15029960870742798 -0.4796847105026245 
vn 0.8673543334007263 0.15784049034118652 -0.4719987213611603 
vn 0.8673543334007263 0.15784049034118652 -0.4719987213611603 
vn 0.8701574802398682 0.1651458442211151 -0.4642767012119293 
vn 0.8701574802398682 0.1651458442211151 -0.4642767012119293 
vn 0.8707453012466431 0.17272038757801056 -0.46040233969688416 
vn 0.8707453012466431 0.17272038757801056 -0.46040233969688416 
vn 0.8692432045936584 0.18012739717960358 -0.46040233969688416 
vn 0.8692432045936584 0.18012739717960358 -0.46040233969688416 
vn 0.8876696228981018 0.19485747814178467 -0.417220801115036 
vn 0.9038134217262268 0.20960897207260132 -0.37307560443878174 
vn 0.9251424074172974 0.21696434915065765 -0.31150925159454346 
vn 0.933152437210083 0.21713629364967346 -0.2864931523799896 
vn 0.962407112121582 0.2171737551689148 -0.16312000155448914 
vn 0.9539226293563843 0.20970773696899414 -0.21460255980491638 
vn 0.970239520072937 0.2172999531030655 -0.10684575140476227 
vn 0.970239520072937 0.2172999531030655 -0.10684575140476227 
vn 0.8648571968078613 0.12053021788597107 -0.48733407258987427 
vn 0.8655554056167603 0.09793165326118469 -0.4911448359489441 
vn 0.8655554056167603 0.09793165326118469 -0.4911448359489441 
vn -0.9702972769737244 -0.2170417606830597 0.10684575140476227 
vn -0.963231086730957 -0.21348948776721954 0.16312000155448914 
vn -0.9702972769737244 -0.2170417606830597 0.10684575140476227 
vn -0.9531051516532898 -0.21339230239391327 0.21460255980491638 
vn -0.9332146048545837 -0.21686895191669464 0.2864931523799896 
vn -0.9237452149391174 -0.216920867562294 0.31565824151039124 
vn -0.9030168652534485 -0.21301425993442535 0.37307560443878174 
vn -0.8869099617004395 -0.1982865035533905 0.417220801115036 
vn -0.8700498938560486 -0.17618994414806366 0.46040233969688416 
vn -0.8700498938560486 -0.17618994414806366 0.46040233969688416 
vn -0.8715164065361023 -0.16878625750541687 0.46040233969688416 
vn -0.8687637448310852 -0.17232733964920044 0.4642767012119293 
vn -0.8701993823051453 -0.16492469608783722 0.4642767012119293 
vn -0.8701993823051453 -0.16492469608783722 0.4642767012119293 
vn -0.8673930168151855 -0.15762777626514435 0.4719987213611603 
vn -0.8673930168151855 -0.15762777626514435 0.4719987213611603 
vn -0.8638547658920288 -0.15381000936031342 0.4796847105026245 
vn -0.8652783036231995 -0.15768253803253174 0.4758462607860565 
vn -0.8653922080993652 -0.11662695556879044 0.48733407258987427 
vn -0.8632470965385437 -0.13156729936599731 0.48733407258987427 
vn -0.86512291431427 -0.10168137401342392 0.4911448359489441 
vn -0.86512291431427 -0.10168137401342392 0.4911448359489441 
vn 0.28915148973464966 -0.8557259440422058 0.42909738421440125 
vn 0.2894752323627472 -0.8762540817260742 0.3852050006389618 
vn 0.2894752323627472 -0.8762540817260742 0.3852050006389618 
vn -0.13916100561618805 -0.00754509074613452 -0.9902410507202148 
vn -0.13916100561618805 -0.00754509074613452 -0.9902410507202148 
vn -0.13916100561618805 -0.00754509074613452 -0.9902410507202148 
vn -0.13916100561618805 -0.00754509074613452 -0.9902410507202148 
vn 0.28622326254844666 -0.929741621017456 0.23163928091526031 
vn 0.28622326254844666 -0.929741621017456 0.23163928091526031 
vn 0.2804511487483978 -0.8826795220375061 0.37712597846984863 
vn 0.2805293798446655 -0.8926885724067688 0.3527185618877411 
vn 0.26508423686027527 -0.7914276123046875 0.5507928133010864 
vn 0.2687395215034485 -0.8026823997497559 0.5324283838272095 
vn 0.24386809766292572 -0.687157392501831 0.6843559741973877 
vn 0.24596969783306122 -0.7082386016845703 0.661737859249115 
vn 0.2121509313583374 -0.5602141618728638 0.8007197380065918 
vn 0.20806364715099335 -0.5429000854492188 0.8136147856712341 
vn 0.15955309569835663 -0.3790434002876282 0.9115201234817505 
vn 0.15732286870479584 -0.3626042306423187 0.9185682535171509 
vn 0.10615341365337372 -0.15886981785297394 0.9815762042999268 
vn 0.10619035363197327 -0.16397687792778015 0.9807319641113281 
vn 0.03385210037231445 0.07090109586715698 0.9969087839126587 
vn 0.0325416661798954 0.08098305016756058 0.9961841106414795 
vn -0.029980964958667755 0.29961463809013367 0.953589141368866 
vn -0.03004106879234314 0.2954179346561432 0.9548956751823425 
vn -0.05994380638003349 0.3784703016281128 0.9236704111099243 
vn -0.05994380638003349 0.3784703016281128 0.9236704111099243 
vn -0.048950549215078354 -0.01872199960052967 -0.9986256957054138 
vn -0.10841618478298187 0.182725727558136 -0.9771679639816284 
vn -0.11049964278936386 0.1913910061120987 -0.9752739667892456 
vn -0.17255467176437378 0.39932066202163696 -0.9004265069961548 
vn -0.17115814983844757 0.41691213846206665 -0.8926864862442017 
vn -0.22730036079883575 0.6091703176498413 -0.7597671151161194 
vn -0.2295708805322647 0.6430087685585022 -0.7306414246559143 
vn -0.2616320252418518 0.7636395692825317 -0.590256929397583 
vn -0.2597652077674866 0.7750339508056641 -0.5760593414306641 
vn -0.2693200707435608 0.8215472102165222 -0.5025205612182617 
vn -0.2712755501270294 0.8300091028213501 -0.48733407258987427 
vn -0.28627994656562805 0.8908610343933105 -0.3527185618877411 
vn -0.28067755699157715 0.9004819989204407 -0.33219319581985474 
vn -0.28837093710899353 0.9290777444839478 -0.23163928091526031 
vn -0.28837093710899353 0.9290777444839478 -0.23163928091526031 
vn -0.048950549215078354 -0.01872199960052967 -0.9986256957054138 
vn 0.02080618590116501 -0.258334219455719 -0.9658315181732178 
vn 0.011352099478244781 -0.23348820209503174 -0.9722933769226074 
vn 0.0639304667711258 -0.3819062113761902 -0.9219872951507568 
vn 0.0639304667711258 -0.3819062113761902 -0.9219872951507568 
vn 0.8761782050132751 0.1947273313999176 -0.4409002661705017 
vn 0.8658170104026794 0.2821146845817566 -0.41324591636657715 
vn 0.8634487986564636 0.28928181529045105 -0.41324591636657715 
vn 0.8672094345092773 0.2893129885196686 -0.405272513628006 
vn 0.8672094345092773 0.2893129885196686 -0.405272513628006 
vn 0.8707806468009949 0.2896878719329834 -0.3972681760787964 
vn 0.8707806468009949 0.2896878719329834 -0.3972681760787964 
vn 0.8702555894851685 0.2966580390930176 -0.3932546079158783 
vn 0.872001051902771 0.29683563113212585 -0.3892335295677185 
vn 0.8695369362831116 0.30397823452949524 -0.3892335295677185 
vn 0.8695369362831116 0.30397823452949524 -0.3892335295677185 
vn 0.8670142889022827 0.31110039353370667 -0.3892335295677185 
vn 0.8644333481788635 0.31820160150527954 -0.3892335295677185 
vn 0.9081893563270569 0.2970737814903259 -0.2948545813560486 
vn 0.9501643776893616 0.2682681083679199 -0.15880759060382843 
vn 0.9682804346084595 0.23925787210464478 -0.07203252613544464 
vn 0.9682804346084595 0.23925787210464478 -0.07203252613544464 
vn 0.8815159201622009 0.12049849331378937 -0.456519216299057 
vn 0.8810810446739197 0.030221914872527122 -0.4719987213611603 
vn 0.8810810446739197 0.030221914872527122 -0.4719987213611603 
vn -0.9664415121078491 -0.24658092856407166 0.07203252613544464 
vn -0.9501643776893616 -0.2682681083679199 0.15880759060382843 
vn -0.9664415121078491 -0.24658092856407166 0.07203252613544464 
vn -0.9083073139190674 -0.29671305418014526 0.2948545813560486 
vn -0.8658740520477295 -0.3142601251602173 0.3892335295677185 
vn -0.8658740520477295 -0.3142601251602173 0.3892335295677185 
vn -0.868419349193573 -0.307156503200531 0.3892335295677185 
vn -0.8709063529968262 -0.30003228783607483 0.3892335295677185 
vn -0.8709063529968262 -0.30003228783607483 0.3892335295677185 
vn -0.8703827857971191 -0.2962847650051117 0.3932546079158783 
vn -0.8709023594856262 -0.28932178020477295 0.3972681760787964 
vn -0.8709023594856262 -0.28932178020477295 0.3972681760787964 
vn -0.8683964014053345 -0.2857305109500885 0.405272513628006 
vn -0.8683964014053345 -0.2857305109500885 0.405272513628006 
vn -0.8658170104026794 -0.2821146845817566 0.41324591636657715 
vn -0.8653989434242249 -0.2891165316104889 0.40926313400268555 
vn -0.8810198903083801 -0.12407321482896805 0.456519216299057 
vn -0.8769893646240234 -0.1910407543182373 0.4409002661705017 
vn -0.8810824751853943 -0.030180757865309715 0.4719987213611603 
vn -0.8810824751853943 -0.030180757865309715 0.4719987213611603 
vn -0.14087173342704773 0.28940582275390625 -0.946783721446991 
vn -0.14087173342704773 0.28940582275390625 -0.946783721446991 
vn -0.14087173342704773 0.28940582275390625 -0.946783721446991 
vn -0.14087173342704773 0.28940582275390625 -0.946783721446991 
vn 0.2465713620185852 -0.48226508498191833 0.8406086564064026 
vn 0.24246802926063538 -0.4551243484020233 0.8567795157432556 
vn 0.26523229479789734 -0.5972650647163391 0.7569189071655273 
vn 0.2635841369628906 -0.5870738625526428 0.7654199600219727 
vn 0.2842395305633545 -0.7527517676353455 0.5937783122062683 
vn 0.2818542420864105 -0.7309250831604004 0.6215357780456543 
vn 0.29257896542549133 -0.8565325140953064 0.42514660954475403 
vn 0.20989637076854706 -0.30103620886802673 0.9302261471748352 
vn 0.20673899352550507 -0.2781643867492676 0.9380210638046265 
vn 0.16206713020801544 -0.0928502231836319 0.9824016690254211 
vn 0.1627831906080246 -0.07247574627399445 0.9839963912963867 
vn 0.1016019880771637 0.14111627638339996 0.9847655892372131 
vn 0.1074007973074913 0.13123787939548492 0.9855159521102905 
vn 0.03562059998512268 0.3652539551258087 0.9302261471748352 
vn 0.03196292370557785 0.3737373948097229 0.926983654499054 
vn -0.04896553233265877 0.6005391478538513 0.7980946898460388 
vn -0.052652131766080856 0.6210177540779114 0.7820260524749756 
vn -0.09205364435911179 0.7172568440437317 0.6907016038894653 
vn -0.09205364435911179 0.7172568440437317 0.6907016038894653 
vn -0.04716966301202774 -0.31839534640312195 -0.946783721446991 
vn -0.10668130218982697 -0.11471006274223328 -0.9876541495323181 
vn -0.11166822165250778 -0.10361296683549881 -0.9883291721343994 
vn -0.16673976182937622 0.11739516258239746 -0.9789873361587524 
vn -0.1732899248600006 0.1371542513370514 -0.9752739667892456 
vn -0.22878199815750122 0.3559917211532593 -0.9060511589050293 
vn -0.23574717342853546 0.3932054936885834 -0.888714075088501 
vn -0.25961050391197205 0.5552474856376648 -0.790128231048584 
vn -0.26188403367996216 0.5693113803863525 -0.7792953848838806 
vn -0.27006015181541443 0.6235964894294739 -0.7336177229881287 
vn -0.2686008810997009 0.6311713457107544 -0.7276512384414673 
vn -0.2881159484386444 0.7400197982788086 -0.607749879360199 
vn -0.28443771600723267 0.7581884860992432 -0.5867242813110352 
vn -0.29131168127059937 0.8549929261207581 -0.42909738421440125 
vn -0.2875881493091583 0.8582210540771484 -0.42514660954475403 
vn -0.2894752323627472 0.8762540817260742 -0.3852050006389618 
vn -0.2894752323627472 0.8762540817260742 -0.3852050006389618 
vn -0.05268925055861473 -0.3133313059806824 -0.9481810927391052 
vn 0.024559445679187775 -0.5300091505050659 -0.8476362228393555 
vn 0.01887235976755619 -0.5115864276885986 -0.8590245246887207 
vn 0.06601445376873016 -0.6401362419128418 -0.7654199600219727 
vn 0.06601445376873016 -0.6401362419128418 -0.7654199600219727 
vn 0.8626415133476257 0.13548126816749573 -0.48733407258987427 
vn 0.8644724488258362 0.15029960870742798 -0.4796847105026245 
vn 0.8644724488258362 0.15029960870742798 -0.4796847105026245 
vn 0.8673543334007263 0.15784049034118652 -0.4719987213611603 
vn 0.8673543334007263 0.15784049034118652 -0.4719987213611603 
vn 0.8701574802398682 0.1651458442211151 -0.4642767012119293 
vn 0.8701574802398682 0.1651458442211151 -0.4642767012119293 
vn 0.8707453012466431 0.17272038757801056 -0.46040233969688416 
vn 0.8707453012466431 0.17272038757801056 -0.46040233969688416 
vn 0.8692432045936584 0.18012739717960358 -0.46040233969688416 
vn 0.8692432045936584 0.18012739717960358 -0.46040233969688416 
vn 0.8876696228981018 0.19485747814178467 -0.417220801115036 
vn 0.9038134217262268 0.20960897207260132 -0.37307560443878174 
vn 0.9251424074172974 0.21696434915065765 -0.31150925159454346 
vn 0.933152437210083 0.21713629364967346 -0.2864931523799896 
vn 0.962407112121582 0.2171737551689148 -0.16312000155448914 
vn 0.9539226293563843 0.20970773696899414 -0.21460255980491638 
vn 0.970239520072937 0.2172999531030655 -0.10684575140476227 
vn 0.970239520072937 0.2172999531030655 -0.10684575140476227 
vn 0.8648571968078613 0.12053021788597107 -0.48733407258987427 
vn 0.8655554056167603 0.09793165326118469 -0.4911448359489441 
vn 0.8655554056167603 0.09793165326118469 -0.4911448359489441 
vn -0.9702972769737244 -0.2170417606830597 0.10684575140476227 
vn -0.963231086730957 -0.21348948776721954 0.16312000155448914 
vn -0.9702972769737244 -0.2170417606830597 0.10684575140476227 
vn -0.9531051516532898 -0.21339230239391327 0.21460255980491638 
vn -0.9332146048545837 -0.21686895191669464 0.2864931523799896 
vn -0.9237452149391174 -0.216920867562294 0.31565824151039124 
vn -0.9030168652534485 -0.21301425993442535 0.37307560443878174 
vn -0.8869099617004395 -0.1982865035533905 0.417220801115036 
vn -0.8700498938560486 -0.17618994414806366 0.46040233969688416 
vn -0.8700498938560486 -0.17618994414806366 0.46040233969688416 
vn -0.8715164065361023 -0.16878625750541687 0.46040233969688416 
vn -0.8687637448310852 -0.17232733964920044 0.4642767012119293 
vn -0.8701993823051453 -0.16492469608783722 0.4642767012119293 
vn -0.8701993823051453 -0.16492469608783722 0.4642767012119293 
vn -0.8673930168151855 -0.15762777626514435 0.4719987213611603 
vn -0.8673930168151855 -0.15762777626514435 0.4719987213611603 
vn -0.8638547658920288 -0.15381000936031342 0.4796847105026245 
vn -0.8652783036231995 -0.15768253803253174 0.4758462607860565 
vn -0.8653922080993652 -0.11662695556879044 0.48733407258987427 
vn -0.8632470965385437 -0.13156729936599731 0.48733407258987427 
vn -0.86512291431427 -0.10168137401342392 0.4911448359489441 
vn -0.86512291431427 -0.10168137401342392 0.4911448359489441 
vn 0.28915148973464966 -0.8557259440422058 0.42909738421440125 
vn 0.2894752323627472 -0.8762540817260742 0.3852050006389618 
vn 0.2894752323627472 -0.8762540817260742 0.3852050006389618 
vn -0.13916100561618805 -0.00754509074613452 -0.9902410507202148 
vn -0.13916100561618805 -0.00754509074613452 -0.9902410507202148 
vn -0.13916100561618805 -0.00754509074613452 -0.9902410507202148 
vn -0.13916100561618805 -0.00754509074613452 -0.9902410507202148 
vn 0.1120307520031929 -0.49567338824272156 0.8612531423568726 
vn 0.11579947173595428 -0.50251305103302 0.8567795157432556 
vn 0.068801149725914 -0.2845672369003296 0.9561840295791626 
vn 0.06700348109006882 -0.2935614287853241 0.953589141368866 
vn 0.020038198679685593 -0.07596973329782486 0.9969087839126587 
vn 0.025556590408086777 -0.0834510326385498 0.9961841106414795 
vn -0.025957101956009865 0.1281033456325531 0.991421103477478 
vn -0.023971552029252052 0.1240791603922844 0.9919826984405518 
vn -0.08391622453927994 0.382139652967453 0.9202865362167358 
vn -0.08406510949134827 0.37798482179641724 0.9219872951507568 
vn -0.11386847496032715 0.5182150602340698 0.8476362228393555 
vn -0.11386847496032715 0.5182150602340698 0.8476362228393555 
vn 0.1533152312040329 -0.6910765171051025 0.7063339352607727 
vn 0.15520760416984558 -0.6969512701034546 0.7001210451126099 
vn 0.18899714946746826 -0.8546895980834961 0.4835140109062195 
vn 0.19273178279399872 -0.8516806960105896 0.48733407258987427 
vn 0.19840656220912933 -0.9128668904304504 0.3568037748336792 
vn 0.19840656220912933 -0.9128668904304504 0.3568037748336792 
vn -0.20798563957214355 0.9257979393005371 -0.31565824151039124 
vn -0.200357124209404 0.8826705813407898 -0.42514660954475403 
vn -0.1965608447790146 0.8854178190231323 -0.42118772864341736 
vn -0.1759863942861557 0.7904323935508728 -0.5867242813110352 
vn -0.17799405753612518 0.784694492816925 -0.5937783122062683 
vn -0.1386852264404297 0.6076197028160095 -0.7820260524749756 
vn -0.13485069572925568 0.5908194780349731 -0.7954543828964233 
vn -0.08040829002857208 0.3329031765460968 -0.9395264387130737 
vn -0.07858064770698547 0.3248848617076874 -0.9424833655357361 
vn -0.026279127225279808 0.11027190089225769 -0.9935539960861206 
vn -0.02434360608458519 0.10180319845676422 -0.9945066571235657 
vn 0.016953730955719948 -0.07671701908111572 -0.9969087839126587 
vn 0.01687120646238327 -0.08118870109319687 -0.9965559244155884 
vn 0.05068950355052948 -0.2584646940231323 -0.9646899104118347 
vn 0.05068950355052948 -0.2584646940231323 -0.9646899104118347 
vn 0.08241555094718933 -0.36593571305274963 -0.926983654499054 
vn 0.08241555094718933 -0.36593571305274963 -0.926983654499054 
vn -0.20798563957214355 0.9257979393005371 -0.31565824151039124 
vn 0.9812928438186646 0.12046648561954498 -0.15017375349998474 
vn 0.9812928438186646 0.12046648561954498 -0.15017375349998474 
vn 0.9801498055458069 0.1579165905714035 -0.11986933648586273 
vn 0.9807745218276978 0.1429205983877182 -0.1328723281621933 
vn 0.9813355803489685 0.16536776721477509 -0.0981530249118805 
vn 0.9813355803489685 0.16536776721477509 -0.0981530249118805 
vn 0.982553243637085 0.16536948084831238 -0.08510008454322815 
vn 0.982553243637085 0.16536948084831238 -0.08510008454322815 
vn 0.9839031100273132 0.1653934121131897 -0.06767380982637405 
vn 0.9836021065711975 0.16534282267093658 -0.07203252613544464 
vn 0.9847264885902405 0.16532890498638153 -0.05459024757146835 
vn 0.9844818711280823 0.1652878373861313 -0.058952588587999344 
vn 0.9841046929359436 0.17267289757728577 -0.04149730131030083 
vn 0.9838805794715881 0.17284557223320007 -0.04586252197623253 
vn 0.9817032217979431 0.1875772625207901 -0.03276457265019417 
vn 0.9830917716026306 0.18015825748443604 -0.03276457265019417 
vn 0.9803897738456726 0.19501164555549622 -0.028397228568792343 
vn 0.9803897738456726 0.19501164555549622 -0.028397228568792343 
vn -0.9813116192817688 -0.13918480277061462 0.1328723281621933 
vn -0.9811491370201111 -0.1689591258764267 0.09380380809307098 
vn -0.9813355803489685 -0.16536776721477509 0.0981530249118805 
vn -0.9831728935241699 -0.1616448014974594 0.08510008454322815 
vn -0.9831728935241699 -0.1616448014974594 0.08510008454322815 
vn -0.9836021065711975 -0.16534282267093658 0.07203252613544464 
vn -0.9839031100273132 -0.1653934121131897 0.06767380982637405 
vn -0.9838499426841736 -0.16900847852230072 0.058952588587999344 
vn -0.9840944409370422 -0.16905046999454498 0.05459024757146835 
vn -0.9845269918441772 -0.1691247820854187 0.04586252197623253 
vn -0.9841046929359436 -0.17267289757728577 0.04149730131030083 
vn -0.9830917716026306 -0.18015825748443604 0.03276457265019417 
vn -0.9818344712257385 -0.18760234117507935 0.028397228568792343 
vn -0.9803897738456726 -0.19501164555549622 0.028397228568792343 
vn -0.9803897738456726 -0.19501164555549622 0.028397228568792343 
vn -0.9801498055458069 -0.1579165905714035 0.11986933648586273 
vn -0.9808258414268494 -0.12421143800020218 0.15017375349998474 
vn -0.9808258414268494 -0.12421143800020218 0.15017375349998474 
vn 0.20388902723789215 -0.5057598352432251 0.838234007358551 
vn 0.20755623281002045 -0.5121558904647827 0.8334367275238037 
vn 0.11471209675073624 -0.20368294417858124 0.9722933769226074 
vn 0.11880870908498764 -0.22078357636928558 0.9680594801902771 
vn 0.0018710092408582568 0.13935284316539764 0.9902410507202148 
vn 0.0055638207122683525 0.1262510120868683 0.9919826984405518 
vn -0.11002417653799057 0.4530419111251831 0.8846737742424011 
vn -0.1062028706073761 0.44599130749702454 0.888714075088501 
vn -0.18601253628730774 0.6602447032928467 0.7276512384414673 
vn -0.18601253628730774 0.6602447032928467 0.7276512384414673 
vn -0.20645380020141602 0.7207494974136353 0.661737859249115 
vn -0.20645380020141602 0.7207494974136353 0.661737859249115 
vn 0.2601589858531952 -0.7031502723693848 0.661737859249115 
vn 0.26762881875038147 -0.7064977288246155 0.6551609039306641 
vn 0.2921854853630066 -0.8113536238670349 0.5062933564186096 
vn 0.2921854853630066 -0.8113536238670349 0.5062933564186096 
vn 0.29617759585380554 -0.8431625366210938 0.4487268626689911 
vn 0.29617759585380554 -0.8431625366210938 0.4487268626689911 
vn -0.30711159110069275 0.8572691082954407 -0.41324591636657715 
vn -0.29639899730682373 0.8388908505439758 -0.456519216299057 
vn -0.29639899730682373 0.8388908505439758 -0.456519216299057 
vn -0.28865039348602295 0.7856959104537964 -0.5471406579017639 
vn -0.28506985306739807 0.7844504117965698 -0.5507928133010864 
vn -0.23995958268642426 0.6114070415496826 -0.7540562748908997 
vn -0.2309148907661438 0.600675106048584 -0.7654199600219727 
vn -0.1389780044555664 0.28110557794570923 -0.949560284614563 
vn -0.13501307368278503 0.2691453993320465 -0.953589141368866 
vn -0.022588860243558884 -0.08430277556180954 -0.9961841106414795 
vn -0.017005911096930504 -0.09887514263391495 -0.994954526424408 
vn 0.0826733410358429 -0.3865196406841278 -0.9185682535171509 
vn 0.08252052962779999 -0.39065152406692505 -0.916832447052002 
vn 0.16971483826637268 -0.610284149646759 -0.7737894654273987 
vn 0.16634216904640198 -0.6147090196609497 -0.7710143327713013 
vn 0.21236686408519745 -0.7220363616943359 -0.6584556698799133 
vn 0.21236686408519745 -0.7220363616943359 -0.6584556698799133 
vn -0.30711159110069275 0.8572691082954407 -0.41324591636657715 
vn 0.9602774977684021 0.26121464371681213 -0.0981530249118805 
vn 0.9602774977684021 0.26121464371681213 -0.0981530249118805 
vn 0.9607658386230469 0.26101693511009216 -0.09380380809307098 
vn 0.9607658386230469 0.26101693511009216 -0.09380380809307098 
vn 0.9634724259376526 0.2539268434047699 -0.08510008454322815 
vn 0.9634724259376526 0.2539268434047699 -0.08510008454322815 
vn 0.9642335772514343 0.25380730628967285 -0.0763898640871048 
vn 0.9642335772514343 0.25380730628967285 -0.0763898640871048 
vn 0.9648423194885254 0.2539675533771515 -0.06767380982637405 
vn 0.9645471572875977 0.25388985872268677 -0.07203252613544464 
vn 0.9632515907287598 0.26103198528289795 -0.0633138045668602 
vn 0.9632515907287598 0.26103198528289795 -0.0633138045668602 
vn 0.9617466330528259 0.26844608783721924 -0.05459024757146835 
vn 0.9617466330528259 0.26844608783721924 -0.05459024757146835 
vn 0.9599095582962036 0.2757733464241028 -0.05022686347365379 
vn 0.9599095582962036 0.2757733464241028 -0.05022686347365379 
vn 0.9577969908714294 0.28302326798439026 -0.05022686347365379 
vn 0.9577969908714294 0.28302326798439026 -0.05022686347365379 
vn -0.9617481231689453 -0.2573741376399994 0.09380380809307098 
vn -0.9644277691841125 -0.25027385354042053 0.08510008454322815 
vn -0.9644277691841125 -0.25027385354042053 0.08510008454322815 
vn -0.9642335772514343 -0.25380730628967285 0.0763898640871048 
vn -0.9642335772514343 -0.25380730628967285 0.0763898640871048 
vn -0.9645471572875977 -0.25388985872268677 0.07203252613544464 
vn -0.9648423194885254 -0.2539675533771515 0.06767380982637405 
vn -0.964231550693512 -0.25738856196403503 0.0633138045668602 
vn -0.964231550693512 -0.25738856196403503 0.0633138045668602 
vn -0.9627546072006226 -0.2648082971572876 0.05459024757146835 
vn -0.9627546072006226 -0.2648082971572876 0.05459024757146835 
vn -0.9588600993156433 -0.2794003188610077 0.05022686347365379 
vn -0.9588600993156433 -0.2794003188610077 0.05022686347365379 
vn -0.9567201733589172 -0.2866421937942505 0.05022686347365379 
vn -0.9567201733589172 -0.2866421937942505 0.05022686347365379 
vn -0.9617481231689453 -0.2573741376399994 0.09380380809307098 
vn -0.9602774977684021 -0.26121464371681213 0.0981530249118805 
vn -0.9602774977684021 -0.26121464371681213 0.0981530249118805 
vn 0.28622326254844666 -0.929741621017456 0.23163928091526031 
vn 0.28622326254844666 -0.929741621017456 0.23163928091526031 
vn 0.2804511487483978 -0.8826795220375061 0.37712597846984863 
vn 0.2805293798446655 -0.8926885724067688 0.3527185618877411 
vn 0.26508423686027527 -0.7914276123046875 0.5507928133010864 
vn 0.2687395215034485 -0.8026823997497559 0.5324283838272095 
vn 0.24386809766292572 -0.687157392501831 0.6843559741973877 
vn 0.24596969783306122 -0.7082386016845703 0.661737859249115 
vn 0.2121509313583374 -0.5602141618728638 0.8007197380065918 
vn 0.20806364715099335 -0.5429000854492188 0.8136147856712341 
vn 0.15955309569835663 -0.3790434002876282 0.9115201234817505 
vn 0.15732286870479584 -0.3626042306423187 0.9185682535171509 
vn 0.10615341365337372 -0.15886981785297394 0.9815762042999268 
vn 0.10619035363197327 -0.16397687792778015 0.9807319641113281 
vn 0.03385210037231445 0.07090109586715698 0.9969087839126587 
vn 0.0325416661798954 0.08098305016756058 0.9961841106414795 
vn -0.02811230719089508 0.29141348600387573 0.9561840295791626 
vn -0.03930344432592392 0.30692625045776367 0.9509214162826538 
vn -0.06187617406249046 0.38224443793296814 0.9219872951507568 
vn -0.06187617406249046 0.38224443793296814 0.9219872951507568 
vn -0.048950549215078354 -0.01872199960052967 -0.9986256957054138 
vn -0.10841618478298187 0.182725727558136 -0.9771679639816284 
vn -0.11049964278936386 0.1913910061120987 -0.9752739667892456 
vn -0.17255467176437378 0.39932066202163696 -0.9004265069961548 
vn -0.17115814983844757 0.41691213846206665 -0.8926864862442017 
vn -0.22730036079883575 0.6091703176498413 -0.7597671151161194 
vn -0.2295708805322647 0.6430087685585022 -0.7306414246559143 
vn -0.2616320252418518 0.7636395692825317 -0.590256929397583 
vn -0.2597652077674866 0.7750339508056641 -0.5760593414306641 
vn -0.2693200707435608 0.8215472102165222 -0.5025205612182617 
vn -0.2712755501270294 0.8300091028213501 -0.48733407258987427 
vn -0.28627994656562805 0.8908610343933105 -0.3527185618877411 
vn -0.28067755699157715 0.9004819989204407 -0.33219319581985474 
vn -0.28837093710899353 0.9290777444839478 -0.23163928091526031 
vn -0.28837093710899353 0.9290777444839478 -0.23163928091526031 
vn -0.048950549215078354 -0.01872199960052967 -0.9986256957054138 
vn 0.02080618590116501 -0.258334219455719 -0.9658315181732178 
vn 0.011352099478244781 -0.23348820209503174 -0.9722933769226074 
vn 0.0639304667711258 -0.3819062113761902 -0.9219872951507568 
vn 0.0639304667711258 -0.3819062113761902 -0.9219872951507568 
vn 0.8596208691596985 0.28922802209854126 -0.42118772864341736 
vn 0.8658170104026794 0.2821146845817566 -0.41324591636657715 
vn 0.8634487986564636 0.28928181529045105 -0.41324591636657715 
vn 0.8672094345092773 0.2893129885196686 -0.405272513628006 
vn 0.8672094345092773 0.2893129885196686 -0.405272513628006 
vn 0.8707806468009949 0.2896878719329834 -0.3972681760787964 
vn 0.8707806468009949 0.2896878719329834 -0.3972681760787964 
vn 0.8702555894851685 0.2966580390930176 -0.3932546079158783 
vn 0.872001051902771 0.29683563113212585 -0.3892335295677185 
vn 0.8695369362831116 0.30397823452949524 -0.3892335295677185 
vn 0.8695369362831116 0.30397823452949524 -0.3892335295677185 
vn 0.8670142889022827 0.31110039353370667 -0.3892335295677185 
vn 0.8644333481788635 0.31820160150527954 -0.3892335295677185 
vn 0.9081893563270569 0.2970737814903259 -0.2948545813560486 
vn 0.9501643776893616 0.2682681083679199 -0.15880759060382843 
vn 0.9682804346084595 0.23925787210464478 -0.07203252613544464 
vn 0.9682804346084595 0.23925787210464478 -0.07203252613544464 
vn 0.8576192855834961 0.2893778085708618 -0.42514660954475403 
vn 0.8556003570556641 0.2895227372646332 -0.42909738421440125 
vn 0.8556003570556641 0.2895227372646332 -0.42909738421440125 
vn -0.9664415121078491 -0.24658092856407166 0.07203252613544464 
vn -0.9501643776893616 -0.2682681083679199 0.15880759060382843 
vn -0.9664415121078491 -0.24658092856407166 0.07203252613544464 
vn -0.9083073139190674 -0.29671305418014526 0.2948545813560486 
vn -0.8658740520477295 -0.3142601251602173 0.3892335295677185 
vn -0.8658740520477295 -0.3142601251602173 0.3892335295677185 
vn -0.868419349193573 -0.307156503200531 0.3892335295677185 
vn -0.8709063529968262 -0.30003228783607483 0.3892335295677185 
vn -0.8709063529968262 -0.30003228783607483 0.3892335295677185 
vn -0.8703827857971191 -0.2962847650051117 0.3932546079158783 
vn -0.8709023594856262 -0.28932178020477295 0.3972681760787964 
vn -0.8709023594856262 -0.28932178020477295 0.3972681760787964 
vn -0.8683964014053345 -0.2857305109500885 0.405272513628006 
vn -0.8683964014053345 -0.2857305109500885 0.405272513628006 
vn -0.8658170104026794 -0.2821146845817566 0.41324591636657715 
vn -0.8658170104026794 -0.2821146845817566 0.41324591636657715 
vn -0.8577440977096558 -0.28900763392448425 0.42514660954475403 
vn -0.8608168959617615 -0.2856486141681671 0.42118772864341736 
vn -0.8557259440422058 -0.28915148973464966 0.42909738421440125 
vn -0.8557259440422058 -0.28915148973464966 0.42909738421440125 
vn -0.14087173342704773 0.28940582275390625 -0.946783721446991 
vn -0.14087173342704773 0.28940582275390625 -0.946783721446991 
vn -0.14087173342704773 0.28940582275390625 -0.946783721446991 
vn -0.14087173342704773 0.28940582275390625 -0.946783721446991 
vn -0.2894752323627472 -0.8762540817260742 0.3852050006389618 
vn -0.28915148973464966 -0.8557259440422058 0.42909738421440125 
vn -0.2894752323627472 -0.8762540817260742 0.3852050006389618 
vn -0.28543129563331604 -0.858940839767456 0.42514660954475403 
vn -0.2853674590587616 -0.7295606136322021 0.6215357780456543 
vn -0.2842395305633545 -0.7527517676353455 0.5937783122062683 
vn -0.2635841369628906 -0.5870738625526428 0.7654199600219727 
vn -0.2686707377433777 -0.5957262516021729 0.7569189071655273 
vn -0.24246802926063538 -0.4551243484020233 0.8567795157432556 
vn -0.2465713620185852 -0.48226508498191833 0.8406086564064026 
vn -0.21296589076519012 -0.29887256026268005 0.9302261471748352 
vn -0.20673899352550507 -0.2781643867492676 0.9380210638046265 
vn -0.16389250755310059 -0.08958885818719864 0.9824016690254211 
vn -0.1627831906080246 -0.07247574627399445 0.9839963912963867 
vn -0.1016019880771637 0.14111627638339996 0.9847655892372131 
vn -0.1074007973074913 0.13123787939548492 0.9855159521102905 
vn -0.03188108280301094 0.3655993342399597 0.9302261471748352 
vn -0.03571246936917305 0.3733977675437927 0.926983654499054 
vn 0.04896553233265877 0.6005391478538513 0.7980946898460388 
vn 0.052652131766080856 0.6210177540779114 0.7820260524749756 
vn 0.09578923881053925 0.7167675495147705 0.6907016038894653 
vn 0.09578923881053925 0.7167675495147705 0.6907016038894653 
vn -0.062254372984170914 -0.6405128240585327 -0.7654199600219727 
vn -0.01887235976755619 -0.5115864276885986 -0.8590245246887207 
vn -0.062254372984170914 -0.6405128240585327 -0.7654199600219727 
vn -0.020783178508281708 -0.5301706194877625 -0.8476362228393555 
vn 0.05268925055861473 -0.3133313059806824 -0.9481810927391052 
vn 0.05091263726353645 -0.3178183138370514 -0.946783721446991 
vn 0.10668130218982697 -0.11471006274223328 -0.9876541495323181 
vn 0.11166822165250778 -0.10361296683549881 -0.9883291721343994 
vn 0.16889311373233795 0.1142754852771759 -0.9789873361587524 
vn 0.17561882734298706 0.13415929675102234 -0.9752739667892456 
vn 0.22878199815750122 0.3559917211532593 -0.9060511589050293 
vn 0.2324969619512558 0.3951359987258911 -0.888714075088501 
vn 0.25961050391197205 0.5552474856376648 -0.790128231048584 
vn 0.26531216502189636 0.5677219033241272 -0.7792953848838806 
vn 0.27352336049079895 0.6220852136611938 -0.7336177229881287 
vn 0.2686008810997009 0.6311713457107544 -0.7276512384414673 
vn 0.2881159484386444 0.7400197982788086 -0.607749879360199 
vn 0.28443771600723267 0.7581884860992432 -0.5867242813110352 
vn 0.2877325415611267 0.856204092502594 -0.42909738421440125 
vn 0.291166216135025 0.8570137619972229 -0.42514660954475403 
vn 0.2894752323627472 0.8762540817260742 -0.3852050006389618 
vn 0.2894752323627472 0.8762540817260742 -0.3852050006389618 
vn -0.8659716248512268 0.09418009221553802 -0.4911448359489441 
vn -0.8626415133476257 0.13548126816749573 -0.48733407258987427 
vn -0.8659716248512268 0.09418009221553802 -0.4911448359489441 
vn -0.8648571968078613 0.12053021788597107 -0.48733407258987427 
vn -0.8644724488258362 0.15029960870742798 -0.4796847105026245 
vn -0.8644724488258362 0.15029960870742798 -0.4796847105026245 
vn -0.8680228590965271 0.15412162244319916 -0.4719987213611603 
vn -0.8680228590965271 0.15412162244319916 -0.4719987213611603 
vn -0.8708534836769104 0.16143515706062317 -0.4642767012119293 
vn -0.8708534836769104 0.16143515706062317 -0.4642767012119293 
vn -0.8707453012466431 0.17272038757801056 -0.46040233969688416 
vn -0.8707453012466431 0.17272038757801056 -0.46040233969688416 
vn -0.8692432045936584 0.18012739717960358 -0.46040233969688416 
vn -0.8692432045936584 0.18012739717960358 -0.46040233969688416 
vn -0.8876696228981018 0.19485747814178467 -0.417220801115036 
vn -0.9038134217262268 0.20960897207260132 -0.37307560443878174 
vn -0.9242733716964722 0.2206369936466217 -0.31150925159454346 
vn -0.934001088142395 0.21345634758472443 -0.2864931523799896 
vn -0.963231086730957 0.21348948776721954 -0.16312000155448914 
vn -0.9531051516532898 0.21339230239391327 -0.21460255980491638 
vn -0.9710580110549927 0.2136126607656479 -0.10684575140476227 
vn -0.9710580110549927 0.2136126607656479 -0.10684575140476227 
vn 0.8877252340316772 -0.1946040838956833 0.417220801115036 
vn 0.8692929744720459 -0.17988704144954681 0.46040233969688416 
vn 0.8692929744720459 -0.17988704144954681 0.46040233969688416 
vn 0.8707910180091858 -0.17248965799808502 0.46040233969688416 
vn 0.8687637448310852 -0.17232733964920044 0.4642767012119293 
vn 0.8701993823051453 -0.16492469608783722 0.4642767012119293 
vn 0.8701993823051453 -0.16492469608783722 0.4642767012119293 
vn 0.8673930168151855 -0.15762777626514435 0.4719987213611603 
vn 0.8673930168151855 -0.15762777626514435 0.4719987213611603 
vn 0.864507794380188 -0.15009604394435883 0.4796847105026245 
vn 0.8652783036231995 -0.15768253803253174 0.4758462607860565 
vn 0.8648801445960999 -0.12036548554897308 0.48733407258987427 
vn 0.8648236989974976 -0.13525596261024475 0.4835140109062195 
vn 0.8655554056167603 -0.09793165326118469 0.4911448359489441 
vn 0.8655554056167603 -0.09793165326118469 0.4911448359489441 
vn 0.9038751721382141 -0.20934250950813293 0.37307560443878174 
vn 0.9251424074172974 -0.21696434915065765 0.31150925159454346 
vn 0.9332146048545837 -0.21686895191669464 0.2864931523799896 
vn 0.9539226293563843 -0.20970773696899414 0.21460255980491638 
vn 0.962407112121582 -0.2171737551689148 0.16312000155448914 
vn 0.9702972769737244 -0.2170417606830597 0.10684575140476227 
vn 0.9702972769737244 -0.2170417606830597 0.10684575140476227 
vn 0.13916100561618805 -0.00754509074613452 -0.9902410507202148 
vn 0.13916100561618805 -0.00754509074613452 -0.9902410507202148 
vn 0.13916100561618805 -0.00754509074613452 -0.9902410507202148 
vn 0.13916100561618805 -0.00754509074613452 -0.9902410507202148 
vn 0.09193640202283859 -0.6129665970802307 0.7847417593002319 
vn 0.050625067204236984 -0.4121367037296295 0.9097144603729248 
vn 0.09393107146024704 -0.6195769906044006 0.7792953848838806 
vn 0.05435299873352051 -0.4236505925655365 0.9041935205459595 
vn 0.011244554072618484 -0.21217049658298492 0.9771679639816284 
vn 0.016871698200702667 -0.2203543335199356 0.9752739667892456 
vn -0.025969194248318672 -0.003569383639842272 0.9996563792228699 
vn -0.02404317818582058 -0.010443425737321377 0.9996563792228699 
vn -0.0740814357995987 0.2571423649787903 0.9635298252105713 
vn -0.07420507073402405 0.2527192533016205 0.9646899104118347 
vn -0.09866998344659805 0.40334078669548035 0.9097144603729248 
vn -0.09866998344659805 0.40334078669548035 0.9097144603729248 
vn 0.12385683506727219 -0.7844103574752808 0.607749879360199 
vn 0.13138264417648315 -0.7885388731956482 0.6007870435714722 
vn 0.15399597585201263 -0.8975037932395935 0.41324591636657715 
vn 0.1520313173532486 -0.895998477935791 0.417220801115036 
vn 0.15584082901477814 -0.9272679686546326 0.34042292833328247 
vn 0.15584082901477814 -0.9272679686546326 0.34042292833328247 
vn -0.17093417048454285 0.9669997096061707 -0.18892620503902435 
vn -0.1634085327386856 0.9388138055801392 -0.30319350957870483 
vn -0.1671675592660904 0.9408059120178223 -0.2948545813560486 
vn -0.14280565083026886 0.8678576350212097 -0.4758462607860565 
vn -0.14657793939113617 0.865111231803894 -0.4796847105026245 
vn -0.114702008664608 0.7109212875366211 -0.6938546895980835 
vn -0.11092308908700943 0.6991340517997742 -0.7063339352607727 
vn -0.062259491533041 0.462034672498703 -0.8846737742424011 
vn -0.058435507118701935 0.45472252368927 -0.888714075088501 
vn -0.020799273625016212 0.24135708808898926 -0.9702134728431702 
vn -0.018906936049461365 0.23299814760684967 -0.9722933769226074 
vn 0.013160789385437965 0.05522501841187477 -0.9983872175216675 
vn 0.013160789385437965 0.05522501841187477 -0.9983872175216675 
vn 0.05167655274271965 -0.12475822865962982 -0.990840494632721 
vn 0.051584452390670776 -0.1294672191143036 -0.9902410507202148 
vn 0.06732651591300964 -0.2415119856595993 -0.9680594801902771 
vn 0.06732651591300964 -0.2415119856595993 -0.9680594801902771 
vn -0.17093417048454285 0.9669997096061707 -0.18892620503902435 
vn 0.9855045676231384 0.1054782122373581 -0.1328723281621933 
vn 0.9855045676231384 0.1054782122373581 -0.1328723281621933 
vn 0.9859022498130798 0.13550914824008942 -0.0981530249118805 
vn 0.9859738945960999 0.12044987827539444 -0.11553031951189041 
vn 0.9871031045913696 0.1429641991853714 -0.07203252613544464 
vn 0.9867821931838989 0.1429177224636078 -0.0763898640871048 
vn 0.9887651801109314 0.13540589809417725 -0.0633138045668602 
vn 0.9887651801109314 0.13540589809417725 -0.0633138045668602 
vn 0.9897104501724243 0.1355353444814682 -0.04586252197623253 
vn 0.989502489566803 0.13550686836242676 -0.05022686347365379 
vn 0.9902431964874268 0.1354432851076126 -0.03276457265019417 
vn 0.9900919198989868 0.13542260229587555 -0.03713129088282585 
vn 0.9895321726799011 0.14296671748161316 -0.01966099627315998 
vn 0.9894376993179321 0.1429530680179596 -0.024029340595006943 
vn 0.9885941743850708 0.15046127140522003 -0.006554040592163801 
vn 0.988556444644928 0.1504555195569992 -0.010923261754214764 
vn 0.9874485731124878 0.15792569518089294 -0.002184694167226553 
vn 0.9874485731124878 0.15792569518089294 -0.002184694167226553 
vn -0.9855092167854309 -0.12419450283050537 0.11553031951189041 
vn -0.9871031045913696 -0.1429641991853714 0.07203252613544464 
vn -0.9867821931838989 -0.1429177224636078 0.0763898640871048 
vn -0.9882462024688721 -0.1391429454088211 0.0633138045668602 
vn -0.9885107278823853 -0.13918018341064453 0.058952588587999344 
vn -0.9900076985359192 -0.13176509737968445 0.05022686347365379 
vn -0.9891909956932068 -0.13927596807479858 0.04586252197623253 
vn -0.9900919198989868 -0.13542260229587555 0.03713129088282585 
vn -0.9902431964874268 -0.1354432851076126 0.03276457265019417 
vn -0.9894376993179321 -0.1429530680179596 0.024029340595006943 
vn -0.9895321726799011 -0.14296671748161316 0.01966099627315998 
vn -0.988556444644928 -0.1504555195569992 0.010923261754214764 
vn -0.9885941743850708 -0.15046127140522003 0.006554040592163801 
vn -0.9874485731124878 -0.15792569518089294 0.002184694167226553 
vn -0.9874485731124878 -0.15792569518089294 0.002184694167226553 
vn -0.9859022498130798 -0.13550914824008942 0.0981530249118805 
vn -0.9850957989692688 -0.10923023521900177 0.1328723281621933 
vn -0.9850957989692688 -0.10923023521900177 0.1328723281621933 
vn -0.2894752323627472 -0.8762540817260742 0.3852050006389618 
vn -0.28915148973464966 -0.8557259440422058 0.42909738421440125 
vn -0.2894752323627472 -0.8762540817260742 0.3852050006389618 
vn -0.29257896542549133 -0.8565325140953064 0.42514660954475403 
vn -0.2853674590587616 -0.7295606136322021 0.6215357780456543 
vn -0.2842395305633545 -0.7527517676353455 0.5937783122062683 
vn -0.2635841369628906 -0.5870738625526428 0.7654199600219727 
vn -0.2686707377433777 -0.5957262516021729 0.7569189071655273 
vn -0.24246802926063538 -0.4551243484020233 0.8567795157432556 
vn -0.2465713620185852 -0.48226508498191833 0.8406086564064026 
vn -0.21296589076519012 -0.29887256026268005 0.9302261471748352 
vn -0.20673899352550507 -0.2781643867492676 0.9380210638046265 
vn -0.16389250755310059 -0.08958885818719864 0.9824016690254211 
vn -0.1627831906080246 -0.07247574627399445 0.9839963912963867 
vn -0.1016019880771637 0.14111627638339996 0.9847655892372131 
vn -0.1074007973074913 0.13123787939548492 0.9855159521102905 
vn -0.03188108280301094 0.3655993342399597 0.9302261471748352 
vn -0.03571246936917305 0.3733977675437927 0.926983654499054 
vn 0.04896553233265877 0.6005391478538513 0.7980946898460388 
vn 0.052652131766080856 0.6210177540779114 0.7820260524749756 
vn 0.09578923881053925 0.7167675495147705 0.6907016038894653 
vn 0.09578923881053925 0.7167675495147705 0.6907016038894653 
vn -0.062254372984170914 -0.6405128240585327 -0.7654199600219727 
vn -0.01887235976755619 -0.5115864276885986 -0.8590245246887207 
vn -0.062254372984170914 -0.6405128240585327 -0.7654199600219727 
vn -0.020783178508281708 -0.5301706194877625 -0.8476362228393555 
vn 0.05268925055861473 -0.3133313059806824 -0.9481810927391052 
vn 0.05091263726353645 -0.3178183138370514 -0.946783721446991 
vn 0.10668130218982697 -0.11471006274223328 -0.9876541495323181 
vn 0.11166822165250778 -0.10361296683549881 -0.9883291721343994 
vn 0.16889311373233795 0.1142754852771759 -0.9789873361587524 
vn 0.17561882734298706 0.13415929675102234 -0.9752739667892456 
vn 0.22878199815750122 0.3559917211532593 -0.9060511589050293 
vn 0.2324969619512558 0.3951359987258911 -0.888714075088501 
vn 0.25961050391197205 0.5552474856376648 -0.790128231048584 
vn 0.26531216502189636 0.5677219033241272 -0.7792953848838806 
vn 0.27352336049079895 0.6220852136611938 -0.7336177229881287 
vn 0.2686008810997009 0.6311713457107544 -0.7276512384414673 
vn 0.2881159484386444 0.7400197982788086 -0.607749879360199 
vn 0.28443771600723267 0.7581884860992432 -0.5867242813110352 
vn 0.2877325415611267 0.856204092502594 -0.42909738421440125 
vn 0.291166216135025 0.8570137619972229 -0.42514660954475403 
vn 0.2894752323627472 0.8762540817260742 -0.3852050006389618 
vn 0.2894752323627472 0.8762540817260742 -0.3852050006389618 
vn -0.8659716248512268 0.09418009221553802 -0.4911448359489441 
vn -0.8626415133476257 0.13548126816749573 -0.48733407258987427 
vn -0.8659716248512268 0.09418009221553802 -0.4911448359489441 
vn -0.8648571968078613 0.12053021788597107 -0.48733407258987427 
vn -0.8644724488258362 0.15029960870742798 -0.4796847105026245 
vn -0.8644724488258362 0.15029960870742798 -0.4796847105026245 
vn -0.8680228590965271 0.15412162244319916 -0.4719987213611603 
vn -0.8680228590965271 0.15412162244319916 -0.4719987213611603 
vn -0.8708534836769104 0.16143515706062317 -0.4642767012119293 
vn -0.8708534836769104 0.16143515706062317 -0.4642767012119293 
vn -0.8707453012466431 0.17272038757801056 -0.46040233969688416 
vn -0.8707453012466431 0.17272038757801056 -0.46040233969688416 
vn -0.8692432045936584 0.18012739717960358 -0.46040233969688416 
vn -0.8692432045936584 0.18012739717960358 -0.46040233969688416 
vn -0.8876696228981018 0.19485747814178467 -0.417220801115036 
vn -0.9038134217262268 0.20960897207260132 -0.37307560443878174 
vn -0.9242733716964722 0.2206369936466217 -0.31150925159454346 
vn -0.934001088142395 0.21345634758472443 -0.2864931523799896 
vn -0.963231086730957 0.21348948776721954 -0.16312000155448914 
vn -0.9531051516532898 0.21339230239391327 -0.21460255980491638 
vn -0.9710580110549927 0.2136126607656479 -0.10684575140476227 
vn -0.9710580110549927 0.2136126607656479 -0.10684575140476227 
vn 0.8877252340316772 -0.1946040838956833 0.417220801115036 
vn 0.8692929744720459 -0.17988704144954681 0.46040233969688416 
vn 0.8692929744720459 -0.17988704144954681 0.46040233969688416 
vn 0.8707910180091858 -0.17248965799808502 0.46040233969688416 
vn 0.8687637448310852 -0.17232733964920044 0.4642767012119293 
vn 0.8701993823051453 -0.16492469608783722 0.4642767012119293 
vn 0.8701993823051453 -0.16492469608783722 0.4642767012119293 
vn 0.8673930168151855 -0.15762777626514435 0.4719987213611603 
vn 0.8673930168151855 -0.15762777626514435 0.4719987213611603 
vn 0.864507794380188 -0.15009604394435883 0.4796847105026245 
vn 0.8652783036231995 -0.15768253803253174 0.4758462607860565 
vn 0.8648801445960999 -0.12036548554897308 0.48733407258987427 
vn 0.8626704812049866 -0.13529641926288605 0.48733407258987427 
vn 0.8655554056167603 -0.09793165326118469 0.4911448359489441 
vn 0.8655554056167603 -0.09793165326118469 0.4911448359489441 
vn 0.9038751721382141 -0.20934250950813293 0.37307560443878174 
vn 0.9237452149391174 -0.216920867562294 0.31565824151039124 
vn 0.9332146048545837 -0.21686895191669464 0.2864931523799896 
vn 0.9539226293563843 -0.20970773696899414 0.21460255980491638 
vn 0.962407112121582 -0.2171737551689148 0.16312000155448914 
vn 0.9702972769737244 -0.2170417606830597 0.10684575140476227 
vn 0.9702972769737244 -0.2170417606830597 0.10684575140476227 
vn 0.13916100561618805 -0.00754509074613452 -0.9902410507202148 
vn 0.13916100561618805 -0.00754509074613452 -0.9902410507202148 
vn 0.13916100561618805 -0.00754509074613452 -0.9902410507202148 
vn 0.13916100561618805 -0.00754509074613452 -0.9902410507202148 
vn 0.11019065231084824 0.519009530544281 0.8476362228393555 
vn 0.08024106919765472 0.3829282224178314 0.9202865362167358 
vn 0.11019065231084824 0.519009530544281 0.8476362228393555 
vn 0.08038479834794998 0.37878456711769104 0.9219872951507568 
vn 0.020318694412708282 0.12472940236330032 0.9919826984405518 
vn 0.025957101956009865 0.1281033456325531 0.991421103477478 
vn -0.025556590408086777 -0.0834510326385498 0.9961841106414795 
vn -0.023577047511935234 -0.07494699954986572 0.9969087839126587 
vn -0.06700348109006882 -0.2935614287853241 0.953589141368866 
vn -0.06514663249254227 -0.2854260504245758 0.9561840295791626 
vn -0.11579947173595428 -0.50251305103302 0.8567795157432556 
vn -0.1120307520031929 -0.49567338824272156 0.8612531423568726 
vn -0.1533152312040329 -0.6910765171051025 0.7063339352607727 
vn -0.15888531506061554 -0.6961221098899841 0.7001210451126099 
vn -0.19267861545085907 -0.8538671731948853 0.4835140109062195 
vn -0.1890496164560318 -0.8525055646896362 0.48733407258987427 
vn -0.19840656220912933 -0.9128668904304504 0.3568037748336792 
vn -0.19840656220912933 -0.9128668904304504 0.3568037748336792 
vn -0.08241555094718933 -0.36593571305274963 -0.926983654499054 
vn -0.08241555094718933 -0.36593571305274963 -0.926983654499054 
vn -0.05439188331365585 -0.2577109634876251 -0.9646899104118347 
vn -0.05439188331365585 -0.2577109634876251 -0.9646899104118347 
vn -0.013158450834453106 -0.08187244832515717 -0.9965559244155884 
vn -0.013227474875748158 -0.07744652032852173 -0.9969087839126587 
vn 0.02800307609140873 0.10085796564817429 -0.9945066571235657 
vn 0.026279127225279808 0.11027190089225769 -0.9935539960861206 
vn 0.07858064770698547 0.3248848617076874 -0.9424833655357361 
vn 0.07673384249210358 0.333769291639328 -0.9395264387130737 
vn 0.13485069572925568 0.5908194780349731 -0.7954543828964233 
vn 0.1386852264404297 0.6076197028160095 -0.7820260524749756 
vn 0.1743072271347046 0.7855216860771179 -0.5937783122062683 
vn 0.1759863942861557 0.7904323935508728 -0.5867242813110352 
vn 0.19667279720306396 0.8834988474845886 -0.42514660954475403 
vn 0.20024339854717255 0.8845922350883484 -0.42118772864341736 
vn 0.20429770648479462 0.926618754863739 -0.31565824151039124 
vn 0.20429770648479462 0.926618754863739 -0.31565824151039124 
vn -0.9808258414268494 0.12421143800020218 -0.15017375349998474 
vn -0.9801498055458069 0.1579165905714035 -0.11986933648586273 
vn -0.9808258414268494 0.12421143800020218 -0.15017375349998474 
vn -0.9813116192817688 0.13918480277061462 -0.1328723281621933 
vn -0.9813355803489685 0.16536776721477509 -0.0981530249118805 
vn -0.9813355803489685 0.16536776721477509 -0.0981530249118805 
vn -0.9831728935241699 0.1616448014974594 -0.08510008454322815 
vn -0.9831728935241699 0.1616448014974594 -0.08510008454322815 
vn -0.9839031100273132 0.1653934121131897 -0.06767380982637405 
vn -0.9836021065711975 0.16534282267093658 -0.07203252613544464 
vn -0.9840944409370422 0.16905046999454498 -0.05459024757146835 
vn -0.9838499426841736 0.16900847852230072 -0.058952588587999344 
vn -0.9841046929359436 0.17267289757728577 -0.04149730131030083 
vn -0.9845269918441772 0.1691247820854187 -0.04586252197623253 
vn -0.9817032217979431 0.1875772625207901 -0.03276457265019417 
vn -0.9830917716026306 0.18015825748443604 -0.03276457265019417 
vn -0.9803897738456726 0.19501164555549622 -0.028397228568792343 
vn -0.9803897738456726 0.19501164555549622 -0.028397228568792343 
vn 0.9812928438186646 -0.12046648561954498 0.15017375349998474 
vn 0.9801498055458069 -0.1579165905714035 0.11986933648586273 
vn 0.9812928438186646 -0.12046648561954498 0.15017375349998474 
vn 0.9807745218276978 -0.1429205983877182 0.1328723281621933 
vn 0.9817823767662048 -0.16523975133895874 0.09380380809307098 
vn 0.9813355803489685 -0.16536776721477509 0.0981530249118805 
vn 0.982553243637085 -0.16536948084831238 0.08510008454322815 
vn 0.982553243637085 -0.16536948084831238 0.08510008454322815 
vn 0.9836021065711975 -0.16534282267093658 0.07203252613544464 
vn 0.9839031100273132 -0.1653934121131897 0.06767380982637405 
vn 0.9844818711280823 -0.1652878373861313 0.058952588587999344 
vn 0.9847264885902405 -0.16532890498638153 0.05459024757146835 
vn 0.9838805794715881 -0.17284557223320007 0.04586252197623253 
vn 0.9841046929359436 -0.17267289757728577 0.04149730131030083 
vn 0.9830917716026306 -0.18015825748443604 0.03276457265019417 
vn 0.9818344712257385 -0.18760234117507935 0.028397228568792343 
vn 0.9803897738456726 -0.19501164555549622 0.028397228568792343 
vn 0.9803897738456726 -0.19501164555549622 0.028397228568792343 
vn 0.2100740522146225 0.7197026610374451 0.661737859249115 
vn 0.18601253628730774 0.6602447032928467 0.7276512384414673 
vn 0.2100740522146225 0.7197026610374451 0.661737859249115 
vn 0.18601253628730774 0.6602447032928467 0.7276512384414673 
vn 0.10254105180501938 0.44684743881225586 0.888714075088501 
vn 0.10636182874441147 0.45391568541526794 0.8846737742424011 
vn -0.009267705492675304 0.1260332614183426 0.9919826984405518 
vn 0.0018710092408582568 0.13935284316539764 0.9902410507202148 
vn -0.11880870908498764 -0.22078357636928558 0.9680594801902771 
vn -0.11471209675073624 -0.20368294417858124 0.9722933769226074 
vn -0.21104158461093903 -0.5107295513153076 0.8334367275238037 
vn -0.20737621188163757 -0.5043399930000305 0.838234007358551 
vn -0.26369011402130127 -0.7018337249755859 0.661737859249115 
vn -0.26409682631492615 -0.7078256011009216 0.6551609039306641 
vn -0.2921854853630066 -0.8113536238670349 0.5062933564186096 
vn -0.2921854853630066 -0.8113536238670349 0.5062933564186096 
vn -0.29617759585380554 -0.8431625366210938 0.4487268626689911 
vn -0.29617759585380554 -0.8431625366210938 0.4487268626689911 
vn -0.21236686408519745 -0.7220363616943359 -0.6584556698799133 
vn -0.21236686408519745 -0.7220363616943359 -0.6584556698799133 
vn -0.16998980939388275 -0.613710343837738 -0.7710143327713013 
vn -0.1660737693309784 -0.6112850308418274 -0.7737894654273987 
vn -0.08252052962779999 -0.39065152406692505 -0.916832447052002 
vn -0.0826733410358429 -0.3865196406841278 -0.9185682535171509 
vn 0.01325214933604002 -0.09944784641265869 -0.994954526424408 
vn 0.022588860243558884 -0.08430277556180954 -0.9961841106414795 
vn 0.13501307368278503 0.2691453993320465 -0.953589141368866 
vn 0.1389780044555664 0.28110557794570923 -0.949560284614563 
vn 0.23443813621997833 0.5993087887763977 -0.7654199600219727 
vn 0.23995958268642426 0.6114070415496826 -0.7540562748908997 
vn 0.28506985306739807 0.7844504117965698 -0.5507928133010864 
vn 0.28865039348602295 0.7856959104537964 -0.5471406579017639 
vn 0.29639899730682373 0.8388908505439758 -0.456519216299057 
vn 0.29639899730682373 0.8388908505439758 -0.456519216299057 
vn 0.30711159110069275 0.8572691082954407 -0.41324591636657715 
vn 0.30711159110069275 0.8572691082954407 -0.41324591636657715 
vn -0.9602774977684021 0.26121464371681213 -0.0981530249118805 
vn -0.9617481231689453 0.2573741376399994 -0.09380380809307098 
vn -0.9602774977684021 0.26121464371681213 -0.0981530249118805 
vn -0.9617481231689453 0.2573741376399994 -0.09380380809307098 
vn -0.9625032544136047 0.25757619738578796 -0.08510008454322815 
vn -0.9625032544136047 0.25757619738578796 -0.08510008454322815 
vn -0.9642335772514343 0.25380730628967285 -0.0763898640871048 
vn -0.9642335772514343 0.25380730628967285 -0.0763898640871048 
vn -0.9648423194885254 0.2539675533771515 -0.06767380982637405 
vn -0.9645471572875977 0.25388985872268677 -0.07203252613544464 
vn -0.964231550693512 0.25738856196403503 -0.0633138045668602 
vn -0.964231550693512 0.25738856196403503 -0.0633138045668602 
vn -0.9627546072006226 0.2648082971572876 -0.05459024757146835 
vn -0.9627546072006226 0.2648082971572876 -0.05459024757146835 
vn -0.9588600993156433 0.2794003188610077 -0.05022686347365379 
vn -0.9588600993156433 0.2794003188610077 -0.05022686347365379 
vn -0.9567201733589172 0.2866421937942505 -0.05022686347365379 
vn -0.9567201733589172 0.2866421937942505 -0.05022686347365379 
vn 0.9602774977684021 -0.26121464371681213 0.0981530249118805 
vn 0.9607658386230469 -0.26101693511009216 0.09380380809307098 
vn 0.9602774977684021 -0.26121464371681213 0.0981530249118805 
vn 0.9607658386230469 -0.26101693511009216 0.09380380809307098 
vn 0.9634724259376526 -0.2539268434047699 0.08510008454322815 
vn 0.9634724259376526 -0.2539268434047699 0.08510008454322815 
vn 0.9642335772514343 -0.25380730628967285 0.0763898640871048 
vn 0.9642335772514343 -0.25380730628967285 0.0763898640871048 
vn 0.9645471572875977 -0.25388985872268677 0.07203252613544464 
vn 0.9648423194885254 -0.2539675533771515 0.06767380982637405 
vn 0.9632515907287598 -0.26103198528289795 0.0633138045668602 
vn 0.9632515907287598 -0.26103198528289795 0.0633138045668602 
vn 0.9617466330528259 -0.26844608783721924 0.05459024757146835 
vn 0.9617466330528259 -0.26844608783721924 0.05459024757146835 
vn 0.9599095582962036 -0.2757733464241028 0.05022686347365379 
vn 0.9599095582962036 -0.2757733464241028 0.05022686347365379 
vn 0.9577969908714294 -0.28302326798439026 0.05022686347365379 
vn 0.9577969908714294 -0.28302326798439026 0.05022686347365379 
vn 0.0950143113732338 0.40421757102012634 0.9097144603729248 
vn 0.0740814357995987 0.2571423649787903 0.9635298252105713 
vn 0.0950143113732338 0.40421757102012634 0.9097144603729248 
vn 0.07420507073402405 0.2527192533016205 0.9646899104118347 
vn 0.02239719219505787 -0.013620034791529179 0.9996563792228699 
vn 0.02524128556251526 -0.007072276435792446 0.9996563792228699 
vn -0.013127479702234268 -0.22060905396938324 0.9752739667892456 
vn -0.011244554072618484 -0.21217049658298492 0.9771679639816284 
vn -0.05062282457947731 -0.4241124987602234 0.9041935205459595 
vn -0.05435425415635109 -0.4116614758968353 0.9097144603729248 
vn -0.09393107146024704 -0.6195769906044006 0.7792953848838806 
vn -0.08820998668670654 -0.6135139465332031 0.7847417593002319 
vn -0.12385683506727219 -0.7844103574752808 0.607749879360199 
vn -0.13138264417648315 -0.7885388731956482 0.6007870435714722 
vn -0.15399597585201263 -0.8975037932395935 0.41324591636657715 
vn -0.1483115702867508 -0.8966217041015625 0.417220801115036 
vn -0.15955999493598938 -0.926635205745697 0.34042292833328247 
vn -0.15955999493598938 -0.926635205745697 0.34042292833328247 
vn -0.06732651591300964 -0.2415119856595993 -0.9680594801902771 
vn -0.06732651591300964 -0.2415119856595993 -0.9680594801902771 
vn -0.051584452390670776 -0.1294672191143036 -0.9902410507202148 
vn -0.05167655274271965 -0.12475822865962982 -0.990840494632721 
vn -0.016820024698972702 0.054222650825977325 -0.9983872175216675 
vn -0.016820024698972702 0.054222650825977325 -0.9983872175216675 
vn 0.018906936049461365 0.23299814760684967 -0.9722933769226074 
vn 0.01702452078461647 0.2416526824235916 -0.9702134728431702 
vn 0.0621829628944397 0.45422524213790894 -0.888714075088501 
vn 0.05850677192211151 0.4625248610973358 -0.8846737742424011 
vn 0.1071925088763237 0.6997157335281372 -0.7063339352607727 
vn 0.1109718605875969 0.711513102054596 -0.6938546895980835 
vn 0.14657793939113617 0.865111231803894 -0.4796847105026245 
vn 0.14280565083026886 0.8678576350212097 -0.4758462607860565 
vn 0.15968799591064453 0.9394537806510925 -0.30319350957870483 
vn 0.1634484827518463 0.9414591789245605 -0.2948545813560486 
vn 0.17465128004550934 0.9663352370262146 -0.18892620503902435 
vn 0.17465128004550934 0.9663352370262146 -0.18892620503902435 
vn -0.9850957989692688 0.10923023521900177 -0.1328723281621933 
vn -0.9859022498130798 0.13550914824008942 -0.0981530249118805 
vn -0.9850957989692688 0.10923023521900177 -0.1328723281621933 
vn -0.9855092167854309 0.12419450283050537 -0.11553031951189041 
vn -0.9871031045913696 0.1429641991853714 -0.07203252613544464 
vn -0.9867821931838989 0.1429177224636078 -0.0763898640871048 
vn -0.9882462024688721 0.1391429454088211 -0.0633138045668602 
vn -0.9882462024688721 0.1391429454088211 -0.0633138045668602 
vn -0.9891909956932068 0.13927596807479858 -0.04586252197623253 
vn -0.9900076985359192 0.13176509737968445 -0.05022686347365379 
vn -0.9902431964874268 0.1354432851076126 -0.03276457265019417 
vn -0.9900919198989868 0.13542260229587555 -0.03713129088282585 
vn -0.9895321726799011 0.14296671748161316 -0.01966099627315998 
vn -0.9894376993179321 0.1429530680179596 -0.024029340595006943 
vn -0.9885941743850708 0.15046127140522003 -0.006554040592163801 
vn -0.988556444644928 0.1504555195569992 -0.010923261754214764 
vn -0.9874485731124878 0.15792569518089294 -0.002184694167226553 
vn -0.9874485731124878 0.15792569518089294 -0.002184694167226553 
vn 0.9855045676231384 -0.1054782122373581 0.1328723281621933 
vn 0.9859022498130798 -0.13550914824008942 0.0981530249118805 
vn 0.9855045676231384 -0.1054782122373581 0.1328723281621933 
vn 0.9859738945960999 -0.12044987827539444 0.11553031951189041 
vn 0.9871031045913696 -0.1429641991853714 0.07203252613544464 
vn 0.9867821931838989 -0.1429177224636078 0.0763898640871048 
vn 0.9887651801109314 -0.13540589809417725 0.0633138045668602 
vn 0.9890298247337341 -0.13544213771820068 0.058952588587999344 
vn 0.989502489566803 -0.13550686836242676 0.05022686347365379 
vn 0.9897104501724243 -0.1355353444814682 0.04586252197623253 
vn 0.9900919198989868 -0.13542260229587555 0.03713129088282585 
vn 0.9902431964874268 -0.1354432851076126 0.03276457265019417 
vn 0.9894376993179321 -0.1429530680179596 0.024029340595006943 
vn 0.9895321726799011 -0.14296671748161316 0.01966099627315998 
vn 0.988556444644928 -0.1504555195569992 0.010923261754214764 
vn 0.9885941743850708 -0.15046127140522003 0.006554040592163801 
vn 0.9874485731124878 -0.15792569518089294 0.002184694167226553 
vn 0.9874485731124878 -0.15792569518089294 0.002184694167226553 
vn 0.20909716188907623 0.6191543936729431 0.7569189071655273 
vn 0.18681198358535767 0.5505744814872742 0.8136147856712341 
vn 0.20909716188907623 0.6191543936729431 0.7569189071655273 
vn 0.18681198358535767 0.5505744814872742 0.8136147856712341 
vn 0.09628158807754517 0.3157797157764435 0.9439348578453064 
vn 0.1000904068350792 0.32752394676208496 0.9395264387130737 
vn -0.017673155292868614 -0.012840298935770988 0.9997613430023193 
vn -0.013107799924910069 -2.7168168854619897e-15 0.9999141097068787 
vn -0.1378740817308426 -0.3488438129425049 0.926983654499054 
vn -0.1320992112159729 -0.3336445391178131 0.933397650718689 
vn -0.23073598742485046 -0.6149471998214722 0.7540562748908997 
vn -0.2251320779323578 -0.6099749803543091 0.7597671151161194 
vn -0.2864104211330414 -0.7813907861709595 0.5544344186782837 
vn -0.28290238976478577 -0.7852346897125244 0.5507928133010864 
vn -0.31089240312576294 -0.8688860535621643 0.3852050006389618 
vn -0.31089240312576294 -0.8688860535621643 0.3852050006389618 
vn -0.31974169611930847 -0.8888959884643555 0.3280687630176544 
vn -0.31974169611930847 -0.8888959884643555 0.3280687630176544 
vn -0.21157187223434448 -0.6218010187149048 -0.7540562748908997 
vn -0.21157187223434448 -0.6218010187149048 -0.7540562748908997 
vn -0.16711829602718353 -0.49966245889663696 -0.8499464392662048 
vn -0.16525140404701233 -0.4963650703430176 -0.8522403836250305 
vn -0.07822360843420029 -0.2603091895580292 -0.962351381778717 
vn -0.07835964113473892 -0.25587111711502075 -0.9635298252105713 
vn 0.028240028768777847 0.038869064301252365 -0.9988451600074768 
vn 0.03275688365101814 0.05161658674478531 -0.9981296062469482 
vn 0.15493546426296234 0.39378461241722107 -0.9060511589050293 
vn 0.15859158337116241 0.40506890416145325 -0.9004265069961548 
vn 0.25895190238952637 0.6942769289016724 -0.6715083718299866 
vn 0.25878778100013733 0.7036561369895935 -0.661737859249115 
vn 0.30369049310684204 0.8466554880142212 -0.43697428703308105 
vn 0.3071053624153137 0.8474447727203369 -0.43303996324539185 
vn 0.3200341463088989 0.88725745677948 -0.33219319581985474 
vn 0.3200341463088989 0.88725745677948 -0.33219319581985474 
vn 0.32567453384399414 0.8996906280517578 -0.29067665338516235 
vn 0.32567453384399414 0.8996906280517578 -0.29067665338516235 
vn -0.9542487859725952 0.2902078926563263 -0.07203252613544464 
vn -0.9567109942436218 0.28306248784065247 -0.06767380982637405 
vn -0.9542487859725952 0.2902078926563263 -0.07203252613544464 
vn -0.9567109942436218 0.28306248784065247 -0.06767380982637405 
vn -0.9581456780433655 0.27919211983680725 -0.0633138045668602 
vn -0.9581456780433655 0.27919211983680725 -0.0633138045668602 
vn -0.9586402773857117 0.27933624386787415 -0.05459024757146835 
vn -0.9586402773857117 0.27933624386787415 -0.05459024757146835 
vn -0.9590616822242737 0.27945902943611145 -0.04586252197623253 
vn -0.9590616822242737 0.27945902943611145 -0.04586252197623253 
vn -0.958443820476532 0.2828545570373535 -0.03713129088282585 
vn -0.958443820476532 0.2828545570373535 -0.03713129088282585 
vn -0.9564265608787537 0.29012882709503174 -0.03276457265019417 
vn -0.9564265608787537 0.29012882709503174 -0.03276457265019417 
vn -0.9544451832771301 0.29741716384887695 -0.024029340595006943 
vn -0.9544451832771301 0.29741716384887695 -0.024029340595006943 
vn -0.952262818813324 0.3046455681324005 -0.01966099627315998 
vn -0.952262818813324 0.3046455681324005 -0.01966099627315998 
vn 0.9542487859725952 -0.2902078926563263 0.07203252613544464 
vn 0.9567109942436218 -0.28306248784065247 0.06767380982637405 
vn 0.9542487859725952 -0.2902078926563263 0.07203252613544464 
vn 0.9567109942436218 -0.28306248784065247 0.06767380982637405 
vn 0.9570833444595337 -0.2828123867511749 0.0633138045668602 
vn 0.9570833444595337 -0.2828123867511749 0.0633138045668602 
vn 0.9596894383430481 -0.2757101058959961 0.05459024757146835 
vn 0.9596894383430481 -0.2757101058959961 0.05459024757146835 
vn 0.9601113200187683 -0.27583131194114685 0.04586252197623253 
vn 0.9601113200187683 -0.27583131194114685 0.04586252197623253 
vn 0.958443820476532 -0.2828545570373535 0.03713129088282585 
vn 0.958443820476532 -0.2828545570373535 0.03713129088282585 
vn 0.9564265608787537 -0.29012882709503174 0.03276457265019417 
vn 0.9564265608787537 -0.29012882709503174 0.03276457265019417 
vn 0.9544451832771301 -0.29741716384887695 0.024029340595006943 
vn 0.9544451832771301 -0.29741716384887695 0.024029340595006943 
vn 0.952262818813324 -0.3046455681324005 0.01966099627315998 
vn 0.952262818813324 -0.3046455681324005 0.01966099627315998 
vn -0.28622326254844666 -0.929741621017456 0.23163928091526031 
vn -0.28622326254844666 -0.929741621017456 0.23163928091526031 
vn -0.2840454578399658 -0.8815294504165649 0.37712597846984863 
vn -0.2841271758079529 -0.8915500044822693 0.3527185618877411 
vn -0.26150408387184143 -0.7926177382469177 0.5507928133010864 
vn -0.2651599645614624 -0.8038719892501831 0.5324283838272095 
vn -0.24386809766292572 -0.687157392501831 0.6843559741973877 
vn -0.24240660667419434 -0.7094660401344299 0.661737859249115 
vn -0.20861975848674774 -0.5615386962890625 0.8007197380065918 
vn -0.20454266667366028 -0.544236421585083 0.8136147856712341 
vn -0.16301807761192322 -0.3775661289691925 0.9115201234817505 
vn -0.15732286870479584 -0.3626042306423187 0.9185682535171509 
vn -0.10615341365337372 -0.15886981785297394 0.9815762042999268 
vn -0.10619035363197327 -0.16397687792778015 0.9807319641113281 
vn -0.037138186395168304 0.06923644244670868 0.9969087839126587 
vn -0.0325416661798954 0.08098305016756058 0.9961841106414795 
vn 0.03184663876891136 0.29102903604507446 0.9561840295791626 
vn 0.035577721893787384 0.30738040804862976 0.9509214162826538 
vn 0.05815548449754715 0.3828281760215759 0.9219872951507568 
vn 0.05815548449754715 0.3828281760215759 0.9219872951507568 
vn -0.0639304667711258 -0.3819062113761902 -0.9219872951507568 
vn -0.011352099478244781 -0.23348820209503174 -0.9722933769226074 
vn -0.0639304667711258 -0.3819062113761902 -0.9219872951507568 
vn -0.024578625336289406 -0.2580026388168335 -0.9658315181732178 
vn 0.050186581909656525 -0.015098893083631992 -0.9986256957054138 
vn 0.047453347593545914 -0.022245215252041817 -0.9986256957054138 
vn 0.10841618478298187 0.182725727558136 -0.9771679639816284 
vn 0.11376884579658508 0.18946592509746552 -0.9752739667892456 
vn 0.17255467176437378 0.39932066202163696 -0.9004265069961548 
vn 0.1746448278427124 0.4154636263847351 -0.8926864862442017 
vn 0.22375909984111786 0.6104799509048462 -0.7597671151161194 
vn 0.2295708805322647 0.6430087685585022 -0.7306414246559143 
vn 0.25805383920669556 0.7648561596870422 -0.590256929397583 
vn 0.2597652077674866 0.7750339508056641 -0.5760593414306641 
vn 0.27290716767311096 0.8203625679016113 -0.5025205612182617 
vn 0.2712755501270294 0.8300091028213501 -0.48733407258987427 
vn 0.28627994656562805 0.8908610343933105 -0.3527185618877411 
vn 0.28427907824516296 0.8993514776229858 -0.33219319581985474 
vn 0.28476089239120483 0.9301905632019043 -0.23163928091526031 
vn 0.28476089239120483 0.9301905632019043 -0.23163928091526031 
vn -0.8568040132522583 0.28594106435775757 -0.42909738421440125 
vn -0.8608168959617615 0.2856486141681671 -0.42118772864341736 
vn -0.8568040132522583 0.28594106435775757 -0.42909738421440125 
vn -0.8588191270828247 0.28579723834991455 -0.42514660954475403 
vn -0.8634487986564636 0.28928181529045105 -0.41324591636657715 
vn -0.8658170104026794 0.2821146845817566 -0.41324591636657715 
vn -0.8683964014053345 0.2857305109500885 -0.405272513628006 
vn -0.8683964014053345 0.2857305109500885 -0.405272513628006 
vn -0.8695805072784424 0.2932707667350769 -0.3972681760787964 
vn -0.8695805072784424 0.2932707667350769 -0.3972681760787964 
vn -0.8714665174484253 0.29308170080184937 -0.3932546079158783 
vn -0.872001051902771 0.29683563113212585 -0.3892335295677185 
vn -0.8695369362831116 0.30397823452949524 -0.3892335295677185 
vn -0.8695369362831116 0.30397823452949524 -0.3892335295677185 
vn -0.8670142889022827 0.31110039353370667 -0.3892335295677185 
vn -0.8644333481788635 0.31820160150527954 -0.3892335295677185 
vn -0.9070083498954773 0.3006603419780731 -0.2948545813560486 
vn -0.9501643776893616 0.2682681083679199 -0.15880759060382843 
vn -0.9682804346084595 0.23925787210464478 -0.07203252613544464 
vn -0.9682804346084595 0.23925787210464478 -0.07203252613544464 
vn 0.8671539425849915 -0.31071093678474426 0.3892335295677185 
vn 0.8696701526641846 -0.30359694361686707 0.3892335295677185 
vn 0.8696701526641846 -0.30359694361686707 0.3892335295677185 
vn 0.8721279501914978 -0.2964625954627991 0.3892335295677185 
vn 0.8703827857971191 -0.2962847650051117 0.3932546079158783 
vn 0.8709023594856262 -0.28932178020477295 0.3972681760787964 
vn 0.8709023594856262 -0.28932178020477295 0.3972681760787964 
vn 0.8672094345092773 -0.2893129885196686 0.405272513628006 
vn 0.8672094345092773 -0.2893129885196686 0.405272513628006 
vn 0.8658170104026794 -0.2821146845817566 0.41324591636657715 
vn 0.8658170104026794 -0.2821146845817566 0.41324591636657715 
vn 0.8577440977096558 -0.28900763392448425 0.42514660954475403 
vn 0.8596208691596985 -0.28922802209854126 0.42118772864341736 
vn 0.8557259440422058 -0.28915148973464966 0.42909738421440125 
vn 0.8557259440422058 -0.28915148973464966 0.42909738421440125 
vn 0.8645795583724976 -0.3178040683269501 0.3892335295677185 
vn 0.9083073139190674 -0.29671305418014526 0.2948545813560486 
vn 0.9501643776893616 -0.2682681083679199 0.15880759060382843 
vn 0.9664415121078491 -0.24658092856407166 0.07203252613544464 
vn 0.9664415121078491 -0.24658092856407166 0.07203252613544464 
vn 0.13745683431625366 0.2910432815551758 -0.946783721446991 
vn 0.13745683431625366 0.2910432815551758 -0.946783721446991 
vn 0.13745683431625366 0.2910432815551758 -0.946783721446991 
vn 0.13745683431625366 0.2910432815551758 -0.946783721446991 
vn -0.2894752323627472 -0.8762540817260742 0.3852050006389618 
vn -0.2894752323627472 -0.8762540817260742 0.3852050006389618 
vn -0.28915148973464966 -0.8557259440422058 0.42909738421440125 
vn -0.29257896542549133 -0.8565325140953064 0.42514660954475403 
vn -0.2853674590587616 -0.7295606136322021 0.6215357780456543 
vn -0.2842395305633545 -0.7527517676353455 0.5937783122062683 
vn -0.2635841369628906 -0.5870738625526428 0.7654199600219727 
vn -0.2686707377433777 -0.5957262516021729 0.7569189071655273 
vn -0.24246802926063538 -0.4551243484020233 0.8567795157432556 
vn -0.2465713620185852 -0.48226508498191833 0.8406086564064026 
vn -0.21296589076519012 -0.29887256026268005 0.9302261471748352 
vn -0.20673899352550507 -0.2781643867492676 0.9380210638046265 
vn -0.16389250755310059 -0.08958885818719864 0.9824016690254211 
vn -0.1627831906080246 -0.07247574627399445 0.9839963912963867 
vn -0.1016019880771637 0.14111627638339996 0.9847655892372131 
vn -0.1074007973074913 0.13123787939548492 0.9855159521102905 
vn -0.03188108280301094 0.3655993342399597 0.9302261471748352 
vn -0.03571246936917305 0.3733977675437927 0.926983654499054 
vn 0.04896553233265877 0.6005391478538513 0.7980946898460388 
vn 0.052652131766080856 0.6210177540779114 0.7820260524749756 
vn 0.09578923881053925 0.7167675495147705 0.6907016038894653 
vn 0.09578923881053925 0.7167675495147705 0.6907016038894653 
vn -0.062254372984170914 -0.6405128240585327 -0.7654199600219727 
vn -0.01887235976755619 -0.5115864276885986 -0.8590245246887207 
vn -0.062254372984170914 -0.6405128240585327 -0.7654199600219727 
vn -0.020783178508281708 -0.5301706194877625 -0.8476362228393555 
vn 0.05268925055861473 -0.3133313059806824 -0.9481810927391052 
vn 0.05091263726353645 -0.3178183138370514 -0.946783721446991 
vn 0.10668130218982697 -0.11471006274223328 -0.9876541495323181 
vn 0.11166822165250778 -0.10361296683549881 -0.9883291721343994 
vn 0.16889311373233795 0.1142754852771759 -0.9789873361587524 
vn 0.17561882734298706 0.13415929675102234 -0.9752739667892456 
vn 0.22878199815750122 0.3559917211532593 -0.9060511589050293 
vn 0.2324969619512558 0.3951359987258911 -0.888714075088501 
vn 0.25961050391197205 0.5552474856376648 -0.790128231048584 
vn 0.26531216502189636 0.5677219033241272 -0.7792953848838806 
vn 0.27352336049079895 0.6220852136611938 -0.7336177229881287 
vn 0.27554190158843994 0.6281722187995911 -0.7276512384414673 
vn 0.2881159484386444 0.7400197982788086 -0.607749879360199 
vn 0.28443771600723267 0.7581884860992432 -0.5867242813110352 
vn 0.2877325415611267 0.856204092502594 -0.42909738421440125 
vn 0.291166216135025 0.8570137619972229 -0.42514660954475403 
vn 0.2894752323627472 0.8762540817260742 -0.3852050006389618 
vn 0.2894752323627472 0.8762540817260742 -0.3852050006389618 
vn -0.8659716248512268 0.09418009221553802 -0.4911448359489441 
vn -0.8626415133476257 0.13548126816749573 -0.48733407258987427 
vn -0.8659716248512268 0.09418009221553802 -0.4911448359489441 
vn -0.8648571968078613 0.12053021788597107 -0.48733407258987427 
vn -0.8644724488258362 0.15029960870742798 -0.4796847105026245 
vn -0.8644724488258362 0.15029960870742798 -0.4796847105026245 
vn -0.8680228590965271 0.15412162244319916 -0.4719987213611603 
vn -0.8680228590965271 0.15412162244319916 -0.4719987213611603 
vn -0.8708534836769104 0.16143515706062317 -0.4642767012119293 
vn -0.8708534836769104 0.16143515706062317 -0.4642767012119293 
vn -0.8707453012466431 0.17272038757801056 -0.46040233969688416 
vn -0.8707453012466431 0.17272038757801056 -0.46040233969688416 
vn -0.8692432045936584 0.18012739717960358 -0.46040233969688416 
vn -0.8692432045936584 0.18012739717960358 -0.46040233969688416 
vn -0.8876696228981018 0.19485747814178467 -0.417220801115036 
vn -0.9038134217262268 0.20960897207260132 -0.37307560443878174 
vn -0.9242733716964722 0.2206369936466217 -0.31150925159454346 
vn -0.934001088142395 0.21345634758472443 -0.2864931523799896 
vn -0.963231086730957 0.21348948776721954 -0.16312000155448914 
vn -0.9531051516532898 0.21339230239391327 -0.21460255980491638 
vn -0.9710580110549927 0.2136126607656479 -0.10684575140476227 
vn -0.9710580110549927 0.2136126607656479 -0.10684575140476227 
vn 0.8877252340316772 -0.1946040838956833 0.417220801115036 
vn 0.8692929744720459 -0.17988704144954681 0.46040233969688416 
vn 0.8692929744720459 -0.17988704144954681 0.46040233969688416 
vn 0.8707910180091858 -0.17248965799808502 0.46040233969688416 
vn 0.8687637448310852 -0.17232733964920044 0.4642767012119293 
vn 0.8701993823051453 -0.16492469608783722 0.4642767012119293 
vn 0.8701993823051453 -0.16492469608783722 0.4642767012119293 
vn 0.8673930168151855 -0.15762777626514435 0.4719987213611603 
vn 0.8673930168151855 -0.15762777626514435 0.4719987213611603 
vn 0.864507794380188 -0.15009604394435883 0.4796847105026245 
vn 0.8652783036231995 -0.15768253803253174 0.4758462607860565 
vn 0.8648801445960999 -0.12036548554897308 0.48733407258987427 
vn 0.8626704812049866 -0.13529641926288605 0.48733407258987427 
vn 0.8655554056167603 -0.09793165326118469 0.4911448359489441 
vn 0.8655554056167603 -0.09793165326118469 0.4911448359489441 
vn 0.9038751721382141 -0.20934250950813293 0.37307560443878174 
vn 0.9237452149391174 -0.216920867562294 0.31565824151039124 
vn 0.9332146048545837 -0.21686895191669464 0.2864931523799896 
vn 0.9539226293563843 -0.20970773696899414 0.21460255980491638 
vn 0.962407112121582 -0.2171737551689148 0.16312000155448914 
vn 0.9702972769737244 -0.2170417606830597 0.10684575140476227 
vn 0.9702972769737244 -0.2170417606830597 0.10684575140476227 
vn 0.13916100561618805 -0.00754509074613452 -0.9902410507202148 
vn 0.13916100561618805 -0.00754509074613452 -0.9902410507202148 
vn 0.13916100561618805 -0.00754509074613452 -0.9902410507202148 
vn 0.13916100561618805 -0.00754509074613452 -0.9902410507202148 
s on 
f 1//1 2//2 3//3 
f 2//2 2//2 3//3 
f 3//3 2//2 4//4 
f 2//2 5//5 4//4 
f 4//4 5//5 6//6 
f 5//5 7//7 6//6 
f 6//6 7//7 8//8 
f 7//7 9//9 8//8 
f 8//8 9//9 10//10 
f 9//9 9//9 10//10 
f 10//10 9//9 11//11 
f 9//9 12//12 11//11 
f 11//11 12//12 12//12 
f 12//12 1//1 12//12 
f 12//12 1//1 1//1 
f 1//1 3//3 1//1 
f 1//1 3//3 13//13 
f 3//3 14//14 13//13 
f 13//13 14//14 13//13 
f 14//14 15//15 13//13 
f 13//13 15//15 16//16 
f 15//15 17//17 16//16 
f 16//16 17//17 18//18 
f 17//17 18//18 18//18 
f 18//18 18//18 19//19 
f 18//18 19//19 19//19 
f 19//19 19//19 20//20 
f 19//19 21//21 20//20 
f 20//20 21//21 20//20 
f 21//21 22//22 20//20 
f 20//20 22//22 23//23 
f 22//22 24//24 23//23 
f 23//23 24//24 25//25 
f 24//24 26//26 25//25 
f 25//25 26//26 27//27 
f 26//26 28//28 27//27 
f 27//27 28//28 29//29 
f 28//28 30//30 29//29 
f 29//29 30//30 31//31 
f 30//30 32//32 31//31 
f 31//31 32//32 33//33 
f 32//32 34//34 33//33 
f 33//33 34//34 35//35 
f 34//34 35//35 35//35 
f 35//35 35//35 19//19 
f 35//35 19//19 19//19 
f 19//19 19//19 21//21 
f 19//19 36//36 21//21 
f 21//21 36//36 36//36 
f 36//36 37//37 36//36 
f 36//36 37//37 37//37 
f 37//37 38//38 37//37 
f 37//37 38//38 39//39 
f 38//38 40//40 39//39 
f 39//39 40//40 41//41 
f 40//40 42//42 41//41 
f 41//41 42//42 43//43 
f 42//42 44//44 43//43 
f 43//43 44//44 43//43 
f 44//44 45//45 43//43 
f 43//43 45//45 46//46 
f 45//45 47//47 46//46 
f 46//46 47//47 48//48 
f 47//47 49//49 48//48 
f 48//48 49//49 50//50 
f 49//49 51//51 50//50 
f 50//50 51//51 52//52 
f 51//51 51//51 52//52 
f 52//52 51//51 53//53 
f 51//51 54//54 53//53 
f 53//53 54//54 54//54 
f 54//54 55//55 54//54 
f 54//54 55//55 55//55 
f 55//55 56//56 55//55 
f 55//55 56//56 57//57 
f 56//56 58//58 57//57 
f 57//57 58//58 59//59 
f 58//58 60//60 59//59 
f 59//59 60//60 61//61 
f 60//60 62//62 61//61 
f 61//61 62//62 63//63 
f 62//62 64//64 63//63 
f 63//63 64//64 65//65 
f 64//64 66//66 65//65 
f 65//65 66//66 67//67 
f 66//66 68//68 67//67 
f 67//67 68//68 69//69 
f 68//68 69//69 69//69 
f 69//69 69//69 56//56 
f 69//69 56//56 56//56 
f 56//56 56//56 70//70 
f 56//56 55//55 70//70 
f 70//70 55//55 70//70 
f 55//55 71//71 70//70 
f 70//70 71//71 72//72 
f 71//71 72//72 72//72 
f 72//72 72//72 73//73 
f 72//72 73//73 73//73 
f 73//73 73//73 74//74 
f 73//73 75//75 74//74 
f 74//74 75//75 76//76 
f 75//75 77//77 76//76 
f 76//76 77//77 78//78 
f 77//77 79//79 78//78 
f 78//78 79//79 79//79 
f 79//79 73//73 79//79 
f 79//79 73//73 73//73 
f 73//73 74//74 73//73 
f 73//73 74//74 80//80 
f 74//74 81//81 80//80 
f 80//80 81//81 82//82 
f 81//81 83//83 82//82 
f 82//82 83//83 82//82 
f 83//83 84//84 82//82 
f 82//82 84//84 85//85 
f 84//84 86//86 85//85 
f 85//85 86//86 87//87 
f 86//86 88//88 87//87 
f 87//87 88//88 89//89 
f 88//88 88//88 89//89 
f 89//89 88//88 90//90 
f 88//88 91//91 90//90 
f 90//90 91//91 91//91 
f 91//91 92//92 91//91 
f 91//91 92//92 92//92 
f 92//92 93//93 92//92 
f 92//92 93//93 94//94 
f 93//93 95//95 94//94 
f 94//94 95//95 96//96 
f 95//95 97//97 96//96 
f 96//96 97//97 98//98 
f 97//97 99//99 98//98 
f 98//98 99//99 100//100 
f 99//99 101//101 100//100 
f 100//100 101//101 102//102 
f 101//101 103//103 102//102 
f 102//102 103//103 104//104 
f 103//103 105//105 104//104 
f 104//104 105//105 106//106 
f 105//105 107//107 106//106 
f 106//106 107//107 108//108 
f 107//107 108//108 108//108 
f 108//108 108//108 93//93 
f 108//108 93//93 93//93 
f 93//93 93//93 109//109 
f 93//93 92//92 109//109 
f 109//109 92//92 109//109 
f 92//92 110//110 109//109 
f 109//109 110//110 111//111 
f 110//110 112//112 111//111 
f 111//111 112//112 113//113 
f 112//112 113//113 113//113 
f 113//113 113//113 114//114 
f 113//113 114//114 114//114 
f 114//114 114//114 115//115 
f 114//114 116//116 115//115 
f 115//115 116//116 117//117 
f 116//116 118//118 117//117 
f 117//117 118//118 117//117 
f 118//118 119//119 117//117 
f 117//117 119//119 120//120 
f 119//119 119//119 120//120 
f 120//120 119//119 121//121 
f 119//119 122//122 121//121 
f 121//121 122//122 121//121 
f 122//122 123//123 121//121 
f 121//121 123//123 124//124 
f 123//123 123//123 124//124 
f 124//124 123//123 125//125 
f 123//123 126//126 125//125 
f 125//125 126//126 127//127 
f 126//126 128//128 127//127 
f 127//127 128//128 127//127 
f 128//128 129//129 127//127 
f 127//127 129//129 130//130 
f 129//129 131//131 130//130 
f 130//130 131//131 132//132 
f 131//131 132//132 132//132 
f 132//132 132//132 116//116 
f 132//132 116//116 116//116 
f 116//116 116//116 133//133 
f 116//116 114//114 133//133 
f 133//133 114//114 134//134 
f 114//114 135//135 134//134 
f 134//134 135//135 135//135 
f 135//135 136//136 135//135 
f 135//135 136//136 136//136 
f 136//136 137//137 136//136 
f 136//136 137//137 138//138 
f 137//137 137//137 138//138 
f 138//138 137//137 139//139 
f 137//137 140//140 139//139 
f 139//139 140//140 141//141 
f 140//140 142//142 141//141 
f 141//141 142//142 143//143 
f 142//142 144//144 143//143 
f 143//143 144//144 145//145 
f 144//144 146//146 145//145 
f 145//145 146//146 147//147 
f 146//146 148//148 147//147 
f 147//147 148//148 149//149 
f 148//148 150//150 149//149 
f 149//149 150//150 151//151 
f 150//150 152//152 151//151 
f 151//151 152//152 153//153 
f 152//152 154//154 153//153 
f 153//153 154//154 155//155 
f 154//154 156//156 155//155 
f 155//155 156//156 157//157 
f 156//156 157//157 157//157 
f 157//157 157//157 78//78 
f 157//157 78//78 78//78 
f 78//78 78//78 158//158 
f 78//78 79//79 158//158 
f 158//158 79//79 158//158 
f 79//79 159//159 158//158 
f 158//158 159//159 160//160 
f 159//159 160//160 160//160 
f 160//160 160//160 161//161 
f 160//160 161//161 161//161 
f 161//161 161//161 162//162 
f 161//161 163//163 162//162 
f 162//162 163//163 164//164 
f 163//163 164//164 164//164 
f 164//164 164//164 165//165 
f 164//164 165//165 165//165 
f 165//165 165//165 166//166 
f 165//165 167//167 166//166 
f 166//166 167//167 166//166 
f 167//167 168//168 166//166 
f 166//166 168//168 169//169 
f 168//168 170//170 169//169 
f 169//169 170//170 171//171 
f 170//170 172//172 171//171 
f 171//171 172//172 171//171 
f 172//172 173//173 171//171 
f 171//171 173//173 174//174 
f 173//173 175//175 174//174 
f 174//174 175//175 176//176 
f 175//175 175//175 176//176 
f 176//176 175//175 177//177 
f 175//175 178//178 177//177 
f 177//177 178//178 179//179 
f 178//178 180//180 179//179 
f 179//179 180//180 181//181 
f 180//180 182//182 181//181 
f 181//181 182//182 181//181 
f 182//182 183//183 181//181 
f 181//181 183//183 184//184 
f 183//183 184//184 184//184 
f 184//184 184//184 185//185 
f 184//184 185//185 185//185 
f 185//185 185//185 186//186 
f 185//185 187//187 186//186 
f 186//186 187//187 186//186 
f 187//187 188//188 186//186 
f 186//186 188//188 189//189 
f 188//188 190//190 189//189 
f 189//189 190//190 191//191 
f 190//190 192//192 191//191 
f 191//191 192//192 193//193 
f 192//192 194//194 193//193 
f 193//193 194//194 195//195 
f 194//194 196//196 195//195 
f 195//195 196//196 197//197 
f 196//196 198//198 197//197 
f 197//197 198//198 199//199 
f 198//198 200//200 199//199 
f 199//199 200//200 201//201 
f 200//200 202//202 201//201 
f 201//201 202//202 203//203 
f 202//202 204//204 203//203 
f 203//203 204//204 204//204 
f 204//204 205//205 204//204 
f 204//204 205//205 205//205 
f 205//205 206//206 205//205 
f 205//205 206//206 207//207 
f 206//206 206//206 207//207 
f 207//207 206//206 208//208 
f 206//206 206//206 208//208 
f 208//208 206//206 209//209 
f 206//206 210//210 209//209 
f 209//209 210//210 209//209 
f 210//210 211//211 209//209 
f 209//209 211//211 212//212 
f 211//211 211//211 212//212 
f 212//212 211//211 213//213 
f 211//211 214//214 213//213 
f 213//213 214//214 213//213 
f 214//214 215//215 213//213 
f 213//213 215//215 216//216 
f 215//215 215//215 216//216 
f 216//216 215//215 217//217 
f 215//215 218//218 217//217 
f 217//217 218//218 217//217 
f 218//218 219//219 217//217 
f 217//217 219//219 220//220 
f 219//219 221//221 220//220 
f 220//220 221//221 222//222 
f 221//221 221//221 222//222 
f 222//222 221//221 223//223 
f 221//221 224//224 223//223 
f 223//223 224//224 224//224 
f 224//224 225//225 224//224 
f 224//224 225//225 225//225 
f 225//225 226//226 225//225 
f 225//225 226//226 227//227 
f 226//226 226//226 227//227 
f 227//227 226//226 228//228 
f 226//226 229//229 228//228 
f 228//228 229//229 230//230 
f 229//229 231//231 230//230 
f 230//230 231//231 232//232 
f 231//231 233//233 232//232 
f 232//232 233//233 234//234 
f 233//233 235//235 234//234 
f 234//234 235//235 236//236 
f 235//235 237//237 236//236 
f 236//236 237//237 238//238 
f 237//237 239//239 238//238 
f 238//238 239//239 239//239 
f 239//239 227//227 239//239 
f 239//239 227//227 227//227 
f 227//227 240//240 227//227 
f 227//227 240//240 225//225 
f 240//240 240//240 225//225 
f 225//225 240//240 241//241 
f 240//240 242//242 241//241 
f 241//241 242//242 243//243 
f 242//242 244//244 243//243 
f 243//243 244//244 244//244 
f 244//244 245//245 244//244 
f 244//244 245//245 245//245 
f 245//245 246//246 245//245 
f 245//245 246//246 247//247 
f 246//246 248//248 247//247 
f 247//247 248//248 248//248 
f 248//248 249//249 248//248 
f 248//248 249//249 249//249 
f 249//249 250//250 249//249 
f 249//249 250//250 251//251 
f 250//250 250//250 251//251 
f 251//251 250//250 252//252 
f 250//250 253//253 252//252 
f 252//252 253//253 254//254 
f 253//253 255//255 254//254 
f 254//254 255//255 255//255 
f 255//255 249//249 255//255 
f 255//255 249//249 249//249 
f 249//249 251//251 249//249 
f 249//249 251//251 256//256 
f 251//251 257//257 256//256 
f 256//256 257//257 258//258 
f 257//257 259//259 258//258 
f 258//258 259//259 258//258 
f 259//259 260//260 258//258 
f 258//258 260//260 261//261 
f 260//260 262//262 261//261 
f 261//261 262//262 263//263 
f 262//262 264//264 263//263 
f 263//263 264//264 265//265 
f 264//264 264//264 265//265 
f 265//265 264//264 266//266 
f 264//264 267//267 266//266 
f 266//266 267//267 267//267 
f 267//267 268//268 267//267 
f 267//267 268//268 268//268 
f 268//268 269//269 268//268 
f 268//268 269//269 270//270 
f 269//269 271//271 270//270 
f 270//270 271//271 272//272 
f 271//271 273//273 272//272 
f 272//272 273//273 274//274 
f 273//273 275//275 274//274 
f 274//274 275//275 276//276 
f 275//275 277//277 276//276 
f 276//276 277//277 278//278 
f 277//277 279//279 278//278 
f 278//278 279//279 280//280 
f 279//279 281//281 280//280 
f 280//280 281//281 282//282 
f 281//281 283//283 282//282 
f 282//282 283//283 284//284 
f 283//283 284//284 284//284 
f 284//284 284//284 269//269 
f 284//284 269//269 269//269 
f 269//269 269//269 285//285 
f 269//269 268//268 285//285 
f 285//285 268//268 285//285 
f 268//268 286//286 285//285 
f 285//285 286//286 287//287 
f 286//286 288//288 287//287 
f 287//287 288//288 289//289 
f 288//288 289//289 289//289 
f 289//289 289//289 290//290 
f 289//289 290//290 290//290 
f 290//290 290//290 291//291 
f 290//290 292//292 291//291 
f 291//291 292//292 293//293 
f 292//292 294//294 293//293 
f 293//293 294//294 293//293 
f 294//294 295//295 293//293 
f 293//293 295//295 296//296 
f 295//295 295//295 296//296 
f 296//296 295//295 297//297 
f 295//295 298//298 297//297 
f 297//297 298//298 297//297 
f 298//298 299//299 297//297 
f 297//297 299//299 300//300 
f 299//299 299//299 300//300 
f 300//300 299//299 301//301 
f 299//299 302//302 301//301 
f 301//301 302//302 303//303 
f 302//302 304//304 303//303 
f 303//303 304//304 303//303 
f 304//304 305//305 303//303 
f 303//303 305//305 306//306 
f 305//305 307//307 306//306 
f 306//306 307//307 308//308 
f 307//307 308//308 308//308 
f 308//308 308//308 292//292 
f 308//308 292//292 292//292 
f 292//292 292//292 309//309 
f 292//292 290//290 309//309 
f 309//309 290//290 310//310 
f 290//290 311//311 310//310 
f 310//310 311//311 311//311 
f 311//311 312//312 311//311 
f 311//311 312//312 312//312 
f 312//312 313//313 312//312 
f 312//312 313//313 314//314 
f 313//313 313//313 314//314 
f 314//314 313//313 315//315 
f 313//313 316//316 315//315 
f 315//315 316//316 317//317 
f 316//316 318//318 317//317 
f 317//317 318//318 319//319 
f 318//318 320//320 319//319 
f 319//319 320//320 321//321 
f 320//320 322//322 321//321 
f 321//321 322//322 323//323 
f 322//322 324//324 323//323 
f 323//323 324//324 325//325 
f 324//324 326//326 325//325 
f 325//325 326//326 327//327 
f 326//326 328//328 327//327 
f 327//327 328//328 329//329 
f 328//328 330//330 329//329 
f 329//329 330//330 331//331 
f 330//330 332//332 331//331 
f 331//331 332//332 333//333 
f 332//332 333//333 333//333 
f 333//333 333//333 254//254 
f 333//333 254//254 254//254 
f 254//254 254//254 334//334 
f 254//254 255//255 334//334 
f 334//334 255//255 334//334 
f 255//255 335//335 334//334 
f 334//334 335//335 336//336 
f 335//335 336//336 336//336 
f 336//336 336//336 337//337 
f 336//336 337//337 337//337 
f 337//337 337//337 338//338 
f 337//337 339//339 338//338 
f 338//338 339//339 340//340 
f 339//339 340//340 340//340 
f 340//340 340//340 341//341 
f 340//340 341//341 341//341 
f 341//341 341//341 342//342 
f 341//341 343//343 342//342 
f 342//342 343//343 344//344 
f 343//343 345//345 344//344 
f 344//344 345//345 346//346 
f 345//345 347//347 346//346 
f 346//346 347//347 348//348 
f 347//347 347//347 348//348 
f 348//348 347//347 349//349 
f 347//347 350//350 349//349 
f 349//349 350//350 351//351 
f 350//350 352//352 351//351 
f 351//351 352//352 351//351 
f 352//352 353//353 351//351 
f 351//351 353//353 354//354 
f 353//353 355//355 354//354 
f 354//354 355//355 356//356 
f 355//355 357//357 356//356 
f 356//356 357//357 358//358 
f 357//357 357//357 358//358 
f 358//358 357//357 359//359 
f 357//357 360//360 359//359 
f 359//359 360//360 360//360 
f 360//360 361//361 360//360 
f 360//360 361//361 361//361 
f 361//361 362//362 361//361 
f 361//361 362//362 363//363 
f 362//362 364//364 363//363 
f 363//363 364//364 365//365 
f 364//364 366//366 365//365 
f 365//365 366//366 367//367 
f 366//366 368//368 367//367 
f 367//367 368//368 369//369 
f 368//368 370//370 369//369 
f 369//369 370//370 371//371 
f 370//370 372//372 371//371 
f 371//371 372//372 373//373 
f 372//372 374//374 373//373 
f 373//373 374//374 375//375 
f 374//374 375//375 375//375 
f 375//375 375//375 362//362 
f 375//375 362//362 362//362 
f 362//362 362//362 376//376 
f 362//362 361//361 376//376 
f 376//376 361//361 376//376 
f 361//361 377//377 376//376 
f 376//376 377//377 378//378 
f 377//377 379//379 378//378 
f 378//378 379//379 380//380 
f 379//379 380//380 380//380 
f 380//380 380//380 381//381 
f 380//380 381//381 381//381 
f 381//381 381//381 382//382 
f 381//381 383//383 382//382 
f 382//382 383//383 384//384 
f 383//383 385//385 384//384 
f 384//384 385//385 384//384 
f 385//385 386//386 384//384 
f 384//384 386//386 387//387 
f 386//386 386//386 387//387 
f 387//387 386//386 388//388 
f 386//386 389//389 388//388 
f 388//388 389//389 388//388 
f 389//389 390//390 388//388 
f 388//388 390//390 391//391 
f 390//390 390//390 391//391 
f 391//391 390//390 392//392 
f 390//390 393//393 392//392 
f 392//392 393//393 394//394 
f 393//393 395//395 394//394 
f 394//394 395//395 394//394 
f 395//395 396//396 394//394 
f 394//394 396//396 397//397 
f 396//396 397//397 397//397 
f 397//397 397//397 383//383 
f 397//397 383//383 383//383 
f 383//383 383//383 398//398 
f 383//383 381//381 398//398 
f 398//398 381//381 399//399 
f 381//381 400//400 399//399 
f 399//399 400//400 400//400 
f 400//400 401//401 400//400 
f 400//400 401//401 401//401 
f 401//401 402//402 401//401 
f 401//401 402//402 403//403 
f 402//402 402//402 403//403 
f 403//403 402//402 404//404 
f 402//402 405//405 404//404 
f 404//404 405//405 406//406 
f 405//405 407//407 406//406 
f 406//406 407//407 408//408 
f 407//407 409//409 408//408 
f 408//408 409//409 410//410 
f 409//409 411//411 410//410 
f 410//410 411//411 412//412 
f 411//411 413//413 412//412 
f 412//412 413//413 414//414 
f 413//413 415//415 414//414 
f 414//414 415//415 416//416 
f 415//415 417//417 416//416 
f 416//416 417//417 418//418 
f 417//417 419//419 418//418 
f 418//418 419//419 420//420 
f 419//419 420//420 420//420 
f 420//420 420//420 421//421 
f 420//420 421//421 421//421 
f 421//421 421//421 422//422 
f 421//421 423//423 422//422 
f 422//422 423//423 424//424 
f 423//423 424//424 424//424 
f 424//424 424//424 425//425 
f 424//424 425//425 425//425 
f 425//425 425//425 426//426 
f 425//425 427//427 426//426 
f 426//426 427//427 428//428 
f 427//427 429//429 428//428 
f 428//428 429//429 430//430 
f 429//429 431//431 430//430 
f 430//430 431//431 431//431 
f 431//431 425//425 431//431 
f 431//431 425//425 425//425 
f 425//425 426//426 425//425 
f 425//425 426//426 432//432 
f 426//426 433//433 432//432 
f 432//432 433//433 434//434 
f 433//433 435//435 434//434 
f 434//434 435//435 434//434 
f 435//435 436//436 434//434 
f 434//434 436//436 437//437 
f 436//436 438//438 437//437 
f 437//437 438//438 439//439 
f 438//438 440//440 439//439 
f 439//439 440//440 441//441 
f 440//440 440//440 441//441 
f 441//441 440//440 442//442 
f 440//440 443//443 442//442 
f 442//442 443//443 443//443 
f 443//443 444//444 443//443 
f 443//443 444//444 444//444 
f 444//444 445//445 444//444 
f 444//444 445//445 446//446 
f 445//445 447//447 446//446 
f 446//446 447//447 448//448 
f 447//447 449//449 448//448 
f 448//448 449//449 450//450 
f 449//449 451//451 450//450 
f 450//450 451//451 452//452 
f 451//451 453//453 452//452 
f 452//452 453//453 454//454 
f 453//453 455//455 454//454 
f 454//454 455//455 456//456 
f 455//455 457//457 456//456 
f 456//456 457//457 458//458 
f 457//457 459//459 458//458 
f 458//458 459//459 460//460 
f 459//459 460//460 460//460 
f 460//460 460//460 445//445 
f 460//460 445//445 445//445 
f 445//445 445//445 461//461 
f 445//445 444//444 461//461 
f 461//461 444//444 461//461 
f 444//444 462//462 461//461 
f 461//461 462//462 463//463 
f 462//462 464//464 463//463 
f 463//463 464//464 465//465 
f 464//464 465//465 465//465 
f 465//465 465//465 466//466 
f 465//465 466//466 466//466 
f 466//466 466//466 467//467 
f 466//466 468//468 467//467 
f 467//467 468//468 469//469 
f 468//468 470//470 469//469 
f 469//469 470//470 469//469 
f 470//470 471//471 469//469 
f 469//469 471//471 472//472 
f 471//471 471//471 472//472 
f 472//472 471//471 473//473 
f 471//471 474//474 473//473 
f 473//473 474//474 473//473 
f 474//474 475//475 473//473 
f 473//473 475//475 476//476 
f 475//475 475//475 476//476 
f 476//476 475//475 477//477 
f 475//475 478//478 477//477 
f 477//477 478//478 479//479 
f 478//478 480//480 479//479 
f 479//479 480//480 479//479 
f 480//480 481//481 479//479 
f 479//479 481//481 482//482 
f 481//481 483//483 482//482 
f 482//482 483//483 484//484 
f 483//483 484//484 484//484 
f 484//484 484//484 468//468 
f 484//484 468//468 468//468 
f 468//468 468//468 485//485 
f 468//468 466//466 485//485 
f 485//485 466//466 486//486 
f 466//466 487//487 486//486 
f 486//486 487//487 487//487 
f 487//487 488//488 487//487 
f 487//487 488//488 488//488 
f 488//488 489//489 488//488 
f 488//488 489//489 490//490 
f 489//489 489//489 490//490 
f 490//490 489//489 491//491 
f 489//489 492//492 491//491 
f 491//491 492//492 493//493 
f 492//492 494//494 493//493 
f 493//493 494//494 495//495 
f 494//494 496//496 495//495 
f 495//495 496//496 497//497 
f 496//496 498//498 497//497 
f 497//497 498//498 499//499 
f 498//498 500//500 499//499 
f 499//499 500//500 501//501 
f 500//500 502//502 501//501 
f 501//501 502//502 503//503 
f 502//502 504//504 503//503 
f 503//503 504//504 505//505 
f 504//504 506//506 505//505 
f 505//505 506//506 507//507 
f 506//506 508//508 507//507 
f 507//507 508//508 509//509 
f 508//508 509//509 509//509 
f 509//509 509//509 430//430 
f 509//509 430//430 430//430 
f 430//430 430//430 510//510 
f 430//430 431//431 510//510 
f 510//510 431//431 510//510 
f 431//431 511//511 510//510 
f 510//510 511//511 512//512 
f 511//511 512//512 512//512 
f 512//512 512//512 513//513 
f 512//512 513//513 513//513 
f 513//513 513//513 514//514 
f 513//513 515//515 514//514 
f 514//514 515//515 516//516 
f 515//515 516//516 516//516 
f 516//516 516//516 517//517 
f 516//516 517//517 517//517 
f 517//517 517//517 518//518 
f 517//517 519//519 518//518 
f 518//518 519//519 520//520 
f 519//519 521//521 520//520 
f 520//520 521//521 522//522 
f 521//521 523//523 522//522 
f 522//522 523//523 524//524 
f 523//523 525//525 524//524 
f 524//524 525//525 526//526 
f 525//525 525//525 526//526 
f 526//526 525//525 527//527 
f 525//525 528//528 527//527 
f 527//527 528//528 528//528 
f 528//528 517//517 528//528 
f 528//528 517//517 517//517 
f 517//517 518//518 517//517 
f 517//517 518//518 529//529 
f 518//518 530//530 529//529 
f 529//529 530//530 529//529 
f 530//530 531//531 529//529 
f 529//529 531//531 532//532 
f 531//531 533//533 532//532 
f 532//532 533//533 534//534 
f 533//533 534//534 534//534 
f 534//534 534//534 535//535 
f 534//534 535//535 535//535 
f 535//535 535//535 536//536 
f 535//535 537//537 536//536 
f 536//536 537//537 536//536 
f 537//537 538//538 536//536 
f 536//536 538//538 539//539 
f 538//538 540//540 539//539 
f 539//539 540//540 541//541 
f 540//540 542//542 541//541 
f 541//541 542//542 543//543 
f 542//542 544//544 543//543 
f 543//543 544//544 545//545 
f 544//544 546//546 545//545 
f 545//545 546//546 547//547 
f 546//546 548//548 547//547 
f 547//547 548//548 549//549 
f 548//548 550//550 549//549 
f 549//549 550//550 551//551 
f 550//550 551//551 551//551 
f 551//551 551//551 535//535 
f 551//551 535//535 535//535 
f 535//535 535//535 537//537 
f 535//535 552//552 537//537 
f 537//537 552//552 552//552 
f 552//552 553//553 552//552 
f 552//552 553//553 553//553 
f 553//553 554//554 553//553 
f 553//553 554//554 555//555 
f 554//554 556//556 555//555 
f 555//555 556//556 557//557 
f 556//556 558//558 557//557 
f 557//557 558//558 559//559 
f 558//558 560//560 559//559 
f 559//559 560//560 559//559 
f 560//560 561//561 559//559 
f 559//559 561//561 562//562 
f 561//561 563//563 562//562 
f 562//562 563//563 564//564 
f 563//563 565//565 564//564 
f 564//564 565//565 566//566 
f 565//565 567//567 566//566 
f 566//566 567//567 568//568 
f 567//567 567//567 568//568 
f 568//568 567//567 569//569 
f 567//567 570//570 569//569 
f 569//569 570//570 570//570 
f 570//570 571//571 570//570 
f 570//570 571//571 571//571 
f 571//571 572//572 571//571 
f 571//571 572//572 573//573 
f 572//572 574//574 573//573 
f 573//573 574//574 575//575 
f 574//574 576//576 575//575 
f 575//575 576//576 577//577 
f 576//576 578//578 577//577 
f 577//577 578//578 579//579 
f 578//578 580//580 579//579 
f 579//579 580//580 581//581 
f 580//580 582//582 581//581 
f 581//581 582//582 583//583 
f 582//582 584//584 583//583 
f 583//583 584//584 585//585 
f 584//584 585//585 585//585 
f 585//585 585//585 572//572 
f 585//585 572//572 572//572 
f 572//572 572//572 586//586 
f 572//572 571//571 586//586 
f 586//586 571//571 586//586 
f 571//571 587//587 586//586 
f 586//586 587//587 588//588 
f 587//587 588//588 588//588 
f 588//588 588//588 589//589 
f 588//588 589//589 589//589 
f 589//589 589//589 590//590 
f 589//589 591//591 590//590 
f 590//590 591//591 592//592 
f 591//591 593//593 592//592 
f 592//592 593//593 594//594 
f 593//593 595//595 594//594 
f 594//594 595//595 596//596 
f 595//595 597//597 596//596 
f 596//596 597//597 598//598 
f 597//597 597//597 598//598 
f 598//598 597//597 599//599 
f 597//597 600//600 599//599 
f 599//599 600//600 600//600 
f 600//600 589//589 600//600 
f 600//600 589//589 589//589 
f 589//589 590//590 589//589 
f 589//589 590//590 601//601 
f 590//590 602//602 601//601 
f 601//601 602//602 601//601 
f 602//602 603//603 601//601 
f 601//601 603//603 604//604 
f 603//603 605//605 604//604 
f 604//604 605//605 606//606 
f 605//605 606//606 606//606 
f 606//606 606//606 607//607 
f 606//606 607//607 607//607 
f 607//607 607//607 608//608 
f 607//607 609//609 608//608 
f 608//608 609//609 608//608 
f 609//609 610//610 608//608 
f 608//608 610//610 611//611 
f 610//610 612//612 611//611 
f 611//611 612//612 613//613 
f 612//612 614//614 613//613 
f 613//613 614//614 615//615 
f 614//614 616//616 615//615 
f 615//615 616//616 617//617 
f 616//616 618//618 617//617 
f 617//617 618//618 619//619 
f 618//618 620//620 619//619 
f 619//619 620//620 621//621 
f 620//620 622//622 621//621 
f 621//621 622//622 623//623 
f 622//622 623//623 623//623 
f 623//623 623//623 607//607 
f 623//623 607//607 607//607 
f 607//607 607//607 609//609 
f 607//607 624//624 609//609 
f 609//609 624//624 624//624 
f 624//624 625//625 624//624 
f 624//624 625//625 625//625 
f 625//625 626//626 625//625 
f 625//625 626//626 627//627 
f 626//626 628//628 627//627 
f 627//627 628//628 629//629 
f 628//628 630//630 629//629 
f 629//629 630//630 631//631 
f 630//630 632//632 631//631 
f 631//631 632//632 631//631 
f 632//632 633//633 631//631 
f 631//631 633//633 634//634 
f 633//633 635//635 634//634 
f 634//634 635//635 636//636 
f 635//635 637//637 636//636 
f 636//636 637//637 638//638 
f 637//637 639//639 638//638 
f 638//638 639//639 640//640 
f 639//639 639//639 640//640 
f 640//640 639//639 641//641 
f 639//639 642//642 641//641 
f 641//641 642//642 642//642 
f 642//642 643//643 642//642 
f 642//642 643//643 643//643 
f 643//643 644//644 643//643 
f 643//643 644//644 645//645 
f 644//644 646//646 645//645 
f 645//645 646//646 647//647 
f 646//646 648//648 647//647 
f 647//647 648//648 649//649 
f 648//648 650//650 649//649 
f 649//649 650//650 651//651 
f 650//650 652//652 651//651 
f 651//651 652//652 653//653 
f 652//652 654//654 653//653 
f 653//653 654//654 655//655 
f 654//654 656//656 655//655 
f 655//655 656//656 657//657 
f 656//656 657//657 657//657 
f 657//657 657//657 644//644 
f 657//657 644//644 644//644 
f 644//644 644//644 658//658 
f 644//644 643//643 658//658 
f 658//658 643//643 658//658 
f 643//643 659//659 658//658 
f 658//658 659//659 660//660 
f 659//659 660//660 660//660 
f 660//660 660//660 661//661 
f 660//660 661//661 661//661 
f 661//661 661//661 662//662 
f 661//661 663//663 662//662 
f 662//662 663//663 664//664 
f 663//663 665//665 664//664 
f 664//664 665//665 666//666 
f 665//665 667//667 666//666 
f 666//666 667//667 668//668 
f 667//667 667//667 668//668 
f 668//668 667//667 669//669 
f 667//667 670//670 669//669 
f 669//669 670//670 671//671 
f 670//670 672//672 671//671 
f 671//671 672//672 671//671 
f 672//672 673//673 671//671 
f 671//671 673//673 674//674 
f 673//673 675//675 674//674 
f 674//674 675//675 676//676 
f 675//675 677//677 676//676 
f 676//676 677//677 678//678 
f 677//677 677//677 678//678 
f 678//678 677//677 679//679 
f 677//677 680//680 679//679 
f 679//679 680//680 680//680 
f 680//680 681//681 680//680 
f 680//680 681//681 681//681 
f 681//681 682//682 681//681 
f 681//681 682//682 683//683 
f 682//682 684//684 683//683 
f 683//683 684//684 685//685 
f 684//684 686//686 685//685 
f 685//685 686//686 687//687 
f 686//686 688//688 687//687 
f 687//687 688//688 689//689 
f 688//688 690//690 689//689 
f 689//689 690//690 691//691 
f 690//690 692//692 691//691 
f 691//691 692//692 693//693 
f 692//692 694//694 693//693 
f 693//693 694//694 695//695 
f 694//694 695//695 695//695 
f 695//695 695//695 682//682 
f 695//695 682//682 682//682 
f 682//682 682//682 696//696 
f 682//682 681//681 696//696 
f 696//696 681//681 696//696 
f 681//681 697//697 696//696 
f 696//696 697//697 698//698 
f 697//697 699//699 698//698 
f 698//698 699//699 700//700 
f 699//699 700//700 700//700 
f 700//700 700//700 701//701 
f 700//700 701//701 701//701 
f 701//701 701//701 702//702 
f 701//701 703//703 702//702 
f 702//702 703//703 704//704 
f 703//703 705//705 704//704 
f 704//704 705//705 704//704 
f 705//705 706//706 704//704 
f 704//704 706//706 707//707 
f 706//706 706//706 707//707 
f 707//707 706//706 708//708 
f 706//706 709//709 708//708 
f 708//708 709//709 708//708 
f 709//709 710//710 708//708 
f 708//708 710//710 711//711 
f 710//710 710//710 711//711 
f 711//711 710//710 712//712 
f 710//710 713//713 712//712 
f 712//712 713//713 714//714 
f 713//713 715//715 714//714 
f 714//714 715//715 714//714 
f 715//715 716//716 714//714 
f 714//714 716//716 717//717 
f 716//716 717//717 717//717 
f 717//717 717//717 703//703 
f 717//717 703//703 703//703 
f 703//703 703//703 718//718 
f 703//703 701//701 718//718 
f 718//718 701//701 719//719 
f 701//701 720//720 719//719 
f 719//719 720//720 720//720 
f 720//720 721//721 720//720 
f 720//720 721//721 721//721 
f 721//721 722//722 721//721 
f 721//721 722//722 723//723 
f 722//722 722//722 723//723 
f 723//723 722//722 724//724 
f 722//722 725//725 724//724 
f 724//724 725//725 726//726 
f 725//725 727//727 726//726 
f 726//726 727//727 728//728 
f 727//727 729//729 728//728 
f 728//728 729//729 730//730 
f 729//729 731//731 730//730 
f 730//730 731//731 732//732 
f 731//731 733//733 732//732 
f 732//732 733//733 734//734 
f 733//733 735//735 734//734 
f 734//734 735//735 736//736 
f 735//735 737//737 736//736 
f 736//736 737//737 738//738 
f 737//737 739//739 738//738 
f 738//738 739//739 740//740 
f 739//739 740//740 740//740 
f 740//740 740//740 741//741 
f 740//740 741//741 741//741 
f 741//741 741//741 742//742 
f 741//741 743//743 742//742 
f 742//742 743//743 744//744 
f 743//743 744//744 744//744 
f 744//744 744//744 745//745 
f 744//744 745//745 745//745 
f 745//745 745//745 746//746 
f 745//745 747//747 746//746 
f 746//746 747//747 746//746 
f 747//747 748//748 746//746 
f 746//746 748//748 749//749 
f 748//748 750//750 749//749 
f 749//749 750//750 751//751 
f 750//750 752//752 751//751 
f 751//751 752//752 753//753 
f 752//752 754//754 753//753 
f 753//753 754//754 753//753 
f 754//754 755//755 753//753 
f 753//753 755//755 756//756 
f 755//755 757//757 756//756 
f 756//756 757//757 758//758 
f 757//757 757//757 758//758 
f 758//758 757//757 759//759 
f 757//757 760//760 759//759 
f 759//759 760//760 761//761 
f 760//760 762//762 761//761 
f 761//761 762//762 763//763 
f 762//762 764//764 763//763 
f 763//763 764//764 763//763 
f 764//764 765//765 763//763 
f 763//763 765//765 766//766 
f 765//765 766//766 766//766 
f 766//766 766//766 767//767 
f 766//766 767//767 767//767 
f 767//767 767//767 768//768 
f 767//767 769//769 768//768 
f 768//768 769//769 768//768 
f 769//769 770//770 768//768 
f 768//768 770//770 771//771 
f 770//770 772//772 771//771 
f 771//771 772//772 773//773 
f 772//772 774//774 773//773 
f 773//773 774//774 775//775 
f 774//774 776//776 775//775 
f 775//775 776//776 777//777 
f 776//776 778//778 777//777 
f 777//777 778//778 779//779 
f 778//778 780//780 779//779 
f 779//779 780//780 781//781 
f 780//780 782//782 781//781 
f 781//781 782//782 783//783 
f 782//782 784//784 783//783 
f 783//783 784//784 785//785 
f 784//784 786//786 785//785 
f 785//785 786//786 787//787 
f 786//786 788//788 787//787 
f 787//787 788//788 788//788 
f 788//788 789//789 788//788 
f 788//788 789//789 789//789 
f 789//789 790//790 789//789 
f 789//789 790//790 791//791 
f 790//790 790//790 791//791 
f 791//791 790//790 792//792 
f 790//790 790//790 792//792 
f 792//792 790//790 793//793 
f 790//790 794//794 793//793 
f 793//793 794//794 793//793 
f 794//794 795//795 793//793 
f 793//793 795//795 796//796 
f 795//795 795//795 796//796 
f 796//796 795//795 797//797 
f 795//795 798//798 797//797 
f 797//797 798//798 797//797 
f 798//798 799//799 797//797 
f 797//797 799//799 800//800 
f 799//799 799//799 800//800 
f 800//800 799//799 801//801 
f 799//799 802//802 801//801 
f 801//801 802//802 801//801 
f 802//802 803//803 801//801 
f 801//801 803//803 804//804 
f 803//803 805//805 804//804 
f 804//804 805//805 806//806 
f 805//805 805//805 806//806 
f 806//806 805//805 807//807 
f 805//805 808//808 807//807 
f 807//807 808//808 809//809 
f 808//808 810//810 809//809 
f 809//809 810//810 810//810 
f 810//810 811//811 810//810 
f 810//810 811//811 811//811 
f 811//811 812//812 811//811 
f 811//811 812//812 813//813 
f 812//812 812//812 813//813 
f 813//813 812//812 814//814 
f 812//812 815//815 814//814 
f 814//814 815//815 816//816 
f 815//815 817//817 816//816 
f 816//816 817//817 818//818 
f 817//817 819//819 818//818 
f 818//818 819//819 820//820 
f 819//819 821//821 820//820 
f 820//820 821//821 822//822 
f 821//821 823//823 822//822 
f 822//822 823//823 824//824 
f 823//823 825//825 824//824 
f 824//824 825//825 825//825 
f 825//825 813//813 825//825 
f 825//825 813//813 813//813 
f 813//813 826//826 813//813 
f 813//813 826//826 811//811 
f 826//826 826//826 811//811 
f 811//811 826//826 827//827 
f 826//826 828//828 827//827 
f 827//827 828//828 829//829 
f 828//828 830//830 829//829 
f 829//829 830//830 831//831 
f 830//830 832//832 831//831 
f 831//831 832//832 832//832 
f 832//832 833//833 832//832 
f 832//832 833//833 833//833 
f 833//833 834//834 833//833 
f 833//833 834//834 835//835 
f 834//834 836//836 835//835 
f 835//835 836//836 836//836 
f 836//836 837//837 836//836 
f 836//836 837//837 837//837 
f 837//837 838//838 837//837 
f 837//837 838//838 839//839 
f 838//838 838//838 839//839 
f 839//839 838//838 840//840 
f 838//838 841//841 840//840 
f 840//840 841//841 842//842 
f 841//841 843//843 842//842 
f 842//842 843//843 844//844 
f 843//843 845//845 844//844 
f 844//844 845//845 846//846 
f 845//845 845//845 846//846 
f 846//846 845//845 847//847 
f 845//845 848//848 847//847 
f 847//847 848//848 848//848 
f 848//848 837//837 848//848 
f 848//848 837//837 837//837 
f 837//837 839//839 837//837 
f 837//837 839//839 849//849 
f 839//839 850//850 849//849 
f 849//849 850//850 849//849 
f 850//850 851//851 849//849 
f 849//849 851//851 852//852 
f 851//851 853//853 852//852 
f 852//852 853//853 854//854 
f 853//853 854//854 854//854 
f 854//854 854//854 855//855 
f 854//854 855//855 855//855 
f 855//855 855//855 856//856 
f 855//855 857//857 856//856 
f 856//856 857//857 856//856 
f 857//857 858//858 856//856 
f 856//856 858//858 859//859 
f 858//858 860//860 859//859 
f 859//859 860//860 861//861 
f 860//860 862//862 861//861 
f 861//861 862//862 863//863 
f 862//862 864//864 863//863 
f 863//863 864//864 865//865 
f 864//864 866//866 865//865 
f 865//865 866//866 867//867 
f 866//866 868//868 867//867 
f 867//867 868//868 869//869 
f 868//868 870//870 869//869 
f 869//869 870//870 871//871 
f 870//870 871//871 871//871 
f 871//871 871//871 855//855 
f 871//871 855//855 855//855 
f 855//855 855//855 857//857 
f 855//855 872//872 857//857 
f 857//857 872//872 872//872 
f 872//872 873//873 872//872 
f 872//872 873//873 873//873 
f 873//873 874//874 873//873 
f 873//873 874//874 875//875 
f 874//874 876//876 875//875 
f 875//875 876//876 877//877 
f 876//876 878//878 877//877 
f 877//877 878//878 879//879 
f 878//878 880//880 879//879 
f 879//879 880//880 879//879 
f 880//880 881//881 879//879 
f 879//879 881//881 882//882 
f 881//881 883//883 882//882 
f 882//882 883//883 884//884 
f 883//883 885//885 884//884 
f 884//884 885//885 886//886 
f 885//885 887//887 886//886 
f 886//886 887//887 888//888 
f 887//887 887//887 888//888 
f 888//888 887//887 889//889 
f 887//887 890//890 889//889 
f 889//889 890//890 890//890 
f 890//890 891//891 890//890 
f 890//890 891//891 891//891 
f 891//891 892//892 891//891 
f 891//891 892//892 893//893 
f 892//892 894//894 893//893 
f 893//893 894//894 895//895 
f 894//894 896//896 895//895 
f 895//895 896//896 897//897 
f 896//896 898//898 897//897 
f 897//897 898//898 899//899 
f 898//898 900//900 899//899 
f 899//899 900//900 901//901 
f 900//900 902//902 901//901 
f 901//901 902//902 903//903 
f 902//902 904//904 903//903 
f 903//903 904//904 905//905 
f 904//904 905//905 905//905 
f 905//905 905//905 892//892 
f 905//905 892//892 892//892 
f 892//892 892//892 906//906 
f 892//892 891//891 906//906 
f 906//906 891//891 906//906 
f 891//891 907//907 906//906 
f 906//906 907//907 908//908 
f 907//907 908//908 908//908 
f 908//908 908//908 909//909 
f 908//908 909//909 909//909 
f 909//909 909//909 910//910 
f 909//909 911//911 910//910 
f 910//910 911//911 910//910 
f 911//911 912//912 910//910 
f 910//910 912//912 913//913 
f 912//912 914//914 913//913 
f 913//913 914//914 915//915 
f 914//914 916//916 915//915 
f 915//915 916//916 917//917 
f 916//916 918//918 917//917 
f 917//917 918//918 917//917 
f 918//918 919//919 917//917 
f 917//917 919//919 920//920 
f 919//919 921//921 920//920 
f 920//920 921//921 922//922 
f 921//921 921//921 922//922 
f 922//922 921//921 923//923 
f 921//921 924//924 923//923 
f 923//923 924//924 925//925 
f 924//924 926//926 925//925 
f 925//925 926//926 927//927 
f 926//926 928//928 927//927 
f 927//927 928//928 927//927 
f 928//928 929//929 927//927 
f 927//927 929//929 930//930 
f 929//929 930//930 930//930 
f 930//930 930//930 931//931 
f 930//930 931//931 931//931 
f 931//931 931//931 932//932 
f 931//931 933//933 932//932 
f 932//932 933//933 932//932 
f 933//933 934//934 932//932 
f 932//932 934//934 935//935 
f 934//934 936//936 935//935 
f 935//935 936//936 937//937 
f 936//936 938//938 937//937 
f 937//937 938//938 939//939 
f 938//938 940//940 939//939 
f 939//939 940//940 941//941 
f 940//940 942//942 941//941 
f 941//941 942//942 943//943 
f 942//942 944//944 943//943 
f 943//943 944//944 945//945 
f 944//944 946//946 945//945 
f 945//945 946//946 947//947 
f 946//946 948//948 947//947 
f 947//947 948//948 949//949 
f 948//948 950//950 949//949 
f 949//949 950//950 951//951 
f 950//950 952//952 951//951 
f 951//951 952//952 952//952 
f 952//952 953//953 952//952 
f 952//952 953//953 953//953 
f 953//953 954//954 953//953 
f 953//953 954//954 955//955 
f 954//954 954//954 955//955 
f 955//955 954//954 956//956 
f 954//954 954//954 956//956 
f 956//956 954//954 957//957 
f 954//954 958//958 957//957 
f 957//957 958//958 957//957 
f 958//958 959//959 957//957 
f 957//957 959//959 960//960 
f 959//959 959//959 960//960 
f 960//960 959//959 961//961 
f 959//959 962//962 961//961 
f 961//961 962//962 961//961 
f 962//962 963//963 961//961 
f 961//961 963//963 964//964 
f 963//963 963//963 964//964 
f 964//964 963//963 965//965 
f 963//963 966//966 965//965 
f 965//965 966//966 965//965 
f 966//966 967//967 965//965 
f 965//965 967//967 968//968 
f 967//967 969//969 968//968 
f 968//968 969//969 970//970 
f 969//969 969//969 970//970 
f 970//970 969//969 971//971 
f 969//969 972//972 971//971 
f 971//971 972//972 973//973 
f 972//972 974//974 973//973 
f 973//973 974//974 974//974 
f 974//974 975//975 974//974 
f 974//974 975//975 975//975 
f 975//975 976//976 975//975 
f 975//975 976//976 977//977 
f 976//976 976//976 977//977 
f 977//977 976//976 978//978 
f 976//976 979//979 978//978 
f 978//978 979//979 980//980 
f 979//979 981//981 980//980 
f 980//980 981//981 982//982 
f 981//981 983//983 982//982 
f 982//982 983//983 984//984 
f 983//983 985//985 984//984 
f 984//984 985//985 986//986 
f 985//985 987//987 986//986 
f 986//986 987//987 988//988 
f 987//987 989//989 988//988 
f 988//988 989//989 989//989 
f 989//989 977//977 989//989 
f 989//989 977//977 977//977 
f 977//977 990//990 977//977 
f 977//977 990//990 975//975 
f 990//990 990//990 975//975 
f 975//975 990//990 991//991 
f 990//990 992//992 991//991 
f 991//991 992//992 993//993 
f 992//992 994//994 993//993 
f 993//993 994//994 995//995 
f 994//994 996//996 995//995 
f 995//995 996//996 996//996 
f 996//996 997//997 996//996 
f 996//996 997//997 997//997 
f 997//997 998//998 997//997 
f 997//997 998//998 999//999 
f 998//998 1000//1000 999//999 
f 999//999 1000//1000 1000//1000 
f 1000//1000 1001//1001 1000//1000 
f 1000//1000 1001//1001 1001//1001 
f 1001//1001 1002//1002 1001//1001 
f 1001//1001 1002//1002 1003//1003 
f 1002//1002 1002//1002 1003//1003 
f 1003//1003 1002//1002 1004//1004 
f 1002//1002 1002//1002 1004//1004 
f 1004//1004 1002//1002 1005//1005 
f 1002//1002 1006//1006 1005//1005 
f 1005//1005 1006//1006 1007//1007 
f 1006//1006 1008//1008 1007//1007 
f 1007//1007 1008//1008 1009//1009 
f 1008//1008 1010//1010 1009//1009 
f 1009//1009 1010//1010 1011//1011 
f 1010//1010 1012//1012 1011//1011 
f 1011//1011 1012//1012 1011//1011 
f 1012//1012 1013//1013 1011//1011 
f 1011//1011 1013//1013 1014//1014 
f 1013//1013 1013//1013 1014//1014 
f 1014//1014 1013//1013 1015//1015 
f 1013//1013 1016//1016 1015//1015 
f 1015//1015 1016//1016 1017//1017 
f 1016//1016 1018//1018 1017//1017 
f 1017//1017 1018//1018 1018//1018 
f 1018//1018 1019//1019 1018//1018 
f 1018//1018 1019//1019 1019//1019 
f 1019//1019 1020//1020 1019//1019 
f 1019//1019 1020//1020 1021//1021 
f 1020//1020 1022//1022 1021//1021 
f 1021//1021 1022//1022 1023//1023 
f 1022//1022 1024//1024 1023//1023 
f 1023//1023 1024//1024 1025//1025 
f 1024//1024 1026//1026 1025//1025 
f 1025//1025 1026//1026 1027//1027 
f 1026//1026 1028//1028 1027//1027 
f 1027//1027 1028//1028 1029//1029 
f 1028//1028 1030//1030 1029//1029 
f 1029//1029 1030//1030 1031//1031 
f 1030//1030 1032//1032 1031//1031 
f 1031//1031 1032//1032 1033//1033 
f 1032//1032 1034//1034 1033//1033 
f 1033//1033 1034//1034 1035//1035 
f 1034//1034 1036//1036 1035//1035 
f 1035//1035 1036//1036 1036//1036 
f 1036//1036 1037//1037 1036//1036 
f 1036//1036 1037//1037 1037//1037 
f 1037//1037 1038//1038 1037//1037 
f 1037//1037 1038//1038 1039//1039 
f 1038//1038 1038//1038 1039//1039 
f 1039//1039 1038//1038 1040//1040 
f 1038//1038 1041//1041 1040//1040 
f 1040//1040 1041//1041 1042//1042 
f 1041//1041 1043//1043 1042//1042 
f 1042//1042 1043//1043 1044//1044 
f 1043//1043 1043//1043 1044//1044 
f 1044//1044 1043//1043 1045//1045 
f 1043//1043 1046//1046 1045//1045 
f 1045//1045 1046//1046 1047//1047 
f 1046//1046 1048//1048 1047//1047 
f 1047//1047 1048//1048 1049//1049 
f 1048//1048 1050//1050 1049//1049 
f 1049//1049 1050//1050 1051//1051 
f 1050//1050 1052//1052 1051//1051 
f 1051//1051 1052//1052 1051//1051 
f 1052//1052 1053//1053 1051//1051 
f 1051//1051 1053//1053 1054//1054 
f 1053//1053 1054//1054 1054//1054 
f 1054//1054 1054//1054 1055//1055 
f 1054//1054 1055//1055 1055//1055 
f 1055//1055 1055//1055 1056//1056 
f 1055//1055 1057//1057 1056//1056 
f 1056//1056 1057//1057 1056//1056 
f 1057//1057 1058//1058 1056//1056 
f 1056//1056 1058//1058 1059//1059 
f 1058//1058 1060//1060 1059//1059 
f 1059//1059 1060//1060 1061//1061 
f 1060//1060 1062//1062 1061//1061 
f 1061//1061 1062//1062 1063//1063 
f 1062//1062 1064//1064 1063//1063 
f 1063//1063 1064//1064 1065//1065 
f 1064//1064 1066//1066 1065//1065 
f 1065//1065 1066//1066 1067//1067 
f 1066//1066 1068//1068 1067//1067 
f 1067//1067 1068//1068 1069//1069 
f 1068//1068 1070//1070 1069//1069 
f 1069//1069 1070//1070 1071//1071 
f 1070//1070 1072//1072 1071//1071 
f 1071//1071 1072//1072 1072//1072 
f 1072//1072 1073//1073 1072//1072 
f 1072//1072 1073//1073 1073//1073 
f 1073//1073 1074//1074 1073//1073 
f 1073//1073 1074//1074 1075//1075 
f 1074//1074 1074//1074 1075//1075 
f 1075//1075 1074//1074 1076//1076 
f 1074//1074 1074//1074 1076//1076 
f 1076//1076 1074//1074 1077//1077 
f 1074//1074 1078//1078 1077//1077 
f 1077//1077 1078//1078 1079//1079 
f 1078//1078 1080//1080 1079//1079 
f 1079//1079 1080//1080 1081//1081 
f 1080//1080 1082//1082 1081//1081 
f 1081//1081 1082//1082 1083//1083 
f 1082//1082 1084//1084 1083//1083 
f 1083//1083 1084//1084 1083//1083 
f 1084//1084 1085//1085 1083//1083 
f 1083//1083 1085//1085 1086//1086 
f 1085//1085 1085//1085 1086//1086 
f 1086//1086 1085//1085 1087//1087 
f 1085//1085 1088//1088 1087//1087 
f 1087//1087 1088//1088 1089//1089 
f 1088//1088 1090//1090 1089//1089 
f 1089//1089 1090//1090 1090//1090 
f 1090//1090 1091//1091 1090//1090 
f 1090//1090 1091//1091 1091//1091 
f 1091//1091 1092//1092 1091//1091 
f 1091//1091 1092//1092 1093//1093 
f 1092//1092 1094//1094 1093//1093 
f 1093//1093 1094//1094 1095//1095 
f 1094//1094 1096//1096 1095//1095 
f 1095//1095 1096//1096 1097//1097 
f 1096//1096 1098//1098 1097//1097 
f 1097//1097 1098//1098 1099//1099 
f 1098//1098 1100//1100 1099//1099 
f 1099//1099 1100//1100 1101//1101 
f 1100//1100 1102//1102 1101//1101 
f 1101//1101 1102//1102 1103//1103 
f 1102//1102 1104//1104 1103//1103 
f 1103//1103 1104//1104 1105//1105 
f 1104//1104 1106//1106 1105//1105 
f 1105//1105 1106//1106 1107//1107 
f 1106//1106 1108//1108 1107//1107 
f 1107//1107 1108//1108 1108//1108 
f 1108//1108 1109//1109 1108//1108 
f 1108//1108 1109//1109 1109//1109 
f 1109//1109 1110//1110 1109//1109 
f 1109//1109 1110//1110 1111//1111 
f 1110//1110 1110//1110 1111//1111 
f 1111//1111 1110//1110 1112//1112 
f 1110//1110 1113//1113 1112//1112 
f 1112//1112 1113//1113 1114//1114 
f 1113//1113 1115//1115 1114//1114 
f 1114//1114 1115//1115 1116//1116 
f 1115//1115 1115//1115 1116//1116 
f 1116//1116 1115//1115 1117//1117 
f 1115//1115 1118//1118 1117//1117 
f 1117//1117 1118//1118 1119//1119 
f 1118//1118 1120//1120 1119//1119 
f 1119//1119 1120//1120 1121//1121 
f 1120//1120 1122//1122 1121//1121 
f 1121//1121 1122//1122 1123//1123 
f 1122//1122 1124//1124 1123//1123 
f 1123//1123 1124//1124 1123//1123 
f 1124//1124 1125//1125 1123//1123 
f 1123//1123 1125//1125 1126//1126 
f 1125//1125 1126//1126 1126//1126 
f 1126//1126 1126//1126 1127//1127 
f 1126//1126 1127//1127 1127//1127 
f 1127//1127 1127//1127 1128//1128 
f 1127//1127 1129//1129 1128//1128 
f 1128//1128 1129//1129 1128//1128 
f 1129//1129 1130//1130 1128//1128 
f 1128//1128 1130//1130 1131//1131 
f 1130//1130 1132//1132 1131//1131 
f 1131//1131 1132//1132 1133//1133 
f 1132//1132 1134//1134 1133//1133 
f 1133//1133 1134//1134 1135//1135 
f 1134//1134 1136//1136 1135//1135 
f 1135//1135 1136//1136 1137//1137 
f 1136//1136 1138//1138 1137//1137 
f 1137//1137 1138//1138 1139//1139 
f 1138//1138 1140//1140 1139//1139 
f 1139//1139 1140//1140 1141//1141 
f 1140//1140 1142//1142 1141//1141 
f 1141//1141 1142//1142 1143//1143 
f 1142//1142 1144//1144 1143//1143 
f 1143//1143 1144//1144 1144//1144 
f 1144//1144 1145//1145 1144//1144 
f 1144//1144 1145//1145 1145//1145 
f 1145//1145 1146//1146 1145//1145 
f 1145//1145 1146//1146 1147//1147 
f 1146//1146 1146//1146 1147//1147 
f 1147//1147 1146//1146 1148//1148 
f 1146//1146 1146//1146 1148//1148 
f 1148//1148 1146//1146 1149//1149 
f 1146//1146 1150//1150 1149//1149 
f 1149//1149 1150//1150 1151//1151 
f 1150//1150 1152//1152 1151//1151 
f 1151//1151 1152//1152 1153//1153 
f 1152//1152 1154//1154 1153//1153 
f 1153//1153 1154//1154 1155//1155 
f 1154//1154 1156//1156 1155//1155 
f 1155//1155 1156//1156 1155//1155 
f 1156//1156 1157//1157 1155//1155 
f 1155//1155 1157//1157 1158//1158 
f 1157//1157 1157//1157 1158//1158 
f 1158//1158 1157//1157 1159//1159 
f 1157//1157 1160//1160 1159//1159 
f 1159//1159 1160//1160 1161//1161 
f 1160//1160 1162//1162 1161//1161 
f 1161//1161 1162//1162 1162//1162 
f 1162//1162 1163//1163 1162//1162 
f 1162//1162 1163//1163 1163//1163 
f 1163//1163 1164//1164 1163//1163 
f 1163//1163 1164//1164 1165//1165 
f 1164//1164 1166//1166 1165//1165 
f 1165//1165 1166//1166 1167//1167 
f 1166//1166 1168//1168 1167//1167 
f 1167//1167 1168//1168 1169//1169 
f 1168//1168 1170//1170 1169//1169 
f 1169//1169 1170//1170 1171//1171 
f 1170//1170 1172//1172 1171//1171 
f 1171//1171 1172//1172 1173//1173 
f 1172//1172 1174//1174 1173//1173 
f 1173//1173 1174//1174 1175//1175 
f 1174//1174 1176//1176 1175//1175 
f 1175//1175 1176//1176 1177//1177 
f 1176//1176 1178//1178 1177//1177 
f 1177//1177 1178//1178 1179//1179 
f 1178//1178 1180//1180 1179//1179 
f 1179//1179 1180//1180 1180//1180 
f 1180//1180 1181//1181 1180//1180 
f 1180//1180 1181//1181 1181//1181 
f 1181//1181 1182//1182 1181//1181 
f 1181//1181 1182//1182 1183//1183 
f 1182//1182 1182//1182 1183//1183 
f 1183//1183 1182//1182 1184//1184 
f 1182//1182 1185//1185 1184//1184 
f 1184//1184 1185//1185 1186//1186 
f 1185//1185 1187//1187 1186//1186 
f 1186//1186 1187//1187 1188//1188 
f 1187//1187 1187//1187 1188//1188 
f 1188//1188 1187//1187 1189//1189 
f 1187//1187 1190//1190 1189//1189 
f 1189//1189 1190//1190 1191//1191 
f 1190//1190 1192//1192 1191//1191 
f 1191//1191 1192//1192 1193//1193 
f 1192//1192 1194//1194 1193//1193 
f 1193//1193 1194//1194 1195//1195 
f 1194//1194 1196//1196 1195//1195 
f 1195//1195 1196//1196 1195//1195 
f 1196//1196 1197//1197 1195//1195 
f 1195//1195 1197//1197 1198//1198 
f 1197//1197 1198//1198 1198//1198 
f 1198//1198 1198//1198 1199//1199 
f 1198//1198 1199//1199 1199//1199 
f 1199//1199 1199//1199 1200//1200 
f 1199//1199 1201//1201 1200//1200 
f 1200//1200 1201//1201 1200//1200 
f 1201//1201 1202//1202 1200//1200 
f 1200//1200 1202//1202 1203//1203 
f 1202//1202 1204//1204 1203//1203 
f 1203//1203 1204//1204 1205//1205 
f 1204//1204 1206//1206 1205//1205 
f 1205//1205 1206//1206 1207//1207 
f 1206//1206 1208//1208 1207//1207 
f 1207//1207 1208//1208 1209//1209 
f 1208//1208 1210//1210 1209//1209 
f 1209//1209 1210//1210 1211//1211 
f 1210//1210 1212//1212 1211//1211 
f 1211//1211 1212//1212 1213//1213 
f 1212//1212 1214//1214 1213//1213 
f 1213//1213 1214//1214 1215//1215 
f 1214//1214 1216//1216 1215//1215 
f 1215//1215 1216//1216 1216//1216 
f 1216//1216 1217//1217 1216//1216 
f 1216//1216 1217//1217 1217//1217 
f 1217//1217 1218//1218 1217//1217 
f 1217//1217 1218//1218 1219//1219 
f 1218//1218 1218//1218 1219//1219 
f 1219//1219 1218//1218 1220//1220 
f 1218//1218 1218//1218 1220//1220 
f 1220//1220 1218//1218 1221//1221 
f 1218//1218 1222//1222 1221//1221 
f 1221//1221 1222//1222 1223//1223 
f 1222//1222 1224//1224 1223//1223 
f 1223//1223 1224//1224 1225//1225 
f 1224//1224 1226//1226 1225//1225 
f 1225//1225 1226//1226 1227//1227 
f 1226//1226 1228//1228 1227//1227 
f 1227//1227 1228//1228 1227//1227 
f 1228//1228 1229//1229 1227//1227 
f 1227//1227 1229//1229 1230//1230 
f 1229//1229 1229//1229 1230//1230 
f 1230//1230 1229//1229 1231//1231 
f 1229//1229 1232//1232 1231//1231 
f 1231//1231 1232//1232 1233//1233 
f 1232//1232 1234//1234 1233//1233 
f 1233//1233 1234//1234 1234//1234 
f 1234//1234 1235//1235 1234//1234 
f 1234//1234 1235//1235 1235//1235 
f 1235//1235 1236//1236 1235//1235 
f 1235//1235 1236//1236 1237//1237 
f 1236//1236 1238//1238 1237//1237 
f 1237//1237 1238//1238 1239//1239 
f 1238//1238 1240//1240 1239//1239 
f 1239//1239 1240//1240 1241//1241 
f 1240//1240 1242//1242 1241//1241 
f 1241//1241 1242//1242 1243//1243 
f 1242//1242 1244//1244 1243//1243 
f 1243//1243 1244//1244 1245//1245 
f 1244//1244 1246//1246 1245//1245 
f 1245//1245 1246//1246 1247//1247 
f 1246//1246 1248//1248 1247//1247 
f 1247//1247 1248//1248 1249//1249 
f 1248//1248 1250//1250 1249//1249 
f 1249//1249 1250//1250 1251//1251 
f 1250//1250 1252//1252 1251//1251 
f 1251//1251 1252//1252 1252//1252 
f 1252//1252 1253//1253 1252//1252 
f 1252//1252 1253//1253 1253//1253 
f 1253//1253 1254//1254 1253//1253 
f 1253//1253 1254//1254 1255//1255 
f 1254//1254 1254//1254 1255//1255 
f 1255//1255 1254//1254 1256//1256 
f 1254//1254 1257//1257 1256//1256 
f 1256//1256 1257//1257 1258//1258 
f 1257//1257 1259//1259 1258//1258 
f 1258//1258 1259//1259 1260//1260 
f 1259//1259 1259//1259 1260//1260 
f 1260//1260 1259//1259 1261//1261 
f 1259//1259 1262//1262 1261//1261 
f 1261//1261 1262//1262 1263//1263 
f 1262//1262 1264//1264 1263//1263 
f 1263//1263 1264//1264 1265//1265 
f 1264//1264 1266//1266 1265//1265 
f 1265//1265 1266//1266 1267//1267 
f 1266//1266 1268//1268 1267//1267 
f 1267//1267 1268//1268 1267//1267 
f 1268//1268 1269//1269 1267//1267 
f 1267//1267 1269//1269 1270//1270 
f 1269//1269 1270//1270 1270//1270 
f 1270//1270 1270//1270 1271//1271 
f 1270//1270 1271//1271 1271//1271 
f 1271//1271 1271//1271 1272//1272 
f 1271//1271 1273//1273 1272//1272 
f 1272//1272 1273//1273 1272//1272 
f 1273//1273 1274//1274 1272//1272 
f 1272//1272 1274//1274 1275//1275 
f 1274//1274 1276//1276 1275//1275 
f 1275//1275 1276//1276 1277//1277 
f 1276//1276 1278//1278 1277//1277 
f 1277//1277 1278//1278 1279//1279 
f 1278//1278 1280//1280 1279//1279 
f 1279//1279 1280//1280 1281//1281 
f 1280//1280 1282//1282 1281//1281 
f 1281//1281 1282//1282 1283//1283 
f 1282//1282 1284//1284 1283//1283 
f 1283//1283 1284//1284 1285//1285 
f 1284//1284 1286//1286 1285//1285 
f 1285//1285 1286//1286 1287//1287 
f 1286//1286 1288//1288 1287//1287 
f 1287//1287 1288//1288 1288//1288 
f 1288//1288 1289//1289 1288//1288 
f 1288//1288 1289//1289 1289//1289 
f 1289//1289 1290//1290 1289//1289 
f 1289//1289 1290//1290 1291//1291 
f 1290//1290 1292//1292 1291//1291 
f 1291//1291 1292//1292 1293//1293 
f 1292//1292 1294//1294 1293//1293 
f 1293//1293 1294//1294 1295//1295 
f 1294//1294 1296//1296 1295//1295 
f 1295//1295 1296//1296 1295//1295 
f 1296//1296 1297//1297 1295//1295 
f 1295//1295 1297//1297 1298//1298 
f 1297//1297 1299//1299 1298//1298 
f 1298//1298 1299//1299 1300//1300 
f 1299//1299 1299//1299 1300//1300 
f 1300//1300 1299//1299 1301//1301 
f 1299//1299 1302//1302 1301//1301 
f 1301//1301 1302//1302 1303//1303 
f 1302//1302 1304//1304 1303//1303 
f 1303//1303 1304//1304 1305//1305 
f 1304//1304 1306//1306 1305//1305 
f 1305//1305 1306//1306 1305//1305 
f 1306//1306 1307//1307 1305//1305 
f 1305//1305 1307//1307 1308//1308 
f 1307//1307 1308//1308 1308//1308 
f 1308//1308 1308//1308 1309//1309 
f 1308//1308 1309//1309 1309//1309 
f 1309//1309 1309//1309 1310//1310 
f 1309//1309 1311//1311 1310//1310 
f 1310//1310 1311//1311 1310//1310 
f 1311//1311 1312//1312 1310//1310 
f 1310//1310 1312//1312 1313//1313 
f 1312//1312 1314//1314 1313//1313 
f 1313//1313 1314//1314 1315//1315 
f 1314//1314 1316//1316 1315//1315 
f 1315//1315 1316//1316 1317//1317 
f 1316//1316 1318//1318 1317//1317 
f 1317//1317 1318//1318 1319//1319 
f 1318//1318 1320//1320 1319//1319 
f 1319//1319 1320//1320 1321//1321 
f 1320//1320 1322//1322 1321//1321 
f 1321//1321 1322//1322 1323//1323 
f 1322//1322 1324//1324 1323//1323 
f 1323//1323 1324//1324 1325//1325 
f 1324//1324 1326//1326 1325//1325 
f 1325//1325 1326//1326 1327//1327 
f 1326//1326 1328//1328 1327//1327 
f 1327//1327 1328//1328 1328//1328 
f 1328//1328 1329//1329 1328//1328 
f 1328//1328 1329//1329 1329//1329 
f 1329//1329 1330//1330 1329//1329 
f 1329//1329 1330//1330 1331//1331 
f 1330//1330 1330//1330 1331//1331 
f 1331//1331 1330//1330 1332//1332 
f 1330//1330 1330//1330 1332//1332 
f 1332//1332 1330//1330 1333//1333 
f 1330//1330 1334//1334 1333//1333 
f 1333//1333 1334//1334 1333//1333 
f 1334//1334 1335//1335 1333//1333 
f 1333//1333 1335//1335 1336//1336 
f 1335//1335 1335//1335 1336//1336 
f 1336//1336 1335//1335 1337//1337 
f 1335//1335 1338//1338 1337//1337 
f 1337//1337 1338//1338 1337//1337 
f 1338//1338 1339//1339 1337//1337 
f 1337//1337 1339//1339 1340//1340 
f 1339//1339 1339//1339 1340//1340 
f 1340//1340 1339//1339 1341//1341 
f 1339//1339 1342//1342 1341//1341 
f 1341//1341 1342//1342 1341//1341 
f 1342//1342 1343//1343 1341//1341 
f 1341//1341 1343//1343 1344//1344 
f 1343//1343 1345//1345 1344//1344 
f 1344//1344 1345//1345 1346//1346 
f 1345//1345 1345//1345 1346//1346 
f 1346//1346 1345//1345 1347//1347 
f 1345//1345 1348//1348 1347//1347 
f 1347//1347 1348//1348 1348//1348 
f 1348//1348 1349//1349 1348//1348 
f 1348//1348 1349//1349 1349//1349 
f 1349//1349 1350//1350 1349//1349 
f 1349//1349 1350//1350 1351//1351 
f 1350//1350 1350//1350 1351//1351 
f 1351//1351 1350//1350 1352//1352 
f 1350//1350 1353//1353 1352//1352 
f 1352//1352 1353//1353 1354//1354 
f 1353//1353 1355//1355 1354//1354 
f 1354//1354 1355//1355 1356//1356 
f 1355//1355 1357//1357 1356//1356 
f 1356//1356 1357//1357 1358//1358 
f 1357//1357 1359//1359 1358//1358 
f 1358//1358 1359//1359 1360//1360 
f 1359//1359 1361//1361 1360//1360 
f 1360//1360 1361//1361 1362//1362 
f 1361//1361 1363//1363 1362//1362 
f 1362//1362 1363//1363 1363//1363 
f 1363//1363 1351//1351 1363//1363 
f 1363//1363 1351//1351 1351//1351 
f 1351//1351 1364//1364 1351//1351 
f 1351//1351 1364//1364 1349//1349 
f 1364//1364 1364//1364 1349//1349 
f 1349//1349 1364//1364 1365//1365 
f 1364//1364 1366//1366 1365//1365 
f 1365//1365 1366//1366 1367//1367 
f 1366//1366 1368//1368 1367//1367 
f 1367//1367 1368//1368 1368//1368 
f 1368//1368 1369//1369 1368//1368 
f 1368//1368 1369//1369 1369//1369 
f 1369//1369 1370//1370 1369//1369 
f 1369//1369 1370//1370 1371//1371 
f 1370//1370 1372//1372 1371//1371 
f 1371//1371 1372//1372 1372//1372 
f 1372//1372 1373//1373 1372//1372 
f 1372//1372 1373//1373 1373//1373 
f 1373//1373 1374//1374 1373//1373 
f 1373//1373 1374//1374 1375//1375 
f 1374//1374 1376//1376 1375//1375 
f 1375//1375 1376//1376 1377//1377 
f 1376//1376 1378//1378 1377//1377 
f 1377//1377 1378//1378 1379//1379 
f 1378//1378 1380//1380 1379//1379 
f 1379//1379 1380//1380 1381//1381 
f 1380//1380 1382//1382 1381//1381 
f 1381//1381 1382//1382 1381//1381 
f 1382//1382 1383//1383 1381//1381 
f 1381//1381 1383//1383 1384//1384 
f 1383//1383 1385//1385 1384//1384 
f 1384//1384 1385//1385 1386//1386 
f 1385//1385 1385//1385 1386//1386 
f 1386//1386 1385//1385 1387//1387 
f 1385//1385 1388//1388 1387//1387 
f 1387//1387 1388//1388 1389//1389 
f 1388//1388 1390//1390 1389//1389 
f 1389//1389 1390//1390 1391//1391 
f 1390//1390 1392//1392 1391//1391 
f 1391//1391 1392//1392 1391//1391 
f 1392//1392 1393//1393 1391//1391 
f 1391//1391 1393//1393 1394//1394 
f 1393//1393 1394//1394 1394//1394 
f 1394//1394 1394//1394 1395//1395 
f 1394//1394 1395//1395 1395//1395 
f 1395//1395 1395//1395 1396//1396 
f 1395//1395 1397//1397 1396//1396 
f 1396//1396 1397//1397 1396//1396 
f 1397//1397 1398//1398 1396//1396 
f 1396//1396 1398//1398 1399//1399 
f 1398//1398 1400//1400 1399//1399 
f 1399//1399 1400//1400 1401//1401 
f 1400//1400 1402//1402 1401//1401 
f 1401//1401 1402//1402 1403//1403 
f 1402//1402 1404//1404 1403//1403 
f 1403//1403 1404//1404 1405//1405 
f 1404//1404 1406//1406 1405//1405 
f 1405//1405 1406//1406 1407//1407 
f 1406//1406 1408//1408 1407//1407 
f 1407//1407 1408//1408 1409//1409 
f 1408//1408 1410//1410 1409//1409 
f 1409//1409 1410//1410 1411//1411 
f 1410//1410 1412//1412 1411//1411 
f 1411//1411 1412//1412 1413//1413 
f 1412//1412 1414//1414 1413//1413 
f 1413//1413 1414//1414 1415//1415 
f 1414//1414 1416//1416 1415//1415 
f 1415//1415 1416//1416 1416//1416 
f 1416//1416 1417//1417 1416//1416 
f 1416//1416 1417//1417 1417//1417 
f 1417//1417 1418//1418 1417//1417 
f 1417//1417 1418//1418 1419//1419 
f 1418//1418 1418//1418 1419//1419 
f 1419//1419 1418//1418 1420//1420 
f 1418//1418 1418//1418 1420//1420 
f 1420//1420 1418//1418 1421//1421 
f 1418//1418 1422//1422 1421//1421 
f 1421//1421 1422//1422 1421//1421 
f 1422//1422 1423//1423 1421//1421 
f 1421//1421 1423//1423 1424//1424 
f 1423//1423 1423//1423 1424//1424 
f 1424//1424 1423//1423 1425//1425 
f 1423//1423 1426//1426 1425//1425 
f 1425//1425 1426//1426 1425//1425 
f 1426//1426 1427//1427 1425//1425 
f 1425//1425 1427//1427 1428//1428 
f 1427//1427 1427//1427 1428//1428 
f 1428//1428 1427//1427 1429//1429 
f 1427//1427 1430//1430 1429//1429 
f 1429//1429 1430//1430 1429//1429 
f 1430//1430 1431//1431 1429//1429 
f 1429//1429 1431//1431 1432//1432 
f 1431//1431 1433//1433 1432//1432 
f 1432//1432 1433//1433 1434//1434 
f 1433//1433 1433//1433 1434//1434 
f 1434//1434 1433//1433 1435//1435 
f 1433//1433 1436//1436 1435//1435 
f 1435//1435 1436//1436 1437//1437 
f 1436//1436 1438//1438 1437//1437 
f 1437//1437 1438//1438 1438//1438 
f 1438//1438 1439//1439 1438//1438 
f 1438//1438 1439//1439 1439//1439 
f 1439//1439 1440//1440 1439//1439 
f 1439//1439 1440//1440 1441//1441 
f 1440//1440 1440//1440 1441//1441 
f 1441//1441 1440//1440 1442//1442 
f 1440//1440 1443//1443 1442//1442 
f 1442//1442 1443//1443 1444//1444 
f 1443//1443 1445//1445 1444//1444 
f 1444//1444 1445//1445 1446//1446 
f 1445//1445 1447//1447 1446//1446 
f 1446//1446 1447//1447 1448//1448 
f 1447//1447 1449//1449 1448//1448 
f 1448//1448 1449//1449 1450//1450 
f 1449//1449 1451//1451 1450//1450 
f 1450//1450 1451//1451 1452//1452 
f 1451//1451 1453//1453 1452//1452 
f 1452//1452 1453//1453 1453//1453 
f 1453//1453 1441//1441 1453//1453 
f 1453//1453 1441//1441 1441//1441 
f 1441//1441 1454//1454 1441//1441 
f 1441//1441 1454//1454 1439//1439 
f 1454//1454 1454//1454 1439//1439 
f 1439//1439 1454//1454 1455//1455 
f 1454//1454 1456//1456 1455//1455 
f 1455//1455 1456//1456 1457//1457 
f 1456//1456 1458//1458 1457//1457 
f 1457//1457 1458//1458 1459//1459 
f 1458//1458 1460//1460 1459//1459 
f 1459//1459 1460//1460 1460//1460 
f 1460//1460 1461//1461 1460//1460 
f 1460//1460 1461//1461 1461//1461 
f 1461//1461 1462//1462 1461//1461 
f 1461//1461 1462//1462 1463//1463 
f 1462//1462 1464//1464 1463//1463 

