mtllib model_6.mtl
o model_6
v 0.006022590212523937 3.74186110496521 0.6672179698944092 
v -0.000013394999768934213 3.74127459526062 0.6651497483253479 
v -0.000013394999768934213 3.742643356323242 0.67307049036026 
v -0.008150797337293625 3.7428388595581055 0.6731144785881042 
v -0.006049380172044039 3.7442073822021484 0.6789669990539551 
v -0.000013394999768934213 3.7444028854370117 0.6810351610183716 
v 0.008168717846274376 3.7428388595581055 0.6731144785881042 
v 0.010851377621293068 3.7436208724975586 0.6731144785881042 
v 0.008168717846274376 3.7420568466186523 0.6651497483253479 
v -0.000013394999768934213 3.7414700984954834 0.662509560585022 
v -0.006049380172044039 3.74186110496521 0.6672179698944092 
v -0.008150797337293625 3.7420568466186523 0.6651497483253479 
v -0.010878168046474457 3.7436208724975586 0.6731144785881042 
v -0.008150797337293625 3.745185136795044 0.6810791492462158 
v -0.010878168046474457 3.7590670585632324 0.6735104918479919 
v -0.008150797337293625 3.757502794265747 0.6655458211898804 
v -0.000013394999768934213 3.7571117877960205 0.6629055738449097 
v 0.008168717846274376 3.757502794265747 0.6655458211898804 
v 0.010851377621293068 3.7590670585632324 0.6735104918479919 
v 0.010851377621293068 3.804232358932495 0.6746546030044556 
v 0.008168717846274376 3.802668333053589 0.666689932346344 
v -0.000013394999768934213 3.802277088165283 0.6640496850013733 
v -0.008150797337293625 3.802668333053589 0.666689932346344 
v -0.000013394999768934213 3.8513529300689697 0.6652817726135254 
v 0.007587474770843983 3.8517439365386963 0.6677460074424744 
v 0.010136001743376255 3.8533082008361816 0.6751826405525208 
v 0.007587474770843983 3.8546767234802246 0.6825752854347229 
v 0.008168717846274376 3.8057966232299805 0.6826192736625671 
v 0.008168717846274376 3.7606313228607178 0.6814751625061035 
v 0.008168717846274376 3.745185136795044 0.6810791492462158 
v 0.006022590212523937 3.7442073822021484 0.6789669990539551 
v -0.000013394999768934213 3.7455761432647705 0.6837193965911865 
v -0.008150797337293625 3.7606313228607178 0.6814751625061035 
v -0.010878168046474457 3.804232358932495 0.6746546030044556 
v -0.0076142651960253716 3.8517439365386963 0.6677460074424744 
v -0.000013394999768934213 3.878530502319336 0.6658978462219238 
v 0.00597787881270051 3.8789215087890625 0.6678339838981628 
v 0.007945163175463676 3.880094528198242 0.6736425161361694 
v 0.00597787881270051 3.881267786026001 0.6794509887695312 
v -0.000013394999768934213 3.8816587924957275 0.681387186050415 
v -0.000013394999768934213 3.8552634716033936 0.6850395202636719 
v -0.000013394999768934213 3.8063831329345703 0.6852595210075378 
v -0.000013394999768934213 3.7612178325653076 0.6841154098510742 
v -0.008150797337293625 3.8057966232299805 0.6826192736625671 
v -0.0076142651960253716 3.8546767234802246 0.6825752854347229 
v -0.010118081234395504 3.8533082008361816 0.6751826405525208 
v -0.005959957838058472 3.8789215087890625 0.6678339838981628 
v -0.00792724173516035 3.880094528198242 0.6736425161361694 
v -0.005959957838058472 3.881267786026001 0.6794509887695312 
v -0.004305650945752859 3.915092706680298 0.6634336113929749 
v -0.000013394999768934213 3.9154839515686035 0.6648417711257935 
v 0.0043235719203948975 3.915092706680298 0.6634336113929749 
v 0.0057543241418898106 3.9143106937408447 0.6592532396316528 
v 0.0043235719203948975 3.9135286808013916 0.6550288796424866 
v -0.000013394999768934213 3.913137674331665 0.6536207795143127 
v -0.004305650945752859 3.9135286808013916 0.6550288796424866 
v -0.005736403167247772 3.9143106937408447 0.6592532396316528 
v -0.0037691190373152494 3.986067056655884 0.6248422861099243 
v -0.005021026823669672 3.985480308532715 0.6211459636688232 
v -0.0037691190373152494 3.9846982955932617 0.6174936890602112 
v -0.005021026823669672 4.052544116973877 0.5836987495422363 
v -0.0037691190373152494 4.051957607269287 0.5800464153289795 
v -0.0037691190373152494 4.074246883392334 0.5675053596496582 
v -0.005021026823669672 4.075028896331787 0.5711576342582703 
v -0.00278547708876431 4.0746378898620605 0.5684294104576111 
v -0.0037691190373152494 4.075028896331787 0.571113646030426 
v -0.0037691190373152494 4.07581090927124 0.5748539566993713 
v -0.00278547708876431 4.075615406036377 0.5738418698310852 
v -0.0037691190373152494 4.05332612991333 0.5873510837554932 
v -0.0037691190373152494 3.986067056655884 0.6248422861099243 
v -0.000013394999768934213 3.9864580631256104 0.6260303854942322 
v 0.003742329077795148 3.986067056655884 0.6248422861099243 
v -0.000013394999768934213 4.053521633148193 0.5885831713676453 
v 0.003742329077795148 4.05332612991333 0.5873510837554932 
v -0.000013394999768934213 4.0760064125061035 0.5760861039161682 
v 0.003742329077795148 4.07581090927124 0.5748539566993713 
v -0.000013394999768934213 4.07581090927124 0.5748099684715271 
v 0.0028033980634063482 4.075615406036377 0.5738418698310852 
v -0.000013394999768934213 4.07522439956665 0.571113646030426 
v 0.003742329077795148 4.075028896331787 0.571113646030426 
v -0.0037691190373152494 4.05332612991333 0.5873510837554932 
v -0.0037691190373152494 4.07581090927124 0.5748539566993713 
v -0.00278547708876431 4.075615406036377 0.5738418698310852 
v -0.0037691190373152494 4.075028896331787 0.571113646030426 
v -0.00278547708876431 4.0746378898620605 0.5684294104576111 
v -0.000013394999768934213 4.074442386627197 0.567461371421814 
v -0.0037691190373152494 4.074246883392334 0.5675053596496582 
v -0.000013394999768934213 4.074051380157471 0.5662732124328613 
v -0.0037691190373152494 4.051957607269287 0.5800464153289795 
v -0.000013394999768934213 4.0515666007995605 0.5788143277168274 
v 0.003742329077795148 4.074246883392334 0.5675053596496582 
v 0.003742329077795148 4.051957607269287 0.5800464153289795 
v -0.000013394999768934213 3.9845027923583984 0.6162615418434143 
v 0.003742329077795148 3.9846982955932617 0.6174936890602112 
v 0.0028033980634063482 4.0746378898620605 0.5684294104576111 
v -0.0037691190373152494 3.9846982955932617 0.6174936890602112 
v -0.004305650945752859 3.9135286808013916 0.6550288796424866 
v -0.000013394999768934213 3.913137674331665 0.6536207795143127 
v 0.0043235719203948975 3.9135286808013916 0.6550288796424866 
v 0.0028033980634063482 4.075615406036377 0.5738418698310852 
v 0.003742329077795148 4.075028896331787 0.571113646030426 
v 0.003742329077795148 4.07581090927124 0.5748539566993713 
v 0.00503894779831171 4.075028896331787 0.5711576342582703 
v 0.003742329077795148 4.05332612991333 0.5873510837554932 
v 0.00503894779831171 4.052544116973877 0.5836987495422363 
v 0.00503894779831171 3.985480308532715 0.6211459636688232 
v 0.003742329077795148 3.9846982955932617 0.6174936890602112 
v 0.003742329077795148 3.986067056655884 0.6248422861099243 
v 0.0028033980634063482 4.0746378898620605 0.5684294104576111 
v 0.003742329077795148 4.074246883392334 0.5675053596496582 
v 0.003742329077795148 4.051957607269287 0.5800464153289795 
v -0.16866329312324524 -2.254181385040283 -0.7369433045387268 
v -0.1641474813222885 -2.2876152992248535 -0.7169655561447144 
v -0.17027288675308228 -2.158571481704712 -0.7545447945594788 
v -0.1641474813222885 -2.158571481704712 -0.7556449174880981 
v -0.17027288675308228 -2.0168187618255615 -0.7545447945594788 
v -0.1641474813222885 -2.0168187618255615 -0.7556449174880981 
v -0.17027288675308228 -1.9356775283813477 -0.7545447945594788 
v -0.1641474813222885 -1.9356775283813477 -0.7556449174880981 
v -0.1718824803829193 -1.8957912921905518 -0.7545447945594788 
v -0.13951171934604645 -2.2876152992248535 -0.7335110306739807 
v -0.13852807879447937 -2.158571481704712 -0.7553808689117432 
v -0.13852807879447937 -2.0168187618255615 -0.7556009292602539 
v -0.13852807879447937 -1.9356775283813477 -0.7556449174880981 
v -0.1657123565673828 -1.8957912921905518 -0.7556449174880981 
v -0.1768006831407547 -1.8779988288879395 -0.7545447945594788 
v -0.17045173048973083 -1.8779988288879395 -0.7556449174880981 
v -0.1981278359889984 -1.8559050559997559 -0.7545447945594788 
v -0.07803408801555634 -2.0168187618255615 -0.7553808689117432 
v -0.07803408801555634 -1.9356775283813477 -0.7556449174880981 
v -0.13986940681934357 -1.8957912921905518 -0.7556449174880981 
v -0.07803408801555634 -2.158571481704712 -0.7545447945594788 
v -0.00014752800052519888 -2.0168187618255615 -0.7552489042282104 
v -0.0819239467382431 -2.2876152992248535 -0.7080327868461609 
v -0.00014752800052519888 -2.158571481704712 -0.7539727687835693 
v -0.00014752800052519888 -2.2876152992248535 -0.7016962766647339 
v 0.08167359977960587 -2.2876152992248535 -0.7080327868461609 
v 0.0777837485074997 -2.158571481704712 -0.7545447945594788 
v 0.13921666145324707 -2.2876152992248535 -0.7335110306739807 
v 0.13823302090168 -2.158571481704712 -0.7553808689117432 
v 0.16385242342948914 -2.158571481704712 -0.7556449174880981 
v 0.16385242342948914 -2.2876152992248535 -0.7169655561447144 
v 0.1699778288602829 -2.158571481704712 -0.7545447945594788 
v 0.16836823523044586 -2.254181385040283 -0.7369433045387268 
v 0.1699778288602829 -2.0168187618255615 -0.7545447945594788 
v 0.16385242342948914 -2.0168187618255615 -0.7556449174880981 
v 0.13823302090168 -2.0168187618255615 -0.7556009292602539 
v 0.0777837485074997 -2.0168187618255615 -0.7553808689117432 
v 0.0777837485074997 -1.9356775283813477 -0.7556449174880981 
v 0.13823302090168 -1.9356775283813477 -0.7556449174880981 
v 0.16385242342948914 -1.9356775283813477 -0.7556449174880981 
v 0.1699778288602829 -1.9356775283813477 -0.7545447945594788 
v 0.17158742249011993 -1.8957912921905518 -0.7545447945594788 
v 0.16541729867458344 -1.8957912921905518 -0.7556449174880981 
v 0.1395743489265442 -1.8957912921905518 -0.7556449174880981 
v 0.07849912345409393 -1.8957912921905518 -0.7556449174880981 
v -0.00014752800052519888 -1.9356775283813477 -0.7556449174880981 
v -0.07879417389631271 -1.8957912921905518 -0.7556449174880981 
v 0.17650564014911652 -1.8779988288879395 -0.7545447945594788 
v 0.17015667259693146 -1.8779988288879395 -0.7556449174880981 
v 0.19783277809619904 -1.8559050559997559 -0.7545447945594788 
v 0.14355362951755524 -1.8779988288879395 -0.7556449174880981 
v 0.08077938109636307 -1.8779988288879395 -0.7556449174880981 
v -0.00014752800052519888 -1.8957912921905518 -0.7556449174880981 
v 0.19067901372909546 -1.8559050559997559 -0.7556449174880981 
v 0.23977169394493103 -1.802918791770935 -0.7556449174880981 
v 0.2487138956785202 -1.802918791770935 -0.7545447945594788 
v 0.2895350456237793 -1.7491505146026611 -0.7556449174880981 
v 0.30035510659217834 -1.7491505146026611 -0.7545447945594788 
v 0.3122035264968872 -1.7245148420333862 -0.7556449174880981 
v 0.3238731026649475 -1.7245148420333862 -0.7545447945594788 
v 0.3189548850059509 -1.715520977973938 -0.7556449174880981 
v 0.33084800839424133 -1.715520977973938 -0.7545447945594788 
v 0.3329046964645386 -1.7082866430282593 -0.7545447945594788 
v 0.3209221661090851 -1.7082866430282593 -0.7556449174880981 
v 0.33084800839424133 -1.6744614839553833 -0.7545447945594788 
v 0.2691021263599396 -1.715520977973938 -0.7556449174880981 
v 0.2634238302707672 -1.7245148420333862 -0.7556449174880981 
v 0.24428750574588776 -1.7491505146026611 -0.7556449174880981 
v 0.20230388641357422 -1.802918791770935 -0.7556449174880981 
v 0.1609014868736267 -1.8559050559997559 -0.7556449174880981 
v 0.09052637964487076 -1.8559050559997559 -0.7556449174880981 
v -0.00014752800052519888 -1.8779988288879395 -0.7556449174880981 
v -0.0810297280550003 -1.8779988288879395 -0.7556449174880981 
v -0.14384868741035461 -1.8779988288879395 -0.7556449174880981 
v -0.19097407162189484 -1.8559050559997559 -0.7556449174880981 
v -0.1611965447664261 -1.8559050559997559 -0.7556449174880981 
v -0.09082143753767014 -1.8559050559997559 -0.7556449174880981 
v -0.00014752800052519888 -1.8559050559997559 -0.7556449174880981 
v -0.00014752800052519888 -1.802918791770935 -0.7556449174880981 
v -0.11411586403846741 -1.802918791770935 -0.7556449174880981 
v -0.2025989294052124 -1.802918791770935 -0.7556449174880981 
v -0.2400667518377304 -1.802918791770935 -0.7556449174880981 
v -0.24900895357131958 -1.802918791770935 -0.7545447945594788 
v -0.2898300886154175 -1.7491505146026611 -0.7556449174880981 
v -0.30065014958381653 -1.7491505146026611 -0.7545447945594788 
v -0.24458256363868713 -1.7491505146026611 -0.7556449174880981 
v -0.1377679854631424 -1.7491505146026611 -0.7556449174880981 
v -0.00014752800052519888 -1.7491505146026611 -0.7556449174880981 
v 0.11382081359624863 -1.802918791770935 -0.7556449174880981 
v 0.13747292757034302 -1.7491505146026611 -0.7556449174880981 
v -0.00014752800052519888 -1.7245148420333862 -0.7556449174880981 
v -0.1485433429479599 -1.7245148420333862 -0.7556449174880981 
v -0.2637188732624054 -1.7245148420333862 -0.7556449174880981 
v -0.3124985694885254 -1.7245148420333862 -0.7556449174880981 
v -0.32421284914016724 -1.7245148420333862 -0.7545447945594788 
v -0.3192499279975891 -1.715520977973938 -0.7556449174880981 
v -0.33118778467178345 -1.715520977973938 -0.7545447945594788 
v -0.3332444727420807 -1.7082866430282593 -0.7545447945594788 
v -0.3212619423866272 -1.7082866430282593 -0.7556449174880981 
v -0.3311430513858795 -1.6744614839553833 -0.7545447945594788 
v -0.26939716935157776 -1.715520977973938 -0.7556449174880981 
v -0.15171781182289124 -1.715520977973938 -0.7556449174880981 
v -0.00014752800052519888 -1.715520977973938 -0.7556449174880981 
v 0.14824828505516052 -1.7245148420333862 -0.7556449174880981 
v 0.1514674723148346 -1.715520977973938 -0.7556449174880981 
v 0.2708011269569397 -1.7082866430282593 -0.7556449174880981 
v 0.3189101815223694 -1.6744614839553833 -0.7556449174880981 
v 0.3136789798736572 -1.585890531539917 -0.7556449174880981 
v 0.3253932595252991 -1.585890531539917 -0.7545447945594788 
v 0.3035742938518524 -1.4439423084259033 -0.7556449174880981 
v 0.3150203227996826 -1.4439423084259033 -0.7545447945594788 
v 0.28689709305763245 -1.2503764629364014 -0.7556449174880981 
v 0.29803013801574707 -1.2503764629364014 -0.754632830619812 
v 0.27500396966934204 -0.9770381450653076 -0.7556449174880981 
v 0.2860475778579712 -0.9770381450653076 -0.754896879196167 
v 0.27916207909584045 -0.5965542793273926 -0.659584641456604 
v 0.29060810804367065 -0.5965542793273926 -0.651003897190094 
v 0.291547030210495 -0.17188264429569244 -0.7556889057159424 
v 0.30496034026145935 -0.17188264429569244 -0.7558209300041199 
v 0.31484147906303406 -0.17188264429569244 -0.7564370036125183 
v 0.29722532629966736 -0.5965542793273926 -0.6454154253005981 
v 0.37739214301109314 -0.17188264429569244 -0.756568968296051 
v 0.3519068956375122 -0.5965542793273926 -0.5925668478012085 
v 0.5458632111549377 -0.17129607498645782 -0.6745458841323853 
v 0.5002579689025879 -0.5965542793273926 -0.5238769054412842 
v 0.5771608948707581 -0.17129607498645782 -0.5849981904029846 
v 0.5076799988746643 -0.5965542793273926 -0.47102832794189453 
v 0.2917705774307251 -0.9770381450653076 -0.7525206208229065 
v 0.30281421542167664 -1.2503764629364014 -0.7515525817871094 
v 0.7050790786743164 0.23538760840892792 -0.6217413544654846 
v 0.5394695401191711 0.23792937397956848 -0.6781542301177979 
v 0.6574171781539917 0.6913425922393799 -0.5781335830688477 
v 0.5335676670074463 0.7136319875717163 -0.6567683815956116 
v 0.6891619563102722 1.2626549005508423 -0.5954270958900452 
v 0.5527933835983276 1.2626549005508423 -0.6739738583564758 
v 0.7248413562774658 1.8615357875823975 -0.5585519075393677 
v 0.5700965523719788 1.8615357875823975 -0.655140221118927 
v 0.4231314957141876 1.2626549005508423 -0.7332469820976257 
v 0.43663424253463745 1.8615357875823975 -0.7280985116958618 
v 0.37783926725387573 1.2628504037857056 -0.7540608048439026 
v 0.3899112343788147 1.8615357875823975 -0.7537087202072144 
v 0.36205628514289856 1.2628504037857056 -0.7552489042282104 
v 0.36831581592559814 1.8615357875823975 -0.7551608681678772 
v 0.31537801027297974 1.8615357875823975 -0.7556449174880981 
v 0.32445433735847473 1.2628504037857056 -0.7556449174880981 
v 0.2354794442653656 1.8613402843475342 -0.7556449174880981 
v 0.33840417861938477 0.7353348135948181 -0.749968409538269 
v 0.36652737855911255 0.7351392507553101 -0.742135763168335 
v 0.42429399490356445 0.7302512526512146 -0.7159534692764282 
v 0.40985235571861267 0.25102928280830383 -0.7320148944854736 
v 0.34631800651550293 0.25474417209625244 -0.7500124573707581 
v 0.3219505250453949 0.25474417209625244 -0.7527846693992615 
v 0.3055415749549866 0.7318153977394104 -0.7538847923278809 
v 0.25403451919555664 1.2630460262298584 -0.7556449174880981 
v 0.13872483372688293 1.2626549005508423 -0.7556449174880981 
v 0.1258927881717682 1.8613402843475342 -0.7556449174880981 
v -0.00014752800052519888 1.2626549005508423 -0.7556449174880981 
v -0.00014752800052519888 1.8613402843475342 -0.7556449174880981 
v -0.1257854402065277 1.8593850135803223 -0.7556449174880981 
v -0.13638193905353546 1.2665653228759766 -0.7556449174880981 
v -0.23429903388023376 1.8580163717269897 -0.7556449174880981 
v 0.0002995819959323853 0.7038559317588806 -0.7556449174880981 
v 0.14735406637191772 0.6962305903434753 -0.7556449174880981 
v 0.2464783489704132 0.7212572693824768 -0.7556449174880981 
v 0.29744887351989746 0.25318002700805664 -0.7552048563957214 
v 0.24553941190242767 0.24770542979240417 -0.7556449174880981 
v 0.14623628556728363 0.23656073212623596 -0.7556449174880981 
v 0.0008808249840512872 0.24496813118457794 -0.7556449174880981 
v -0.1383492350578308 0.7191065549850464 -0.7556449174880981 
v -0.2536141872406006 1.263437032699585 -0.7556449174880981 
v -0.3249729573726654 1.2626549005508423 -0.7556449174880981 
v -0.3135269284248352 1.8584073781967163 -0.7556449174880981 
v -0.36248546838760376 1.2626549005508423 -0.7552489042282104 
v -0.3665541708469391 1.8593850135803223 -0.755116879940033 
v -0.3895356357097626 1.8597760200500488 -0.7530487179756165 
v -0.3781343102455139 1.2626549005508423 -0.7540608048439026 
v -0.4372422695159912 1.859189510345459 -0.7260743379592896 
v -0.4234265685081482 1.2626549005508423 -0.7332469820976257 
v -0.5663676261901855 1.856452226638794 -0.6503438353538513 
v -0.5531331896781921 1.2626549005508423 -0.6739738583564758 
v -0.7168648838996887 1.859189510345459 -0.5593439936637878 
v -0.7158812284469604 1.2626549005508423 -0.5954270958900452 
v -0.5234003663063049 0.6974037289619446 -0.654920220375061 
v -0.6844046711921692 0.6911470293998718 -0.5778255462646484 
v -0.537484347820282 0.23538760840892792 -0.67938631772995 
v -0.7402039766311646 0.23538760840892792 -0.6217413544654846 
v -0.5462029576301575 -0.17129607498645782 -0.674501895904541 
v -0.5670382976531982 -0.17129607498645782 -0.5849981904029846 
v -0.5081092119216919 -0.5965542793273926 -0.553711473941803 
v -0.5225061178207397 -0.5965542793273926 -0.4512266218662262 
v -0.35224664211273193 -0.5965542793273926 -0.5925668478012085 
v -0.37826845049858093 -0.1722736805677414 -0.7564809918403625 
v -0.38501980900764465 0.23577864468097687 -0.7421797513961792 
v -0.399774432182312 0.6974037289619446 -0.724006175994873 
v -0.3524254858493805 0.6966216564178467 -0.7473722100257874 
v -0.29752039909362793 -0.5965542793273926 -0.6454154253005981 
v -0.31719323992729187 -0.172860249876976 -0.75661301612854 
v -0.29094788432121277 -0.5965542793273926 -0.651003897190094 
v -0.30525538325309753 -0.1730557680130005 -0.7558209300041199 
v -0.33194786310195923 0.2371472865343094 -0.7508044838905334 
v -0.3226032555103302 0.23753833770751953 -0.752916693687439 
v -0.34093478322029114 0.69681715965271 -0.7502764463424683 
v -0.3195629119873047 0.6981858015060425 -0.7527846693992615 
v -0.3072226643562317 0.2385159432888031 -0.7552489042282104 
v -0.2901877760887146 -0.1730557680130005 -0.7556889057159424 
v -0.279457151889801 -0.5965542793273926 -0.659584641456604 
v -0.2863873541355133 -0.9770381450653076 -0.754896879196167 
v -0.2752990126609802 -0.9770381450653076 -0.7556449174880981 
v -0.2983698844909668 -1.2503764629364014 -0.754632830619812 
v -0.28723686933517456 -1.2503764629364014 -0.7556449174880981 
v -0.3153153657913208 -1.4439423084259033 -0.7545447945594788 
v -0.3038693368434906 -1.4439423084259033 -0.7556449174880981 
v -0.3257330358028412 -1.585890531539917 -0.7545447945594788 
v -0.31401875615119934 -1.585890531539917 -0.7556449174880981 
v -0.3192499279975891 -1.6744614839553833 -0.7556449174880981 
v -0.27109619975090027 -1.7082866430282593 -0.7556449174880981 
v -0.1527014672756195 -1.7082866430282593 -0.7556449174880981 
v -0.29206565022468567 -0.9770381450653076 -0.7525206208229065 
v -0.3031092584133148 -1.2503764629364014 -0.7515525817871094 
v -0.26939716935157776 -1.6744614839553833 -0.7556449174880981 
v -0.2649707794189453 -1.585890531539917 -0.7556449174880981 
v -0.256430983543396 -1.4439423084259033 -0.7556449174880981 
v -0.24239172041416168 -1.2503764629364014 -0.7556449174880981 
v -0.14442992210388184 -1.4439423084259033 -0.7556449174880981 
v -0.14925871789455414 -1.585890531539917 -0.7556449174880981 
v -0.15171781182289124 -1.6744614839553833 -0.7556449174880981 
v -0.00014752800052519888 -1.7082866430282593 -0.7556449174880981 
v 0.15240640938282013 -1.7082866430282593 -0.7556449174880981 
v 0.2691021263599396 -1.6744614839553833 -0.7556449174880981 
v 0.26467573642730713 -1.585890531539917 -0.7556449174880981 
v 0.2561359107494354 -1.4439423084259033 -0.7556449174880981 
v 0.2420966774225235 -1.2503764629364014 -0.7556449174880981 
v 0.23203669488430023 -0.9770381450653076 -0.7556449174880981 
v 0.23552414774894714 -0.5965542793273926 -0.6902552843093872 
v 0.24549470841884613 -0.17168711125850677 -0.7556449174880981 
v 0.1390378177165985 -0.17129607498645782 -0.7556449174880981 
v -0.000058106001233682036 -0.17207816243171692 -0.7556449174880981 
v -0.13445937633514404 0.2527889609336853 -0.7556449174880981 
v -0.25638628005981445 0.7073752880096436 -0.7556449174880981 
v -0.24878540635108948 0.24438157677650452 -0.7556449174880981 
v -0.24100568890571594 -0.17325128614902496 -0.7556449174880981 
v -0.23581920564174652 -0.5965542793273926 -0.6902552843093872 
v -0.2323317527770996 -0.9770381450653076 -0.7556449174880981 
v -0.13651607930660248 -1.2503764629364014 -0.7556449174880981 
v -0.13584540784358978 -0.17325128614902496 -0.7556449174880981 
v -0.13280506432056427 -0.5965542793273926 -0.7442919611930847 
v -0.13088248670101166 -0.9770381450653076 -0.7556449174880981 
v -0.00014752800052519888 -0.5965542793273926 -0.7556449174880981 
v 0.13255472481250763 -0.5965542793273926 -0.7442919611930847 
v 0.13058742880821228 -0.9770381450653076 -0.7556449174880981 
v -0.00014752800052519888 -0.9770381450653076 -0.7556449174880981 
v -0.00014752800052519888 -1.2503764629364014 -0.7556449174880981 
v 0.1362210214138031 -1.2503764629364014 -0.7556449174880981 
v 0.14413486421108246 -1.4439423084259033 -0.7556449174880981 
v 0.14896366000175476 -1.585890531539917 -0.7556449174880981 
v 0.15142276883125305 -1.6744614839553833 -0.7556449174880981 
v -0.00014752800052519888 -1.6744614839553833 -0.7556449174880981 
v -0.00014752800052519888 -1.585890531539917 -0.7556449174880981 
v -0.00014752800052519888 -1.4439423084259033 -0.7556449174880981 
v -0.1641474813222885 -2.33063006401062 -0.30016157031059265 
v -0.17027288675308228 -2.2876152992248535 -0.30029359459877014 
v -0.1641474813222885 -2.33063006401062 -0.6008395552635193 
v -0.17027288675308228 -2.2876152992248535 -0.5428425669670105 
v -0.17139065265655518 -2.254181385040283 -0.6575604677200317 
v -0.1723295897245407 -2.158571481704712 -0.5235248804092407 
v -0.1723295897245407 -2.158571481704712 -0.6920154094696045 
v -0.1723295897245407 -2.0168187618255615 -0.523568868637085 
v -0.1723295897245407 -2.0168187618255615 -0.3005136251449585 
v -0.1723295897245407 -1.9356775283813477 -0.3005136251449585 
v -0.1723295897245407 -1.9356775283813477 -0.5236128568649292 
v -0.17398390173912048 -1.8957912921905518 -0.3005136251449585 
v -0.17398390173912048 -1.8957912921905518 -0.5236128568649292 
v -0.17890210449695587 -1.8779988288879395 -0.3005136251449585 
v -0.17890210449695587 -1.8779988288879395 -0.5236128568649292 
v -0.20049752295017242 -1.8559050559997559 -0.3005136251449585 
v -0.20049752295017242 -1.8559050559997559 -0.5236128568649292 
v -0.25200459361076355 -1.802918791770935 -0.3005136251449585 
v -0.25200459361076355 -1.802918791770935 -0.5236128568649292 
v -0.30427175760269165 -1.7491505146026611 -0.3005136251449585 
v -0.30427175760269165 -1.7491505146026611 -0.5236128568649292 
v -0.328102707862854 -1.7245148420333862 -0.3005136251449585 
v -0.328102707862854 -1.7245148420333862 -0.5236128568649292 
v -0.3339151442050934 -1.715520977973938 -0.3005136251449585 
v -0.33454108238220215 -1.715520977973938 -0.5236128568649292 
v -0.33217141032218933 -1.7082866430282593 -0.3005136251449585 
v -0.33467522263526917 -1.7082866430282593 -0.5236128568649292 
v -0.3272084891796112 -1.6744614839553833 -0.3005136251449585 
v -0.331098347902298 -1.6744614839553833 -0.5236128568649292 
v -0.32331863045692444 -1.585890531539917 -0.3005136251449585 
v -0.3264037072658539 -1.585890531539917 -0.5236128568649292 
v -0.35653892159461975 -1.4439423084259033 -0.31037047505378723 
v -0.33816269040107727 -1.4439423084259033 -0.5286293029785156 
v -0.4629957973957062 -1.2503764629364014 -0.33994102478027344 
v -0.3838573396205902 -1.2503764629364014 -0.5436786413192749 
v -0.5165148377418518 -0.9770381450653076 -0.43749743700027466 
v -0.44627389311790466 -0.9770381450653076 -0.5875504016876221 
v -0.5225061178207397 -0.5965542793273926 -0.4512266218662262 
v -0.5081092119216919 -0.5965542793273926 -0.553711473941803 
v -0.3321267068386078 -0.9770381450653076 -0.7089568972587585 
v -0.35224664211273193 -0.5965542793273926 -0.5925668478012085 
v -0.29206565022468567 -0.9770381450653076 -0.7525206208229065 
v -0.29752039909362793 -0.5965542793273926 -0.6454154253005981 
v -0.2863873541355133 -0.9770381450653076 -0.754896879196167 
v -0.29094788432121277 -0.5965542793273926 -0.651003897190094 
v -0.1723295897245407 -2.158571481704712 -0.300381600856781 
v -0.17027288675308228 -2.2876152992248535 -0.7135772705078125 
v -0.3031092584133148 -1.2503764629364014 -0.7515525817871094 
v -0.32412344217300415 -1.2503764629364014 -0.6975598931312561 
v -0.31938406825065613 -1.4439423084259033 -0.7512885332107544 
v -0.3242575526237488 -1.4439423084259033 -0.6934235692024231 
v -0.2983698844909668 -1.2503764629364014 -0.754632830619812 
v -0.3153153657913208 -1.4439423084259033 -0.7545447945594788 
v -0.329578161239624 -1.585890531539917 -0.7511565089225769 
v -0.3287733793258667 -1.585890531539917 -0.6920154094696045 
v -0.3340492844581604 -1.6744614839553833 -0.6920154094696045 
v -0.3257330358028412 -1.585890531539917 -0.7545447945594788 
v -0.3350776433944702 -1.6744614839553833 -0.7511565089225769 
v -0.3311430513858795 -1.6744614839553833 -0.7545447945594788 
v -0.33722376823425293 -1.7082866430282593 -0.7511565089225769 
v -0.33655309677124023 -1.7082866430282593 -0.6920154094696045 
v -0.33498820662498474 -1.715520977973938 -0.6920154094696045 
v -0.3332444727420807 -1.7082866430282593 -0.7545447945594788 
v -0.3351670503616333 -1.715520977973938 -0.7511565089225769 
v -0.33118778467178345 -1.715520977973938 -0.7545447945594788 
v -0.328102707862854 -1.7245148420333862 -0.7511565089225769 
v -0.328102707862854 -1.7245148420333862 -0.6920154094696045 
v -0.30427175760269165 -1.7491505146026611 -0.6920154094696045 
v -0.32421284914016724 -1.7245148420333862 -0.7545447945594788 
v -0.30427175760269165 -1.7491505146026611 -0.7511565089225769 
v -0.30065014958381653 -1.7491505146026611 -0.7545447945594788 
v -0.25200459361076355 -1.802918791770935 -0.7511565089225769 
v -0.25200459361076355 -1.802918791770935 -0.6920154094696045 
v -0.20049752295017242 -1.8559050559997559 -0.6920154094696045 
v -0.24900895357131958 -1.802918791770935 -0.7545447945594788 
v -0.20049752295017242 -1.8559050559997559 -0.7511565089225769 
v -0.1981278359889984 -1.8559050559997559 -0.7545447945594788 
v -0.17890210449695587 -1.8779988288879395 -0.7511565089225769 
v -0.17890210449695587 -1.8779988288879395 -0.6920154094696045 
v -0.17398390173912048 -1.8957912921905518 -0.6920154094696045 
v -0.1768006831407547 -1.8779988288879395 -0.7545447945594788 
v -0.17398390173912048 -1.8957912921905518 -0.7511565089225769 
v -0.1723295897245407 -1.9356775283813477 -0.7511565089225769 
v -0.17027288675308228 -1.9356775283813477 -0.7545447945594788 
v -0.17027288675308228 -2.0168187618255615 -0.7545447945594788 
v -0.1718824803829193 -1.8957912921905518 -0.7545447945594788 
v -0.1723295897245407 -1.9356775283813477 -0.6920154094696045 
v -0.1723295897245407 -2.0168187618255615 -0.6920154094696045 
v -0.1723295897245407 -2.158571481704712 -0.7511565089225769 
v -0.16866329312324524 -2.254181385040283 -0.7369433045387268 
v -0.17027288675308228 -2.158571481704712 -0.7545447945594788 
v -0.1723295897245407 -2.0168187618255615 -0.7511565089225769 
v -0.1641474813222885 -2.2876152992248535 -0.7169655561447144 
v -0.13951171934604645 -2.2876152992248535 -0.7335110306739807 
v -0.1641474813222885 -2.33063006401062 -0.6008395552635193 
v -0.14241792261600494 -2.33063006401062 -0.6684733629226685 
v -0.14241792261600494 -2.33063006401062 -0.5567917227745056 
v -0.09363822638988495 -2.33063006401062 -0.5706969499588013 
v -0.14241792261600494 -2.33063006401062 -0.5545475482940674 
v -0.13852807879447937 -2.33063006401062 -0.3000735640525818 
v -0.1641474813222885 -2.33063006401062 -0.30016157031059265 
v -0.16866329312324524 -2.254181385040283 -0.7369433045387268 
v -0.17027288675308228 -2.2876152992248535 -0.7135772705078125 
v -0.07803408801555634 -2.33063006401062 -0.30002957582473755 
v -0.00014752800052519888 -2.33063006401062 -0.30002957582473755 
v -0.00014752800052519888 -2.33063006401062 -0.5481669902801514 
v 0.09334317594766617 -2.33063006401062 -0.5706969499588013 
v 0.0777837485074997 -2.33063006401062 -0.30002957582473755 
v 0.13823302090168 -2.33063006401062 -0.3000735640525818 
v 0.14212287962436676 -2.33063006401062 -0.5545475482940674 
v 0.16385242342948914 -2.33063006401062 -0.6008395552635193 
v 0.14212287962436676 -2.33063006401062 -0.5567917227745056 
v 0.14212287962436676 -2.33063006401062 -0.6684733629226685 
v 0.13921666145324707 -2.2876152992248535 -0.7335110306739807 
v 0.08167359977960587 -2.2876152992248535 -0.7080327868461609 
v -0.00014752800052519888 -2.2876152992248535 -0.7016962766647339 
v -0.0819239467382431 -2.2876152992248535 -0.7080327868461609 
v 0.16385242342948914 -2.33063006401062 -0.30016157031059265 
v 0.16385242342948914 -2.2876152992248535 -0.7169655561447144 
v 0.16836823523044586 -2.254181385040283 -0.7369433045387268 
v 0.1699778288602829 -2.2876152992248535 -0.7135772705078125 
v 0.16385242342948914 -2.33063006401062 -0.30016157031059265 
v 0.1699778288602829 -2.2876152992248535 -0.30029359459877014 
v 0.16385242342948914 -2.33063006401062 -0.6008395552635193 
v 0.1699778288602829 -2.2876152992248535 -0.5428425669670105 
v 0.1710955947637558 -2.254181385040283 -0.6575604677200317 
v 0.17203453183174133 -2.158571481704712 -0.5235248804092407 
v 0.17203453183174133 -2.158571481704712 -0.6920154094696045 
v 0.1699778288602829 -2.2876152992248535 -0.7135772705078125 
v 0.17203453183174133 -2.158571481704712 -0.300381600856781 
v 0.17203453183174133 -2.0168187618255615 -0.3005136251449585 
v 0.17203453183174133 -2.0168187618255615 -0.523568868637085 
v 0.17203453183174133 -1.9356775283813477 -0.3005136251449585 
v 0.17203453183174133 -2.158571481704712 -0.7511565089225769 
v 0.16836823523044586 -2.254181385040283 -0.7369433045387268 
v 0.1699778288602829 -2.158571481704712 -0.7545447945594788 
v 0.17203453183174133 -2.0168187618255615 -0.7511565089225769 
v 0.1699778288602829 -2.0168187618255615 -0.7545447945594788 
v 0.17203453183174133 -2.0168187618255615 -0.6920154094696045 
v 0.17203453183174133 -1.9356775283813477 -0.5236128568649292 
v 0.1736888438463211 -1.8957912921905518 -0.3005136251449585 
v 0.1736888438463211 -1.8957912921905518 -0.5236128568649292 
v 0.17865176498889923 -1.8779988288879395 -0.3005136251449585 
v 0.17203453183174133 -1.9356775283813477 -0.6920154094696045 
v 0.17203453183174133 -1.9356775283813477 -0.7511565089225769 
v 0.1699778288602829 -1.9356775283813477 -0.7545447945594788 
v 0.1736888438463211 -1.8957912921905518 -0.7511565089225769 
v 0.17158742249011993 -1.8957912921905518 -0.7545447945594788 
v 0.17650564014911652 -1.8779988288879395 -0.7545447945594788 
v 0.17865176498889923 -1.8779988288879395 -0.7511565089225769 
v 0.19783277809619904 -1.8559050559997559 -0.7545447945594788 
v 0.20020246505737305 -1.8559050559997559 -0.7511565089225769 
v 0.2487138956785202 -1.802918791770935 -0.7545447945594788 
v 0.251709520816803 -1.802918791770935 -0.7511565089225769 
v 0.30035510659217834 -1.7491505146026611 -0.7545447945594788 
v 0.3039766848087311 -1.7491505146026611 -0.7511565089225769 
v 0.3238731026649475 -1.7245148420333862 -0.7545447945594788 
v 0.3277629315853119 -1.7245148420333862 -0.7511565089225769 
v 0.33084800839424133 -1.715520977973938 -0.7545447945594788 
v 0.3348272740840912 -1.715520977973938 -0.7511565089225769 
v 0.3329046964645386 -1.7082866430282593 -0.7545447945594788 
v 0.3368839919567108 -1.7082866430282593 -0.7511565089225769 
v 0.33084800839424133 -1.6744614839553833 -0.7545447945594788 
v 0.3347378671169281 -1.6744614839553833 -0.7511565089225769 
v 0.3253932595252991 -1.585890531539917 -0.7545447945594788 
v 0.32928311824798584 -1.585890531539917 -0.7511565089225769 
v 0.3150203227996826 -1.4439423084259033 -0.7545447945594788 
v 0.31908902525901794 -1.4439423084259033 -0.7512885332107544 
v 0.30281421542167664 -1.2503764629364014 -0.7515525817871094 
v 0.32378366589546204 -1.2503764629364014 -0.6975598931312561 
v 0.3318316340446472 -0.9770381450653076 -0.7089568972587585 
v 0.2917705774307251 -0.9770381450653076 -0.7525206208229065 
v 0.3519068956375122 -0.5965542793273926 -0.5925668478012085 
v 0.29722532629966736 -0.5965542793273926 -0.6454154253005981 
v 0.2860475778579712 -0.9770381450653076 -0.754896879196167 
v 0.29060810804367065 -0.5965542793273926 -0.651003897190094 
v 0.29803013801574707 -1.2503764629364014 -0.754632830619812 
v 0.5002579689025879 -0.5965542793273926 -0.5238769054412842 
v 0.3932645618915558 -0.9770381450653076 -0.5888265371322632 
v 0.3835175633430481 -1.2503764629364014 -0.5436786413192749 
v 0.3239625096321106 -1.4439423084259033 -0.6934235692024231 
v 0.3284336030483246 -1.585890531539917 -0.6920154094696045 
v 0.3337095081806183 -1.6744614839553833 -0.6920154094696045 
v 0.3362133204936981 -1.7082866430282593 -0.6920154094696045 
v 0.3346484303474426 -1.715520977973938 -0.6920154094696045 
v 0.3277629315853119 -1.7245148420333862 -0.6920154094696045 
v 0.3039766848087311 -1.7491505146026611 -0.6920154094696045 
v 0.251709520816803 -1.802918791770935 -0.6920154094696045 
v 0.20020246505737305 -1.8559050559997559 -0.6920154094696045 
v 0.17865176498889923 -1.8779988288879395 -0.6920154094696045 
v 0.1736888438463211 -1.8957912921905518 -0.6920154094696045 
v 0.17865176498889923 -1.8779988288879395 -0.5236128568649292 
v 0.20020246505737305 -1.8559050559997559 -0.3005136251449585 
v 0.20020246505737305 -1.8559050559997559 -0.5236128568649292 
v 0.251709520816803 -1.802918791770935 -0.5236128568649292 
v 0.5076799988746643 -0.5965542793273926 -0.47102832794189453 
v 0.4527301788330078 -0.9770381450653076 -0.43749743700027466 
v 0.4562176465988159 -1.2503764629364014 -0.33994102478027344 
v 0.251709520816803 -1.802918791770935 -0.3005136251449585 
v 0.3039766848087311 -1.7491505146026611 -0.3005136251449585 
v 0.3039766848087311 -1.7491505146026611 -0.5236128568649292 
v 0.3277629315853119 -1.7245148420333862 -0.3005136251449585 
v 0.3277629315853119 -1.7245148420333862 -0.5236128568649292 
v 0.33357536792755127 -1.715520977973938 -0.3005136251449585 
v 0.3342013359069824 -1.715520977973938 -0.5236128568649292 
v 0.33433547616004944 -1.7082866430282593 -0.5236128568649292 
v 0.33187636733055115 -1.7082866430282593 -0.3005136251449585 
v 0.326913446187973 -1.6744614839553833 -0.3005136251449585 
v 0.3308033049106598 -1.6744614839553833 -0.5236128568649292 
v 0.3229788541793823 -1.585890531539917 -0.3005136251449585 
v 0.3261086344718933 -1.585890531539917 -0.5236128568649292 
v 0.35619914531707764 -1.4439423084259033 -0.31037047505378723 
v 0.33782291412353516 -1.4439423084259033 -0.5286293029785156 
vn 0.07168076187372208 -0.99019855260849 0.11986933648586273 
vn 3.090423967080924e-13 -0.9947329759597778 0.10250037163496017 
vn 0.0018864087760448456 -0.9811546206474304 0.19321508705615997 
vn -0.08854065090417862 -0.9771532416343689 0.19321508705615997 
vn -0.0678350031375885 -0.9628764390945435 0.2612801790237427 
vn 2.975690982683077e-13 -0.9605492949485779 0.2781098484992981 
vn 0.09229741245508194 -0.976805567741394 0.19321508705615997 
vn 0.9701459407806396 -0.11297158896923065 -0.21460255980491638 
vn 0.4664701521396637 -0.11976917833089828 -0.8763908743858337 
vn 0.0018979120068252087 -0.12202323973178864 -0.9925254583358765 
vn -0.07168076187372208 -0.99019855260849 0.11986933648586273 
vn -0.4664701521396637 -0.11976917833089828 -0.8763908743858337 
vn -0.9705752730369568 -0.1092219203710556 -0.21460255980491638 
vn -0.8012597560882568 -0.09787537902593613 0.590256929397583 
vn -0.9927896857261658 -2.0533184527660175e-13 -0.11986933648586273 
vn -0.5986101031303406 0.02266852557659149 -0.8007197380065918 
vn 0.001958925975486636 0.02614004909992218 -0.9996563792228699 
vn 0.5986101031303406 0.02266852557659149 -0.8007197380065918 
vn 0.9927896857261658 0 -0.11986933648586273 
vn 0.9999499917030334 0.0075516714714467525 -0.006554040592163801 
vn 0.6983960866928101 0.015107870101928711 -0.715552031993866 
vn 0.001958925975486636 0.02614004909992218 -0.9996563792228699 
vn -0.6983041763305664 0.01888401061296463 -0.715552031993866 
vn 0.001958925975486636 0.02614004909992218 -0.9996563792228699 
vn 0.7580065131187439 0.022650297731161118 -0.651853621006012 
vn 0.9947129487991333 0.030202345922589302 0.0981530249118805 
vn 0.6346345543861389 0.05268680676817894 0.7710143327713013 
vn 0.7047857642173767 0 0.7094202041625977 
vn 0.7638635635375977 -0.015071016736328602 0.6452018022537231 
vn 0.8012597560882568 -0.09787537902593613 0.590256929397583 
vn 0.0678350031375885 -0.9628764390945435 0.2612801790237427 
vn -0.0018610621336847544 -0.122023805975914 0.9925254583358765 
vn -0.7637799382209778 -0.018838083371520042 0.6452018022537231 
vn -0.9999499917030334 0.0075516714714467525 -0.006554040592163801 
vn -0.7578843235969543 0.026423927396535873 -0.651853621006012 
vn 0.0019010230898857117 -0.16095295548439026 -0.986960232257843 
vn 0.8131690621376038 -0.052824921905994415 -0.5796254277229309 
vn 0.9753945469856262 0.1204817146062851 0.18463370203971863 
vn 0.4983300566673279 0.24714893102645874 0.8310141563415527 
vn 0.0018770330352708697 0.29276028275489807 0.9561840295791626 
vn 0.0018196178134530783 0.056742385029792786 0.9983872175216675 
vn 0.0015174545114859939 -0.008605912327766418 0.999961793422699 
vn -0.0017888620495796204 -0.026152238249778748 0.9996563792228699 
vn -0.7047756910324097 -0.0037719577085226774 0.7094202041625977 
vn -0.6349351406097412 0.04893117398023605 0.7710143327713013 
vn -0.9947129487991333 0.030202345922589302 0.0981530249118805 
vn -0.8131690621376038 -0.052824921905994415 -0.5796254277229309 
vn -0.9753945469856262 0.1204817146062851 0.18463370203971863 
vn -0.4983300566673279 0.24714893102645874 0.8310141563415527 
vn -0.626377522945404 0.37323999404907227 0.6843559741973877 
vn 0.0037628754507750273 0.4623253047466278 0.8867024183273315 
vn 0.626377522945404 0.37323999404907227 0.6843559741973877 
vn 0.9961978793144226 0.06789503991603851 0.05459024757146835 
vn 0.7284269332885742 -0.28076377511024475 -0.6249527335166931 
vn -0.0018899185815826058 -0.42711883783340454 -0.9041935205459595 
vn -0.7270593047142029 -0.2842865288257599 -0.6249527335166931 
vn -0.9959340691566467 0.07166066765785217 0.05459024757146835 
vn -0.6951786875724792 0.34913185238838196 0.6283578276634216 
vn -0.9998830556869507 -2.0679891989377336e-13 -0.0152922747656703 
vn -0.6746705770492554 -0.35245347023010254 -0.6485338807106018 
vn -0.9912334084510803 -0.06410229206085205 -0.11553031951189041 
vn -0.5815092921257019 -0.3982084095478058 -0.7094202041625977 
vn -0.4317702651023865 -0.40504440665245056 -0.8059239983558655 
vn -0.9682210087776184 -0.09429383277893066 -0.23163928091526031 
vn -0.02075635828077793 0.9764809012413025 -0.21460255980491638 
vn -0.02266264520585537 0.9808946847915649 -0.19321508705615997 
vn -0.8071411848068237 0.30983248353004456 0.5025205612182617 
vn -0.016991086304187775 0.9842366576194763 -0.1760382205247879 
vn -0.7578086256980896 0.31950807571411133 0.5688942670822144 
vn -0.6951786875724792 0.34913185238838196 0.6283578276634216 
vn 0.003763624932616949 0.4815858006477356 0.8763908743858337 
vn 0.6951786875724792 0.34913185238838196 0.6283578276634216 
vn 0.0018827214371412992 0.4854215383529663 0.87427818775177 
vn 0.7592659592628479 0.31602922081947327 0.5688942670822144 
vn -0.0018832386704161763 0.5119310021400452 0.8590245246887207 
vn 0.8071411848068237 0.30983248353004456 0.5025205612182617 
vn -1.0195180610112972e-13 0.9858840703964233 -0.16742929816246033 
vn 0.020766375586390495 0.9841642379760742 -0.1760382205247879 
vn -1.0124504858620431e-13 0.9811564087867737 -0.19321508705615997 
vn 0.02266264520585537 0.9808946847915649 -0.19321508705615997 
vn -0.7578086256980896 0.31950807571411133 0.5688942670822144 
vn -0.8071411848068237 0.30983248353004456 0.5025205612182617 
vn -0.016991086304187775 0.9842366576194763 -0.1760382205247879 
vn -0.02266264520585537 0.9808946847915649 -0.19321508705615997 
vn -0.02075635828077793 0.9764809012413025 -0.21460255980491638 
vn -1.0112094809503619e-13 0.97575443983078 -0.21886809170246124 
vn -0.4317702651023865 -0.40504440665245056 -0.8059239983558655 
vn -0.001887790858745575 -0.45067423582077026 -0.8926864862442017 
vn -0.5815092921257019 -0.3982084095478058 -0.7094202041625977 
vn -0.001892064930871129 -0.4854215085506439 -0.87427818775177 
vn 0.4317702651023865 -0.40504440665245056 -0.8059239983558655 
vn 0.5815092921257019 -0.3982084095478058 -0.7094202041625977 
vn 0.0018903579330071807 -0.4777628779411316 -0.8784868121147156 
vn 0.6764114499092102 -0.3491007387638092 -0.6485338807106018 
vn 0.016982898116111755 0.9765537977218628 -0.21460255980491638 
vn -0.6746705770492554 -0.35245347023010254 -0.6485338807106018 
vn -0.7270593047142029 -0.2842865288257599 -0.6249527335166931 
vn -0.0018899185815826058 -0.42711883783340454 -0.9041935205459595 
vn 0.7284269332885742 -0.28076377511024475 -0.6249527335166931 
vn 0.020766375586390495 0.9841642379760742 -0.1760382205247879 
vn 0.02266264520585537 0.9808946847915649 -0.19321508705615997 
vn 0.8071411848068237 0.30983248353004456 0.5025205612182617 
vn 0.968579888343811 -0.09053323417901993 -0.23163928091526031 
vn 0.7592659592628479 0.31602922081947327 0.5688942670822144 
vn 0.990982711315155 -0.06786729395389557 -0.11553031951189041 
vn 0.9998830556869507 0 -0.0152922747656703 
vn 0.6764114499092102 -0.3491007387638092 -0.6485338807106018 
vn 0.6951786875724792 0.34913185238838196 0.6283578276634216 
vn 0.016982898116111755 0.9765537977218628 -0.21460255980491638 
vn 0.4317702651023865 -0.40504440665245056 -0.8059239983558655 
vn 0.5815092921257019 -0.3982084095478058 -0.7094202041625977 
vn -0.4512399137020111 -0.2496226280927658 -0.8567795157432556 
vn -0.4834529459476471 -0.5768097043037415 -0.6584556698799133 
vn -0.444002628326416 -0.09746557474136353 -0.8907088041305542 
vn -0.07182449847459793 -0.10920384526252747 -0.991421103477478 
vn -0.4816005229949951 -9.96061143721666e-14 -0.8763908743858337 
vn -0.030339833348989487 -0.003832812188193202 -0.9995322823524475 
vn -0.4777516722679138 -0.0037806862965226173 -0.8784868121147156 
vn -0.03474314883351326 -0.0037785451859235764 -0.999389111995697 
vn -0.4675096273422241 -0.04901064932346344 -0.882628321647644 
vn 0.09780937433242798 -0.5401844382286072 -0.8358433246612549 
vn 0.03179391101002693 -0.12230871617794037 -0.9919826984405518 
vn 0.004369377624243498 0 -0.9999904632568359 
vn -2.0682311115474694e-13 0 -1 
vn -0.03474314883351326 -0.0037785451859235764 -0.999389111995697 
vn -0.39563488960266113 -0.2538509666919708 -0.882628321647644 
vn -0.02361740916967392 -0.011373545043170452 -0.9996563792228699 
vn -0.33013981580734253 -0.3181115984916687 -0.888714075088501 
vn 0.005448473151773214 -0.0068321689032018185 -0.999961793422699 
vn -0.002184688812121749 -0.0037839922588318586 -0.9999904632568359 
vn -2.0682311115474694e-13 0 -1 
vn 0.060949359089136124 -0.1582513451576233 -0.9855159521102905 
vn -0.002184688812121749 -0.0037839922588318586 -0.9999904632568359 
vn 0.16488733887672424 -0.7224186062812805 -0.6715083718299866 
vn -0.0018928318750113249 -0.18677081167697906 -0.9824016690254211 
vn 0.0018878066912293434 -0.7751691937446594 -0.6317508816719055 
vn -0.16488733887672424 -0.7224186062812805 -0.6715083718299866 
vn -0.05740855634212494 -0.15956994891166687 -0.9855159521102905 
vn -0.09780937433242798 -0.5401844382286072 -0.8358433246612549 
vn -0.03543860465288162 -0.12130284309387207 -0.9919826984405518 
vn 0.07182449847459793 -0.10920384526252747 -0.991421103477478 
vn 0.4834529459476471 -0.5768097043037415 -0.6584556698799133 
vn 0.444002628326416 -0.09746557474136353 -0.8907088041305542 
vn 0.44939982891082764 -0.25292035937309265 -0.8567795157432556 
vn 0.4816005229949951 0 -0.8763908743858337 
vn 0.030580973252654076 0 -0.9995322823524475 
vn -0.002184688812121749 -0.0037839922588318586 -0.9999904632568359 
vn -0.007873271591961384 -0.0037915678694844246 -0.999961793422699 
vn -0.002184688812121749 -0.0037839922588318586 -0.9999904632568359 
vn 2.0682311115474694e-13 4.2775797696334704e-26 -1 
vn 0.034948017448186874 0 -0.999389111995697 
vn 0.47770678997039795 -0.007561136037111282 -0.8784868121147156 
vn 0.46710073947906494 -0.05276535823941231 -0.882628321647644 
vn 0.034948017448186874 0 -0.999389111995697 
vn -2.0682311115474694e-13 0 -1 
vn -2.0682311115474694e-13 0 -1 
vn -0.002184688812121749 -0.0037839922588318586 -0.9999904632568359 
vn -2.0682311115474694e-13 0 -1 
vn 0.3976617455482483 -0.25066396594047546 -0.882628321647644 
vn 0.021658483892679214 -0.014766504056751728 -0.9996563792228699 
vn 0.332751601934433 -0.3153786063194275 -0.888714075088501 
vn -2.0682311115474694e-13 0 -1 
vn -2.0682311115474694e-13 0 -1 
vn -2.0682311115474694e-13 0 -1 
vn 0.016343755647540092 -0.02049442008137703 -0.9996563792228699 
vn 0.022292571142315865 -0.02093411609530449 -0.9995322823524475 
vn 0.32331526279449463 -0.31397145986557007 -0.8926864862442017 
vn 0.027799472212791443 -0.027799472212791443 -0.9992268681526184 
vn 0.33222946524620056 -0.32153138518333435 -0.8867024183273315 
vn 0.027821872383356094 -0.021149637177586555 -0.999389111995697 
vn 0.3236580789089203 -0.30227553844451904 -0.8965907096862793 
vn 0.021658483892679214 -0.014766504056751728 -0.9996563792228699 
vn 0.304634153842926 -0.17369486391544342 -0.9364978075027466 
vn 0.2843993604183197 0 -0.9587059020996094 
vn 0.021845221519470215 0 -0.9997613430023193 
vn 0.27980026602745056 0.015105093829333782 -0.9599394202232361 
vn -2.0682311115474694e-13 0 -1 
vn -2.0682311115474694e-13 0 -1 
vn -2.0682311115474694e-13 0 -1 
vn -2.0682311115474694e-13 0 -1 
vn -2.0682311115474694e-13 0 -1 
vn -2.0682311115474694e-13 0 -1 
vn -2.0682311115474694e-13 0 -1 
vn -2.0682311115474694e-13 0 -1 
vn -2.0682311115474694e-13 0 -1 
vn -0.019215743988752365 -0.01782960444688797 -0.9996563792228699 
vn -2.0682311115474694e-13 0 -1 
vn -2.0682311115474694e-13 0 -1 
vn -2.0682311115474694e-13 0 -1 
vn -2.0682311115474694e-13 0 -1 
vn -2.0682311115474694e-13 0 -1 
vn -2.0682311115474694e-13 0 -1 
vn -0.019493045285344124 -0.023563046008348465 -0.9995322823524475 
vn -0.32593420147895813 -0.3112518787384033 -0.8926864862442017 
vn -0.027799472212791443 -0.027799472212791443 -0.9992268681526184 
vn -0.33222946524620056 -0.32153138518333435 -0.8867024183273315 
vn -2.0682311115474694e-13 0 -1 
vn -2.0682311115474694e-13 0 -1 
vn -2.0682311115474694e-13 0 -1 
vn -2.0682311115474694e-13 0 -1 
vn -2.0682311115474694e-13 0 -1 
vn -2.0682311115474694e-13 0 -1 
vn -2.0682311115474694e-13 0 -1 
vn -2.0682311115474694e-13 0 -1 
vn -0.025372102856636047 -0.02403373084962368 -0.999389111995697 
vn -0.3236580789089203 -0.30227553844451904 -0.8965907096862793 
vn -0.02361740916967392 -0.011373545043170452 -0.9996563792228699 
vn -0.30274122953414917 -0.17697347700595856 -0.9364978075027466 
vn -0.2843993604183197 -5.882035987838166e-14 -0.9587059020996094 
vn -0.021845221519470215 -4.518096610544014e-15 -0.9997613430023193 
vn -0.27957117557525635 0.018876217305660248 -0.9599394202232361 
vn -2.0682311115474694e-13 0 -1 
vn -2.0682311115474694e-13 0 -1 
vn -2.0682311115474694e-13 0 -1 
vn -2.0682311115474694e-13 0 -1 
vn -2.0682311115474694e-13 0 -1 
vn -2.0682311115474694e-13 0 -1 
vn 0.017476677894592285 0 -0.9998472929000854 
vn 0.017476677894592285 0 -0.9998472929000854 
vn 0.2792912423610687 0.022643910720944405 -0.9599394202232361 
vn 0.017476677894592285 0 -0.9998472929000854 
vn 0.27086353302001953 0.022643934935331345 -0.962351381778717 
vn 0.017476677894592285 0 -0.9998472929000854 
vn 0.23327375948429108 0.015131501480937004 -0.9722933769226074 
vn 0.013107799924910069 0 -0.9999141097068787 
vn 0.15665024518966675 0 -0.9876541495323181 
vn 0.004369377624243498 0 -0.9999904632568359 
vn 0.06113334000110626 0 -0.9981296062469482 
vn 2.0682311115474694e-13 4.2775797696334704e-26 -1 
vn 2.0682311115474694e-13 4.2775797696334704e-26 -1 
vn -0.0106044327840209 -0.007704571355134249 -0.9999141097068787 
vn 0.25215399265289307 -0.0376422218978405 -0.9669547080993652 
vn -0.007669857237488031 -0.038558974862098694 -0.9992268681526184 
vn 0.2629286050796509 -0.13799557089805603 -0.9548956751823425 
vn -0.0056588733568787575 -0.08272980153560638 -0.9965559244155884 
vn 0.25300896167755127 -0.28778374195098877 -0.9236704111099243 
vn -0.009479403495788574 -0.09987810254096985 -0.994954526424408 
vn 0.23276451230049133 -0.3628247380256653 -0.9023185968399048 
vn 0.6327226758003235 -0.030197573825716972 -0.7737894654273987 
vn 0.885561466217041 0.015100912190973759 -0.4642767012119293 
vn 0.03389735147356987 0.1485140025615692 -0.9883291721343994 
vn 0.03915293514728546 0.11558685451745987 -0.9925254583358765 
vn 0.28308942914009094 0.12493540346622467 -0.9509214162826538 
vn 0.28321385383605957 0.08924198895692825 -0.9548956751823425 
vn 0.46320295333862305 0.05287053808569908 -0.8846737742424011 
vn 0.46079421043395996 0.037782974541187286 -0.8867024183273315 
vn 0.6290866732597351 0.1643286645412445 -0.7597671151161194 
vn 0.6360392570495605 0.13493698835372925 -0.7597671151161194 
vn 0.4582125246524811 0.015118523500859737 -0.888714075088501 
vn 0.6390981674194336 0.07540442049503326 -0.7654199600219727 
vn 0.3710477650165558 0 -0.9286137819290161 
vn 0.5147982835769653 0.030193738639354706 -0.8567795157432556 
vn 0.034948017448186874 0 -0.999389111995697 
vn 0.0393143892288208 0 -0.9992268681526184 
vn 0.004369377624243498 0 -0.9999904632568359 
vn 0.004369377624243498 0 -0.9999904632568359 
vn -2.0682311115474694e-13 0 -1 
vn 0.030580973252654076 0 -0.9995322823524475 
vn 0.24225163459777832 0 -0.9702134728431702 
vn 0.28188323974609375 0.03774705529212952 -0.9587059020996094 
vn 0.03911028429865837 0.05253422632813454 -0.9978529810905457 
vn 0.03171795979142189 0.014674291014671326 -0.999389111995697 
vn 0.008738672360777855 0 -0.999961793422699 
vn 0.004369377624243498 0 -0.9999904632568359 
vn -2.0682311115474694e-13 0 -1 
vn -2.0682311115474694e-13 0 -1 
vn -2.0682311115474694e-13 0 -1 
vn -2.0682311115474694e-13 0 -1 
vn -2.0682311115474694e-13 0 -1 
vn -2.0682311115474694e-13 0 -1 
vn -2.0682311115474694e-13 0 -1 
vn -2.0682311115474694e-13 0 -1 
vn -2.0682311115474694e-13 0 -1 
vn -2.0682311115474694e-13 0 -1 
vn -2.0682311115474694e-13 0 -1 
vn -2.0682311115474694e-13 0 -1 
vn -2.0682311115474694e-13 0 -1 
vn -2.0682311115474694e-13 0 -1 
vn -2.0682311115474694e-13 0 -1 
vn -2.0682311115474694e-13 0 -1 
vn -2.0682311115474694e-13 0 -1 
vn -0.002184688812121749 0.0037839922588318586 -0.9999904632568359 
vn -0.002184688812121749 0.0037839922588318586 -0.9999904632568359 
vn -0.03474314883351326 -0.0037785451859235764 -0.999389111995697 
vn -0.0393143892288208 -8.131124117386705e-15 -0.9992268681526184 
vn -0.5145633220672607 0.03396279364824295 -0.8567795157432556 
vn -0.3710477650165558 -7.674125278387539e-14 -0.9286137819290161 
vn -0.6386443972587585 0.07915597409009933 -0.7654199600219727 
vn -0.45832163095474243 0.011339792050421238 -0.888714075088501 
vn -0.6368120908737183 0.13124124705791473 -0.7597671151161194 
vn -0.46079421043395996 0.037782974541187286 -0.8867024183273315 
vn -0.6300302743911743 0.16067279875278473 -0.7597671151161194 
vn -0.46275851130485535 0.05662894994020462 -0.8846737742424011 
vn -0.28205591440200806 0.09283686429262161 -0.9548956751823425 
vn -0.28459545969963074 0.12146564573049545 -0.9509214162826538 
vn -0.035539258271455765 0.11674859374761581 -0.9925254583358765 
vn -0.03389735147356987 0.1485140025615692 -0.9883291721343994 
vn 0.009418422356247902 -0.08238650858402252 -0.9965559244155884 
vn 0.01325214933604002 -0.09944784641265869 -0.994954526424408 
vn -0.25300896167755127 -0.28778374195098877 -0.9236704111099243 
vn -0.23276451230049133 -0.3628247380256653 -0.9023185968399048 
vn -0.2646624445915222 -0.13464030623435974 -0.9548956751823425 
vn 0.007669857237488031 -0.038558974862098694 -0.9992268681526184 
vn -0.03911028429865837 0.05253422632813454 -0.9978529810905457 
vn -0.28188323974609375 0.03774705529212952 -0.9587059020996094 
vn -0.24222204089164734 0.003786193672567606 -0.9702134728431702 
vn -0.25215399265289307 -0.0376422218978405 -0.9669547080993652 
vn 0.0106044327840209 -0.007704571355134249 -0.9999141097068787 
vn -0.06113334000110626 -1.264378785860703e-14 -0.9981296062469482 
vn -2.0682311115474694e-13 0 -1 
vn -0.0331185981631279 0.011158955283463001 -0.999389111995697 
vn -0.007873271591961384 0.0037915678694844246 -0.999961793422699 
vn -0.030339833348989487 -0.003832812188193202 -0.9995322823524475 
vn -0.002184688812121749 -0.0037839922588318586 -0.9999904632568359 
vn 2.0682311115474694e-13 4.2775797696334704e-26 -1 
vn -2.0682311115474694e-13 0 -1 
vn -0.002184688812121749 -0.0037839922588318586 -0.9999904632568359 
vn -0.15665024518966675 -3.2398888259732583e-14 -0.9876541495323181 
vn -0.013107799924910069 -2.7109958632902213e-15 -0.9999141097068787 
vn -0.23327375948429108 0.015131501480937004 -0.9722933769226074 
vn -0.017476677894592285 -3.6145805417514814e-15 -0.9998472929000854 
vn -0.2666368782520294 0.022694144397974014 -0.9635298252105713 
vn -0.017476677894592285 -3.6145805417514814e-15 -0.9998472929000854 
vn -0.2753615975379944 0.018917758017778397 -0.961154580116272 
vn -0.017476677894592285 -3.6145805417514814e-15 -0.9998472929000854 
vn -0.017476677894592285 -3.6145805417514814e-15 -0.9998472929000854 
vn -2.0682311115474694e-13 0 -1 
vn -2.0682311115474694e-13 0 -1 
vn -0.6325314044952393 -0.03396885097026825 -0.7737894654273987 
vn -0.8856177926063538 0.011325923725962639 -0.4642767012119293 
vn -2.0682311115474694e-13 0 -1 
vn -2.0682311115474694e-13 0 -1 
vn -2.0682311115474694e-13 0 -1 
vn -2.0682311115474694e-13 0 -1 
vn -2.0682311115474694e-13 0 -1 
vn -2.0682311115474694e-13 0 -1 
vn -2.0682311115474694e-13 0 -1 
vn -2.0682311115474694e-13 0 -1 
vn -2.0682311115474694e-13 0 -1 
vn -2.0682311115474694e-13 0 -1 
vn -2.0682311115474694e-13 0 -1 
vn -2.0682311115474694e-13 0 -1 
vn -2.0682311115474694e-13 0 -1 
vn -2.0682311115474694e-13 0 -1 
vn -2.0682311115474694e-13 0 -1 
vn -2.0682311115474694e-13 0 -1 
vn -2.0682311115474694e-13 0 -1 
vn -2.0682311115474694e-13 0 -1 
vn -2.0682311115474694e-13 0 -1 
vn -2.0682311115474694e-13 0 -1 
vn -2.0682311115474694e-13 0 -1 
vn -2.0682311115474694e-13 0 -1 
vn -2.0682311115474694e-13 0 -1 
vn -2.0682311115474694e-13 0 -1 
vn -2.0682311115474694e-13 0 -1 
vn -2.0682311115474694e-13 0 -1 
vn -2.0682311115474694e-13 0 -1 
vn -2.0682311115474694e-13 0 -1 
vn -2.0682311115474694e-13 0 -1 
vn -2.0682311115474694e-13 0 -1 
vn -2.0682311115474694e-13 0 -1 
vn -2.0682311115474694e-13 0 -1 
vn -2.0682311115474694e-13 0 -1 
vn -2.0682311115474694e-13 0 -1 
vn -2.0682311115474694e-13 0 -1 
vn -2.0682311115474694e-13 0 -1 
vn -2.0682311115474694e-13 0 -1 
vn -2.0682311115474694e-13 0 -1 
vn -2.0682311115474694e-13 0 -1 
vn -2.0682311115474694e-13 0 -1 
vn -0.8186684846878052 -0.5742622017860413 0.002184694167226553 
vn -0.9986006617546082 -0.05283859372138977 0.002184694167226553 
vn -0.9237009286880493 -0.38260945677757263 -0.01966099627315998 
vn -0.998173177242279 -0.06037835404276848 0.002184694167226553 
vn -0.9995414018630981 -0.0302029550075531 0.002184694167226553 
vn -0.9999691247940063 -0.007551815826445818 0.002184694167226553 
vn -0.9999691247940063 -0.007551815826445818 -0.002184694167226553 
vn -0.999997615814209 -2.0682260971124217e-13 0.002184694167226553 
vn -0.999997615814209 -2.0682260971124217e-13 0.002184694167226553 
vn -0.9998835325241089 -0.015103200450539589 0.002184694167226553 
vn -0.9998835325241089 -0.015103200450539589 0.002184694167226553 
vn -0.9935884475708008 -0.11303620040416718 0.002184694167226553 
vn -0.9935884475708008 -0.11303620040416718 0.002184694167226553 
vn -0.8314676284790039 -0.5555689334869385 0.002184694167226553 
vn -0.8314676284790039 -0.5555689334869385 0.002184694167226553 
vn -0.7177039980888367 -0.6963448524475098 0.002184694167226553 
vn -0.7177039980888367 -0.6963448524475098 0.002184694167226553 
vn -0.7177039980888367 -0.6963448524475098 0.002184694167226553 
vn -0.7177039980888367 -0.6963448524475098 0.002184694167226553 
vn -0.7177039980888367 -0.6963448524475098 0.002184694167226553 
vn -0.7177039980888367 -0.6963448524475098 0.002184694167226553 
vn -0.74347984790802 -0.6687547564506531 0.002184694167226553 
vn -0.74347984790802 -0.6687547564506531 0.002184694167226553 
vn -0.9501164555549622 -0.3118877410888672 0.002184694167226553 
vn -0.9323094487190247 -0.36165499687194824 0.002184694167226553 
vn -0.9926496744155884 0.12052948772907257 0.010923261754214764 
vn -0.9958371520042419 0.09049347788095474 0.010923261754214764 
vn -0.9975744485855103 0.06790688633918762 0.0152922747656703 
vn -0.9975744485855103 0.06790688633918762 0.0152922747656703 
vn -0.9970331788063049 -0.0754384696483612 -0.0152922747656703 
vn -0.998856782913208 -0.04529063403606415 -0.0152922747656703 
vn -0.9488310813903809 -0.2864690124988556 -0.1328723281621933 
vn -0.9674566984176636 -0.2097550481557846 -0.1415284425020218 
vn -0.8363872766494751 -0.40158554911613464 -0.37307560443878174 
vn -0.8665348291397095 -0.3073567748069763 -0.3932546079158783 
vn -0.6036175489425659 -0.4348203241825104 -0.6682642698287964 
vn -0.622214674949646 -0.34396299719810486 -0.7032341957092285 
vn -0.23276451230049133 -0.3628247380256653 -0.9023185968399048 
vn -0.25300896167755127 -0.28778374195098877 -0.9236704111099243 
vn -0.6545271277427673 -0.15713804960250854 -0.7395281791687012 
vn -0.2646624445915222 -0.13464030623435974 -0.9548956751823425 
vn -0.6325314044952393 -0.03396885097026825 -0.7737894654273987 
vn -0.25215399265289307 -0.0376422218978405 -0.9669547080993652 
vn -0.15665024518966675 -3.2398888259732583e-14 -0.9876541495323181 
vn -0.06113334000110626 -1.264378785860703e-14 -0.9981296062469482 
vn -0.9999691247940063 -0.007551815826445818 0.002184694167226553 
vn -0.9929502606391907 -0.10929977148771286 -0.04586252197623253 
vn -0.8856177926063538 0.011325923725962639 -0.4642767012119293 
vn -0.9035895466804504 -0.11293258517980576 -0.41324591636657715 
vn -0.9782010316848755 0.04905999079346657 -0.2017817199230194 
vn -0.9880884885787964 -0.04907337576150894 -0.1458524912595749 
vn -0.23327375948429108 0.015131501480937004 -0.9722933769226074 
vn -0.2666368782520294 0.022694144397974014 -0.9635298252105713 
vn -0.9956784248352051 0.0528111569583416 -0.0763898640871048 
vn -0.9997690320014954 0.015101470053195953 -0.0152922747656703 
vn -0.9975744485855103 0.06790688633918762 0.0152922747656703 
vn -0.2753615975379944 0.018917758017778397 -0.961154580116272 
vn -0.9968854188919067 0.06415662914514542 -0.04586252197623253 
vn -0.27957117557525635 0.018876217305660248 -0.9599394202232361 
vn -0.9988834857940674 0.011329312808811665 -0.04586252197623253 
vn -0.9989140033721924 0.04529322683811188 0.010923261754214764 
vn -0.9023662805557251 -0.4309644401073456 0.002184694167226553 
vn -0.2843993604183197 -5.882035987838166e-14 -0.9587059020996094 
vn -0.8789264559745789 -0.4747472107410431 -0.04586252197623253 
vn -0.30274122953414917 -0.17697347700595856 -0.9364978075027466 
vn -0.7379008531570435 -0.6738868951797485 -0.03713129088282585 
vn -0.7384083271026611 -0.6743503212928772 0.002184694167226553 
vn -0.7177039980888367 -0.6963448524475098 0.002184694167226553 
vn -0.3236580789089203 -0.30227553844451904 -0.8965907096862793 
vn -0.7172107696533203 -0.6958663463592529 -0.03713129088282585 
vn -0.33222946524620056 -0.32153138518333435 -0.8867024183273315 
vn -0.7172107696533203 -0.6958663463592529 -0.03713129088282585 
vn -0.7177039980888367 -0.6963448524475098 0.002184694167226553 
vn -0.7177039980888367 -0.6963448524475098 0.002184694167226553 
vn -0.32593420147895813 -0.3112518787384033 -0.8926864862442017 
vn -0.7173203825950623 -0.6959726810455322 -0.03276457265019417 
vn -0.33013981580734253 -0.3181115984916687 -0.888714075088501 
vn -0.8310232162475586 -0.5552719235420227 -0.03276457265019417 
vn -0.8314676284790039 -0.5555689334869385 0.002184694167226553 
vn -0.9935884475708008 -0.11303620040416718 0.002184694167226553 
vn -0.39563488960266113 -0.2538509666919708 -0.882628321647644 
vn -0.993057370185852 -0.11297578364610672 -0.03276457265019417 
vn -0.9993491172790527 -0.015095127746462822 -0.03276457265019417 
vn -0.4777516722679138 -0.0037806862965226173 -0.8784868121147156 
vn -0.4816005229949951 -9.96061143721666e-14 -0.8763908743858337 
vn -0.4675096273422241 -0.04901064932346344 -0.882628321647644 
vn -0.9998835325241089 -0.015103200450539589 0.002184694167226553 
vn -0.999997615814209 -2.0682260971124217e-13 0.002184694167226553 
vn -0.9992818832397461 -0.007546626031398773 -0.03713129088282585 
vn -0.4512399137020111 -0.2496226280927658 -0.8567795157432556 
vn -0.444002628326416 -0.09746557474136353 -0.8907088041305542 
vn -0.9994630813598633 -2.0671206174723011e-13 -0.03276457265019417 
vn -0.4834529459476471 -0.5768097043037415 -0.6584556698799133 
vn 0.09780937433242798 -0.5401844382286072 -0.8358433246612549 
vn -0.9237009286880493 -0.38260945677757263 -0.01966099627315998 
vn 0.07734203338623047 -0.9309722185134888 -0.3568037748336792 
vn 3.097898456858039e-13 -0.999997615814209 0.002184694167226553 
vn 0.037733044475317 -0.9940170645713806 -0.10250037163496017 
vn 3.097898456858039e-13 -0.999997615814209 -0.002184694167226553 
vn 3.097898456858039e-13 -0.999997615814209 -0.002184694167226553 
vn -0.8186684846878052 -0.5742622017860413 0.002184694167226553 
vn -0.4512399137020111 -0.2496226280927658 -0.8567795157432556 
vn -0.9929502606391907 -0.10929977148771286 -0.04586252197623253 
vn 3.097898456858039e-13 -0.999997615814209 -0.002184694167226553 
vn 3.097898456858039e-13 -0.999997615814209 0.002184694167226553 
vn 0.0018872113432735205 -0.9959892630577087 -0.08945280313491821 
vn -0.037733044475317 -0.9940170645713806 -0.10250037163496017 
vn 3.097898456858039e-13 -0.999997615814209 0.002184694167226553 
vn 3.097898456858039e-13 -0.999997615814209 0.002184694167226553 
vn 3.097898456858039e-13 -0.999997615814209 -0.002184694167226553 
vn 0.9237009286880493 -0.38260945677757263 -0.01966099627315998 
vn 3.097898456858039e-13 -0.999997615814209 -0.002184694167226553 
vn -0.08110553026199341 -0.9306519031524658 -0.3568037748336792 
vn -0.09780937433242798 -0.5401844382286072 -0.8358433246612549 
vn -0.16488733887672424 -0.7224186062812805 -0.6715083718299866 
vn 0.0018878066912293434 -0.7751691937446594 -0.6317508816719055 
vn 0.16488733887672424 -0.7224186062812805 -0.6715083718299866 
vn 0.8186684846878052 -0.5742622017860413 0.002184694167226553 
vn 0.4834529459476471 -0.5768097043037415 -0.6584556698799133 
vn 0.44939982891082764 -0.25292035937309265 -0.8567795157432556 
vn 0.9925299286842346 -0.11305283010005951 -0.04586252197623253 
vn 0.8186684846878052 -0.5742622017860413 0.002184694167226553 
vn 0.9986006617546082 -0.05283859372138977 0.002184694167226553 
vn 0.9237009286880493 -0.38260945677757263 -0.01966099627315998 
vn 0.998173177242279 -0.06037835404276848 0.002184694167226553 
vn 0.9995414018630981 -0.0302029550075531 0.002184694167226553 
vn 0.9999691247940063 -0.007551815826445818 0.002184694167226553 
vn 0.9999691247940063 -0.007551815826445818 -0.002184694167226553 
vn 0.9925299286842346 -0.11305283010005951 -0.04586252197623253 
vn 0.9999691247940063 -0.007551815826445818 0.002184694167226553 
vn 0.999997615814209 0 0.002184694167226553 
vn 0.999997615814209 0 0.002184694167226553 
vn 0.9998835325241089 -0.015103200450539589 0.002184694167226553 
vn 0.9992818832397461 -0.007546626031398773 -0.03713129088282585 
vn 0.44939982891082764 -0.25292035937309265 -0.8567795157432556 
vn 0.444002628326416 -0.09746557474136353 -0.8907088041305542 
vn 0.9994630813598633 0 -0.03276457265019417 
vn 0.4816005229949951 0 -0.8763908743858337 
vn 0.999997615814209 0 0.002184694167226553 
vn 0.9998835325241089 -0.015103200450539589 0.002184694167226553 
vn 0.9935884475708008 -0.11303620040416718 0.002184694167226553 
vn 0.9935884475708008 -0.11303620040416718 0.002184694167226553 
vn 0.8314676284790039 -0.5555689334869385 0.002184694167226553 
vn 0.9998835325241089 -0.015103200450539589 0.002184694167226553 
vn 0.9993491172790527 -0.015095127746462822 -0.03276457265019417 
vn 0.47770678997039795 -0.007561136037111282 -0.8784868121147156 
vn 0.993057370185852 -0.11297578364610672 -0.03276457265019417 
vn 0.46710073947906494 -0.05276535823941231 -0.882628321647644 
vn 0.3976617455482483 -0.25066396594047546 -0.882628321647644 
vn 0.8310232162475586 -0.5552719235420227 -0.03276457265019417 
vn 0.332751601934433 -0.3153786063194275 -0.888714075088501 
vn 0.7173203825950623 -0.6959726810455322 -0.03276457265019417 
vn 0.32331526279449463 -0.31397145986557007 -0.8926864862442017 
vn 0.7172107696533203 -0.6958663463592529 -0.03713129088282585 
vn 0.33222946524620056 -0.32153138518333435 -0.8867024183273315 
vn 0.7172107696533203 -0.6958663463592529 -0.03713129088282585 
vn 0.3236580789089203 -0.30227553844451904 -0.8965907096862793 
vn 0.7379008531570435 -0.6738868951797485 -0.03713129088282585 
vn 0.304634153842926 -0.17369486391544342 -0.9364978075027466 
vn 0.8807149529457092 -0.4714210331439972 -0.04586252197623253 
vn 0.2843993604183197 0 -0.9587059020996094 
vn 0.9988335371017456 0.01510549895465374 -0.04586252197623253 
vn 0.27980026602745056 0.015105093829333782 -0.9599394202232361 
vn 0.9971208572387695 0.06038745865225792 -0.04586252197623253 
vn 0.2792912423610687 0.022643910720944405 -0.9599394202232361 
vn 0.9956784248352051 0.0528111569583416 -0.0763898640871048 
vn 0.27086353302001953 0.022643934935331345 -0.962351381778717 
vn 0.9783828854560852 0.04528895020484924 -0.2017817199230194 
vn 0.885561466217041 0.015100912190973759 -0.4642767012119293 
vn 0.9035895466804504 -0.11293258517980576 -0.41324591636657715 
vn 0.6545271277427673 -0.15713804960250854 -0.7395281791687012 
vn 0.6327226758003235 -0.030197573825716972 -0.7737894654273987 
vn 0.2629286050796509 -0.13799557089805603 -0.9548956751823425 
vn 0.25215399265289307 -0.0376422218978405 -0.9669547080993652 
vn 0.15665024518966675 0 -0.9876541495323181 
vn 0.06113334000110626 0 -0.9981296062469482 
vn 0.23327375948429108 0.015131501480937004 -0.9722933769226074 
vn 0.25300896167755127 -0.28778374195098877 -0.9236704111099243 
vn 0.6240342855453491 -0.34065061807632446 -0.7032341957092285 
vn 0.8677897453308105 -0.30379563570022583 -0.3932546079158783 
vn 0.9878939390182495 -0.052844785153865814 -0.1458524912595749 
vn 0.9997690320014954 0.015101470053195953 -0.0152922747656703 
vn 0.9975744485855103 0.06790688633918762 0.0152922747656703 
vn 0.9989140033721924 0.04529322683811188 0.010923261754214764 
vn 0.9023662805557251 -0.4309644401073456 0.002184694167226553 
vn 0.7384083271026611 -0.6743503212928772 0.002184694167226553 
vn 0.7177039980888367 -0.6963448524475098 0.002184694167226553 
vn 0.7177039980888367 -0.6963448524475098 0.002184694167226553 
vn 0.7177039980888367 -0.6963448524475098 0.002184694167226553 
vn 0.8314676284790039 -0.5555689334869385 0.002184694167226553 
vn 0.9935884475708008 -0.11303620040416718 0.002184694167226553 
vn 0.8314676284790039 -0.5555689334869385 0.002184694167226553 
vn 0.7177039980888367 -0.6963448524475098 0.002184694167226553 
vn 0.7177039980888367 -0.6963448524475098 0.002184694167226553 
vn 0.7177039980888367 -0.6963448524475098 0.002184694167226553 
vn 0.23276451230049133 -0.3628247380256653 -0.9023185968399048 
vn 0.6058166027069092 -0.43175119161605835 -0.6682642698287964 
vn 0.8363872766494751 -0.40158554911613464 -0.37307560443878174 
vn 0.7177039980888367 -0.6963448524475098 0.002184694167226553 
vn 0.7177039980888367 -0.6963448524475098 0.002184694167226553 
vn 0.7177039980888367 -0.6963448524475098 0.002184694167226553 
vn 0.74347984790802 -0.6687547564506531 0.002184694167226553 
vn 0.74347984790802 -0.6687547564506531 0.002184694167226553 
vn 0.9501164555549622 -0.3118877410888672 0.002184694167226553 
vn 0.9323094487190247 -0.36165499687194824 0.002184694167226553 
vn 0.9958371520042419 0.09049347788095474 0.010923261754214764 
vn 0.9926496744155884 0.12052948772907257 0.010923261754214764 
vn 0.9975744485855103 0.06790688633918762 0.0152922747656703 
vn 0.9975744485855103 0.06790688633918762 0.0152922747656703 
vn 0.9970331788063049 -0.0754384696483612 -0.0152922747656703 
vn 0.998856782913208 -0.04529063403606415 -0.0152922747656703 
vn 0.9499151110649109 -0.28285378217697144 -0.1328723281621933 
vn 0.9674566984176636 -0.2097550481557846 -0.1415284425020218 
s on 
f 1//1 2//2 3//3 
f 2//2 4//4 3//3 
f 3//3 4//4 3//3 
f 4//4 5//5 3//3 
f 3//3 5//5 3//3 
f 5//5 6//6 3//3 
f 3//3 6//6 3//3 
f 6//6 7//7 3//3 
f 3//3 7//7 1//1 
f 7//7 8//8 1//1 
f 1//1 8//8 1//1 
f 8//8 9//9 1//1 
f 1//1 9//9 2//2 
f 9//9 10//10 2//2 
f 2//2 10//10 11//11 
f 10//10 12//12 11//11 
f 11//11 12//12 4//4 
f 12//12 13//13 4//4 
f 4//4 13//13 5//5 
f 13//13 14//14 5//5 
f 5//5 14//14 6//6 
f 14//14 6//6 6//6 
f 6//6 6//6 2//2 
f 6//6 2//2 2//2 
f 2//2 2//2 4//4 
f 2//2 11//11 4//4 
f 4//4 11//11 11//11 
f 11//11 14//14 11//11 
f 11//11 14//14 14//14 
f 14//14 13//13 14//14 
f 14//14 13//13 15//15 
f 13//13 13//13 15//15 
f 15//15 13//13 16//16 
f 13//13 12//12 16//16 
f 16//16 12//12 17//17 
f 12//12 10//10 17//17 
f 17//17 10//10 18//18 
f 10//10 9//9 18//18 
f 18//18 9//9 19//19 
f 9//9 8//8 19//19 
f 19//19 8//8 8//8 
f 8//8 19//19 8//8 
f 8//8 19//19 19//19 
f 19//19 20//20 19//19 
f 19//19 20//20 18//18 
f 20//20 21//21 18//18 
f 18//18 21//21 17//17 
f 21//21 22//22 17//17 
f 17//17 22//22 16//16 
f 22//22 23//23 16//16 
f 16//16 23//23 15//15 
f 23//23 15//15 15//15 
f 15//15 15//15 23//23 
f 15//15 23//23 23//23 
f 23//23 23//23 24//24 
f 23//23 22//22 24//24 
f 24//24 22//22 25//25 
f 22//22 21//21 25//25 
f 25//25 21//21 26//26 
f 21//21 20//20 26//26 
f 26//26 20//20 27//27 
f 20//20 20//20 27//27 
f 27//27 20//20 28//28 
f 20//20 19//19 28//28 
f 28//28 19//19 29//29 
f 19//19 8//8 29//29 
f 29//29 8//8 30//30 
f 8//8 7//7 30//30 
f 30//30 7//7 31//31 
f 7//7 6//6 31//31 
f 31//31 6//6 32//32 
f 6//6 14//14 32//32 
f 32//32 14//14 33//33 
f 14//14 15//15 33//33 
f 33//33 15//15 34//34 
f 15//15 23//23 34//34 
f 34//34 23//23 35//35 
f 23//23 24//24 35//35 
f 35//35 24//24 36//36 
f 24//24 24//24 36//36 
f 36//36 24//24 37//37 
f 24//24 25//25 37//37 
f 37//37 25//25 38//38 
f 25//25 26//26 38//38 
f 38//38 26//26 39//39 
f 26//26 27//27 39//39 
f 39//39 27//27 40//40 
f 27//27 27//27 40//40 
f 40//40 27//27 41//41 
f 27//27 28//28 41//41 
f 41//41 28//28 42//42 
f 28//28 29//29 42//42 
f 42//42 29//29 43//43 
f 29//29 30//30 43//43 
f 43//43 30//30 32//32 
f 30//30 31//31 32//32 
f 32//32 31//31 31//31 
f 31//31 32//32 31//31 
f 31//31 32//32 32//32 
f 32//32 33//33 32//32 
f 32//32 33//33 43//43 
f 33//33 44//44 43//43 
f 43//43 44//44 42//42 
f 44//44 45//45 42//42 
f 42//42 45//45 41//41 
f 45//45 41//41 41//41 
f 41//41 41//41 33//33 
f 41//41 33//33 33//33 
f 33//33 33//33 44//44 
f 33//33 34//34 44//44 
f 44//44 34//34 46//46 
f 34//34 35//35 46//46 
f 46//46 35//35 47//47 
f 35//35 36//36 47//47 
f 47//47 36//36 36//36 
f 36//36 44//44 36//36 
f 36//36 44//44 44//44 
f 44//44 46//46 44//44 
f 44//44 46//46 45//45 
f 46//46 48//48 45//45 
f 45//45 48//48 45//45 
f 48//48 49//49 45//45 
f 45//45 49//49 41//41 
f 49//49 49//49 41//41 
f 41//41 49//49 40//40 
f 49//49 50//50 40//40 
f 40//40 50//50 40//40 
f 50//50 51//51 40//40 
f 40//40 51//51 39//39 
f 51//51 52//52 39//39 
f 39//39 52//52 38//38 
f 52//52 53//53 38//38 
f 38//38 53//53 37//37 
f 53//53 54//54 37//37 
f 37//37 54//54 36//36 
f 54//54 55//55 36//36 
f 36//36 55//55 47//47 
f 55//55 56//56 47//47 
f 47//47 56//56 48//48 
f 56//56 57//57 48//48 
f 48//48 57//57 49//49 
f 57//57 57//57 49//49 
f 49//49 57//57 50//50 
f 57//57 57//57 50//50 
f 50//50 57//57 58//58 
f 57//57 57//57 58//58 
f 58//58 57//57 59//59 
f 57//57 56//56 59//59 
f 59//59 56//56 59//59 
f 56//56 60//60 59//59 
f 59//59 60//60 61//61 
f 60//60 62//62 61//61 
f 61//61 62//62 61//61 
f 62//62 63//63 61//61 
f 61//61 63//63 64//64 
f 63//63 65//65 64//64 
f 64//64 65//65 64//64 
f 65//65 66//66 64//64 
f 64//64 66//66 67//67 
f 66//66 68//68 67//67 
f 67//67 68//68 68//68 
f 68//68 47//47 68//68 
f 68//68 47//47 47//47 
f 47//47 48//48 47//47 
f 47//47 48//48 46//46 
f 48//48 46//46 46//46 
f 46//46 46//46 67//67 
f 46//46 67//67 67//67 
f 67//67 67//67 64//64 
f 67//67 69//69 64//64 
f 64//64 69//69 61//61 
f 69//69 69//69 61//61 
f 61//61 69//69 59//59 
f 69//69 58//58 59//59 
f 59//59 58//58 58//58 
f 58//58 50//50 58//58 
f 58//58 50//50 50//50 
f 50//50 70//70 50//50 
f 50//50 70//70 51//51 
f 70//70 71//71 51//51 
f 51//51 71//71 52//52 
f 71//71 71//71 52//52 
f 52//52 71//71 72//72 
f 71//71 73//73 72//72 
f 72//72 73//73 74//74 
f 73//73 75//75 74//74 
f 74//74 75//75 76//76 
f 75//75 77//77 76//76 
f 76//76 77//77 78//78 
f 77//77 79//79 78//78 
f 78//78 79//79 80//80 
f 79//79 80//80 80//80 
f 80//80 80//80 70//70 
f 80//80 70//70 70//70 
f 70//70 70//70 71//71 
f 70//70 81//81 71//71 
f 71//71 81//81 73//73 
f 81//81 82//82 73//73 
f 73//73 82//82 75//75 
f 82//82 83//83 75//75 
f 75//75 83//83 77//77 
f 83//83 84//84 77//77 
f 77//77 84//84 79//79 
f 84//84 85//85 79//79 
f 79//79 85//85 86//86 
f 85//85 87//87 86//86 
f 86//86 87//87 88//88 
f 87//87 89//89 88//88 
f 88//88 89//89 88//88 
f 89//89 90//90 88//88 
f 88//88 90//90 91//91 
f 90//90 90//90 91//91 
f 91//91 90//90 92//92 
f 90//90 93//93 92//92 
f 92//92 93//93 94//94 
f 93//93 94//94 94//94 
f 94//94 94//94 79//79 
f 94//94 79//79 79//79 
f 79//79 79//79 80//80 
f 79//79 86//86 80//80 
f 80//80 86//86 95//95 
f 86//86 88//88 95//95 
f 95//95 88//88 91//91 
f 88//88 91//91 91//91 
f 91//91 91//91 89//89 
f 91//91 89//89 89//89 
f 89//89 89//89 90//90 
f 89//89 96//96 90//90 
f 90//90 96//96 93//93 
f 96//96 97//97 93//93 
f 93//93 97//97 93//93 
f 97//97 98//98 93//93 
f 93//93 98//98 94//94 
f 98//98 99//99 94//94 
f 94//94 99//99 99//99 
f 99//99 100//100 99//99 
f 99//99 100//100 100//100 
f 100//100 101//101 100//100 
f 100//100 101//101 102//102 
f 101//101 103//103 102//102 
f 102//102 103//103 104//104 
f 103//103 105//105 104//104 
f 104//104 105//105 106//106 
f 105//105 107//107 106//106 
f 106//106 107//107 106//106 
f 107//107 54//54 106//106 
f 106//106 54//54 106//106 
f 54//54 53//53 106//106 
f 106//106 53//53 108//108 
f 53//53 52//52 108//108 
f 108//108 52//52 52//52 
f 52//52 101//101 52//52 
f 52//52 101//101 101//101 
f 101//101 109//109 101//101 
f 101//101 109//109 103//103 
f 109//109 110//110 103//103 
f 103//103 110//110 105//105 
f 110//110 111//111 105//105 
f 105//105 111//111 107//107 
f 111//111 107//107 107//107 
f 107//107 107//107 104//104 
f 107//107 104//104 104//104 
f 104//104 104//104 108//108 
f 104//104 106//106 108//108 
f 108//108 106//106 106//106 
f 106//106 112//112 106//106 
f 106//106 112//112 112//112 
f 112//112 113//113 112//112 
f 112//112 113//113 114//114 
f 113//113 115//115 114//114 
f 114//114 115//115 116//116 
f 115//115 117//117 116//116 
f 116//116 117//117 118//118 
f 117//117 119//119 118//118 
f 118//118 119//119 120//120 
f 119//119 120//120 120//120 
f 120//120 120//120 113//113 
f 120//120 113//113 113//113 
f 113//113 113//113 115//115 
f 113//113 121//121 115//115 
f 115//115 121//121 115//115 
f 121//121 122//122 115//115 
f 115//115 122//122 117//117 
f 122//122 123//123 117//117 
f 117//117 123//123 119//119 
f 123//123 124//124 119//119 
f 119//119 124//124 119//119 
f 124//124 125//125 119//119 
f 119//119 125//125 120//120 
f 125//125 125//125 120//120 
f 120//120 125//125 126//126 
f 125//125 127//127 126//126 
f 126//126 127//127 128//128 
f 127//127 128//128 128//128 
f 128//128 128//128 122//122 
f 128//128 122//122 122//122 
f 122//122 122//122 123//123 
f 122//122 129//129 123//123 
f 123//123 129//129 124//124 
f 129//129 130//130 124//124 
f 124//124 130//130 124//124 
f 130//130 131//131 124//124 
f 124//124 131//131 125//125 
f 131//131 127//127 125//125 
f 125//125 127//127 127//127 
f 127//127 122//122 127//127 
f 127//127 122//122 122//122 
f 122//122 132//132 122//122 
f 122//122 132//132 129//129 
f 132//132 133//133 129//129 
f 129//129 133//133 130//130 
f 133//133 130//130 130//130 
f 130//130 130//130 122//122 
f 130//130 122//122 122//122 
f 122//122 122//122 132//132 
f 122//122 121//121 132//132 
f 132//132 121//121 132//132 
f 121//121 134//134 132//132 
f 132//132 134//134 135//135 
f 134//134 136//136 135//135 
f 135//135 136//136 135//135 
f 136//136 137//137 135//135 
f 135//135 137//137 138//138 
f 137//137 139//139 138//138 
f 138//138 139//139 140//140 
f 139//139 139//139 140//140 
f 140//140 139//139 141//141 
f 139//139 142//142 141//141 
f 141//141 142//142 143//143 
f 142//142 144//144 143//143 
f 143//143 144//144 144//144 
f 144//144 132//132 144//144 
f 144//144 132//132 132//132 
f 132//132 135//135 132//132 
f 132//132 135//135 133//133 
f 135//135 138//138 133//133 
f 133//133 138//138 138//138 
f 138//138 143//143 138//138 
f 138//138 143//143 143//143 
f 143//143 145//145 143//143 
f 143//143 145//145 141//141 
f 145//145 146//146 141//141 
f 141//141 146//146 140//140 
f 146//146 147//147 140//140 
f 140//140 147//147 140//140 
f 147//147 148//148 140//140 
f 140//140 148//148 138//138 
f 148//148 148//148 138//138 
f 138//138 148//148 133//133 
f 148//148 148//148 133//133 
f 133//133 148//148 149//149 
f 148//148 148//148 149//149 
f 149//149 148//148 150//150 
f 148//148 147//147 150//150 
f 150//150 147//147 151//151 
f 147//147 146//146 151//151 
f 151//151 146//146 152//152 
f 146//146 145//145 152//152 
f 152//152 145//145 145//145 
f 145//145 152//152 145//145 
f 145//145 152//152 152//152 
f 152//152 153//153 152//152 
f 152//152 153//153 151//151 
f 153//153 154//154 151//151 
f 151//151 154//154 150//150 
f 154//154 155//155 150//150 
f 150//150 155//155 149//149 
f 155//155 156//156 149//149 
f 149//149 156//156 149//149 
f 156//156 157//157 149//149 
f 149//149 157//157 133//133 
f 157//157 157//157 133//133 
f 133//133 157//157 130//130 
f 157//157 158//158 130//130 
f 130//130 158//158 131//131 
f 158//158 131//131 131//131 
f 131//131 131//131 153//153 
f 131//131 153//153 153//153 
f 153//153 153//153 154//154 
f 153//153 159//159 154//154 
f 154//154 159//159 160//160 
f 159//159 161//161 160//160 
f 160//160 161//161 161//161 
f 161//161 154//154 161//161 
f 161//161 154//154 154//154 
f 154//154 160//160 154//154 
f 154//154 160//160 155//155 
f 160//160 162//162 155//155 
f 155//155 162//162 156//156 
f 162//162 163//163 156//156 
f 156//156 163//163 156//156 
f 163//163 164//164 156//156 
f 156//156 164//164 157//157 
f 164//164 158//158 157//157 
f 157//157 158//158 158//158 
f 158//158 162//162 158//158 
f 158//158 162//162 162//162 
f 162//162 160//160 162//162 
f 162//162 160//160 165//165 
f 160//160 161//161 165//165 
f 165//165 161//161 166//166 
f 161//161 167//167 166//166 
f 166//166 167//167 168//168 
f 167//167 169//169 168//168 
f 168//168 169//169 170//170 
f 169//169 171//171 170//170 
f 170//170 171//171 172//172 
f 171//171 173//173 172//172 
f 172//172 173//173 172//172 
f 173//173 174//174 172//172 
f 172//172 174//174 175//175 
f 174//174 176//176 175//175 
f 175//175 176//176 176//176 
f 176//176 175//175 176//176 
f 176//176 175//175 175//175 
f 175//175 177//177 175//175 
f 175//175 177//177 172//172 
f 177//177 177//177 172//172 
f 172//172 177//177 170//170 
f 177//177 178//178 170//170 
f 170//170 178//178 168//168 
f 178//178 179//179 168//168 
f 168//168 179//179 166//166 
f 179//179 180//180 166//166 
f 166//166 180//180 165//165 
f 180//180 181//181 165//165 
f 165//165 181//181 162//162 
f 181//181 181//181 162//162 
f 162//162 181//181 163//163 
f 181//181 182//182 163//163 
f 163//163 182//182 163//163 
f 182//182 183//183 163//163 
f 163//163 183//183 164//164 
f 183//183 184//184 164//164 
f 164//164 184//184 158//158 
f 184//184 185//185 158//158 
f 158//158 185//185 131//131 
f 185//185 185//185 131//131 
f 131//131 185//185 127//127 
f 185//185 186//186 127//127 
f 127//127 186//186 128//128 
f 186//186 128//128 128//128 
f 128//128 128//128 186//186 
f 128//128 186//186 186//186 
f 186//186 186//186 187//187 
f 186//186 185//185 187//187 
f 187//187 185//185 187//187 
f 185//185 184//184 187//187 
f 187//187 184//184 188//188 
f 184//184 183//183 188//188 
f 188//188 183//183 189//189 
f 183//183 182//182 189//189 
f 189//189 182//182 189//189 
f 182//182 190//190 189//189 
f 189//189 190//190 188//188 
f 190//190 191//191 188//188 
f 188//188 191//191 187//187 
f 191//191 192//192 187//187 
f 187//187 192//192 186//186 
f 192//192 193//193 186//186 
f 186//186 193//193 128//128 
f 193//193 193//193 128//128 
f 128//128 193//193 194//194 
f 193//193 195//195 194//194 
f 194//194 195//195 196//196 
f 195//195 196//196 196//196 
f 196//196 196//196 195//195 
f 196//196 195//195 195//195 
f 195//195 195//195 197//197 
f 195//195 193//193 197//197 
f 197//197 193//193 197//197 
f 193//193 192//192 197//197 
f 197//197 192//192 198//198 
f 192//192 191//191 198//198 
f 198//198 191//191 199//199 
f 191//191 190//190 199//199 
f 199//199 190//190 200//200 
f 190//190 182//182 200//200 
f 200//200 182//182 200//200 
f 182//182 181//181 200//200 
f 200//200 181//181 200//200 
f 181//181 180//180 200//200 
f 200//200 180//180 201//201 
f 180//180 179//179 201//201 
f 201//201 179//179 179//179 
f 179//179 200//200 179//179 
f 179//179 200//200 200//200 
f 200//200 201//201 200//200 
f 200//200 201//201 199//199 
f 201//201 202//202 199//199 
f 199//199 202//202 198//198 
f 202//202 203//203 198//198 
f 198//198 203//203 197//197 
f 203//203 204//204 197//197 
f 197//197 204//204 195//195 
f 204//204 205//205 195//195 
f 195//195 205//205 196//196 
f 205//205 205//205 196//196 
f 196//196 205//205 206//206 
f 205//205 207//207 206//206 
f 206//206 207//207 208//208 
f 207//207 207//207 208//208 
f 208//208 207//207 209//209 
f 207//207 210//210 209//209 
f 209//209 210//210 211//211 
f 210//210 211//211 211//211 
f 211//211 211//211 210//210 
f 211//211 210//210 210//210 
f 210//210 210//210 212//212 
f 210//210 207//207 212//212 
f 212//212 207//207 212//212 
f 207//207 205//205 212//212 
f 212//212 205//205 212//212 
f 205//205 204//204 212//212 
f 212//212 204//204 213//213 
f 204//204 203//203 213//213 
f 213//213 203//203 214//214 
f 203//203 202//202 214//214 
f 214//214 202//202 215//215 
f 202//202 201//201 215//215 
f 215//215 201//201 215//215 
f 201//201 179//179 215//215 
f 215//215 179//179 215//215 
f 179//179 178//178 215//215 
f 215//215 178//178 216//216 
f 178//178 177//177 216//216 
f 216//216 177//177 217//217 
f 177//177 175//175 217//217 
f 217//217 175//175 218//218 
f 175//175 176//176 218//218 
f 218//218 176//176 219//219 
f 176//176 220//220 219//219 
f 219//219 220//220 221//221 
f 220//220 222//222 221//221 
f 221//221 222//222 223//223 
f 222//222 224//224 223//223 
f 223//223 224//224 225//225 
f 224//224 226//226 225//225 
f 225//225 226//226 227//227 
f 226//226 228//228 227//227 
f 227//227 228//228 229//229 
f 228//228 228//228 229//229 
f 229//229 228//228 230//230 
f 228//228 228//228 230//230 
f 230//230 228//228 231//231 
f 228//228 232//232 231//231 
f 231//231 232//232 233//233 
f 232//232 234//234 233//233 
f 233//233 234//234 235//235 
f 234//234 236//236 235//235 
f 235//235 236//236 237//237 
f 236//236 238//238 237//237 
f 237//237 238//238 238//238 
f 238//238 215//215 238//238 
f 238//238 215//215 215//215 
f 215//215 216//216 215//215 
f 215//215 216//216 214//214 
f 216//216 214//214 214//214 
f 214//214 214//214 226//226 
f 214//214 226//226 226//226 
f 226//226 226//226 239//239 
f 226//226 224//224 239//239 
f 239//239 224//224 240//240 
f 224//224 240//240 240//240 
f 240//240 240//240 237//237 
f 240//240 237//237 237//237 
f 237//237 237//237 235//235 
f 237//237 241//241 235//235 
f 235//235 241//241 242//242 
f 241//241 243//243 242//242 
f 242//242 243//243 244//244 
f 243//243 245//245 244//244 
f 244//244 245//245 246//246 
f 245//245 247//247 246//246 
f 246//246 247//247 246//246 
f 247//247 248//248 246//246 
f 246//246 248//248 249//249 
f 248//248 250//250 249//249 
f 249//249 250//250 251//251 
f 250//250 252//252 251//251 
f 251//251 252//252 253//253 
f 252//252 254//254 253//253 
f 253//253 254//254 253//253 
f 254//254 255//255 253//253 
f 253//253 255//255 256//256 
f 255//255 257//257 256//256 
f 256//256 257//257 257//257 
f 257//257 242//242 257//257 
f 257//257 242//242 242//242 
f 242//242 233//233 242//242 
f 242//242 233//233 235//235 
f 233//233 235//235 235//235 
f 235//235 235//235 256//256 
f 235//235 256//256 256//256 
f 256//256 256//256 253//253 
f 256//256 258//258 253//253 
f 253//253 258//258 251//251 
f 258//258 259//259 251//251 
f 251//251 259//259 249//249 
f 259//259 260//260 249//249 
f 249//249 260//260 246//246 
f 260//260 260//260 246//246 
f 246//246 260//260 244//244 
f 260//260 261//261 244//244 
f 244//244 261//261 242//242 
f 261//261 261//261 242//242 
f 242//242 261//261 233//233 
f 261//261 261//261 233//233 
f 233//233 261//261 231//231 
f 261//261 261//261 231//231 
f 231//231 261//261 262//262 
f 261//261 260//260 262//262 
f 262//262 260//260 262//262 
f 260//260 259//259 262//262 
f 262//262 259//259 263//263 
f 259//259 258//258 263//263 
f 263//263 258//258 264//264 
f 258//258 256//256 264//264 
f 264//264 256//256 265//265 
f 256//256 257//257 265//265 
f 265//265 257//257 266//266 
f 257//257 267//267 266//266 
f 266//266 267//267 268//268 
f 267//267 269//269 268//268 
f 268//268 269//269 268//268 
f 269//269 270//270 268//268 
f 268//268 270//270 271//271 
f 270//270 272//272 271//271 
f 271//271 272//272 272//272 
f 272//272 271//271 272//272 
f 272//272 271//271 271//271 
f 271//271 273//273 271//271 
f 271//271 273//273 268//268 
f 273//273 273//273 268//268 
f 268//268 273//273 266//266 
f 273//273 274//274 266//266 
f 266//266 274//274 265//265 
f 274//274 275//275 265//265 
f 265//265 275//275 264//264 
f 275//275 276//276 264//264 
f 264//264 276//276 263//263 
f 276//276 230//230 263//263 
f 263//263 230//230 262//262 
f 230//230 231//231 262//262 
f 262//262 231//231 231//231 
f 231//231 230//230 231//231 
f 231//231 230//230 230//230 
f 230//230 276//276 230//230 
f 230//230 276//276 229//229 
f 276//276 276//276 229//229 
f 229//229 276//276 277//277 
f 276//276 275//275 277//277 
f 277//277 275//275 278//278 
f 275//275 274//274 278//278 
f 278//278 274//274 279//279 
f 274//274 273//273 279//279 
f 279//279 273//273 280//280 
f 273//273 271//271 280//280 
f 280//280 271//271 281//281 
f 271//271 272//272 281//281 
f 281//281 272//272 282//282 
f 272//272 283//283 282//282 
f 282//282 283//283 284//284 
f 283//283 285//285 284//284 
f 284//284 285//285 284//284 
f 285//285 286//286 284//284 
f 284//284 286//286 287//287 
f 286//286 288//288 287//287 
f 287//287 288//288 289//289 
f 288//288 290//290 289//289 
f 289//289 290//290 291//291 
f 290//290 292//292 291//291 
f 291//291 292//292 291//291 
f 292//292 293//293 291//291 
f 291//291 293//293 294//294 
f 293//293 295//295 294//294 
f 294//294 295//295 296//296 
f 295//295 297//297 296//296 
f 296//296 297//297 298//298 
f 297//297 299//299 298//298 
f 298//298 299//299 300//300 
f 299//299 301//301 300//300 
f 300//300 301//301 301//301 
f 301//301 300//300 301//301 
f 301//301 300//300 300//300 
f 300//300 302//302 300//300 
f 300//300 302//302 298//298 
f 302//302 303//303 298//298 
f 298//298 303//303 296//296 
f 303//303 304//304 296//296 
f 296//296 304//304 294//294 
f 304//304 305//305 294//294 
f 294//294 305//305 291//291 
f 305//305 305//305 291//291 
f 291//291 305//305 289//289 
f 305//305 306//306 289//289 
f 289//289 306//306 287//287 
f 306//306 287//287 287//287 
f 287//287 287//287 302//302 
f 287//287 302//302 302//302 
f 302//302 302//302 303//303 
f 302//302 307//307 303//303 
f 303//303 307//307 308//308 
f 307//307 309//309 308//308 
f 308//308 309//309 308//308 
f 309//309 310//310 308//308 
f 308//308 310//310 311//311 
f 310//310 312//312 311//311 
f 311//311 312//312 306//306 
f 312//312 313//313 306//306 
f 306//306 313//313 287//287 
f 313//313 313//313 287//287 
f 287//287 313//313 284//284 
f 313//313 313//313 284//284 
f 284//284 313//313 282//282 
f 313//313 314//314 282//282 
f 282//282 314//314 281//281 
f 314//314 281//281 281//281 
f 281//281 281//281 306//306 
f 281//281 306//306 306//306 
f 306//306 306//306 311//311 
f 306//306 305//305 311//311 
f 311//311 305//305 311//311 
f 305//305 304//304 311//311 
f 311//311 304//304 308//308 
f 304//304 303//303 308//308 
f 308//308 303//303 303//303 
f 303//303 313//313 303//303 
f 303//303 313//313 313//313 
f 313//313 312//312 313//313 
f 313//313 312//312 314//314 
f 312//312 312//312 314//314 
f 314//314 312//312 315//315 
f 312//312 310//310 315//315 
f 315//315 310//310 316//316 
f 310//310 309//309 316//316 
f 316//316 309//309 317//317 
f 309//309 318//318 317//317 
f 317//317 318//318 319//319 
f 318//318 320//320 319//319 
f 319//319 320//320 321//321 
f 320//320 322//322 321//321 
f 321//321 322//322 323//323 
f 322//322 324//324 323//323 
f 323//323 324//324 325//325 
f 324//324 211//211 325//325 
f 325//325 211//211 326//326 
f 211//211 210//210 326//326 
f 326//326 210//210 327//327 
f 210//210 212//212 327//327 
f 327//327 212//212 327//327 
f 212//212 213//213 327//327 
f 327//327 213//213 328//328 
f 213//213 214//214 328//328 
f 328//328 214//214 214//214 
f 214//214 318//318 214//214 
f 214//214 318//318 318//318 
f 318//318 329//329 318//318 
f 318//318 329//329 320//320 
f 329//329 330//330 320//320 
f 320//320 330//330 330//330 
f 330//330 328//328 330//330 
f 330//330 328//328 328//328 
f 328//328 331//331 328//328 
f 328//328 331//331 327//327 
f 331//331 331//331 327//327 
f 327//327 331//331 326//326 
f 331//331 332//332 326//326 
f 326//326 332//332 325//325 
f 332//332 333//333 325//325 
f 325//325 333//333 323//323 
f 333//333 334//334 323//323 
f 323//323 334//334 321//321 
f 334//334 321//321 321//321 
f 321//321 321//321 334//334 
f 321//321 334//334 334//334 
f 334//334 334//334 335//335 
f 334//334 333//333 335//335 
f 335//335 333//333 335//335 
f 333//333 332//332 335//335 
f 335//335 332//332 336//336 
f 332//332 331//331 336//336 
f 336//336 331//331 337//337 
f 331//331 328//328 337//337 
f 337//337 328//328 338//338 
f 328//328 214//214 338//338 
f 338//338 214//214 339//339 
f 214//214 216//216 339//339 
f 339//339 216//216 339//339 
f 216//216 217//217 339//339 
f 339//339 217//217 340//340 
f 217//217 218//218 340//340 
f 340//340 218//218 341//341 
f 218//218 219//219 341//341 
f 341//341 219//219 342//342 
f 219//219 221//221 342//342 
f 342//342 221//221 343//343 
f 221//221 223//223 343//343 
f 343//343 223//223 344//344 
f 223//223 225//225 344//344 
f 344//344 225//225 345//345 
f 225//225 227//227 345//345 
f 345//345 227//227 346//346 
f 227//227 229//229 346//346 
f 346//346 229//229 346//346 
f 229//229 277//277 346//346 
f 346//346 277//277 347//347 
f 277//277 278//278 347//347 
f 347//347 278//278 348//348 
f 278//278 279//279 348//348 
f 348//348 279//279 349//349 
f 279//279 280//280 349//349 
f 349//349 280//280 350//350 
f 280//280 281//281 350//350 
f 350//350 281//281 350//350 
f 281//281 314//314 350//350 
f 350//350 314//314 350//350 
f 314//314 315//315 350//350 
f 350//350 315//315 351//351 
f 315//315 316//316 351//351 
f 351//351 316//316 352//352 
f 316//316 317//317 352//352 
f 352//352 317//317 353//353 
f 317//317 319//319 353//353 
f 353//353 319//319 354//354 
f 319//319 321//321 354//354 
f 354//354 321//321 354//354 
f 321//321 334//334 354//354 
f 354//354 334//334 355//355 
f 334//334 335//335 355//355 
f 355//355 335//335 335//335 
f 335//335 350//350 335//335 
f 335//335 350//350 350//350 
f 350//350 351//351 350//350 
f 350//350 351//351 349//349 
f 351//351 356//356 349//349 
f 349//349 356//356 348//348 
f 356//356 348//348 348//348 
f 348//348 348//348 351//351 
f 348//348 351//351 351//351 
f 351//351 351//351 356//356 
f 351//351 352//352 356//356 
f 356//356 352//352 357//357 
f 352//352 353//353 357//357 
f 357//357 353//353 358//358 
f 353//353 354//354 358//358 
f 358//358 354//354 355//355 
f 354//354 355//355 355//355 
f 355//355 355//355 357//357 
f 355//355 357//357 357//357 
f 357//357 357//357 356//356 
f 357//357 359//359 356//356 
f 356//356 359//359 348//348 
f 359//359 359//359 348//348 
f 348//348 359//359 347//347 
f 359//359 360//360 347//347 
f 347//347 360//360 346//346 
f 360//360 360//360 346//346 
f 346//346 360//360 345//345 
f 360//360 361//361 345//345 
f 345//345 361//361 344//344 
f 361//361 344//344 344//344 
f 344//344 344//344 361//361 
f 344//344 361//361 361//361 
f 361//361 361//361 362//362 
f 361//361 360//360 362//362 
f 362//362 360//360 362//362 
f 360//360 359//359 362//362 
f 362//362 359//359 362//362 
f 359//359 357//357 362//362 
f 362//362 357//357 362//362 
f 357//357 358//358 362//362 
f 362//362 358//358 363//363 
f 358//358 355//355 363//363 
f 363//363 355//355 355//355 
f 355//355 362//362 355//355 
f 355//355 362//362 362//362 
f 362//362 363//363 362//362 
f 362//362 363//363 361//361 
f 363//363 364//364 361//361 
f 361//361 364//364 344//344 
f 364//364 364//364 344//344 
f 344//344 364//364 343//343 
f 364//364 365//365 343//343 
f 343//343 365//365 342//342 
f 365//365 365//365 342//342 
f 342//342 365//365 341//341 
f 365//365 366//366 341//341 
f 341//341 366//366 340//340 
f 366//366 367//367 340//340 
f 340//340 367//367 339//339 
f 367//367 367//367 339//339 
f 339//339 367//367 338//338 
f 367//367 368//368 338//338 
f 338//338 368//368 337//337 
f 368//368 369//369 337//337 
f 337//337 369//369 336//336 
f 369//369 369//369 336//336 
f 336//336 369//369 370//370 
f 369//369 366//366 370//370 
f 370//370 366//366 370//370 
f 366//366 365//365 370//370 
f 370//370 365//365 370//370 
f 365//365 364//364 370//370 
f 370//370 364//364 370//370 
f 364//364 363//363 370//370 
f 370//370 363//363 370//370 
f 363//363 355//355 370//370 
f 370//370 355//355 370//370 
f 355//355 335//335 370//370 
f 370//370 335//335 336//336 
f 335//335 336//336 336//336 
f 336//336 336//336 368//368 
f 336//336 368//368 368//368 
f 368//368 368//368 369//369 
f 368//368 367//367 369//369 
f 369//369 367//367 366//366 
f 367//367 366//366 366//366 
f 366//366 366//366 371//371 
f 366//366 371//371 371//371 
f 371//371 371//371 372//372 
f 371//371 373//373 372//372 
f 372//372 373//373 374//374 
f 373//373 375//375 374//374 
f 374//374 375//375 376//376 
f 375//375 377//377 376//376 
f 376//376 377//377 376//376 
f 377//377 378//378 376//376 
f 376//376 378//378 379//379 
f 378//378 378//378 379//379 
f 379//379 378//378 380//380 
f 378//378 381//381 380//380 
f 380//380 381//381 382//382 
f 381//381 383//383 382//382 
f 382//382 383//383 384//384 
f 383//383 385//385 384//384 
f 384//384 385//385 386//386 
f 385//385 387//387 386//386 
f 386//386 387//387 388//388 
f 387//387 389//389 388//388 
f 388//388 389//389 390//390 
f 389//389 391//391 390//390 
f 390//390 391//391 392//392 
f 391//391 393//393 392//392 
f 392//392 393//393 394//394 
f 393//393 395//395 394//394 
f 394//394 395//395 396//396 
f 395//395 397//397 396//396 
f 396//396 397//397 398//398 
f 397//397 399//399 398//398 
f 398//398 399//399 400//400 
f 399//399 401//401 400//400 
f 400//400 401//401 402//402 
f 401//401 403//403 402//402 
f 402//402 403//403 404//404 
f 403//403 405//405 404//404 
f 404//404 405//405 406//406 
f 405//405 407//407 406//406 
f 406//406 407//407 408//408 
f 407//407 407//407 408//408 
f 408//408 407//407 409//409 
f 407//407 410//410 409//409 
f 409//409 410//410 411//411 
f 410//410 412//412 411//411 
f 411//411 412//412 413//413 
f 412//412 414//414 413//413 
f 413//413 414//414 415//415 
f 414//414 415//415 415//415 
f 415//415 415//415 379//379 
f 415//415 379//379 379//379 
f 379//379 379//379 376//376 
f 379//379 416//416 376//376 
f 376//376 416//416 374//374 
f 416//416 372//372 374//374 
f 374//374 372//372 372//372 
f 372//372 373//373 372//372 
f 372//372 373//373 373//373 
f 373//373 417//417 373//373 
f 373//373 417//417 375//375 
f 417//417 377//377 375//375 
f 375//375 377//377 377//377 
f 377//377 412//412 377//377 
f 377//377 412//412 412//412 
f 412//412 410//410 412//412 
f 412//412 410//410 418//418 
f 410//410 419//419 418//418 
f 418//418 419//419 420//420 
f 419//419 419//419 420//420 
f 420//420 419//419 421//421 
f 419//419 405//405 421//421 
f 421//421 405//405 403//403 
f 405//405 403//403 403//403 
f 403//403 403//403 410//410 
f 403//403 410//410 410//410 
f 410//410 410//410 419//419 
f 410//410 407//407 419//419 
f 419//419 407//407 405//405 
f 407//407 405//405 405//405 
f 405//405 405//405 422//422 
f 405//405 422//422 422//422 
f 422//422 422//422 423//423 
f 422//422 418//418 423//423 
f 423//423 418//418 423//423 
f 418//418 420//420 423//423 
f 423//423 420//420 424//424 
f 420//420 425//425 424//424 
f 424//424 425//425 426//426 
f 425//425 401//401 426//426 
f 426//426 401//401 399//399 
f 401//401 399//399 399//399 
f 399//399 399//399 423//423 
f 399//399 423//423 423//423 
f 423//423 423//423 427//427 
f 423//423 424//424 427//427 
f 427//427 424//424 428//428 
f 424//424 426//426 428//428 
f 428//428 426//426 426//426 
f 426//426 420//420 426//426 
f 426//426 420//420 420//420 
f 420//420 421//421 420//420 
f 420//420 421//421 425//425 
f 421//421 403//403 425//425 
f 425//425 403//403 401//401 
f 403//403 401//401 401//401 
f 401//401 401//401 427//427 
f 401//401 427//427 427//427 
f 427//427 427//427 429//429 
f 427//427 428//428 429//429 
f 429//429 428//428 430//430 
f 428//428 431//431 430//430 
f 430//430 431//431 432//432 
f 431//431 397//397 432//432 
f 432//432 397//397 395//395 
f 397//397 395//395 395//395 
f 395//395 395//395 429//429 
f 395//395 429//429 429//429 
f 429//429 429//429 433//433 
f 429//429 430//430 433//433 
f 433//433 430//430 434//434 
f 430//430 432//432 434//434 
f 434//434 432//432 432//432 
f 432//432 428//428 432//432 
f 432//432 428//428 428//428 
f 428//428 426//426 428//428 
f 428//428 426//426 431//431 
f 426//426 399//399 431//431 
f 431//431 399//399 397//397 
f 399//399 397//397 397//397 
f 397//397 397//397 433//433 
f 397//397 433//433 433//433 
f 433//433 433//433 435//435 
f 433//433 434//434 435//435 
f 435//435 434//434 436//436 
f 434//434 437//437 436//436 
f 436//436 437//437 438//438 
f 437//437 393//393 438//438 
f 438//438 393//393 391//391 
f 393//393 391//391 391//391 
f 391//391 391//391 435//435 
f 391//391 435//435 435//435 
f 435//435 435//435 439//439 
f 435//435 436//436 439//439 
f 439//439 436//436 440//440 
f 436//436 438//438 440//440 
f 440//440 438//438 438//438 
f 438//438 434//434 438//438 
f 438//438 434//434 434//434 
f 434//434 432//432 434//434 
f 434//434 432//432 437//437 
f 432//432 395//395 437//437 
f 437//437 395//395 393//393 
f 395//395 393//393 393//393 
f 393//393 393//393 439//439 
f 393//393 439//439 439//439 
f 439//439 439//439 441//441 
f 439//439 440//440 441//441 
f 441//441 440//440 442//442 
f 440//440 443//443 442//442 
f 442//442 443//443 444//444 
f 443//443 389//389 444//444 
f 444//444 389//389 387//387 
f 389//389 387//387 387//387 
f 387//387 387//387 441//441 
f 387//387 441//441 441//441 
f 441//441 441//441 445//445 
f 441//441 442//442 445//445 
f 445//445 442//442 446//446 
f 442//442 444//444 446//446 
f 446//446 444//444 444//444 
f 444//444 440//440 444//444 
f 444//444 440//440 440//440 
f 440//440 438//438 440//440 
f 440//440 438//438 443//443 
f 438//438 391//391 443//443 
f 443//443 391//391 389//389 
f 391//391 389//389 389//389 
f 389//389 389//389 445//445 
f 389//389 445//445 445//445 
f 445//445 445//445 447//447 
f 445//445 446//446 447//447 
f 447//447 446//446 448//448 
f 446//446 449//449 448//448 
f 448//448 449//449 450//450 
f 449//449 385//385 450//450 
f 450//450 385//385 383//383 
f 385//385 383//383 383//383 
f 383//383 383//383 447//447 
f 383//383 447//447 447//447 
f 447//447 447//447 451//451 
f 447//447 448//448 451//451 
f 451//451 448//448 452//452 
f 448//448 450//450 452//452 
f 452//452 450//450 452//452 
f 450//450 453//453 452//452 
f 452//452 453//453 454//454 
f 453//453 455//455 454//454 
f 454//454 455//455 455//455 
f 455//455 446//446 455//455 
f 455//455 446//446 446//446 
f 446//446 444//444 446//446 
f 446//446 444//444 449//449 
f 444//444 387//387 449//449 
f 449//449 387//387 385//385 
f 387//387 385//385 385//385 
f 385//385 385//385 451//451 
f 385//385 451//451 451//451 
f 451//451 451//451 456//456 
f 451//451 452//452 456//456 
f 456//456 452//452 454//454 
f 452//452 454//454 454//454 
f 454//454 454//454 453//453 
f 454//454 453//453 453//453 
f 453//453 453//453 457//457 
f 453//453 450//450 457//457 
f 457//457 450//450 457//457 
f 450//450 383//383 457//457 
f 457//457 383//383 457//457 
f 383//383 381//381 457//457 
f 457//457 381//381 458//458 
f 381//381 378//378 458//458 
f 458//458 378//378 458//458 
f 378//378 377//377 458//458 
f 458//458 377//377 459//459 
f 377//377 417//417 459//459 
f 459//459 417//417 459//459 
f 417//417 460//460 459//459 
f 459//459 460//460 459//459 
f 460//460 461//461 459//459 
f 459//459 461//461 462//462 
f 461//461 455//455 462//462 
f 462//462 455//455 462//462 
f 455//455 453//453 462//462 
f 462//462 453//453 462//462 
f 453//453 457//457 462//462 
f 462//462 457//457 462//462 
f 457//457 458//458 462//462 
f 462//462 458//458 459//459 
f 458//458 459//459 459//459 
f 459//459 459//459 463//463 
f 459//459 463//463 463//463 
f 463//463 463//463 464//464 
f 463//463 465//465 464//464 
f 464//464 465//465 466//466 
f 465//465 467//467 466//466 
f 466//466 467//467 468//468 
f 467//467 469//469 468//468 
f 468//468 469//469 470//470 
f 469//469 465//465 470//470 
f 470//470 465//465 471//471 
f 465//465 471//471 471//471 
f 471//471 471//471 467//467 
f 471//471 467//467 467//467 
f 467//467 467//467 469//469 
f 467//467 465//465 469//469 
f 469//469 465//465 465//465 
f 465//465 464//464 465//465 
f 465//465 464//464 464//464 
f 464//464 466//466 464//464 
f 464//464 466//466 468//468 
f 466//466 468//468 468//468 
f 468//468 468//468 463//463 
f 468//468 463//463 463//463 
f 463//463 463//463 465//465 
f 463//463 472//472 465//465 
f 465//465 472//472 473//473 
f 472//472 473//473 473//473 
f 473//473 473//473 470//470 
f 473//473 470//470 470//470 
f 470//470 470//470 468//468 
f 470//470 474//474 468//468 
f 468//468 474//474 468//468 
f 474//474 475//475 468//468 
f 468//468 475//475 476//476 
f 475//475 475//475 476//476 
f 476//476 475//475 477//477 
f 475//475 478//478 477//477 
f 477//477 478//478 477//477 
f 478//478 479//479 477//477 
f 477//477 479//479 480//480 
f 479//479 481//481 480//480 
f 480//480 481//481 482//482 
f 481//481 483//483 482//482 
f 482//482 483//483 477//477 
f 483//483 484//484 477//477 
f 477//477 484//484 477//477 
f 484//484 485//485 477//477 
f 477//477 485//485 477//477 
f 485//485 486//486 477//477 
f 477//477 486//486 476//476 
f 486//486 486//486 476//476 
f 476//476 486//486 468//468 
f 486//486 487//487 468//468 
f 468//468 487//487 464//464 
f 487//487 464//464 464//464 
f 464//464 464//464 479//479 
f 464//464 479//479 479//479 
f 479//479 479//479 481//481 
f 479//479 488//488 481//481 
f 481//481 488//488 488//488 
f 488//488 482//482 488//488 
f 488//488 482//482 482//482 
f 482//482 477//477 482//482 
f 482//482 477//477 480//480 
f 477//477 480//480 480//480 
f 480//480 480//480 483//483 
f 480//480 483//483 483//483 
f 483//483 483//483 484//484 
f 483//483 481//481 484//484 
f 484//484 481//481 489//489 
f 481//481 481//481 489//489 
f 489//489 481//481 490//490 
f 481//481 491//491 490//490 
f 490//490 491//491 491//491 
f 491//491 492//492 491//491 
f 491//491 492//492 492//492 
f 492//492 493//493 492//492 
f 492//492 493//493 494//494 
f 493//493 495//495 494//494 
f 494//494 495//495 496//496 
f 495//495 497//497 496//496 
f 496//496 497//497 496//496 
f 497//497 498//498 496//496 
f 496//496 498//498 496//496 
f 498//498 499//499 496//496 
f 496//496 499//499 494//494 
f 499//499 494//494 494//494 
f 494//494 494//494 493//493 
f 494//494 493//493 493//493 
f 493//493 493//493 495//495 
f 493//493 500//500 495//495 
f 495//495 500//500 497//497 
f 500//500 501//501 497//497 
f 497//497 501//501 502//502 
f 501//501 503//503 502//502 
f 502//502 503//503 503//503 
f 503//503 502//502 503//503 
f 503//503 502//502 502//502 
f 502//502 498//498 502//502 
f 502//502 498//498 497//497 
f 498//498 497//497 497//497 
f 497//497 497//497 498//498 
f 497//497 498//498 498//498 
f 498//498 498//498 499//499 
f 498//498 504//504 499//499 
f 499//499 504//504 505//505 
f 504//504 504//504 505//505 
f 505//505 504//504 506//506 
f 504//504 507//507 506//506 
f 506//506 507//507 508//508 
f 507//507 508//508 508//508 
f 508//508 508//508 507//507 
f 508//508 507//507 507//507 
f 507//507 507//507 509//509 
f 507//507 504//504 509//509 
f 509//509 504//504 509//509 
f 504//504 498//498 509//509 
f 509//509 498//498 509//509 
f 498//498 502//502 509//509 
f 509//509 502//502 510//510 
f 502//502 503//503 510//510 
f 510//510 503//503 510//510 
f 503//503 511//511 510//510 
f 510//510 511//511 512//512 
f 511//511 513//513 512//512 
f 512//512 513//513 513//513 
f 513//513 512//512 513//513 
f 513//513 512//512 512//512 
f 512//512 514//514 512//512 
f 512//512 514//514 510//510 
f 514//514 514//514 510//510 
f 510//510 514//514 509//509 
f 514//514 514//514 509//509 
f 509//509 514//514 507//507 
f 514//514 515//515 507//507 
f 507//507 515//515 508//508 
f 515//515 515//515 508//508 
f 508//508 515//515 516//516 
f 515//515 517//517 516//516 
f 516//516 517//517 518//518 
f 517//517 517//517 518//518 
f 518//518 517//517 519//519 
f 517//517 520//520 519//519 
f 519//519 520//520 521//521 
f 520//520 522//522 521//521 
f 521//521 522//522 523//523 
f 522//522 524//524 523//523 
f 523//523 524//524 525//525 
f 524//524 526//526 525//525 
f 525//525 526//526 527//527 
f 526//526 528//528 527//527 
f 527//527 528//528 529//529 
f 528//528 530//530 529//529 
f 529//529 530//530 531//531 
f 530//530 532//532 531//531 
f 531//531 532//532 533//533 
f 532//532 534//534 533//533 
f 533//533 534//534 535//535 
f 534//534 536//536 535//535 
f 535//535 536//536 537//537 
f 536//536 538//538 537//537 
f 537//537 538//538 539//539 
f 538//538 540//540 539//539 
f 539//539 540//540 539//539 
f 540//540 541//541 539//539 
f 539//539 541//541 542//542 
f 541//541 543//543 542//542 
f 542//542 543//543 542//542 
f 543//543 544//544 542//542 
f 542//542 544//544 545//545 
f 544//544 546//546 545//545 
f 545//545 546//546 546//546 
f 546//546 539//539 546//546 
f 546//546 539//539 539//539 
f 539//539 547//547 539//539 
f 539//539 547//547 537//537 
f 547//547 537//537 537//537 
f 537//537 537//537 543//543 
f 537//537 543//543 543//543 
f 543//543 543//543 548//548 
f 543//543 541//541 548//548 
f 548//548 541//541 549//549 
f 541//541 540//540 549//549 
f 549//549 540//540 550//550 
f 540//540 540//540 550//550 
f 550//550 540//540 551//551 
f 540//540 538//538 551//551 
f 551//551 538//538 552//552 
f 538//538 536//536 552//552 
f 552//552 536//536 553//553 
f 536//536 534//534 553//553 
f 553//553 534//534 554//554 
f 534//534 532//532 554//554 
f 554//554 532//532 555//555 
f 532//532 530//530 555//555 
f 555//555 530//530 556//556 
f 530//530 528//528 556//556 
f 556//556 528//528 557//557 
f 528//528 526//526 557//557 
f 557//557 526//526 558//558 
f 526//526 524//524 558//558 
f 558//558 524//524 559//559 
f 524//524 522//522 559//559 
f 559//559 522//522 560//560 
f 522//522 520//520 560//560 
f 560//560 520//520 561//561 
f 520//520 517//517 561//561 
f 561//561 517//517 561//561 
f 517//517 515//515 561//561 
f 561//561 515//515 561//561 
f 515//515 514//514 561//561 
f 561//561 514//514 561//561 
f 514//514 512//512 561//561 
f 561//561 512//512 562//562 
f 512//512 513//513 562//562 
f 562//562 513//513 562//562 
f 513//513 563//563 562//562 
f 562//562 563//563 562//562 
f 563//563 564//564 562//562 
f 562//562 564//564 560//560 
f 564//564 564//564 560//560 
f 560//560 564//564 559//559 
f 564//564 565//565 559//559 
f 559//559 565//565 558//558 
f 565//565 558//558 558//558 
f 558//558 558//558 548//548 
f 558//558 548//548 548//548 
f 548//548 548//548 566//566 
f 548//548 549//549 566//566 
f 566//566 549//549 567//567 
f 549//549 550//550 567//567 
f 567//567 550//550 568//568 
f 550//550 568//568 568//568 
f 568//568 568//568 561//561 
f 568//568 561//561 561//561 
f 561//561 561//561 560//560 
f 561//561 562//562 560//560 
f 560//560 562//562 562//562 
f 562//562 563//563 562//562 
f 562//562 563//563 563//563 
f 563//563 569//569 563//563 
f 563//563 569//569 564//564 
f 569//569 569//569 564//564 
f 564//564 569//569 565//565 
f 569//569 570//570 565//565 
f 565//565 570//570 571//571 
f 570//570 572//572 571//571 
f 571//571 572//572 573//573 
f 572//572 574//574 573//573 
f 573//573 574//574 573//573 
f 574//574 575//575 573//573 
f 573//573 575//575 556//556 
f 575//575 575//575 556//556 
f 556//556 575//575 555//555 
f 575//575 576//576 555//555 
f 555//555 576//576 554//554 
f 576//576 554//554 554//554 
f 554//554 554//554 565//565 
f 554//554 565//565 565//565 
f 565//565 565//565 558//558 
f 565//565 571//571 558//558 
f 558//558 571//571 557//557 
f 571//571 573//573 557//557 
f 557//557 573//573 556//556 
f 573//573 556//556 556//556 
f 556//556 556//556 574//574 
f 556//556 574//574 574//574 
f 574//574 574//574 575//575 
f 574//574 577//577 575//575 
f 575//575 577//577 576//576 
f 577//577 578//578 576//576 
f 576//576 578//578 579//579 
f 578//578 580//580 579//579 
f 579//579 580//580 581//581 
f 580//580 582//582 581//581 
f 581//581 582//582 581//581 
f 582//582 583//583 581//581 
f 581//581 583//583 552//552 
f 583//583 583//583 552//552 
f 552//552 583//583 551//551 
f 583//583 583//583 551//551 
f 551//551 583//583 550//550 
f 583//583 583//583 550//550 
f 550//550 583//583 568//568 
f 583//583 582//582 568//568 
f 568//568 582//582 582//582 
f 582//582 576//576 582//582 
f 582//582 576//576 576//576 
f 576//576 579//579 576//576 
f 576//576 579//579 554//554 
f 579//579 579//579 554//554 
f 554//554 579//579 553//553 
f 579//579 581//581 553//553 
f 553//553 581//581 552//552 

