mtllib model_11.mtl
o model_11
v 0.0485243946313858 4.856749057769775 -0.2771793007850647 
v 0.04616621509194374 4.848526954650879 -0.2748672366142273 
v 0.05070117488503456 4.8546142578125 -0.27498283982276917 
v 0.04937091842293739 4.848526954650879 -0.2736245095729828 
v 0.05553846061229706 4.848526954650879 -0.27321991324424744 
v 0.05553846061229706 4.840305328369141 -0.2759365737438202 
v 0.05070117488503456 4.842433929443359 -0.27498283982276917 
v 0.0485243946313858 4.840305328369141 -0.2771793007850647 
v 0.05553846061229706 4.856749057769775 -0.2759365737438202 
v 0.06164553761482239 4.848526954650879 -0.2736245095729828 
v 0.06031528487801552 4.8546142578125 -0.27498283982276917 
v 0.062492065131664276 4.856749057769775 -0.2771793007850647 
v 0.06485024094581604 4.848526954650879 -0.2748672366142273 
v 0.06031528487801552 4.842433929443359 -0.27498283982276917 
v 0.062492065131664276 4.840305328369141 -0.2771793007850647 
v 0.0485243946313858 4.840305328369141 -0.291167289018631 
v 0.05070117488503456 4.842433929443359 -0.2933637499809265 
v 0.04616621509194374 4.848526954650879 -0.2934793531894684 
v 0.04937091842293739 4.848526954650879 -0.2947221100330353 
v 0.0485243946313858 4.856749057769775 -0.291167289018631 
v 0.05070117488503456 4.8546142578125 -0.2933637499809265 
v 0.05553846061229706 4.856749057769775 -0.2923811376094818 
v 0.05553846061229706 4.848526954650879 -0.29512670636177063 
v 0.05553846061229706 4.840305328369141 -0.2923811376094818 
v 0.06164553761482239 4.848526954650879 -0.2947221100330353 
v 0.06031528487801552 4.842433929443359 -0.2933637499809265 
v 0.062492065131664276 4.840305328369141 -0.291167289018631 
v 0.06485024094581604 4.848526954650879 -0.2934793531894684 
v 0.06031528487801552 4.8546142578125 -0.2933637499809265 
v 0.062492065131664276 4.856749057769775 -0.291167289018631 
v 0.062492065131664276 4.840305328369141 -0.291167289018631 
v 0.06472931057214737 4.842433929443359 -0.28897082805633545 
v 0.06485024094581604 4.848526954650879 -0.2934793531894684 
v 0.06605956703424454 4.848526954650879 -0.2903291881084442 
v 0.062492065131664276 4.856749057769775 -0.291167289018631 
v 0.06472931057214737 4.8546142578125 -0.28897082805633545 
v 0.06370138376951218 4.856749057769775 -0.28417330980300903 
v 0.06648282706737518 4.848526954650879 -0.28417330980300903 
v 0.06370138376951218 4.840305328369141 -0.28417330980300903 
v 0.06605956703424454 4.848526954650879 -0.27801743149757385 
v 0.06472931057214737 4.842433929443359 -0.27934688329696655 
v 0.062492065131664276 4.840305328369141 -0.2771793007850647 
v 0.06485024094581604 4.848526954650879 -0.2748672366142273 
v 0.06472931057214737 4.8546142578125 -0.27934688329696655 
v 0.062492065131664276 4.856749057769775 -0.2771793007850647 
v 0.0485243946313858 4.856749057769775 -0.291167289018631 
v 0.04628714919090271 4.8546142578125 -0.28897082805633545 
v 0.04616621509194374 4.848526954650879 -0.2934793531894684 
v 0.04495689645409584 4.848526954650879 -0.2903291881084442 
v 0.0485243946313858 4.840305328369141 -0.291167289018631 
v 0.04628714919090271 4.842433929443359 -0.28897082805633545 
v 0.047315072268247604 4.840305328369141 -0.28417330980300903 
v 0.044533632695674896 4.848526954650879 -0.28417330980300903 
v 0.047315072268247604 4.856749057769775 -0.28417330980300903 
v 0.04495689645409584 4.848526954650879 -0.27801743149757385 
v 0.04628714919090271 4.8546142578125 -0.27934688329696655 
v 0.0485243946313858 4.856749057769775 -0.2771793007850647 
v 0.04616621509194374 4.848526954650879 -0.2748672366142273 
v 0.04628714919090271 4.842433929443359 -0.27934688329696655 
v 0.0485243946313858 4.840305328369141 -0.2771793007850647 
v 0.0485243946313858 4.856749057769775 -0.2771793007850647 
v 0.04628714919090271 4.8546142578125 -0.27934688329696655 
v 0.05553846061229706 4.859487533569336 -0.28417330980300903 
v 0.047315072268247604 4.856749057769775 -0.28417330980300903 
v 0.05070117488503456 4.8546142578125 -0.27498283982276917 
v 0.05553846061229706 4.856749057769775 -0.2759365737438202 
v 0.06031528487801552 4.8546142578125 -0.27498283982276917 
v 0.062492065131664276 4.856749057769775 -0.2771793007850647 
v 0.06472931057214737 4.8546142578125 -0.27934688329696655 
v 0.06370138376951218 4.856749057769775 -0.28417330980300903 
v 0.06472931057214737 4.8546142578125 -0.28897082805633545 
v 0.062492065131664276 4.856749057769775 -0.291167289018631 
v 0.06031528487801552 4.8546142578125 -0.2933637499809265 
v 0.05553846061229706 4.856749057769775 -0.2923811376094818 
v 0.05070117488503456 4.8546142578125 -0.2933637499809265 
v 0.0485243946313858 4.856749057769775 -0.291167289018631 
v 0.04628714919090271 4.8546142578125 -0.28897082805633545 
v 0.0485243946313858 4.840305328369141 -0.291167289018631 
v 0.04628714919090271 4.842433929443359 -0.28897082805633545 
v 0.05553846061229706 4.837560653686523 -0.28417330980300903 
v 0.047315072268247604 4.840305328369141 -0.28417330980300903 
v 0.05070117488503456 4.842433929443359 -0.2933637499809265 
v 0.05553846061229706 4.840305328369141 -0.2923811376094818 
v 0.06031528487801552 4.842433929443359 -0.2933637499809265 
v 0.062492065131664276 4.840305328369141 -0.291167289018631 
v 0.06472931057214737 4.842433929443359 -0.28897082805633545 
v 0.06370138376951218 4.840305328369141 -0.28417330980300903 
v 0.06472931057214737 4.842433929443359 -0.27934688329696655 
v 0.062492065131664276 4.840305328369141 -0.2771793007850647 
v 0.06031528487801552 4.842433929443359 -0.27498283982276917 
v 0.05553846061229706 4.840305328369141 -0.2759365737438202 
v 0.05070117488503456 4.842433929443359 -0.27498283982276917 
v 0.0485243946313858 4.840305328369141 -0.2771793007850647 
v 0.04628714919090271 4.842433929443359 -0.27934688329696655 
v 0.967911422252655 4.670907497406006 0.5270432233810425 
v 0.9691207408905029 4.669651031494141 0.5280547738075256 
v 0.9673672318458557 4.666077136993408 0.5286328196525574 
v 0.9688184261322021 4.666077136993408 0.5289795994758606 
v 0.967911422252655 4.661240100860596 0.5270432233810425 
v 0.9691207408905029 4.662496566772461 0.5280547738075256 
v 0.9708743095397949 4.661240100860596 0.5269565582275391 
v 0.971297562122345 4.666077136993408 0.5285171866416931 
v 0.9728696942329407 4.662496566772461 0.5269565582275391 
v 0.9736557006835938 4.666077136993408 0.5275634527206421 
v 0.9708743095397949 4.670907497406006 0.5269565582275391 
v 0.9728696942329407 4.669651031494141 0.5269565582275391 
v 0.9660974740982056 4.669651031494141 0.5176793932914734 
v 0.9681532979011536 4.670907497406006 0.5176793932914734 
v 0.96537184715271 4.666077136993408 0.5170724987983704 
v 0.9677300453186035 4.666077136993408 0.5161187648773193 
v 0.9660974740982056 4.662496566772461 0.5176793932914734 
v 0.9681532979011536 4.661240100860596 0.5176793932914734 
v 0.9702091813087463 4.666077136993408 0.5156563520431519 
v 0.9699068069458008 4.662496566772461 0.5165811777114868 
v 0.9711161255836487 4.661240100860596 0.5175637602806091 
v 0.971660315990448 4.666077136993408 0.5160031318664551 
v 0.9699068069458008 4.669651031494141 0.5165811777114868 
v 0.9711161255836487 4.670907497406006 0.5175637602806091 
v 0.9711161255836487 4.661240100860596 0.5175637602806091 
v 0.9723254442214966 4.662496566772461 0.5185464024543762 
v 0.971660315990448 4.666077136993408 0.5160031318664551 
v 0.9726278185844421 4.666077136993408 0.5176215767860413 
v 0.97383713722229 4.666077136993408 0.5210607647895813 
v 0.9727487564086914 4.670907497406006 0.5213786959648132 
v 0.9694835543632507 4.659629821777344 0.5223035216331482 
v 0.9727487564086914 4.661240100860596 0.5213786959648132 
v 0.9738975763320923 4.662496566772461 0.5239797830581665 
v 0.9746836423873901 4.666077136993408 0.5245866775512695 
v 0.97341388463974 4.661240100860596 0.5254536867141724 
v 0.9746836423873901 4.666077136993408 0.5265230536460876 
v 0.9728696942329407 4.662496566772461 0.5269565582275391 
v 0.9736557006835938 4.666077136993408 0.5275634527206421 
v 0.97341388463974 4.670907497406006 0.5254536867141724 
v 0.9728696942329407 4.669651031494141 0.5269565582275391 
v 0.9738975763320923 4.669651031494141 0.5239797830581665 
v 0.9694835543632507 4.672517776489258 0.5223035216331482 
v 0.9723254442214966 4.669651031494141 0.5185464024543762 
v 0.9711161255836487 4.670907497406006 0.5175637602806091 
v 0.967911422252655 4.661240100860596 0.5270432233810425 
v 0.9694835543632507 4.659629821777344 0.5223035216331482 
v 0.9667021036148071 4.662496566772461 0.5260895490646362 
v 0.9662788510322571 4.661240100860596 0.5232572555541992 
v 0.9651904702186584 4.666077136993408 0.5235751271247864 
v 0.9643439650535583 4.666077136993408 0.5200492739677429 
v 0.9651300311088562 4.669651031494141 0.520656168460846 
v 0.9662788510322571 4.670907497406006 0.5232572555541992 
v 0.9663393497467041 4.666077136993408 0.5269854664802551 
v 0.9667021036148071 4.669651031494141 0.5260895490646362 
v 0.967911422252655 4.670907497406006 0.5270432233810425 
v 0.9694835543632507 4.672517776489258 0.5223035216331482 
v 0.9656137228012085 4.670907497406006 0.519153356552124 
v 0.9642834663391113 4.666077136993408 0.5181128978729248 
v 0.96537184715271 4.666077136993408 0.5170724987983704 
v 0.9660974740982056 4.662496566772461 0.5176793932914734 
v 0.9656137228012085 4.661240100860596 0.519153356552124 
v 0.9651300311088562 4.662496566772461 0.520656168460846 
v 0.9673672318458557 4.666077136993408 0.5286328196525574 
v 0.9660974740982056 4.669651031494141 0.5176793932914734 
v 0.967911422252655 4.670907497406006 0.5270432233810425 
v 0.9691207408905029 4.669651031494141 0.5280547738075256 
v 0.9694835543632507 4.672517776489258 0.5223035216331482 
v 0.9708743095397949 4.670907497406006 0.5269565582275391 
v 0.9728696942329407 4.669651031494141 0.5269565582275391 
v 0.97341388463974 4.670907497406006 0.5254536867141724 
v 0.9711161255836487 4.670907497406006 0.5175637602806091 
v 0.9694835543632507 4.672517776489258 0.5223035216331482 
v 0.9699068069458008 4.669651031494141 0.5165811777114868 
v 0.9681532979011536 4.670907497406006 0.5176793932914734 
v 0.9660974740982056 4.669651031494141 0.5176793932914734 
v 0.9656137228012085 4.670907497406006 0.519153356552124 
v 0.9656137228012085 4.661240100860596 0.519153356552124 
v 0.9694835543632507 4.659629821777344 0.5223035216331482 
v 0.9660974740982056 4.662496566772461 0.5176793932914734 
v 0.9681532979011536 4.661240100860596 0.5176793932914734 
v 0.9699068069458008 4.662496566772461 0.5165811777114868 
v 0.9711161255836487 4.661240100860596 0.5175637602806091 
v 0.97341388463974 4.661240100860596 0.5254536867141724 
v 0.9694835543632507 4.659629821777344 0.5223035216331482 
v 0.9728696942329407 4.662496566772461 0.5269565582275391 
v 0.9708743095397949 4.661240100860596 0.5269565582275391 
v 0.9691207408905029 4.662496566772461 0.5280547738075256 
v 0.967911422252655 4.661240100860596 0.5270432233810425 
v 0.9740185141563416 4.670907497406006 0.5416670441627502 
v 0.9752278327941895 4.669651031494141 0.5426496863365173 
v 0.9734743237495422 4.666077136993408 0.5432276725769043 
v 0.9749255180358887 4.666077136993408 0.5435745120048523 
v 0.9740185141563416 4.661240100860596 0.5416670441627502 
v 0.9752278327941895 4.662496566772461 0.5426496863365173 
v 0.9769813418388367 4.661240100860596 0.5415514707565308 
v 0.9774045944213867 4.666077136993408 0.5431120991706848 
v 0.9790372252464294 4.662496566772461 0.5415514707565308 
v 0.9797627925872803 4.666077136993408 0.5421583652496338 
v 0.9769813418388367 4.670907497406006 0.5415514707565308 
v 0.9790372252464294 4.669651031494141 0.5415514707565308 
v 0.9722650051116943 4.669651031494141 0.5322743058204651 
v 0.9743208289146423 4.670907497406006 0.5322743058204651 
v 0.9714789390563965 4.666077136993408 0.5316673517227173 
v 0.97383713722229 4.666077136993408 0.530713677406311 
v 0.9722650051116943 4.662496566772461 0.5322743058204651 
v 0.9743208289146423 4.661240100860596 0.5322743058204651 
v 0.9763162136077881 4.666077136993408 0.5302512645721436 
v 0.9760138988494873 4.662496566772461 0.5311760902404785 
v 0.9772232174873352 4.661240100860596 0.5321586728096008 
v 0.9777674078941345 4.666077136993408 0.5305980443954468 
v 0.9760138988494873 4.669651031494141 0.5311760902404785 
v 0.9772232174873352 4.670907497406006 0.5321586728096008 
v 0.9772232174873352 4.661240100860596 0.5321586728096008 
v 0.9784930348396301 4.662496566772461 0.5331413149833679 
v 0.9777674078941345 4.666077136993408 0.5305980443954468 
v 0.9787953495979309 4.666077136993408 0.532216489315033 
v 0.9799441695213318 4.666077136993408 0.535655677318573 
v 0.9788557887077332 4.670907497406006 0.5359736084938049 
v 0.9756510853767395 4.659629821777344 0.5368984341621399 
v 0.9788557887077332 4.661240100860596 0.5359736084938049 
v 0.980065107345581 4.662496566772461 0.5385746955871582 
v 0.9807907342910767 4.666077136993408 0.5391815900802612 
v 0.9795209169387817 4.661240100860596 0.5400485992431641 
v 0.9808511734008789 4.666077136993408 0.5411179661750793 
v 0.9790372252464294 4.662496566772461 0.5415514707565308 
v 0.9797627925872803 4.666077136993408 0.5421583652496338 
v 0.9795209169387817 4.670907497406006 0.5400485992431641 
v 0.9790372252464294 4.669651031494141 0.5415514707565308 
v 0.980065107345581 4.669651031494141 0.5385746955871582 
v 0.9756510853767395 4.672517776489258 0.5368984341621399 
v 0.9784930348396301 4.669651031494141 0.5331413149833679 
v 0.9772232174873352 4.670907497406006 0.5321586728096008 
v 0.9740185141563416 4.661240100860596 0.5416670441627502 
v 0.9756510853767395 4.659629821777344 0.5368984341621399 
v 0.9728091955184937 4.662496566772461 0.5406844019889832 
v 0.9723859429359436 4.661240100860596 0.5378521680831909 
v 0.9713580012321472 4.666077136993408 0.5381700396537781 
v 0.9705114960670471 4.666077136993408 0.5346441864967346 
v 0.971237063407898 4.669651031494141 0.5352510809898376 
v 0.9723859429359436 4.670907497406006 0.5378521680831909 
v 0.9725068807601929 4.666077136993408 0.5416092276573181 
v 0.9728091955184937 4.669651031494141 0.5406844019889832 
v 0.9740185141563416 4.670907497406006 0.5416670441627502 
v 0.9756510853767395 4.672517776489258 0.5368984341621399 
v 0.971720814704895 4.670907497406006 0.533777117729187 
v 0.9704509973526001 4.666077136993408 0.5327078104019165 
v 0.9714789390563965 4.666077136993408 0.5316673517227173 
v 0.9722650051116943 4.662496566772461 0.5322743058204651 
v 0.971720814704895 4.661240100860596 0.533777117729187 
v 0.971237063407898 4.662496566772461 0.5352510809898376 
v 0.9734743237495422 4.666077136993408 0.5432276725769043 
v 0.9722650051116943 4.669651031494141 0.5322743058204651 
v 0.9740185141563416 4.670907497406006 0.5416670441627502 
v 0.9752278327941895 4.669651031494141 0.5426496863365173 
v 0.9756510853767395 4.672517776489258 0.5368984341621399 
v 0.9769813418388367 4.670907497406006 0.5415514707565308 
v 0.9790372252464294 4.669651031494141 0.5415514707565308 
v 0.9795209169387817 4.670907497406006 0.5400485992431641 
v 0.9772232174873352 4.670907497406006 0.5321586728096008 
v 0.9756510853767395 4.672517776489258 0.5368984341621399 
v 0.9760138988494873 4.669651031494141 0.5311760902404785 
v 0.9743208289146423 4.670907497406006 0.5322743058204651 
v 0.9722650051116943 4.669651031494141 0.5322743058204651 
v 0.971720814704895 4.670907497406006 0.533777117729187 
v 0.971720814704895 4.661240100860596 0.533777117729187 
v 0.9756510853767395 4.659629821777344 0.5368984341621399 
v 0.9722650051116943 4.662496566772461 0.5322743058204651 
v 0.9743208289146423 4.661240100860596 0.5322743058204651 
v 0.9760138988494873 4.662496566772461 0.5311760902404785 
v 0.9772232174873352 4.661240100860596 0.5321586728096008 
v 0.9795209169387817 4.661240100860596 0.5400485992431641 
v 0.9756510853767395 4.659629821777344 0.5368984341621399 
v 0.9790372252464294 4.662496566772461 0.5415514707565308 
v 0.9769813418388367 4.661240100860596 0.5415514707565308 
v 0.9752278327941895 4.662496566772461 0.5426496863365173 
v 0.9740185141563416 4.661240100860596 0.5416670441627502 
v 0.9794604778289795 4.670907497406006 0.5561463832855225 
v 0.9806697964668274 4.669651031494141 0.5571578741073608 
v 0.9789162874221802 4.666077136993408 0.5577359199523926 
v 0.9803674817085266 4.666077136993408 0.5580537915229797 
v 0.9794604778289795 4.661240100860596 0.5561463832855225 
v 0.9806697964668274 4.662496566772461 0.5571578741073608 
v 0.9824233055114746 4.661240100860596 0.5560596585273743 
v 0.9828465580940247 4.666077136993408 0.5575913786888123 
v 0.9844791293144226 4.662496566772461 0.5560596585273743 
v 0.9852047562599182 4.666077136993408 0.5566665530204773 
v 0.9824233055114746 4.670907497406006 0.5560596585273743 
v 0.9844791293144226 4.669651031494141 0.5560596585273743 
v 0.9776464700698853 4.669651031494141 0.5467535853385925 
v 0.979702353477478 4.670907497406006 0.5467535853385925 
v 0.9769209027290344 4.666077136993408 0.5461466908454895 
v 0.979279100894928 4.666077136993408 0.5452218651771545 
v 0.9776464700698853 4.662496566772461 0.5467535853385925 
v 0.979702353477478 4.661240100860596 0.5467535853385925 
v 0.981758177280426 4.666077136993408 0.5447594523429871 
v 0.9814558625221252 4.662496566772461 0.545655369758606 
v 0.9826651811599731 4.661240100860596 0.5466669201850891 
v 0.9832093715667725 4.666077136993408 0.5450773239135742 
v 0.9814558625221252 4.669651031494141 0.545655369758606 
v 0.9826651811599731 4.670907497406006 0.5466669201850891 
v 0.9826651811599731 4.661240100860596 0.5466669201850891 
v 0.983874499797821 4.662496566772461 0.5476495027542114 
v 0.9832093715667725 4.666077136993408 0.5450773239135742 
v 0.9841768145561218 4.666077136993408 0.5467246770858765 
v 0.9853861331939697 4.666077136993408 0.5501638650894165 
v 0.9842977523803711 4.670907497406006 0.5504817962646484 
v 0.9810326099395752 4.659629821777344 0.5514066219329834 
v 0.9842977523803711 4.661240100860596 0.5504817962646484 
v 0.9854466319084167 4.662496566772461 0.5530828833580017 
v 0.9862326979637146 4.666077136993408 0.5536897778511047 
v 0.9849628806114197 4.661240100860596 0.5545567870140076 
v 0.9862326979637146 4.666077136993408 0.5555972456932068 
v 0.9844791293144226 4.662496566772461 0.5560596585273743 
v 0.9852047562599182 4.666077136993408 0.5566665530204773 
v 0.9849628806114197 4.670907497406006 0.5545567870140076 
v 0.9844791293144226 4.669651031494141 0.5560596585273743 
v 0.9854466319084167 4.669651031494141 0.5530828833580017 
v 0.9810326099395752 4.672517776489258 0.5514066219329834 
v 0.983874499797821 4.669651031494141 0.5476495027542114 
v 0.9826651811599731 4.670907497406006 0.5466669201850891 
v 0.9794604778289795 4.661240100860596 0.5561463832855225 
v 0.9810326099395752 4.659629821777344 0.5514066219329834 
v 0.9782511591911316 4.662496566772461 0.5551637411117554 
v 0.9778279066085815 4.661240100860596 0.5523314476013184 
v 0.9767394661903381 4.666077136993408 0.5526493787765503 
v 0.975892961025238 4.666077136993408 0.5491234660148621 
v 0.9766790270805359 4.669651031494141 0.5497303605079651 
v 0.9778279066085815 4.670907497406006 0.5523314476013184 
v 0.9779488444328308 4.666077136993408 0.5560885667800903 
v 0.9782511591911316 4.669651031494141 0.5551637411117554 
v 0.9794604778289795 4.670907497406006 0.5561463832855225 
v 0.9810326099395752 4.672517776489258 0.5514066219329834 
v 0.977162778377533 4.670907497406006 0.5482564568519592 
v 0.975892961025238 4.666077136993408 0.54721599817276 
v 0.9769209027290344 4.666077136993408 0.5461466908454895 
v 0.9776464700698853 4.662496566772461 0.5467535853385925 
v 0.977162778377533 4.661240100860596 0.5482564568519592 
v 0.9766790270805359 4.662496566772461 0.5497303605079651 
v 0.9789162874221802 4.666077136993408 0.5577359199523926 
v 0.9776464700698853 4.669651031494141 0.5467535853385925 
v 0.9794604778289795 4.670907497406006 0.5561463832855225 
v 0.9806697964668274 4.669651031494141 0.5571578741073608 
v 0.9810326099395752 4.672517776489258 0.5514066219329834 
v 0.9824233055114746 4.670907497406006 0.5560596585273743 
v 0.9844791293144226 4.669651031494141 0.5560596585273743 
v 0.9849628806114197 4.670907497406006 0.5545567870140076 
v 0.9826651811599731 4.670907497406006 0.5466669201850891 
v 0.9810326099395752 4.672517776489258 0.5514066219329834 
v 0.9814558625221252 4.669651031494141 0.545655369758606 
v 0.979702353477478 4.670907497406006 0.5467535853385925 
v 0.9776464700698853 4.669651031494141 0.5467535853385925 
v 0.977162778377533 4.670907497406006 0.5482564568519592 
v 0.977162778377533 4.661240100860596 0.5482564568519592 
v 0.9810326099395752 4.659629821777344 0.5514066219329834 
v 0.9776464700698853 4.662496566772461 0.5467535853385925 
v 0.979702353477478 4.661240100860596 0.5467535853385925 
v 0.9814558625221252 4.662496566772461 0.545655369758606 
v 0.9826651811599731 4.661240100860596 0.5466669201850891 
v 0.9849628806114197 4.661240100860596 0.5545567870140076 
v 0.9810326099395752 4.659629821777344 0.5514066219329834 
v 0.9844791293144226 4.662496566772461 0.5560596585273743 
v 0.9824233055114746 4.661240100860596 0.5560596585273743 
v 0.9806697964668274 4.662496566772461 0.5571578741073608 
v 0.9794604778289795 4.661240100860596 0.5561463832855225 
v 0.0485243946313858 4.856749057769775 -0.3159931004047394 
v 0.05070117488503456 4.8546142578125 -0.31379663944244385 
v 0.04616621509194374 4.848526954650879 -0.3136521279811859 
v 0.04937091842293739 4.848526954650879 -0.3124382793903351 
v 0.0485243946313858 4.840305328369141 -0.3159931004047394 
v 0.05070117488503456 4.842433929443359 -0.31379663944244385 
v 0.05553846061229706 4.840305328369141 -0.3147503435611725 
v 0.05553846061229706 4.848526954650879 -0.31200477480888367 
v 0.05553846061229706 4.856749057769775 -0.3147503435611725 
v 0.06164553761482239 4.848526954650879 -0.3124382793903351 
v 0.06031528487801552 4.8546142578125 -0.31379663944244385 
v 0.062492065131664276 4.856749057769775 -0.3159931004047394 
v 0.06485024094581604 4.848526954650879 -0.3136521279811859 
v 0.06031528487801552 4.842433929443359 -0.31379663944244385 
v 0.062492065131664276 4.840305328369141 -0.3159931004047394 
v 0.0485243946313858 4.840305328369141 -0.3299810588359833 
v 0.05070117488503456 4.842433929443359 -0.3321775197982788 
v 0.04616621509194374 4.848526954650879 -0.3322931230068207 
v 0.04937091842293739 4.848526954650879 -0.3335358798503876 
v 0.0485243946313858 4.856749057769775 -0.3299810588359833 
v 0.05070117488503456 4.8546142578125 -0.3321775197982788 
v 0.05553846061229706 4.856749057769775 -0.3311949074268341 
v 0.05553846061229706 4.848526954650879 -0.3339404761791229 
v 0.05553846061229706 4.840305328369141 -0.3311949074268341 
v 0.06164553761482239 4.848526954650879 -0.3335358798503876 
v 0.06031528487801552 4.842433929443359 -0.3321775197982788 
v 0.062492065131664276 4.840305328369141 -0.3299810588359833 
v 0.06485024094581604 4.848526954650879 -0.3322931230068207 
v 0.06031528487801552 4.8546142578125 -0.3321775197982788 
v 0.062492065131664276 4.856749057769775 -0.3299810588359833 
v 0.062492065131664276 4.840305328369141 -0.3299810588359833 
v 0.06472931057214737 4.842433929443359 -0.32778462767601013 
v 0.06485024094581604 4.848526954650879 -0.3322931230068207 
v 0.06605956703424454 4.848526954650879 -0.3291429579257965 
v 0.062492065131664276 4.856749057769775 -0.3299810588359833 
v 0.06472931057214737 4.8546142578125 -0.32778462767601013 
v 0.06370138376951218 4.856749057769775 -0.32298707962036133 
v 0.06648282706737518 4.848526954650879 -0.32298707962036133 
v 0.06370138376951218 4.840305328369141 -0.32298707962036133 
v 0.06605956703424454 4.848526954650879 -0.31680232286453247 
v 0.06472931057214737 4.842433929443359 -0.31816065311431885 
v 0.062492065131664276 4.840305328369141 -0.3159931004047394 
v 0.06485024094581604 4.848526954650879 -0.3136521279811859 
v 0.06472931057214737 4.8546142578125 -0.31816065311431885 
v 0.062492065131664276 4.856749057769775 -0.3159931004047394 
v 0.0485243946313858 4.856749057769775 -0.3299810588359833 
v 0.04628714919090271 4.8546142578125 -0.32778462767601013 
v 0.04616621509194374 4.848526954650879 -0.3322931230068207 
v 0.04495689645409584 4.848526954650879 -0.3291429579257965 
v 0.0485243946313858 4.840305328369141 -0.3299810588359833 
v 0.04628714919090271 4.842433929443359 -0.32778462767601013 
v 0.047315072268247604 4.840305328369141 -0.32298707962036133 
v 0.044533632695674896 4.848526954650879 -0.32298707962036133 
v 0.047315072268247604 4.856749057769775 -0.32298707962036133 
v 0.04495689645409584 4.848526954650879 -0.31680232286453247 
v 0.04628714919090271 4.8546142578125 -0.31816065311431885 
v 0.0485243946313858 4.856749057769775 -0.3159931004047394 
v 0.04616621509194374 4.848526954650879 -0.3136521279811859 
v 0.04628714919090271 4.842433929443359 -0.31816065311431885 
v 0.0485243946313858 4.840305328369141 -0.3159931004047394 
v 0.0485243946313858 4.856749057769775 -0.3159931004047394 
v 0.04628714919090271 4.8546142578125 -0.31816065311431885 
v 0.05553846061229706 4.859487533569336 -0.32298707962036133 
v 0.047315072268247604 4.856749057769775 -0.32298707962036133 
v 0.05070117488503456 4.8546142578125 -0.31379663944244385 
v 0.05553846061229706 4.856749057769775 -0.3147503435611725 
v 0.06031528487801552 4.8546142578125 -0.31379663944244385 
v 0.062492065131664276 4.856749057769775 -0.3159931004047394 
v 0.06472931057214737 4.8546142578125 -0.31816065311431885 
v 0.06370138376951218 4.856749057769775 -0.32298707962036133 
v 0.06472931057214737 4.8546142578125 -0.32778462767601013 
v 0.062492065131664276 4.856749057769775 -0.3299810588359833 
v 0.06031528487801552 4.8546142578125 -0.3321775197982788 
v 0.05553846061229706 4.856749057769775 -0.3311949074268341 
v 0.05070117488503456 4.8546142578125 -0.3321775197982788 
v 0.0485243946313858 4.856749057769775 -0.3299810588359833 
v 0.04628714919090271 4.8546142578125 -0.32778462767601013 
v 0.0485243946313858 4.840305328369141 -0.3299810588359833 
v 0.04628714919090271 4.842433929443359 -0.32778462767601013 
v 0.05553846061229706 4.837560653686523 -0.32298707962036133 
v 0.047315072268247604 4.840305328369141 -0.32298707962036133 
v 0.05070117488503456 4.842433929443359 -0.3321775197982788 
v 0.05553846061229706 4.840305328369141 -0.3311949074268341 
v 0.06031528487801552 4.842433929443359 -0.3321775197982788 
v 0.062492065131664276 4.840305328369141 -0.3299810588359833 
v 0.06472931057214737 4.842433929443359 -0.32778462767601013 
v 0.06370138376951218 4.840305328369141 -0.32298707962036133 
v 0.06472931057214737 4.842433929443359 -0.31816065311431885 
v 0.062492065131664276 4.840305328369141 -0.3159931004047394 
v 0.06031528487801552 4.842433929443359 -0.31379663944244385 
v 0.05553846061229706 4.840305328369141 -0.3147503435611725 
v 0.05070117488503456 4.842433929443359 -0.31379663944244385 
v 0.0485243946313858 4.840305328369141 -0.3159931004047394 
v 0.04628714919090271 4.842433929443359 -0.31816065311431885 
v -0.013453357852995396 4.856749057769775 -0.3159931004047394 
v -0.011276578530669212 4.8546142578125 -0.31379663944244385 
v -0.0157510694116354 4.848526954650879 -0.3136521279811859 
v -0.012606832198798656 4.848526954650879 -0.3124382793903351 
v -0.013453357852995396 4.840305328369141 -0.3159931004047394 
v -0.011276578530669212 4.842433929443359 -0.31379663944244385 
v -0.006439290475100279 4.840305328369141 -0.3147503435611725 
v -0.006439290475100279 4.848526954650879 -0.31200477480888367 
v -0.006439290475100279 4.856749057769775 -0.3147503435611725 
v -0.0002717481111176312 4.848526954650879 -0.3124382793903351 
v -0.0016624684212729335 4.8546142578125 -0.31379663944244385 
v 0.0005143111920915544 4.856749057769775 -0.3159931004047394 
v 0.002872489159926772 4.848526954650879 -0.3136521279811859 
v -0.0016624684212729335 4.842433929443359 -0.31379663944244385 
v 0.0005143111920915544 4.840305328369141 -0.3159931004047394 
v -0.013453357852995396 4.840305328369141 -0.3299810588359833 
v -0.011276578530669212 4.842433929443359 -0.3321775197982788 
v -0.0157510694116354 4.848526954650879 -0.3322931230068207 
v -0.012606832198798656 4.848526954650879 -0.3335358798503876 
v -0.013453357852995396 4.856749057769775 -0.3299810588359833 
v -0.011276578530669212 4.8546142578125 -0.3321775197982788 
v -0.006439290475100279 4.856749057769775 -0.3311949074268341 
v -0.006439290475100279 4.848526954650879 -0.3339404761791229 
v -0.006439290475100279 4.840305328369141 -0.3311949074268341 
v -0.0002717481111176312 4.848526954650879 -0.3335358798503876 
v -0.0016624684212729335 4.842433929443359 -0.3321775197982788 
v 0.0005143111920915544 4.840305328369141 -0.3299810588359833 
v 0.002872489159926772 4.848526954650879 -0.3322931230068207 
v -0.0016624684212729335 4.8546142578125 -0.3321775197982788 
v 0.0005143111920915544 4.856749057769775 -0.3299810588359833 
v 0.0005143111920915544 4.840305328369141 -0.3299810588359833 
v 0.0027515569236129522 4.842433929443359 -0.32778462767601013 
v 0.002872489159926772 4.848526954650879 -0.3322931230068207 
v 0.004081811290234327 4.848526954650879 -0.3291429579257965 
v 0.0005143111920915544 4.856749057769775 -0.3299810588359833 
v 0.0027515569236129522 4.8546142578125 -0.32778462767601013 
v 0.0017840992659330368 4.856749057769775 -0.32298707962036133 
v 0.00450507365167141 4.848526954650879 -0.32298707962036133 
v 0.0017840992659330368 4.840305328369141 -0.32298707962036133 
v 0.004081811290234327 4.848526954650879 -0.31680232286453247 
v 0.0027515569236129522 4.842433929443359 -0.31816065311431885 
v 0.0005143111920915544 4.840305328369141 -0.3159931004047394 
v 0.002872489159926772 4.848526954650879 -0.3136521279811859 
v 0.0027515569236129522 4.8546142578125 -0.31816065311431885 
v 0.0005143111920915544 4.856749057769775 -0.3159931004047394 
v -0.013453357852995396 4.856749057769775 -0.3299810588359833 
v -0.01563013717532158 4.8546142578125 -0.32778462767601013 
v -0.0157510694116354 4.848526954650879 -0.3322931230068207 
v -0.017020856961607933 4.848526954650879 -0.3291429579257965 
v -0.013453357852995396 4.840305328369141 -0.3299810588359833 
v -0.01563013717532158 4.842433929443359 -0.32778462767601013 
v -0.014662680216133595 4.840305328369141 -0.32298707962036133 
v -0.017383653670549393 4.848526954650879 -0.32298707962036133 
v -0.014662680216133595 4.856749057769775 -0.32298707962036133 
v -0.017020856961607933 4.848526954650879 -0.31680232286453247 
v -0.01563013717532158 4.8546142578125 -0.31816065311431885 
v -0.013453357852995396 4.856749057769775 -0.3159931004047394 
v -0.0157510694116354 4.848526954650879 -0.3136521279811859 
v -0.01563013717532158 4.842433929443359 -0.31816065311431885 
v -0.013453357852995396 4.840305328369141 -0.3159931004047394 
v -0.013453357852995396 4.856749057769775 -0.3159931004047394 
v -0.01563013717532158 4.8546142578125 -0.31816065311431885 
v -0.006439290475100279 4.859487533569336 -0.32298707962036133 
v -0.014662680216133595 4.856749057769775 -0.32298707962036133 
v -0.011276578530669212 4.8546142578125 -0.31379663944244385 
v -0.006439290475100279 4.856749057769775 -0.3147503435611725 
v -0.0016624684212729335 4.8546142578125 -0.31379663944244385 
v 0.0005143111920915544 4.856749057769775 -0.3159931004047394 
v 0.0027515569236129522 4.8546142578125 -0.31816065311431885 
v 0.0017840992659330368 4.856749057769775 -0.32298707962036133 
v 0.0027515569236129522 4.8546142578125 -0.32778462767601013 
v 0.0005143111920915544 4.856749057769775 -0.3299810588359833 
v -0.0016624684212729335 4.8546142578125 -0.3321775197982788 
v -0.006439290475100279 4.856749057769775 -0.3311949074268341 
v -0.011276578530669212 4.8546142578125 -0.3321775197982788 
v -0.013453357852995396 4.856749057769775 -0.3299810588359833 
v -0.01563013717532158 4.8546142578125 -0.32778462767601013 
v -0.013453357852995396 4.840305328369141 -0.3299810588359833 
v -0.01563013717532158 4.842433929443359 -0.32778462767601013 
v -0.006439290475100279 4.837560653686523 -0.32298707962036133 
v -0.014662680216133595 4.840305328369141 -0.32298707962036133 
v -0.011276578530669212 4.842433929443359 -0.3321775197982788 
v -0.006439290475100279 4.840305328369141 -0.3311949074268341 
v -0.0016624684212729335 4.842433929443359 -0.3321775197982788 
v 0.0005143111920915544 4.840305328369141 -0.3299810588359833 
v 0.0027515569236129522 4.842433929443359 -0.32778462767601013 
v 0.0017840992659330368 4.840305328369141 -0.32298707962036133 
v 0.0027515569236129522 4.842433929443359 -0.31816065311431885 
v 0.0005143111920915544 4.840305328369141 -0.3159931004047394 
v -0.0016624684212729335 4.842433929443359 -0.31379663944244385 
v -0.006439290475100279 4.840305328369141 -0.3147503435611725 
v -0.011276578530669212 4.842433929443359 -0.31379663944244385 
v -0.013453357852995396 4.840305328369141 -0.3159931004047394 
v -0.01563013717532158 4.842433929443359 -0.31816065311431885 
v 0.0485243946313858 4.856749057769775 -0.35633859038352966 
v 0.05070117488503456 4.8546142578125 -0.35411325097084045 
v 0.04616621509194374 4.848526954650879 -0.3539976477622986 
v 0.04937091842293739 4.848526954650879 -0.35278379917144775 
v 0.0485243946313858 4.840305328369141 -0.35633859038352966 
v 0.05070117488503456 4.842433929443359 -0.35411325097084045 
v 0.05553846061229706 4.840305328369141 -0.35509586334228516 
v 0.05553846061229706 4.848526954650879 -0.35235029458999634 
v 0.05553846061229706 4.856749057769775 -0.35509586334228516 
v 0.06164553761482239 4.848526954650879 -0.35278379917144775 
v 0.06031528487801552 4.8546142578125 -0.35411325097084045 
v 0.062492065131664276 4.856749057769775 -0.35633859038352966 
v 0.06485024094581604 4.848526954650879 -0.3539976477622986 
v 0.06031528487801552 4.842433929443359 -0.35411325097084045 
v 0.062492065131664276 4.840305328369141 -0.35633859038352966 
v 0.0485243946313858 4.840305328369141 -0.37029770016670227 
v 0.05070117488503456 4.842433929443359 -0.3725230395793915 
v 0.04616621509194374 4.848526954650879 -0.37263864278793335 
v 0.04937091842293739 4.848526954650879 -0.37388139963150024 
v 0.0485243946313858 4.856749057769775 -0.37029770016670227 
v 0.05070117488503456 4.8546142578125 -0.3725230395793915 
v 0.05553846061229706 4.856749057769775 -0.3715404272079468 
v 0.05553846061229706 4.848526954650879 -0.3742859959602356 
v 0.05553846061229706 4.840305328369141 -0.3715404272079468 
v 0.06164553761482239 4.848526954650879 -0.37388139963150024 
v 0.06031528487801552 4.842433929443359 -0.3725230395793915 
v 0.062492065131664276 4.840305328369141 -0.37029770016670227 
v 0.06485024094581604 4.848526954650879 -0.37263864278793335 
v 0.06031528487801552 4.8546142578125 -0.3725230395793915 
v 0.062492065131664276 4.856749057769775 -0.37029770016670227 
v 0.062492065131664276 4.840305328369141 -0.37029770016670227 
v 0.06472931057214737 4.842433929443359 -0.3681301176548004 
v 0.06485024094581604 4.848526954650879 -0.37263864278793335 
v 0.06605956703424454 4.848526954650879 -0.3694884777069092 
v 0.062492065131664276 4.856749057769775 -0.37029770016670227 
v 0.06472931057214737 4.8546142578125 -0.3681301176548004 
v 0.06370138376951218 4.856749057769775 -0.363332599401474 
v 0.06648282706737518 4.848526954650879 -0.363332599401474 
v 0.06370138376951218 4.840305328369141 -0.363332599401474 
v 0.06605956703424454 4.848526954650879 -0.35714781284332275 
v 0.06472931057214737 4.842433929443359 -0.3585061728954315 
v 0.062492065131664276 4.840305328369141 -0.35633859038352966 
v 0.06485024094581604 4.848526954650879 -0.3539976477622986 
v 0.06472931057214737 4.8546142578125 -0.3585061728954315 
v 0.062492065131664276 4.856749057769775 -0.35633859038352966 
v 0.0485243946313858 4.856749057769775 -0.37029770016670227 
v 0.04628714919090271 4.8546142578125 -0.3681301176548004 
v 0.04616621509194374 4.848526954650879 -0.37263864278793335 
v 0.04495689645409584 4.848526954650879 -0.3694884777069092 
v 0.0485243946313858 4.840305328369141 -0.37029770016670227 
v 0.04628714919090271 4.842433929443359 -0.3681301176548004 
v 0.047315072268247604 4.840305328369141 -0.363332599401474 
v 0.044533632695674896 4.848526954650879 -0.363332599401474 
v 0.047315072268247604 4.856749057769775 -0.363332599401474 
v 0.04495689645409584 4.848526954650879 -0.35714781284332275 
v 0.04628714919090271 4.8546142578125 -0.3585061728954315 
v 0.0485243946313858 4.856749057769775 -0.35633859038352966 
v 0.04616621509194374 4.848526954650879 -0.3539976477622986 
v 0.04628714919090271 4.842433929443359 -0.3585061728954315 
v 0.0485243946313858 4.840305328369141 -0.35633859038352966 
v 0.0485243946313858 4.856749057769775 -0.35633859038352966 
v 0.04628714919090271 4.8546142578125 -0.3585061728954315 
v 0.05553846061229706 4.859487533569336 -0.363332599401474 
v 0.047315072268247604 4.856749057769775 -0.363332599401474 
v 0.05070117488503456 4.8546142578125 -0.35411325097084045 
v 0.05553846061229706 4.856749057769775 -0.35509586334228516 
v 0.06031528487801552 4.8546142578125 -0.35411325097084045 
v 0.062492065131664276 4.856749057769775 -0.35633859038352966 
v 0.06472931057214737 4.8546142578125 -0.3585061728954315 
v 0.06370138376951218 4.856749057769775 -0.363332599401474 
v 0.06472931057214737 4.8546142578125 -0.3681301176548004 
v 0.062492065131664276 4.856749057769775 -0.37029770016670227 
v 0.06031528487801552 4.8546142578125 -0.3725230395793915 
v 0.05553846061229706 4.856749057769775 -0.3715404272079468 
v 0.05070117488503456 4.8546142578125 -0.3725230395793915 
v 0.0485243946313858 4.856749057769775 -0.37029770016670227 
v 0.04628714919090271 4.8546142578125 -0.3681301176548004 
v 0.0485243946313858 4.840305328369141 -0.37029770016670227 
v 0.04628714919090271 4.842433929443359 -0.3681301176548004 
v 0.05553846061229706 4.837560653686523 -0.363332599401474 
v 0.047315072268247604 4.840305328369141 -0.363332599401474 
v 0.05070117488503456 4.842433929443359 -0.3725230395793915 
v 0.05553846061229706 4.840305328369141 -0.3715404272079468 
v 0.06031528487801552 4.842433929443359 -0.3725230395793915 
v 0.062492065131664276 4.840305328369141 -0.37029770016670227 
v 0.06472931057214737 4.842433929443359 -0.3681301176548004 
v 0.06370138376951218 4.840305328369141 -0.363332599401474 
v 0.06472931057214737 4.842433929443359 -0.3585061728954315 
v 0.062492065131664276 4.840305328369141 -0.35633859038352966 
v 0.06031528487801552 4.842433929443359 -0.35411325097084045 
v 0.05553846061229706 4.840305328369141 -0.35509586334228516 
v 0.05070117488503456 4.842433929443359 -0.35411325097084045 
v 0.0485243946313858 4.840305328369141 -0.35633859038352966 
v 0.04628714919090271 4.842433929443359 -0.3585061728954315 
v -0.013453357852995396 4.856749057769775 -0.35633859038352966 
v -0.011276578530669212 4.8546142578125 -0.35411325097084045 
v -0.0157510694116354 4.848526954650879 -0.3539976477622986 
v -0.012606832198798656 4.848526954650879 -0.35278379917144775 
v -0.013453357852995396 4.840305328369141 -0.35633859038352966 
v -0.011276578530669212 4.842433929443359 -0.35411325097084045 
v -0.006439290475100279 4.840305328369141 -0.35509586334228516 
v -0.006439290475100279 4.848526954650879 -0.35235029458999634 
v -0.006439290475100279 4.856749057769775 -0.35509586334228516 
v -0.0002717481111176312 4.848526954650879 -0.35278379917144775 
v -0.0016624684212729335 4.8546142578125 -0.35411325097084045 
v 0.0005143111920915544 4.856749057769775 -0.35633859038352966 
v 0.002872489159926772 4.848526954650879 -0.3539976477622986 
v -0.0016624684212729335 4.842433929443359 -0.35411325097084045 
v 0.0005143111920915544 4.840305328369141 -0.35633859038352966 
v -0.013453357852995396 4.840305328369141 -0.37029770016670227 
v -0.011276578530669212 4.842433929443359 -0.3725230395793915 
v -0.0157510694116354 4.848526954650879 -0.37263864278793335 
v -0.012606832198798656 4.848526954650879 -0.37388139963150024 
v -0.013453357852995396 4.856749057769775 -0.37029770016670227 
v -0.011276578530669212 4.8546142578125 -0.3725230395793915 
v -0.006439290475100279 4.856749057769775 -0.3715404272079468 
v -0.006439290475100279 4.848526954650879 -0.3742859959602356 
v -0.006439290475100279 4.840305328369141 -0.3715404272079468 
v -0.0002717481111176312 4.848526954650879 -0.37388139963150024 
v -0.0016624684212729335 4.842433929443359 -0.3725230395793915 
v 0.0005143111920915544 4.840305328369141 -0.37029770016670227 
v 0.002872489159926772 4.848526954650879 -0.37263864278793335 
v -0.0016624684212729335 4.8546142578125 -0.3725230395793915 
v 0.0005143111920915544 4.856749057769775 -0.37029770016670227 
v 0.0005143111920915544 4.840305328369141 -0.37029770016670227 
v 0.0027515569236129522 4.842433929443359 -0.3681301176548004 
v 0.002872489159926772 4.848526954650879 -0.37263864278793335 
v 0.004081811290234327 4.848526954650879 -0.3694884777069092 
v 0.0005143111920915544 4.856749057769775 -0.37029770016670227 
v 0.0027515569236129522 4.8546142578125 -0.3681301176548004 
v 0.0017840992659330368 4.856749057769775 -0.363332599401474 
v 0.00450507365167141 4.848526954650879 -0.363332599401474 
v 0.0017840992659330368 4.840305328369141 -0.363332599401474 
v 0.004081811290234327 4.848526954650879 -0.35714781284332275 
v 0.0027515569236129522 4.842433929443359 -0.3585061728954315 
v 0.0005143111920915544 4.840305328369141 -0.35633859038352966 
v 0.002872489159926772 4.848526954650879 -0.3539976477622986 
v 0.0027515569236129522 4.8546142578125 -0.3585061728954315 
v 0.0005143111920915544 4.856749057769775 -0.35633859038352966 
v -0.013453357852995396 4.856749057769775 -0.37029770016670227 
v -0.01563013717532158 4.8546142578125 -0.3681301176548004 
v -0.0157510694116354 4.848526954650879 -0.37263864278793335 
v -0.017020856961607933 4.848526954650879 -0.3694884777069092 
v -0.013453357852995396 4.840305328369141 -0.37029770016670227 
v -0.01563013717532158 4.842433929443359 -0.3681301176548004 
v -0.014662680216133595 4.840305328369141 -0.363332599401474 
v -0.017383653670549393 4.848526954650879 -0.363332599401474 
v -0.014662680216133595 4.856749057769775 -0.363332599401474 
v -0.017020856961607933 4.848526954650879 -0.35714781284332275 
v -0.01563013717532158 4.8546142578125 -0.3585061728954315 
v -0.013453357852995396 4.856749057769775 -0.35633859038352966 
v -0.0157510694116354 4.848526954650879 -0.3539976477622986 
v -0.01563013717532158 4.842433929443359 -0.3585061728954315 
v -0.013453357852995396 4.840305328369141 -0.35633859038352966 
v -0.013453357852995396 4.856749057769775 -0.35633859038352966 
v -0.01563013717532158 4.8546142578125 -0.3585061728954315 
v -0.006439290475100279 4.859487533569336 -0.363332599401474 
v -0.014662680216133595 4.856749057769775 -0.363332599401474 
v -0.011276578530669212 4.8546142578125 -0.35411325097084045 
v -0.006439290475100279 4.856749057769775 -0.35509586334228516 
v -0.0016624684212729335 4.8546142578125 -0.35411325097084045 
v 0.0005143111920915544 4.856749057769775 -0.35633859038352966 
v 0.0027515569236129522 4.8546142578125 -0.3585061728954315 
v 0.0017840992659330368 4.856749057769775 -0.363332599401474 
v 0.0027515569236129522 4.8546142578125 -0.3681301176548004 
v 0.0005143111920915544 4.856749057769775 -0.37029770016670227 
v -0.0016624684212729335 4.8546142578125 -0.3725230395793915 
v -0.006439290475100279 4.856749057769775 -0.3715404272079468 
v -0.011276578530669212 4.8546142578125 -0.3725230395793915 
v -0.013453357852995396 4.856749057769775 -0.37029770016670227 
v -0.01563013717532158 4.8546142578125 -0.3681301176548004 
v -0.013453357852995396 4.840305328369141 -0.37029770016670227 
v -0.01563013717532158 4.842433929443359 -0.3681301176548004 
v -0.006439290475100279 4.837560653686523 -0.363332599401474 
v -0.014662680216133595 4.840305328369141 -0.363332599401474 
v -0.011276578530669212 4.842433929443359 -0.3725230395793915 
v -0.006439290475100279 4.840305328369141 -0.3715404272079468 
v -0.0016624684212729335 4.842433929443359 -0.3725230395793915 
v 0.0005143111920915544 4.840305328369141 -0.37029770016670227 
v 0.0027515569236129522 4.842433929443359 -0.3681301176548004 
v 0.0017840992659330368 4.840305328369141 -0.363332599401474 
v 0.0027515569236129522 4.842433929443359 -0.3585061728954315 
v 0.0005143111920915544 4.840305328369141 -0.35633859038352966 
v -0.0016624684212729335 4.842433929443359 -0.35411325097084045 
v -0.006439290475100279 4.840305328369141 -0.35509586334228516 
v -0.011276578530669212 4.842433929443359 -0.35411325097084045 
v -0.013453357852995396 4.840305328369141 -0.35633859038352966 
v -0.01563013717532158 4.842433929443359 -0.3585061728954315 
v -0.07416132092475891 4.856749057769775 -0.35633859038352966 
v -0.07198454439640045 4.8546142578125 -0.35411325097084045 
v -0.07651949673891068 4.848526954650879 -0.3539976477622986 
v -0.07331479340791702 4.848526954650879 -0.35278379917144775 
v -0.07416132092475891 4.840305328369141 -0.35633859038352966 
v -0.07198454439640045 4.842433929443359 -0.35411325097084045 
v -0.06714725494384766 4.840305328369141 -0.35509586334228516 
v -0.06714725494384766 4.848526954650879 -0.35235029458999634 
v -0.06714725494384766 4.856749057769775 -0.35509586334228516 
v -0.06097971275448799 4.848526954650879 -0.35278379917144775 
v -0.062370434403419495 4.8546142578125 -0.35411325097084045 
v -0.06019365414977074 4.856749057769775 -0.35633859038352966 
v -0.057835474610328674 4.848526954650879 -0.3539976477622986 
v -0.062370434403419495 4.842433929443359 -0.35411325097084045 
v -0.06019365414977074 4.840305328369141 -0.35633859038352966 
v -0.07416132092475891 4.840305328369141 -0.37029770016670227 
v -0.07198454439640045 4.842433929443359 -0.3725230395793915 
v -0.07651949673891068 4.848526954650879 -0.37263864278793335 
v -0.07331479340791702 4.848526954650879 -0.37388139963150024 
v -0.07416132092475891 4.856749057769775 -0.37029770016670227 
v -0.07198454439640045 4.8546142578125 -0.3725230395793915 
v -0.06714725494384766 4.856749057769775 -0.3715404272079468 
v -0.06714725494384766 4.848526954650879 -0.3742859959602356 
v -0.06714725494384766 4.840305328369141 -0.3715404272079468 
v -0.06097971275448799 4.848526954650879 -0.37388139963150024 
v -0.062370434403419495 4.842433929443359 -0.3725230395793915 
v -0.06019365414977074 4.840305328369141 -0.37029770016670227 
v -0.057835474610328674 4.848526954650879 -0.37263864278793335 
v -0.062370434403419495 4.8546142578125 -0.3725230395793915 
v -0.06019365414977074 4.856749057769775 -0.37029770016670227 
v -0.06019365414977074 4.840305328369141 -0.37029770016670227 
v -0.05795640870928764 4.842433929443359 -0.3681301176548004 
v -0.057835474610328674 4.848526954650879 -0.37263864278793335 
v -0.056626152247190475 4.848526954650879 -0.3694884777069092 
v -0.06019365414977074 4.856749057769775 -0.37029770016670227 
v -0.05795640870928764 4.8546142578125 -0.3681301176548004 
v -0.0589238665997982 4.856749057769775 -0.363332599401474 
v -0.05620289221405983 4.848526954650879 -0.363332599401474 
v -0.0589238665997982 4.840305328369141 -0.363332599401474 
v -0.056626152247190475 4.848526954650879 -0.35714781284332275 
v -0.05795640870928764 4.842433929443359 -0.3585061728954315 
v -0.06019365414977074 4.840305328369141 -0.35633859038352966 
v -0.057835474610328674 4.848526954650879 -0.3539976477622986 
v -0.05795640870928764 4.8546142578125 -0.3585061728954315 
v -0.06019365414977074 4.856749057769775 -0.35633859038352966 
v -0.07416132092475891 4.856749057769775 -0.37029770016670227 
v -0.076398566365242 4.8546142578125 -0.3681301176548004 
v -0.07651949673891068 4.848526954650879 -0.37263864278793335 
v -0.07772882282733917 4.848526954650879 -0.3694884777069092 
v -0.07416132092475891 4.840305328369141 -0.37029770016670227 
v -0.076398566365242 4.842433929443359 -0.3681301176548004 
v -0.07537064701318741 4.840305328369141 -0.363332599401474 
v -0.07815208286046982 4.848526954650879 -0.363332599401474 
v -0.07537064701318741 4.856749057769775 -0.363332599401474 
v -0.07772882282733917 4.848526954650879 -0.35714781284332275 
v -0.076398566365242 4.8546142578125 -0.3585061728954315 
v -0.07416132092475891 4.856749057769775 -0.35633859038352966 
v -0.07651949673891068 4.848526954650879 -0.3539976477622986 
v -0.076398566365242 4.842433929443359 -0.3585061728954315 
v -0.07416132092475891 4.840305328369141 -0.35633859038352966 
v -0.07416132092475891 4.856749057769775 -0.35633859038352966 
v -0.076398566365242 4.8546142578125 -0.3585061728954315 
v -0.06714725494384766 4.859487533569336 -0.363332599401474 
v -0.07537064701318741 4.856749057769775 -0.363332599401474 
v -0.07198454439640045 4.8546142578125 -0.35411325097084045 
v -0.06714725494384766 4.856749057769775 -0.35509586334228516 
v -0.062370434403419495 4.8546142578125 -0.35411325097084045 
v -0.06019365414977074 4.856749057769775 -0.35633859038352966 
v -0.05795640870928764 4.8546142578125 -0.3585061728954315 
v -0.0589238665997982 4.856749057769775 -0.363332599401474 
v -0.05795640870928764 4.8546142578125 -0.3681301176548004 
v -0.06019365414977074 4.856749057769775 -0.37029770016670227 
v -0.062370434403419495 4.8546142578125 -0.3725230395793915 
v -0.06714725494384766 4.856749057769775 -0.3715404272079468 
v -0.07198454439640045 4.8546142578125 -0.3725230395793915 
v -0.07416132092475891 4.856749057769775 -0.37029770016670227 
v -0.076398566365242 4.8546142578125 -0.3681301176548004 
v -0.07416132092475891 4.840305328369141 -0.37029770016670227 
v -0.076398566365242 4.842433929443359 -0.3681301176548004 
v -0.06714725494384766 4.837560653686523 -0.363332599401474 
v -0.07537064701318741 4.840305328369141 -0.363332599401474 
v -0.07198454439640045 4.842433929443359 -0.3725230395793915 
v -0.06714725494384766 4.840305328369141 -0.3715404272079468 
v -0.062370434403419495 4.842433929443359 -0.3725230395793915 
v -0.06019365414977074 4.840305328369141 -0.37029770016670227 
v -0.05795640870928764 4.842433929443359 -0.3681301176548004 
v -0.0589238665997982 4.840305328369141 -0.363332599401474 
v -0.05795640870928764 4.842433929443359 -0.3585061728954315 
v -0.06019365414977074 4.840305328369141 -0.35633859038352966 
v -0.062370434403419495 4.842433929443359 -0.35411325097084045 
v -0.06714725494384766 4.840305328369141 -0.35509586334228516 
v -0.07198454439640045 4.842433929443359 -0.35411325097084045 
v -0.07416132092475891 4.840305328369141 -0.35633859038352966 
v -0.076398566365242 4.842433929443359 -0.3585061728954315 
v -0.07416132092475891 4.856749057769775 -0.3159931004047394 
v -0.07198454439640045 4.8546142578125 -0.31379663944244385 
v -0.07651949673891068 4.848526954650879 -0.3136521279811859 
v -0.07331479340791702 4.848526954650879 -0.3124382793903351 
v -0.07416132092475891 4.840305328369141 -0.3159931004047394 
v -0.07198454439640045 4.842433929443359 -0.31379663944244385 
v -0.06714725494384766 4.840305328369141 -0.3147503435611725 
v -0.06714725494384766 4.848526954650879 -0.31200477480888367 
v -0.06714725494384766 4.856749057769775 -0.3147503435611725 
v -0.06097971275448799 4.848526954650879 -0.3124382793903351 
v -0.062370434403419495 4.8546142578125 -0.31379663944244385 
v -0.06019365414977074 4.856749057769775 -0.3159931004047394 
v -0.057835474610328674 4.848526954650879 -0.3136521279811859 
v -0.062370434403419495 4.842433929443359 -0.31379663944244385 
v -0.06019365414977074 4.840305328369141 -0.3159931004047394 
v -0.07416132092475891 4.840305328369141 -0.3299810588359833 
v -0.07198454439640045 4.842433929443359 -0.3321775197982788 
v -0.07651949673891068 4.848526954650879 -0.3322931230068207 
v -0.07331479340791702 4.848526954650879 -0.3335358798503876 
v -0.07416132092475891 4.856749057769775 -0.3299810588359833 
v -0.07198454439640045 4.8546142578125 -0.3321775197982788 
v -0.06714725494384766 4.856749057769775 -0.3311949074268341 
v -0.06714725494384766 4.848526954650879 -0.3339404761791229 
v -0.06714725494384766 4.840305328369141 -0.3311949074268341 
v -0.06097971275448799 4.848526954650879 -0.3335358798503876 
v -0.062370434403419495 4.842433929443359 -0.3321775197982788 
v -0.06019365414977074 4.840305328369141 -0.3299810588359833 
v -0.057835474610328674 4.848526954650879 -0.3322931230068207 
v -0.062370434403419495 4.8546142578125 -0.3321775197982788 
v -0.06019365414977074 4.856749057769775 -0.3299810588359833 
v -0.06019365414977074 4.840305328369141 -0.3299810588359833 
v -0.05795640870928764 4.842433929443359 -0.32778462767601013 
v -0.057835474610328674 4.848526954650879 -0.3322931230068207 
v -0.056626152247190475 4.848526954650879 -0.3291429579257965 
v -0.06019365414977074 4.856749057769775 -0.3299810588359833 
v -0.05795640870928764 4.8546142578125 -0.32778462767601013 
v -0.0589238665997982 4.856749057769775 -0.32298707962036133 
v -0.05620289221405983 4.848526954650879 -0.32298707962036133 
v -0.0589238665997982 4.840305328369141 -0.32298707962036133 
v -0.056626152247190475 4.848526954650879 -0.31680232286453247 
v -0.05795640870928764 4.842433929443359 -0.31816065311431885 
v -0.06019365414977074 4.840305328369141 -0.3159931004047394 
v -0.057835474610328674 4.848526954650879 -0.3136521279811859 
v -0.05795640870928764 4.8546142578125 -0.31816065311431885 
v -0.06019365414977074 4.856749057769775 -0.3159931004047394 
v -0.07416132092475891 4.856749057769775 -0.3299810588359833 
v -0.076398566365242 4.8546142578125 -0.32778462767601013 
v -0.07651949673891068 4.848526954650879 -0.3322931230068207 
v -0.07772882282733917 4.848526954650879 -0.3291429579257965 
v -0.07416132092475891 4.840305328369141 -0.3299810588359833 
v -0.076398566365242 4.842433929443359 -0.32778462767601013 
v -0.07537064701318741 4.840305328369141 -0.32298707962036133 
v -0.07815208286046982 4.848526954650879 -0.32298707962036133 
v -0.07537064701318741 4.856749057769775 -0.32298707962036133 
v -0.07772882282733917 4.848526954650879 -0.31680232286453247 
v -0.076398566365242 4.8546142578125 -0.31816065311431885 
v -0.07416132092475891 4.856749057769775 -0.3159931004047394 
v -0.07651949673891068 4.848526954650879 -0.3136521279811859 
v -0.076398566365242 4.842433929443359 -0.31816065311431885 
v -0.07416132092475891 4.840305328369141 -0.3159931004047394 
v -0.07416132092475891 4.856749057769775 -0.3159931004047394 
v -0.076398566365242 4.8546142578125 -0.31816065311431885 
v -0.06714725494384766 4.859487533569336 -0.32298707962036133 
v -0.07537064701318741 4.856749057769775 -0.32298707962036133 
v -0.07198454439640045 4.8546142578125 -0.31379663944244385 
v -0.06714725494384766 4.856749057769775 -0.3147503435611725 
v -0.062370434403419495 4.8546142578125 -0.31379663944244385 
v -0.06019365414977074 4.856749057769775 -0.3159931004047394 
v -0.05795640870928764 4.8546142578125 -0.31816065311431885 
v -0.0589238665997982 4.856749057769775 -0.32298707962036133 
v -0.05795640870928764 4.8546142578125 -0.32778462767601013 
v -0.06019365414977074 4.856749057769775 -0.3299810588359833 
v -0.062370434403419495 4.8546142578125 -0.3321775197982788 
v -0.06714725494384766 4.856749057769775 -0.3311949074268341 
v -0.07198454439640045 4.8546142578125 -0.3321775197982788 
v -0.07416132092475891 4.856749057769775 -0.3299810588359833 
v -0.076398566365242 4.8546142578125 -0.32778462767601013 
v -0.07416132092475891 4.840305328369141 -0.3299810588359833 
v -0.076398566365242 4.842433929443359 -0.32778462767601013 
v -0.06714725494384766 4.837560653686523 -0.32298707962036133 
v -0.07537064701318741 4.840305328369141 -0.32298707962036133 
v -0.07198454439640045 4.842433929443359 -0.3321775197982788 
v -0.06714725494384766 4.840305328369141 -0.3311949074268341 
v -0.062370434403419495 4.842433929443359 -0.3321775197982788 
v -0.06019365414977074 4.840305328369141 -0.3299810588359833 
v -0.05795640870928764 4.842433929443359 -0.32778462767601013 
v -0.0589238665997982 4.840305328369141 -0.32298707962036133 
v -0.05795640870928764 4.842433929443359 -0.31816065311431885 
v -0.06019365414977074 4.840305328369141 -0.3159931004047394 
v -0.062370434403419495 4.842433929443359 -0.31379663944244385 
v -0.06714725494384766 4.840305328369141 -0.3147503435611725 
v -0.07198454439640045 4.842433929443359 -0.31379663944244385 
v -0.07416132092475891 4.840305328369141 -0.3159931004047394 
v -0.076398566365242 4.842433929443359 -0.31816065311431885 
v 0.983874499797821 4.670907497406006 0.5707990527153015 
v 0.985083818435669 4.669651031494141 0.5717816948890686 
v 0.9833303093910217 4.666077136993408 0.5723596811294556 
v 0.9847815036773682 4.666077136993408 0.5727065205574036 
v 0.983874499797821 4.661240100860596 0.5707990527153015 
v 0.985083818435669 4.662496566772461 0.5717816948890686 
v 0.9867768883705139 4.661240100860596 0.570683479309082 
v 0.9872605800628662 4.666077136993408 0.5722441077232361 
v 0.9888327121734619 4.662496566772461 0.570683479309082 
v 0.9896187782287598 4.666077136993408 0.5712903738021851 
v 0.9867768883705139 4.670907497406006 0.570683479309082 
v 0.9888327121734619 4.669651031494141 0.570683479309082 
v 0.9820604920387268 4.669651031494141 0.5614063143730164 
v 0.9841163754463196 4.670907497406006 0.5614063143730164 
v 0.981334924697876 4.666077136993408 0.5607993602752686 
v 0.9836326241493225 4.666077136993408 0.5598456859588623 
v 0.9820604920387268 4.662496566772461 0.5614063143730164 
v 0.9841163754463196 4.661240100860596 0.5614063143730164 
v 0.9861721992492676 4.666077136993408 0.5593832731246948 
v 0.9858698844909668 4.662496566772461 0.5603080987930298 
v 0.9870792031288147 4.661240100860596 0.5612906813621521 
v 0.987623393535614 4.666077136993408 0.559730052947998 
v 0.9858698844909668 4.669651031494141 0.5603080987930298 
v 0.9870792031288147 4.670907497406006 0.5612906813621521 
v 0.9870792031288147 4.661240100860596 0.5612906813621521 
v 0.9882885217666626 4.662496566772461 0.5622733235359192 
v 0.987623393535614 4.666077136993408 0.559730052947998 
v 0.9885908365249634 4.666077136993408 0.5613484978675842 
v 0.989739716053009 4.666077136993408 0.5647876858711243 
v 0.9887117743492126 4.670907497406006 0.5651056170463562 
v 0.9854466319084167 4.659629821777344 0.5660593509674072 
v 0.9887117743492126 4.661240100860596 0.5651056170463562 
v 0.9898606538772583 4.662496566772461 0.5677067041397095 
v 0.9905862212181091 4.666077136993408 0.5683135986328125 
v 0.9893769025802612 4.661240100860596 0.5692095160484314 
v 0.9906467199325562 4.666077136993408 0.5702499747276306 
v 0.9888327121734619 4.662496566772461 0.570683479309082 
v 0.9896187782287598 4.666077136993408 0.5712903738021851 
v 0.9893769025802612 4.670907497406006 0.5692095160484314 
v 0.9888327121734619 4.669651031494141 0.570683479309082 
v 0.9898606538772583 4.669651031494141 0.5677067041397095 
v 0.9854466319084167 4.672517776489258 0.5660593509674072 
v 0.9882885217666626 4.669651031494141 0.5622733235359192 
v 0.9870792031288147 4.670907497406006 0.5612906813621521 
v 0.983874499797821 4.661240100860596 0.5707990527153015 
v 0.9854466319084167 4.659629821777344 0.5660593509674072 
v 0.9826046824455261 4.662496566772461 0.5698164105415344 
v 0.9822419285774231 4.661240100860596 0.5669841766357422 
v 0.9811535477638245 4.666077136993408 0.5673020482063293 
v 0.9803069829940796 4.666077136993408 0.5637761950492859 
v 0.9810326099395752 4.669651031494141 0.5643830895423889 
v 0.9822419285774231 4.670907497406006 0.5669841766357422 
v 0.9823023676872253 4.666077136993408 0.5707412362098694 
v 0.9826046824455261 4.669651031494141 0.5698164105415344 
v 0.983874499797821 4.670907497406006 0.5707990527153015 
v 0.9854466319084167 4.672517776489258 0.5660593509674072 
v 0.9815768003463745 4.670907497406006 0.5629091262817383 
v 0.9802465438842773 4.666077136993408 0.5618398189544678 
v 0.981334924697876 4.666077136993408 0.5607993602752686 
v 0.9820604920387268 4.662496566772461 0.5614063143730164 
v 0.9815768003463745 4.661240100860596 0.5629091262817383 
v 0.9810326099395752 4.662496566772461 0.5643830895423889 
v 0.9833303093910217 4.666077136993408 0.5723596811294556 
v 0.9820604920387268 4.669651031494141 0.5614063143730164 
v 0.983874499797821 4.670907497406006 0.5707990527153015 
v 0.985083818435669 4.669651031494141 0.5717816948890686 
v 0.9854466319084167 4.672517776489258 0.5660593509674072 
v 0.9867768883705139 4.670907497406006 0.570683479309082 
v 0.9888327121734619 4.669651031494141 0.570683479309082 
v 0.9893769025802612 4.670907497406006 0.5692095160484314 
v 0.9870792031288147 4.670907497406006 0.5612906813621521 
v 0.9854466319084167 4.672517776489258 0.5660593509674072 
v 0.9858698844909668 4.669651031494141 0.5603080987930298 
v 0.9841163754463196 4.670907497406006 0.5614063143730164 
v 0.9820604920387268 4.669651031494141 0.5614063143730164 
v 0.9815768003463745 4.670907497406006 0.5629091262817383 
v 0.9815768003463745 4.661240100860596 0.5629091262817383 
v 0.9854466319084167 4.659629821777344 0.5660593509674072 
v 0.9820604920387268 4.662496566772461 0.5614063143730164 
v 0.9841163754463196 4.661240100860596 0.5614063143730164 
v 0.9858698844909668 4.662496566772461 0.5603080987930298 
v 0.9870792031288147 4.661240100860596 0.5612906813621521 
v 0.9893769025802612 4.661240100860596 0.5692095160484314 
v 0.9854466319084167 4.659629821777344 0.5660593509674072 
v 0.9888327121734619 4.662496566772461 0.570683479309082 
v 0.9867768883705139 4.661240100860596 0.570683479309082 
v 0.985083818435669 4.662496566772461 0.5717816948890686 
v 0.983874499797821 4.661240100860596 0.5707990527153015 
v -0.013453357852995396 4.856749057769775 -0.2771793007850647 
v -0.011276578530669212 4.8546142578125 -0.27498283982276917 
v -0.0157510694116354 4.848526954650879 -0.2748672366142273 
v -0.012606832198798656 4.848526954650879 -0.2736245095729828 
v -0.013453357852995396 4.840305328369141 -0.2771793007850647 
v -0.011276578530669212 4.842433929443359 -0.27498283982276917 
v -0.006439290475100279 4.840305328369141 -0.2759365737438202 
v -0.006439290475100279 4.848526954650879 -0.27321991324424744 
v -0.006439290475100279 4.856749057769775 -0.2759365737438202 
v -0.0002717481111176312 4.848526954650879 -0.2736245095729828 
v -0.0016624684212729335 4.8546142578125 -0.27498283982276917 
v 0.0005143111920915544 4.856749057769775 -0.2771793007850647 
v 0.002872489159926772 4.848526954650879 -0.2748672366142273 
v -0.0016624684212729335 4.842433929443359 -0.27498283982276917 
v 0.0005143111920915544 4.840305328369141 -0.2771793007850647 
v -0.013453357852995396 4.840305328369141 -0.291167289018631 
v -0.011276578530669212 4.842433929443359 -0.2933637499809265 
v -0.0157510694116354 4.848526954650879 -0.2934793531894684 
v -0.012606832198798656 4.848526954650879 -0.2947221100330353 
v -0.013453357852995396 4.856749057769775 -0.291167289018631 
v -0.011276578530669212 4.8546142578125 -0.2933637499809265 
v -0.006439290475100279 4.856749057769775 -0.2923811376094818 
v -0.006439290475100279 4.848526954650879 -0.29512670636177063 
v -0.006439290475100279 4.840305328369141 -0.2923811376094818 
v -0.0002717481111176312 4.848526954650879 -0.2947221100330353 
v -0.0016624684212729335 4.842433929443359 -0.2933637499809265 
v 0.0005143111920915544 4.840305328369141 -0.291167289018631 
v 0.002872489159926772 4.848526954650879 -0.2934793531894684 
v -0.0016624684212729335 4.8546142578125 -0.2933637499809265 
v 0.0005143111920915544 4.856749057769775 -0.291167289018631 
v 0.0005143111920915544 4.840305328369141 -0.291167289018631 
v 0.0027515569236129522 4.842433929443359 -0.28897082805633545 
v 0.002872489159926772 4.848526954650879 -0.2934793531894684 
v 0.004081811290234327 4.848526954650879 -0.2903291881084442 
v 0.0005143111920915544 4.856749057769775 -0.291167289018631 
v 0.0027515569236129522 4.8546142578125 -0.28897082805633545 
v 0.0017840992659330368 4.856749057769775 -0.28417330980300903 
v 0.00450507365167141 4.848526954650879 -0.28417330980300903 
v 0.0017840992659330368 4.840305328369141 -0.28417330980300903 
v 0.004081811290234327 4.848526954650879 -0.27801743149757385 
v 0.0027515569236129522 4.842433929443359 -0.27934688329696655 
v 0.0005143111920915544 4.840305328369141 -0.2771793007850647 
v 0.002872489159926772 4.848526954650879 -0.2748672366142273 
v 0.0027515569236129522 4.8546142578125 -0.27934688329696655 
v 0.0005143111920915544 4.856749057769775 -0.2771793007850647 
v -0.013453357852995396 4.856749057769775 -0.291167289018631 
v -0.01563013717532158 4.8546142578125 -0.28897082805633545 
v -0.0157510694116354 4.848526954650879 -0.2934793531894684 
v -0.017020856961607933 4.848526954650879 -0.2903291881084442 
v -0.013453357852995396 4.840305328369141 -0.291167289018631 
v -0.01563013717532158 4.842433929443359 -0.28897082805633545 
v -0.014662680216133595 4.840305328369141 -0.28417330980300903 
v -0.017383653670549393 4.848526954650879 -0.28417330980300903 
v -0.014662680216133595 4.856749057769775 -0.28417330980300903 
v -0.017020856961607933 4.848526954650879 -0.27801743149757385 
v -0.01563013717532158 4.8546142578125 -0.27934688329696655 
v -0.013453357852995396 4.856749057769775 -0.2771793007850647 
v -0.0157510694116354 4.848526954650879 -0.2748672366142273 
v -0.01563013717532158 4.842433929443359 -0.27934688329696655 
v -0.013453357852995396 4.840305328369141 -0.2771793007850647 
v -0.013453357852995396 4.856749057769775 -0.2771793007850647 
v -0.01563013717532158 4.8546142578125 -0.27934688329696655 
v -0.006439290475100279 4.859487533569336 -0.28417330980300903 
v -0.014662680216133595 4.856749057769775 -0.28417330980300903 
v -0.011276578530669212 4.8546142578125 -0.27498283982276917 
v -0.006439290475100279 4.856749057769775 -0.2759365737438202 
v -0.0016624684212729335 4.8546142578125 -0.27498283982276917 
v 0.0005143111920915544 4.856749057769775 -0.2771793007850647 
v 0.0027515569236129522 4.8546142578125 -0.27934688329696655 
v 0.0017840992659330368 4.856749057769775 -0.28417330980300903 
v 0.0027515569236129522 4.8546142578125 -0.28897082805633545 
v 0.0005143111920915544 4.856749057769775 -0.291167289018631 
v -0.0016624684212729335 4.8546142578125 -0.2933637499809265 
v -0.006439290475100279 4.856749057769775 -0.2923811376094818 
v -0.011276578530669212 4.8546142578125 -0.2933637499809265 
v -0.013453357852995396 4.856749057769775 -0.291167289018631 
v -0.01563013717532158 4.8546142578125 -0.28897082805633545 
v -0.013453357852995396 4.840305328369141 -0.291167289018631 
v -0.01563013717532158 4.842433929443359 -0.28897082805633545 
v -0.006439290475100279 4.837560653686523 -0.28417330980300903 
v -0.014662680216133595 4.840305328369141 -0.28417330980300903 
v -0.011276578530669212 4.842433929443359 -0.2933637499809265 
v -0.006439290475100279 4.840305328369141 -0.2923811376094818 
v -0.0016624684212729335 4.842433929443359 -0.2933637499809265 
v 0.0005143111920915544 4.840305328369141 -0.291167289018631 
v 0.0027515569236129522 4.842433929443359 -0.28897082805633545 
v 0.0017840992659330368 4.840305328369141 -0.28417330980300903 
v 0.0027515569236129522 4.842433929443359 -0.27934688329696655 
v 0.0005143111920915544 4.840305328369141 -0.2771793007850647 
v -0.0016624684212729335 4.842433929443359 -0.27498283982276917 
v -0.006439290475100279 4.840305328369141 -0.2759365737438202 
v -0.011276578530669212 4.842433929443359 -0.27498283982276917 
v -0.013453357852995396 4.840305328369141 -0.2771793007850647 
v -0.01563013717532158 4.842433929443359 -0.27934688329696655 
v -0.07416132092475891 4.856749057769775 -0.2771793007850647 
v -0.07198454439640045 4.8546142578125 -0.27498283982276917 
v -0.07651949673891068 4.848526954650879 -0.2748672366142273 
v -0.07331479340791702 4.848526954650879 -0.2736245095729828 
v -0.07416132092475891 4.840305328369141 -0.2771793007850647 
v -0.07198454439640045 4.842433929443359 -0.27498283982276917 
v -0.06714725494384766 4.840305328369141 -0.2759365737438202 
v -0.06714725494384766 4.848526954650879 -0.27321991324424744 
v -0.06714725494384766 4.856749057769775 -0.2759365737438202 
v -0.06097971275448799 4.848526954650879 -0.2736245095729828 
v -0.062370434403419495 4.8546142578125 -0.27498283982276917 
v -0.06019365414977074 4.856749057769775 -0.2771793007850647 
v -0.057835474610328674 4.848526954650879 -0.2748672366142273 
v -0.062370434403419495 4.842433929443359 -0.27498283982276917 
v -0.06019365414977074 4.840305328369141 -0.2771793007850647 
v -0.07416132092475891 4.840305328369141 -0.291167289018631 
v -0.07198454439640045 4.842433929443359 -0.2933637499809265 
v -0.07651949673891068 4.848526954650879 -0.2934793531894684 
v -0.07331479340791702 4.848526954650879 -0.2947221100330353 
v -0.07416132092475891 4.856749057769775 -0.291167289018631 
v -0.07198454439640045 4.8546142578125 -0.2933637499809265 
v -0.06714725494384766 4.856749057769775 -0.2923811376094818 
v -0.06714725494384766 4.848526954650879 -0.29512670636177063 
v -0.06714725494384766 4.840305328369141 -0.2923811376094818 
v -0.06097971275448799 4.848526954650879 -0.2947221100330353 
v -0.062370434403419495 4.842433929443359 -0.2933637499809265 
v -0.06019365414977074 4.840305328369141 -0.291167289018631 
v -0.057835474610328674 4.848526954650879 -0.2934793531894684 
v -0.062370434403419495 4.8546142578125 -0.2933637499809265 
v -0.06019365414977074 4.856749057769775 -0.291167289018631 
v -0.06019365414977074 4.840305328369141 -0.291167289018631 
v -0.05795640870928764 4.842433929443359 -0.28897082805633545 
v -0.057835474610328674 4.848526954650879 -0.2934793531894684 
v -0.056626152247190475 4.848526954650879 -0.2903291881084442 
v -0.06019365414977074 4.856749057769775 -0.291167289018631 
v -0.05795640870928764 4.8546142578125 -0.28897082805633545 
v -0.0589238665997982 4.856749057769775 -0.28417330980300903 
v -0.05620289221405983 4.848526954650879 -0.28417330980300903 
v -0.0589238665997982 4.840305328369141 -0.28417330980300903 
v -0.056626152247190475 4.848526954650879 -0.27801743149757385 
v -0.05795640870928764 4.842433929443359 -0.27934688329696655 
v -0.06019365414977074 4.840305328369141 -0.2771793007850647 
v -0.057835474610328674 4.848526954650879 -0.2748672366142273 
v -0.05795640870928764 4.8546142578125 -0.27934688329696655 
v -0.06019365414977074 4.856749057769775 -0.2771793007850647 
v -0.07416132092475891 4.856749057769775 -0.291167289018631 
v -0.076398566365242 4.8546142578125 -0.28897082805633545 
v -0.07651949673891068 4.848526954650879 -0.2934793531894684 
v -0.07772882282733917 4.848526954650879 -0.2903291881084442 
v -0.07416132092475891 4.840305328369141 -0.291167289018631 
v -0.076398566365242 4.842433929443359 -0.28897082805633545 
v -0.07537064701318741 4.840305328369141 -0.28417330980300903 
v -0.07815208286046982 4.848526954650879 -0.28417330980300903 
v -0.07537064701318741 4.856749057769775 -0.28417330980300903 
v -0.07772882282733917 4.848526954650879 -0.27801743149757385 
v -0.076398566365242 4.8546142578125 -0.27934688329696655 
v -0.07416132092475891 4.856749057769775 -0.2771793007850647 
v -0.07651949673891068 4.848526954650879 -0.2748672366142273 
v -0.076398566365242 4.842433929443359 -0.27934688329696655 
v -0.07416132092475891 4.840305328369141 -0.2771793007850647 
v -0.07416132092475891 4.856749057769775 -0.2771793007850647 
v -0.076398566365242 4.8546142578125 -0.27934688329696655 
v -0.06714725494384766 4.859487533569336 -0.28417330980300903 
v -0.07537064701318741 4.856749057769775 -0.28417330980300903 
v -0.07198454439640045 4.8546142578125 -0.27498283982276917 
v -0.06714725494384766 4.856749057769775 -0.2759365737438202 
v -0.062370434403419495 4.8546142578125 -0.27498283982276917 
v -0.06019365414977074 4.856749057769775 -0.2771793007850647 
v -0.05795640870928764 4.8546142578125 -0.27934688329696655 
v -0.0589238665997982 4.856749057769775 -0.28417330980300903 
v -0.05795640870928764 4.8546142578125 -0.28897082805633545 
v -0.06019365414977074 4.856749057769775 -0.291167289018631 
v -0.062370434403419495 4.8546142578125 -0.2933637499809265 
v -0.06714725494384766 4.856749057769775 -0.2923811376094818 
v -0.07198454439640045 4.8546142578125 -0.2933637499809265 
v -0.07416132092475891 4.856749057769775 -0.291167289018631 
v -0.076398566365242 4.8546142578125 -0.28897082805633545 
v -0.07416132092475891 4.840305328369141 -0.291167289018631 
v -0.076398566365242 4.842433929443359 -0.28897082805633545 
v -0.06714725494384766 4.837560653686523 -0.28417330980300903 
v -0.07537064701318741 4.840305328369141 -0.28417330980300903 
v -0.07198454439640045 4.842433929443359 -0.2933637499809265 
v -0.06714725494384766 4.840305328369141 -0.2923811376094818 
v -0.062370434403419495 4.842433929443359 -0.2933637499809265 
v -0.06019365414977074 4.840305328369141 -0.291167289018631 
v -0.05795640870928764 4.842433929443359 -0.28897082805633545 
v -0.0589238665997982 4.840305328369141 -0.28417330980300903 
v -0.05795640870928764 4.842433929443359 -0.27934688329696655 
v -0.06019365414977074 4.840305328369141 -0.2771793007850647 
v -0.062370434403419495 4.842433929443359 -0.27498283982276917 
v -0.06714725494384766 4.840305328369141 -0.2759365737438202 
v -0.07198454439640045 4.842433929443359 -0.27498283982276917 
v -0.07416132092475891 4.840305328369141 -0.2771793007850647 
v -0.076398566365242 4.842433929443359 -0.27934688329696655 
v 0.0485243946313858 4.856749057769775 -0.23547545075416565 
v 0.05070117488503456 4.8546142578125 -0.23327898979187012 
v 0.04616621509194374 4.848526954650879 -0.23313449323177338 
v 0.04937091842293739 4.848526954650879 -0.23192065954208374 
v 0.0485243946313858 4.840305328369141 -0.23547545075416565 
v 0.05070117488503456 4.842433929443359 -0.23327898979187012 
v 0.05553846061229706 4.840305328369141 -0.23423272371292114 
v 0.05553846061229706 4.848526954650879 -0.23148714005947113 
v 0.05553846061229706 4.856749057769775 -0.23423272371292114 
v 0.06164553761482239 4.848526954650879 -0.23192065954208374 
v 0.06031528487801552 4.8546142578125 -0.23327898979187012 
v 0.062492065131664276 4.856749057769775 -0.23547545075416565 
v 0.06485024094581604 4.848526954650879 -0.23313449323177338 
v 0.06031528487801552 4.842433929443359 -0.23327898979187012 
v 0.062492065131664276 4.840305328369141 -0.23547545075416565 
v 0.0485243946313858 4.840305328369141 -0.24946343898773193 
v 0.05070117488503456 4.842433929443359 -0.25165989995002747 
v 0.04616621509194374 4.848526954650879 -0.25177550315856934 
v 0.04937091842293739 4.848526954650879 -0.25301823019981384 
v 0.0485243946313858 4.856749057769775 -0.24946343898773193 
v 0.05070117488503456 4.8546142578125 -0.25165989995002747 
v 0.05553846061229706 4.856749057769775 -0.25067728757858276 
v 0.05553846061229706 4.848526954650879 -0.2534228563308716 
v 0.05553846061229706 4.840305328369141 -0.25067728757858276 
v 0.06164553761482239 4.848526954650879 -0.25301823019981384 
v 0.06031528487801552 4.842433929443359 -0.25165989995002747 
v 0.062492065131664276 4.840305328369141 -0.24946343898773193 
v 0.06485024094581604 4.848526954650879 -0.25177550315856934 
v 0.06031528487801552 4.8546142578125 -0.25165989995002747 
v 0.062492065131664276 4.856749057769775 -0.24946343898773193 
v 0.062492065131664276 4.840305328369141 -0.24946343898773193 
v 0.06472931057214737 4.842433929443359 -0.2472669780254364 
v 0.06485024094581604 4.848526954650879 -0.25177550315856934 
v 0.06605956703424454 4.848526954650879 -0.24862532317638397 
v 0.062492065131664276 4.856749057769775 -0.24946343898773193 
v 0.06472931057214737 4.8546142578125 -0.2472669780254364 
v 0.06370138376951218 4.856749057769775 -0.2424694448709488 
v 0.06648282706737518 4.848526954650879 -0.2424694448709488 
v 0.06370138376951218 4.840305328369141 -0.2424694448709488 
v 0.06605956703424454 4.848526954650879 -0.23628467321395874 
v 0.06472931057214737 4.842433929443359 -0.2376430183649063 
v 0.062492065131664276 4.840305328369141 -0.23547545075416565 
v 0.06485024094581604 4.848526954650879 -0.23313449323177338 
v 0.06472931057214737 4.8546142578125 -0.2376430183649063 
v 0.062492065131664276 4.856749057769775 -0.23547545075416565 
v 0.0485243946313858 4.856749057769775 -0.24946343898773193 
v 0.04628714919090271 4.8546142578125 -0.2472669780254364 
v 0.04616621509194374 4.848526954650879 -0.25177550315856934 
v 0.04495689645409584 4.848526954650879 -0.24862532317638397 
v 0.0485243946313858 4.840305328369141 -0.24946343898773193 
v 0.04628714919090271 4.842433929443359 -0.2472669780254364 
v 0.047315072268247604 4.840305328369141 -0.2424694448709488 
v 0.044533632695674896 4.848526954650879 -0.2424694448709488 
v 0.047315072268247604 4.856749057769775 -0.2424694448709488 
v 0.04495689645409584 4.848526954650879 -0.23628467321395874 
v 0.04628714919090271 4.8546142578125 -0.2376430183649063 
v 0.0485243946313858 4.856749057769775 -0.23547545075416565 
v 0.04616621509194374 4.848526954650879 -0.23313449323177338 
v 0.04628714919090271 4.842433929443359 -0.2376430183649063 
v 0.0485243946313858 4.840305328369141 -0.23547545075416565 
v 0.0485243946313858 4.856749057769775 -0.23547545075416565 
v 0.04628714919090271 4.8546142578125 -0.2376430183649063 
v 0.05553846061229706 4.859487533569336 -0.2424694448709488 
v 0.047315072268247604 4.856749057769775 -0.2424694448709488 
v 0.05070117488503456 4.8546142578125 -0.23327898979187012 
v 0.05553846061229706 4.856749057769775 -0.23423272371292114 
v 0.06031528487801552 4.8546142578125 -0.23327898979187012 
v 0.062492065131664276 4.856749057769775 -0.23547545075416565 
v 0.06472931057214737 4.8546142578125 -0.2376430183649063 
v 0.06370138376951218 4.856749057769775 -0.2424694448709488 
v 0.06472931057214737 4.8546142578125 -0.2472669780254364 
v 0.062492065131664276 4.856749057769775 -0.24946343898773193 
v 0.06031528487801552 4.8546142578125 -0.25165989995002747 
v 0.05553846061229706 4.856749057769775 -0.25067728757858276 
v 0.05070117488503456 4.8546142578125 -0.25165989995002747 
v 0.0485243946313858 4.856749057769775 -0.24946343898773193 
v 0.04628714919090271 4.8546142578125 -0.2472669780254364 
v 0.0485243946313858 4.840305328369141 -0.24946343898773193 
v 0.04628714919090271 4.842433929443359 -0.2472669780254364 
v 0.05553846061229706 4.837560653686523 -0.2424694448709488 
v 0.047315072268247604 4.840305328369141 -0.2424694448709488 
v 0.05070117488503456 4.842433929443359 -0.25165989995002747 
v 0.05553846061229706 4.840305328369141 -0.25067728757858276 
v 0.06031528487801552 4.842433929443359 -0.25165989995002747 
v 0.062492065131664276 4.840305328369141 -0.24946343898773193 
v 0.06472931057214737 4.842433929443359 -0.2472669780254364 
v 0.06370138376951218 4.840305328369141 -0.2424694448709488 
v 0.06472931057214737 4.842433929443359 -0.2376430183649063 
v 0.062492065131664276 4.840305328369141 -0.23547545075416565 
v 0.06031528487801552 4.842433929443359 -0.23327898979187012 
v 0.05553846061229706 4.840305328369141 -0.23423272371292114 
v 0.05070117488503456 4.842433929443359 -0.23327898979187012 
v 0.0485243946313858 4.840305328369141 -0.23547545075416565 
v 0.04628714919090271 4.842433929443359 -0.2376430183649063 
v -0.013453357852995396 4.856749057769775 -0.19232656061649323 
v -0.011276578530669212 4.8546142578125 -0.1901300996541977 
v -0.0157510694116354 4.848526954650879 -0.19001449644565582 
v -0.012606832198798656 4.848526954650879 -0.18877176940441132 
v -0.013453357852995396 4.840305328369141 -0.19232656061649323 
v -0.011276578530669212 4.842433929443359 -0.1901300996541977 
v -0.006439290475100279 4.840305328369141 -0.1911127269268036 
v -0.006439290475100279 4.848526954650879 -0.18836715817451477 
v -0.006439290475100279 4.856749057769775 -0.1911127269268036 
v -0.0002717481111176312 4.848526954650879 -0.18877176940441132 
v -0.0016624684212729335 4.8546142578125 -0.1901300996541977 
v 0.0005143111920915544 4.856749057769775 -0.19232656061649323 
v 0.002872489159926772 4.848526954650879 -0.19001449644565582 
v -0.0016624684212729335 4.842433929443359 -0.1901300996541977 
v 0.0005143111920915544 4.840305328369141 -0.19232656061649323 
v -0.013453357852995396 4.840305328369141 -0.2063145488500595 
v -0.011276578530669212 4.842433929443359 -0.20851100981235504 
v -0.0157510694116354 4.848526954650879 -0.20865552127361298 
v -0.012606832198798656 4.848526954650879 -0.2098693549633026 
v -0.013453357852995396 4.856749057769775 -0.2063145488500595 
v -0.011276578530669212 4.8546142578125 -0.20851100981235504 
v -0.006439290475100279 4.856749057769775 -0.2075572907924652 
v -0.006439290475100279 4.848526954650879 -0.21027396619319916 
v -0.006439290475100279 4.840305328369141 -0.2075572907924652 
v -0.0002717481111176312 4.848526954650879 -0.2098693549633026 
v -0.0016624684212729335 4.842433929443359 -0.20851100981235504 
v 0.0005143111920915544 4.840305328369141 -0.2063145488500595 
v 0.002872489159926772 4.848526954650879 -0.20865552127361298 
v -0.0016624684212729335 4.8546142578125 -0.20851100981235504 
v 0.0005143111920915544 4.856749057769775 -0.2063145488500595 
v 0.0005143111920915544 4.840305328369141 -0.2063145488500595 
v 0.0027515569236129522 4.842433929443359 -0.20414699614048004 
v 0.002872489159926772 4.848526954650879 -0.20865552127361298 
v 0.004081811290234327 4.848526954650879 -0.20547643303871155 
v 0.0005143111920915544 4.856749057769775 -0.2063145488500595 
v 0.0027515569236129522 4.8546142578125 -0.20414699614048004 
v 0.0017840992659330368 4.856749057769775 -0.19932055473327637 
v 0.00450507365167141 4.848526954650879 -0.19932055473327637 
v 0.0017840992659330368 4.840305328369141 -0.19932055473327637 
v 0.004081811290234327 4.848526954650879 -0.19316469132900238 
v 0.0027515569236129522 4.842433929443359 -0.19452302157878876 
v 0.0005143111920915544 4.840305328369141 -0.19232656061649323 
v 0.002872489159926772 4.848526954650879 -0.19001449644565582 
v 0.0027515569236129522 4.8546142578125 -0.19452302157878876 
v 0.0005143111920915544 4.856749057769775 -0.19232656061649323 
v -0.013453357852995396 4.856749057769775 -0.2063145488500595 
v -0.01563013717532158 4.8546142578125 -0.20414699614048004 
v -0.0157510694116354 4.848526954650879 -0.20865552127361298 
v -0.017020856961607933 4.848526954650879 -0.20547643303871155 
v -0.013453357852995396 4.840305328369141 -0.2063145488500595 
v -0.01563013717532158 4.842433929443359 -0.20414699614048004 
v -0.014662680216133595 4.840305328369141 -0.19932055473327637 
v -0.017383653670549393 4.848526954650879 -0.19932055473327637 
v -0.014662680216133595 4.856749057769775 -0.19932055473327637 
v -0.017020856961607933 4.848526954650879 -0.19316469132900238 
v -0.01563013717532158 4.8546142578125 -0.19452302157878876 
v -0.013453357852995396 4.856749057769775 -0.19232656061649323 
v -0.0157510694116354 4.848526954650879 -0.19001449644565582 
v -0.01563013717532158 4.842433929443359 -0.19452302157878876 
v -0.013453357852995396 4.840305328369141 -0.19232656061649323 
v -0.013453357852995396 4.856749057769775 -0.19232656061649323 
v -0.01563013717532158 4.8546142578125 -0.19452302157878876 
v -0.006439290475100279 4.859487533569336 -0.19932055473327637 
v -0.014662680216133595 4.856749057769775 -0.19932055473327637 
v -0.011276578530669212 4.8546142578125 -0.1901300996541977 
v -0.006439290475100279 4.856749057769775 -0.1911127269268036 
v -0.0016624684212729335 4.8546142578125 -0.1901300996541977 
v 0.0005143111920915544 4.856749057769775 -0.19232656061649323 
v 0.0027515569236129522 4.8546142578125 -0.19452302157878876 
v 0.0017840992659330368 4.856749057769775 -0.19932055473327637 
v 0.0027515569236129522 4.8546142578125 -0.20414699614048004 
v 0.0005143111920915544 4.856749057769775 -0.2063145488500595 
v -0.0016624684212729335 4.8546142578125 -0.20851100981235504 
v -0.006439290475100279 4.856749057769775 -0.2075572907924652 
v -0.011276578530669212 4.8546142578125 -0.20851100981235504 
v -0.013453357852995396 4.856749057769775 -0.2063145488500595 
v -0.01563013717532158 4.8546142578125 -0.20414699614048004 
v -0.013453357852995396 4.840305328369141 -0.2063145488500595 
v -0.01563013717532158 4.842433929443359 -0.20414699614048004 
v -0.006439290475100279 4.837560653686523 -0.19932055473327637 
v -0.014662680216133595 4.840305328369141 -0.19932055473327637 
v -0.011276578530669212 4.842433929443359 -0.20851100981235504 
v -0.006439290475100279 4.840305328369141 -0.2075572907924652 
v -0.0016624684212729335 4.842433929443359 -0.20851100981235504 
v 0.0005143111920915544 4.840305328369141 -0.2063145488500595 
v 0.0027515569236129522 4.842433929443359 -0.20414699614048004 
v 0.0017840992659330368 4.840305328369141 -0.19932055473327637 
v 0.0027515569236129522 4.842433929443359 -0.19452302157878876 
v 0.0005143111920915544 4.840305328369141 -0.19232656061649323 
v -0.0016624684212729335 4.842433929443359 -0.1901300996541977 
v -0.006439290475100279 4.840305328369141 -0.1911127269268036 
v -0.011276578530669212 4.842433929443359 -0.1901300996541977 
v -0.013453357852995396 4.840305328369141 -0.19232656061649323 
v -0.01563013717532158 4.842433929443359 -0.19452302157878876 
v 0.0485243946313858 4.856749057769775 -0.19232656061649323 
v 0.05070117488503456 4.8546142578125 -0.1901300996541977 
v 0.04616621509194374 4.848526954650879 -0.19001449644565582 
v 0.04937091842293739 4.848526954650879 -0.18877176940441132 
v 0.0485243946313858 4.840305328369141 -0.19232656061649323 
v 0.05070117488503456 4.842433929443359 -0.1901300996541977 
v 0.05553846061229706 4.840305328369141 -0.1911127269268036 
v 0.05553846061229706 4.848526954650879 -0.18836715817451477 
v 0.05553846061229706 4.856749057769775 -0.1911127269268036 
v 0.06164553761482239 4.848526954650879 -0.18877176940441132 
v 0.06031528487801552 4.8546142578125 -0.1901300996541977 
v 0.062492065131664276 4.856749057769775 -0.19232656061649323 
v 0.06485024094581604 4.848526954650879 -0.19001449644565582 
v 0.06031528487801552 4.842433929443359 -0.1901300996541977 
v 0.062492065131664276 4.840305328369141 -0.19232656061649323 
v 0.0485243946313858 4.840305328369141 -0.2063145488500595 
v 0.05070117488503456 4.842433929443359 -0.20851100981235504 
v 0.04616621509194374 4.848526954650879 -0.20865552127361298 
v 0.04937091842293739 4.848526954650879 -0.2098693549633026 
v 0.0485243946313858 4.856749057769775 -0.2063145488500595 
v 0.05070117488503456 4.8546142578125 -0.20851100981235504 
v 0.05553846061229706 4.856749057769775 -0.2075572907924652 
v 0.05553846061229706 4.848526954650879 -0.21027396619319916 
v 0.05553846061229706 4.840305328369141 -0.2075572907924652 
v 0.06164553761482239 4.848526954650879 -0.2098693549633026 
v 0.06031528487801552 4.842433929443359 -0.20851100981235504 
v 0.062492065131664276 4.840305328369141 -0.2063145488500595 
v 0.06485024094581604 4.848526954650879 -0.20865552127361298 
v 0.06031528487801552 4.8546142578125 -0.20851100981235504 
v 0.062492065131664276 4.856749057769775 -0.2063145488500595 
v 0.062492065131664276 4.840305328369141 -0.2063145488500595 
v 0.06472931057214737 4.842433929443359 -0.20414699614048004 
v 0.06485024094581604 4.848526954650879 -0.20865552127361298 
v 0.06605956703424454 4.848526954650879 -0.20547643303871155 
v 0.062492065131664276 4.856749057769775 -0.2063145488500595 
v 0.06472931057214737 4.8546142578125 -0.20414699614048004 
v 0.06370138376951218 4.856749057769775 -0.19932055473327637 
v 0.06648282706737518 4.848526954650879 -0.19932055473327637 
v 0.06370138376951218 4.840305328369141 -0.19932055473327637 
v 0.06605956703424454 4.848526954650879 -0.19316469132900238 
v 0.06472931057214737 4.842433929443359 -0.19452302157878876 
v 0.062492065131664276 4.840305328369141 -0.19232656061649323 
v 0.06485024094581604 4.848526954650879 -0.19001449644565582 
v 0.06472931057214737 4.8546142578125 -0.19452302157878876 
v 0.062492065131664276 4.856749057769775 -0.19232656061649323 
v 0.0485243946313858 4.856749057769775 -0.2063145488500595 
v 0.04628714919090271 4.8546142578125 -0.20414699614048004 
v 0.04616621509194374 4.848526954650879 -0.20865552127361298 
v 0.04495689645409584 4.848526954650879 -0.20547643303871155 
v 0.0485243946313858 4.840305328369141 -0.2063145488500595 
v 0.04628714919090271 4.842433929443359 -0.20414699614048004 
v 0.047315072268247604 4.840305328369141 -0.19932055473327637 
v 0.044533632695674896 4.848526954650879 -0.19932055473327637 
v 0.047315072268247604 4.856749057769775 -0.19932055473327637 
v 0.04495689645409584 4.848526954650879 -0.19316469132900238 
v 0.04628714919090271 4.8546142578125 -0.19452302157878876 
v 0.0485243946313858 4.856749057769775 -0.19232656061649323 
v 0.04616621509194374 4.848526954650879 -0.19001449644565582 
v 0.04628714919090271 4.842433929443359 -0.19452302157878876 
v 0.0485243946313858 4.840305328369141 -0.19232656061649323 
v 0.0485243946313858 4.856749057769775 -0.19232656061649323 
v 0.04628714919090271 4.8546142578125 -0.19452302157878876 
v 0.05553846061229706 4.859487533569336 -0.19932055473327637 
v 0.047315072268247604 4.856749057769775 -0.19932055473327637 
v 0.05070117488503456 4.8546142578125 -0.1901300996541977 
v 0.05553846061229706 4.856749057769775 -0.1911127269268036 
v 0.06031528487801552 4.8546142578125 -0.1901300996541977 
v 0.062492065131664276 4.856749057769775 -0.19232656061649323 
v 0.06472931057214737 4.8546142578125 -0.19452302157878876 
v 0.06370138376951218 4.856749057769775 -0.19932055473327637 
v 0.06472931057214737 4.8546142578125 -0.20414699614048004 
v 0.062492065131664276 4.856749057769775 -0.2063145488500595 
v 0.06031528487801552 4.8546142578125 -0.20851100981235504 
v 0.05553846061229706 4.856749057769775 -0.2075572907924652 
v 0.05070117488503456 4.8546142578125 -0.20851100981235504 
v 0.0485243946313858 4.856749057769775 -0.2063145488500595 
v 0.04628714919090271 4.8546142578125 -0.20414699614048004 
v 0.0485243946313858 4.840305328369141 -0.2063145488500595 
v 0.04628714919090271 4.842433929443359 -0.20414699614048004 
v 0.05553846061229706 4.837560653686523 -0.19932055473327637 
v 0.047315072268247604 4.840305328369141 -0.19932055473327637 
v 0.05070117488503456 4.842433929443359 -0.20851100981235504 
v 0.05553846061229706 4.840305328369141 -0.2075572907924652 
v 0.06031528487801552 4.842433929443359 -0.20851100981235504 
v 0.062492065131664276 4.840305328369141 -0.2063145488500595 
v 0.06472931057214737 4.842433929443359 -0.20414699614048004 
v 0.06370138376951218 4.840305328369141 -0.19932055473327637 
v 0.06472931057214737 4.842433929443359 -0.19452302157878876 
v 0.062492065131664276 4.840305328369141 -0.19232656061649323 
v 0.06031528487801552 4.842433929443359 -0.1901300996541977 
v 0.05553846061229706 4.840305328369141 -0.1911127269268036 
v 0.05070117488503456 4.842433929443359 -0.1901300996541977 
v 0.0485243946313858 4.840305328369141 -0.19232656061649323 
v 0.04628714919090271 4.842433929443359 -0.19452302157878876 
v -0.013453357852995396 4.856749057769775 -0.23547545075416565 
v -0.011276578530669212 4.8546142578125 -0.23327898979187012 
v -0.0157510694116354 4.848526954650879 -0.23313449323177338 
v -0.012606832198798656 4.848526954650879 -0.23192065954208374 
v -0.013453357852995396 4.840305328369141 -0.23547545075416565 
v -0.011276578530669212 4.842433929443359 -0.23327898979187012 
v -0.006439290475100279 4.840305328369141 -0.23423272371292114 
v -0.006439290475100279 4.848526954650879 -0.23148714005947113 
v -0.006439290475100279 4.856749057769775 -0.23423272371292114 
v -0.0002717481111176312 4.848526954650879 -0.23192065954208374 
v -0.0016624684212729335 4.8546142578125 -0.23327898979187012 
v 0.0005143111920915544 4.856749057769775 -0.23547545075416565 
v 0.002872489159926772 4.848526954650879 -0.23313449323177338 
v -0.0016624684212729335 4.842433929443359 -0.23327898979187012 
v 0.0005143111920915544 4.840305328369141 -0.23547545075416565 
v -0.013453357852995396 4.840305328369141 -0.24946343898773193 
v -0.011276578530669212 4.842433929443359 -0.25165989995002747 
v -0.0157510694116354 4.848526954650879 -0.25177550315856934 
v -0.012606832198798656 4.848526954650879 -0.25301823019981384 
v -0.013453357852995396 4.856749057769775 -0.24946343898773193 
v -0.011276578530669212 4.8546142578125 -0.25165989995002747 
v -0.006439290475100279 4.856749057769775 -0.25067728757858276 
v -0.006439290475100279 4.848526954650879 -0.2534228563308716 
v -0.006439290475100279 4.840305328369141 -0.25067728757858276 
v -0.0002717481111176312 4.848526954650879 -0.25301823019981384 
v -0.0016624684212729335 4.842433929443359 -0.25165989995002747 
v 0.0005143111920915544 4.840305328369141 -0.24946343898773193 
v 0.002872489159926772 4.848526954650879 -0.25177550315856934 
v -0.0016624684212729335 4.8546142578125 -0.25165989995002747 
v 0.0005143111920915544 4.856749057769775 -0.24946343898773193 
v 0.0005143111920915544 4.840305328369141 -0.24946343898773193 
v 0.0027515569236129522 4.842433929443359 -0.2472669780254364 
v 0.002872489159926772 4.848526954650879 -0.25177550315856934 
v 0.004081811290234327 4.848526954650879 -0.24862532317638397 
v 0.0005143111920915544 4.856749057769775 -0.24946343898773193 
v 0.0027515569236129522 4.8546142578125 -0.2472669780254364 
v 0.0017840992659330368 4.856749057769775 -0.2424694448709488 
v 0.00450507365167141 4.848526954650879 -0.2424694448709488 
v 0.0017840992659330368 4.840305328369141 -0.2424694448709488 
v 0.004081811290234327 4.848526954650879 -0.23628467321395874 
v 0.0027515569236129522 4.842433929443359 -0.2376430183649063 
v 0.0005143111920915544 4.840305328369141 -0.23547545075416565 
v 0.002872489159926772 4.848526954650879 -0.23313449323177338 
v 0.0027515569236129522 4.8546142578125 -0.2376430183649063 
v 0.0005143111920915544 4.856749057769775 -0.23547545075416565 
v -0.013453357852995396 4.856749057769775 -0.24946343898773193 
v -0.01563013717532158 4.8546142578125 -0.2472669780254364 
v -0.0157510694116354 4.848526954650879 -0.25177550315856934 
v -0.017020856961607933 4.848526954650879 -0.24862532317638397 
v -0.013453357852995396 4.840305328369141 -0.24946343898773193 
v -0.01563013717532158 4.842433929443359 -0.2472669780254364 
v -0.014662680216133595 4.840305328369141 -0.2424694448709488 
v -0.017383653670549393 4.848526954650879 -0.2424694448709488 
v -0.014662680216133595 4.856749057769775 -0.2424694448709488 
v -0.017020856961607933 4.848526954650879 -0.23628467321395874 
v -0.01563013717532158 4.8546142578125 -0.2376430183649063 
v -0.013453357852995396 4.856749057769775 -0.23547545075416565 
v -0.0157510694116354 4.848526954650879 -0.23313449323177338 
v -0.01563013717532158 4.842433929443359 -0.2376430183649063 
v -0.013453357852995396 4.840305328369141 -0.23547545075416565 
v -0.013453357852995396 4.856749057769775 -0.23547545075416565 
v -0.01563013717532158 4.8546142578125 -0.2376430183649063 
v -0.006439290475100279 4.859487533569336 -0.2424694448709488 
v -0.014662680216133595 4.856749057769775 -0.2424694448709488 
v -0.011276578530669212 4.8546142578125 -0.23327898979187012 
v -0.006439290475100279 4.856749057769775 -0.23423272371292114 
v -0.0016624684212729335 4.8546142578125 -0.23327898979187012 
v 0.0005143111920915544 4.856749057769775 -0.23547545075416565 
v 0.0027515569236129522 4.8546142578125 -0.2376430183649063 
v 0.0017840992659330368 4.856749057769775 -0.2424694448709488 
v 0.0027515569236129522 4.8546142578125 -0.2472669780254364 
v 0.0005143111920915544 4.856749057769775 -0.24946343898773193 
v -0.0016624684212729335 4.8546142578125 -0.25165989995002747 
v -0.006439290475100279 4.856749057769775 -0.25067728757858276 
v -0.011276578530669212 4.8546142578125 -0.25165989995002747 
v -0.013453357852995396 4.856749057769775 -0.24946343898773193 
v -0.01563013717532158 4.8546142578125 -0.2472669780254364 
v -0.013453357852995396 4.840305328369141 -0.24946343898773193 
v -0.01563013717532158 4.842433929443359 -0.2472669780254364 
v -0.006439290475100279 4.837560653686523 -0.2424694448709488 
v -0.014662680216133595 4.840305328369141 -0.2424694448709488 
v -0.011276578530669212 4.842433929443359 -0.25165989995002747 
v -0.006439290475100279 4.840305328369141 -0.25067728757858276 
v -0.0016624684212729335 4.842433929443359 -0.25165989995002747 
v 0.0005143111920915544 4.840305328369141 -0.24946343898773193 
v 0.0027515569236129522 4.842433929443359 -0.2472669780254364 
v 0.0017840992659330368 4.840305328369141 -0.2424694448709488 
v 0.0027515569236129522 4.842433929443359 -0.2376430183649063 
v 0.0005143111920915544 4.840305328369141 -0.23547545075416565 
v -0.0016624684212729335 4.842433929443359 -0.23327898979187012 
v -0.006439290475100279 4.840305328369141 -0.23423272371292114 
v -0.011276578530669212 4.842433929443359 -0.23327898979187012 
v -0.013453357852995396 4.840305328369141 -0.23547545075416565 
v -0.01563013717532158 4.842433929443359 -0.2376430183649063 
v -0.07416132092475891 4.856749057769775 -0.23547545075416565 
v -0.07198454439640045 4.8546142578125 -0.23327898979187012 
v -0.07651949673891068 4.848526954650879 -0.23313449323177338 
v -0.07331479340791702 4.848526954650879 -0.23192065954208374 
v -0.07416132092475891 4.840305328369141 -0.23547545075416565 
v -0.07198454439640045 4.842433929443359 -0.23327898979187012 
v -0.06714725494384766 4.840305328369141 -0.23423272371292114 
v -0.06714725494384766 4.848526954650879 -0.23148714005947113 
v -0.06714725494384766 4.856749057769775 -0.23423272371292114 
v -0.06097971275448799 4.848526954650879 -0.23192065954208374 
v -0.062370434403419495 4.8546142578125 -0.23327898979187012 
v -0.06019365414977074 4.856749057769775 -0.23547545075416565 
v -0.057835474610328674 4.848526954650879 -0.23313449323177338 
v -0.062370434403419495 4.842433929443359 -0.23327898979187012 
v -0.06019365414977074 4.840305328369141 -0.23547545075416565 
v -0.07416132092475891 4.840305328369141 -0.24946343898773193 
v -0.07198454439640045 4.842433929443359 -0.25165989995002747 
v -0.07651949673891068 4.848526954650879 -0.25177550315856934 
v -0.07331479340791702 4.848526954650879 -0.25301823019981384 
v -0.07416132092475891 4.856749057769775 -0.24946343898773193 
v -0.07198454439640045 4.8546142578125 -0.25165989995002747 
v -0.06714725494384766 4.856749057769775 -0.25067728757858276 
v -0.06714725494384766 4.848526954650879 -0.2534228563308716 
v -0.06714725494384766 4.840305328369141 -0.25067728757858276 
v -0.06097971275448799 4.848526954650879 -0.25301823019981384 
v -0.062370434403419495 4.842433929443359 -0.25165989995002747 
v -0.06019365414977074 4.840305328369141 -0.24946343898773193 
v -0.057835474610328674 4.848526954650879 -0.25177550315856934 
v -0.062370434403419495 4.8546142578125 -0.25165989995002747 
v -0.06019365414977074 4.856749057769775 -0.24946343898773193 
v -0.06019365414977074 4.840305328369141 -0.24946343898773193 
v -0.05795640870928764 4.842433929443359 -0.2472669780254364 
v -0.057835474610328674 4.848526954650879 -0.25177550315856934 
v -0.056626152247190475 4.848526954650879 -0.24862532317638397 
v -0.06019365414977074 4.856749057769775 -0.24946343898773193 
v -0.05795640870928764 4.8546142578125 -0.2472669780254364 
v -0.0589238665997982 4.856749057769775 -0.2424694448709488 
v -0.05620289221405983 4.848526954650879 -0.2424694448709488 
v -0.0589238665997982 4.840305328369141 -0.2424694448709488 
v -0.056626152247190475 4.848526954650879 -0.23628467321395874 
v -0.05795640870928764 4.842433929443359 -0.2376430183649063 
v -0.06019365414977074 4.840305328369141 -0.23547545075416565 
v -0.057835474610328674 4.848526954650879 -0.23313449323177338 
v -0.05795640870928764 4.8546142578125 -0.2376430183649063 
v -0.06019365414977074 4.856749057769775 -0.23547545075416565 
v -0.07416132092475891 4.856749057769775 -0.24946343898773193 
v -0.076398566365242 4.8546142578125 -0.2472669780254364 
v -0.07651949673891068 4.848526954650879 -0.25177550315856934 
v -0.07772882282733917 4.848526954650879 -0.24862532317638397 
v -0.07416132092475891 4.840305328369141 -0.24946343898773193 
v -0.076398566365242 4.842433929443359 -0.2472669780254364 
v -0.07537064701318741 4.840305328369141 -0.2424694448709488 
v -0.07815208286046982 4.848526954650879 -0.2424694448709488 
v -0.07537064701318741 4.856749057769775 -0.2424694448709488 
v -0.07772882282733917 4.848526954650879 -0.23628467321395874 
v -0.076398566365242 4.8546142578125 -0.2376430183649063 
v -0.07416132092475891 4.856749057769775 -0.23547545075416565 
v -0.07651949673891068 4.848526954650879 -0.23313449323177338 
v -0.076398566365242 4.842433929443359 -0.2376430183649063 
v -0.07416132092475891 4.840305328369141 -0.23547545075416565 
v -0.07416132092475891 4.856749057769775 -0.23547545075416565 
v -0.076398566365242 4.8546142578125 -0.2376430183649063 
v -0.06714725494384766 4.859487533569336 -0.2424694448709488 
v -0.07537064701318741 4.856749057769775 -0.2424694448709488 
v -0.07198454439640045 4.8546142578125 -0.23327898979187012 
v -0.06714725494384766 4.856749057769775 -0.23423272371292114 
v -0.062370434403419495 4.8546142578125 -0.23327898979187012 
v -0.06019365414977074 4.856749057769775 -0.23547545075416565 
v -0.05795640870928764 4.8546142578125 -0.2376430183649063 
v -0.0589238665997982 4.856749057769775 -0.2424694448709488 
v -0.05795640870928764 4.8546142578125 -0.2472669780254364 
v -0.06019365414977074 4.856749057769775 -0.24946343898773193 
v -0.062370434403419495 4.8546142578125 -0.25165989995002747 
v -0.06714725494384766 4.856749057769775 -0.25067728757858276 
v -0.07198454439640045 4.8546142578125 -0.25165989995002747 
v -0.07416132092475891 4.856749057769775 -0.24946343898773193 
v -0.076398566365242 4.8546142578125 -0.2472669780254364 
v -0.07416132092475891 4.840305328369141 -0.24946343898773193 
v -0.076398566365242 4.842433929443359 -0.2472669780254364 
v -0.06714725494384766 4.837560653686523 -0.2424694448709488 
v -0.07537064701318741 4.840305328369141 -0.2424694448709488 
v -0.07198454439640045 4.842433929443359 -0.25165989995002747 
v -0.06714725494384766 4.840305328369141 -0.25067728757858276 
v -0.062370434403419495 4.842433929443359 -0.25165989995002747 
v -0.06019365414977074 4.840305328369141 -0.24946343898773193 
v -0.05795640870928764 4.842433929443359 -0.2472669780254364 
v -0.0589238665997982 4.840305328369141 -0.2424694448709488 
v -0.05795640870928764 4.842433929443359 -0.2376430183649063 
v -0.06019365414977074 4.840305328369141 -0.23547545075416565 
v -0.062370434403419495 4.842433929443359 -0.23327898979187012 
v -0.06714725494384766 4.840305328369141 -0.23423272371292114 
v -0.07198454439640045 4.842433929443359 -0.23327898979187012 
v -0.07416132092475891 4.840305328369141 -0.23547545075416565 
v -0.076398566365242 4.842433929443359 -0.2376430183649063 
v -0.07416132092475891 4.856749057769775 -0.19232656061649323 
v -0.07198454439640045 4.8546142578125 -0.1901300996541977 
v -0.07651949673891068 4.848526954650879 -0.19001449644565582 
v -0.07331479340791702 4.848526954650879 -0.18877176940441132 
v -0.07416132092475891 4.840305328369141 -0.19232656061649323 
v -0.07198454439640045 4.842433929443359 -0.1901300996541977 
v -0.06714725494384766 4.840305328369141 -0.1911127269268036 
v -0.06714725494384766 4.848526954650879 -0.18836715817451477 
v -0.06714725494384766 4.856749057769775 -0.1911127269268036 
v -0.06097971275448799 4.848526954650879 -0.18877176940441132 
v -0.062370434403419495 4.8546142578125 -0.1901300996541977 
v -0.06019365414977074 4.856749057769775 -0.19232656061649323 
v -0.057835474610328674 4.848526954650879 -0.19001449644565582 
v -0.062370434403419495 4.842433929443359 -0.1901300996541977 
v -0.06019365414977074 4.840305328369141 -0.19232656061649323 
v -0.07416132092475891 4.840305328369141 -0.2063145488500595 
v -0.07198454439640045 4.842433929443359 -0.20851100981235504 
v -0.07651949673891068 4.848526954650879 -0.20865552127361298 
v -0.07331479340791702 4.848526954650879 -0.2098693549633026 
v -0.07416132092475891 4.856749057769775 -0.2063145488500595 
v -0.07198454439640045 4.8546142578125 -0.20851100981235504 
v -0.06714725494384766 4.856749057769775 -0.2075572907924652 
v -0.06714725494384766 4.848526954650879 -0.21027396619319916 
v -0.06714725494384766 4.840305328369141 -0.2075572907924652 
v -0.06097971275448799 4.848526954650879 -0.2098693549633026 
v -0.062370434403419495 4.842433929443359 -0.20851100981235504 
v -0.06019365414977074 4.840305328369141 -0.2063145488500595 
v -0.057835474610328674 4.848526954650879 -0.20865552127361298 
v -0.062370434403419495 4.8546142578125 -0.20851100981235504 
v -0.06019365414977074 4.856749057769775 -0.2063145488500595 
v -0.06019365414977074 4.840305328369141 -0.2063145488500595 
v -0.05795640870928764 4.842433929443359 -0.20414699614048004 
v -0.057835474610328674 4.848526954650879 -0.20865552127361298 
v -0.056626152247190475 4.848526954650879 -0.20547643303871155 
v -0.06019365414977074 4.856749057769775 -0.2063145488500595 
v -0.05795640870928764 4.8546142578125 -0.20414699614048004 
v -0.0589238665997982 4.856749057769775 -0.19932055473327637 
v -0.05620289221405983 4.848526954650879 -0.19932055473327637 
v -0.0589238665997982 4.840305328369141 -0.19932055473327637 
v -0.056626152247190475 4.848526954650879 -0.19316469132900238 
v -0.05795640870928764 4.842433929443359 -0.19452302157878876 
v -0.06019365414977074 4.840305328369141 -0.19232656061649323 
v -0.057835474610328674 4.848526954650879 -0.19001449644565582 
v -0.05795640870928764 4.8546142578125 -0.19452302157878876 
v -0.06019365414977074 4.856749057769775 -0.19232656061649323 
v -0.07416132092475891 4.856749057769775 -0.2063145488500595 
v -0.076398566365242 4.8546142578125 -0.20414699614048004 
v -0.07651949673891068 4.848526954650879 -0.20865552127361298 
v -0.07772882282733917 4.848526954650879 -0.20547643303871155 
v -0.07416132092475891 4.840305328369141 -0.2063145488500595 
v -0.076398566365242 4.842433929443359 -0.20414699614048004 
v -0.07537064701318741 4.840305328369141 -0.19932055473327637 
v -0.07815208286046982 4.848526954650879 -0.19932055473327637 
v -0.07537064701318741 4.856749057769775 -0.19932055473327637 
v -0.07772882282733917 4.848526954650879 -0.19316469132900238 
v -0.076398566365242 4.8546142578125 -0.19452302157878876 
v -0.07416132092475891 4.856749057769775 -0.19232656061649323 
v -0.07651949673891068 4.848526954650879 -0.19001449644565582 
v -0.076398566365242 4.842433929443359 -0.19452302157878876 
v -0.07416132092475891 4.840305328369141 -0.19232656061649323 
v -0.07416132092475891 4.856749057769775 -0.19232656061649323 
v -0.076398566365242 4.8546142578125 -0.19452302157878876 
v -0.06714725494384766 4.859487533569336 -0.19932055473327637 
v -0.07537064701318741 4.856749057769775 -0.19932055473327637 
v -0.07198454439640045 4.8546142578125 -0.1901300996541977 
v -0.06714725494384766 4.856749057769775 -0.1911127269268036 
v -0.062370434403419495 4.8546142578125 -0.1901300996541977 
v -0.06019365414977074 4.856749057769775 -0.19232656061649323 
v -0.05795640870928764 4.8546142578125 -0.19452302157878876 
v -0.0589238665997982 4.856749057769775 -0.19932055473327637 
v -0.05795640870928764 4.8546142578125 -0.20414699614048004 
v -0.06019365414977074 4.856749057769775 -0.2063145488500595 
v -0.062370434403419495 4.8546142578125 -0.20851100981235504 
v -0.06714725494384766 4.856749057769775 -0.2075572907924652 
v -0.07198454439640045 4.8546142578125 -0.20851100981235504 
v -0.07416132092475891 4.856749057769775 -0.2063145488500595 
v -0.076398566365242 4.8546142578125 -0.20414699614048004 
v -0.07416132092475891 4.840305328369141 -0.2063145488500595 
v -0.076398566365242 4.842433929443359 -0.20414699614048004 
v -0.06714725494384766 4.837560653686523 -0.19932055473327637 
v -0.07537064701318741 4.840305328369141 -0.19932055473327637 
v -0.07198454439640045 4.842433929443359 -0.20851100981235504 
v -0.06714725494384766 4.840305328369141 -0.2075572907924652 
v -0.062370434403419495 4.842433929443359 -0.20851100981235504 
v -0.06019365414977074 4.840305328369141 -0.2063145488500595 
v -0.05795640870928764 4.842433929443359 -0.20414699614048004 
v -0.0589238665997982 4.840305328369141 -0.19932055473327637 
v -0.05795640870928764 4.842433929443359 -0.19452302157878876 
v -0.06019365414977074 4.840305328369141 -0.19232656061649323 
v -0.062370434403419495 4.842433929443359 -0.1901300996541977 
v -0.06714725494384766 4.840305328369141 -0.1911127269268036 
v -0.07198454439640045 4.842433929443359 -0.1901300996541977 
v -0.07416132092475891 4.840305328369141 -0.19232656061649323 
v -0.076398566365242 4.842433929443359 -0.19452302157878876 
v -0.966399073600769 4.669651031494141 0.5121015310287476 
v -0.9644036889076233 4.670907497406006 0.5124483704566956 
v -0.9672456383705139 4.666077136993408 0.512563943862915 
v -0.9651293158531189 4.666077136993408 0.5138933658599854 
v -0.966399073600769 4.662496566772461 0.5121015310287476 
v -0.9644036889076233 4.661240100860596 0.5124483704566956 
v -0.9627106785774231 4.666077136993408 0.5147892832756042 
v -0.9628920555114746 4.662496566772461 0.513835608959198 
v -0.9615013599395752 4.661240100860596 0.5130552649497986 
v -0.9612594842910767 4.666077136993408 0.5147315263748169 
v -0.9628920555114746 4.669651031494141 0.513835608959198 
v -0.9615013599395752 4.670907497406006 0.5130552649497986 
v -0.9581152200698853 4.669651031494141 0.5041537880897522 
v -0.9572687149047852 4.666077136993408 0.5036625266075134 
v -0.960110604763031 4.670907497406006 0.5037781000137329 
v -0.9593850374221802 4.666077136993408 0.5023330450057983 
v -0.9616222977638245 4.669651031494141 0.5023908615112305 
v -0.961803674697876 4.666077136993408 0.5014371275901794 
v -0.9632548689842224 4.666077136993408 0.5015238523483276 
v -0.9630129933357239 4.661240100860596 0.5031712055206299 
v -0.9616222977638245 4.662496566772461 0.5023908615112305 
v -0.960110604763031 4.661240100860596 0.5037781000137329 
v -0.9581152200698853 4.662496566772461 0.5041537880897522 
v -0.9630129933357239 4.670907497406006 0.5031712055206299 
v -0.962226927280426 4.659629821777344 0.5081132054328918 
v -0.9652502536773682 4.661240100860596 0.506639301776886 
v -0.9668828248977661 4.662496566772461 0.5089802742004395 
v -0.9677293300628662 4.666077136993408 0.5094715356826782 
v -0.9666409492492676 4.661240100860596 0.5105409026145935 
v -0.968092143535614 4.666077136993408 0.5113500952720642 
v -0.966399073600769 4.662496566772461 0.5121015310287476 
v -0.9672456383705139 4.666077136993408 0.512563943862915 
v -0.9666409492492676 4.670907497406006 0.5105409026145935 
v -0.966399073600769 4.669651031494141 0.5121015310287476 
v -0.9644036889076233 4.662496566772461 0.5039225816726685 
v -0.9662781357765198 4.666077136993408 0.5061479806900024 
v -0.9668828248977661 4.669651031494141 0.5089802742004395 
v -0.962226927280426 4.672517776489258 0.5081132054328918 
v -0.9652502536773682 4.670907497406006 0.506639301776886 
v -0.9645246267318726 4.666077136993408 0.5029689073562622 
v -0.9632548689842224 4.666077136993408 0.5015238523483276 
v -0.9630129933357239 4.661240100860596 0.5031712055206299 
v -0.9644036889076233 4.669651031494141 0.5039225816726685 
v -0.9630129933357239 4.670907497406006 0.5031712055206299 
v -0.9581152200698853 4.669651031494141 0.5041537880897522 
v -0.9572687149047852 4.666077136993408 0.5036625266075134 
v -0.9578733444213867 4.670907497406006 0.505714476108551 
v -0.9564222097396851 4.666077136993408 0.5049052238464355 
v -0.957631528377533 4.669651031494141 0.507246196269989 
v -0.9567849636077881 4.666077136993408 0.5067837834358215 
v -0.9582361578941345 4.666077136993408 0.5101073980331421 
v -0.9592640995979309 4.661240100860596 0.5096160769462585 
v -0.957631528377533 4.662496566772461 0.507246196269989 
v -0.9578733444213867 4.661240100860596 0.505714476108551 
v -0.962226927280426 4.659629821777344 0.5081132054328918 
v -0.962226927280426 4.672517776489258 0.5081132054328918 
v -0.9592640995979309 4.670907497406006 0.5096160769462585 
v -0.9599896669387817 4.666077136993408 0.5132864713668823 
v -0.960110604763031 4.662496566772461 0.5123327374458313 
v -0.9581152200698853 4.662496566772461 0.5041537880897522 
v -0.960110604763031 4.669651031494141 0.5123327374458313 
v -0.9615013599395752 4.670907497406006 0.5130552649497986 
v -0.9612594842910767 4.666077136993408 0.5147315263748169 
v -0.9615013599395752 4.661240100860596 0.5130552649497986 
v -0.9592640995979309 4.670907497406006 0.5096160769462585 
v -0.962226927280426 4.672517776489258 0.5081132054328918 
v -0.960110604763031 4.669651031494141 0.5123327374458313 
v -0.9615013599395752 4.670907497406006 0.5130552649497986 
v -0.9628920555114746 4.669651031494141 0.513835608959198 
v -0.9644036889076233 4.670907497406006 0.5124483704566956 
v -0.966399073600769 4.669651031494141 0.5121015310287476 
v -0.9666409492492676 4.670907497406006 0.5105409026145935 
v -0.9652502536773682 4.670907497406006 0.506639301776886 
v -0.962226927280426 4.672517776489258 0.5081132054328918 
v -0.9644036889076233 4.669651031494141 0.5039225816726685 
v -0.9630129933357239 4.670907497406006 0.5031712055206299 
v -0.9616222977638245 4.669651031494141 0.5023908615112305 
v -0.960110604763031 4.670907497406006 0.5037781000137329 
v -0.9581152200698853 4.669651031494141 0.5041537880897522 
v -0.9578733444213867 4.670907497406006 0.505714476108551 
v -0.9578733444213867 4.661240100860596 0.505714476108551 
v -0.962226927280426 4.659629821777344 0.5081132054328918 
v -0.9581152200698853 4.662496566772461 0.5041537880897522 
v -0.960110604763031 4.661240100860596 0.5037781000137329 
v -0.9616222977638245 4.662496566772461 0.5023908615112305 
v -0.9630129933357239 4.661240100860596 0.5031712055206299 
v -0.9644036889076233 4.662496566772461 0.5039225816726685 
v -0.9652502536773682 4.661240100860596 0.506639301776886 
v -0.9666409492492676 4.661240100860596 0.5105409026145935 
v -0.962226927280426 4.659629821777344 0.5081132054328918 
v -0.966399073600769 4.662496566772461 0.5121015310287476 
v -0.9644036889076233 4.661240100860596 0.5124483704566956 
v -0.9628920555114746 4.662496566772461 0.513835608959198 
v -0.9615013599395752 4.661240100860596 0.5130552649497986 
v -0.960110604763031 4.662496566772461 0.5123327374458313 
v -0.9592640995979309 4.661240100860596 0.5096160769462585 
v -0.9451150298118591 4.669651031494141 0.4707733988761902 
v -0.9460220336914062 4.666077136993408 0.47123581171035767 
v -0.9431196451187134 4.670907497406006 0.4711202085018158 
v -0.9438452124595642 4.666077136993408 0.472565233707428 
v -0.9416080117225647 4.669651031494141 0.47250744700431824 
v -0.9414870738983154 4.666077136993408 0.47346118092536926 
v -0.939975380897522 4.666077136993408 0.47337445616722107 
v -0.9402172565460205 4.661240100860596 0.4717271327972412 
v -0.9416080117225647 4.662496566772461 0.47250744700431824 
v -0.9431196451187134 4.661240100860596 0.4711202085018158 
v -0.9451150298118591 4.662496566772461 0.4707733988761902 
v -0.9402172565460205 4.670907497406006 0.4717271327972412 
v -0.9368311762809753 4.669651031494141 0.4628256857395172 
v -0.9388265609741211 4.670907497406006 0.46244996786117554 
v -0.9359846711158752 4.666077136993408 0.46233436465263367 
v -0.9381614327430725 4.666077136993408 0.46100491285324097 
v -0.9368311762809753 4.662496566772461 0.4628256857395172 
v -0.9388265609741211 4.661240100860596 0.46244996786117554 
v -0.9405196309089661 4.666077136993408 0.46010899543762207 
v -0.9403381943702698 4.662496566772461 0.4610627293586731 
v -0.941728949546814 4.661240100860596 0.4618430435657501 
v -0.9419707655906677 4.666077136993408 0.4601956903934479 
v -0.9403381943702698 4.669651031494141 0.4610627293586731 
v -0.941728949546814 4.670907497406006 0.4618430435657501 
v -0.9410033226013184 4.659629821777344 0.4667850732803345 
v -0.9455987811088562 4.662496566772461 0.4676521122455597 
v -0.9440266489982605 4.661240100860596 0.4653111398220062 
v -0.9464452862739563 4.666077136993408 0.4681145250797272 
v -0.9449940919876099 4.666077136993408 0.464790940284729 
v -0.9431196451187134 4.662496566772461 0.46259447932243347 
v -0.9453569054603577 4.661240100860596 0.46921274065971375 
v -0.9468080997467041 4.666077136993408 0.47002196311950684 
v -0.9455987811088562 4.669651031494141 0.4676521122455597 
v -0.9453569054603577 4.670907497406006 0.46921274065971375 
v -0.9410033226013184 4.672517776489258 0.4667850732803345 
v -0.9440266489982605 4.670907497406006 0.4653111398220062 
v -0.9432405829429626 4.666077136993408 0.46164074540138245 
v -0.9431196451187134 4.669651031494141 0.46259447932243347 
v -0.941728949546814 4.670907497406006 0.4618430435657501 
v -0.9419707655906677 4.666077136993408 0.4601956903934479 
v -0.941728949546814 4.661240100860596 0.4618430435657501 
v -0.9451150298118591 4.662496566772461 0.4707733988761902 
v -0.9460220336914062 4.666077136993408 0.47123581171035767 
v -0.9451150298118591 4.669651031494141 0.4707733988761902 
v -0.9368311762809753 4.669651031494141 0.4628256857395172 
v -0.9365893006324768 4.670907497406006 0.4643574059009552 
v -0.9359846711158752 4.666077136993408 0.46233436465263367 
v -0.9351381063461304 4.666077136993408 0.4635770916938782 
v -0.9368311762809753 4.662496566772461 0.4628256857395172 
v -0.9365893006324768 4.661240100860596 0.4643574059009552 
v -0.9355009198188782 4.666077136993408 0.46545565128326416 
v -0.9363474249839783 4.669651031494141 0.46591806411743164 
v -0.9369521141052246 4.666077136993408 0.46877923607826233 
v -0.937980055809021 4.670907497406006 0.4682879149913788 
v -0.9410033226013184 4.672517776489258 0.4667850732803345 
v -0.9363474249839783 4.662496566772461 0.46591806411743164 
v -0.937980055809021 4.661240100860596 0.4682879149913788 
v -0.9410033226013184 4.659629821777344 0.4667850732803345 
v -0.9388870000839233 4.662496566772461 0.47097569704055786 
v -0.9387056231498718 4.666077136993408 0.47195833921432495 
v -0.939975380897522 4.666077136993408 0.47337445616722107 
v -0.9402172565460205 4.670907497406006 0.4717271327972412 
v -0.9388870000839233 4.669651031494141 0.47097569704055786 
v -0.9402172565460205 4.661240100860596 0.4717271327972412 
v -0.937980055809021 4.670907497406006 0.4682879149913788 
v -0.9388870000839233 4.669651031494141 0.47097569704055786 
v -0.9410033226013184 4.672517776489258 0.4667850732803345 
v -0.9402172565460205 4.670907497406006 0.4717271327972412 
v -0.9416080117225647 4.669651031494141 0.47250744700431824 
v -0.9431196451187134 4.670907497406006 0.4711202085018158 
v -0.9451150298118591 4.669651031494141 0.4707733988761902 
v -0.9453569054603577 4.670907497406006 0.46921274065971375 
v -0.9440266489982605 4.670907497406006 0.4653111398220062 
v -0.9410033226013184 4.672517776489258 0.4667850732803345 
v -0.9431196451187134 4.669651031494141 0.46259447932243347 
v -0.941728949546814 4.670907497406006 0.4618430435657501 
v -0.9403381943702698 4.669651031494141 0.4610627293586731 
v -0.9388265609741211 4.670907497406006 0.46244996786117554 
v -0.9368311762809753 4.669651031494141 0.4628256857395172 
v -0.9365893006324768 4.670907497406006 0.4643574059009552 
v -0.9365893006324768 4.661240100860596 0.4643574059009552 
v -0.9410033226013184 4.659629821777344 0.4667850732803345 
v -0.9368311762809753 4.662496566772461 0.4628256857395172 
v -0.9388265609741211 4.661240100860596 0.46244996786117554 
v -0.9403381943702698 4.662496566772461 0.4610627293586731 
v -0.941728949546814 4.661240100860596 0.4618430435657501 
v -0.9431196451187134 4.662496566772461 0.46259447932243347 
v -0.9440266489982605 4.661240100860596 0.4653111398220062 
v -0.9453569054603577 4.661240100860596 0.46921274065971375 
v -0.9410033226013184 4.659629821777344 0.4667850732803345 
v -0.9451150298118591 4.662496566772461 0.4707733988761902 
v -0.9431196451187134 4.661240100860596 0.4711202085018158 
v -0.9416080117225647 4.662496566772461 0.47250744700431824 
v -0.9402172565460205 4.661240100860596 0.4717271327972412 
v -0.9388870000839233 4.662496566772461 0.47097569704055786 
v -0.937980055809021 4.661240100860596 0.4682879149913788 
v -0.9525523781776428 4.669651031494141 0.4845590591430664 
v -0.9533988833427429 4.666077136993408 0.4850214719772339 
v -0.95049649477005 4.670907497406006 0.484905868768692 
v -0.9512221217155457 4.666077136993408 0.4863509237766266 
v -0.9489848613739014 4.669651031494141 0.48629310727119446 
v -0.9488639235496521 4.666077136993408 0.4872468411922455 
v -0.9473522901535034 4.666077136993408 0.48718905448913574 
v -0.9476546049118042 4.661240100860596 0.4855417013168335 
v -0.9489848613739014 4.662496566772461 0.48629310727119446 
v -0.95049649477005 4.661240100860596 0.484905868768692 
v -0.9525523781776428 4.662496566772461 0.4845590591430664 
v -0.9476546049118042 4.670907497406006 0.4855417013168335 
v -0.944208025932312 4.669651031494141 0.47661134600639343 
v -0.9462034106254578 4.670907497406006 0.47623565793037415 
v -0.9433615207672119 4.666077136993408 0.4761200547218323 
v -0.9455382823944092 4.666077136993408 0.4747906029224396 
v -0.944208025932312 4.662496566772461 0.47661134600639343 
v -0.9462034106254578 4.661240100860596 0.47623565793037415 
v -0.9478964805603027 4.666077136993408 0.4738946855068207 
v -0.9477150440216064 4.662496566772461 0.4748484194278717 
v -0.9491057991981506 4.661240100860596 0.47562873363494873 
v -0.9493476748466492 4.666077136993408 0.4739813804626465 
v -0.9477150440216064 4.669651031494141 0.4748484194278717 
v -0.9491057991981506 4.670907497406006 0.47562873363494873 
v -0.948380172252655 4.659629821777344 0.4805707633495331 
v -0.9529756307601929 4.662496566772461 0.4814377725124359 
v -0.9514034986495972 4.661240100860596 0.47909682989120483 
v -0.953822135925293 4.666077136993408 0.48192909359931946 
v -0.9523709416389465 4.666077136993408 0.4786055088043213 
v -0.95049649477005 4.662496566772461 0.4763801395893097 
v -0.9527337551116943 4.661240100860596 0.48299843072891235 
v -0.9541849493980408 4.666077136993408 0.48380765318870544 
v -0.9529756307601929 4.669651031494141 0.4814377725124359 
v -0.9527337551116943 4.670907497406006 0.48299843072891235 
v -0.948380172252655 4.672517776489258 0.4805707633495331 
v -0.9514034986495972 4.670907497406006 0.47909682989120483 
v -0.9506174325942993 4.666077136993408 0.47542643547058105 
v -0.95049649477005 4.669651031494141 0.4763801395893097 
v -0.9491057991981506 4.670907497406006 0.47562873363494873 
v -0.9493476748466492 4.666077136993408 0.4739813804626465 
v -0.9491057991981506 4.661240100860596 0.47562873363494873 
v -0.9525523781776428 4.662496566772461 0.4845590591430664 
v -0.9533988833427429 4.666077136993408 0.4850214719772339 
v -0.9525523781776428 4.669651031494141 0.4845590591430664 
v -0.944208025932312 4.669651031494141 0.47661134600639343 
v -0.9439661502838135 4.670907497406006 0.4781720042228699 
v -0.9433615207672119 4.666077136993408 0.4761200547218323 
v -0.942514955997467 4.666077136993408 0.4773627817630768 
v -0.944208025932312 4.662496566772461 0.47661134600639343 
v -0.9439661502838135 4.661240100860596 0.4781720042228699 
v -0.9428777694702148 4.666077136993408 0.4792413115501404 
v -0.9437243342399597 4.669651031494141 0.47970372438430786 
v -0.9443289637565613 4.666077136993408 0.48256492614746094 
v -0.9453569054603577 4.670907497406006 0.4820736050605774 
v -0.948380172252655 4.672517776489258 0.4805707633495331 
v -0.9437243342399597 4.662496566772461 0.47970372438430786 
v -0.9453569054603577 4.661240100860596 0.4820736050605774 
v -0.948380172252655 4.659629821777344 0.4805707633495331 
v -0.9462639093399048 4.662496566772461 0.48479026556015015 
v -0.9460824728012085 4.666077136993408 0.48574399948120117 
v -0.9473522901535034 4.666077136993408 0.48718905448913574 
v -0.9476546049118042 4.670907497406006 0.4855417013168335 
v -0.9462639093399048 4.669651031494141 0.48479026556015015 
v -0.9476546049118042 4.661240100860596 0.4855417013168335 
v -0.9453569054603577 4.670907497406006 0.4820736050605774 
v -0.9462639093399048 4.669651031494141 0.48479026556015015 
v -0.948380172252655 4.672517776489258 0.4805707633495331 
v -0.9476546049118042 4.670907497406006 0.4855417013168335 
v -0.9489848613739014 4.669651031494141 0.48629310727119446 
v -0.95049649477005 4.670907497406006 0.484905868768692 
v -0.9525523781776428 4.669651031494141 0.4845590591430664 
v -0.9527337551116943 4.670907497406006 0.48299843072891235 
v -0.9514034986495972 4.670907497406006 0.47909682989120483 
v -0.948380172252655 4.672517776489258 0.4805707633495331 
v -0.95049649477005 4.669651031494141 0.4763801395893097 
v -0.9491057991981506 4.670907497406006 0.47562873363494873 
v -0.9477150440216064 4.669651031494141 0.4748484194278717 
v -0.9462034106254578 4.670907497406006 0.47623565793037415 
v -0.944208025932312 4.669651031494141 0.47661134600639343 
v -0.9439661502838135 4.670907497406006 0.4781720042228699 
v -0.9439661502838135 4.661240100860596 0.4781720042228699 
v -0.948380172252655 4.659629821777344 0.4805707633495331 
v -0.944208025932312 4.662496566772461 0.47661134600639343 
v -0.9462034106254578 4.661240100860596 0.47623565793037415 
v -0.9477150440216064 4.662496566772461 0.4748484194278717 
v -0.9491057991981506 4.661240100860596 0.47562873363494873 
v -0.95049649477005 4.662496566772461 0.4763801395893097 
v -0.9514034986495972 4.661240100860596 0.47909682989120483 
v -0.9527337551116943 4.661240100860596 0.48299843072891235 
v -0.948380172252655 4.659629821777344 0.4805707633495331 
v -0.9525523781776428 4.662496566772461 0.4845590591430664 
v -0.95049649477005 4.661240100860596 0.484905868768692 
v -0.9489848613739014 4.662496566772461 0.48629310727119446 
v -0.9476546049118042 4.661240100860596 0.4855417013168335 
v -0.9462639093399048 4.662496566772461 0.48479026556015015 
v -0.9453569054603577 4.661240100860596 0.4820736050605774 
v -0.959687352180481 4.669651031494141 0.4984314441680908 
v -0.960533857345581 4.666077136993408 0.4988938570022583 
v -0.957631528377533 4.670907497406006 0.49877825379371643 
v -0.9583570957183838 4.666077136993408 0.5002232789993286 
v -0.9561198353767395 4.669651031494141 0.5001655220985413 
v -0.9559988975524902 4.666077136993408 0.5011192560195923 
v -0.9544872641563416 4.666077136993408 0.5010614395141602 
v -0.9547895789146423 4.661240100860596 0.49938517808914185 
v -0.9561198353767395 4.662496566772461 0.5001655220985413 
v -0.957631528377533 4.661240100860596 0.49877825379371643 
v -0.959687352180481 4.662496566772461 0.4984314441680908 
v -0.9547895789146423 4.670907497406006 0.49938517808914185 
v -0.9513430595397949 4.669651031494141 0.49048373103141785 
v -0.9533988833427429 4.670907497406006 0.49010801315307617 
v -0.95049649477005 4.666077136993408 0.4899924099445343 
v -0.9526733160018921 4.666077136993408 0.488662987947464 
v -0.9513430595397949 4.662496566772461 0.49048373103141785 
v -0.9533988833427429 4.661240100860596 0.49010801315307617 
v -0.9550314545631409 4.666077136993408 0.4877670705318451 
v -0.9549105167388916 4.662496566772461 0.48872077465057373 
v -0.9562407732009888 4.661240100860596 0.48950111865997314 
v -0.9564826488494873 4.666077136993408 0.4878537654876709 
v -0.9549105167388916 4.669651031494141 0.48872077465057373 
v -0.9562407732009888 4.670907497406006 0.48950111865997314 
v -0.9555152058601379 4.659629821777344 0.4944431483745575 
v -0.960110604763031 4.662496566772461 0.4953101575374603 
v -0.9585384726524353 4.661240100860596 0.49296921491622925 
v -0.9609571695327759 4.666077136993408 0.49580147862434387 
v -0.9595059752464294 4.666077136993408 0.4924778938293457 
v -0.957631528377533 4.662496566772461 0.4902525246143341 
v -0.9598687291145325 4.661240100860596 0.49687081575393677 
v -0.9613804221153259 4.666077136993408 0.49768003821372986 
v -0.960110604763031 4.669651031494141 0.4953101575374603 
v -0.9598687291145325 4.670907497406006 0.49687081575393677 
v -0.9555152058601379 4.672517776489258 0.4944431483745575 
v -0.9585384726524353 4.670907497406006 0.49296921491622925 
v -0.9577524662017822 4.666077136993408 0.4892987906932831 
v -0.957631528377533 4.669651031494141 0.4902525246143341 
v -0.9562407732009888 4.670907497406006 0.48950111865997314 
v -0.9564826488494873 4.666077136993408 0.4878537654876709 
v -0.9562407732009888 4.661240100860596 0.48950111865997314 
v -0.959687352180481 4.662496566772461 0.4984314441680908 
v -0.960533857345581 4.666077136993408 0.4988938570022583 
v -0.959687352180481 4.669651031494141 0.4984314441680908 
v -0.9513430595397949 4.669651031494141 0.49048373103141785 
v -0.9511011838912964 4.670907497406006 0.4920443892478943 
v -0.95049649477005 4.666077136993408 0.4899924099445343 
v -0.94964998960495 4.666077136993408 0.4912351667881012 
v -0.9513430595397949 4.662496566772461 0.49048373103141785 
v -0.9511011838912964 4.661240100860596 0.4920443892478943 
v -0.9500128030776978 4.666077136993408 0.4931136965751648 
v -0.9508593082427979 4.669651031494141 0.4935761094093323 
v -0.9514639377593994 4.666077136993408 0.49643731117248535 
v -0.9524918794631958 4.670907497406006 0.4959459900856018 
v -0.9555152058601379 4.672517776489258 0.4944431483745575 
v -0.9508593082427979 4.662496566772461 0.4935761094093323 
v -0.9524918794631958 4.661240100860596 0.4959459900856018 
v -0.9555152058601379 4.659629821777344 0.4944431483745575 
v -0.9533988833427429 4.662496566772461 0.49866265058517456 
v -0.9532175064086914 4.666077136993408 0.4996163845062256 
v -0.9544872641563416 4.666077136993408 0.5010614395141602 
v -0.9547895789146423 4.670907497406006 0.49938517808914185 
v -0.9533988833427429 4.669651031494141 0.49866265058517456 
v -0.9547895789146423 4.661240100860596 0.49938517808914185 
v -0.9524918794631958 4.670907497406006 0.4959459900856018 
v -0.9533988833427429 4.669651031494141 0.49866265058517456 
v -0.9555152058601379 4.672517776489258 0.4944431483745575 
v -0.9547895789146423 4.670907497406006 0.49938517808914185 
v -0.9561198353767395 4.669651031494141 0.5001655220985413 
v -0.957631528377533 4.670907497406006 0.49877825379371643 
v -0.959687352180481 4.669651031494141 0.4984314441680908 
v -0.9598687291145325 4.670907497406006 0.49687081575393677 
v -0.9585384726524353 4.670907497406006 0.49296921491622925 
v -0.9555152058601379 4.672517776489258 0.4944431483745575 
v -0.957631528377533 4.669651031494141 0.4902525246143341 
v -0.9562407732009888 4.670907497406006 0.48950111865997314 
v -0.9549105167388916 4.669651031494141 0.48872077465057373 
v -0.9533988833427429 4.670907497406006 0.49010801315307617 
v -0.9513430595397949 4.669651031494141 0.49048373103141785 
v -0.9511011838912964 4.670907497406006 0.4920443892478943 
v -0.9511011838912964 4.661240100860596 0.4920443892478943 
v -0.9555152058601379 4.659629821777344 0.4944431483745575 
v -0.9513430595397949 4.662496566772461 0.49048373103141785 
v -0.9533988833427429 4.661240100860596 0.49010801315307617 
v -0.9549105167388916 4.662496566772461 0.48872077465057373 
v -0.9562407732009888 4.661240100860596 0.48950111865997314 
v -0.957631528377533 4.662496566772461 0.4902525246143341 
v -0.9585384726524353 4.661240100860596 0.49296921491622925 
v -0.9598687291145325 4.661240100860596 0.49687081575393677 
v -0.9555152058601379 4.659629821777344 0.4944431483745575 
v -0.959687352180481 4.662496566772461 0.4984314441680908 
v -0.957631528377533 4.661240100860596 0.49877825379371643 
v -0.9561198353767395 4.662496566772461 0.5001655220985413 
v -0.9547895789146423 4.661240100860596 0.49938517808914185 
v -0.9533988833427429 4.662496566772461 0.49866265058517456 
v -0.9524918794631958 4.661240100860596 0.4959459900856018 
v -0.9310263991355896 4.669651031494141 0.44392454624176025 
v -0.9318729639053345 4.666077136993408 0.44438695907592773 
v -0.9290310144424438 4.670907497406006 0.44427135586738586 
v -0.9297566413879395 4.666077136993408 0.44571641087532043 
v -0.9275193810462952 4.669651031494141 0.4456585943698883 
v -0.9273984432220459 4.666077136993408 0.44661232829093933 
v -0.9258868098258972 4.666077136993408 0.4465256333351135 
v -0.9261286854743958 4.661240100860596 0.4448782801628113 
v -0.9275193810462952 4.662496566772461 0.4456585943698883 
v -0.9290310144424438 4.661240100860596 0.44427135586738586 
v -0.9310263991355896 4.662496566772461 0.44392454624176025 
v -0.9261286854743958 4.670907497406006 0.4448782801628113 
v -0.9227425456047058 4.669651031494141 0.4359479248523712 
v -0.9247379302978516 4.670907497406006 0.4356011152267456 
v -0.9218960404396057 4.666077136993408 0.43548551201820374 
v -0.9240123629570007 4.666077136993408 0.4341560900211334 
v -0.9227425456047058 4.662496566772461 0.4359479248523712 
v -0.9247379302978516 4.661240100860596 0.4356011152267456 
v -0.9264310002326965 4.666077136993408 0.43326014280319214 
v -0.926249623298645 4.662496566772461 0.43421387672424316 
v -0.9276403188705444 4.661240100860596 0.4349941909313202 
v -0.927882194519043 4.666077136993408 0.43334686756134033 
v -0.926249623298645 4.669651031494141 0.43421387672424316 
v -0.9276403188705444 4.670907497406006 0.4349941909313202 
v -0.9269147515296936 4.659629821777344 0.43993625044822693 
v -0.9315101504325867 4.662496566772461 0.44080325961112976 
v -0.9298775792121887 4.661240100860596 0.4384334087371826 
v -0.9323566555976868 4.666077136993408 0.44126567244529724 
v -0.9309055209159851 4.666077136993408 0.4379420876502991 
v -0.9290310144424438 4.662496566772461 0.43574562668800354 
v -0.9312682747840881 4.661240100860596 0.4423639178276062 
v -0.9327194690704346 4.666077136993408 0.4431731402873993 
v -0.9315101504325867 4.669651031494141 0.44080325961112976 
v -0.9312682747840881 4.670907497406006 0.4423639178276062 
v -0.9269147515296936 4.672517776489258 0.43993625044822693 
v -0.9298775792121887 4.670907497406006 0.4384334087371826 
v -0.9291519522666931 4.666077136993408 0.43476298451423645 
v -0.9290310144424438 4.669651031494141 0.43574562668800354 
v -0.9276403188705444 4.670907497406006 0.4349941909313202 
v -0.927882194519043 4.666077136993408 0.43334686756134033 
v -0.9276403188705444 4.661240100860596 0.4349941909313202 
v -0.9310263991355896 4.662496566772461 0.44392454624176025 
v -0.9318729639053345 4.666077136993408 0.44438695907592773 
v -0.9310263991355896 4.669651031494141 0.44392454624176025 
v -0.9227425456047058 4.669651031494141 0.4359479248523712 
v -0.922500729560852 4.670907497406006 0.43750858306884766 
v -0.9218960404396057 4.666077136993408 0.43548551201820374 
v -0.9210495352745056 4.666077136993408 0.43669936060905457 
v -0.9227425456047058 4.662496566772461 0.4359479248523712 
v -0.922500729560852 4.661240100860596 0.43750858306884766 
v -0.9214122891426086 4.666077136993408 0.43860679864883423 
v -0.9222588539123535 4.669651031494141 0.4390692114830017 
v -0.9228634834289551 4.666077136993408 0.4419303834438324 
v -0.9238914251327515 4.670907497406006 0.44143909215927124 
v -0.9269147515296936 4.672517776489258 0.43993625044822693 
v -0.9222588539123535 4.662496566772461 0.4390692114830017 
v -0.9238914251327515 4.661240100860596 0.44143909215927124 
v -0.9269147515296936 4.659629821777344 0.43993625044822693 
v -0.9247984290122986 4.662496566772461 0.44412684440612793 
v -0.9246169924736023 4.666077136993408 0.445109486579895 
v -0.9258868098258972 4.666077136993408 0.4465256333351135 
v -0.9261286854743958 4.670907497406006 0.4448782801628113 
v -0.9247984290122986 4.669651031494141 0.44412684440612793 
v -0.9261286854743958 4.661240100860596 0.4448782801628113 
v -0.9238914251327515 4.670907497406006 0.44143909215927124 
v -0.9247984290122986 4.669651031494141 0.44412684440612793 
v -0.9269147515296936 4.672517776489258 0.43993625044822693 
v -0.9261286854743958 4.670907497406006 0.4448782801628113 
v -0.9275193810462952 4.669651031494141 0.4456585943698883 
v -0.9290310144424438 4.670907497406006 0.44427135586738586 
v -0.9310263991355896 4.669651031494141 0.44392454624176025 
v -0.9312682747840881 4.670907497406006 0.4423639178276062 
v -0.9298775792121887 4.670907497406006 0.4384334087371826 
v -0.9269147515296936 4.672517776489258 0.43993625044822693 
v -0.9290310144424438 4.669651031494141 0.43574562668800354 
v -0.9276403188705444 4.670907497406006 0.4349941909313202 
v -0.926249623298645 4.669651031494141 0.43421387672424316 
v -0.9247379302978516 4.670907497406006 0.4356011152267456 
v -0.9227425456047058 4.669651031494141 0.4359479248523712 
v -0.922500729560852 4.670907497406006 0.43750858306884766 
v -0.922500729560852 4.661240100860596 0.43750858306884766 
v -0.9269147515296936 4.659629821777344 0.43993625044822693 
v -0.9227425456047058 4.662496566772461 0.4359479248523712 
v -0.9247379302978516 4.661240100860596 0.4356011152267456 
v -0.926249623298645 4.662496566772461 0.43421387672424316 
v -0.9276403188705444 4.661240100860596 0.4349941909313202 
v -0.9290310144424438 4.662496566772461 0.43574562668800354 
v -0.9298775792121887 4.661240100860596 0.4384334087371826 
v -0.9312682747840881 4.661240100860596 0.4423639178276062 
v -0.9269147515296936 4.659629821777344 0.43993625044822693 
v -0.9310263991355896 4.662496566772461 0.44392454624176025 
v -0.9290310144424438 4.661240100860596 0.44427135586738586 
v -0.9275193810462952 4.662496566772461 0.4456585943698883 
v -0.9261286854743958 4.661240100860596 0.4448782801628113 
v -0.9247984290122986 4.662496566772461 0.44412684440612793 
v -0.9238914251327515 4.661240100860596 0.44143909215927124 
v -0.9382823705673218 4.669651031494141 0.45710331201553345 
v -0.9391288757324219 4.666077136993408 0.4575657248497009 
v -0.936286985874176 4.670907497406006 0.45745012164115906 
v -0.9370125532150269 4.666077136993408 0.45889517664909363 
v -0.9347753524780273 4.669651031494141 0.4588373601436615 
v -0.9346544146537781 4.666077136993408 0.4598200023174286 
v -0.9331427216529846 4.666077136993408 0.4597332775592804 
v -0.9333845973014832 4.661240100860596 0.45808595418930054 
v -0.9347753524780273 4.662496566772461 0.4588373601436615 
v -0.936286985874176 4.661240100860596 0.45745012164115906 
v -0.9382823705673218 4.662496566772461 0.45710331201553345 
v -0.9333845973014832 4.670907497406006 0.45808595418930054 
v -0.929998517036438 4.669651031494141 0.4491555988788605 
v -0.9319939017295837 4.670907497406006 0.44880878925323486 
v -0.9291519522666931 4.666077136993408 0.448693186044693 
v -0.9312682747840881 4.666077136993408 0.4473637342453003 
v -0.929998517036438 4.662496566772461 0.4491555988788605 
v -0.9319939017295837 4.661240100860596 0.44880878925323486 
v -0.9336869120597839 4.666077136993408 0.44643890857696533 
v -0.9335055351257324 4.662496566772461 0.4474215507507324 
v -0.9348962306976318 4.661240100860596 0.4481729567050934 
v -0.9351381063461304 4.666077136993408 0.4465256333351135 
v -0.9335055351257324 4.669651031494141 0.4474215507507324 
v -0.9348962306976318 4.670907497406006 0.4481729567050934 
v -0.934170663356781 4.659629821777344 0.4531438946723938 
v -0.9387660622596741 4.662496566772461 0.454010933637619 
v -0.9371334910392761 4.661240100860596 0.4516410529613495 
v -0.939612627029419 4.666077136993408 0.4544733464717865 
v -0.9381614327430725 4.666077136993408 0.45114976167678833 
v -0.936286985874176 4.662496566772461 0.44892439246177673 
v -0.9385242462158203 4.661240100860596 0.4555426836013794 
v -0.939975380897522 4.666077136993408 0.4563519060611725 
v -0.9387660622596741 4.669651031494141 0.454010933637619 
v -0.9385242462158203 4.670907497406006 0.4555426836013794 
v -0.934170663356781 4.672517776489258 0.4531438946723938 
v -0.9371334910392761 4.670907497406006 0.4516410529613495 
v -0.9364079236984253 4.666077136993408 0.4479706585407257 
v -0.936286985874176 4.669651031494141 0.44892439246177673 
v -0.9348962306976318 4.670907497406006 0.4481729567050934 
v -0.9351381063461304 4.666077136993408 0.4465256333351135 
v -0.9348962306976318 4.661240100860596 0.4481729567050934 
v -0.9382823705673218 4.662496566772461 0.45710331201553345 
v -0.9391288757324219 4.666077136993408 0.4575657248497009 
v -0.9382823705673218 4.669651031494141 0.45710331201553345 
v -0.929998517036438 4.669651031494141 0.4491555988788605 
v -0.9297566413879395 4.670907497406006 0.4507162272930145 
v -0.9291519522666931 4.666077136993408 0.448693186044693 
v -0.928305447101593 4.666077136993408 0.44990700483322144 
v -0.929998517036438 4.662496566772461 0.4491555988788605 
v -0.9297566413879395 4.661240100860596 0.4507162272930145 
v -0.9286682605743408 4.666077136993408 0.4517855644226074 
v -0.9295147657394409 4.669651031494141 0.4522479772567749 
v -0.9301194548606873 4.666077136993408 0.4551091492176056 
v -0.9311473369598389 4.670907497406006 0.45461785793304443 
v -0.934170663356781 4.672517776489258 0.4531438946723938 
v -0.9295147657394409 4.662496566772461 0.4522479772567749 
v -0.9311473369598389 4.661240100860596 0.45461785793304443 
v -0.934170663356781 4.659629821777344 0.4531438946723938 
v -0.932054340839386 4.662496566772461 0.4573345184326172 
v -0.9318729639053345 4.666077136993408 0.4582882523536682 
v -0.9331427216529846 4.666077136993408 0.4597332775592804 
v -0.9333845973014832 4.670907497406006 0.45808595418930054 
v -0.932054340839386 4.669651031494141 0.4573345184326172 
v -0.9333845973014832 4.661240100860596 0.45808595418930054 
v -0.9311473369598389 4.670907497406006 0.45461785793304443 
v -0.932054340839386 4.669651031494141 0.4573345184326172 
v -0.934170663356781 4.672517776489258 0.4531438946723938 
v -0.9333845973014832 4.670907497406006 0.45808595418930054 
v -0.9347753524780273 4.669651031494141 0.4588373601436615 
v -0.936286985874176 4.670907497406006 0.45745012164115906 
v -0.9382823705673218 4.669651031494141 0.45710331201553345 
v -0.9385242462158203 4.670907497406006 0.4555426836013794 
v -0.9371334910392761 4.670907497406006 0.4516410529613495 
v -0.934170663356781 4.672517776489258 0.4531438946723938 
v -0.936286985874176 4.669651031494141 0.44892439246177673 
v -0.9348962306976318 4.670907497406006 0.4481729567050934 
v -0.9335055351257324 4.669651031494141 0.4474215507507324 
v -0.9319939017295837 4.670907497406006 0.44880878925323486 
v -0.929998517036438 4.669651031494141 0.4491555988788605 
v -0.9297566413879395 4.670907497406006 0.4507162272930145 
v -0.9297566413879395 4.661240100860596 0.4507162272930145 
v -0.934170663356781 4.659629821777344 0.4531438946723938 
v -0.929998517036438 4.662496566772461 0.4491555988788605 
v -0.9319939017295837 4.661240100860596 0.44880878925323486 
v -0.9335055351257324 4.662496566772461 0.4474215507507324 
v -0.9348962306976318 4.661240100860596 0.4481729567050934 
v -0.936286985874176 4.662496566772461 0.44892439246177673 
v -0.9371334910392761 4.661240100860596 0.4516410529613495 
v -0.9385242462158203 4.661240100860596 0.4555426836013794 
v -0.934170663356781 4.659629821777344 0.4531438946723938 
v -0.9382823705673218 4.662496566772461 0.45710331201553345 
v -0.936286985874176 4.661240100860596 0.45745012164115906 
v -0.9347753524780273 4.662496566772461 0.4588373601436615 
v -0.9333845973014832 4.661240100860596 0.45808595418930054 
v -0.932054340839386 4.662496566772461 0.4573345184326172 
v -0.9311473369598389 4.661240100860596 0.45461785793304443 
v -0.9790365099906921 4.669651031494141 0.5415514707565308 
v -0.979762077331543 4.666077136993408 0.5421583652496338 
v -0.9769806861877441 4.670907497406006 0.5415514707565308 
v -0.9774039387702942 4.666077136993408 0.5431120991706848 
v -0.9752271175384521 4.669651031494141 0.5426496863365173 
v -0.9749248027801514 4.666077136993408 0.5435745120048523 
v -0.9734736084938049 4.666077136993408 0.5432276725769043 
v -0.9740177989006042 4.661240100860596 0.5416670441627502 
v -0.9752271175384521 4.662496566772461 0.5426496863365173 
v -0.9769806861877441 4.661240100860596 0.5415514707565308 
v -0.9790365099906921 4.662496566772461 0.5415514707565308 
v -0.9740177989006042 4.670907497406006 0.5416670441627502 
v -0.972264289855957 4.669651031494141 0.5322743058204651 
v -0.9743201732635498 4.670907497406006 0.5322743058204651 
v -0.9714782238006592 4.666077136993408 0.5316673517227173 
v -0.9738364219665527 4.666077136993408 0.530713677406311 
v -0.972264289855957 4.662496566772461 0.5322743058204651 
v -0.9743201732635498 4.661240100860596 0.5322743058204651 
v -0.9763155579566956 4.666077136993408 0.5302512645721436 
v -0.97601318359375 4.662496566772461 0.5311760902404785 
v -0.9772225022315979 4.661240100860596 0.5321586728096008 
v -0.9777666926383972 4.666077136993408 0.5305980443954468 
v -0.97601318359375 4.669651031494141 0.5311760902404785 
v -0.9772225022315979 4.670907497406006 0.5321586728096008 
v -0.9772225022315979 4.661240100860596 0.5321586728096008 
v -0.9784923195838928 4.662496566772461 0.5331413149833679 
v -0.9777666926383972 4.666077136993408 0.5305980443954468 
v -0.9787946343421936 4.666077136993408 0.532216489315033 
v -0.9799435138702393 4.666077136993408 0.535655677318573 
v -0.9788551330566406 4.670907497406006 0.5359736084938049 
v -0.975650429725647 4.659629821777344 0.5368984341621399 
v -0.9788551330566406 4.661240100860596 0.5359736084938049 
v -0.9800644516944885 4.662496566772461 0.5385746955871582 
v -0.9807900190353394 4.666077136993408 0.5391815900802612 
v -0.9795202612876892 4.661240100860596 0.5400485992431641 
v -0.9808505177497864 4.666077136993408 0.5411179661750793 
v -0.9790365099906921 4.662496566772461 0.5415514707565308 
v -0.979762077331543 4.666077136993408 0.5421583652496338 
v -0.9795202612876892 4.670907497406006 0.5400485992431641 
v -0.9790365099906921 4.669651031494141 0.5415514707565308 
v -0.9800644516944885 4.669651031494141 0.5385746955871582 
v -0.975650429725647 4.672517776489258 0.5368984341621399 
v -0.9784923195838928 4.669651031494141 0.5331413149833679 
v -0.9772225022315979 4.670907497406006 0.5321586728096008 
v -0.9728084802627563 4.669651031494141 0.5406844019889832 
v -0.9725061655044556 4.666077136993408 0.5416092276573181 
v -0.9723852276802063 4.670907497406006 0.5378521680831909 
v -0.9713572859764099 4.666077136993408 0.5381700396537781 
v -0.9712364077568054 4.669651031494141 0.5352510809898376 
v -0.9705107808113098 4.666077136993408 0.5346441864967346 
v -0.9723852276802063 4.661240100860596 0.5378521680831909 
v -0.9728084802627563 4.662496566772461 0.5406844019889832 
v -0.9734736084938049 4.666077136993408 0.5432276725769043 
v -0.9740177989006042 4.670907497406006 0.5416670441627502 
v -0.975650429725647 4.672517776489258 0.5368984341621399 
v -0.9740177989006042 4.661240100860596 0.5416670441627502 
v -0.975650429725647 4.659629821777344 0.5368984341621399 
v -0.9712364077568054 4.662496566772461 0.5352510809898376 
v -0.9717200994491577 4.661240100860596 0.533777117729187 
v -0.9704503417015076 4.666077136993408 0.5327078104019165 
v -0.972264289855957 4.662496566772461 0.5322743058204651 
v -0.9714782238006592 4.666077136993408 0.5316673517227173 
v -0.9717200994491577 4.670907497406006 0.533777117729187 
v -0.972264289855957 4.669651031494141 0.5322743058204651 
v -0.9740177989006042 4.670907497406006 0.5416670441627502 
v -0.9752271175384521 4.669651031494141 0.5426496863365173 
v -0.975650429725647 4.672517776489258 0.5368984341621399 
v -0.9769806861877441 4.670907497406006 0.5415514707565308 
v -0.9790365099906921 4.669651031494141 0.5415514707565308 
v -0.9795202612876892 4.670907497406006 0.5400485992431641 
v -0.9772225022315979 4.670907497406006 0.5321586728096008 
v -0.975650429725647 4.672517776489258 0.5368984341621399 
v -0.97601318359375 4.669651031494141 0.5311760902404785 
v -0.9743201732635498 4.670907497406006 0.5322743058204651 
v -0.972264289855957 4.669651031494141 0.5322743058204651 
v -0.9717200994491577 4.670907497406006 0.533777117729187 
v -0.9717200994491577 4.661240100860596 0.533777117729187 
v -0.975650429725647 4.659629821777344 0.5368984341621399 
v -0.972264289855957 4.662496566772461 0.5322743058204651 
v -0.9743201732635498 4.661240100860596 0.5322743058204651 
v -0.97601318359375 4.662496566772461 0.5311760902404785 
v -0.9772225022315979 4.661240100860596 0.5321586728096008 
v -0.9795202612876892 4.661240100860596 0.5400485992431641 
v -0.975650429725647 4.659629821777344 0.5368984341621399 
v -0.9790365099906921 4.662496566772461 0.5415514707565308 
v -0.9769806861877441 4.661240100860596 0.5415514707565308 
v -0.9752271175384521 4.662496566772461 0.5426496863365173 
v -0.9740177989006042 4.661240100860596 0.5416670441627502 
v -0.9844784736633301 4.669651031494141 0.5560596585273743 
v -0.9852040410041809 4.666077136993408 0.5566665530204773 
v -0.9824225902557373 4.670907497406006 0.5560596585273743 
v -0.9828459024429321 4.666077136993408 0.5575913786888123 
v -0.9806690812110901 4.669651031494141 0.5571578741073608 
v -0.9803667664527893 4.666077136993408 0.5580537915229797 
v -0.9789155721664429 4.666077136993408 0.5577359199523926 
v -0.9794597625732422 4.661240100860596 0.5561463832855225 
v -0.9806690812110901 4.662496566772461 0.5571578741073608 
v -0.9824225902557373 4.661240100860596 0.5560596585273743 
v -0.9844784736633301 4.662496566772461 0.5560596585273743 
v -0.9794597625732422 4.670907497406006 0.5561463832855225 
v -0.9776458144187927 4.669651031494141 0.5467535853385925 
v -0.9797016382217407 4.670907497406006 0.5467535853385925 
v -0.9769201874732971 4.666077136993408 0.5461466908454895 
v -0.9792783856391907 4.666077136993408 0.5452218651771545 
v -0.9776458144187927 4.662496566772461 0.5467535853385925 
v -0.9797016382217407 4.661240100860596 0.5467535853385925 
v -0.9817574620246887 4.666077136993408 0.5447594523429871 
v -0.9814551472663879 4.662496566772461 0.545655369758606 
v -0.9826644659042358 4.661240100860596 0.5466669201850891 
v -0.9832086563110352 4.666077136993408 0.5450773239135742 
v -0.9814551472663879 4.669651031494141 0.545655369758606 
v -0.9826644659042358 4.670907497406006 0.5466669201850891 
v -0.9826644659042358 4.661240100860596 0.5466669201850891 
v -0.9838737845420837 4.662496566772461 0.5476495027542114 
v -0.9832086563110352 4.666077136993408 0.5450773239135742 
v -0.9841760993003845 4.666077136993408 0.5467246770858765 
v -0.9853854775428772 4.666077136993408 0.5501638650894165 
v -0.9842970371246338 4.670907497406006 0.5504817962646484 
v -0.9810318946838379 4.659629821777344 0.5514066219329834 
v -0.9842970371246338 4.661240100860596 0.5504817962646484 
v -0.9854459166526794 4.662496566772461 0.5530828833580017 
v -0.9862319827079773 4.666077136993408 0.5536897778511047 
v -0.9849621653556824 4.661240100860596 0.5545567870140076 
v -0.9862319827079773 4.666077136993408 0.5555972456932068 
v -0.9844784736633301 4.662496566772461 0.5560596585273743 
v -0.9852040410041809 4.666077136993408 0.5566665530204773 
v -0.9849621653556824 4.670907497406006 0.5545567870140076 
v -0.9844784736633301 4.669651031494141 0.5560596585273743 
v -0.9854459166526794 4.669651031494141 0.5530828833580017 
v -0.9810318946838379 4.672517776489258 0.5514066219329834 
v -0.9838737845420837 4.669651031494141 0.5476495027542114 
v -0.9826644659042358 4.670907497406006 0.5466669201850891 
v -0.9782504439353943 4.669651031494141 0.5551637411117554 
v -0.9779481291770935 4.666077136993408 0.5560885667800903 
v -0.9778271913528442 4.670907497406006 0.5523314476013184 
v -0.9767388105392456 4.666077136993408 0.5526493787765503 
v -0.9766783118247986 4.669651031494141 0.5497303605079651 
v -0.9758922457695007 4.666077136993408 0.5491234660148621 
v -0.9778271913528442 4.661240100860596 0.5523314476013184 
v -0.9782504439353943 4.662496566772461 0.5551637411117554 
v -0.9789155721664429 4.666077136993408 0.5577359199523926 
v -0.9794597625732422 4.670907497406006 0.5561463832855225 
v -0.9810318946838379 4.672517776489258 0.5514066219329834 
v -0.9794597625732422 4.661240100860596 0.5561463832855225 
v -0.9810318946838379 4.659629821777344 0.5514066219329834 
v -0.9766783118247986 4.662496566772461 0.5497303605079651 
v -0.9771620631217957 4.661240100860596 0.5482564568519592 
v -0.9758922457695007 4.666077136993408 0.54721599817276 
v -0.9776458144187927 4.662496566772461 0.5467535853385925 
v -0.9769201874732971 4.666077136993408 0.5461466908454895 
v -0.9771620631217957 4.670907497406006 0.5482564568519592 
v -0.9776458144187927 4.669651031494141 0.5467535853385925 
v -0.9794597625732422 4.670907497406006 0.5561463832855225 
v -0.9806690812110901 4.669651031494141 0.5571578741073608 
v -0.9810318946838379 4.672517776489258 0.5514066219329834 
v -0.9824225902557373 4.670907497406006 0.5560596585273743 
v -0.9844784736633301 4.669651031494141 0.5560596585273743 
v -0.9849621653556824 4.670907497406006 0.5545567870140076 
v -0.9826644659042358 4.670907497406006 0.5466669201850891 
v -0.9810318946838379 4.672517776489258 0.5514066219329834 
v -0.9814551472663879 4.669651031494141 0.545655369758606 
v -0.9797016382217407 4.670907497406006 0.5467535853385925 
v -0.9776458144187927 4.669651031494141 0.5467535853385925 
v -0.9771620631217957 4.670907497406006 0.5482564568519592 
v -0.9771620631217957 4.661240100860596 0.5482564568519592 
v -0.9810318946838379 4.659629821777344 0.5514066219329834 
v -0.9776458144187927 4.662496566772461 0.5467535853385925 
v -0.9797016382217407 4.661240100860596 0.5467535853385925 
v -0.9814551472663879 4.662496566772461 0.545655369758606 
v -0.9826644659042358 4.661240100860596 0.5466669201850891 
v -0.9849621653556824 4.661240100860596 0.5545567870140076 
v -0.9810318946838379 4.659629821777344 0.5514066219329834 
v -0.9844784736633301 4.662496566772461 0.5560596585273743 
v -0.9824225902557373 4.661240100860596 0.5560596585273743 
v -0.9806690812110901 4.662496566772461 0.5571578741073608 
v -0.9794597625732422 4.661240100860596 0.5561463832855225 
v -0.9888319969177246 4.669651031494141 0.570683479309082 
v -0.9896180629730225 4.666077136993408 0.5712903738021851 
v -0.9867761731147766 4.670907497406006 0.570683479309082 
v -0.9872599244117737 4.666077136993408 0.5722441077232361 
v -0.9850831031799316 4.669651031494141 0.5717816948890686 
v -0.9847807884216309 4.666077136993408 0.5727065205574036 
v -0.9833295941352844 4.666077136993408 0.5723596811294556 
v -0.9838737845420837 4.661240100860596 0.5707990527153015 
v -0.9850831031799316 4.662496566772461 0.5717816948890686 
v -0.9867761731147766 4.661240100860596 0.570683479309082 
v -0.9888319969177246 4.662496566772461 0.570683479309082 
v -0.9838737845420837 4.670907497406006 0.5707990527153015 
v -0.9820598363876343 4.669651031494141 0.5614063143730164 
v -0.9841156601905823 4.670907497406006 0.5614063143730164 
v -0.9813342094421387 4.666077136993408 0.5607993602752686 
v -0.9836319088935852 4.666077136993408 0.5598456859588623 
v -0.9820598363876343 4.662496566772461 0.5614063143730164 
v -0.9841156601905823 4.661240100860596 0.5614063143730164 
v -0.9861714839935303 4.666077136993408 0.5593832731246948 
v -0.9858691692352295 4.662496566772461 0.5603080987930298 
v -0.9870784878730774 4.661240100860596 0.5612906813621521 
v -0.9876226782798767 4.666077136993408 0.559730052947998 
v -0.9858691692352295 4.669651031494141 0.5603080987930298 
v -0.9870784878730774 4.670907497406006 0.5612906813621521 
v -0.9870784878730774 4.661240100860596 0.5612906813621521 
v -0.9882878065109253 4.662496566772461 0.5622733235359192 
v -0.9876226782798767 4.666077136993408 0.559730052947998 
v -0.9885901808738708 4.666077136993408 0.5613484978675842 
v -0.9897390007972717 4.666077136993408 0.5647876858711243 
v -0.9887110590934753 4.670907497406006 0.5651056170463562 
v -0.9854459166526794 4.659629821777344 0.5660593509674072 
v -0.9887110590934753 4.661240100860596 0.5651056170463562 
v -0.989859938621521 4.662496566772461 0.5677067041397095 
v -0.9905855059623718 4.666077136993408 0.5683135986328125 
v -0.9893761873245239 4.661240100860596 0.5692095160484314 
v -0.9906460046768188 4.666077136993408 0.5702499747276306 
v -0.9888319969177246 4.662496566772461 0.570683479309082 
v -0.9896180629730225 4.666077136993408 0.5712903738021851 
v -0.9893761873245239 4.670907497406006 0.5692095160484314 
v -0.9888319969177246 4.669651031494141 0.570683479309082 
v -0.989859938621521 4.669651031494141 0.5677067041397095 
v -0.9854459166526794 4.672517776489258 0.5660593509674072 
v -0.9882878065109253 4.669651031494141 0.5622733235359192 
v -0.9870784878730774 4.670907497406006 0.5612906813621521 
v -0.9826040267944336 4.669651031494141 0.5698164105415344 
v -0.982301652431488 4.666077136993408 0.5707412362098694 
v -0.9822412133216858 4.670907497406006 0.5669841766357422 
v -0.9811528325080872 4.666077136993408 0.5673020482063293 
v -0.9810318946838379 4.669651031494141 0.5643830895423889 
v -0.9803062677383423 4.666077136993408 0.5637761950492859 
v -0.9822412133216858 4.661240100860596 0.5669841766357422 
v -0.9826040267944336 4.662496566772461 0.5698164105415344 
v -0.9833295941352844 4.666077136993408 0.5723596811294556 
v -0.9838737845420837 4.670907497406006 0.5707990527153015 
v -0.9854459166526794 4.672517776489258 0.5660593509674072 
v -0.9838737845420837 4.661240100860596 0.5707990527153015 
v -0.9854459166526794 4.659629821777344 0.5660593509674072 
v -0.9810318946838379 4.662496566772461 0.5643830895423889 
v -0.9815760850906372 4.661240100860596 0.5629091262817383 
v -0.98024582862854 4.666077136993408 0.5618398189544678 
v -0.9820598363876343 4.662496566772461 0.5614063143730164 
v -0.9813342094421387 4.666077136993408 0.5607993602752686 
v -0.9815760850906372 4.670907497406006 0.5629091262817383 
v -0.9820598363876343 4.669651031494141 0.5614063143730164 
v -0.9838737845420837 4.670907497406006 0.5707990527153015 
v -0.9850831031799316 4.669651031494141 0.5717816948890686 
v -0.9854459166526794 4.672517776489258 0.5660593509674072 
v -0.9867761731147766 4.670907497406006 0.570683479309082 
v -0.9888319969177246 4.669651031494141 0.570683479309082 
v -0.9893761873245239 4.670907497406006 0.5692095160484314 
v -0.9870784878730774 4.670907497406006 0.5612906813621521 
v -0.9854459166526794 4.672517776489258 0.5660593509674072 
v -0.9858691692352295 4.669651031494141 0.5603080987930298 
v -0.9841156601905823 4.670907497406006 0.5614063143730164 
v -0.9820598363876343 4.669651031494141 0.5614063143730164 
v -0.9815760850906372 4.670907497406006 0.5629091262817383 
v -0.9815760850906372 4.661240100860596 0.5629091262817383 
v -0.9854459166526794 4.659629821777344 0.5660593509674072 
v -0.9820598363876343 4.662496566772461 0.5614063143730164 
v -0.9841156601905823 4.661240100860596 0.5614063143730164 
v -0.9858691692352295 4.662496566772461 0.5603080987930298 
v -0.9870784878730774 4.661240100860596 0.5612906813621521 
v -0.9893761873245239 4.661240100860596 0.5692095160484314 
v -0.9854459166526794 4.659629821777344 0.5660593509674072 
v -0.9888319969177246 4.662496566772461 0.570683479309082 
v -0.9867761731147766 4.661240100860596 0.570683479309082 
v -0.9850831031799316 4.662496566772461 0.5717816948890686 
v -0.9838737845420837 4.661240100860596 0.5707990527153015 
v -0.9235286116600037 4.669651031494141 0.42958974838256836 
v -0.9243751764297485 4.666077136993408 0.43005216121673584 
v -0.9215332269668579 4.670907497406006 0.42996546626091003 
v -0.9221983551979065 4.666077136993408 0.4314104914665222 
v -0.9200215935707092 4.669651031494141 0.4313527047634125 
v -0.9198402166366577 4.666077136993408 0.4323064386844635 
v -0.9183890223503113 4.666077136993408 0.4322197139263153 
v -0.9186308979988098 4.661240100860596 0.43057239055633545 
v -0.9200215935707092 4.662496566772461 0.4313527047634125 
v -0.9215332269668579 4.661240100860596 0.42996546626091003 
v -0.9235286116600037 4.662496566772461 0.42958974838256836 
v -0.9186308979988098 4.670907497406006 0.43057239055633545 
v -0.9151843190193176 4.669651031494141 0.4216420352458954 
v -0.9172401428222656 4.670907497406006 0.4212952256202698 
v -0.9143377542495728 4.666077136993408 0.4211796224117279 
v -0.9165145754814148 4.666077136993408 0.4198501706123352 
v -0.9151843190193176 4.662496566772461 0.4216420352458954 
v -0.9172401428222656 4.661240100860596 0.4212952256202698 
v -0.9188727140426636 4.666077136993408 0.4189542531967163 
v -0.9187518358230591 4.662496566772461 0.41990798711776733 
v -0.9200820326805115 4.661240100860596 0.4206593930721283 
v -0.920384407043457 4.666077136993408 0.41901206970214844 
v -0.9187518358230591 4.669651031494141 0.41990798711776733 
v -0.9200820326805115 4.670907497406006 0.4206593930721283 
v -0.9193564653396606 4.659629821777344 0.4256303310394287 
v -0.9240123629570007 4.662496566772461 0.42649737000465393 
v -0.9223797917366028 4.661240100860596 0.4241274893283844 
v -0.9248588681221008 4.666077136993408 0.4269597828388214 
v -0.9234076738357544 4.666077136993408 0.42363619804382324 
v -0.9214727878570557 4.662496566772461 0.42141082882881165 
v -0.9237704873085022 4.661240100860596 0.4280291199684143 
v -0.9252216815948486 4.666077136993408 0.4288383424282074 
v -0.9240123629570007 4.669651031494141 0.42649737000465393 
v -0.9237704873085022 4.670907497406006 0.4280291199684143 
v -0.9193564653396606 4.672517776489258 0.4256303310394287 
v -0.9223797917366028 4.670907497406006 0.4241274893283844 
v -0.9216541647911072 4.666077136993408 0.4204570949077606 
v -0.9214727878570557 4.669651031494141 0.42141082882881165 
v -0.9200820326805115 4.670907497406006 0.4206593930721283 
v -0.920384407043457 4.666077136993408 0.41901206970214844 
v -0.9200820326805115 4.661240100860596 0.4206593930721283 
v -0.9235286116600037 4.662496566772461 0.42958974838256836 
v -0.9243751764297485 4.666077136993408 0.43005216121673584 
v -0.9235286116600037 4.669651031494141 0.42958974838256836 
v -0.9151843190193176 4.669651031494141 0.4216420352458954 
v -0.9150028824806213 4.670907497406006 0.42320266366004944 
v -0.9143377542495728 4.666077136993408 0.4211796224117279 
v -0.9135517477989197 4.666077136993408 0.42239344120025635 
v -0.9151843190193176 4.662496566772461 0.4216420352458954 
v -0.9150028824806213 4.661240100860596 0.42320266366004944 
v -0.9139145016670227 4.666077136993408 0.42427200078964233 
v -0.9147610664367676 4.669651031494141 0.4247633218765259 
v -0.9153656959533691 4.666077136993408 0.4275955855846405 
v -0.9163331389427185 4.670907497406006 0.42710429430007935 
v -0.9193564653396606 4.672517776489258 0.4256303310394287 
v -0.9147610664367676 4.662496566772461 0.4247633218765259 
v -0.9163331389427185 4.661240100860596 0.42710429430007935 
v -0.9193564653396606 4.659629821777344 0.4256303310394287 
v -0.9172401428222656 4.662496566772461 0.4298209547996521 
v -0.9171192049980164 4.666077136993408 0.4307746887207031 
v -0.9183890223503113 4.666077136993408 0.4322197139263153 
v -0.9186308979988098 4.670907497406006 0.43057239055633545 
v -0.9172401428222656 4.669651031494141 0.4298209547996521 
v -0.9186308979988098 4.661240100860596 0.43057239055633545 
v -0.9163331389427185 4.670907497406006 0.42710429430007935 
v -0.9172401428222656 4.669651031494141 0.4298209547996521 
v -0.9193564653396606 4.672517776489258 0.4256303310394287 
v -0.9186308979988098 4.670907497406006 0.43057239055633545 
v -0.9200215935707092 4.669651031494141 0.4313527047634125 
v -0.9215332269668579 4.670907497406006 0.42996546626091003 
v -0.9235286116600037 4.669651031494141 0.42958974838256836 
v -0.9237704873085022 4.670907497406006 0.4280291199684143 
v -0.9223797917366028 4.670907497406006 0.4241274893283844 
v -0.9193564653396606 4.672517776489258 0.4256303310394287 
v -0.9214727878570557 4.669651031494141 0.42141082882881165 
v -0.9200820326805115 4.670907497406006 0.4206593930721283 
v -0.9187518358230591 4.669651031494141 0.41990798711776733 
v -0.9172401428222656 4.670907497406006 0.4212952256202698 
v -0.9151843190193176 4.669651031494141 0.4216420352458954 
v -0.9150028824806213 4.670907497406006 0.42320266366004944 
v -0.9150028824806213 4.661240100860596 0.42320266366004944 
v -0.9193564653396606 4.659629821777344 0.4256303310394287 
v -0.9151843190193176 4.662496566772461 0.4216420352458954 
v -0.9172401428222656 4.661240100860596 0.4212952256202698 
v -0.9187518358230591 4.662496566772461 0.41990798711776733 
v -0.9200820326805115 4.661240100860596 0.4206593930721283 
v -0.9214727878570557 4.662496566772461 0.42141082882881165 
v -0.9223797917366028 4.661240100860596 0.4241274893283844 
v -0.9237704873085022 4.661240100860596 0.4280291199684143 
v -0.9193564653396606 4.659629821777344 0.4256303310394287 
v -0.9235286116600037 4.662496566772461 0.42958974838256836 
v -0.9215332269668579 4.661240100860596 0.42996546626091003 
v -0.9200215935707092 4.662496566772461 0.4313527047634125 
v -0.9186308979988098 4.661240100860596 0.43057239055633545 
v -0.9172401428222656 4.662496566772461 0.4298209547996521 
v -0.9163331389427185 4.661240100860596 0.42710429430007935 
v -0.9728689789772034 4.669651031494141 0.5269565582275391 
v -0.9736550450325012 4.666077136993408 0.5275634527206421 
v -0.9708735942840576 4.670907497406006 0.5269565582275391 
v -0.9712968468666077 4.666077136993408 0.5285171866416931 
v -0.9691200852394104 4.669651031494141 0.5280547738075256 
v -0.9688177108764648 4.666077136993408 0.5289795994758606 
v -0.9673665761947632 4.666077136993408 0.5286328196525574 
v -0.9679107666015625 4.661240100860596 0.5270432233810425 
v -0.9691200852394104 4.662496566772461 0.5280547738075256 
v -0.9708735942840576 4.661240100860596 0.5269565582275391 
v -0.9728689789772034 4.662496566772461 0.5269565582275391 
v -0.9679107666015625 4.670907497406006 0.5270432233810425 
v -0.9660967588424683 4.669651031494141 0.5176793932914734 
v -0.9681525826454163 4.670907497406006 0.5176793932914734 
v -0.9653711915016174 4.666077136993408 0.5170724987983704 
v -0.9677293300628662 4.666077136993408 0.5161187648773193 
v -0.9660967588424683 4.662496566772461 0.5176793932914734 
v -0.9681525826454163 4.661240100860596 0.5176793932914734 
v -0.970208466053009 4.666077136993408 0.5156563520431519 
v -0.9699061512947083 4.662496566772461 0.5165811777114868 
v -0.9711154699325562 4.661240100860596 0.5175637602806091 
v -0.9716596603393555 4.666077136993408 0.5160031318664551 
v -0.9699061512947083 4.669651031494141 0.5165811777114868 
v -0.9711154699325562 4.670907497406006 0.5175637602806091 
v -0.9711154699325562 4.661240100860596 0.5175637602806091 
v -0.972324788570404 4.662496566772461 0.5185464024543762 
v -0.9716596603393555 4.666077136993408 0.5160031318664551 
v -0.9726271033287048 4.666077136993408 0.5176215767860413 
v -0.9738364219665527 4.666077136993408 0.5210607647895813 
v -0.9727480411529541 4.670907497406006 0.5213786959648132 
v -0.9694828391075134 4.659629821777344 0.5223035216331482 
v -0.9727480411529541 4.661240100860596 0.5213786959648132 
v -0.973896861076355 4.662496566772461 0.5239797830581665 
v -0.9746829271316528 4.666077136993408 0.5245866775512695 
v -0.9734131693840027 4.661240100860596 0.5254536867141724 
v -0.9746829271316528 4.666077136993408 0.5265230536460876 
v -0.9728689789772034 4.662496566772461 0.5269565582275391 
v -0.9736550450325012 4.666077136993408 0.5275634527206421 
v -0.9734131693840027 4.670907497406006 0.5254536867141724 
v -0.9728689789772034 4.669651031494141 0.5269565582275391 
v -0.973896861076355 4.669651031494141 0.5239797830581665 
v -0.9694828391075134 4.672517776489258 0.5223035216331482 
v -0.972324788570404 4.669651031494141 0.5185464024543762 
v -0.9711154699325562 4.670907497406006 0.5175637602806091 
v -0.9667014479637146 4.669651031494141 0.5260895490646362 
v -0.9663386344909668 4.666077136993408 0.5269854664802551 
v -0.9662781357765198 4.670907497406006 0.5232572555541992 
v -0.9651897549629211 4.666077136993408 0.5235751271247864 
v -0.9651293158531189 4.669651031494141 0.520656168460846 
v -0.964343249797821 4.666077136993408 0.5200492739677429 
v -0.9662781357765198 4.661240100860596 0.5232572555541992 
v -0.9667014479637146 4.662496566772461 0.5260895490646362 
v -0.9673665761947632 4.666077136993408 0.5286328196525574 
v -0.9679107666015625 4.670907497406006 0.5270432233810425 
v -0.9694828391075134 4.672517776489258 0.5223035216331482 
v -0.9679107666015625 4.661240100860596 0.5270432233810425 
v -0.9694828391075134 4.659629821777344 0.5223035216331482 
v -0.9651293158531189 4.662496566772461 0.520656168460846 
v -0.9656130075454712 4.661240100860596 0.519153356552124 
v -0.964282751083374 4.666077136993408 0.5181128978729248 
v -0.9660967588424683 4.662496566772461 0.5176793932914734 
v -0.9653711915016174 4.666077136993408 0.5170724987983704 
v -0.9656130075454712 4.670907497406006 0.519153356552124 
v -0.9660967588424683 4.669651031494141 0.5176793932914734 
v -0.9679107666015625 4.670907497406006 0.5270432233810425 
v -0.9691200852394104 4.669651031494141 0.5280547738075256 
v -0.9694828391075134 4.672517776489258 0.5223035216331482 
v -0.9708735942840576 4.670907497406006 0.5269565582275391 
v -0.9728689789772034 4.669651031494141 0.5269565582275391 
v -0.9734131693840027 4.670907497406006 0.5254536867141724 
v -0.9711154699325562 4.670907497406006 0.5175637602806091 
v -0.9694828391075134 4.672517776489258 0.5223035216331482 
v -0.9699061512947083 4.669651031494141 0.5165811777114868 
v -0.9681525826454163 4.670907497406006 0.5176793932914734 
v -0.9660967588424683 4.669651031494141 0.5176793932914734 
v -0.9656130075454712 4.670907497406006 0.519153356552124 
v -0.9656130075454712 4.661240100860596 0.519153356552124 
v -0.9694828391075134 4.659629821777344 0.5223035216331482 
v -0.9660967588424683 4.662496566772461 0.5176793932914734 
v -0.9681525826454163 4.661240100860596 0.5176793932914734 
v -0.9699061512947083 4.662496566772461 0.5165811777114868 
v -0.9711154699325562 4.661240100860596 0.5175637602806091 
v -0.9734131693840027 4.661240100860596 0.5254536867141724 
v -0.9694828391075134 4.659629821777344 0.5223035216331482 
v -0.9728689789772034 4.662496566772461 0.5269565582275391 
v -0.9708735942840576 4.661240100860596 0.5269565582275391 
v -0.9691200852394104 4.662496566772461 0.5280547738075256 
v -0.9679107666015625 4.661240100860596 0.5270432233810425 
v 0.9333853125572205 4.670907497406006 0.45808595418930054 
v 0.9331434369087219 4.666077136993408 0.4597332775592804 
v 0.9347760081291199 4.669651031494141 0.4588373601436615 
v 0.9346550703048706 4.666077136993408 0.4598200023174286 
v 0.9370132684707642 4.666077136993408 0.45889517664909363 
v 0.9362877011299133 4.661240100860596 0.45745012164115906 
v 0.9382830858230591 4.662496566772461 0.45710331201553345 
v 0.9391295909881592 4.666077136993408 0.4575657248497009 
v 0.9362877011299133 4.670907497406006 0.45745012164115906 
v 0.9382830858230591 4.669651031494141 0.45710331201553345 
v 0.9347760081291199 4.662496566772461 0.4588373601436615 
v 0.9333853125572205 4.661240100860596 0.45808595418930054 
v 0.9299991726875305 4.669651031494141 0.4491555988788605 
v 0.9291526675224304 4.666077136993408 0.448693186044693 
v 0.9319945573806763 4.670907497406006 0.44880878925323486 
v 0.9312689900398254 4.666077136993408 0.4473637342453003 
v 0.9335062503814697 4.669651031494141 0.4474215507507324 
v 0.9336876273155212 4.666077136993408 0.44643890857696533 
v 0.9351388216018677 4.666077136993408 0.4465256333351135 
v 0.9348969459533691 4.661240100860596 0.4481729567050934 
v 0.9335062503814697 4.662496566772461 0.4474215507507324 
v 0.9319945573806763 4.661240100860596 0.44880878925323486 
v 0.9299991726875305 4.662496566772461 0.4491555988788605 
v 0.9348969459533691 4.670907497406006 0.4481729567050934 
v 0.9348969459533691 4.661240100860596 0.4481729567050934 
v 0.9351388216018677 4.666077136993408 0.4465256333351135 
v 0.9362877011299133 4.662496566772461 0.44892439246177673 
v 0.9364085793495178 4.666077136993408 0.4479706585407257 
v 0.9381621479988098 4.666077136993408 0.45114976167678833 
v 0.9371342062950134 4.670907497406006 0.4516410529613495 
v 0.9362877011299133 4.669651031494141 0.44892439246177673 
v 0.9348969459533691 4.670907497406006 0.4481729567050934 
v 0.9371342062950134 4.661240100860596 0.4516410529613495 
v 0.9396132826805115 4.666077136993408 0.4544733464717865 
v 0.9387667775154114 4.662496566772461 0.454010933637619 
v 0.9385249018669128 4.661240100860596 0.4555426836013794 
v 0.9341713786125183 4.659629821777344 0.4531438946723938 
v 0.9382830858230591 4.669651031494141 0.45710331201553345 
v 0.9385249018669128 4.670907497406006 0.4555426836013794 
v 0.9391295909881592 4.666077136993408 0.4575657248497009 
v 0.9399760961532593 4.666077136993408 0.4563519060611725 
v 0.9382830858230591 4.662496566772461 0.45710331201553345 
v 0.9387667775154114 4.669651031494141 0.454010933637619 
v 0.9341713786125183 4.672517776489258 0.4531438946723938 
v 0.9299991726875305 4.669651031494141 0.4491555988788605 
v 0.9297573566436768 4.670907497406006 0.4507162272930145 
v 0.9291526675224304 4.666077136993408 0.448693186044693 
v 0.9283061623573303 4.666077136993408 0.44990700483322144 
v 0.9299991726875305 4.662496566772461 0.4491555988788605 
v 0.9297573566436768 4.661240100860596 0.4507162272930145 
v 0.9286689758300781 4.666077136993408 0.4517855644226074 
v 0.9295154809951782 4.662496566772461 0.4522479772567749 
v 0.9341713786125183 4.659629821777344 0.4531438946723938 
v 0.9311480522155762 4.661240100860596 0.45461785793304443 
v 0.9301201105117798 4.666077136993408 0.4551091492176056 
v 0.9295154809951782 4.669651031494141 0.4522479772567749 
v 0.9311480522155762 4.670907497406006 0.45461785793304443 
v 0.9341713786125183 4.672517776489258 0.4531438946723938 
v 0.9320550560951233 4.662496566772461 0.4573345184326172 
v 0.9318736791610718 4.666077136993408 0.4582882523536682 
v 0.9331434369087219 4.666077136993408 0.4597332775592804 
v 0.9333853125572205 4.670907497406006 0.45808595418930054 
v 0.9320550560951233 4.669651031494141 0.4573345184326172 
v 0.9333853125572205 4.661240100860596 0.45808595418930054 
v 0.9311480522155762 4.670907497406006 0.45461785793304443 
v 0.9320550560951233 4.669651031494141 0.4573345184326172 
v 0.9341713786125183 4.672517776489258 0.4531438946723938 
v 0.9333853125572205 4.670907497406006 0.45808595418930054 
v 0.9347760081291199 4.669651031494141 0.4588373601436615 
v 0.9362877011299133 4.670907497406006 0.45745012164115906 
v 0.9382830858230591 4.669651031494141 0.45710331201553345 
v 0.9385249018669128 4.670907497406006 0.4555426836013794 
v 0.9371342062950134 4.670907497406006 0.4516410529613495 
v 0.9341713786125183 4.672517776489258 0.4531438946723938 
v 0.9362877011299133 4.669651031494141 0.44892439246177673 
v 0.9348969459533691 4.670907497406006 0.4481729567050934 
v 0.9335062503814697 4.669651031494141 0.4474215507507324 
v 0.9319945573806763 4.670907497406006 0.44880878925323486 
v 0.9299991726875305 4.669651031494141 0.4491555988788605 
v 0.9297573566436768 4.670907497406006 0.4507162272930145 
v 0.9297573566436768 4.661240100860596 0.4507162272930145 
v 0.9341713786125183 4.659629821777344 0.4531438946723938 
v 0.9299991726875305 4.662496566772461 0.4491555988788605 
v 0.9319945573806763 4.661240100860596 0.44880878925323486 
v 0.9335062503814697 4.662496566772461 0.4474215507507324 
v 0.9348969459533691 4.661240100860596 0.4481729567050934 
v 0.9362877011299133 4.662496566772461 0.44892439246177673 
v 0.9371342062950134 4.661240100860596 0.4516410529613495 
v 0.9385249018669128 4.661240100860596 0.4555426836013794 
v 0.9341713786125183 4.659629821777344 0.4531438946723938 
v 0.9382830858230591 4.662496566772461 0.45710331201553345 
v 0.9362877011299133 4.661240100860596 0.45745012164115906 
v 0.9347760081291199 4.662496566772461 0.4588373601436615 
v 0.9333853125572205 4.661240100860596 0.45808595418930054 
v 0.9320550560951233 4.662496566772461 0.4573345184326172 
v 0.9311480522155762 4.661240100860596 0.45461785793304443 
v 0.9402179718017578 4.670907497406006 0.4717271327972412 
v 0.9416086673736572 4.669651031494141 0.47250744700431824 
v 0.9399760961532593 4.666077136993408 0.47337445616722107 
v 0.9414877891540527 4.666077136993408 0.47346118092536926 
v 0.9402179718017578 4.661240100860596 0.4717271327972412 
v 0.9416086673736572 4.662496566772461 0.47250744700431824 
v 0.9431203603744507 4.661240100860596 0.4711202085018158 
v 0.9438459277153015 4.666077136993408 0.472565233707428 
v 0.9451157450675964 4.662496566772461 0.4707733988761902 
v 0.9460226893424988 4.666077136993408 0.47123581171035767 
v 0.9431203603744507 4.670907497406006 0.4711202085018158 
v 0.9451157450675964 4.669651031494141 0.4707733988761902 
v 0.9368318915367126 4.669651031494141 0.4628256857395172 
v 0.9388272762298584 4.670907497406006 0.46244996786117554 
v 0.9359853267669678 4.666077136993408 0.46233436465263367 
v 0.9381621479988098 4.666077136993408 0.46100491285324097 
v 0.9368318915367126 4.662496566772461 0.4628256857395172 
v 0.9388272762298584 4.661240100860596 0.46244996786117554 
v 0.9405202865600586 4.666077136993408 0.46010899543762207 
v 0.9403389096260071 4.662496566772461 0.4610627293586731 
v 0.9417296051979065 4.661240100860596 0.4618430435657501 
v 0.941971480846405 4.666077136993408 0.4601956903934479 
v 0.9403389096260071 4.669651031494141 0.4610627293586731 
v 0.9417296051979065 4.670907497406006 0.4618430435657501 
v 0.9417296051979065 4.661240100860596 0.4618430435657501 
v 0.9431203603744507 4.662496566772461 0.46259447932243347 
v 0.941971480846405 4.666077136993408 0.4601956903934479 
v 0.9432412981987 4.666077136993408 0.46164074540138245 
v 0.9417296051979065 4.670907497406006 0.4618430435657501 
v 0.9431203603744507 4.669651031494141 0.46259447932243347 
v 0.9440273642539978 4.670907497406006 0.4653111398220062 
v 0.9449948072433472 4.666077136993408 0.464790940284729 
v 0.9440273642539978 4.661240100860596 0.4653111398220062 
v 0.9464460015296936 4.666077136993408 0.4681145250797272 
v 0.9455994367599487 4.662496566772461 0.4676521122455597 
v 0.9453575611114502 4.661240100860596 0.46921274065971375 
v 0.9410040378570557 4.659629821777344 0.4667850732803345 
v 0.9451157450675964 4.669651031494141 0.4707733988761902 
v 0.9453575611114502 4.670907497406006 0.46921274065971375 
v 0.9460226893424988 4.666077136993408 0.47123581171035767 
v 0.9468087553977966 4.666077136993408 0.47002196311950684 
v 0.9451157450675964 4.662496566772461 0.4707733988761902 
v 0.9455994367599487 4.669651031494141 0.4676521122455597 
v 0.9410040378570557 4.672517776489258 0.4667850732803345 
v 0.9368318915367126 4.669651031494141 0.4628256857395172 
v 0.9365900158882141 4.670907497406006 0.4643574059009552 
v 0.9359853267669678 4.666077136993408 0.46233436465263367 
v 0.9351388216018677 4.666077136993408 0.4635770916938782 
v 0.9368318915367126 4.662496566772461 0.4628256857395172 
v 0.9365900158882141 4.661240100860596 0.4643574059009552 
v 0.9355016350746155 4.666077136993408 0.46545565128326416 
v 0.9363481402397156 4.662496566772461 0.46591806411743164 
v 0.9410040378570557 4.659629821777344 0.4667850732803345 
v 0.9379807114601135 4.661240100860596 0.4682879149913788 
v 0.9369528293609619 4.666077136993408 0.46877923607826233 
v 0.9363481402397156 4.669651031494141 0.46591806411743164 
v 0.9379807114601135 4.670907497406006 0.4682879149913788 
v 0.9410040378570557 4.672517776489258 0.4667850732803345 
v 0.9388877153396606 4.662496566772461 0.47097569704055786 
v 0.9387063384056091 4.666077136993408 0.47195833921432495 
v 0.9399760961532593 4.666077136993408 0.47337445616722107 
v 0.9402179718017578 4.670907497406006 0.4717271327972412 
v 0.9388877153396606 4.669651031494141 0.47097569704055786 
v 0.9402179718017578 4.661240100860596 0.4717271327972412 
v 0.9379807114601135 4.670907497406006 0.4682879149913788 
v 0.9388877153396606 4.669651031494141 0.47097569704055786 
v 0.9410040378570557 4.672517776489258 0.4667850732803345 
v 0.9402179718017578 4.670907497406006 0.4717271327972412 
v 0.9416086673736572 4.669651031494141 0.47250744700431824 
v 0.9431203603744507 4.670907497406006 0.4711202085018158 
v 0.9451157450675964 4.669651031494141 0.4707733988761902 
v 0.9453575611114502 4.670907497406006 0.46921274065971375 
v 0.9440273642539978 4.670907497406006 0.4653111398220062 
v 0.9410040378570557 4.672517776489258 0.4667850732803345 
v 0.9431203603744507 4.669651031494141 0.46259447932243347 
v 0.9417296051979065 4.670907497406006 0.4618430435657501 
v 0.9403389096260071 4.669651031494141 0.4610627293586731 
v 0.9388272762298584 4.670907497406006 0.46244996786117554 
v 0.9368318915367126 4.669651031494141 0.4628256857395172 
v 0.9365900158882141 4.670907497406006 0.4643574059009552 
v 0.9365900158882141 4.661240100860596 0.4643574059009552 
v 0.9410040378570557 4.659629821777344 0.4667850732803345 
v 0.9368318915367126 4.662496566772461 0.4628256857395172 
v 0.9388272762298584 4.661240100860596 0.46244996786117554 
v 0.9403389096260071 4.662496566772461 0.4610627293586731 
v 0.9417296051979065 4.661240100860596 0.4618430435657501 
v 0.9431203603744507 4.662496566772461 0.46259447932243347 
v 0.9440273642539978 4.661240100860596 0.4653111398220062 
v 0.9453575611114502 4.661240100860596 0.46921274065971375 
v 0.9410040378570557 4.659629821777344 0.4667850732803345 
v 0.9451157450675964 4.662496566772461 0.4707733988761902 
v 0.9431203603744507 4.661240100860596 0.4711202085018158 
v 0.9416086673736572 4.662496566772461 0.47250744700431824 
v 0.9402179718017578 4.661240100860596 0.4717271327972412 
v 0.9388877153396606 4.662496566772461 0.47097569704055786 
v 0.9379807114601135 4.661240100860596 0.4682879149913788 
v 0.9476553201675415 4.670907497406006 0.4855417013168335 
v 0.9489855766296387 4.669651031494141 0.48629310727119446 
v 0.947352945804596 4.666077136993408 0.48718905448913574 
v 0.9488646388053894 4.666077136993408 0.4872468411922455 
v 0.9476553201675415 4.661240100860596 0.4855417013168335 
v 0.9489855766296387 4.662496566772461 0.48629310727119446 
v 0.9504972100257874 4.661240100860596 0.484905868768692 
v 0.9512227773666382 4.666077136993408 0.4863509237766266 
v 0.9525530338287354 4.662496566772461 0.4845590591430664 
v 0.9533995985984802 4.666077136993408 0.4850214719772339 
v 0.9504972100257874 4.670907497406006 0.484905868768692 
v 0.9525530338287354 4.669651031494141 0.4845590591430664 
v 0.9442087411880493 4.669651031494141 0.47661134600639343 
v 0.9462041258811951 4.670907497406006 0.47623565793037415 
v 0.9433622360229492 4.666077136993408 0.4761200547218323 
v 0.9455389976501465 4.666077136993408 0.4747906029224396 
v 0.9442087411880493 4.662496566772461 0.47661134600639343 
v 0.9462041258811951 4.661240100860596 0.47623565793037415 
v 0.9478971362113953 4.666077136993408 0.4738946855068207 
v 0.9477157592773438 4.662496566772461 0.4748484194278717 
v 0.9491065144538879 4.661240100860596 0.47562873363494873 
v 0.9493483304977417 4.666077136993408 0.4739813804626465 
v 0.9477157592773438 4.669651031494141 0.4748484194278717 
v 0.9491065144538879 4.670907497406006 0.47562873363494873 
v 0.9491065144538879 4.661240100860596 0.47562873363494873 
v 0.9504972100257874 4.662496566772461 0.4763801395893097 
v 0.9493483304977417 4.666077136993408 0.4739813804626465 
v 0.9506181478500366 4.666077136993408 0.47542643547058105 
v 0.9491065144538879 4.670907497406006 0.47562873363494873 
v 0.9504972100257874 4.669651031494141 0.4763801395893097 
v 0.9514042139053345 4.670907497406006 0.47909682989120483 
v 0.9523716568946838 4.666077136993408 0.4786055088043213 
v 0.9514042139053345 4.661240100860596 0.47909682989120483 
v 0.9538228511810303 4.666077136993408 0.48192909359931946 
v 0.9529763460159302 4.662496566772461 0.4814377725124359 
v 0.9527344703674316 4.661240100860596 0.48299843072891235 
v 0.9483808875083923 4.659629821777344 0.4805707633495331 
v 0.9525530338287354 4.669651031494141 0.4845590591430664 
v 0.9527344703674316 4.670907497406006 0.48299843072891235 
v 0.9533995985984802 4.666077136993408 0.4850214719772339 
v 0.9541856646537781 4.666077136993408 0.48380765318870544 
v 0.9525530338287354 4.662496566772461 0.4845590591430664 
v 0.9529763460159302 4.669651031494141 0.4814377725124359 
v 0.9483808875083923 4.672517776489258 0.4805707633495331 
v 0.9442087411880493 4.669651031494141 0.47661134600639343 
v 0.9439668655395508 4.670907497406006 0.4781720042228699 
v 0.9433622360229492 4.666077136993408 0.4761200547218323 
v 0.9425156712532043 4.666077136993408 0.4773627817630768 
v 0.9442087411880493 4.662496566772461 0.47661134600639343 
v 0.9439668655395508 4.661240100860596 0.4781720042228699 
v 0.9428784847259521 4.666077136993408 0.4792413115501404 
v 0.9437249898910522 4.662496566772461 0.47970372438430786 
v 0.9483808875083923 4.659629821777344 0.4805707633495331 
v 0.9453575611114502 4.661240100860596 0.4820736050605774 
v 0.9443296790122986 4.666077136993408 0.48256492614746094 
v 0.9437249898910522 4.669651031494141 0.47970372438430786 
v 0.9453575611114502 4.670907497406006 0.4820736050605774 
v 0.9483808875083923 4.672517776489258 0.4805707633495331 
v 0.9462645649909973 4.662496566772461 0.48479026556015015 
v 0.9460831880569458 4.666077136993408 0.48574399948120117 
v 0.947352945804596 4.666077136993408 0.48718905448913574 
v 0.9476553201675415 4.670907497406006 0.4855417013168335 
v 0.9462645649909973 4.669651031494141 0.48479026556015015 
v 0.9476553201675415 4.661240100860596 0.4855417013168335 
v 0.9453575611114502 4.670907497406006 0.4820736050605774 
v 0.9462645649909973 4.669651031494141 0.48479026556015015 
v 0.9483808875083923 4.672517776489258 0.4805707633495331 
v 0.9476553201675415 4.670907497406006 0.4855417013168335 
v 0.9489855766296387 4.669651031494141 0.48629310727119446 
v 0.9504972100257874 4.670907497406006 0.484905868768692 
v 0.9525530338287354 4.669651031494141 0.4845590591430664 
v 0.9527344703674316 4.670907497406006 0.48299843072891235 
v 0.9514042139053345 4.670907497406006 0.47909682989120483 
v 0.9483808875083923 4.672517776489258 0.4805707633495331 
v 0.9504972100257874 4.669651031494141 0.4763801395893097 
v 0.9491065144538879 4.670907497406006 0.47562873363494873 
v 0.9477157592773438 4.669651031494141 0.4748484194278717 
v 0.9462041258811951 4.670907497406006 0.47623565793037415 
v 0.9442087411880493 4.669651031494141 0.47661134600639343 
v 0.9439668655395508 4.670907497406006 0.4781720042228699 
v 0.9439668655395508 4.661240100860596 0.4781720042228699 
v 0.9483808875083923 4.659629821777344 0.4805707633495331 
v 0.9442087411880493 4.662496566772461 0.47661134600639343 
v 0.9462041258811951 4.661240100860596 0.47623565793037415 
v 0.9477157592773438 4.662496566772461 0.4748484194278717 
v 0.9491065144538879 4.661240100860596 0.47562873363494873 
v 0.9504972100257874 4.662496566772461 0.4763801395893097 
v 0.9514042139053345 4.661240100860596 0.47909682989120483 
v 0.9527344703674316 4.661240100860596 0.48299843072891235 
v 0.9483808875083923 4.659629821777344 0.4805707633495331 
v 0.9525530338287354 4.662496566772461 0.4845590591430664 
v 0.9504972100257874 4.661240100860596 0.484905868768692 
v 0.9489855766296387 4.662496566772461 0.48629310727119446 
v 0.9476553201675415 4.661240100860596 0.4855417013168335 
v 0.9462645649909973 4.662496566772461 0.48479026556015015 
v 0.9453575611114502 4.661240100860596 0.4820736050605774 
v 0.9186315536499023 4.670907497406006 0.43057239055633545 
v 0.9200223088264465 4.669651031494141 0.4313527047634125 
v 0.9183897376060486 4.666077136993408 0.4322197139263153 
v 0.9198408722877502 4.666077136993408 0.4323064386844635 
v 0.9186315536499023 4.661240100860596 0.43057239055633545 
v 0.9200223088264465 4.662496566772461 0.4313527047634125 
v 0.9215339422225952 4.661240100860596 0.42996546626091003 
v 0.9221990704536438 4.666077136993408 0.4314104914665222 
v 0.923529326915741 4.662496566772461 0.42958974838256836 
v 0.9243758320808411 4.666077136993408 0.43005216121673584 
v 0.9215339422225952 4.670907497406006 0.42996546626091003 
v 0.923529326915741 4.669651031494141 0.42958974838256836 
v 0.9151850342750549 4.669651031494141 0.4216420352458954 
v 0.9172408580780029 4.670907497406006 0.4212952256202698 
v 0.9143384695053101 4.666077136993408 0.4211796224117279 
v 0.9165152311325073 4.666077136993408 0.4198501706123352 
v 0.9151850342750549 4.662496566772461 0.4216420352458954 
v 0.9172408580780029 4.661240100860596 0.4212952256202698 
v 0.9188734292984009 4.666077136993408 0.4189542531967163 
v 0.9187524914741516 4.662496566772461 0.41990798711776733 
v 0.9200827479362488 4.661240100860596 0.4206593930721283 
v 0.9203850626945496 4.666077136993408 0.41901206970214844 
v 0.9187524914741516 4.669651031494141 0.41990798711776733 
v 0.9200827479362488 4.670907497406006 0.4206593930721283 
v 0.9200827479362488 4.661240100860596 0.4206593930721283 
v 0.921473503112793 4.662496566772461 0.42141082882881165 
v 0.9203850626945496 4.666077136993408 0.41901206970214844 
v 0.9216548800468445 4.666077136993408 0.4204570949077606 
v 0.9200827479362488 4.670907497406006 0.4206593930721283 
v 0.921473503112793 4.669651031494141 0.42141082882881165 
v 0.9223804473876953 4.670907497406006 0.4241274893283844 
v 0.9234083890914917 4.666077136993408 0.42363619804382324 
v 0.9223804473876953 4.661240100860596 0.4241274893283844 
v 0.9248595833778381 4.666077136993408 0.4269597828388214 
v 0.924013078212738 4.662496566772461 0.42649737000465393 
v 0.9237712025642395 4.661240100860596 0.4280291199684143 
v 0.919357180595398 4.659629821777344 0.4256303310394287 
v 0.923529326915741 4.669651031494141 0.42958974838256836 
v 0.9237712025642395 4.670907497406006 0.4280291199684143 
v 0.9243758320808411 4.666077136993408 0.43005216121673584 
v 0.9252223968505859 4.666077136993408 0.4288383424282074 
v 0.923529326915741 4.662496566772461 0.42958974838256836 
v 0.924013078212738 4.669651031494141 0.42649737000465393 
v 0.919357180595398 4.672517776489258 0.4256303310394287 
v 0.9151850342750549 4.669651031494141 0.4216420352458954 
v 0.9150035977363586 4.670907497406006 0.42320266366004944 
v 0.9143384695053101 4.666077136993408 0.4211796224117279 
v 0.9135524034500122 4.666077136993408 0.42239344120025635 
v 0.9151850342750549 4.662496566772461 0.4216420352458954 
v 0.9150035977363586 4.661240100860596 0.42320266366004944 
v 0.91391521692276 4.666077136993408 0.42427200078964233 
v 0.9147617220878601 4.662496566772461 0.4247633218765259 
v 0.919357180595398 4.659629821777344 0.4256303310394287 
v 0.9163338541984558 4.661240100860596 0.42710429430007935 
v 0.9153664112091064 4.666077136993408 0.4275955855846405 
v 0.9147617220878601 4.669651031494141 0.4247633218765259 
v 0.9163338541984558 4.670907497406006 0.42710429430007935 
v 0.919357180595398 4.672517776489258 0.4256303310394287 
v 0.9172408580780029 4.662496566772461 0.4298209547996521 
v 0.9171199202537537 4.666077136993408 0.4307746887207031 
v 0.9183897376060486 4.666077136993408 0.4322197139263153 
v 0.9186315536499023 4.670907497406006 0.43057239055633545 
v 0.9172408580780029 4.669651031494141 0.4298209547996521 
v 0.9186315536499023 4.661240100860596 0.43057239055633545 
v 0.9163338541984558 4.670907497406006 0.42710429430007935 
v 0.9172408580780029 4.669651031494141 0.4298209547996521 
v 0.919357180595398 4.672517776489258 0.4256303310394287 
v 0.9186315536499023 4.670907497406006 0.43057239055633545 
v 0.9200223088264465 4.669651031494141 0.4313527047634125 
v 0.9215339422225952 4.670907497406006 0.42996546626091003 
v 0.923529326915741 4.669651031494141 0.42958974838256836 
v 0.9237712025642395 4.670907497406006 0.4280291199684143 
v 0.9223804473876953 4.670907497406006 0.4241274893283844 
v 0.919357180595398 4.672517776489258 0.4256303310394287 
v 0.921473503112793 4.669651031494141 0.42141082882881165 
v 0.9200827479362488 4.670907497406006 0.4206593930721283 
v 0.9187524914741516 4.669651031494141 0.41990798711776733 
v 0.9172408580780029 4.670907497406006 0.4212952256202698 
v 0.9151850342750549 4.669651031494141 0.4216420352458954 
v 0.9150035977363586 4.670907497406006 0.42320266366004944 
v 0.9150035977363586 4.661240100860596 0.42320266366004944 
v 0.919357180595398 4.659629821777344 0.4256303310394287 
v 0.9151850342750549 4.662496566772461 0.4216420352458954 
v 0.9172408580780029 4.661240100860596 0.4212952256202698 
v 0.9187524914741516 4.662496566772461 0.41990798711776733 
v 0.9200827479362488 4.661240100860596 0.4206593930721283 
v 0.921473503112793 4.662496566772461 0.42141082882881165 
v 0.9223804473876953 4.661240100860596 0.4241274893283844 
v 0.9237712025642395 4.661240100860596 0.4280291199684143 
v 0.919357180595398 4.659629821777344 0.4256303310394287 
v 0.923529326915741 4.662496566772461 0.42958974838256836 
v 0.9215339422225952 4.661240100860596 0.42996546626091003 
v 0.9200223088264465 4.662496566772461 0.4313527047634125 
v 0.9186315536499023 4.661240100860596 0.43057239055633545 
v 0.9172408580780029 4.662496566772461 0.4298209547996521 
v 0.9163338541984558 4.661240100860596 0.42710429430007935 
v 0.9261293411254883 4.670907497406006 0.4448782801628113 
v 0.9275200963020325 4.669651031494141 0.4456585943698883 
v 0.9258875250816345 4.666077136993408 0.4465256333351135 
v 0.9273991584777832 4.666077136993408 0.44661232829093933 
v 0.9261293411254883 4.661240100860596 0.4448782801628113 
v 0.9275200963020325 4.662496566772461 0.4456585943698883 
v 0.9290317296981812 4.661240100860596 0.44427135586738586 
v 0.9297573566436768 4.666077136993408 0.44571641087532043 
v 0.9310271143913269 4.662496566772461 0.44392454624176025 
v 0.9318736791610718 4.666077136993408 0.44438695907592773 
v 0.9290317296981812 4.670907497406006 0.44427135586738586 
v 0.9310271143913269 4.669651031494141 0.44392454624176025 
v 0.9227432608604431 4.669651031494141 0.4359479248523712 
v 0.9247386455535889 4.670907497406006 0.4356011152267456 
v 0.921896755695343 4.666077136993408 0.43548551201820374 
v 0.924013078212738 4.666077136993408 0.4341560900211334 
v 0.9227432608604431 4.662496566772461 0.4359479248523712 
v 0.9247386455535889 4.661240100860596 0.4356011152267456 
v 0.9264317154884338 4.666077136993408 0.43326014280319214 
v 0.9262502789497375 4.662496566772461 0.43421387672424316 
v 0.9276410341262817 4.661240100860596 0.4349941909313202 
v 0.9278829097747803 4.666077136993408 0.43334686756134033 
v 0.9262502789497375 4.669651031494141 0.43421387672424316 
v 0.9276410341262817 4.670907497406006 0.4349941909313202 
v 0.9276410341262817 4.661240100860596 0.4349941909313202 
v 0.9290317296981812 4.662496566772461 0.43574562668800354 
v 0.9278829097747803 4.666077136993408 0.43334686756134033 
v 0.9291526675224304 4.666077136993408 0.43476298451423645 
v 0.9276410341262817 4.670907497406006 0.4349941909313202 
v 0.9290317296981812 4.669651031494141 0.43574562668800354 
v 0.929878294467926 4.670907497406006 0.4384334087371826 
v 0.9309061765670776 4.666077136993408 0.4379420876502991 
v 0.929878294467926 4.661240100860596 0.4384334087371826 
v 0.9323573708534241 4.666077136993408 0.44126567244529724 
v 0.931510865688324 4.662496566772461 0.44080325961112976 
v 0.9312689900398254 4.661240100860596 0.4423639178276062 
v 0.9269154071807861 4.659629821777344 0.43993625044822693 
v 0.9310271143913269 4.669651031494141 0.44392454624176025 
v 0.9312689900398254 4.670907497406006 0.4423639178276062 
v 0.9318736791610718 4.666077136993408 0.44438695907592773 
v 0.9327201843261719 4.666077136993408 0.4431731402873993 
v 0.9310271143913269 4.662496566772461 0.44392454624176025 
v 0.931510865688324 4.669651031494141 0.44080325961112976 
v 0.9269154071807861 4.672517776489258 0.43993625044822693 
v 0.9227432608604431 4.669651031494141 0.4359479248523712 
v 0.9225013852119446 4.670907497406006 0.43750858306884766 
v 0.921896755695343 4.666077136993408 0.43548551201820374 
v 0.9210501909255981 4.666077136993408 0.43669936060905457 
v 0.9227432608604431 4.662496566772461 0.4359479248523712 
v 0.9225013852119446 4.661240100860596 0.43750858306884766 
v 0.921413004398346 4.666077136993408 0.43860679864883423 
v 0.9222595691680908 4.662496566772461 0.4390692114830017 
v 0.9269154071807861 4.659629821777344 0.43993625044822693 
v 0.9238921403884888 4.661240100860596 0.44143909215927124 
v 0.9228641986846924 4.666077136993408 0.4419303834438324 
v 0.9222595691680908 4.669651031494141 0.4390692114830017 
v 0.9238921403884888 4.670907497406006 0.44143909215927124 
v 0.9269154071807861 4.672517776489258 0.43993625044822693 
v 0.9247991442680359 4.662496566772461 0.44412684440612793 
v 0.9246177077293396 4.666077136993408 0.445109486579895 
v 0.9258875250816345 4.666077136993408 0.4465256333351135 
v 0.9261293411254883 4.670907497406006 0.4448782801628113 
v 0.9247991442680359 4.669651031494141 0.44412684440612793 
v 0.9261293411254883 4.661240100860596 0.4448782801628113 
v 0.9238921403884888 4.670907497406006 0.44143909215927124 
v 0.9247991442680359 4.669651031494141 0.44412684440612793 
v 0.9269154071807861 4.672517776489258 0.43993625044822693 
v 0.9261293411254883 4.670907497406006 0.4448782801628113 
v 0.9275200963020325 4.669651031494141 0.4456585943698883 
v 0.9290317296981812 4.670907497406006 0.44427135586738586 
v 0.9310271143913269 4.669651031494141 0.44392454624176025 
v 0.9312689900398254 4.670907497406006 0.4423639178276062 
v 0.929878294467926 4.670907497406006 0.4384334087371826 
v 0.9269154071807861 4.672517776489258 0.43993625044822693 
v 0.9290317296981812 4.669651031494141 0.43574562668800354 
v 0.9276410341262817 4.670907497406006 0.4349941909313202 
v 0.9262502789497375 4.669651031494141 0.43421387672424316 
v 0.9247386455535889 4.670907497406006 0.4356011152267456 
v 0.9227432608604431 4.669651031494141 0.4359479248523712 
v 0.9225013852119446 4.670907497406006 0.43750858306884766 
v 0.9225013852119446 4.661240100860596 0.43750858306884766 
v 0.9269154071807861 4.659629821777344 0.43993625044822693 
v 0.9227432608604431 4.662496566772461 0.4359479248523712 
v 0.9247386455535889 4.661240100860596 0.4356011152267456 
v 0.9262502789497375 4.662496566772461 0.43421387672424316 
v 0.9276410341262817 4.661240100860596 0.4349941909313202 
v 0.9290317296981812 4.662496566772461 0.43574562668800354 
v 0.929878294467926 4.661240100860596 0.4384334087371826 
v 0.9312689900398254 4.661240100860596 0.4423639178276062 
v 0.9269154071807861 4.659629821777344 0.43993625044822693 
v 0.9310271143913269 4.662496566772461 0.44392454624176025 
v 0.9290317296981812 4.661240100860596 0.44427135586738586 
v 0.9275200963020325 4.662496566772461 0.4456585943698883 
v 0.9261293411254883 4.661240100860596 0.4448782801628113 
v 0.9247991442680359 4.662496566772461 0.44412684440612793 
v 0.9238921403884888 4.661240100860596 0.44143909215927124 
v 0.9547902941703796 4.670907497406006 0.49938517808914185 
v 0.9561205506324768 4.669651031494141 0.5001655220985413 
v 0.9544879794120789 4.666077136993408 0.5010614395141602 
v 0.9559996128082275 4.666077136993408 0.5011192560195923 
v 0.9547902941703796 4.661240100860596 0.49938517808914185 
v 0.9561205506324768 4.662496566772461 0.5001655220985413 
v 0.9576321840286255 4.661240100860596 0.49877825379371643 
v 0.9583578109741211 4.666077136993408 0.5002232789993286 
v 0.9596880674362183 4.662496566772461 0.4984314441680908 
v 0.9605345726013184 4.666077136993408 0.4988938570022583 
v 0.9576321840286255 4.670907497406006 0.49877825379371643 
v 0.9596880674362183 4.669651031494141 0.4984314441680908 
v 0.9513437151908875 4.669651031494141 0.49048373103141785 
v 0.9533995985984802 4.670907497406006 0.49010801315307617 
v 0.9504972100257874 4.666077136993408 0.4899924099445343 
v 0.9526739716529846 4.666077136993408 0.488662987947464 
v 0.9513437151908875 4.662496566772461 0.49048373103141785 
v 0.9533995985984802 4.661240100860596 0.49010801315307617 
v 0.9550321698188782 4.666077136993408 0.4877670705318451 
v 0.9549112319946289 4.662496566772461 0.48872077465057373 
v 0.9562414884567261 4.661240100860596 0.48950111865997314 
v 0.9564833641052246 4.666077136993408 0.4878537654876709 
v 0.9549112319946289 4.669651031494141 0.48872077465057373 
v 0.9562414884567261 4.670907497406006 0.48950111865997314 
v 0.9562414884567261 4.661240100860596 0.48950111865997314 
v 0.9576321840286255 4.662496566772461 0.4902525246143341 
v 0.9564833641052246 4.666077136993408 0.4878537654876709 
v 0.9577531218528748 4.666077136993408 0.4892987906932831 
v 0.9562414884567261 4.670907497406006 0.48950111865997314 
v 0.9576321840286255 4.669651031494141 0.4902525246143341 
v 0.9585391879081726 4.670907497406006 0.49296921491622925 
v 0.959506630897522 4.666077136993408 0.4924778938293457 
v 0.9585391879081726 4.661240100860596 0.49296921491622925 
v 0.9609578251838684 4.666077136993408 0.49580147862434387 
v 0.9601113200187683 4.662496566772461 0.4953101575374603 
v 0.9598694443702698 4.661240100860596 0.49687081575393677 
v 0.9555159211158752 4.659629821777344 0.4944431483745575 
v 0.9596880674362183 4.669651031494141 0.4984314441680908 
v 0.9598694443702698 4.670907497406006 0.49687081575393677 
v 0.9605345726013184 4.666077136993408 0.4988938570022583 
v 0.9613810777664185 4.666077136993408 0.49768003821372986 
v 0.9596880674362183 4.662496566772461 0.4984314441680908 
v 0.9601113200187683 4.669651031494141 0.4953101575374603 
v 0.9555159211158752 4.672517776489258 0.4944431483745575 
v 0.9513437151908875 4.669651031494141 0.49048373103141785 
v 0.9511018395423889 4.670907497406006 0.4920443892478943 
v 0.9504972100257874 4.666077136993408 0.4899924099445343 
v 0.9496507048606873 4.666077136993408 0.4912351667881012 
v 0.9513437151908875 4.662496566772461 0.49048373103141785 
v 0.9511018395423889 4.661240100860596 0.4920443892478943 
v 0.9500134587287903 4.666077136993408 0.4931136965751648 
v 0.9508600234985352 4.662496566772461 0.4935761094093323 
v 0.9555159211158752 4.659629821777344 0.4944431483745575 
v 0.9524925947189331 4.661240100860596 0.4959459900856018 
v 0.9514646530151367 4.666077136993408 0.49643731117248535 
v 0.9508600234985352 4.669651031494141 0.4935761094093323 
v 0.9524925947189331 4.670907497406006 0.4959459900856018 
v 0.9555159211158752 4.672517776489258 0.4944431483745575 
v 0.9533995985984802 4.662496566772461 0.49866265058517456 
v 0.9532181620597839 4.666077136993408 0.4996163845062256 
v 0.9544879794120789 4.666077136993408 0.5010614395141602 
v 0.9547902941703796 4.670907497406006 0.49938517808914185 
v 0.9533995985984802 4.669651031494141 0.49866265058517456 
v 0.9547902941703796 4.661240100860596 0.49938517808914185 
v 0.9524925947189331 4.670907497406006 0.4959459900856018 
v 0.9533995985984802 4.669651031494141 0.49866265058517456 
v 0.9555159211158752 4.672517776489258 0.4944431483745575 
v 0.9547902941703796 4.670907497406006 0.49938517808914185 
v 0.9561205506324768 4.669651031494141 0.5001655220985413 
v 0.9576321840286255 4.670907497406006 0.49877825379371643 
v 0.9596880674362183 4.669651031494141 0.4984314441680908 
v 0.9598694443702698 4.670907497406006 0.49687081575393677 
v 0.9585391879081726 4.670907497406006 0.49296921491622925 
v 0.9555159211158752 4.672517776489258 0.4944431483745575 
v 0.9576321840286255 4.669651031494141 0.4902525246143341 
v 0.9562414884567261 4.670907497406006 0.48950111865997314 
v 0.9549112319946289 4.669651031494141 0.48872077465057373 
v 0.9533995985984802 4.670907497406006 0.49010801315307617 
v 0.9513437151908875 4.669651031494141 0.49048373103141785 
v 0.9511018395423889 4.670907497406006 0.4920443892478943 
v 0.9511018395423889 4.661240100860596 0.4920443892478943 
v 0.9555159211158752 4.659629821777344 0.4944431483745575 
v 0.9513437151908875 4.662496566772461 0.49048373103141785 
v 0.9533995985984802 4.661240100860596 0.49010801315307617 
v 0.9549112319946289 4.662496566772461 0.48872077465057373 
v 0.9562414884567261 4.661240100860596 0.48950111865997314 
v 0.9576321840286255 4.662496566772461 0.4902525246143341 
v 0.9585391879081726 4.661240100860596 0.49296921491622925 
v 0.9598694443702698 4.661240100860596 0.49687081575393677 
v 0.9555159211158752 4.659629821777344 0.4944431483745575 
v 0.9596880674362183 4.662496566772461 0.4984314441680908 
v 0.9576321840286255 4.661240100860596 0.49877825379371643 
v 0.9561205506324768 4.662496566772461 0.5001655220985413 
v 0.9547902941703796 4.661240100860596 0.49938517808914185 
v 0.9533995985984802 4.662496566772461 0.49866265058517456 
v 0.9524925947189331 4.661240100860596 0.4959459900856018 
v 0.9615020155906677 4.670907497406006 0.5130552649497986 
v 0.9628927707672119 4.669651031494141 0.513835608959198 
v 0.961260199546814 4.666077136993408 0.5147315263748169 
v 0.9627113342285156 4.666077136993408 0.5147892832756042 
v 0.9615020155906677 4.661240100860596 0.5130552649497986 
v 0.9628927707672119 4.662496566772461 0.513835608959198 
v 0.9644044041633606 4.661240100860596 0.5124483704566956 
v 0.9651300311088562 4.666077136993408 0.5138933658599854 
v 0.9663997888565063 4.662496566772461 0.5121015310287476 
v 0.9672462940216064 4.666077136993408 0.512563943862915 
v 0.9644044041633606 4.670907497406006 0.5124483704566956 
v 0.9663997888565063 4.669651031494141 0.5121015310287476 
v 0.9581159353256226 4.669651031494141 0.5041537880897522 
v 0.9601113200187683 4.670907497406006 0.5037781000137329 
v 0.9572694301605225 4.666077136993408 0.5036625266075134 
v 0.9593857526779175 4.666077136993408 0.5023330450057983 
v 0.9581159353256226 4.662496566772461 0.5041537880897522 
v 0.9601113200187683 4.661240100860596 0.5037781000137329 
v 0.9618043899536133 4.666077136993408 0.5014371275901794 
v 0.961622953414917 4.662496566772461 0.5023908615112305 
v 0.9630137085914612 4.661240100860596 0.5031712055206299 
v 0.9632555842399597 4.666077136993408 0.5015238523483276 
v 0.961622953414917 4.669651031494141 0.5023908615112305 
v 0.9630137085914612 4.670907497406006 0.5031712055206299 
v 0.9630137085914612 4.661240100860596 0.5031712055206299 
v 0.9644044041633606 4.662496566772461 0.5039225816726685 
v 0.9632555842399597 4.666077136993408 0.5015238523483276 
v 0.9645253419876099 4.666077136993408 0.5029689073562622 
v 0.9630137085914612 4.670907497406006 0.5031712055206299 
v 0.9644044041633606 4.669651031494141 0.5039225816726685 
v 0.9652509093284607 4.670907497406006 0.506639301776886 
v 0.9662788510322571 4.666077136993408 0.5061479806900024 
v 0.9652509093284607 4.661240100860596 0.506639301776886 
v 0.9677300453186035 4.666077136993408 0.5094715356826782 
v 0.9668835401535034 4.662496566772461 0.5089802742004395 
v 0.9666416645050049 4.661240100860596 0.5105409026145935 
v 0.9622276425361633 4.659629821777344 0.5081132054328918 
v 0.9663997888565063 4.669651031494141 0.5121015310287476 
v 0.9666416645050049 4.670907497406006 0.5105409026145935 
v 0.9672462940216064 4.666077136993408 0.512563943862915 
v 0.9680928587913513 4.666077136993408 0.5113500952720642 
v 0.9663997888565063 4.662496566772461 0.5121015310287476 
v 0.9668835401535034 4.669651031494141 0.5089802742004395 
v 0.9622276425361633 4.672517776489258 0.5081132054328918 
v 0.9581159353256226 4.669651031494141 0.5041537880897522 
v 0.957874059677124 4.670907497406006 0.505714476108551 
v 0.9572694301605225 4.666077136993408 0.5036625266075134 
v 0.9564228653907776 4.666077136993408 0.5049052238464355 
v 0.9581159353256226 4.662496566772461 0.5041537880897522 
v 0.957874059677124 4.661240100860596 0.505714476108551 
v 0.9567856788635254 4.666077136993408 0.5067837834358215 
v 0.9576321840286255 4.662496566772461 0.507246196269989 
v 0.9622276425361633 4.659629821777344 0.5081132054328918 
v 0.9592648148536682 4.661240100860596 0.5096160769462585 
v 0.9582368731498718 4.666077136993408 0.5101073980331421 
v 0.9576321840286255 4.669651031494141 0.507246196269989 
v 0.9592648148536682 4.670907497406006 0.5096160769462585 
v 0.9622276425361633 4.672517776489258 0.5081132054328918 
v 0.9601113200187683 4.662496566772461 0.5123327374458313 
v 0.959990382194519 4.666077136993408 0.5132864713668823 
v 0.961260199546814 4.666077136993408 0.5147315263748169 
v 0.9615020155906677 4.670907497406006 0.5130552649497986 
v 0.9601113200187683 4.669651031494141 0.5123327374458313 
v 0.9615020155906677 4.661240100860596 0.5130552649497986 
v 0.9592648148536682 4.670907497406006 0.5096160769462585 
v 0.9601113200187683 4.669651031494141 0.5123327374458313 
v 0.9622276425361633 4.672517776489258 0.5081132054328918 
v 0.9615020155906677 4.670907497406006 0.5130552649497986 
v 0.9628927707672119 4.669651031494141 0.513835608959198 
v 0.9644044041633606 4.670907497406006 0.5124483704566956 
v 0.9663997888565063 4.669651031494141 0.5121015310287476 
v 0.9666416645050049 4.670907497406006 0.5105409026145935 
v 0.9652509093284607 4.670907497406006 0.506639301776886 
v 0.9622276425361633 4.672517776489258 0.5081132054328918 
v 0.9644044041633606 4.669651031494141 0.5039225816726685 
v 0.9630137085914612 4.670907497406006 0.5031712055206299 
v 0.961622953414917 4.669651031494141 0.5023908615112305 
v 0.9601113200187683 4.670907497406006 0.5037781000137329 
v 0.9581159353256226 4.669651031494141 0.5041537880897522 
v 0.957874059677124 4.670907497406006 0.505714476108551 
v 0.957874059677124 4.661240100860596 0.505714476108551 
v 0.9622276425361633 4.659629821777344 0.5081132054328918 
v 0.9581159353256226 4.662496566772461 0.5041537880897522 
v 0.9601113200187683 4.661240100860596 0.5037781000137329 
v 0.961622953414917 4.662496566772461 0.5023908615112305 
v 0.9630137085914612 4.661240100860596 0.5031712055206299 
v 0.9644044041633606 4.662496566772461 0.5039225816726685 
v 0.9652509093284607 4.661240100860596 0.506639301776886 
v 0.9666416645050049 4.661240100860596 0.5105409026145935 
v 0.9622276425361633 4.659629821777344 0.5081132054328918 
v 0.9663997888565063 4.662496566772461 0.5121015310287476 
v 0.9644044041633606 4.661240100860596 0.5124483704566956 
v 0.9628927707672119 4.662496566772461 0.513835608959198 
v 0.9615020155906677 4.661240100860596 0.5130552649497986 
v 0.9601113200187683 4.662496566772461 0.5123327374458313 
v 0.9592648148536682 4.661240100860596 0.5096160769462585 
vn -0.4010879397392273 0.8254128694534302 0.3972681760787964 
vn -0.7078787684440613 -1.4640568759497624e-13 0.7063339352607727 
vn -0.14154170453548431 0.5379418134689331 0.8310141563415527 
vn -0.19535815715789795 -4.0404579503125135e-14 0.9807319641113281 
vn 0 0 1 
vn 2.2372444066602604e-13 -0.7201150059700012 0.6938546895980835 
vn -0.14154170453548431 -0.5379418134689331 0.8310141563415527 
vn -0.4010879397392273 -0.8254128694534302 0.3972681760787964 
vn -7.446821615299595e-14 0.7201150059700012 0.6938546895980835 
vn 0.19535815715789795 0 0.9807319641113281 
vn 0.14154170453548431 0.5379418134689331 0.8310141563415527 
vn 0.4010879397392273 0.8254128694534302 0.3972681760787964 
vn 0.7078787684440613 0 0.7063339352607727 
vn 0.14154170453548431 -0.5379418134689331 0.8310141563415527 
vn 0.4010879397392273 -0.8254128694534302 0.3972681760787964 
vn -0.3964731991291046 -0.8276394009590149 -0.3972681760787964 
vn -0.14579439163208008 -0.5368048548698425 -0.8310141563415527 
vn -0.7078686952590942 -0.0037756471429020166 -0.7063339352607727 
vn -0.19535815715789795 -4.0404579503125135e-14 -0.9807319641113281 
vn -0.3964731991291046 0.8276394009590149 -0.3972681760787964 
vn -0.14579439163208008 0.5368048548698425 -0.8310141563415527 
vn -0.0018884019227698445 0.7201125621795654 -0.6938546895980835 
vn 2.0682311115474694e-13 4.2775797696334704e-26 -1 
vn -0.0018884019227698445 -0.7201125621795654 -0.6938546895980835 
vn 0.19535815715789795 0 -0.9807319641113281 
vn 0.14579439163208008 -0.5368048548698425 -0.8310141563415527 
vn 0.39987754821777344 -0.8259999752044678 -0.3972681760787964 
vn 0.7078787684440613 0 -0.7063339352607727 
vn 0.14579439163208008 0.5368048548698425 -0.8310141563415527 
vn 0.39987754821777344 0.8259999752044678 -0.3972681760787964 
vn 0.39987754821777344 -0.8259999752044678 -0.3972681760787964 
vn 0.8315142393112183 -0.5360141396522522 -0.1458524912595749 
vn 0.7078787684440613 0 -0.7063339352607727 
vn 0.9803028106689453 0 -0.1975002884864807 
vn 0.39987754821777344 0.8259999752044678 -0.3972681760787964 
vn 0.8315142393112183 0.5360141396522522 -0.1458524912595749 
vn 0.6909050345420837 0.7229422330856323 0.002184694167226553 
vn 0.999997615814209 0 0.002184694167226553 
vn 0.6909050345420837 -0.7229422330856323 0.002184694167226553 
vn 0.9803028106689453 0 0.1975002884864807 
vn 0.8318864703178406 -0.53543621301651 0.1458524912595749 
vn 0.4010879397392273 -0.8254128694534302 0.3972681760787964 
vn 0.7078787684440613 0 0.7063339352607727 
vn 0.8318864703178406 0.53543621301651 0.1458524912595749 
vn 0.4010879397392273 0.8254128694534302 0.3972681760787964 
vn -0.3964731991291046 0.8276394009590149 -0.3972681760787964 
vn -0.8335542678833008 0.5328361392021179 -0.1458524912595749 
vn -0.7078686952590942 -0.0037756471429020166 -0.7063339352607727 
vn -0.9803028106689453 -2.0231394142443404e-13 -0.1975002884864807 
vn -0.3964731991291046 -0.8276394009590149 -0.3972681760787964 
vn -0.8335542678833008 -0.5328361392021179 -0.1458524912595749 
vn -0.6909050345420837 -0.7229422330856323 0.002184694167226553 
vn -0.999997615814209 -2.0682260971124217e-13 0.002184694167226553 
vn -0.6909050345420837 0.7229422330856323 0.002184694167226553 
vn -0.9803028106689453 -2.0231394142443404e-13 0.1975002884864807 
vn -0.8318864703178406 0.53543621301651 0.1458524912595749 
vn -0.4010879397392273 0.8254128694534302 0.3972681760787964 
vn -0.7078787684440613 -1.4640568759497624e-13 0.7063339352607727 
vn -0.8318864703178406 -0.53543621301651 0.1458524912595749 
vn -0.4010879397392273 -0.8254128694534302 0.3972681760787964 
vn -0.4010879397392273 0.8254128694534302 0.3972681760787964 
vn -0.8318864703178406 0.53543621301651 0.1458524912595749 
vn -1.0341130485562108e-13 0.999997615814209 0.002184694167226553 
vn -0.6909050345420837 0.7229422330856323 0.002184694167226553 
vn -0.14154170453548431 0.5379418134689331 0.8310141563415527 
vn -7.446821615299595e-14 0.7201150059700012 0.6938546895980835 
vn 0.14154170453548431 0.5379418134689331 0.8310141563415527 
vn 0.4010879397392273 0.8254128694534302 0.3972681760787964 
vn 0.8318864703178406 0.53543621301651 0.1458524912595749 
vn 0.6909050345420837 0.7229422330856323 0.002184694167226553 
vn 0.8315142393112183 0.5360141396522522 -0.1458524912595749 
vn 0.39987754821777344 0.8259999752044678 -0.3972681760787964 
vn 0.14579439163208008 0.5368048548698425 -0.8310141563415527 
vn -0.0018884019227698445 0.7201125621795654 -0.6938546895980835 
vn -0.14579439163208008 0.5368048548698425 -0.8310141563415527 
vn -0.3964731991291046 0.8276394009590149 -0.3972681760787964 
vn -0.8335542678833008 0.5328361392021179 -0.1458524912595749 
vn -0.3964731991291046 -0.8276394009590149 -0.3972681760787964 
vn -0.8335542678833008 -0.5328361392021179 -0.1458524912595749 
vn 3.097898456858039e-13 -0.999997615814209 0.002184694167226553 
vn -0.6909050345420837 -0.7229422330856323 0.002184694167226553 
vn -0.14579439163208008 -0.5368048548698425 -0.8310141563415527 
vn -0.0018884019227698445 -0.7201125621795654 -0.6938546895980835 
vn 0.14579439163208008 -0.5368048548698425 -0.8310141563415527 
vn 0.39987754821777344 -0.8259999752044678 -0.3972681760787964 
vn 0.8315142393112183 -0.5360141396522522 -0.1458524912595749 
vn 0.6909050345420837 -0.7229422330856323 0.002184694167226553 
vn 0.8318864703178406 -0.53543621301651 0.1458524912595749 
vn 0.4010879397392273 -0.8254128694534302 0.3972681760787964 
vn 0.14154170453548431 -0.5379418134689331 0.8310141563415527 
vn 2.2372444066602604e-13 -0.7201150059700012 0.6938546895980835 
vn -0.14154170453548431 -0.5379418134689331 0.8310141563415527 
vn -0.4010879397392273 -0.8254128694534302 0.3972681760787964 
vn -0.8318864703178406 -0.53543621301651 0.1458524912595749 
vn -0.3722049295902252 0.7803438901901245 0.5025205612182617 
vn 0.028250064700841904 0.4922367036342621 0.8700028657913208 
vn -0.6129299998283386 -0.003768298774957657 0.790128231048584 
vn 0.017476677894592285 0 0.9998472929000854 
vn -0.3722049295902252 -0.7803438901901245 0.5025205612182617 
vn 0.028250064700841904 -0.4922367036342621 0.8700028657913208 
vn 0.18653637170791626 -0.7495409846305847 0.6351318359375 
vn 0.28020769357681274 0 0.9599394202232361 
vn 0.4379431903362274 -0.49389830231666565 0.7511792182922363 
vn 0.5194216370582581 0 0.8545181155204773 
vn 0.18653637170791626 0.7495409846305847 0.6351318359375 
vn 0.4379431903362274 0.49389830231666565 0.7511792182922363 
vn -0.4400051236152649 0.4920622706413269 -0.7511792182922363 
vn -0.18343649804592133 0.7503056526184082 -0.6351318359375 
vn -0.5194216370582581 -1.0719772508896441e-13 -0.8545181155204773 
vn -0.28018221259117126 0.003777990350499749 -0.9599394202232361 
vn -0.4400051236152649 -0.4920622706413269 -0.7511792182922363 
vn -0.18343649804592133 -0.7503056526184082 -0.6351318359375 
vn -0.017476677894592285 -3.6145805417514814e-15 -0.9998472929000854 
vn -0.026432842016220093 -0.4923376441001892 -0.8700028657913208 
vn 0.3777928054332733 -0.7776539921760559 -0.5025205612182617 
vn 0.612941563129425 0 -0.790128231048584 
vn -0.026432842016220093 0.4923376441001892 -0.8700028657913208 
vn 0.3777928054332733 0.7776539921760559 -0.5025205612182617 
vn 0.3777928054332733 -0.7776539921760559 -0.5025205612182617 
vn 0.836688220500946 -0.4155043363571167 -0.3568037748336792 
vn 0.612941563129425 0 -0.790128231048584 
vn 0.9106194972991943 0 -0.41324591636657715 
vn 0.9605492949485779 0 -0.2781098484992981 
vn 0.7788499593734741 0.5845409631729126 -0.22738653421401978 
vn 3.097898456858039e-13 -0.999997615814209 0.002184694167226553 
vn 0.7788499593734741 -0.5845409631729126 -0.22738653421401978 
vn 0.8971030712127686 -0.41705283522605896 -0.1458524912595749 
vn 0.9899342060089111 0 -0.1415284425020218 
vn 0.583894670009613 -0.7805640697479248 0.22312943637371063 
vn 0.9402724504470825 0 0.34042292833328247 
vn 0.4379431903362274 -0.49389830231666565 0.7511792182922363 
vn 0.5194216370582581 0 0.8545181155204773 
vn 0.583894670009613 0.7805640697479248 0.22312943637371063 
vn 0.4379431903362274 0.49389830231666565 0.7511792182922363 
vn 0.8971030712127686 0.41705283522605896 -0.1458524912595749 
vn -1.0341130485562108e-13 0.999997615814209 -0.002184694167226553 
vn 0.836688220500946 0.4155043363571167 -0.3568037748336792 
vn 0.3777928054332733 0.7776539921760559 -0.5025205612182617 
vn -0.3722049295902252 -0.7803438901901245 0.5025205612182617 
vn 3.097898456858039e-13 -0.999997615814209 0.002184694167226553 
vn -0.8369342684745789 -0.415008544921875 0.3568037748336792 
vn -0.7815698385238647 -0.5808992385864258 0.22738653421401978 
vn -0.9605492949485779 -1.986637850753814e-13 0.2781098484992981 
vn -0.9899342060089111 -2.0474126680072174e-13 0.1415284425020218 
vn -0.8973232507705688 0.416579008102417 0.1458524912595749 
vn -0.7815698385238647 0.5808992385864258 0.22738653421401978 
vn -0.9106194972991943 -1.883371524057445e-13 0.41324591636657715 
vn -0.8369342684745789 0.415008544921875 0.3568037748336792 
vn -0.3722049295902252 0.7803438901901245 0.5025205612182617 
vn -1.0341130485562108e-13 0.999997615814209 -0.002184694167226553 
vn -0.5860224962234497 0.7789678573608398 -0.22312943637371063 
vn -0.9402724504470825 -1.9447006396715316e-13 -0.34042292833328247 
vn -0.5194216370582581 -1.0719772508896441e-13 -0.8545181155204773 
vn -0.4400051236152649 -0.4920622706413269 -0.7511792182922363 
vn -0.5860224962234497 -0.7789678573608398 -0.22312943637371063 
vn -0.8973232507705688 -0.416579008102417 0.1458524912595749 
vn -0.6129299998283386 -0.003768298774957657 0.790128231048584 
vn -0.4400051236152649 0.4920622706413269 -0.7511792182922363 
vn -0.3722049295902252 0.7803438901901245 0.5025205612182617 
vn 0.028250064700841904 0.4922367036342621 0.8700028657913208 
vn -1.0341130485562108e-13 0.999997615814209 -0.002184694167226553 
vn 0.18653637170791626 0.7495409846305847 0.6351318359375 
vn 0.4379431903362274 0.49389830231666565 0.7511792182922363 
vn 0.583894670009613 0.7805640697479248 0.22312943637371063 
vn 0.3777928054332733 0.7776539921760559 -0.5025205612182617 
vn -1.0341130485562108e-13 0.999997615814209 -0.002184694167226553 
vn -0.026432842016220093 0.4923376441001892 -0.8700028657913208 
vn -0.18343649804592133 0.7503056526184082 -0.6351318359375 
vn -0.4400051236152649 0.4920622706413269 -0.7511792182922363 
vn -0.5860224962234497 0.7789678573608398 -0.22312943637371063 
vn -0.5860224962234497 -0.7789678573608398 -0.22312943637371063 
vn 3.097898456858039e-13 -0.999997615814209 0.002184694167226553 
vn -0.4400051236152649 -0.4920622706413269 -0.7511792182922363 
vn -0.18343649804592133 -0.7503056526184082 -0.6351318359375 
vn -0.026432842016220093 -0.4923376441001892 -0.8700028657913208 
vn 0.3777928054332733 -0.7776539921760559 -0.5025205612182617 
vn 0.583894670009613 -0.7805640697479248 0.22312943637371063 
vn 3.097898456858039e-13 -0.999997615814209 0.002184694167226553 
vn 0.4379431903362274 -0.49389830231666565 0.7511792182922363 
vn 0.18653637170791626 -0.7495409846305847 0.6351318359375 
vn 0.028250064700841904 -0.4922367036342621 0.8700028657913208 
vn -0.3722049295902252 -0.7803438901901245 0.5025205612182617 
vn -0.3722049295902252 0.7803438901901245 0.5025205612182617 
vn 0.028250064700841904 0.4922367036342621 0.8700028657913208 
vn -0.6129299998283386 -0.003768298774957657 0.790128231048584 
vn 0.017476677894592285 0 0.9998472929000854 
vn -0.3722049295902252 -0.7803438901901245 0.5025205612182617 
vn 0.028250064700841904 -0.4922367036342621 0.8700028657913208 
vn 0.18653637170791626 -0.7495409846305847 0.6351318359375 
vn 0.28020769357681274 0 0.9599394202232361 
vn 0.4379431903362274 -0.49389830231666565 0.7511792182922363 
vn 0.5194216370582581 0 0.8545181155204773 
vn 0.18653637170791626 0.7495409846305847 0.6351318359375 
vn 0.4379431903362274 0.49389830231666565 0.7511792182922363 
vn -0.4400051236152649 0.4920622706413269 -0.7511792182922363 
vn -0.18343649804592133 0.7503056526184082 -0.6351318359375 
vn -0.5194216370582581 -1.0719772508896441e-13 -0.8545181155204773 
vn -0.28018221259117126 0.003777990350499749 -0.9599394202232361 
vn -0.4400051236152649 -0.4920622706413269 -0.7511792182922363 
vn -0.18343649804592133 -0.7503056526184082 -0.6351318359375 
vn -0.017476677894592285 -3.6145805417514814e-15 -0.9998472929000854 
vn -0.026432842016220093 -0.4923376441001892 -0.8700028657913208 
vn 0.3777928054332733 -0.7776539921760559 -0.5025205612182617 
vn 0.612941563129425 0 -0.790128231048584 
vn -0.026432842016220093 0.4923376441001892 -0.8700028657913208 
vn 0.3777928054332733 0.7776539921760559 -0.5025205612182617 
vn 0.3777928054332733 -0.7776539921760559 -0.5025205612182617 
vn 0.836688220500946 -0.4155043363571167 -0.3568037748336792 
vn 0.612941563129425 0 -0.790128231048584 
vn 0.9106194972991943 0 -0.41324591636657715 
vn 0.9605492949485779 0 -0.2781098484992981 
vn 0.7788499593734741 0.5845409631729126 -0.22738653421401978 
vn 3.097898456858039e-13 -0.999997615814209 0.002184694167226553 
vn 0.7788499593734741 -0.5845409631729126 -0.22738653421401978 
vn 0.8971030712127686 -0.41705283522605896 -0.1458524912595749 
vn 0.9899342060089111 0 -0.1415284425020218 
vn 0.583894670009613 -0.7805640697479248 0.22312943637371063 
vn 0.9402724504470825 0 0.34042292833328247 
vn 0.4379431903362274 -0.49389830231666565 0.7511792182922363 
vn 0.5194216370582581 0 0.8545181155204773 
vn 0.583894670009613 0.7805640697479248 0.22312943637371063 
vn 0.4379431903362274 0.49389830231666565 0.7511792182922363 
vn 0.8971030712127686 0.41705283522605896 -0.1458524912595749 
vn -1.0341130485562108e-13 0.999997615814209 -0.002184694167226553 
vn 0.836688220500946 0.4155043363571167 -0.3568037748336792 
vn 0.3777928054332733 0.7776539921760559 -0.5025205612182617 
vn -0.3722049295902252 -0.7803438901901245 0.5025205612182617 
vn 3.097898456858039e-13 -0.999997615814209 0.002184694167226553 
vn -0.8369342684745789 -0.415008544921875 0.3568037748336792 
vn -0.7815698385238647 -0.5808992385864258 0.22738653421401978 
vn -0.9605492949485779 -1.986637850753814e-13 0.2781098484992981 
vn -0.9899342060089111 -2.0474126680072174e-13 0.1415284425020218 
vn -0.8973232507705688 0.416579008102417 0.1458524912595749 
vn -0.7815698385238647 0.5808992385864258 0.22738653421401978 
vn -0.9106194972991943 -1.883371524057445e-13 0.41324591636657715 
vn -0.8369342684745789 0.415008544921875 0.3568037748336792 
vn -0.3722049295902252 0.7803438901901245 0.5025205612182617 
vn -1.0341130485562108e-13 0.999997615814209 -0.002184694167226553 
vn -0.5860224962234497 0.7789678573608398 -0.22312943637371063 
vn -0.9402724504470825 -1.9447006396715316e-13 -0.34042292833328247 
vn -0.5194216370582581 -1.0719772508896441e-13 -0.8545181155204773 
vn -0.4400051236152649 -0.4920622706413269 -0.7511792182922363 
vn -0.5860224962234497 -0.7789678573608398 -0.22312943637371063 
vn -0.8973232507705688 -0.416579008102417 0.1458524912595749 
vn -0.6129299998283386 -0.003768298774957657 0.790128231048584 
vn -0.4400051236152649 0.4920622706413269 -0.7511792182922363 
vn -0.3722049295902252 0.7803438901901245 0.5025205612182617 
vn 0.028250064700841904 0.4922367036342621 0.8700028657913208 
vn -1.0341130485562108e-13 0.999997615814209 -0.002184694167226553 
vn 0.18653637170791626 0.7495409846305847 0.6351318359375 
vn 0.4379431903362274 0.49389830231666565 0.7511792182922363 
vn 0.583894670009613 0.7805640697479248 0.22312943637371063 
vn 0.3777928054332733 0.7776539921760559 -0.5025205612182617 
vn -1.0341130485562108e-13 0.999997615814209 -0.002184694167226553 
vn -0.026432842016220093 0.4923376441001892 -0.8700028657913208 
vn -0.18343649804592133 0.7503056526184082 -0.6351318359375 
vn -0.4400051236152649 0.4920622706413269 -0.7511792182922363 
vn -0.5860224962234497 0.7789678573608398 -0.22312943637371063 
vn -0.5860224962234497 -0.7789678573608398 -0.22312943637371063 
vn 3.097898456858039e-13 -0.999997615814209 0.002184694167226553 
vn -0.4400051236152649 -0.4920622706413269 -0.7511792182922363 
vn -0.18343649804592133 -0.7503056526184082 -0.6351318359375 
vn -0.026432842016220093 -0.4923376441001892 -0.8700028657913208 
vn 0.3777928054332733 -0.7776539921760559 -0.5025205612182617 
vn 0.583894670009613 -0.7805640697479248 0.22312943637371063 
vn 3.097898456858039e-13 -0.999997615814209 0.002184694167226553 
vn 0.4379431903362274 -0.49389830231666565 0.7511792182922363 
vn 0.18653637170791626 -0.7495409846305847 0.6351318359375 
vn 0.028250064700841904 -0.4922367036342621 0.8700028657913208 
vn -0.3722049295902252 -0.7803438901901245 0.5025205612182617 
vn -0.3722049295902252 0.7803438901901245 0.5025205612182617 
vn 0.028250064700841904 0.4922367036342621 0.8700028657913208 
vn -0.6129299998283386 -0.003768298774957657 0.790128231048584 
vn 0.017476677894592285 0 0.9998472929000854 
vn -0.3722049295902252 -0.7803438901901245 0.5025205612182617 
vn 0.028250064700841904 -0.4922367036342621 0.8700028657913208 
vn 0.18653637170791626 -0.7495409846305847 0.6351318359375 
vn 0.28020769357681274 0 0.9599394202232361 
vn 0.4379431903362274 -0.49389830231666565 0.7511792182922363 
vn 0.5194216370582581 0 0.8545181155204773 
vn 0.18653637170791626 0.7495409846305847 0.6351318359375 
vn 0.4379431903362274 0.49389830231666565 0.7511792182922363 
vn -0.4400051236152649 0.4920622706413269 -0.7511792182922363 
vn -0.18343649804592133 0.7503056526184082 -0.6351318359375 
vn -0.5194216370582581 -1.0719772508896441e-13 -0.8545181155204773 
vn -0.28018221259117126 -0.003777990350499749 -0.9599394202232361 
vn -0.4400051236152649 -0.4920622706413269 -0.7511792182922363 
vn -0.18343649804592133 -0.7503056526184082 -0.6351318359375 
vn -0.017476677894592285 -3.6145805417514814e-15 -0.9998472929000854 
vn -0.026432842016220093 -0.4923376441001892 -0.8700028657913208 
vn 0.3777928054332733 -0.7776539921760559 -0.5025205612182617 
vn 0.612941563129425 0 -0.790128231048584 
vn -0.026432842016220093 0.4923376441001892 -0.8700028657913208 
vn 0.3777928054332733 0.7776539921760559 -0.5025205612182617 
vn 0.3777928054332733 -0.7776539921760559 -0.5025205612182617 
vn 0.836688220500946 -0.4155043363571167 -0.3568037748336792 
vn 0.612941563129425 0 -0.790128231048584 
vn 0.9106194972991943 0 -0.41324591636657715 
vn 0.9605492949485779 0 -0.2781098484992981 
vn 0.7788499593734741 0.5845409631729126 -0.22738653421401978 
vn 3.097898456858039e-13 -0.999997615814209 0.002184694167226553 
vn 0.7788499593734741 -0.5845409631729126 -0.22738653421401978 
vn 0.8971030712127686 -0.41705283522605896 -0.1458524912595749 
vn 0.9899342060089111 0 -0.1415284425020218 
vn 0.583894670009613 -0.7805640697479248 0.22312943637371063 
vn 0.9402724504470825 0 0.34042292833328247 
vn 0.4379431903362274 -0.49389830231666565 0.7511792182922363 
vn 0.5194216370582581 0 0.8545181155204773 
vn 0.583894670009613 0.7805640697479248 0.22312943637371063 
vn 0.4379431903362274 0.49389830231666565 0.7511792182922363 
vn 0.8971030712127686 0.41705283522605896 -0.1458524912595749 
vn -1.0341130485562108e-13 0.999997615814209 -0.002184694167226553 
vn 0.836688220500946 0.4155043363571167 -0.3568037748336792 
vn 0.3777928054332733 0.7776539921760559 -0.5025205612182617 
vn -0.3722049295902252 -0.7803438901901245 0.5025205612182617 
vn 3.097898456858039e-13 -0.999997615814209 0.002184694167226553 
vn -0.8369342684745789 -0.415008544921875 0.3568037748336792 
vn -0.7815698385238647 -0.5808992385864258 0.22738653421401978 
vn -0.9605492949485779 -1.986637850753814e-13 0.2781098484992981 
vn -0.9899342060089111 -2.0474126680072174e-13 0.1415284425020218 
vn -0.8973232507705688 0.416579008102417 0.1458524912595749 
vn -0.7815698385238647 0.5808992385864258 0.22738653421401978 
vn -0.9106194972991943 -1.883371524057445e-13 0.41324591636657715 
vn -0.8369342684745789 0.415008544921875 0.3568037748336792 
vn -0.3722049295902252 0.7803438901901245 0.5025205612182617 
vn -1.0341130485562108e-13 0.999997615814209 -0.002184694167226553 
vn -0.5860224962234497 0.7789678573608398 -0.22312943637371063 
vn -0.9402724504470825 -1.9447006396715316e-13 -0.34042292833328247 
vn -0.5194216370582581 -1.0719772508896441e-13 -0.8545181155204773 
vn -0.4400051236152649 -0.4920622706413269 -0.7511792182922363 
vn -0.5860224962234497 -0.7789678573608398 -0.22312943637371063 
vn -0.8973232507705688 -0.416579008102417 0.1458524912595749 
vn -0.6129299998283386 -0.003768298774957657 0.790128231048584 
vn -0.4400051236152649 0.4920622706413269 -0.7511792182922363 
vn -0.3722049295902252 0.7803438901901245 0.5025205612182617 
vn 0.028250064700841904 0.4922367036342621 0.8700028657913208 
vn -1.0341130485562108e-13 0.999997615814209 -0.002184694167226553 
vn 0.18653637170791626 0.7495409846305847 0.6351318359375 
vn 0.4379431903362274 0.49389830231666565 0.7511792182922363 
vn 0.583894670009613 0.7805640697479248 0.22312943637371063 
vn 0.3777928054332733 0.7776539921760559 -0.5025205612182617 
vn -1.0341130485562108e-13 0.999997615814209 -0.002184694167226553 
vn -0.026432842016220093 0.4923376441001892 -0.8700028657913208 
vn -0.18343649804592133 0.7503056526184082 -0.6351318359375 
vn -0.4400051236152649 0.4920622706413269 -0.7511792182922363 
vn -0.5860224962234497 0.7789678573608398 -0.22312943637371063 
vn -0.5860224962234497 -0.7789678573608398 -0.22312943637371063 
vn 3.097898456858039e-13 -0.999997615814209 0.002184694167226553 
vn -0.4400051236152649 -0.4920622706413269 -0.7511792182922363 
vn -0.18343649804592133 -0.7503056526184082 -0.6351318359375 
vn -0.026432842016220093 -0.4923376441001892 -0.8700028657913208 
vn 0.3777928054332733 -0.7776539921760559 -0.5025205612182617 
vn 0.583894670009613 -0.7805640697479248 0.22312943637371063 
vn 3.097898456858039e-13 -0.999997615814209 0.002184694167226553 
vn 0.4379431903362274 -0.49389830231666565 0.7511792182922363 
vn 0.18653637170791626 -0.7495409846305847 0.6351318359375 
vn 0.028250064700841904 -0.4922367036342621 0.8700028657913208 
vn -0.3722049295902252 -0.7803438901901245 0.5025205612182617 
vn -0.4010879397392273 0.8254128694534302 0.3972681760787964 
vn -0.14154170453548431 0.5379418134689331 0.8310141563415527 
vn -0.7078787684440613 -1.4640568759497624e-13 0.7063339352607727 
vn -0.19535815715789795 -4.0404579503125135e-14 0.9807319641113281 
vn -0.4010879397392273 -0.8254128694534302 0.3972681760787964 
vn -0.14154170453548431 -0.5379418134689331 0.8310141563415527 
vn 2.2372444066602604e-13 -0.7201150059700012 0.6938546895980835 
vn 0 0 1 
vn -7.446821615299595e-14 0.7201150059700012 0.6938546895980835 
vn 0.19535815715789795 0 0.9807319641113281 
vn 0.14154170453548431 0.5379418134689331 0.8310141563415527 
vn 0.4010879397392273 0.8254128694534302 0.3972681760787964 
vn 0.7078787684440613 0 0.7063339352607727 
vn 0.14154170453548431 -0.5379418134689331 0.8310141563415527 
vn 0.4010879397392273 -0.8254128694534302 0.3972681760787964 
vn -0.3964731991291046 -0.8276394009590149 -0.3972681760787964 
vn -0.14579439163208008 -0.5368048548698425 -0.8310141563415527 
vn -0.7078686952590942 -0.0037756471429020166 -0.7063339352607727 
vn -0.19535815715789795 -4.0404579503125135e-14 -0.9807319641113281 
vn -0.3964731991291046 0.8276394009590149 -0.3972681760787964 
vn -0.14579439163208008 0.5368048548698425 -0.8310141563415527 
vn -0.0018884019227698445 0.7201125621795654 -0.6938546895980835 
vn 2.0682311115474694e-13 4.2775797696334704e-26 -1 
vn -0.0018884019227698445 -0.7201125621795654 -0.6938546895980835 
vn 0.19535815715789795 0 -0.9807319641113281 
vn 0.14579439163208008 -0.5368048548698425 -0.8310141563415527 
vn 0.39987754821777344 -0.8259999752044678 -0.3972681760787964 
vn 0.7078787684440613 0 -0.7063339352607727 
vn 0.14579439163208008 0.5368048548698425 -0.8310141563415527 
vn 0.39987754821777344 0.8259999752044678 -0.3972681760787964 
vn 0.39987754821777344 -0.8259999752044678 -0.3972681760787964 
vn 0.8315142393112183 -0.5360141396522522 -0.1458524912595749 
vn 0.7078787684440613 0 -0.7063339352607727 
vn 0.9803028106689453 0 -0.1975002884864807 
vn 0.39987754821777344 0.8259999752044678 -0.3972681760787964 
vn 0.8315142393112183 0.5360141396522522 -0.1458524912595749 
vn 0.6909050345420837 0.7229422330856323 0.002184694167226553 
vn 0.999997615814209 0 0.002184694167226553 
vn 0.6909050345420837 -0.7229422330856323 0.002184694167226553 
vn 0.9803028106689453 0 0.1975002884864807 
vn 0.8318864703178406 -0.53543621301651 0.1458524912595749 
vn 0.4010879397392273 -0.8254128694534302 0.3972681760787964 
vn 0.7078787684440613 0 0.7063339352607727 
vn 0.8318864703178406 0.53543621301651 0.1458524912595749 
vn 0.4010879397392273 0.8254128694534302 0.3972681760787964 
vn -0.3964731991291046 0.8276394009590149 -0.3972681760787964 
vn -0.8335542678833008 0.5328361392021179 -0.1458524912595749 
vn -0.7078686952590942 -0.0037756471429020166 -0.7063339352607727 
vn -0.9803028106689453 -2.0231394142443404e-13 -0.1975002884864807 
vn -0.3964731991291046 -0.8276394009590149 -0.3972681760787964 
vn -0.8335542678833008 -0.5328361392021179 -0.1458524912595749 
vn -0.6909050345420837 -0.7229422330856323 0.002184694167226553 
vn -0.999997615814209 -2.0682260971124217e-13 0.002184694167226553 
vn -0.6909050345420837 0.7229422330856323 0.002184694167226553 
vn -0.9803028106689453 -2.0231394142443404e-13 0.1975002884864807 
vn -0.8318864703178406 0.53543621301651 0.1458524912595749 
vn -0.4010879397392273 0.8254128694534302 0.3972681760787964 
vn -0.7078787684440613 -1.4640568759497624e-13 0.7063339352607727 
vn -0.8318864703178406 -0.53543621301651 0.1458524912595749 
vn -0.4010879397392273 -0.8254128694534302 0.3972681760787964 
vn -0.4010879397392273 0.8254128694534302 0.3972681760787964 
vn -0.8318864703178406 0.53543621301651 0.1458524912595749 
vn -1.0341130485562108e-13 0.999997615814209 0.002184694167226553 
vn -0.6909050345420837 0.7229422330856323 0.002184694167226553 
vn -0.14154170453548431 0.5379418134689331 0.8310141563415527 
vn -7.446821615299595e-14 0.7201150059700012 0.6938546895980835 
vn 0.14154170453548431 0.5379418134689331 0.8310141563415527 
vn 0.4010879397392273 0.8254128694534302 0.3972681760787964 
vn 0.8318864703178406 0.53543621301651 0.1458524912595749 
vn 0.6909050345420837 0.7229422330856323 0.002184694167226553 
vn 0.8315142393112183 0.5360141396522522 -0.1458524912595749 
vn 0.39987754821777344 0.8259999752044678 -0.3972681760787964 
vn 0.14579439163208008 0.5368048548698425 -0.8310141563415527 
vn -0.0018884019227698445 0.7201125621795654 -0.6938546895980835 
vn -0.14579439163208008 0.5368048548698425 -0.8310141563415527 
vn -0.3964731991291046 0.8276394009590149 -0.3972681760787964 
vn -0.8335542678833008 0.5328361392021179 -0.1458524912595749 
vn -0.3964731991291046 -0.8276394009590149 -0.3972681760787964 
vn -0.8335542678833008 -0.5328361392021179 -0.1458524912595749 
vn 3.097898456858039e-13 -0.999997615814209 0.002184694167226553 
vn -0.6909050345420837 -0.7229422330856323 0.002184694167226553 
vn -0.14579439163208008 -0.5368048548698425 -0.8310141563415527 
vn -0.0018884019227698445 -0.7201125621795654 -0.6938546895980835 
vn 0.14579439163208008 -0.5368048548698425 -0.8310141563415527 
vn 0.39987754821777344 -0.8259999752044678 -0.3972681760787964 
vn 0.8315142393112183 -0.5360141396522522 -0.1458524912595749 
vn 0.6909050345420837 -0.7229422330856323 0.002184694167226553 
vn 0.8318864703178406 -0.53543621301651 0.1458524912595749 
vn 0.4010879397392273 -0.8254128694534302 0.3972681760787964 
vn 0.14154170453548431 -0.5379418134689331 0.8310141563415527 
vn 2.2372444066602604e-13 -0.7201150059700012 0.6938546895980835 
vn -0.14154170453548431 -0.5379418134689331 0.8310141563415527 
vn -0.4010879397392273 -0.8254128694534302 0.3972681760787964 
vn -0.8318864703178406 -0.53543621301651 0.1458524912595749 
vn -0.4010879397392273 0.8254128694534302 0.3972681760787964 
vn -0.14154170453548431 0.5379418134689331 0.8310141563415527 
vn -0.7078787684440613 -1.4640568759497624e-13 0.7063339352607727 
vn -0.19535815715789795 -4.0404579503125135e-14 0.9807319641113281 
vn -0.4010879397392273 -0.8254128694534302 0.3972681760787964 
vn -0.14154170453548431 -0.5379418134689331 0.8310141563415527 
vn 2.2372444066602604e-13 -0.7201150059700012 0.6938546895980835 
vn 0 0 1 
vn -7.446821615299595e-14 0.7201150059700012 0.6938546895980835 
vn 0.19535815715789795 0 0.9807319641113281 
vn 0.14154170453548431 0.5379418134689331 0.8310141563415527 
vn 0.4010879397392273 0.8254128694534302 0.3972681760787964 
vn 0.7078787684440613 0 0.7063339352607727 
vn 0.14154170453548431 -0.5379418134689331 0.8310141563415527 
vn 0.4010879397392273 -0.8254128694534302 0.3972681760787964 
vn -0.3964731991291046 -0.8276394009590149 -0.3972681760787964 
vn -0.14579439163208008 -0.5368048548698425 -0.8310141563415527 
vn -0.7078686952590942 -0.0037756471429020166 -0.7063339352607727 
vn -0.19535815715789795 -4.0404579503125135e-14 -0.9807319641113281 
vn -0.3964731991291046 0.8276394009590149 -0.3972681760787964 
vn -0.14579439163208008 0.5368048548698425 -0.8310141563415527 
vn -0.0018884019227698445 0.7201125621795654 -0.6938546895980835 
vn 2.0682311115474694e-13 4.2775797696334704e-26 -1 
vn -0.0018884019227698445 -0.7201125621795654 -0.6938546895980835 
vn 0.19535815715789795 0 -0.9807319641113281 
vn 0.14579439163208008 -0.5368048548698425 -0.8310141563415527 
vn 0.39987754821777344 -0.8259999752044678 -0.3972681760787964 
vn 0.7078787684440613 0 -0.7063339352607727 
vn 0.14579439163208008 0.5368048548698425 -0.8310141563415527 
vn 0.39987754821777344 0.8259999752044678 -0.3972681760787964 
vn 0.39987754821777344 -0.8259999752044678 -0.3972681760787964 
vn 0.8315142393112183 -0.5360141396522522 -0.1458524912595749 
vn 0.7078787684440613 0 -0.7063339352607727 
vn 0.9803028106689453 0 -0.1975002884864807 
vn 0.39987754821777344 0.8259999752044678 -0.3972681760787964 
vn 0.8315142393112183 0.5360141396522522 -0.1458524912595749 
vn 0.6909050345420837 0.7229422330856323 0.002184694167226553 
vn 0.999997615814209 0 0.002184694167226553 
vn 0.6909050345420837 -0.7229422330856323 0.002184694167226553 
vn 0.9803028106689453 0 0.1975002884864807 
vn 0.8318864703178406 -0.53543621301651 0.1458524912595749 
vn 0.4010879397392273 -0.8254128694534302 0.3972681760787964 
vn 0.7078787684440613 0 0.7063339352607727 
vn 0.8318864703178406 0.53543621301651 0.1458524912595749 
vn 0.4010879397392273 0.8254128694534302 0.3972681760787964 
vn -0.3964731991291046 0.8276394009590149 -0.3972681760787964 
vn -0.8335542678833008 0.5328361392021179 -0.1458524912595749 
vn -0.7078686952590942 -0.0037756471429020166 -0.7063339352607727 
vn -0.9803028106689453 -2.0231394142443404e-13 -0.1975002884864807 
vn -0.3964731991291046 -0.8276394009590149 -0.3972681760787964 
vn -0.8335542678833008 -0.5328361392021179 -0.1458524912595749 
vn -0.6909050345420837 -0.7229422330856323 0.002184694167226553 
vn -0.999997615814209 -2.0682260971124217e-13 0.002184694167226553 
vn -0.6909050345420837 0.7229422330856323 0.002184694167226553 
vn -0.9803028106689453 -2.0231394142443404e-13 0.1975002884864807 
vn -0.8318864703178406 0.53543621301651 0.1458524912595749 
vn -0.4010879397392273 0.8254128694534302 0.3972681760787964 
vn -0.7078787684440613 -1.4640568759497624e-13 0.7063339352607727 
vn -0.8318864703178406 -0.53543621301651 0.1458524912595749 
vn -0.4010879397392273 -0.8254128694534302 0.3972681760787964 
vn -0.4010879397392273 0.8254128694534302 0.3972681760787964 
vn -0.8318864703178406 0.53543621301651 0.1458524912595749 
vn -1.0341130485562108e-13 0.999997615814209 0.002184694167226553 
vn -0.6909050345420837 0.7229422330856323 0.002184694167226553 
vn -0.14154170453548431 0.5379418134689331 0.8310141563415527 
vn -7.446821615299595e-14 0.7201150059700012 0.6938546895980835 
vn 0.14154170453548431 0.5379418134689331 0.8310141563415527 
vn 0.4010879397392273 0.8254128694534302 0.3972681760787964 
vn 0.8318864703178406 0.53543621301651 0.1458524912595749 
vn 0.6909050345420837 0.7229422330856323 0.002184694167226553 
vn 0.8315142393112183 0.5360141396522522 -0.1458524912595749 
vn 0.39987754821777344 0.8259999752044678 -0.3972681760787964 
vn 0.14579439163208008 0.5368048548698425 -0.8310141563415527 
vn -0.0018884019227698445 0.7201125621795654 -0.6938546895980835 
vn -0.14579439163208008 0.5368048548698425 -0.8310141563415527 
vn -0.3964731991291046 0.8276394009590149 -0.3972681760787964 
vn -0.8335542678833008 0.5328361392021179 -0.1458524912595749 
vn -0.3964731991291046 -0.8276394009590149 -0.3972681760787964 
vn -0.8335542678833008 -0.5328361392021179 -0.1458524912595749 
vn 3.097898456858039e-13 -0.999997615814209 0.002184694167226553 
vn -0.6909050345420837 -0.7229422330856323 0.002184694167226553 
vn -0.14579439163208008 -0.5368048548698425 -0.8310141563415527 
vn -0.0018884019227698445 -0.7201125621795654 -0.6938546895980835 
vn 0.14579439163208008 -0.5368048548698425 -0.8310141563415527 
vn 0.39987754821777344 -0.8259999752044678 -0.3972681760787964 
vn 0.8315142393112183 -0.5360141396522522 -0.1458524912595749 
vn 0.6909050345420837 -0.7229422330856323 0.002184694167226553 
vn 0.8318864703178406 -0.53543621301651 0.1458524912595749 
vn 0.4010879397392273 -0.8254128694534302 0.3972681760787964 
vn 0.14154170453548431 -0.5379418134689331 0.8310141563415527 
vn 2.2372444066602604e-13 -0.7201150059700012 0.6938546895980835 
vn -0.14154170453548431 -0.5379418134689331 0.8310141563415527 
vn -0.4010879397392273 -0.8254128694534302 0.3972681760787964 
vn -0.8318864703178406 -0.53543621301651 0.1458524912595749 
vn -0.4010879397392273 0.8254128694534302 0.3972681760787964 
vn -0.14154170453548431 0.5379418134689331 0.8310141563415527 
vn -0.7078787684440613 -1.4640568759497624e-13 0.7063339352607727 
vn -0.19535815715789795 -4.0404579503125135e-14 0.9807319641113281 
vn -0.4010879397392273 -0.8254128694534302 0.3972681760787964 
vn -0.14154170453548431 -0.5379418134689331 0.8310141563415527 
vn 2.2372444066602604e-13 -0.7201150059700012 0.6938546895980835 
vn 0 0 1 
vn -7.446821615299595e-14 0.7201150059700012 0.6938546895980835 
vn 0.19535815715789795 0 0.9807319641113281 
vn 0.14154170453548431 0.5379418134689331 0.8310141563415527 
vn 0.4010879397392273 0.8254128694534302 0.3972681760787964 
vn 0.7078787684440613 0 0.7063339352607727 
vn 0.14154170453548431 -0.5379418134689331 0.8310141563415527 
vn 0.4010879397392273 -0.8254128694534302 0.3972681760787964 
vn -0.3964731991291046 -0.8276394009590149 -0.3972681760787964 
vn -0.14579439163208008 -0.5368048548698425 -0.8310141563415527 
vn -0.7078686952590942 -0.0037756471429020166 -0.7063339352607727 
vn -0.19535815715789795 -4.0404579503125135e-14 -0.9807319641113281 
vn -0.3964731991291046 0.8276394009590149 -0.3972681760787964 
vn -0.14579439163208008 0.5368048548698425 -0.8310141563415527 
vn -0.0018884019227698445 0.7201125621795654 -0.6938546895980835 
vn 2.0682311115474694e-13 4.2775797696334704e-26 -1 
vn -0.0018884019227698445 -0.7201125621795654 -0.6938546895980835 
vn 0.19535815715789795 0 -0.9807319641113281 
vn 0.14579439163208008 -0.5368048548698425 -0.8310141563415527 
vn 0.39987754821777344 -0.8259999752044678 -0.3972681760787964 
vn 0.7078787684440613 0 -0.7063339352607727 
vn 0.14579439163208008 0.5368048548698425 -0.8310141563415527 
vn 0.39987754821777344 0.8259999752044678 -0.3972681760787964 
vn 0.39987754821777344 -0.8259999752044678 -0.3972681760787964 
vn 0.8315142393112183 -0.5360141396522522 -0.1458524912595749 
vn 0.7078787684440613 0 -0.7063339352607727 
vn 0.9803028106689453 0 -0.1975002884864807 
vn 0.39987754821777344 0.8259999752044678 -0.3972681760787964 
vn 0.8315142393112183 0.5360141396522522 -0.1458524912595749 
vn 0.6909050345420837 0.7229422330856323 0.002184694167226553 
vn 0.999997615814209 0 0.002184694167226553 
vn 0.6909050345420837 -0.7229422330856323 0.002184694167226553 
vn 0.9803028106689453 0 0.1975002884864807 
vn 0.8318864703178406 -0.53543621301651 0.1458524912595749 
vn 0.4010879397392273 -0.8254128694534302 0.3972681760787964 
vn 0.7078787684440613 0 0.7063339352607727 
vn 0.8318864703178406 0.53543621301651 0.1458524912595749 
vn 0.4010879397392273 0.8254128694534302 0.3972681760787964 
vn -0.3964731991291046 0.8276394009590149 -0.3972681760787964 
vn -0.8335542678833008 0.5328361392021179 -0.1458524912595749 
vn -0.7078686952590942 -0.0037756471429020166 -0.7063339352607727 
vn -0.9803028106689453 -2.0231394142443404e-13 -0.1975002884864807 
vn -0.3964731991291046 -0.8276394009590149 -0.3972681760787964 
vn -0.8335542678833008 -0.5328361392021179 -0.1458524912595749 
vn -0.6909050345420837 -0.7229422330856323 0.002184694167226553 
vn -0.999997615814209 -2.0682260971124217e-13 0.002184694167226553 
vn -0.6909050345420837 0.7229422330856323 0.002184694167226553 
vn -0.9803028106689453 -2.0231394142443404e-13 0.1975002884864807 
vn -0.8318864703178406 0.53543621301651 0.1458524912595749 
vn -0.4010879397392273 0.8254128694534302 0.3972681760787964 
vn -0.7078787684440613 -1.4640568759497624e-13 0.7063339352607727 
vn -0.8318864703178406 -0.53543621301651 0.1458524912595749 
vn -0.4010879397392273 -0.8254128694534302 0.3972681760787964 
vn -0.4010879397392273 0.8254128694534302 0.3972681760787964 
vn -0.8318864703178406 0.53543621301651 0.1458524912595749 
vn -1.0341130485562108e-13 0.999997615814209 0.002184694167226553 
vn -0.6909050345420837 0.7229422330856323 0.002184694167226553 
vn -0.14154170453548431 0.5379418134689331 0.8310141563415527 
vn -7.446821615299595e-14 0.7201150059700012 0.6938546895980835 
vn 0.14154170453548431 0.5379418134689331 0.8310141563415527 
vn 0.4010879397392273 0.8254128694534302 0.3972681760787964 
vn 0.8318864703178406 0.53543621301651 0.1458524912595749 
vn 0.6909050345420837 0.7229422330856323 0.002184694167226553 
vn 0.8315142393112183 0.5360141396522522 -0.1458524912595749 
vn 0.39987754821777344 0.8259999752044678 -0.3972681760787964 
vn 0.14579439163208008 0.5368048548698425 -0.8310141563415527 
vn -0.0018884019227698445 0.7201125621795654 -0.6938546895980835 
vn -0.14579439163208008 0.5368048548698425 -0.8310141563415527 
vn -0.3964731991291046 0.8276394009590149 -0.3972681760787964 
vn -0.8335542678833008 0.5328361392021179 -0.1458524912595749 
vn -0.3964731991291046 -0.8276394009590149 -0.3972681760787964 
vn -0.8335542678833008 -0.5328361392021179 -0.1458524912595749 
vn 3.097898456858039e-13 -0.999997615814209 0.002184694167226553 
vn -0.6909050345420837 -0.7229422330856323 0.002184694167226553 
vn -0.14579439163208008 -0.5368048548698425 -0.8310141563415527 
vn -0.0018884019227698445 -0.7201125621795654 -0.6938546895980835 
vn 0.14579439163208008 -0.5368048548698425 -0.8310141563415527 
vn 0.39987754821777344 -0.8259999752044678 -0.3972681760787964 
vn 0.8315142393112183 -0.5360141396522522 -0.1458524912595749 
vn 0.6909050345420837 -0.7229422330856323 0.002184694167226553 
vn 0.8318864703178406 -0.53543621301651 0.1458524912595749 
vn 0.4010879397392273 -0.8254128694534302 0.3972681760787964 
vn 0.14154170453548431 -0.5379418134689331 0.8310141563415527 
vn 2.2372444066602604e-13 -0.7201150059700012 0.6938546895980835 
vn -0.14154170453548431 -0.5379418134689331 0.8310141563415527 
vn -0.4010879397392273 -0.8254128694534302 0.3972681760787964 
vn -0.8318864703178406 -0.53543621301651 0.1458524912595749 
vn -0.4010879397392273 0.8254128694534302 0.3972681760787964 
vn -0.14154170453548431 0.5379418134689331 0.8310141563415527 
vn -0.7078787684440613 -1.4640568759497624e-13 0.7063339352607727 
vn -0.19535815715789795 -4.0404579503125135e-14 0.9807319641113281 
vn -0.4010879397392273 -0.8254128694534302 0.3972681760787964 
vn -0.14154170453548431 -0.5379418134689331 0.8310141563415527 
vn 2.2372444066602604e-13 -0.7201150059700012 0.6938546895980835 
vn 0 0 1 
vn -7.446821615299595e-14 0.7201150059700012 0.6938546895980835 
vn 0.19535815715789795 0 0.9807319641113281 
vn 0.14154170453548431 0.5379418134689331 0.8310141563415527 
vn 0.4010879397392273 0.8254128694534302 0.3972681760787964 
vn 0.7078787684440613 0 0.7063339352607727 
vn 0.14154170453548431 -0.5379418134689331 0.8310141563415527 
vn 0.4010879397392273 -0.8254128694534302 0.3972681760787964 
vn -0.3964731991291046 -0.8276394009590149 -0.3972681760787964 
vn -0.14579439163208008 -0.5368048548698425 -0.8310141563415527 
vn -0.7078686952590942 -0.0037756471429020166 -0.7063339352607727 
vn -0.19535815715789795 -4.0404579503125135e-14 -0.9807319641113281 
vn -0.3964731991291046 0.8276394009590149 -0.3972681760787964 
vn -0.14579439163208008 0.5368048548698425 -0.8310141563415527 
vn -0.0018884019227698445 0.7201125621795654 -0.6938546895980835 
vn 2.0682311115474694e-13 4.2775797696334704e-26 -1 
vn -0.0018884019227698445 -0.7201125621795654 -0.6938546895980835 
vn 0.19535815715789795 0 -0.9807319641113281 
vn 0.14579439163208008 -0.5368048548698425 -0.8310141563415527 
vn 0.39987754821777344 -0.8259999752044678 -0.3972681760787964 
vn 0.7078787684440613 0 -0.7063339352607727 
vn 0.14579439163208008 0.5368048548698425 -0.8310141563415527 
vn 0.39987754821777344 0.8259999752044678 -0.3972681760787964 
vn 0.39987754821777344 -0.8259999752044678 -0.3972681760787964 
vn 0.8315142393112183 -0.5360141396522522 -0.1458524912595749 
vn 0.7078787684440613 0 -0.7063339352607727 
vn 0.9803028106689453 0 -0.1975002884864807 
vn 0.39987754821777344 0.8259999752044678 -0.3972681760787964 
vn 0.8315142393112183 0.5360141396522522 -0.1458524912595749 
vn 0.6909050345420837 0.7229422330856323 0.002184694167226553 
vn 0.999997615814209 0 0.002184694167226553 
vn 0.6909050345420837 -0.7229422330856323 0.002184694167226553 
vn 0.9803028106689453 0 0.1975002884864807 
vn 0.8318864703178406 -0.53543621301651 0.1458524912595749 
vn 0.4010879397392273 -0.8254128694534302 0.3972681760787964 
vn 0.7078787684440613 0 0.7063339352607727 
vn 0.8318864703178406 0.53543621301651 0.1458524912595749 
vn 0.4010879397392273 0.8254128694534302 0.3972681760787964 
vn -0.3964731991291046 0.8276394009590149 -0.3972681760787964 
vn -0.8335542678833008 0.5328361392021179 -0.1458524912595749 
vn -0.7078686952590942 -0.0037756471429020166 -0.7063339352607727 
vn -0.9803028106689453 -2.0231394142443404e-13 -0.1975002884864807 
vn -0.3964731991291046 -0.8276394009590149 -0.3972681760787964 
vn -0.8335542678833008 -0.5328361392021179 -0.1458524912595749 
vn -0.6909050345420837 -0.7229422330856323 0.002184694167226553 
vn -0.999997615814209 -2.0682260971124217e-13 0.002184694167226553 
vn -0.6909050345420837 0.7229422330856323 0.002184694167226553 
vn -0.9803028106689453 -2.0231394142443404e-13 0.1975002884864807 
vn -0.8318864703178406 0.53543621301651 0.1458524912595749 
vn -0.4010879397392273 0.8254128694534302 0.3972681760787964 
vn -0.7078787684440613 -1.4640568759497624e-13 0.7063339352607727 
vn -0.8318864703178406 -0.53543621301651 0.1458524912595749 
vn -0.4010879397392273 -0.8254128694534302 0.3972681760787964 
vn -0.4010879397392273 0.8254128694534302 0.3972681760787964 
vn -0.8318864703178406 0.53543621301651 0.1458524912595749 
vn -1.0341130485562108e-13 0.999997615814209 0.002184694167226553 
vn -0.6909050345420837 0.7229422330856323 0.002184694167226553 
vn -0.14154170453548431 0.5379418134689331 0.8310141563415527 
vn -7.446821615299595e-14 0.7201150059700012 0.6938546895980835 
vn 0.14154170453548431 0.5379418134689331 0.8310141563415527 
vn 0.4010879397392273 0.8254128694534302 0.3972681760787964 
vn 0.8318864703178406 0.53543621301651 0.1458524912595749 
vn 0.6909050345420837 0.7229422330856323 0.002184694167226553 
vn 0.8315142393112183 0.5360141396522522 -0.1458524912595749 
vn 0.39987754821777344 0.8259999752044678 -0.3972681760787964 
vn 0.14579439163208008 0.5368048548698425 -0.8310141563415527 
vn -0.0018884019227698445 0.7201125621795654 -0.6938546895980835 
vn -0.14579439163208008 0.5368048548698425 -0.8310141563415527 
vn -0.3964731991291046 0.8276394009590149 -0.3972681760787964 
vn -0.8335542678833008 0.5328361392021179 -0.1458524912595749 
vn -0.3964731991291046 -0.8276394009590149 -0.3972681760787964 
vn -0.8335542678833008 -0.5328361392021179 -0.1458524912595749 
vn 3.097898456858039e-13 -0.999997615814209 0.002184694167226553 
vn -0.6909050345420837 -0.7229422330856323 0.002184694167226553 
vn -0.14579439163208008 -0.5368048548698425 -0.8310141563415527 
vn -0.0018884019227698445 -0.7201125621795654 -0.6938546895980835 
vn 0.14579439163208008 -0.5368048548698425 -0.8310141563415527 
vn 0.39987754821777344 -0.8259999752044678 -0.3972681760787964 
vn 0.8315142393112183 -0.5360141396522522 -0.1458524912595749 
vn 0.6909050345420837 -0.7229422330856323 0.002184694167226553 
vn 0.8318864703178406 -0.53543621301651 0.1458524912595749 
vn 0.4010879397392273 -0.8254128694534302 0.3972681760787964 
vn 0.14154170453548431 -0.5379418134689331 0.8310141563415527 
vn 2.2372444066602604e-13 -0.7201150059700012 0.6938546895980835 
vn -0.14154170453548431 -0.5379418134689331 0.8310141563415527 
vn -0.4010879397392273 -0.8254128694534302 0.3972681760787964 
vn -0.8318864703178406 -0.53543621301651 0.1458524912595749 
vn -0.4010879397392273 0.8254128694534302 0.3972681760787964 
vn -0.14154170453548431 0.5379418134689331 0.8310141563415527 
vn -0.7078787684440613 -1.4640568759497624e-13 0.7063339352607727 
vn -0.19535815715789795 -4.0404579503125135e-14 0.9807319641113281 
vn -0.4010879397392273 -0.8254128694534302 0.3972681760787964 
vn -0.14154170453548431 -0.5379418134689331 0.8310141563415527 
vn 2.2372444066602604e-13 -0.7201150059700012 0.6938546895980835 
vn 0 0 1 
vn -7.446821615299595e-14 0.7201150059700012 0.6938546895980835 
vn 0.19535815715789795 0 0.9807319641113281 
vn 0.14154170453548431 0.5379418134689331 0.8310141563415527 
vn 0.4010879397392273 0.8254128694534302 0.3972681760787964 
vn 0.7078787684440613 0 0.7063339352607727 
vn 0.14154170453548431 -0.5379418134689331 0.8310141563415527 
vn 0.4010879397392273 -0.8254128694534302 0.3972681760787964 
vn -0.3964731991291046 -0.8276394009590149 -0.3972681760787964 
vn -0.14579439163208008 -0.5368048548698425 -0.8310141563415527 
vn -0.7078686952590942 -0.0037756471429020166 -0.7063339352607727 
vn -0.19535815715789795 -4.0404579503125135e-14 -0.9807319641113281 
vn -0.3964731991291046 0.8276394009590149 -0.3972681760787964 
vn -0.14579439163208008 0.5368048548698425 -0.8310141563415527 
vn -0.0018884019227698445 0.7201125621795654 -0.6938546895980835 
vn 2.0682311115474694e-13 4.2775797696334704e-26 -1 
vn -0.0018884019227698445 -0.7201125621795654 -0.6938546895980835 
vn 0.19535815715789795 0 -0.9807319641113281 
vn 0.14579439163208008 -0.5368048548698425 -0.8310141563415527 
vn 0.39987754821777344 -0.8259999752044678 -0.3972681760787964 
vn 0.7078787684440613 0 -0.7063339352607727 
vn 0.14579439163208008 0.5368048548698425 -0.8310141563415527 
vn 0.39987754821777344 0.8259999752044678 -0.3972681760787964 
vn 0.39987754821777344 -0.8259999752044678 -0.3972681760787964 
vn 0.8315142393112183 -0.5360141396522522 -0.1458524912595749 
vn 0.7078787684440613 0 -0.7063339352607727 
vn 0.9803028106689453 0 -0.1975002884864807 
vn 0.39987754821777344 0.8259999752044678 -0.3972681760787964 
vn 0.8315142393112183 0.5360141396522522 -0.1458524912595749 
vn 0.6909050345420837 0.7229422330856323 0.002184694167226553 
vn 0.999997615814209 0 0.002184694167226553 
vn 0.6909050345420837 -0.7229422330856323 0.002184694167226553 
vn 0.9803028106689453 0 0.1975002884864807 
vn 0.8318864703178406 -0.53543621301651 0.1458524912595749 
vn 0.4010879397392273 -0.8254128694534302 0.3972681760787964 
vn 0.7078787684440613 0 0.7063339352607727 
vn 0.8318864703178406 0.53543621301651 0.1458524912595749 
vn 0.4010879397392273 0.8254128694534302 0.3972681760787964 
vn -0.3964731991291046 0.8276394009590149 -0.3972681760787964 
vn -0.8335542678833008 0.5328361392021179 -0.1458524912595749 
vn -0.7078686952590942 -0.0037756471429020166 -0.7063339352607727 
vn -0.9803028106689453 -2.0231394142443404e-13 -0.1975002884864807 
vn -0.3964731991291046 -0.8276394009590149 -0.3972681760787964 
vn -0.8335542678833008 -0.5328361392021179 -0.1458524912595749 
vn -0.6909050345420837 -0.7229422330856323 0.002184694167226553 
vn -0.999997615814209 -2.0682260971124217e-13 0.002184694167226553 
vn -0.6909050345420837 0.7229422330856323 0.002184694167226553 
vn -0.9803028106689453 -2.0231394142443404e-13 0.1975002884864807 
vn -0.8318864703178406 0.53543621301651 0.1458524912595749 
vn -0.4010879397392273 0.8254128694534302 0.3972681760787964 
vn -0.7078787684440613 -1.4640568759497624e-13 0.7063339352607727 
vn -0.8318864703178406 -0.53543621301651 0.1458524912595749 
vn -0.4010879397392273 -0.8254128694534302 0.3972681760787964 
vn -0.4010879397392273 0.8254128694534302 0.3972681760787964 
vn -0.8318864703178406 0.53543621301651 0.1458524912595749 
vn -1.0341130485562108e-13 0.999997615814209 0.002184694167226553 
vn -0.6909050345420837 0.7229422330856323 0.002184694167226553 
vn -0.14154170453548431 0.5379418134689331 0.8310141563415527 
vn -7.446821615299595e-14 0.7201150059700012 0.6938546895980835 
vn 0.14154170453548431 0.5379418134689331 0.8310141563415527 
vn 0.4010879397392273 0.8254128694534302 0.3972681760787964 
vn 0.8318864703178406 0.53543621301651 0.1458524912595749 
vn 0.6909050345420837 0.7229422330856323 0.002184694167226553 
vn 0.8315142393112183 0.5360141396522522 -0.1458524912595749 
vn 0.39987754821777344 0.8259999752044678 -0.3972681760787964 
vn 0.14579439163208008 0.5368048548698425 -0.8310141563415527 
vn -0.0018884019227698445 0.7201125621795654 -0.6938546895980835 
vn -0.14579439163208008 0.5368048548698425 -0.8310141563415527 
vn -0.3964731991291046 0.8276394009590149 -0.3972681760787964 
vn -0.8335542678833008 0.5328361392021179 -0.1458524912595749 
vn -0.3964731991291046 -0.8276394009590149 -0.3972681760787964 
vn -0.8335542678833008 -0.5328361392021179 -0.1458524912595749 
vn 3.097898456858039e-13 -0.999997615814209 0.002184694167226553 
vn -0.6909050345420837 -0.7229422330856323 0.002184694167226553 
vn -0.14579439163208008 -0.5368048548698425 -0.8310141563415527 
vn -0.0018884019227698445 -0.7201125621795654 -0.6938546895980835 
vn 0.14579439163208008 -0.5368048548698425 -0.8310141563415527 
vn 0.39987754821777344 -0.8259999752044678 -0.3972681760787964 
vn 0.8315142393112183 -0.5360141396522522 -0.1458524912595749 
vn 0.6909050345420837 -0.7229422330856323 0.002184694167226553 
vn 0.8318864703178406 -0.53543621301651 0.1458524912595749 
vn 0.4010879397392273 -0.8254128694534302 0.3972681760787964 
vn 0.14154170453548431 -0.5379418134689331 0.8310141563415527 
vn 2.2372444066602604e-13 -0.7201150059700012 0.6938546895980835 
vn -0.14154170453548431 -0.5379418134689331 0.8310141563415527 
vn -0.4010879397392273 -0.8254128694534302 0.3972681760787964 
vn -0.8318864703178406 -0.53543621301651 0.1458524912595749 
vn -0.4010879397392273 0.8254128694534302 0.3972681760787964 
vn -0.14154170453548431 0.5379418134689331 0.8310141563415527 
vn -0.7078787684440613 -1.4640568759497624e-13 0.7063339352607727 
vn -0.19535815715789795 -4.0404579503125135e-14 0.9807319641113281 
vn -0.4010879397392273 -0.8254128694534302 0.3972681760787964 
vn -0.14154170453548431 -0.5379418134689331 0.8310141563415527 
vn 2.2372444066602604e-13 -0.7201150059700012 0.6938546895980835 
vn 0 0 1 
vn -7.446821615299595e-14 0.7201150059700012 0.6938546895980835 
vn 0.19535815715789795 0 0.9807319641113281 
vn 0.14154170453548431 0.5379418134689331 0.8310141563415527 
vn 0.4010879397392273 0.8254128694534302 0.3972681760787964 
vn 0.7078787684440613 0 0.7063339352607727 
vn 0.14154170453548431 -0.5379418134689331 0.8310141563415527 
vn 0.4010879397392273 -0.8254128694534302 0.3972681760787964 
vn -0.3964731991291046 -0.8276394009590149 -0.3972681760787964 
vn -0.14579439163208008 -0.5368048548698425 -0.8310141563415527 
vn -0.7078686952590942 -0.0037756471429020166 -0.7063339352607727 
vn -0.19535815715789795 -4.0404579503125135e-14 -0.9807319641113281 
vn -0.3964731991291046 0.8276394009590149 -0.3972681760787964 
vn -0.14579439163208008 0.5368048548698425 -0.8310141563415527 
vn -0.0018884019227698445 0.7201125621795654 -0.6938546895980835 
vn 2.0682311115474694e-13 4.2775797696334704e-26 -1 
vn -0.0018884019227698445 -0.7201125621795654 -0.6938546895980835 
vn 0.19535815715789795 0 -0.9807319641113281 
vn 0.14579439163208008 -0.5368048548698425 -0.8310141563415527 
vn 0.39987754821777344 -0.8259999752044678 -0.3972681760787964 
vn 0.7078787684440613 0 -0.7063339352607727 
vn 0.14579439163208008 0.5368048548698425 -0.8310141563415527 
vn 0.39987754821777344 0.8259999752044678 -0.3972681760787964 
vn 0.39987754821777344 -0.8259999752044678 -0.3972681760787964 
vn 0.8315142393112183 -0.5360141396522522 -0.1458524912595749 
vn 0.7078787684440613 0 -0.7063339352607727 
vn 0.9803028106689453 0 -0.1975002884864807 
vn 0.39987754821777344 0.8259999752044678 -0.3972681760787964 
vn 0.8315142393112183 0.5360141396522522 -0.1458524912595749 
vn 0.6909050345420837 0.7229422330856323 0.002184694167226553 
vn 0.999997615814209 0 0.002184694167226553 
vn 0.6909050345420837 -0.7229422330856323 0.002184694167226553 
vn 0.9803028106689453 0 0.1975002884864807 
vn 0.8318864703178406 -0.53543621301651 0.1458524912595749 
vn 0.4010879397392273 -0.8254128694534302 0.3972681760787964 
vn 0.7078787684440613 0 0.7063339352607727 
vn 0.8318864703178406 0.53543621301651 0.1458524912595749 
vn 0.4010879397392273 0.8254128694534302 0.3972681760787964 
vn -0.3964731991291046 0.8276394009590149 -0.3972681760787964 
vn -0.8335542678833008 0.5328361392021179 -0.1458524912595749 
vn -0.7078686952590942 -0.0037756471429020166 -0.7063339352607727 
vn -0.9803028106689453 -2.0231394142443404e-13 -0.1975002884864807 
vn -0.3964731991291046 -0.8276394009590149 -0.3972681760787964 
vn -0.8335542678833008 -0.5328361392021179 -0.1458524912595749 
vn -0.6909050345420837 -0.7229422330856323 0.002184694167226553 
vn -0.999997615814209 -2.0682260971124217e-13 0.002184694167226553 
vn -0.6909050345420837 0.7229422330856323 0.002184694167226553 
vn -0.9803028106689453 -2.0231394142443404e-13 0.1975002884864807 
vn -0.8318864703178406 0.53543621301651 0.1458524912595749 
vn -0.4010879397392273 0.8254128694534302 0.3972681760787964 
vn -0.7078787684440613 -1.4640568759497624e-13 0.7063339352607727 
vn -0.8318864703178406 -0.53543621301651 0.1458524912595749 
vn -0.4010879397392273 -0.8254128694534302 0.3972681760787964 
vn -0.4010879397392273 0.8254128694534302 0.3972681760787964 
vn -0.8318864703178406 0.53543621301651 0.1458524912595749 
vn -1.0341130485562108e-13 0.999997615814209 0.002184694167226553 
vn -0.6909050345420837 0.7229422330856323 0.002184694167226553 
vn -0.14154170453548431 0.5379418134689331 0.8310141563415527 
vn -7.446821615299595e-14 0.7201150059700012 0.6938546895980835 
vn 0.14154170453548431 0.5379418134689331 0.8310141563415527 
vn 0.4010879397392273 0.8254128694534302 0.3972681760787964 
vn 0.8318864703178406 0.53543621301651 0.1458524912595749 
vn 0.6909050345420837 0.7229422330856323 0.002184694167226553 
vn 0.8315142393112183 0.5360141396522522 -0.1458524912595749 
vn 0.39987754821777344 0.8259999752044678 -0.3972681760787964 
vn 0.14579439163208008 0.5368048548698425 -0.8310141563415527 
vn -0.0018884019227698445 0.7201125621795654 -0.6938546895980835 
vn -0.14579439163208008 0.5368048548698425 -0.8310141563415527 
vn -0.3964731991291046 0.8276394009590149 -0.3972681760787964 
vn -0.8335542678833008 0.5328361392021179 -0.1458524912595749 
vn -0.3964731991291046 -0.8276394009590149 -0.3972681760787964 
vn -0.8335542678833008 -0.5328361392021179 -0.1458524912595749 
vn 3.097898456858039e-13 -0.999997615814209 0.002184694167226553 
vn -0.6909050345420837 -0.7229422330856323 0.002184694167226553 
vn -0.14579439163208008 -0.5368048548698425 -0.8310141563415527 
vn -0.0018884019227698445 -0.7201125621795654 -0.6938546895980835 
vn 0.14579439163208008 -0.5368048548698425 -0.8310141563415527 
vn 0.39987754821777344 -0.8259999752044678 -0.3972681760787964 
vn 0.8315142393112183 -0.5360141396522522 -0.1458524912595749 
vn 0.6909050345420837 -0.7229422330856323 0.002184694167226553 
vn 0.8318864703178406 -0.53543621301651 0.1458524912595749 
vn 0.4010879397392273 -0.8254128694534302 0.3972681760787964 
vn 0.14154170453548431 -0.5379418134689331 0.8310141563415527 
vn 2.2372444066602604e-13 -0.7201150059700012 0.6938546895980835 
vn -0.14154170453548431 -0.5379418134689331 0.8310141563415527 
vn -0.4010879397392273 -0.8254128694534302 0.3972681760787964 
vn -0.8318864703178406 -0.53543621301651 0.1458524912595749 
vn -0.3722049295902252 0.7803438901901245 0.5025205612182617 
vn 0.028250064700841904 0.4922367036342621 0.8700028657913208 
vn -0.6129299998283386 -0.003768298774957657 0.790128231048584 
vn 0.017476677894592285 0 0.9998472929000854 
vn -0.3722049295902252 -0.7803438901901245 0.5025205612182617 
vn 0.028250064700841904 -0.4922367036342621 0.8700028657913208 
vn 0.18653637170791626 -0.7495409846305847 0.6351318359375 
vn 0.28020769357681274 0 0.9599394202232361 
vn 0.4379431903362274 -0.49389830231666565 0.7511792182922363 
vn 0.5194216370582581 0 0.8545181155204773 
vn 0.18653637170791626 0.7495409846305847 0.6351318359375 
vn 0.4379431903362274 0.49389830231666565 0.7511792182922363 
vn -0.4400051236152649 0.4920622706413269 -0.7511792182922363 
vn -0.18343649804592133 0.7503056526184082 -0.6351318359375 
vn -0.5194216370582581 -1.0719772508896441e-13 -0.8545181155204773 
vn -0.28018221259117126 -0.003777990350499749 -0.9599394202232361 
vn -0.4400051236152649 -0.4920622706413269 -0.7511792182922363 
vn -0.18343649804592133 -0.7503056526184082 -0.6351318359375 
vn -0.017476677894592285 -3.6145805417514814e-15 -0.9998472929000854 
vn -0.026432842016220093 -0.4923376441001892 -0.8700028657913208 
vn 0.3777928054332733 -0.7776539921760559 -0.5025205612182617 
vn 0.612941563129425 0 -0.790128231048584 
vn -0.026432842016220093 0.4923376441001892 -0.8700028657913208 
vn 0.3777928054332733 0.7776539921760559 -0.5025205612182617 
vn 0.3777928054332733 -0.7776539921760559 -0.5025205612182617 
vn 0.836688220500946 -0.4155043363571167 -0.3568037748336792 
vn 0.612941563129425 0 -0.790128231048584 
vn 0.9106194972991943 0 -0.41324591636657715 
vn 0.9605492949485779 0 -0.2781098484992981 
vn 0.7788499593734741 0.5845409631729126 -0.22738653421401978 
vn 3.097898456858039e-13 -0.999997615814209 -0.002184694167226553 
vn 0.7788499593734741 -0.5845409631729126 -0.22738653421401978 
vn 0.8971030712127686 -0.41705283522605896 -0.1458524912595749 
vn 0.9899342060089111 0 -0.1415284425020218 
vn 0.583894670009613 -0.7805640697479248 0.22312943637371063 
vn 0.9402724504470825 0 0.34042292833328247 
vn 0.4379431903362274 -0.49389830231666565 0.7511792182922363 
vn 0.5194216370582581 0 0.8545181155204773 
vn 0.583894670009613 0.7805640697479248 0.22312943637371063 
vn 0.4379431903362274 0.49389830231666565 0.7511792182922363 
vn 0.8971030712127686 0.41705283522605896 -0.1458524912595749 
vn -1.0341130485562108e-13 0.999997615814209 -0.002184694167226553 
vn 0.836688220500946 0.4155043363571167 -0.3568037748336792 
vn 0.3777928054332733 0.7776539921760559 -0.5025205612182617 
vn -0.3722049295902252 -0.7803438901901245 0.5025205612182617 
vn 3.097898456858039e-13 -0.999997615814209 -0.002184694167226553 
vn -0.8369342684745789 -0.415008544921875 0.3568037748336792 
vn -0.7815698385238647 -0.5808992385864258 0.22738653421401978 
vn -0.9605492949485779 -1.986637850753814e-13 0.2781098484992981 
vn -0.9899342060089111 -2.0474126680072174e-13 0.1415284425020218 
vn -0.8973232507705688 0.416579008102417 0.1458524912595749 
vn -0.7815698385238647 0.5808992385864258 0.22738653421401978 
vn -0.9106194972991943 -1.883371524057445e-13 0.41324591636657715 
vn -0.8369342684745789 0.415008544921875 0.3568037748336792 
vn -0.3722049295902252 0.7803438901901245 0.5025205612182617 
vn -1.0341130485562108e-13 0.999997615814209 -0.002184694167226553 
vn -0.5860224962234497 0.7789678573608398 -0.22312943637371063 
vn -0.9402724504470825 -1.9447006396715316e-13 -0.34042292833328247 
vn -0.5194216370582581 -1.0719772508896441e-13 -0.8545181155204773 
vn -0.4400051236152649 -0.4920622706413269 -0.7511792182922363 
vn -0.5860224962234497 -0.7789678573608398 -0.22312943637371063 
vn -0.8973232507705688 -0.416579008102417 0.1458524912595749 
vn -0.6129299998283386 -0.003768298774957657 0.790128231048584 
vn -0.4400051236152649 0.4920622706413269 -0.7511792182922363 
vn -0.3722049295902252 0.7803438901901245 0.5025205612182617 
vn 0.028250064700841904 0.4922367036342621 0.8700028657913208 
vn -1.0341130485562108e-13 0.999997615814209 -0.002184694167226553 
vn 0.18653637170791626 0.7495409846305847 0.6351318359375 
vn 0.4379431903362274 0.49389830231666565 0.7511792182922363 
vn 0.583894670009613 0.7805640697479248 0.22312943637371063 
vn 0.3777928054332733 0.7776539921760559 -0.5025205612182617 
vn -1.0341130485562108e-13 0.999997615814209 -0.002184694167226553 
vn -0.026432842016220093 0.4923376441001892 -0.8700028657913208 
vn -0.18343649804592133 0.7503056526184082 -0.6351318359375 
vn -0.4400051236152649 0.4920622706413269 -0.7511792182922363 
vn -0.5860224962234497 0.7789678573608398 -0.22312943637371063 
vn -0.5860224962234497 -0.7789678573608398 -0.22312943637371063 
vn 3.097898456858039e-13 -0.999997615814209 -0.002184694167226553 
vn -0.4400051236152649 -0.4920622706413269 -0.7511792182922363 
vn -0.18343649804592133 -0.7503056526184082 -0.6351318359375 
vn -0.026432842016220093 -0.4923376441001892 -0.8700028657913208 
vn 0.3777928054332733 -0.7776539921760559 -0.5025205612182617 
vn 0.583894670009613 -0.7805640697479248 0.22312943637371063 
vn 3.097898456858039e-13 -0.999997615814209 -0.002184694167226553 
vn 0.4379431903362274 -0.49389830231666565 0.7511792182922363 
vn 0.18653637170791626 -0.7495409846305847 0.6351318359375 
vn 0.028250064700841904 -0.4922367036342621 0.8700028657913208 
vn -0.3722049295902252 -0.7803438901901245 0.5025205612182617 
vn -0.4010879397392273 0.8254128694534302 0.3972681760787964 
vn -0.14154170453548431 0.5379418134689331 0.8310141563415527 
vn -0.7078787684440613 -1.4640568759497624e-13 0.7063339352607727 
vn -0.19535815715789795 -4.0404579503125135e-14 0.9807319641113281 
vn -0.4010879397392273 -0.8254128694534302 0.3972681760787964 
vn -0.14154170453548431 -0.5379418134689331 0.8310141563415527 
vn 2.2372444066602604e-13 -0.7201150059700012 0.6938546895980835 
vn 0 0 1 
vn -7.446821615299595e-14 0.7201150059700012 0.6938546895980835 
vn 0.19535815715789795 0 0.9807319641113281 
vn 0.14154170453548431 0.5379418134689331 0.8310141563415527 
vn 0.4010879397392273 0.8254128694534302 0.3972681760787964 
vn 0.7078787684440613 0 0.7063339352607727 
vn 0.14154170453548431 -0.5379418134689331 0.8310141563415527 
vn 0.4010879397392273 -0.8254128694534302 0.3972681760787964 
vn -0.3964731991291046 -0.8276394009590149 -0.3972681760787964 
vn -0.14579439163208008 -0.5368048548698425 -0.8310141563415527 
vn -0.7078686952590942 -0.0037756471429020166 -0.7063339352607727 
vn -0.19535815715789795 -4.0404579503125135e-14 -0.9807319641113281 
vn -0.3964731991291046 0.8276394009590149 -0.3972681760787964 
vn -0.14579439163208008 0.5368048548698425 -0.8310141563415527 
vn -0.0018884019227698445 0.7201125621795654 -0.6938546895980835 
vn 2.0682311115474694e-13 4.2775797696334704e-26 -1 
vn -0.0018884019227698445 -0.7201125621795654 -0.6938546895980835 
vn 0.19535815715789795 0 -0.9807319641113281 
vn 0.14579439163208008 -0.5368048548698425 -0.8310141563415527 
vn 0.39987754821777344 -0.8259999752044678 -0.3972681760787964 
vn 0.7078787684440613 0 -0.7063339352607727 
vn 0.14579439163208008 0.5368048548698425 -0.8310141563415527 
vn 0.39987754821777344 0.8259999752044678 -0.3972681760787964 
vn 0.39987754821777344 -0.8259999752044678 -0.3972681760787964 
vn 0.8315142393112183 -0.5360141396522522 -0.1458524912595749 
vn 0.7078787684440613 0 -0.7063339352607727 
vn 0.9803028106689453 0 -0.1975002884864807 
vn 0.39987754821777344 0.8259999752044678 -0.3972681760787964 
vn 0.8315142393112183 0.5360141396522522 -0.1458524912595749 
vn 0.6909050345420837 0.7229422330856323 0.002184694167226553 
vn 0.999997615814209 0 0.002184694167226553 
vn 0.6909050345420837 -0.7229422330856323 0.002184694167226553 
vn 0.9803028106689453 0 0.1975002884864807 
vn 0.8318864703178406 -0.53543621301651 0.1458524912595749 
vn 0.4010879397392273 -0.8254128694534302 0.3972681760787964 
vn 0.7078787684440613 0 0.7063339352607727 
vn 0.8318864703178406 0.53543621301651 0.1458524912595749 
vn 0.4010879397392273 0.8254128694534302 0.3972681760787964 
vn -0.3964731991291046 0.8276394009590149 -0.3972681760787964 
vn -0.8335542678833008 0.5328361392021179 -0.1458524912595749 
vn -0.7078686952590942 -0.0037756471429020166 -0.7063339352607727 
vn -0.9803028106689453 -2.0231394142443404e-13 -0.1975002884864807 
vn -0.3964731991291046 -0.8276394009590149 -0.3972681760787964 
vn -0.8335542678833008 -0.5328361392021179 -0.1458524912595749 
vn -0.6909050345420837 -0.7229422330856323 0.002184694167226553 
vn -0.999997615814209 -2.0682260971124217e-13 0.002184694167226553 
vn -0.6909050345420837 0.7229422330856323 0.002184694167226553 
vn -0.9803028106689453 -2.0231394142443404e-13 0.1975002884864807 
vn -0.8318864703178406 0.53543621301651 0.1458524912595749 
vn -0.4010879397392273 0.8254128694534302 0.3972681760787964 
vn -0.7078787684440613 -1.4640568759497624e-13 0.7063339352607727 
vn -0.8318864703178406 -0.53543621301651 0.1458524912595749 
vn -0.4010879397392273 -0.8254128694534302 0.3972681760787964 
vn -0.4010879397392273 0.8254128694534302 0.3972681760787964 
vn -0.8318864703178406 0.53543621301651 0.1458524912595749 
vn -1.0341130485562108e-13 0.999997615814209 0.002184694167226553 
vn -0.6909050345420837 0.7229422330856323 0.002184694167226553 
vn -0.14154170453548431 0.5379418134689331 0.8310141563415527 
vn -7.446821615299595e-14 0.7201150059700012 0.6938546895980835 
vn 0.14154170453548431 0.5379418134689331 0.8310141563415527 
vn 0.4010879397392273 0.8254128694534302 0.3972681760787964 
vn 0.8318864703178406 0.53543621301651 0.1458524912595749 
vn 0.6909050345420837 0.7229422330856323 0.002184694167226553 
vn 0.8315142393112183 0.5360141396522522 -0.1458524912595749 
vn 0.39987754821777344 0.8259999752044678 -0.3972681760787964 
vn 0.14579439163208008 0.5368048548698425 -0.8310141563415527 
vn -0.0018884019227698445 0.7201125621795654 -0.6938546895980835 
vn -0.14579439163208008 0.5368048548698425 -0.8310141563415527 
vn -0.3964731991291046 0.8276394009590149 -0.3972681760787964 
vn -0.8335542678833008 0.5328361392021179 -0.1458524912595749 
vn -0.3964731991291046 -0.8276394009590149 -0.3972681760787964 
vn -0.8335542678833008 -0.5328361392021179 -0.1458524912595749 
vn 3.097898456858039e-13 -0.999997615814209 0.002184694167226553 
vn -0.6909050345420837 -0.7229422330856323 0.002184694167226553 
vn -0.14579439163208008 -0.5368048548698425 -0.8310141563415527 
vn -0.0018884019227698445 -0.7201125621795654 -0.6938546895980835 
vn 0.14579439163208008 -0.5368048548698425 -0.8310141563415527 
vn 0.39987754821777344 -0.8259999752044678 -0.3972681760787964 
vn 0.8315142393112183 -0.5360141396522522 -0.1458524912595749 
vn 0.6909050345420837 -0.7229422330856323 0.002184694167226553 
vn 0.8318864703178406 -0.53543621301651 0.1458524912595749 
vn 0.4010879397392273 -0.8254128694534302 0.3972681760787964 
vn 0.14154170453548431 -0.5379418134689331 0.8310141563415527 
vn 2.2372444066602604e-13 -0.7201150059700012 0.6938546895980835 
vn -0.14154170453548431 -0.5379418134689331 0.8310141563415527 
vn -0.4010879397392273 -0.8254128694534302 0.3972681760787964 
vn -0.8318864703178406 -0.53543621301651 0.1458524912595749 
vn -0.4010879397392273 0.8254128694534302 0.3972681760787964 
vn -0.14154170453548431 0.5379418134689331 0.8310141563415527 
vn -0.7078787684440613 -1.4640568759497624e-13 0.7063339352607727 
vn -0.19535815715789795 -4.0404579503125135e-14 0.9807319641113281 
vn -0.4010879397392273 -0.8254128694534302 0.3972681760787964 
vn -0.14154170453548431 -0.5379418134689331 0.8310141563415527 
vn 2.2372444066602604e-13 -0.7201150059700012 0.6938546895980835 
vn 0 0 1 
vn -7.446821615299595e-14 0.7201150059700012 0.6938546895980835 
vn 0.19535815715789795 0 0.9807319641113281 
vn 0.14154170453548431 0.5379418134689331 0.8310141563415527 
vn 0.4010879397392273 0.8254128694534302 0.3972681760787964 
vn 0.7078787684440613 0 0.7063339352607727 
vn 0.14154170453548431 -0.5379418134689331 0.8310141563415527 
vn 0.4010879397392273 -0.8254128694534302 0.3972681760787964 
vn -0.3964731991291046 -0.8276394009590149 -0.3972681760787964 
vn -0.14579439163208008 -0.5368048548698425 -0.8310141563415527 
vn -0.7078686952590942 -0.0037756471429020166 -0.7063339352607727 
vn -0.19535815715789795 -4.0404579503125135e-14 -0.9807319641113281 
vn -0.3964731991291046 0.8276394009590149 -0.3972681760787964 
vn -0.14579439163208008 0.5368048548698425 -0.8310141563415527 
vn -0.0018884019227698445 0.7201125621795654 -0.6938546895980835 
vn 2.0682311115474694e-13 4.2775797696334704e-26 -1 
vn -0.0018884019227698445 -0.7201125621795654 -0.6938546895980835 
vn 0.19535815715789795 0 -0.9807319641113281 
vn 0.14579439163208008 -0.5368048548698425 -0.8310141563415527 
vn 0.39987754821777344 -0.8259999752044678 -0.3972681760787964 
vn 0.7078787684440613 0 -0.7063339352607727 
vn 0.14579439163208008 0.5368048548698425 -0.8310141563415527 
vn 0.39987754821777344 0.8259999752044678 -0.3972681760787964 
vn 0.39987754821777344 -0.8259999752044678 -0.3972681760787964 
vn 0.8315142393112183 -0.5360141396522522 -0.1458524912595749 
vn 0.7078787684440613 0 -0.7063339352607727 
vn 0.9803028106689453 0 -0.1975002884864807 
vn 0.39987754821777344 0.8259999752044678 -0.3972681760787964 
vn 0.8315142393112183 0.5360141396522522 -0.1458524912595749 
vn 0.6909050345420837 0.7229422330856323 0.002184694167226553 
vn 0.999997615814209 0 0.002184694167226553 
vn 0.6909050345420837 -0.7229422330856323 0.002184694167226553 
vn 0.9803028106689453 0 0.1975002884864807 
vn 0.8318864703178406 -0.53543621301651 0.1458524912595749 
vn 0.4010879397392273 -0.8254128694534302 0.3972681760787964 
vn 0.7078787684440613 0 0.7063339352607727 
vn 0.8318864703178406 0.53543621301651 0.1458524912595749 
vn 0.4010879397392273 0.8254128694534302 0.3972681760787964 
vn -0.3964731991291046 0.8276394009590149 -0.3972681760787964 
vn -0.8335542678833008 0.5328361392021179 -0.1458524912595749 
vn -0.7078686952590942 -0.0037756471429020166 -0.7063339352607727 
vn -0.9803028106689453 -2.0231394142443404e-13 -0.1975002884864807 
vn -0.3964731991291046 -0.8276394009590149 -0.3972681760787964 
vn -0.8335542678833008 -0.5328361392021179 -0.1458524912595749 
vn -0.6909050345420837 -0.7229422330856323 0.002184694167226553 
vn -0.999997615814209 -2.0682260971124217e-13 0.002184694167226553 
vn -0.6909050345420837 0.7229422330856323 0.002184694167226553 
vn -0.9803028106689453 -2.0231394142443404e-13 0.1975002884864807 
vn -0.8318864703178406 0.53543621301651 0.1458524912595749 
vn -0.4010879397392273 0.8254128694534302 0.3972681760787964 
vn -0.7078787684440613 -1.4640568759497624e-13 0.7063339352607727 
vn -0.8318864703178406 -0.53543621301651 0.1458524912595749 
vn -0.4010879397392273 -0.8254128694534302 0.3972681760787964 
vn -0.4010879397392273 0.8254128694534302 0.3972681760787964 
vn -0.8318864703178406 0.53543621301651 0.1458524912595749 
vn -1.0341130485562108e-13 0.999997615814209 0.002184694167226553 
vn -0.6909050345420837 0.7229422330856323 0.002184694167226553 
vn -0.14154170453548431 0.5379418134689331 0.8310141563415527 
vn -7.446821615299595e-14 0.7201150059700012 0.6938546895980835 
vn 0.14154170453548431 0.5379418134689331 0.8310141563415527 
vn 0.4010879397392273 0.8254128694534302 0.3972681760787964 
vn 0.8318864703178406 0.53543621301651 0.1458524912595749 
vn 0.6909050345420837 0.7229422330856323 0.002184694167226553 
vn 0.8315142393112183 0.5360141396522522 -0.1458524912595749 
vn 0.39987754821777344 0.8259999752044678 -0.3972681760787964 
vn 0.14579439163208008 0.5368048548698425 -0.8310141563415527 
vn -0.0018884019227698445 0.7201125621795654 -0.6938546895980835 
vn -0.14579439163208008 0.5368048548698425 -0.8310141563415527 
vn -0.3964731991291046 0.8276394009590149 -0.3972681760787964 
vn -0.8335542678833008 0.5328361392021179 -0.1458524912595749 
vn -0.3964731991291046 -0.8276394009590149 -0.3972681760787964 
vn -0.8335542678833008 -0.5328361392021179 -0.1458524912595749 
vn 3.097898456858039e-13 -0.999997615814209 0.002184694167226553 
vn -0.6909050345420837 -0.7229422330856323 0.002184694167226553 
vn -0.14579439163208008 -0.5368048548698425 -0.8310141563415527 
vn -0.0018884019227698445 -0.7201125621795654 -0.6938546895980835 
vn 0.14579439163208008 -0.5368048548698425 -0.8310141563415527 
vn 0.39987754821777344 -0.8259999752044678 -0.3972681760787964 
vn 0.8315142393112183 -0.5360141396522522 -0.1458524912595749 
vn 0.6909050345420837 -0.7229422330856323 0.002184694167226553 
vn 0.8318864703178406 -0.53543621301651 0.1458524912595749 
vn 0.4010879397392273 -0.8254128694534302 0.3972681760787964 
vn 0.14154170453548431 -0.5379418134689331 0.8310141563415527 
vn 2.2372444066602604e-13 -0.7201150059700012 0.6938546895980835 
vn -0.14154170453548431 -0.5379418134689331 0.8310141563415527 
vn -0.4010879397392273 -0.8254128694534302 0.3972681760787964 
vn -0.8318864703178406 -0.53543621301651 0.1458524912595749 
vn -0.4010879397392273 0.8254128694534302 0.3972681760787964 
vn -0.14154170453548431 0.5379418134689331 0.8310141563415527 
vn -0.7078787684440613 -1.4640568759497624e-13 0.7063339352607727 
vn -0.19535815715789795 -4.0404579503125135e-14 0.9807319641113281 
vn -0.4010879397392273 -0.8254128694534302 0.3972681760787964 
vn -0.14154170453548431 -0.5379418134689331 0.8310141563415527 
vn 2.2372444066602604e-13 -0.7201150059700012 0.6938546895980835 
vn 0 0 1 
vn -7.446821615299595e-14 0.7201150059700012 0.6938546895980835 
vn 0.19535815715789795 0 0.9807319641113281 
vn 0.14154170453548431 0.5379418134689331 0.8310141563415527 
vn 0.4010879397392273 0.8254128694534302 0.3972681760787964 
vn 0.7078787684440613 0 0.7063339352607727 
vn 0.14154170453548431 -0.5379418134689331 0.8310141563415527 
vn 0.4010879397392273 -0.8254128694534302 0.3972681760787964 
vn -0.3964731991291046 -0.8276394009590149 -0.3972681760787964 
vn -0.14579439163208008 -0.5368048548698425 -0.8310141563415527 
vn -0.7078686952590942 0.0037756471429020166 -0.7063339352607727 
vn -0.19535815715789795 -4.0404579503125135e-14 -0.9807319641113281 
vn -0.3964731991291046 0.8276394009590149 -0.3972681760787964 
vn -0.14579439163208008 0.5368048548698425 -0.8310141563415527 
vn -0.0018884019227698445 0.7201125621795654 -0.6938546895980835 
vn 2.0682311115474694e-13 4.2775797696334704e-26 -1 
vn -0.0018884019227698445 -0.7201125621795654 -0.6938546895980835 
vn 0.19535815715789795 0 -0.9807319641113281 
vn 0.14579439163208008 -0.5368048548698425 -0.8310141563415527 
vn 0.39987754821777344 -0.8259999752044678 -0.3972681760787964 
vn 0.7078787684440613 0 -0.7063339352607727 
vn 0.14579439163208008 0.5368048548698425 -0.8310141563415527 
vn 0.39987754821777344 0.8259999752044678 -0.3972681760787964 
vn 0.39987754821777344 -0.8259999752044678 -0.3972681760787964 
vn 0.8315142393112183 -0.5360141396522522 -0.1458524912595749 
vn 0.7078787684440613 0 -0.7063339352607727 
vn 0.9803028106689453 0 -0.1975002884864807 
vn 0.39987754821777344 0.8259999752044678 -0.3972681760787964 
vn 0.8315142393112183 0.5360141396522522 -0.1458524912595749 
vn 0.6909050345420837 0.7229422330856323 0.002184694167226553 
vn 0.999997615814209 0 0.002184694167226553 
vn 0.6909050345420837 -0.7229422330856323 0.002184694167226553 
vn 0.9803028106689453 0 0.1975002884864807 
vn 0.8318864703178406 -0.53543621301651 0.1458524912595749 
vn 0.4010879397392273 -0.8254128694534302 0.3972681760787964 
vn 0.7078787684440613 0 0.7063339352607727 
vn 0.8318864703178406 0.53543621301651 0.1458524912595749 
vn 0.4010879397392273 0.8254128694534302 0.3972681760787964 
vn -0.3964731991291046 0.8276394009590149 -0.3972681760787964 
vn -0.8335542678833008 0.5328361392021179 -0.1458524912595749 
vn -0.7078686952590942 0.0037756471429020166 -0.7063339352607727 
vn -0.9803028106689453 -2.0231394142443404e-13 -0.1975002884864807 
vn -0.3964731991291046 -0.8276394009590149 -0.3972681760787964 
vn -0.8335542678833008 -0.5328361392021179 -0.1458524912595749 
vn -0.6909050345420837 -0.7229422330856323 0.002184694167226553 
vn -0.999997615814209 -2.0682260971124217e-13 0.002184694167226553 
vn -0.6909050345420837 0.7229422330856323 0.002184694167226553 
vn -0.9803028106689453 -2.0231394142443404e-13 0.1975002884864807 
vn -0.8318864703178406 0.53543621301651 0.1458524912595749 
vn -0.4010879397392273 0.8254128694534302 0.3972681760787964 
vn -0.7078787684440613 -1.4640568759497624e-13 0.7063339352607727 
vn -0.8318864703178406 -0.53543621301651 0.1458524912595749 
vn -0.4010879397392273 -0.8254128694534302 0.3972681760787964 
vn -0.4010879397392273 0.8254128694534302 0.3972681760787964 
vn -0.8318864703178406 0.53543621301651 0.1458524912595749 
vn -1.0341130485562108e-13 0.999997615814209 -0.002184694167226553 
vn -0.6909050345420837 0.7229422330856323 0.002184694167226553 
vn -0.14154170453548431 0.5379418134689331 0.8310141563415527 
vn -7.446821615299595e-14 0.7201150059700012 0.6938546895980835 
vn 0.14154170453548431 0.5379418134689331 0.8310141563415527 
vn 0.4010879397392273 0.8254128694534302 0.3972681760787964 
vn 0.8318864703178406 0.53543621301651 0.1458524912595749 
vn 0.6909050345420837 0.7229422330856323 0.002184694167226553 
vn 0.8315142393112183 0.5360141396522522 -0.1458524912595749 
vn 0.39987754821777344 0.8259999752044678 -0.3972681760787964 
vn 0.14579439163208008 0.5368048548698425 -0.8310141563415527 
vn -0.0018884019227698445 0.7201125621795654 -0.6938546895980835 
vn -0.14579439163208008 0.5368048548698425 -0.8310141563415527 
vn -0.3964731991291046 0.8276394009590149 -0.3972681760787964 
vn -0.8335542678833008 0.5328361392021179 -0.1458524912595749 
vn -0.3964731991291046 -0.8276394009590149 -0.3972681760787964 
vn -0.8335542678833008 -0.5328361392021179 -0.1458524912595749 
vn 3.097898456858039e-13 -0.999997615814209 0.002184694167226553 
vn -0.6909050345420837 -0.7229422330856323 0.002184694167226553 
vn -0.14579439163208008 -0.5368048548698425 -0.8310141563415527 
vn -0.0018884019227698445 -0.7201125621795654 -0.6938546895980835 
vn 0.14579439163208008 -0.5368048548698425 -0.8310141563415527 
vn 0.39987754821777344 -0.8259999752044678 -0.3972681760787964 
vn 0.8315142393112183 -0.5360141396522522 -0.1458524912595749 
vn 0.6909050345420837 -0.7229422330856323 0.002184694167226553 
vn 0.8318864703178406 -0.53543621301651 0.1458524912595749 
vn 0.4010879397392273 -0.8254128694534302 0.3972681760787964 
vn 0.14154170453548431 -0.5379418134689331 0.8310141563415527 
vn 2.2372444066602604e-13 -0.7201150059700012 0.6938546895980835 
vn -0.14154170453548431 -0.5379418134689331 0.8310141563415527 
vn -0.4010879397392273 -0.8254128694534302 0.3972681760787964 
vn -0.8318864703178406 -0.53543621301651 0.1458524912595749 
vn -0.4010879397392273 0.8254128694534302 0.3972681760787964 
vn -0.14154170453548431 0.5379418134689331 0.8310141563415527 
vn -0.7078787684440613 -1.4640568759497624e-13 0.7063339352607727 
vn -0.19535815715789795 -4.0404579503125135e-14 0.9807319641113281 
vn -0.4010879397392273 -0.8254128694534302 0.3972681760787964 
vn -0.14154170453548431 -0.5379418134689331 0.8310141563415527 
vn 2.2372444066602604e-13 -0.7201150059700012 0.6938546895980835 
vn 0 0 1 
vn -7.446821615299595e-14 0.7201150059700012 0.6938546895980835 
vn 0.19535815715789795 0 0.9807319641113281 
vn 0.14154170453548431 0.5379418134689331 0.8310141563415527 
vn 0.4010879397392273 0.8254128694534302 0.3972681760787964 
vn 0.7078787684440613 0 0.7063339352607727 
vn 0.14154170453548431 -0.5379418134689331 0.8310141563415527 
vn 0.4010879397392273 -0.8254128694534302 0.3972681760787964 
vn -0.3964731991291046 -0.8276394009590149 -0.3972681760787964 
vn -0.14579439163208008 -0.5368048548698425 -0.8310141563415527 
vn -0.7078686952590942 0.0037756471429020166 -0.7063339352607727 
vn -0.19535815715789795 -4.0404579503125135e-14 -0.9807319641113281 
vn -0.3964731991291046 0.8276394009590149 -0.3972681760787964 
vn -0.14579439163208008 0.5368048548698425 -0.8310141563415527 
vn -0.0018884019227698445 0.7201125621795654 -0.6938546895980835 
vn -2.0682311115474694e-13 0 -1 
vn -0.0018884019227698445 -0.7201125621795654 -0.6938546895980835 
vn 0.19535815715789795 0 -0.9807319641113281 
vn 0.14579439163208008 -0.5368048548698425 -0.8310141563415527 
vn 0.39987754821777344 -0.8259999752044678 -0.3972681760787964 
vn 0.7078787684440613 0 -0.7063339352607727 
vn 0.14579439163208008 0.5368048548698425 -0.8310141563415527 
vn 0.39987754821777344 0.8259999752044678 -0.3972681760787964 
vn 0.39987754821777344 -0.8259999752044678 -0.3972681760787964 
vn 0.8315142393112183 -0.5360141396522522 -0.1458524912595749 
vn 0.7078787684440613 0 -0.7063339352607727 
vn 0.9803028106689453 0 -0.1975002884864807 
vn 0.39987754821777344 0.8259999752044678 -0.3972681760787964 
vn 0.8315142393112183 0.5360141396522522 -0.1458524912595749 
vn 0.6909050345420837 0.7229422330856323 0.002184694167226553 
vn 0.999997615814209 0 0.002184694167226553 
vn 0.6909050345420837 -0.7229422330856323 0.002184694167226553 
vn 0.9803028106689453 0 0.1975002884864807 
vn 0.8318864703178406 -0.53543621301651 0.1458524912595749 
vn 0.4010879397392273 -0.8254128694534302 0.3972681760787964 
vn 0.7078787684440613 0 0.7063339352607727 
vn 0.8318864703178406 0.53543621301651 0.1458524912595749 
vn 0.4010879397392273 0.8254128694534302 0.3972681760787964 
vn -0.3964731991291046 0.8276394009590149 -0.3972681760787964 
vn -0.8335542678833008 0.5328361392021179 -0.1458524912595749 
vn -0.7078686952590942 0.0037756471429020166 -0.7063339352607727 
vn -0.9803028106689453 -2.0231394142443404e-13 -0.1975002884864807 
vn -0.3964731991291046 -0.8276394009590149 -0.3972681760787964 
vn -0.8335542678833008 -0.5328361392021179 -0.1458524912595749 
vn -0.6909050345420837 -0.7229422330856323 0.002184694167226553 
vn -0.999997615814209 -2.0682260971124217e-13 0.002184694167226553 
vn -0.6909050345420837 0.7229422330856323 0.002184694167226553 
vn -0.9803028106689453 -2.0231394142443404e-13 0.1975002884864807 
vn -0.8318864703178406 0.53543621301651 0.1458524912595749 
vn -0.4010879397392273 0.8254128694534302 0.3972681760787964 
vn -0.7078787684440613 -1.4640568759497624e-13 0.7063339352607727 
vn -0.8318864703178406 -0.53543621301651 0.1458524912595749 
vn -0.4010879397392273 -0.8254128694534302 0.3972681760787964 
vn -0.4010879397392273 0.8254128694534302 0.3972681760787964 
vn -0.8318864703178406 0.53543621301651 0.1458524912595749 
vn -1.0341130485562108e-13 0.999997615814209 0.002184694167226553 
vn -0.6909050345420837 0.7229422330856323 0.002184694167226553 
vn -0.14154170453548431 0.5379418134689331 0.8310141563415527 
vn -7.446821615299595e-14 0.7201150059700012 0.6938546895980835 
vn 0.14154170453548431 0.5379418134689331 0.8310141563415527 
vn 0.4010879397392273 0.8254128694534302 0.3972681760787964 
vn 0.8318864703178406 0.53543621301651 0.1458524912595749 
vn 0.6909050345420837 0.7229422330856323 0.002184694167226553 
vn 0.8315142393112183 0.5360141396522522 -0.1458524912595749 
vn 0.39987754821777344 0.8259999752044678 -0.3972681760787964 
vn 0.14579439163208008 0.5368048548698425 -0.8310141563415527 
vn -0.0018884019227698445 0.7201125621795654 -0.6938546895980835 
vn -0.14579439163208008 0.5368048548698425 -0.8310141563415527 
vn -0.3964731991291046 0.8276394009590149 -0.3972681760787964 
vn -0.8335542678833008 0.5328361392021179 -0.1458524912595749 
vn -0.3964731991291046 -0.8276394009590149 -0.3972681760787964 
vn -0.8335542678833008 -0.5328361392021179 -0.1458524912595749 
vn 3.097898456858039e-13 -0.999997615814209 0.002184694167226553 
vn -0.6909050345420837 -0.7229422330856323 0.002184694167226553 
vn -0.14579439163208008 -0.5368048548698425 -0.8310141563415527 
vn -0.0018884019227698445 -0.7201125621795654 -0.6938546895980835 
vn 0.14579439163208008 -0.5368048548698425 -0.8310141563415527 
vn 0.39987754821777344 -0.8259999752044678 -0.3972681760787964 
vn 0.8315142393112183 -0.5360141396522522 -0.1458524912595749 
vn 0.6909050345420837 -0.7229422330856323 0.002184694167226553 
vn 0.8318864703178406 -0.53543621301651 0.1458524912595749 
vn 0.4010879397392273 -0.8254128694534302 0.3972681760787964 
vn 0.14154170453548431 -0.5379418134689331 0.8310141563415527 
vn 2.2372444066602604e-13 -0.7201150059700012 0.6938546895980835 
vn -0.14154170453548431 -0.5379418134689331 0.8310141563415527 
vn -0.4010879397392273 -0.8254128694534302 0.3972681760787964 
vn -0.8318864703178406 -0.53543621301651 0.1458524912595749 
vn -0.4010879397392273 0.8254128694534302 0.3972681760787964 
vn -0.14154170453548431 0.5379418134689331 0.8310141563415527 
vn -0.7078787684440613 -1.4640568759497624e-13 0.7063339352607727 
vn -0.19535815715789795 -4.0404579503125135e-14 0.9807319641113281 
vn -0.4010879397392273 -0.8254128694534302 0.3972681760787964 
vn -0.14154170453548431 -0.5379418134689331 0.8310141563415527 
vn 2.2372444066602604e-13 -0.7201150059700012 0.6938546895980835 
vn 0 0 1 
vn -7.446821615299595e-14 0.7201150059700012 0.6938546895980835 
vn 0.19535815715789795 0 0.9807319641113281 
vn 0.14154170453548431 0.5379418134689331 0.8310141563415527 
vn 0.4010879397392273 0.8254128694534302 0.3972681760787964 
vn 0.7078787684440613 0 0.7063339352607727 
vn 0.14154170453548431 -0.5379418134689331 0.8310141563415527 
vn 0.4010879397392273 -0.8254128694534302 0.3972681760787964 
vn -0.3964731991291046 -0.8276394009590149 -0.3972681760787964 
vn -0.14579439163208008 -0.5368048548698425 -0.8310141563415527 
vn -0.7078686952590942 0.0037756471429020166 -0.7063339352607727 
vn -0.19535815715789795 -4.0404579503125135e-14 -0.9807319641113281 
vn -0.3964731991291046 0.8276394009590149 -0.3972681760787964 
vn -0.14579439163208008 0.5368048548698425 -0.8310141563415527 
vn -0.0018884019227698445 0.7201125621795654 -0.6938546895980835 
vn 2.0682311115474694e-13 4.2775797696334704e-26 -1 
vn -0.0018884019227698445 -0.7201125621795654 -0.6938546895980835 
vn 0.19535815715789795 0 -0.9807319641113281 
vn 0.14579439163208008 -0.5368048548698425 -0.8310141563415527 
vn 0.39987754821777344 -0.8259999752044678 -0.3972681760787964 
vn 0.7078787684440613 0 -0.7063339352607727 
vn 0.14579439163208008 0.5368048548698425 -0.8310141563415527 
vn 0.39987754821777344 0.8259999752044678 -0.3972681760787964 
vn 0.39987754821777344 -0.8259999752044678 -0.3972681760787964 
vn 0.8315142393112183 -0.5360141396522522 -0.1458524912595749 
vn 0.7078787684440613 0 -0.7063339352607727 
vn 0.9803028106689453 0 -0.1975002884864807 
vn 0.39987754821777344 0.8259999752044678 -0.3972681760787964 
vn 0.8315142393112183 0.5360141396522522 -0.1458524912595749 
vn 0.6909050345420837 0.7229422330856323 0.002184694167226553 
vn 0.999997615814209 0 0.002184694167226553 
vn 0.6909050345420837 -0.7229422330856323 0.002184694167226553 
vn 0.9803028106689453 0 0.1975002884864807 
vn 0.8318864703178406 -0.53543621301651 0.1458524912595749 
vn 0.4010879397392273 -0.8254128694534302 0.3972681760787964 
vn 0.7078787684440613 0 0.7063339352607727 
vn 0.8318864703178406 0.53543621301651 0.1458524912595749 
vn 0.4010879397392273 0.8254128694534302 0.3972681760787964 
vn -0.3964731991291046 0.8276394009590149 -0.3972681760787964 
vn -0.8335542678833008 0.5328361392021179 -0.1458524912595749 
vn -0.7078686952590942 0.0037756471429020166 -0.7063339352607727 
vn -0.9803028106689453 -2.0231394142443404e-13 -0.1975002884864807 
vn -0.3964731991291046 -0.8276394009590149 -0.3972681760787964 
vn -0.8335542678833008 -0.5328361392021179 -0.1458524912595749 
vn -0.6909050345420837 -0.7229422330856323 0.002184694167226553 
vn -0.999997615814209 -2.0682260971124217e-13 0.002184694167226553 
vn -0.6909050345420837 0.7229422330856323 0.002184694167226553 
vn -0.9803028106689453 -2.0231394142443404e-13 0.1975002884864807 
vn -0.8318864703178406 0.53543621301651 0.1458524912595749 
vn -0.4010879397392273 0.8254128694534302 0.3972681760787964 
vn -0.7078787684440613 -1.4640568759497624e-13 0.7063339352607727 
vn -0.8318864703178406 -0.53543621301651 0.1458524912595749 
vn -0.4010879397392273 -0.8254128694534302 0.3972681760787964 
vn -0.4010879397392273 0.8254128694534302 0.3972681760787964 
vn -0.8318864703178406 0.53543621301651 0.1458524912595749 
vn -1.0341130485562108e-13 0.999997615814209 0.002184694167226553 
vn -0.6909050345420837 0.7229422330856323 0.002184694167226553 
vn -0.14154170453548431 0.5379418134689331 0.8310141563415527 
vn -7.446821615299595e-14 0.7201150059700012 0.6938546895980835 
vn 0.14154170453548431 0.5379418134689331 0.8310141563415527 
vn 0.4010879397392273 0.8254128694534302 0.3972681760787964 
vn 0.8318864703178406 0.53543621301651 0.1458524912595749 
vn 0.6909050345420837 0.7229422330856323 0.002184694167226553 
vn 0.8315142393112183 0.5360141396522522 -0.1458524912595749 
vn 0.39987754821777344 0.8259999752044678 -0.3972681760787964 
vn 0.14579439163208008 0.5368048548698425 -0.8310141563415527 
vn -0.0018884019227698445 0.7201125621795654 -0.6938546895980835 
vn -0.14579439163208008 0.5368048548698425 -0.8310141563415527 
vn -0.3964731991291046 0.8276394009590149 -0.3972681760787964 
vn -0.8335542678833008 0.5328361392021179 -0.1458524912595749 
vn -0.3964731991291046 -0.8276394009590149 -0.3972681760787964 
vn -0.8335542678833008 -0.5328361392021179 -0.1458524912595749 
vn 3.097898456858039e-13 -0.999997615814209 0.002184694167226553 
vn -0.6909050345420837 -0.7229422330856323 0.002184694167226553 
vn -0.14579439163208008 -0.5368048548698425 -0.8310141563415527 
vn -0.0018884019227698445 -0.7201125621795654 -0.6938546895980835 
vn 0.14579439163208008 -0.5368048548698425 -0.8310141563415527 
vn 0.39987754821777344 -0.8259999752044678 -0.3972681760787964 
vn 0.8315142393112183 -0.5360141396522522 -0.1458524912595749 
vn 0.6909050345420837 -0.7229422330856323 0.002184694167226553 
vn 0.8318864703178406 -0.53543621301651 0.1458524912595749 
vn 0.4010879397392273 -0.8254128694534302 0.3972681760787964 
vn 0.14154170453548431 -0.5379418134689331 0.8310141563415527 
vn 2.2372444066602604e-13 -0.7201150059700012 0.6938546895980835 
vn -0.14154170453548431 -0.5379418134689331 0.8310141563415527 
vn -0.4010879397392273 -0.8254128694534302 0.3972681760787964 
vn -0.8318864703178406 -0.53543621301651 0.1458524912595749 
vn -0.4010879397392273 0.8254128694534302 0.3972681760787964 
vn -0.14154170453548431 0.5379418134689331 0.8310141563415527 
vn -0.7078787684440613 -1.4640568759497624e-13 0.7063339352607727 
vn -0.19535815715789795 -4.0404579503125135e-14 0.9807319641113281 
vn -0.4010879397392273 -0.8254128694534302 0.3972681760787964 
vn -0.14154170453548431 -0.5379418134689331 0.8310141563415527 
vn 2.2372444066602604e-13 -0.7201150059700012 0.6938546895980835 
vn 0 0 1 
vn -7.446821615299595e-14 0.7201150059700012 0.6938546895980835 
vn 0.19535815715789795 0 0.9807319641113281 
vn 0.14154170453548431 0.5379418134689331 0.8310141563415527 
vn 0.4010879397392273 0.8254128694534302 0.3972681760787964 
vn 0.7078787684440613 0 0.7063339352607727 
vn 0.14154170453548431 -0.5379418134689331 0.8310141563415527 
vn 0.4010879397392273 -0.8254128694534302 0.3972681760787964 
vn -0.3964731991291046 -0.8276394009590149 -0.3972681760787964 
vn -0.14579439163208008 -0.5368048548698425 -0.8310141563415527 
vn -0.7078686952590942 0.0037756471429020166 -0.7063339352607727 
vn -0.19535815715789795 -4.0404579503125135e-14 -0.9807319641113281 
vn -0.3964731991291046 0.8276394009590149 -0.3972681760787964 
vn -0.14579439163208008 0.5368048548698425 -0.8310141563415527 
vn -0.0018884019227698445 0.7201125621795654 -0.6938546895980835 
vn 2.0682311115474694e-13 4.2775797696334704e-26 -1 
vn -0.0018884019227698445 -0.7201125621795654 -0.6938546895980835 
vn 0.19535815715789795 0 -0.9807319641113281 
vn 0.14579439163208008 -0.5368048548698425 -0.8310141563415527 
vn 0.39987754821777344 -0.8259999752044678 -0.3972681760787964 
vn 0.7078787684440613 0 -0.7063339352607727 
vn 0.14579439163208008 0.5368048548698425 -0.8310141563415527 
vn 0.39987754821777344 0.8259999752044678 -0.3972681760787964 
vn 0.39987754821777344 -0.8259999752044678 -0.3972681760787964 
vn 0.8315142393112183 -0.5360141396522522 -0.1458524912595749 
vn 0.7078787684440613 0 -0.7063339352607727 
vn 0.9803028106689453 0 -0.1975002884864807 
vn 0.39987754821777344 0.8259999752044678 -0.3972681760787964 
vn 0.8315142393112183 0.5360141396522522 -0.1458524912595749 
vn 0.6909050345420837 0.7229422330856323 0.002184694167226553 
vn 0.999997615814209 0 0.002184694167226553 
vn 0.6909050345420837 -0.7229422330856323 0.002184694167226553 
vn 0.9803028106689453 0 0.1975002884864807 
vn 0.8318864703178406 -0.53543621301651 0.1458524912595749 
vn 0.4010879397392273 -0.8254128694534302 0.3972681760787964 
vn 0.7078787684440613 0 0.7063339352607727 
vn 0.8318864703178406 0.53543621301651 0.1458524912595749 
vn 0.4010879397392273 0.8254128694534302 0.3972681760787964 
vn -0.3964731991291046 0.8276394009590149 -0.3972681760787964 
vn -0.8335542678833008 0.5328361392021179 -0.1458524912595749 
vn -0.7078686952590942 0.0037756471429020166 -0.7063339352607727 
vn -0.9803028106689453 -2.0231394142443404e-13 -0.1975002884864807 
vn -0.3964731991291046 -0.8276394009590149 -0.3972681760787964 
vn -0.8335542678833008 -0.5328361392021179 -0.1458524912595749 
vn -0.6909050345420837 -0.7229422330856323 0.002184694167226553 
vn -0.999997615814209 -2.0682260971124217e-13 0.002184694167226553 
vn -0.6909050345420837 0.7229422330856323 0.002184694167226553 
vn -0.9803028106689453 -2.0231394142443404e-13 0.1975002884864807 
vn -0.8318864703178406 0.53543621301651 0.1458524912595749 
vn -0.4010879397392273 0.8254128694534302 0.3972681760787964 
vn -0.7078787684440613 -1.4640568759497624e-13 0.7063339352607727 
vn -0.8318864703178406 -0.53543621301651 0.1458524912595749 
vn -0.4010879397392273 -0.8254128694534302 0.3972681760787964 
vn -0.4010879397392273 0.8254128694534302 0.3972681760787964 
vn -0.8318864703178406 0.53543621301651 0.1458524912595749 
vn -1.0341130485562108e-13 0.999997615814209 -0.002184694167226553 
vn -0.6909050345420837 0.7229422330856323 0.002184694167226553 
vn -0.14154170453548431 0.5379418134689331 0.8310141563415527 
vn -7.446821615299595e-14 0.7201150059700012 0.6938546895980835 
vn 0.14154170453548431 0.5379418134689331 0.8310141563415527 
vn 0.4010879397392273 0.8254128694534302 0.3972681760787964 
vn 0.8318864703178406 0.53543621301651 0.1458524912595749 
vn 0.6909050345420837 0.7229422330856323 0.002184694167226553 
vn 0.8315142393112183 0.5360141396522522 -0.1458524912595749 
vn 0.39987754821777344 0.8259999752044678 -0.3972681760787964 
vn 0.14579439163208008 0.5368048548698425 -0.8310141563415527 
vn -0.0018884019227698445 0.7201125621795654 -0.6938546895980835 
vn -0.14579439163208008 0.5368048548698425 -0.8310141563415527 
vn -0.3964731991291046 0.8276394009590149 -0.3972681760787964 
vn -0.8335542678833008 0.5328361392021179 -0.1458524912595749 
vn -0.3964731991291046 -0.8276394009590149 -0.3972681760787964 
vn -0.8335542678833008 -0.5328361392021179 -0.1458524912595749 
vn 3.097898456858039e-13 -0.999997615814209 0.002184694167226553 
vn -0.6909050345420837 -0.7229422330856323 0.002184694167226553 
vn -0.14579439163208008 -0.5368048548698425 -0.8310141563415527 
vn -0.0018884019227698445 -0.7201125621795654 -0.6938546895980835 
vn 0.14579439163208008 -0.5368048548698425 -0.8310141563415527 
vn 0.39987754821777344 -0.8259999752044678 -0.3972681760787964 
vn 0.8315142393112183 -0.5360141396522522 -0.1458524912595749 
vn 0.6909050345420837 -0.7229422330856323 0.002184694167226553 
vn 0.8318864703178406 -0.53543621301651 0.1458524912595749 
vn 0.4010879397392273 -0.8254128694534302 0.3972681760787964 
vn 0.14154170453548431 -0.5379418134689331 0.8310141563415527 
vn 2.2372444066602604e-13 -0.7201150059700012 0.6938546895980835 
vn -0.14154170453548431 -0.5379418134689331 0.8310141563415527 
vn -0.4010879397392273 -0.8254128694534302 0.3972681760787964 
vn -0.8318864703178406 -0.53543621301651 0.1458524912595749 
vn -0.4010879397392273 0.8254128694534302 0.3972681760787964 
vn -0.14154170453548431 0.5379418134689331 0.8310141563415527 
vn -0.7078787684440613 -1.4640568759497624e-13 0.7063339352607727 
vn -0.19535815715789795 -4.0404579503125135e-14 0.9807319641113281 
vn -0.4010879397392273 -0.8254128694534302 0.3972681760787964 
vn -0.14154170453548431 -0.5379418134689331 0.8310141563415527 
vn 2.2372444066602604e-13 -0.7201150059700012 0.6938546895980835 
vn 0 0 1 
vn -7.446821615299595e-14 0.7201150059700012 0.6938546895980835 
vn 0.19535815715789795 0 0.9807319641113281 
vn 0.14154170453548431 0.5379418134689331 0.8310141563415527 
vn 0.4010879397392273 0.8254128694534302 0.3972681760787964 
vn 0.7078787684440613 0 0.7063339352607727 
vn 0.14154170453548431 -0.5379418134689331 0.8310141563415527 
vn 0.4010879397392273 -0.8254128694534302 0.3972681760787964 
vn -0.3964731991291046 -0.8276394009590149 -0.3972681760787964 
vn -0.14579439163208008 -0.5368048548698425 -0.8310141563415527 
vn -0.7078686952590942 0.0037756471429020166 -0.7063339352607727 
vn -0.19535815715789795 -4.0404579503125135e-14 -0.9807319641113281 
vn -0.3964731991291046 0.8276394009590149 -0.3972681760787964 
vn -0.14579439163208008 0.5368048548698425 -0.8310141563415527 
vn -0.0018884019227698445 0.7201125621795654 -0.6938546895980835 
vn 2.0682311115474694e-13 4.2775797696334704e-26 -1 
vn -0.0018884019227698445 -0.7201125621795654 -0.6938546895980835 
vn 0.19535815715789795 0 -0.9807319641113281 
vn 0.14579439163208008 -0.5368048548698425 -0.8310141563415527 
vn 0.39987754821777344 -0.8259999752044678 -0.3972681760787964 
vn 0.7078787684440613 0 -0.7063339352607727 
vn 0.14579439163208008 0.5368048548698425 -0.8310141563415527 
vn 0.39987754821777344 0.8259999752044678 -0.3972681760787964 
vn 0.39987754821777344 -0.8259999752044678 -0.3972681760787964 
vn 0.8315142393112183 -0.5360141396522522 -0.1458524912595749 
vn 0.7078787684440613 0 -0.7063339352607727 
vn 0.9803028106689453 0 -0.1975002884864807 
vn 0.39987754821777344 0.8259999752044678 -0.3972681760787964 
vn 0.8315142393112183 0.5360141396522522 -0.1458524912595749 
vn 0.6909050345420837 0.7229422330856323 0.002184694167226553 
vn 0.999997615814209 0 0.002184694167226553 
vn 0.6909050345420837 -0.7229422330856323 0.002184694167226553 
vn 0.9803028106689453 0 0.1975002884864807 
vn 0.8318864703178406 -0.53543621301651 0.1458524912595749 
vn 0.4010879397392273 -0.8254128694534302 0.3972681760787964 
vn 0.7078787684440613 0 0.7063339352607727 
vn 0.8318864703178406 0.53543621301651 0.1458524912595749 
vn 0.4010879397392273 0.8254128694534302 0.3972681760787964 
vn -0.3964731991291046 0.8276394009590149 -0.3972681760787964 
vn -0.8335542678833008 0.5328361392021179 -0.1458524912595749 
vn -0.7078686952590942 0.0037756471429020166 -0.7063339352607727 
vn -0.9803028106689453 -2.0231394142443404e-13 -0.1975002884864807 
vn -0.3964731991291046 -0.8276394009590149 -0.3972681760787964 
vn -0.8335542678833008 -0.5328361392021179 -0.1458524912595749 
vn -0.6909050345420837 -0.7229422330856323 0.002184694167226553 
vn -0.999997615814209 -2.0682260971124217e-13 0.002184694167226553 
vn -0.6909050345420837 0.7229422330856323 0.002184694167226553 
vn -0.9803028106689453 -2.0231394142443404e-13 0.1975002884864807 
vn -0.8318864703178406 0.53543621301651 0.1458524912595749 
vn -0.4010879397392273 0.8254128694534302 0.3972681760787964 
vn -0.7078787684440613 -1.4640568759497624e-13 0.7063339352607727 
vn -0.8318864703178406 -0.53543621301651 0.1458524912595749 
vn -0.4010879397392273 -0.8254128694534302 0.3972681760787964 
vn -0.4010879397392273 0.8254128694534302 0.3972681760787964 
vn -0.8318864703178406 0.53543621301651 0.1458524912595749 
vn -1.0341130485562108e-13 0.999997615814209 -0.002184694167226553 
vn -0.6909050345420837 0.7229422330856323 0.002184694167226553 
vn -0.14154170453548431 0.5379418134689331 0.8310141563415527 
vn -7.446821615299595e-14 0.7201150059700012 0.6938546895980835 
vn 0.14154170453548431 0.5379418134689331 0.8310141563415527 
vn 0.4010879397392273 0.8254128694534302 0.3972681760787964 
vn 0.8318864703178406 0.53543621301651 0.1458524912595749 
vn 0.6909050345420837 0.7229422330856323 0.002184694167226553 
vn 0.8315142393112183 0.5360141396522522 -0.1458524912595749 
vn 0.39987754821777344 0.8259999752044678 -0.3972681760787964 
vn 0.14579439163208008 0.5368048548698425 -0.8310141563415527 
vn -0.0018884019227698445 0.7201125621795654 -0.6938546895980835 
vn -0.14579439163208008 0.5368048548698425 -0.8310141563415527 
vn -0.3964731991291046 0.8276394009590149 -0.3972681760787964 
vn -0.8335542678833008 0.5328361392021179 -0.1458524912595749 
vn -0.3964731991291046 -0.8276394009590149 -0.3972681760787964 
vn -0.8335542678833008 -0.5328361392021179 -0.1458524912595749 
vn 3.097898456858039e-13 -0.999997615814209 0.002184694167226553 
vn -0.6909050345420837 -0.7229422330856323 0.002184694167226553 
vn -0.14579439163208008 -0.5368048548698425 -0.8310141563415527 
vn -0.0018884019227698445 -0.7201125621795654 -0.6938546895980835 
vn 0.14579439163208008 -0.5368048548698425 -0.8310141563415527 
vn 0.39987754821777344 -0.8259999752044678 -0.3972681760787964 
vn 0.8315142393112183 -0.5360141396522522 -0.1458524912595749 
vn 0.6909050345420837 -0.7229422330856323 0.002184694167226553 
vn 0.8318864703178406 -0.53543621301651 0.1458524912595749 
vn 0.4010879397392273 -0.8254128694534302 0.3972681760787964 
vn 0.14154170453548431 -0.5379418134689331 0.8310141563415527 
vn 2.2372444066602604e-13 -0.7201150059700012 0.6938546895980835 
vn -0.14154170453548431 -0.5379418134689331 0.8310141563415527 
vn -0.4010879397392273 -0.8254128694534302 0.3972681760787964 
vn -0.8318864703178406 -0.53543621301651 0.1458524912595749 
vn -0.4010879397392273 0.8254128694534302 0.3972681760787964 
vn -0.14154170453548431 0.5379418134689331 0.8310141563415527 
vn -0.7078787684440613 -1.4640568759497624e-13 0.7063339352607727 
vn -0.19535815715789795 -4.0404579503125135e-14 0.9807319641113281 
vn -0.4010879397392273 -0.8254128694534302 0.3972681760787964 
vn -0.14154170453548431 -0.5379418134689331 0.8310141563415527 
vn 2.2372444066602604e-13 -0.7201150059700012 0.6938546895980835 
vn 0 0 1 
vn -7.446821615299595e-14 0.7201150059700012 0.6938546895980835 
vn 0.19535815715789795 0 0.9807319641113281 
vn 0.14154170453548431 0.5379418134689331 0.8310141563415527 
vn 0.4010879397392273 0.8254128694534302 0.3972681760787964 
vn 0.7078787684440613 0 0.7063339352607727 
vn 0.14154170453548431 -0.5379418134689331 0.8310141563415527 
vn 0.4010879397392273 -0.8254128694534302 0.3972681760787964 
vn -0.3964731991291046 -0.8276394009590149 -0.3972681760787964 
vn -0.14579439163208008 -0.5368048548698425 -0.8310141563415527 
vn -0.7078686952590942 0.0037756471429020166 -0.7063339352607727 
vn -0.19535815715789795 -4.0404579503125135e-14 -0.9807319641113281 
vn -0.3964731991291046 0.8276394009590149 -0.3972681760787964 
vn -0.14579439163208008 0.5368048548698425 -0.8310141563415527 
vn -0.0018884019227698445 0.7201125621795654 -0.6938546895980835 
vn -2.0682311115474694e-13 0 -1 
vn -0.0018884019227698445 -0.7201125621795654 -0.6938546895980835 
vn 0.19535815715789795 0 -0.9807319641113281 
vn 0.14579439163208008 -0.5368048548698425 -0.8310141563415527 
vn 0.39987754821777344 -0.8259999752044678 -0.3972681760787964 
vn 0.7078787684440613 0 -0.7063339352607727 
vn 0.14579439163208008 0.5368048548698425 -0.8310141563415527 
vn 0.39987754821777344 0.8259999752044678 -0.3972681760787964 
vn 0.39987754821777344 -0.8259999752044678 -0.3972681760787964 
vn 0.8315142393112183 -0.5360141396522522 -0.1458524912595749 
vn 0.7078787684440613 0 -0.7063339352607727 
vn 0.9803028106689453 0 -0.1975002884864807 
vn 0.39987754821777344 0.8259999752044678 -0.3972681760787964 
vn 0.8315142393112183 0.5360141396522522 -0.1458524912595749 
vn 0.6909050345420837 0.7229422330856323 0.002184694167226553 
vn 0.999997615814209 0 0.002184694167226553 
vn 0.6909050345420837 -0.7229422330856323 0.002184694167226553 
vn 0.9803028106689453 0 0.1975002884864807 
vn 0.8318864703178406 -0.53543621301651 0.1458524912595749 
vn 0.4010879397392273 -0.8254128694534302 0.3972681760787964 
vn 0.7078787684440613 0 0.7063339352607727 
vn 0.8318864703178406 0.53543621301651 0.1458524912595749 
vn 0.4010879397392273 0.8254128694534302 0.3972681760787964 
vn -0.3964731991291046 0.8276394009590149 -0.3972681760787964 
vn -0.8335542678833008 0.5328361392021179 -0.1458524912595749 
vn -0.7078686952590942 0.0037756471429020166 -0.7063339352607727 
vn -0.9803028106689453 -2.0231394142443404e-13 -0.1975002884864807 
vn -0.3964731991291046 -0.8276394009590149 -0.3972681760787964 
vn -0.8335542678833008 -0.5328361392021179 -0.1458524912595749 
vn -0.6909050345420837 -0.7229422330856323 0.002184694167226553 
vn -0.999997615814209 -2.0682260971124217e-13 0.002184694167226553 
vn -0.6909050345420837 0.7229422330856323 0.002184694167226553 
vn -0.9803028106689453 -2.0231394142443404e-13 0.1975002884864807 
vn -0.8318864703178406 0.53543621301651 0.1458524912595749 
vn -0.4010879397392273 0.8254128694534302 0.3972681760787964 
vn -0.7078787684440613 -1.4640568759497624e-13 0.7063339352607727 
vn -0.8318864703178406 -0.53543621301651 0.1458524912595749 
vn -0.4010879397392273 -0.8254128694534302 0.3972681760787964 
vn -0.4010879397392273 0.8254128694534302 0.3972681760787964 
vn -0.8318864703178406 0.53543621301651 0.1458524912595749 
vn -1.0341130485562108e-13 0.999997615814209 0.002184694167226553 
vn -0.6909050345420837 0.7229422330856323 0.002184694167226553 
vn -0.14154170453548431 0.5379418134689331 0.8310141563415527 
vn -7.446821615299595e-14 0.7201150059700012 0.6938546895980835 
vn 0.14154170453548431 0.5379418134689331 0.8310141563415527 
vn 0.4010879397392273 0.8254128694534302 0.3972681760787964 
vn 0.8318864703178406 0.53543621301651 0.1458524912595749 
vn 0.6909050345420837 0.7229422330856323 0.002184694167226553 
vn 0.8315142393112183 0.5360141396522522 -0.1458524912595749 
vn 0.39987754821777344 0.8259999752044678 -0.3972681760787964 
vn 0.14579439163208008 0.5368048548698425 -0.8310141563415527 
vn -0.0018884019227698445 0.7201125621795654 -0.6938546895980835 
vn -0.14579439163208008 0.5368048548698425 -0.8310141563415527 
vn -0.3964731991291046 0.8276394009590149 -0.3972681760787964 
vn -0.8335542678833008 0.5328361392021179 -0.1458524912595749 
vn -0.3964731991291046 -0.8276394009590149 -0.3972681760787964 
vn -0.8335542678833008 -0.5328361392021179 -0.1458524912595749 
vn 3.097898456858039e-13 -0.999997615814209 0.002184694167226553 
vn -0.6909050345420837 -0.7229422330856323 0.002184694167226553 
vn -0.14579439163208008 -0.5368048548698425 -0.8310141563415527 
vn -0.0018884019227698445 -0.7201125621795654 -0.6938546895980835 
vn 0.14579439163208008 -0.5368048548698425 -0.8310141563415527 
vn 0.39987754821777344 -0.8259999752044678 -0.3972681760787964 
vn 0.8315142393112183 -0.5360141396522522 -0.1458524912595749 
vn 0.6909050345420837 -0.7229422330856323 0.002184694167226553 
vn 0.8318864703178406 -0.53543621301651 0.1458524912595749 
vn 0.4010879397392273 -0.8254128694534302 0.3972681760787964 
vn 0.14154170453548431 -0.5379418134689331 0.8310141563415527 
vn 2.2372444066602604e-13 -0.7201150059700012 0.6938546895980835 
vn -0.14154170453548431 -0.5379418134689331 0.8310141563415527 
vn -0.4010879397392273 -0.8254128694534302 0.3972681760787964 
vn -0.8318864703178406 -0.53543621301651 0.1458524912595749 
vn -0.5642499327659607 0.49368518590927124 0.661737859249115 
vn -0.2912861406803131 0.7500531077384949 0.5937783122062683 
vn -0.6600983142852783 -1.3652359136858555e-13 0.7511792182922363 
vn -0.44286009669303894 -9.159369768717285e-14 0.8965907096862793 
vn -0.5642499327659607 -0.49368518590927124 0.661737859249115 
vn -0.2912861406803131 -0.7500531077384949 0.5937783122062683 
vn -0.19535815715789795 -4.0404579503125135e-14 0.9807319641113281 
vn -0.18412189185619354 -0.4936498999595642 0.8499464392662048 
vn 0.2792726457118988 -0.7813896536827087 0.5580654144287109 
vn 0.4662105441093445 0 0.8846737742424011 
vn -0.18412189185619354 0.4936498999595642 0.8499464392662048 
vn 0.2792726457118988 0.7813896536827087 0.5580654144287109 
vn 0.5661624670028687 0.4914906620979309 -0.661737859249115 
vn 0.6600983142852783 0 -0.7511792182922363 
vn 0.2969762980937958 0.7478184103965759 -0.5937783122062683 
vn 0.44286009669303894 0 -0.8965907096862793 
vn 0.18138304352760315 0.4946627914905548 -0.8499464392662048 
vn 0.19535815715789795 0 -0.9807319641113281 
vn -0.4661951959133148 0.0037845673505216837 -0.8846737742424011 
vn -0.2849903702735901 -0.7793224453926086 -0.5580654144287109 
vn 0.18138304352760315 -0.4946627914905548 -0.8499464392662048 
vn 0.2969762980937958 -0.7478184103965759 -0.5937783122062683 
vn 0.5661624670028687 -0.4914906620979309 -0.661737859249115 
vn -0.2849903702735901 0.7793224453926086 -0.5580654144287109 
vn 3.097898456858039e-13 -0.999997615814209 0.002184694167226553 
vn -0.7298170924186707 -0.5806299448013306 -0.36088213324546814 
vn -0.8590268492698669 -0.41248834133148193 -0.30319350957870483 
vn -0.9502356052398682 0.0037740441039204597 -0.31150925159454346 
vn -0.6172053813934326 -0.77827388048172 0.11553031951189041 
vn -0.9858768582344055 -0.003772519761696458 0.16742929816246033 
vn -0.5642499327659607 -0.49368518590927124 0.661737859249115 
vn -0.6600983142852783 -1.3652359136858555e-13 0.7511792182922363 
vn -0.6172053813934326 0.77827388048172 0.11553031951189041 
vn -0.5642499327659607 0.49368518590927124 0.661737859249115 
vn -0.760195255279541 -0.41636934876441956 -0.4987381398677826 
vn -0.8975481390953064 -0.0037747621536254883 -0.4409002661705017 
vn -0.8590268492698669 0.41248834133148193 -0.30319350957870483 
vn -1.0341130485562108e-13 0.999997615814209 0.002184694167226553 
vn -0.7298170924186707 0.5806299448013306 -0.36088213324546814 
vn -0.8248885273933411 -1.7060600165669931e-13 -0.5652954578399658 
vn -0.4661951959133148 0.0037845673505216837 -0.8846737742424011 
vn -0.2849903702735901 -0.7793224453926086 -0.5580654144287109 
vn -0.760195255279541 0.41636934876441956 -0.4987381398677826 
vn -0.2849903702735901 0.7793224453926086 -0.5580654144287109 
vn 0.5661624670028687 0.4914906620979309 -0.661737859249115 
vn 0.6600983142852783 0 -0.7511792182922363 
vn 0.6142444610595703 0.7806128859519958 -0.11553031951189041 
vn 0.9858840703964233 0 -0.16742929816246033 
vn 0.8573859333992004 0.415888249874115 0.30319350957870483 
vn 0.9502431154251099 0 0.31150925159454346 
vn 0.8975561261177063 0 0.4409002661705017 
vn 0.7256050109863281 -0.5858851671218872 0.36088213324546814 
vn 0.8573859333992004 -0.415888249874115 0.30319350957870483 
vn 0.6142444610595703 -0.7806128859519958 -0.11553031951189041 
vn 3.097898456858039e-13 -0.999997615814209 0.002184694167226553 
vn -1.0341130485562108e-13 0.999997615814209 0.002184694167226553 
vn 0.7256050109863281 0.5858851671218872 0.36088213324546814 
vn 0.8248885273933411 0 0.5652954578399658 
vn 0.7622862458229065 -0.4125286936759949 0.4987381398677826 
vn 0.5661624670028687 -0.4914906620979309 -0.661737859249115 
vn 0.7622862458229065 0.4125286936759949 0.4987381398677826 
vn 0.2792726457118988 0.7813896536827087 0.5580654144287109 
vn 0.4662105441093445 0 0.8846737742424011 
vn 0.2792726457118988 -0.7813896536827087 0.5580654144287109 
vn 0.7256050109863281 0.5858851671218872 0.36088213324546814 
vn -1.0341130485562108e-13 0.999997615814209 0.002184694167226553 
vn 0.7622862458229065 0.4125286936759949 0.4987381398677826 
vn 0.2792726457118988 0.7813896536827087 0.5580654144287109 
vn -0.18412189185619354 0.4936498999595642 0.8499464392662048 
vn -0.2912861406803131 0.7500531077384949 0.5937783122062683 
vn -0.5642499327659607 0.49368518590927124 0.661737859249115 
vn -0.6172053813934326 0.77827388048172 0.11553031951189041 
vn -0.7298170924186707 0.5806299448013306 -0.36088213324546814 
vn -1.0341130485562108e-13 0.999997615814209 0.002184694167226553 
vn -0.760195255279541 0.41636934876441956 -0.4987381398677826 
vn -0.2849903702735901 0.7793224453926086 -0.5580654144287109 
vn 0.18138304352760315 0.4946627914905548 -0.8499464392662048 
vn 0.2969762980937958 0.7478184103965759 -0.5937783122062683 
vn 0.5661624670028687 0.4914906620979309 -0.661737859249115 
vn 0.6142444610595703 0.7806128859519958 -0.11553031951189041 
vn 0.6142444610595703 -0.7806128859519958 -0.11553031951189041 
vn 3.097898456858039e-13 -0.999997615814209 0.002184694167226553 
vn 0.5661624670028687 -0.4914906620979309 -0.661737859249115 
vn 0.2969762980937958 -0.7478184103965759 -0.5937783122062683 
vn 0.18138304352760315 -0.4946627914905548 -0.8499464392662048 
vn -0.2849903702735901 -0.7793224453926086 -0.5580654144287109 
vn -0.760195255279541 -0.41636934876441956 -0.4987381398677826 
vn -0.7298170924186707 -0.5806299448013306 -0.36088213324546814 
vn -0.6172053813934326 -0.77827388048172 0.11553031951189041 
vn 3.097898456858039e-13 -0.999997615814209 0.002184694167226553 
vn -0.5642499327659607 -0.49368518590927124 0.661737859249115 
vn -0.2912861406803131 -0.7500531077384949 0.5937783122062683 
vn -0.18412189185619354 -0.4936498999595642 0.8499464392662048 
vn 0.2792726457118988 -0.7813896536827087 0.5580654144287109 
vn 0.7622862458229065 -0.4125286936759949 0.4987381398677826 
vn 0.7256050109863281 -0.5858851671218872 0.36088213324546814 
vn -0.5642499327659607 0.49368518590927124 0.661737859249115 
vn -0.6600983142852783 -1.3652359136858555e-13 0.7511792182922363 
vn -0.2912861406803131 0.7500531077384949 0.5937783122062683 
vn -0.44286009669303894 -9.159369768717285e-14 0.8965907096862793 
vn -0.18412189185619354 0.4936498999595642 0.8499464392662048 
vn -0.19535815715789795 -4.0404579503125135e-14 0.9807319641113281 
vn 0.4662105441093445 0 0.8846737742424011 
vn 0.2792726457118988 -0.7813896536827087 0.5580654144287109 
vn -0.18412189185619354 -0.4936498999595642 0.8499464392662048 
vn -0.2912861406803131 -0.7500531077384949 0.5937783122062683 
vn -0.5642499327659607 -0.49368518590927124 0.661737859249115 
vn 0.2792726457118988 0.7813896536827087 0.5580654144287109 
vn 0.5661624670028687 0.4914906620979309 -0.661737859249115 
vn 0.2969762980937958 0.7478184103965759 -0.5937783122062683 
vn 0.6600983142852783 0 -0.7511792182922363 
vn 0.44286009669303894 0 -0.8965907096862793 
vn 0.5661624670028687 -0.4914906620979309 -0.661737859249115 
vn 0.2969762980937958 -0.7478184103965759 -0.5937783122062683 
vn 0.19535815715789795 0 -0.9807319641113281 
vn 0.18138304352760315 -0.4946627914905548 -0.8499464392662048 
vn -0.2849903702735901 -0.7793224453926086 -0.5580654144287109 
vn -0.4661951959133148 0.0037845673505216837 -0.8846737742424011 
vn 0.18138304352760315 0.4946627914905548 -0.8499464392662048 
vn -0.2849903702735901 0.7793224453926086 -0.5580654144287109 
vn 3.097898456858039e-13 -0.999997615814209 -0.002184694167226553 
vn -0.8590268492698669 -0.41248834133148193 -0.30319350957870483 
vn -0.7298170924186707 -0.5806299448013306 -0.36088213324546814 
vn -0.9502356052398682 -0.0037740441039204597 -0.31150925159454346 
vn -0.8975481390953064 -0.0037747621536254883 -0.4409002661705017 
vn -0.760195255279541 -0.41636934876441956 -0.4987381398677826 
vn -0.6172053813934326 -0.77827388048172 0.11553031951189041 
vn -0.9858768582344055 -0.003772519761696458 0.16742929816246033 
vn -0.8590268492698669 0.41248834133148193 -0.30319350957870483 
vn -0.6172053813934326 0.77827388048172 0.11553031951189041 
vn -1.0341130485562108e-13 0.999997615814209 -0.002184694167226553 
vn -0.7298170924186707 0.5806299448013306 -0.36088213324546814 
vn -0.8248885273933411 -1.7060600165669931e-13 -0.5652954578399658 
vn -0.760195255279541 0.41636934876441956 -0.4987381398677826 
vn -0.2849903702735901 0.7793224453926086 -0.5580654144287109 
vn -0.4661951959133148 0.0037845673505216837 -0.8846737742424011 
vn -0.2849903702735901 -0.7793224453926086 -0.5580654144287109 
vn -0.5642499327659607 -0.49368518590927124 0.661737859249115 
vn -0.6600983142852783 -1.3652359136858555e-13 0.7511792182922363 
vn -0.5642499327659607 0.49368518590927124 0.661737859249115 
vn 0.5661624670028687 0.4914906620979309 -0.661737859249115 
vn 0.6142444610595703 0.7806128859519958 -0.11553031951189041 
vn 0.6600983142852783 0 -0.7511792182922363 
vn 0.9858840703964233 0 -0.16742929816246033 
vn 0.5661624670028687 -0.4914906620979309 -0.661737859249115 
vn 0.6142444610595703 -0.7806128859519958 -0.11553031951189041 
vn 0.9502431154251099 0 0.31150925159454346 
vn 0.8573859333992004 0.415888249874115 0.30319350957870483 
vn 0.8975561261177063 0 0.4409002661705017 
vn 0.7256050109863281 0.5858851671218872 0.36088213324546814 
vn -1.0341130485562108e-13 0.999997615814209 -0.002184694167226553 
vn 0.8573859333992004 -0.415888249874115 0.30319350957870483 
vn 0.7256050109863281 -0.5858851671218872 0.36088213324546814 
vn 3.097898456858039e-13 -0.999997615814209 -0.002184694167226553 
vn 0.7622862458229065 -0.4125286936759949 0.4987381398677826 
vn 0.8248885273933411 0 0.5652954578399658 
vn 0.4662105441093445 0 0.8846737742424011 
vn 0.2792726457118988 0.7813896536827087 0.5580654144287109 
vn 0.7622862458229065 0.4125286936759949 0.4987381398677826 
vn 0.2792726457118988 -0.7813896536827087 0.5580654144287109 
vn 0.7256050109863281 0.5858851671218872 0.36088213324546814 
vn 0.7622862458229065 0.4125286936759949 0.4987381398677826 
vn -1.0341130485562108e-13 0.999997615814209 -0.002184694167226553 
vn 0.2792726457118988 0.7813896536827087 0.5580654144287109 
vn -0.18412189185619354 0.4936498999595642 0.8499464392662048 
vn -0.2912861406803131 0.7500531077384949 0.5937783122062683 
vn -0.5642499327659607 0.49368518590927124 0.661737859249115 
vn -0.6172053813934326 0.77827388048172 0.11553031951189041 
vn -0.7298170924186707 0.5806299448013306 -0.36088213324546814 
vn -1.0341130485562108e-13 0.999997615814209 -0.002184694167226553 
vn -0.760195255279541 0.41636934876441956 -0.4987381398677826 
vn -0.2849903702735901 0.7793224453926086 -0.5580654144287109 
vn 0.18138304352760315 0.4946627914905548 -0.8499464392662048 
vn 0.2969762980937958 0.7478184103965759 -0.5937783122062683 
vn 0.5661624670028687 0.4914906620979309 -0.661737859249115 
vn 0.6142444610595703 0.7806128859519958 -0.11553031951189041 
vn 0.6142444610595703 -0.7806128859519958 -0.11553031951189041 
vn 3.097898456858039e-13 -0.999997615814209 -0.002184694167226553 
vn 0.5661624670028687 -0.4914906620979309 -0.661737859249115 
vn 0.2969762980937958 -0.7478184103965759 -0.5937783122062683 
vn 0.18138304352760315 -0.4946627914905548 -0.8499464392662048 
vn -0.2849903702735901 -0.7793224453926086 -0.5580654144287109 
vn -0.760195255279541 -0.41636934876441956 -0.4987381398677826 
vn -0.7298170924186707 -0.5806299448013306 -0.36088213324546814 
vn -0.6172053813934326 -0.77827388048172 0.11553031951189041 
vn 3.097898456858039e-13 -0.999997615814209 -0.002184694167226553 
vn -0.5642499327659607 -0.49368518590927124 0.661737859249115 
vn -0.2912861406803131 -0.7500531077384949 0.5937783122062683 
vn -0.18412189185619354 -0.4936498999595642 0.8499464392662048 
vn 0.2792726457118988 -0.7813896536827087 0.5580654144287109 
vn 0.7622862458229065 -0.4125286936759949 0.4987381398677826 
vn 0.7256050109863281 -0.5858851671218872 0.36088213324546814 
vn -0.5642499327659607 0.49368518590927124 0.661737859249115 
vn -0.6600983142852783 -1.3652359136858555e-13 0.7511792182922363 
vn -0.2912861406803131 0.7500531077384949 0.5937783122062683 
vn -0.44286009669303894 -9.159369768717285e-14 0.8965907096862793 
vn -0.18412189185619354 0.4936498999595642 0.8499464392662048 
vn -0.19535815715789795 -4.0404579503125135e-14 0.9807319641113281 
vn 0.4662105441093445 0 0.8846737742424011 
vn 0.2792726457118988 -0.7813896536827087 0.5580654144287109 
vn -0.18412189185619354 -0.4936498999595642 0.8499464392662048 
vn -0.2912861406803131 -0.7500531077384949 0.5937783122062683 
vn -0.5642499327659607 -0.49368518590927124 0.661737859249115 
vn 0.2792726457118988 0.7813896536827087 0.5580654144287109 
vn 0.5661624670028687 0.4914906620979309 -0.661737859249115 
vn 0.2969762980937958 0.7478184103965759 -0.5937783122062683 
vn 0.6600983142852783 0 -0.7511792182922363 
vn 0.44286009669303894 0 -0.8965907096862793 
vn 0.5661624670028687 -0.4914906620979309 -0.661737859249115 
vn 0.2969762980937958 -0.7478184103965759 -0.5937783122062683 
vn 0.19535815715789795 0 -0.9807319641113281 
vn 0.18138304352760315 -0.4946627914905548 -0.8499464392662048 
vn -0.2849903702735901 -0.7793224453926086 -0.5580654144287109 
vn -0.4661951959133148 0.0037845673505216837 -0.8846737742424011 
vn 0.18138304352760315 0.4946627914905548 -0.8499464392662048 
vn -0.2849903702735901 0.7793224453926086 -0.5580654144287109 
vn 3.097898456858039e-13 -0.999997615814209 -0.002184694167226553 
vn -0.8590268492698669 -0.41248834133148193 -0.30319350957870483 
vn -0.7298170924186707 -0.5806299448013306 -0.36088213324546814 
vn -0.9502356052398682 -0.0037740441039204597 -0.31150925159454346 
vn -0.8975481390953064 -0.0037747621536254883 -0.4409002661705017 
vn -0.760195255279541 -0.41636934876441956 -0.4987381398677826 
vn -0.6172053813934326 -0.77827388048172 0.11553031951189041 
vn -0.9858768582344055 -0.003772519761696458 0.16742929816246033 
vn -0.8590268492698669 0.41248834133148193 -0.30319350957870483 
vn -0.6172053813934326 0.77827388048172 0.11553031951189041 
vn -1.0341130485562108e-13 0.999997615814209 -0.002184694167226553 
vn -0.7298170924186707 0.5806299448013306 -0.36088213324546814 
vn -0.8248885273933411 -1.7060600165669931e-13 -0.5652954578399658 
vn -0.760195255279541 0.41636934876441956 -0.4987381398677826 
vn -0.2849903702735901 0.7793224453926086 -0.5580654144287109 
vn -0.4661951959133148 0.0037845673505216837 -0.8846737742424011 
vn -0.2849903702735901 -0.7793224453926086 -0.5580654144287109 
vn -0.5642499327659607 -0.49368518590927124 0.661737859249115 
vn -0.6600983142852783 -1.3652359136858555e-13 0.7511792182922363 
vn -0.5642499327659607 0.49368518590927124 0.661737859249115 
vn 0.5661624670028687 0.4914906620979309 -0.661737859249115 
vn 0.6142444610595703 0.7806128859519958 -0.11553031951189041 
vn 0.6600983142852783 0 -0.7511792182922363 
vn 0.9858840703964233 0 -0.16742929816246033 
vn 0.5661624670028687 -0.4914906620979309 -0.661737859249115 
vn 0.6142444610595703 -0.7806128859519958 -0.11553031951189041 
vn 0.9502431154251099 0 0.31150925159454346 
vn 0.8573859333992004 0.415888249874115 0.30319350957870483 
vn 0.8975561261177063 0 0.4409002661705017 
vn 0.7256050109863281 0.5858851671218872 0.36088213324546814 
vn -1.0341130485562108e-13 0.999997615814209 -0.002184694167226553 
vn 0.8573859333992004 -0.415888249874115 0.30319350957870483 
vn 0.7256050109863281 -0.5858851671218872 0.36088213324546814 
vn 3.097898456858039e-13 -0.999997615814209 -0.002184694167226553 
vn 0.7622862458229065 -0.4125286936759949 0.4987381398677826 
vn 0.8248885273933411 0 0.5652954578399658 
vn 0.4662105441093445 0 0.8846737742424011 
vn 0.2792726457118988 0.7813896536827087 0.5580654144287109 
vn 0.7622862458229065 0.4125286936759949 0.4987381398677826 
vn 0.2792726457118988 -0.7813896536827087 0.5580654144287109 
vn 0.7256050109863281 0.5858851671218872 0.36088213324546814 
vn 0.7622862458229065 0.4125286936759949 0.4987381398677826 
vn -1.0341130485562108e-13 0.999997615814209 -0.002184694167226553 
vn 0.2792726457118988 0.7813896536827087 0.5580654144287109 
vn -0.18412189185619354 0.4936498999595642 0.8499464392662048 
vn -0.2912861406803131 0.7500531077384949 0.5937783122062683 
vn -0.5642499327659607 0.49368518590927124 0.661737859249115 
vn -0.6172053813934326 0.77827388048172 0.11553031951189041 
vn -0.7298170924186707 0.5806299448013306 -0.36088213324546814 
vn -1.0341130485562108e-13 0.999997615814209 -0.002184694167226553 
vn -0.760195255279541 0.41636934876441956 -0.4987381398677826 
vn -0.2849903702735901 0.7793224453926086 -0.5580654144287109 
vn 0.18138304352760315 0.4946627914905548 -0.8499464392662048 
vn 0.2969762980937958 0.7478184103965759 -0.5937783122062683 
vn 0.5661624670028687 0.4914906620979309 -0.661737859249115 
vn 0.6142444610595703 0.7806128859519958 -0.11553031951189041 
vn 0.6142444610595703 -0.7806128859519958 -0.11553031951189041 
vn 3.097898456858039e-13 -0.999997615814209 -0.002184694167226553 
vn 0.5661624670028687 -0.4914906620979309 -0.661737859249115 
vn 0.2969762980937958 -0.7478184103965759 -0.5937783122062683 
vn 0.18138304352760315 -0.4946627914905548 -0.8499464392662048 
vn -0.2849903702735901 -0.7793224453926086 -0.5580654144287109 
vn -0.760195255279541 -0.41636934876441956 -0.4987381398677826 
vn -0.7298170924186707 -0.5806299448013306 -0.36088213324546814 
vn -0.6172053813934326 -0.77827388048172 0.11553031951189041 
vn 3.097898456858039e-13 -0.999997615814209 -0.002184694167226553 
vn -0.5642499327659607 -0.49368518590927124 0.661737859249115 
vn -0.2912861406803131 -0.7500531077384949 0.5937783122062683 
vn -0.18412189185619354 -0.4936498999595642 0.8499464392662048 
vn 0.2792726457118988 -0.7813896536827087 0.5580654144287109 
vn 0.7622862458229065 -0.4125286936759949 0.4987381398677826 
vn 0.7256050109863281 -0.5858851671218872 0.36088213324546814 
vn -0.5642499327659607 0.49368518590927124 0.661737859249115 
vn -0.6600983142852783 -1.3652359136858555e-13 0.7511792182922363 
vn -0.2912861406803131 0.7500531077384949 0.5937783122062683 
vn -0.44286009669303894 -9.159369768717285e-14 0.8965907096862793 
vn -0.18412189185619354 0.4936498999595642 0.8499464392662048 
vn -0.19535815715789795 -4.0404579503125135e-14 0.9807319641113281 
vn 0.4662105441093445 0 0.8846737742424011 
vn 0.2792726457118988 -0.7813896536827087 0.5580654144287109 
vn -0.18412189185619354 -0.4936498999595642 0.8499464392662048 
vn -0.2912861406803131 -0.7500531077384949 0.5937783122062683 
vn -0.5642499327659607 -0.49368518590927124 0.661737859249115 
vn 0.2792726457118988 0.7813896536827087 0.5580654144287109 
vn 0.5661624670028687 0.4914906620979309 -0.661737859249115 
vn 0.2969762980937958 0.7478184103965759 -0.5937783122062683 
vn 0.6600983142852783 0 -0.7511792182922363 
vn 0.44286009669303894 0 -0.8965907096862793 
vn 0.5661624670028687 -0.4914906620979309 -0.661737859249115 
vn 0.2969762980937958 -0.7478184103965759 -0.5937783122062683 
vn 0.19535815715789795 0 -0.9807319641113281 
vn 0.18138304352760315 -0.4946627914905548 -0.8499464392662048 
vn -0.2849903702735901 -0.7793224453926086 -0.5580654144287109 
vn -0.4661951959133148 0.0037845673505216837 -0.8846737742424011 
vn 0.18138304352760315 0.4946627914905548 -0.8499464392662048 
vn -0.2849903702735901 0.7793224453926086 -0.5580654144287109 
vn 3.097898456858039e-13 -0.999997615814209 -0.002184694167226553 
vn -0.8590268492698669 -0.41248834133148193 -0.30319350957870483 
vn -0.7298170924186707 -0.5806299448013306 -0.36088213324546814 
vn -0.9502356052398682 -0.0037740441039204597 -0.31150925159454346 
vn -0.8975481390953064 -0.0037747621536254883 -0.4409002661705017 
vn -0.760195255279541 -0.41636934876441956 -0.4987381398677826 
vn -0.6172053813934326 -0.77827388048172 0.11553031951189041 
vn -0.9858768582344055 -0.003772519761696458 0.16742929816246033 
vn -0.8590268492698669 0.41248834133148193 -0.30319350957870483 
vn -0.6172053813934326 0.77827388048172 0.11553031951189041 
vn -1.0341130485562108e-13 0.999997615814209 -0.002184694167226553 
vn -0.7298170924186707 0.5806299448013306 -0.36088213324546814 
vn -0.8248885273933411 -1.7060600165669931e-13 -0.5652954578399658 
vn -0.760195255279541 0.41636934876441956 -0.4987381398677826 
vn -0.2849903702735901 0.7793224453926086 -0.5580654144287109 
vn -0.4661951959133148 0.0037845673505216837 -0.8846737742424011 
vn -0.2849903702735901 -0.7793224453926086 -0.5580654144287109 
vn -0.5642499327659607 -0.49368518590927124 0.661737859249115 
vn -0.6600983142852783 -1.3652359136858555e-13 0.7511792182922363 
vn -0.5642499327659607 0.49368518590927124 0.661737859249115 
vn 0.5661624670028687 0.4914906620979309 -0.661737859249115 
vn 0.6142444610595703 0.7806128859519958 -0.11553031951189041 
vn 0.6600983142852783 0 -0.7511792182922363 
vn 0.9858840703964233 0 -0.16742929816246033 
vn 0.5661624670028687 -0.4914906620979309 -0.661737859249115 
vn 0.6142444610595703 -0.7806128859519958 -0.11553031951189041 
vn 0.9502431154251099 0 0.31150925159454346 
vn 0.8573859333992004 0.415888249874115 0.30319350957870483 
vn 0.8975561261177063 0 0.4409002661705017 
vn 0.7256050109863281 0.5858851671218872 0.36088213324546814 
vn -1.0341130485562108e-13 0.999997615814209 -0.002184694167226553 
vn 0.8573859333992004 -0.415888249874115 0.30319350957870483 
vn 0.7256050109863281 -0.5858851671218872 0.36088213324546814 
vn 3.097898456858039e-13 -0.999997615814209 -0.002184694167226553 
vn 0.7622862458229065 -0.4125286936759949 0.4987381398677826 
vn 0.8248885273933411 0 0.5652954578399658 
vn 0.4662105441093445 0 0.8846737742424011 
vn 0.2792726457118988 0.7813896536827087 0.5580654144287109 
vn 0.7622862458229065 0.4125286936759949 0.4987381398677826 
vn 0.2792726457118988 -0.7813896536827087 0.5580654144287109 
vn 0.7256050109863281 0.5858851671218872 0.36088213324546814 
vn 0.7622862458229065 0.4125286936759949 0.4987381398677826 
vn -1.0341130485562108e-13 0.999997615814209 -0.002184694167226553 
vn 0.2792726457118988 0.7813896536827087 0.5580654144287109 
vn -0.18412189185619354 0.4936498999595642 0.8499464392662048 
vn -0.2912861406803131 0.7500531077384949 0.5937783122062683 
vn -0.5642499327659607 0.49368518590927124 0.661737859249115 
vn -0.6172053813934326 0.77827388048172 0.11553031951189041 
vn -0.7298170924186707 0.5806299448013306 -0.36088213324546814 
vn -1.0341130485562108e-13 0.999997615814209 -0.002184694167226553 
vn -0.760195255279541 0.41636934876441956 -0.4987381398677826 
vn -0.2849903702735901 0.7793224453926086 -0.5580654144287109 
vn 0.18138304352760315 0.4946627914905548 -0.8499464392662048 
vn 0.2969762980937958 0.7478184103965759 -0.5937783122062683 
vn 0.5661624670028687 0.4914906620979309 -0.661737859249115 
vn 0.6142444610595703 0.7806128859519958 -0.11553031951189041 
vn 0.6142444610595703 -0.7806128859519958 -0.11553031951189041 
vn 3.097898456858039e-13 -0.999997615814209 -0.002184694167226553 
vn 0.5661624670028687 -0.4914906620979309 -0.661737859249115 
vn 0.2969762980937958 -0.7478184103965759 -0.5937783122062683 
vn 0.18138304352760315 -0.4946627914905548 -0.8499464392662048 
vn -0.2849903702735901 -0.7793224453926086 -0.5580654144287109 
vn -0.760195255279541 -0.41636934876441956 -0.4987381398677826 
vn -0.7298170924186707 -0.5806299448013306 -0.36088213324546814 
vn -0.6172053813934326 -0.77827388048172 0.11553031951189041 
vn 3.097898456858039e-13 -0.999997615814209 -0.002184694167226553 
vn -0.5642499327659607 -0.49368518590927124 0.661737859249115 
vn -0.2912861406803131 -0.7500531077384949 0.5937783122062683 
vn -0.18412189185619354 -0.4936498999595642 0.8499464392662048 
vn 0.2792726457118988 -0.7813896536827087 0.5580654144287109 
vn 0.7622862458229065 -0.4125286936759949 0.4987381398677826 
vn 0.7256050109863281 -0.5858851671218872 0.36088213324546814 
vn -0.5642499327659607 0.49368518590927124 0.661737859249115 
vn -0.6600983142852783 -1.3652359136858555e-13 0.7511792182922363 
vn -0.2912861406803131 0.7500531077384949 0.5937783122062683 
vn -0.44286009669303894 -9.159369768717285e-14 0.8965907096862793 
vn -0.18412189185619354 0.4936498999595642 0.8499464392662048 
vn -0.19535815715789795 -4.0404579503125135e-14 0.9807319641113281 
vn 0.4662105441093445 0 0.8846737742424011 
vn 0.2792726457118988 -0.7813896536827087 0.5580654144287109 
vn -0.18412189185619354 -0.4936498999595642 0.8499464392662048 
vn -0.2912861406803131 -0.7500531077384949 0.5937783122062683 
vn -0.5642499327659607 -0.49368518590927124 0.661737859249115 
vn 0.2792726457118988 0.7813896536827087 0.5580654144287109 
vn 0.5661624670028687 0.4914906620979309 -0.661737859249115 
vn 0.2969762980937958 0.7478184103965759 -0.5937783122062683 
vn 0.6600983142852783 0 -0.7511792182922363 
vn 0.44286009669303894 0 -0.8965907096862793 
vn 0.5661624670028687 -0.4914906620979309 -0.661737859249115 
vn 0.2969762980937958 -0.7478184103965759 -0.5937783122062683 
vn 0.19535815715789795 0 -0.9807319641113281 
vn 0.18138304352760315 -0.4946627914905548 -0.8499464392662048 
vn -0.2849903702735901 -0.7793224453926086 -0.5580654144287109 
vn -0.4661951959133148 0.0037845673505216837 -0.8846737742424011 
vn 0.18138304352760315 0.4946627914905548 -0.8499464392662048 
vn -0.2849903702735901 0.7793224453926086 -0.5580654144287109 
vn 3.097898456858039e-13 -0.999997615814209 0.002184694167226553 
vn -0.8590268492698669 -0.41248834133148193 -0.30319350957870483 
vn -0.7298170924186707 -0.5806299448013306 -0.36088213324546814 
vn -0.9502356052398682 -0.0037740441039204597 -0.31150925159454346 
vn -0.8975481390953064 -0.0037747621536254883 -0.4409002661705017 
vn -0.760195255279541 -0.41636934876441956 -0.4987381398677826 
vn -0.6172053813934326 -0.77827388048172 0.11553031951189041 
vn -0.9858768582344055 -0.003772519761696458 0.16742929816246033 
vn -0.8590268492698669 0.41248834133148193 -0.30319350957870483 
vn -0.6172053813934326 0.77827388048172 0.11553031951189041 
vn -1.0341130485562108e-13 0.999997615814209 -0.002184694167226553 
vn -0.7298170924186707 0.5806299448013306 -0.36088213324546814 
vn -0.8248885273933411 -1.7060600165669931e-13 -0.5652954578399658 
vn -0.760195255279541 0.41636934876441956 -0.4987381398677826 
vn -0.2849903702735901 0.7793224453926086 -0.5580654144287109 
vn -0.4661951959133148 0.0037845673505216837 -0.8846737742424011 
vn -0.2849903702735901 -0.7793224453926086 -0.5580654144287109 
vn -0.5642499327659607 -0.49368518590927124 0.661737859249115 
vn -0.6600983142852783 -1.3652359136858555e-13 0.7511792182922363 
vn -0.5642499327659607 0.49368518590927124 0.661737859249115 
vn 0.5661624670028687 0.4914906620979309 -0.661737859249115 
vn 0.6142444610595703 0.7806128859519958 -0.11553031951189041 
vn 0.6600983142852783 0 -0.7511792182922363 
vn 0.9858840703964233 0 -0.16742929816246033 
vn 0.5661624670028687 -0.4914906620979309 -0.661737859249115 
vn 0.6142444610595703 -0.7806128859519958 -0.11553031951189041 
vn 0.9502431154251099 0 0.31150925159454346 
vn 0.8573859333992004 0.415888249874115 0.30319350957870483 
vn 0.8975561261177063 0 0.4409002661705017 
vn 0.7303190231323242 0.5799984931945801 0.36088213324546814 
vn -1.0341130485562108e-13 0.999997615814209 -0.002184694167226553 
vn 0.8573859333992004 -0.415888249874115 0.30319350957870483 
vn 0.7256050109863281 -0.5858851671218872 0.36088213324546814 
vn 3.097898456858039e-13 -0.999997615814209 0.002184694167226553 
vn 0.7622862458229065 -0.4125286936759949 0.4987381398677826 
vn 0.8248885273933411 0 0.5652954578399658 
vn 0.4662105441093445 0 0.8846737742424011 
vn 0.2792726457118988 0.7813896536827087 0.5580654144287109 
vn 0.7622862458229065 0.4125286936759949 0.4987381398677826 
vn 0.2792726457118988 -0.7813896536827087 0.5580654144287109 
vn 0.7303190231323242 0.5799984931945801 0.36088213324546814 
vn 0.7622862458229065 0.4125286936759949 0.4987381398677826 
vn -1.0341130485562108e-13 0.999997615814209 -0.002184694167226553 
vn 0.2792726457118988 0.7813896536827087 0.5580654144287109 
vn -0.18412189185619354 0.4936498999595642 0.8499464392662048 
vn -0.2912861406803131 0.7500531077384949 0.5937783122062683 
vn -0.5642499327659607 0.49368518590927124 0.661737859249115 
vn -0.6172053813934326 0.77827388048172 0.11553031951189041 
vn -0.7298170924186707 0.5806299448013306 -0.36088213324546814 
vn -1.0341130485562108e-13 0.999997615814209 -0.002184694167226553 
vn -0.760195255279541 0.41636934876441956 -0.4987381398677826 
vn -0.2849903702735901 0.7793224453926086 -0.5580654144287109 
vn 0.18138304352760315 0.4946627914905548 -0.8499464392662048 
vn 0.2969762980937958 0.7478184103965759 -0.5937783122062683 
vn 0.5661624670028687 0.4914906620979309 -0.661737859249115 
vn 0.6142444610595703 0.7806128859519958 -0.11553031951189041 
vn 0.6142444610595703 -0.7806128859519958 -0.11553031951189041 
vn 3.097898456858039e-13 -0.999997615814209 0.002184694167226553 
vn 0.5661624670028687 -0.4914906620979309 -0.661737859249115 
vn 0.2969762980937958 -0.7478184103965759 -0.5937783122062683 
vn 0.18138304352760315 -0.4946627914905548 -0.8499464392662048 
vn -0.2849903702735901 -0.7793224453926086 -0.5580654144287109 
vn -0.760195255279541 -0.41636934876441956 -0.4987381398677826 
vn -0.7298170924186707 -0.5806299448013306 -0.36088213324546814 
vn -0.6172053813934326 -0.77827388048172 0.11553031951189041 
vn 3.097898456858039e-13 -0.999997615814209 0.002184694167226553 
vn -0.5642499327659607 -0.49368518590927124 0.661737859249115 
vn -0.2912861406803131 -0.7500531077384949 0.5937783122062683 
vn -0.18412189185619354 -0.4936498999595642 0.8499464392662048 
vn 0.2792726457118988 -0.7813896536827087 0.5580654144287109 
vn 0.7622862458229065 -0.4125286936759949 0.4987381398677826 
vn 0.7256050109863281 -0.5858851671218872 0.36088213324546814 
vn -0.5642499327659607 0.49368518590927124 0.661737859249115 
vn -0.6600983142852783 -1.3652359136858555e-13 0.7511792182922363 
vn -0.2912861406803131 0.7500531077384949 0.5937783122062683 
vn -0.44286009669303894 -9.159369768717285e-14 0.8965907096862793 
vn -0.18412189185619354 0.4936498999595642 0.8499464392662048 
vn -0.19535815715789795 -4.0404579503125135e-14 0.9807319641113281 
vn 0.4662105441093445 0 0.8846737742424011 
vn 0.2792726457118988 -0.7813896536827087 0.5580654144287109 
vn -0.18412189185619354 -0.4936498999595642 0.8499464392662048 
vn -0.2912861406803131 -0.7500531077384949 0.5937783122062683 
vn -0.5642499327659607 -0.49368518590927124 0.661737859249115 
vn 0.2792726457118988 0.7813896536827087 0.5580654144287109 
vn 0.5661624670028687 0.4914906620979309 -0.661737859249115 
vn 0.2969762980937958 0.7478184103965759 -0.5937783122062683 
vn 0.6600983142852783 0 -0.7511792182922363 
vn 0.44286009669303894 0 -0.8965907096862793 
vn 0.5661624670028687 -0.4914906620979309 -0.661737859249115 
vn 0.2969762980937958 -0.7478184103965759 -0.5937783122062683 
vn 0.19535815715789795 0 -0.9807319641113281 
vn 0.18138304352760315 -0.4946627914905548 -0.8499464392662048 
vn -0.2849903702735901 -0.7793224453926086 -0.5580654144287109 
vn -0.4661951959133148 0.0037845673505216837 -0.8846737742424011 
vn 0.18138304352760315 0.4946627914905548 -0.8499464392662048 
vn -0.2849903702735901 0.7793224453926086 -0.5580654144287109 
vn 3.097898456858039e-13 -0.999997615814209 0.002184694167226553 
vn -0.8590268492698669 -0.41248834133148193 -0.30319350957870483 
vn -0.7298170924186707 -0.5806299448013306 -0.36088213324546814 
vn -0.9502356052398682 -0.0037740441039204597 -0.31150925159454346 
vn -0.8975481390953064 -0.0037747621536254883 -0.4409002661705017 
vn -0.760195255279541 -0.41636934876441956 -0.4987381398677826 
vn -0.6172053813934326 -0.77827388048172 0.11553031951189041 
vn -0.9858768582344055 -0.003772519761696458 0.16742929816246033 
vn -0.8590268492698669 0.41248834133148193 -0.30319350957870483 
vn -0.6172053813934326 0.77827388048172 0.11553031951189041 
vn -1.0341130485562108e-13 0.999997615814209 -0.002184694167226553 
vn -0.7298170924186707 0.5806299448013306 -0.36088213324546814 
vn -0.8248885273933411 -1.7060600165669931e-13 -0.5652954578399658 
vn -0.760195255279541 0.41636934876441956 -0.4987381398677826 
vn -0.2849903702735901 0.7793224453926086 -0.5580654144287109 
vn -0.4661951959133148 0.0037845673505216837 -0.8846737742424011 
vn -0.2849903702735901 -0.7793224453926086 -0.5580654144287109 
vn -0.5642499327659607 -0.49368518590927124 0.661737859249115 
vn -0.6600983142852783 -1.3652359136858555e-13 0.7511792182922363 
vn -0.5642499327659607 0.49368518590927124 0.661737859249115 
vn 0.5661624670028687 0.4914906620979309 -0.661737859249115 
vn 0.6142444610595703 0.7806128859519958 -0.11553031951189041 
vn 0.6600983142852783 0 -0.7511792182922363 
vn 0.9858840703964233 0 -0.16742929816246033 
vn 0.5661624670028687 -0.4914906620979309 -0.661737859249115 
vn 0.6142444610595703 -0.7806128859519958 -0.11553031951189041 
vn 0.9502431154251099 0 0.31150925159454346 
vn 0.8573859333992004 0.415888249874115 0.30319350957870483 
vn 0.8975561261177063 0 0.4409002661705017 
vn 0.7256050109863281 0.5858851671218872 0.36088213324546814 
vn -1.0341130485562108e-13 0.999997615814209 -0.002184694167226553 
vn 0.8573859333992004 -0.415888249874115 0.30319350957870483 
vn 0.7256050109863281 -0.5858851671218872 0.36088213324546814 
vn 3.097898456858039e-13 -0.999997615814209 0.002184694167226553 
vn 0.7622862458229065 -0.4125286936759949 0.4987381398677826 
vn 0.8248885273933411 0 0.5652954578399658 
vn 0.4662105441093445 0 0.8846737742424011 
vn 0.2792726457118988 0.7813896536827087 0.5580654144287109 
vn 0.7622862458229065 0.4125286936759949 0.4987381398677826 
vn 0.2792726457118988 -0.7813896536827087 0.5580654144287109 
vn 0.7256050109863281 0.5858851671218872 0.36088213324546814 
vn 0.7622862458229065 0.4125286936759949 0.4987381398677826 
vn -1.0341130485562108e-13 0.999997615814209 -0.002184694167226553 
vn 0.2792726457118988 0.7813896536827087 0.5580654144287109 
vn -0.18412189185619354 0.4936498999595642 0.8499464392662048 
vn -0.2912861406803131 0.7500531077384949 0.5937783122062683 
vn -0.5642499327659607 0.49368518590927124 0.661737859249115 
vn -0.6172053813934326 0.77827388048172 0.11553031951189041 
vn -0.7298170924186707 0.5806299448013306 -0.36088213324546814 
vn -1.0341130485562108e-13 0.999997615814209 -0.002184694167226553 
vn -0.760195255279541 0.41636934876441956 -0.4987381398677826 
vn -0.2849903702735901 0.7793224453926086 -0.5580654144287109 
vn 0.18138304352760315 0.4946627914905548 -0.8499464392662048 
vn 0.2969762980937958 0.7478184103965759 -0.5937783122062683 
vn 0.5661624670028687 0.4914906620979309 -0.661737859249115 
vn 0.6142444610595703 0.7806128859519958 -0.11553031951189041 
vn 0.6142444610595703 -0.7806128859519958 -0.11553031951189041 
vn 3.097898456858039e-13 -0.999997615814209 0.002184694167226553 
vn 0.5661624670028687 -0.4914906620979309 -0.661737859249115 
vn 0.2969762980937958 -0.7478184103965759 -0.5937783122062683 
vn 0.18138304352760315 -0.4946627914905548 -0.8499464392662048 
vn -0.2849903702735901 -0.7793224453926086 -0.5580654144287109 
vn -0.760195255279541 -0.41636934876441956 -0.4987381398677826 
vn -0.7298170924186707 -0.5806299448013306 -0.36088213324546814 
vn -0.6172053813934326 -0.77827388048172 0.11553031951189041 
vn 3.097898456858039e-13 -0.999997615814209 0.002184694167226553 
vn -0.5642499327659607 -0.49368518590927124 0.661737859249115 
vn -0.2912861406803131 -0.7500531077384949 0.5937783122062683 
vn -0.18412189185619354 -0.4936498999595642 0.8499464392662048 
vn 0.2792726457118988 -0.7813896536827087 0.5580654144287109 
vn 0.7622862458229065 -0.4125286936759949 0.4987381398677826 
vn 0.7256050109863281 -0.5858851671218872 0.36088213324546814 
vn -0.4379431903362274 0.49389830231666565 0.7511792182922363 
vn -0.5194079279899597 -0.003768583992496133 0.8545181155204773 
vn -0.18653637170791626 0.7495409846305847 0.6351318359375 
vn -0.28020769357681274 -5.795342504499867e-14 0.9599394202232361 
vn -0.03201175108551979 0.49200639128685 0.8700028657913208 
vn -0.017476677894592285 -3.6145805417514814e-15 0.9998472929000854 
vn 0.612941563129425 0 0.790128231048584 
vn 0.3722049295902252 -0.7803438901901245 0.5025205612182617 
vn -0.03201175108551979 -0.49200639128685 0.8700028657913208 
vn -0.18653637170791626 -0.7495409846305847 0.6351318359375 
vn -0.4379431903362274 -0.49389830231666565 0.7511792182922363 
vn 0.3722049295902252 0.7803438901901245 0.5025205612182617 
vn 0.43718215823173523 0.49457207322120667 -0.7511792182922363 
vn 0.18343649804592133 0.7503056526184082 -0.6351318359375 
vn 0.5194216370582581 0 -0.8545181155204773 
vn 0.28020769357681274 0 -0.9599394202232361 
vn 0.43718215823173523 -0.49457207322120667 -0.7511792182922363 
vn 0.18343649804592133 -0.7503056526184082 -0.6351318359375 
vn 0.017476677894592285 0 -0.9998472929000854 
vn 0.026432842016220093 -0.4923376441001892 -0.8700028657913208 
vn -0.3743913173675537 -0.7792972922325134 -0.5025205612182617 
vn -0.612941563129425 -1.2677048809566632e-13 -0.790128231048584 
vn 0.026432842016220093 0.4923376441001892 -0.8700028657913208 
vn -0.3743913173675537 0.7792972922325134 -0.5025205612182617 
vn -0.3743913173675537 -0.7792972922325134 -0.5025205612182617 
vn -0.838361382484436 -0.41211801767349243 -0.3568037748336792 
vn -0.612941563129425 -1.2677048809566632e-13 -0.790128231048584 
vn -0.9106194972991943 -1.883371524057445e-13 -0.41324591636657715 
vn -0.960541844367981 0.0037767793983221054 -0.2781098484992981 
vn -0.7788499593734741 0.5845409631729126 -0.22738653421401978 
vn 3.097898456858039e-13 -0.999997615814209 0.002184694167226553 
vn -0.7788499593734741 -0.5845409631729126 -0.22738653421401978 
vn -0.898688554763794 -0.4136253595352173 -0.1458524912595749 
vn -0.9899342060089111 -2.0474126680072174e-13 -0.1415284425020218 
vn -0.583894670009613 -0.7805640697479248 0.22312943637371063 
vn -0.940264880657196 -0.0037725989241153 0.34042292833328247 
vn -0.4379431903362274 -0.49389830231666565 0.7511792182922363 
vn -0.5194079279899597 -0.003768583992496133 0.8545181155204773 
vn -0.583894670009613 0.7805640697479248 0.22312943637371063 
vn -0.4379431903362274 0.49389830231666565 0.7511792182922363 
vn -0.898688554763794 0.4136253595352173 -0.1458524912595749 
vn -1.0341130485562108e-13 0.999997615814209 0.002184694167226553 
vn -0.838361382484436 0.41211801767349243 -0.3568037748336792 
vn -0.3743913173675537 0.7792972922325134 -0.5025205612182617 
vn 0.8369342684745789 0.415008544921875 0.3568037748336792 
vn 0.9106194972991943 0 0.41324591636657715 
vn 0.7793137431144714 0.5839224457740784 0.22738653421401978 
vn 0.9605492949485779 0 0.2781098484992981 
vn 0.8973232507705688 0.416579008102417 0.1458524912595749 
vn 0.9899342060089111 0 0.1415284425020218 
vn 0.7793137431144714 -0.5839224457740784 0.22738653421401978 
vn 0.8369342684745789 -0.415008544921875 0.3568037748336792 
vn 0.612941563129425 0 0.790128231048584 
vn 0.3722049295902252 0.7803438901901245 0.5025205612182617 
vn -1.0341130485562108e-13 0.999997615814209 0.002184694167226553 
vn 0.3722049295902252 -0.7803438901901245 0.5025205612182617 
vn 3.097898456858039e-13 -0.999997615814209 0.002184694167226553 
vn 0.8973232507705688 -0.416579008102417 0.1458524912595749 
vn 0.5830006003379822 -0.7812320590019226 -0.22312943637371063 
vn 0.9402724504470825 0 -0.34042292833328247 
vn 0.43718215823173523 -0.49457207322120667 -0.7511792182922363 
vn 0.5194216370582581 0 -0.8545181155204773 
vn 0.5830006003379822 0.7812320590019226 -0.22312943637371063 
vn 0.43718215823173523 0.49457207322120667 -0.7511792182922363 
vn 0.3722049295902252 0.7803438901901245 0.5025205612182617 
vn -0.03201175108551979 0.49200639128685 0.8700028657913208 
vn -1.0341130485562108e-13 0.999997615814209 0.002184694167226553 
vn -0.18653637170791626 0.7495409846305847 0.6351318359375 
vn -0.4379431903362274 0.49389830231666565 0.7511792182922363 
vn -0.583894670009613 0.7805640697479248 0.22312943637371063 
vn -0.3743913173675537 0.7792972922325134 -0.5025205612182617 
vn -1.0341130485562108e-13 0.999997615814209 0.002184694167226553 
vn 0.026432842016220093 0.4923376441001892 -0.8700028657913208 
vn 0.18343649804592133 0.7503056526184082 -0.6351318359375 
vn 0.43718215823173523 0.49457207322120667 -0.7511792182922363 
vn 0.5830006003379822 0.7812320590019226 -0.22312943637371063 
vn 0.5830006003379822 -0.7812320590019226 -0.22312943637371063 
vn 3.097898456858039e-13 -0.999997615814209 0.002184694167226553 
vn 0.43718215823173523 -0.49457207322120667 -0.7511792182922363 
vn 0.18343649804592133 -0.7503056526184082 -0.6351318359375 
vn 0.026432842016220093 -0.4923376441001892 -0.8700028657913208 
vn -0.3743913173675537 -0.7792972922325134 -0.5025205612182617 
vn -0.583894670009613 -0.7805640697479248 0.22312943637371063 
vn 3.097898456858039e-13 -0.999997615814209 0.002184694167226553 
vn -0.4379431903362274 -0.49389830231666565 0.7511792182922363 
vn -0.18653637170791626 -0.7495409846305847 0.6351318359375 
vn -0.03201175108551979 -0.49200639128685 0.8700028657913208 
vn 0.3722049295902252 -0.7803438901901245 0.5025205612182617 
vn -0.4379431903362274 0.49389830231666565 0.7511792182922363 
vn -0.5194079279899597 0.003768583992496133 0.8545181155204773 
vn -0.18653637170791626 0.7495409846305847 0.6351318359375 
vn -0.28020769357681274 -5.795342504499867e-14 0.9599394202232361 
vn -0.03201175108551979 0.49200639128685 0.8700028657913208 
vn -0.017476677894592285 -3.6145805417514814e-15 0.9998472929000854 
vn 0.612941563129425 0 0.790128231048584 
vn 0.3722049295902252 -0.7803438901901245 0.5025205612182617 
vn -0.03201175108551979 -0.49200639128685 0.8700028657913208 
vn -0.18653637170791626 -0.7495409846305847 0.6351318359375 
vn -0.4379431903362274 -0.49389830231666565 0.7511792182922363 
vn 0.3722049295902252 0.7803438901901245 0.5025205612182617 
vn 0.43718215823173523 0.49457207322120667 -0.7511792182922363 
vn 0.18343649804592133 0.7503056526184082 -0.6351318359375 
vn 0.5194216370582581 0 -0.8545181155204773 
vn 0.28020769357681274 0 -0.9599394202232361 
vn 0.43718215823173523 -0.49457207322120667 -0.7511792182922363 
vn 0.18343649804592133 -0.7503056526184082 -0.6351318359375 
vn 0.017476677894592285 0 -0.9998472929000854 
vn 0.026432842016220093 -0.4923376441001892 -0.8700028657913208 
vn -0.3743913173675537 -0.7792972922325134 -0.5025205612182617 
vn -0.612941563129425 -1.2677048809566632e-13 -0.790128231048584 
vn 0.026432842016220093 0.4923376441001892 -0.8700028657913208 
vn -0.3743913173675537 0.7792972922325134 -0.5025205612182617 
vn -0.3743913173675537 -0.7792972922325134 -0.5025205612182617 
vn -0.838361382484436 -0.41211801767349243 -0.3568037748336792 
vn -0.612941563129425 -1.2677048809566632e-13 -0.790128231048584 
vn -0.9106194972991943 -1.883371524057445e-13 -0.41324591636657715 
vn -0.960541844367981 0.0037767793983221054 -0.2781098484992981 
vn -0.7788499593734741 0.5845409631729126 -0.22738653421401978 
vn 3.097898456858039e-13 -0.999997615814209 0.002184694167226553 
vn -0.7788499593734741 -0.5845409631729126 -0.22738653421401978 
vn -0.898688554763794 -0.4136253595352173 -0.1458524912595749 
vn -0.9899342060089111 -2.0474126680072174e-13 -0.1415284425020218 
vn -0.583894670009613 -0.7805640697479248 0.22312943637371063 
vn -0.940264880657196 0.0037725989241153 0.34042292833328247 
vn -0.4379431903362274 -0.49389830231666565 0.7511792182922363 
vn -0.5194079279899597 0.003768583992496133 0.8545181155204773 
vn -0.583894670009613 0.7805640697479248 0.22312943637371063 
vn -0.4379431903362274 0.49389830231666565 0.7511792182922363 
vn -0.898688554763794 0.4136253595352173 -0.1458524912595749 
vn -1.0341130485562108e-13 0.999997615814209 0.002184694167226553 
vn -0.838361382484436 0.41211801767349243 -0.3568037748336792 
vn -0.3743913173675537 0.7792972922325134 -0.5025205612182617 
vn 0.8369342684745789 0.415008544921875 0.3568037748336792 
vn 0.9106194972991943 0 0.41324591636657715 
vn 0.7793137431144714 0.5839224457740784 0.22738653421401978 
vn 0.9605492949485779 0 0.2781098484992981 
vn 0.8973232507705688 0.416579008102417 0.1458524912595749 
vn 0.9899342060089111 0 0.1415284425020218 
vn 0.7793137431144714 -0.5839224457740784 0.22738653421401978 
vn 0.8369342684745789 -0.415008544921875 0.3568037748336792 
vn 0.612941563129425 0 0.790128231048584 
vn 0.3722049295902252 0.7803438901901245 0.5025205612182617 
vn -1.0341130485562108e-13 0.999997615814209 0.002184694167226553 
vn 0.3722049295902252 -0.7803438901901245 0.5025205612182617 
vn 3.097898456858039e-13 -0.999997615814209 0.002184694167226553 
vn 0.8973232507705688 -0.416579008102417 0.1458524912595749 
vn 0.5830006003379822 -0.7812320590019226 -0.22312943637371063 
vn 0.9402724504470825 0 -0.34042292833328247 
vn 0.43718215823173523 -0.49457207322120667 -0.7511792182922363 
vn 0.5194216370582581 0 -0.8545181155204773 
vn 0.5830006003379822 0.7812320590019226 -0.22312943637371063 
vn 0.43718215823173523 0.49457207322120667 -0.7511792182922363 
vn 0.3722049295902252 0.7803438901901245 0.5025205612182617 
vn -0.03201175108551979 0.49200639128685 0.8700028657913208 
vn -1.0341130485562108e-13 0.999997615814209 0.002184694167226553 
vn -0.18653637170791626 0.7495409846305847 0.6351318359375 
vn -0.4379431903362274 0.49389830231666565 0.7511792182922363 
vn -0.583894670009613 0.7805640697479248 0.22312943637371063 
vn -0.3743913173675537 0.7792972922325134 -0.5025205612182617 
vn -1.0341130485562108e-13 0.999997615814209 0.002184694167226553 
vn 0.026432842016220093 0.4923376441001892 -0.8700028657913208 
vn 0.18343649804592133 0.7503056526184082 -0.6351318359375 
vn 0.43718215823173523 0.49457207322120667 -0.7511792182922363 
vn 0.5830006003379822 0.7812320590019226 -0.22312943637371063 
vn 0.5830006003379822 -0.7812320590019226 -0.22312943637371063 
vn 3.097898456858039e-13 -0.999997615814209 0.002184694167226553 
vn 0.43718215823173523 -0.49457207322120667 -0.7511792182922363 
vn 0.18343649804592133 -0.7503056526184082 -0.6351318359375 
vn 0.026432842016220093 -0.4923376441001892 -0.8700028657913208 
vn -0.3743913173675537 -0.7792972922325134 -0.5025205612182617 
vn -0.583894670009613 -0.7805640697479248 0.22312943637371063 
vn 3.097898456858039e-13 -0.999997615814209 0.002184694167226553 
vn -0.4379431903362274 -0.49389830231666565 0.7511792182922363 
vn -0.18653637170791626 -0.7495409846305847 0.6351318359375 
vn -0.03201175108551979 -0.49200639128685 0.8700028657913208 
vn 0.3722049295902252 -0.7803438901901245 0.5025205612182617 
vn -0.4379431903362274 0.49389830231666565 0.7511792182922363 
vn -0.5194079279899597 0.003768583992496133 0.8545181155204773 
vn -0.18653637170791626 0.7495409846305847 0.6351318359375 
vn -0.28020769357681274 -5.795342504499867e-14 0.9599394202232361 
vn -0.03201175108551979 0.49200639128685 0.8700028657913208 
vn -0.017476677894592285 -3.6145805417514814e-15 0.9998472929000854 
vn 0.612941563129425 0 0.790128231048584 
vn 0.3722049295902252 -0.7803438901901245 0.5025205612182617 
vn -0.03201175108551979 -0.49200639128685 0.8700028657913208 
vn -0.18653637170791626 -0.7495409846305847 0.6351318359375 
vn -0.4379431903362274 -0.49389830231666565 0.7511792182922363 
vn 0.3722049295902252 0.7803438901901245 0.5025205612182617 
vn 0.43718215823173523 0.49457207322120667 -0.7511792182922363 
vn 0.18343649804592133 0.7503056526184082 -0.6351318359375 
vn 0.5194216370582581 0 -0.8545181155204773 
vn 0.28020769357681274 0 -0.9599394202232361 
vn 0.43718215823173523 -0.49457207322120667 -0.7511792182922363 
vn 0.18343649804592133 -0.7503056526184082 -0.6351318359375 
vn 0.017476677894592285 0 -0.9998472929000854 
vn 0.026432842016220093 -0.4923376441001892 -0.8700028657913208 
vn -0.3743913173675537 -0.7792972922325134 -0.5025205612182617 
vn -0.612941563129425 -1.2677048809566632e-13 -0.790128231048584 
vn 0.026432842016220093 0.4923376441001892 -0.8700028657913208 
vn -0.3743913173675537 0.7792972922325134 -0.5025205612182617 
vn -0.3743913173675537 -0.7792972922325134 -0.5025205612182617 
vn -0.838361382484436 -0.41211801767349243 -0.3568037748336792 
vn -0.612941563129425 -1.2677048809566632e-13 -0.790128231048584 
vn -0.9106194972991943 -1.883371524057445e-13 -0.41324591636657715 
vn -0.960541844367981 0.0037767793983221054 -0.2781098484992981 
vn -0.7788499593734741 0.5845409631729126 -0.22738653421401978 
vn 3.097898456858039e-13 -0.999997615814209 -0.002184694167226553 
vn -0.7788499593734741 -0.5845409631729126 -0.22738653421401978 
vn -0.898688554763794 -0.4136253595352173 -0.1458524912595749 
vn -0.9899342060089111 -2.0474126680072174e-13 -0.1415284425020218 
vn -0.583894670009613 -0.7805640697479248 0.22312943637371063 
vn -0.940264880657196 0.0037725989241153 0.34042292833328247 
vn -0.4379431903362274 -0.49389830231666565 0.7511792182922363 
vn -0.5194079279899597 0.003768583992496133 0.8545181155204773 
vn -0.583894670009613 0.7805640697479248 0.22312943637371063 
vn -0.4379431903362274 0.49389830231666565 0.7511792182922363 
vn -0.898688554763794 0.4136253595352173 -0.1458524912595749 
vn -1.0341130485562108e-13 0.999997615814209 -0.002184694167226553 
vn -0.838361382484436 0.41211801767349243 -0.3568037748336792 
vn -0.3743913173675537 0.7792972922325134 -0.5025205612182617 
vn 0.8369342684745789 0.415008544921875 0.3568037748336792 
vn 0.9106194972991943 0 0.41324591636657715 
vn 0.7793137431144714 0.5839224457740784 0.22738653421401978 
vn 0.9605492949485779 0 0.2781098484992981 
vn 0.8973232507705688 0.416579008102417 0.1458524912595749 
vn 0.9899342060089111 0 0.1415284425020218 
vn 0.7793137431144714 -0.5839224457740784 0.22738653421401978 
vn 0.8369342684745789 -0.415008544921875 0.3568037748336792 
vn 0.612941563129425 0 0.790128231048584 
vn 0.3722049295902252 0.7803438901901245 0.5025205612182617 
vn -1.0341130485562108e-13 0.999997615814209 -0.002184694167226553 
vn 0.3722049295902252 -0.7803438901901245 0.5025205612182617 
vn 3.097898456858039e-13 -0.999997615814209 -0.002184694167226553 
vn 0.8973232507705688 -0.416579008102417 0.1458524912595749 
vn 0.5830006003379822 -0.7812320590019226 -0.22312943637371063 
vn 0.9402724504470825 0 -0.34042292833328247 
vn 0.43718215823173523 -0.49457207322120667 -0.7511792182922363 
vn 0.5194216370582581 0 -0.8545181155204773 
vn 0.5830006003379822 0.7812320590019226 -0.22312943637371063 
vn 0.43718215823173523 0.49457207322120667 -0.7511792182922363 
vn 0.3722049295902252 0.7803438901901245 0.5025205612182617 
vn -0.03201175108551979 0.49200639128685 0.8700028657913208 
vn -1.0341130485562108e-13 0.999997615814209 -0.002184694167226553 
vn -0.18653637170791626 0.7495409846305847 0.6351318359375 
vn -0.4379431903362274 0.49389830231666565 0.7511792182922363 
vn -0.583894670009613 0.7805640697479248 0.22312943637371063 
vn -0.3743913173675537 0.7792972922325134 -0.5025205612182617 
vn -1.0341130485562108e-13 0.999997615814209 -0.002184694167226553 
vn 0.026432842016220093 0.4923376441001892 -0.8700028657913208 
vn 0.18343649804592133 0.7503056526184082 -0.6351318359375 
vn 0.43718215823173523 0.49457207322120667 -0.7511792182922363 
vn 0.5830006003379822 0.7812320590019226 -0.22312943637371063 
vn 0.5830006003379822 -0.7812320590019226 -0.22312943637371063 
vn 3.097898456858039e-13 -0.999997615814209 -0.002184694167226553 
vn 0.43718215823173523 -0.49457207322120667 -0.7511792182922363 
vn 0.18343649804592133 -0.7503056526184082 -0.6351318359375 
vn 0.026432842016220093 -0.4923376441001892 -0.8700028657913208 
vn -0.3743913173675537 -0.7792972922325134 -0.5025205612182617 
vn -0.583894670009613 -0.7805640697479248 0.22312943637371063 
vn 3.097898456858039e-13 -0.999997615814209 -0.002184694167226553 
vn -0.4379431903362274 -0.49389830231666565 0.7511792182922363 
vn -0.18653637170791626 -0.7495409846305847 0.6351318359375 
vn -0.03201175108551979 -0.49200639128685 0.8700028657913208 
vn 0.3722049295902252 -0.7803438901901245 0.5025205612182617 
vn -0.5642499327659607 0.49368518590927124 0.661737859249115 
vn -0.6600983142852783 -1.3652359136858555e-13 0.7511792182922363 
vn -0.2912861406803131 0.7500531077384949 0.5937783122062683 
vn -0.44286009669303894 -9.159369768717285e-14 0.8965907096862793 
vn -0.18412189185619354 0.4936498999595642 0.8499464392662048 
vn -0.19535815715789795 -4.0404579503125135e-14 0.9807319641113281 
vn 0.4662105441093445 0 0.8846737742424011 
vn 0.2792726457118988 -0.7813896536827087 0.5580654144287109 
vn -0.18412189185619354 -0.4936498999595642 0.8499464392662048 
vn -0.2912861406803131 -0.7500531077384949 0.5937783122062683 
vn -0.5642499327659607 -0.49368518590927124 0.661737859249115 
vn 0.2792726457118988 0.7813896536827087 0.5580654144287109 
vn 0.5661624670028687 0.4914906620979309 -0.661737859249115 
vn 0.2969762980937958 0.7478184103965759 -0.5937783122062683 
vn 0.6600983142852783 0 -0.7511792182922363 
vn 0.44286009669303894 0 -0.8965907096862793 
vn 0.5661624670028687 -0.4914906620979309 -0.661737859249115 
vn 0.2969762980937958 -0.7478184103965759 -0.5937783122062683 
vn 0.19535815715789795 0 -0.9807319641113281 
vn 0.18138304352760315 -0.4946627914905548 -0.8499464392662048 
vn -0.2849903702735901 -0.7793224453926086 -0.5580654144287109 
vn -0.4661951959133148 0.0037845673505216837 -0.8846737742424011 
vn 0.18138304352760315 0.4946627914905548 -0.8499464392662048 
vn -0.2849903702735901 0.7793224453926086 -0.5580654144287109 
vn 3.097898456858039e-13 -0.999997615814209 0.002184694167226553 
vn -0.8590268492698669 -0.41248834133148193 -0.30319350957870483 
vn -0.7298170924186707 -0.5806299448013306 -0.36088213324546814 
vn -0.9502356052398682 -0.0037740441039204597 -0.31150925159454346 
vn -0.8975481390953064 -0.0037747621536254883 -0.4409002661705017 
vn -0.760195255279541 -0.41636934876441956 -0.4987381398677826 
vn -0.6172053813934326 -0.77827388048172 0.11553031951189041 
vn -0.9858768582344055 -0.003772519761696458 0.16742929816246033 
vn -0.8590268492698669 0.41248834133148193 -0.30319350957870483 
vn -0.6172053813934326 0.77827388048172 0.11553031951189041 
vn -1.0341130485562108e-13 0.999997615814209 0.002184694167226553 
vn -0.7298170924186707 0.5806299448013306 -0.36088213324546814 
vn -0.8248885273933411 -1.7060600165669931e-13 -0.5652954578399658 
vn -0.760195255279541 0.41636934876441956 -0.4987381398677826 
vn -0.2849903702735901 0.7793224453926086 -0.5580654144287109 
vn -0.4661951959133148 0.0037845673505216837 -0.8846737742424011 
vn -0.2849903702735901 -0.7793224453926086 -0.5580654144287109 
vn -0.5642499327659607 -0.49368518590927124 0.661737859249115 
vn -0.6600983142852783 -1.3652359136858555e-13 0.7511792182922363 
vn -0.5642499327659607 0.49368518590927124 0.661737859249115 
vn 0.5661624670028687 0.4914906620979309 -0.661737859249115 
vn 0.6142444610595703 0.7806128859519958 -0.11553031951189041 
vn 0.6600983142852783 0 -0.7511792182922363 
vn 0.9858840703964233 0 -0.16742929816246033 
vn 0.5661624670028687 -0.4914906620979309 -0.661737859249115 
vn 0.6142444610595703 -0.7806128859519958 -0.11553031951189041 
vn 0.9502431154251099 0 0.31150925159454346 
vn 0.8573859333992004 0.415888249874115 0.30319350957870483 
vn 0.8975561261177063 0 0.4409002661705017 
vn 0.7256050109863281 0.5858851671218872 0.36088213324546814 
vn -1.0341130485562108e-13 0.999997615814209 0.002184694167226553 
vn 0.8573859333992004 -0.415888249874115 0.30319350957870483 
vn 0.7256050109863281 -0.5858851671218872 0.36088213324546814 
vn 3.097898456858039e-13 -0.999997615814209 0.002184694167226553 
vn 0.7622862458229065 -0.4125286936759949 0.4987381398677826 
vn 0.8248885273933411 0 0.5652954578399658 
vn 0.4662105441093445 0 0.8846737742424011 
vn 0.2792726457118988 0.7813896536827087 0.5580654144287109 
vn 0.7622862458229065 0.4125286936759949 0.4987381398677826 
vn 0.2792726457118988 -0.7813896536827087 0.5580654144287109 
vn 0.7256050109863281 0.5858851671218872 0.36088213324546814 
vn 0.7622862458229065 0.4125286936759949 0.4987381398677826 
vn -1.0341130485562108e-13 0.999997615814209 0.002184694167226553 
vn 0.2792726457118988 0.7813896536827087 0.5580654144287109 
vn -0.18412189185619354 0.4936498999595642 0.8499464392662048 
vn -0.2912861406803131 0.7500531077384949 0.5937783122062683 
vn -0.5642499327659607 0.49368518590927124 0.661737859249115 
vn -0.6172053813934326 0.77827388048172 0.11553031951189041 
vn -0.7298170924186707 0.5806299448013306 -0.36088213324546814 
vn -1.0341130485562108e-13 0.999997615814209 0.002184694167226553 
vn -0.760195255279541 0.41636934876441956 -0.4987381398677826 
vn -0.2849903702735901 0.7793224453926086 -0.5580654144287109 
vn 0.18138304352760315 0.4946627914905548 -0.8499464392662048 
vn 0.2969762980937958 0.7478184103965759 -0.5937783122062683 
vn 0.5661624670028687 0.4914906620979309 -0.661737859249115 
vn 0.6142444610595703 0.7806128859519958 -0.11553031951189041 
vn 0.6142444610595703 -0.7806128859519958 -0.11553031951189041 
vn 3.097898456858039e-13 -0.999997615814209 0.002184694167226553 
vn 0.5661624670028687 -0.4914906620979309 -0.661737859249115 
vn 0.2969762980937958 -0.7478184103965759 -0.5937783122062683 
vn 0.18138304352760315 -0.4946627914905548 -0.8499464392662048 
vn -0.2849903702735901 -0.7793224453926086 -0.5580654144287109 
vn -0.760195255279541 -0.41636934876441956 -0.4987381398677826 
vn -0.7298170924186707 -0.5806299448013306 -0.36088213324546814 
vn -0.6172053813934326 -0.77827388048172 0.11553031951189041 
vn 3.097898456858039e-13 -0.999997615814209 0.002184694167226553 
vn -0.5642499327659607 -0.49368518590927124 0.661737859249115 
vn -0.2912861406803131 -0.7500531077384949 0.5937783122062683 
vn -0.18412189185619354 -0.4936498999595642 0.8499464392662048 
vn 0.2792726457118988 -0.7813896536827087 0.5580654144287109 
vn 0.7622862458229065 -0.4125286936759949 0.4987381398677826 
vn 0.7256050109863281 -0.5858851671218872 0.36088213324546814 
vn -0.4379431903362274 0.49389830231666565 0.7511792182922363 
vn -0.5194079279899597 0.003768583992496133 0.8545181155204773 
vn -0.18653637170791626 0.7495409846305847 0.6351318359375 
vn -0.28020769357681274 -5.795342504499867e-14 0.9599394202232361 
vn -0.03201175108551979 0.49200639128685 0.8700028657913208 
vn -0.017476677894592285 -3.6145805417514814e-15 0.9998472929000854 
vn 0.612941563129425 0 0.790128231048584 
vn 0.3722049295902252 -0.7803438901901245 0.5025205612182617 
vn -0.03201175108551979 -0.49200639128685 0.8700028657913208 
vn -0.18653637170791626 -0.7495409846305847 0.6351318359375 
vn -0.4379431903362274 -0.49389830231666565 0.7511792182922363 
vn 0.3722049295902252 0.7803438901901245 0.5025205612182617 
vn 0.43718215823173523 0.49457207322120667 -0.7511792182922363 
vn 0.18343649804592133 0.7503056526184082 -0.6351318359375 
vn 0.5194216370582581 0 -0.8545181155204773 
vn 0.28020769357681274 0 -0.9599394202232361 
vn 0.43718215823173523 -0.49457207322120667 -0.7511792182922363 
vn 0.18343649804592133 -0.7503056526184082 -0.6351318359375 
vn 0.017476677894592285 0 -0.9998472929000854 
vn 0.026432842016220093 -0.4923376441001892 -0.8700028657913208 
vn -0.3743913173675537 -0.7792972922325134 -0.5025205612182617 
vn -0.612941563129425 -1.2677048809566632e-13 -0.790128231048584 
vn 0.026432842016220093 0.4923376441001892 -0.8700028657913208 
vn -0.3743913173675537 0.7792972922325134 -0.5025205612182617 
vn -0.3743913173675537 -0.7792972922325134 -0.5025205612182617 
vn -0.838361382484436 -0.41211801767349243 -0.3568037748336792 
vn -0.612941563129425 -1.2677048809566632e-13 -0.790128231048584 
vn -0.9106194972991943 -1.883371524057445e-13 -0.41324591636657715 
vn -0.960541844367981 0.0037767793983221054 -0.2781098484992981 
vn -0.7788499593734741 0.5845409631729126 -0.22738653421401978 
vn 3.097898456858039e-13 -0.999997615814209 -0.002184694167226553 
vn -0.7788499593734741 -0.5845409631729126 -0.22738653421401978 
vn -0.898688554763794 -0.4136253595352173 -0.1458524912595749 
vn -0.9899342060089111 -2.0474126680072174e-13 -0.1415284425020218 
vn -0.583894670009613 -0.7805640697479248 0.22312943637371063 
vn -0.940264880657196 0.0037725989241153 0.34042292833328247 
vn -0.4379431903362274 -0.49389830231666565 0.7511792182922363 
vn -0.5194079279899597 0.003768583992496133 0.8545181155204773 
vn -0.583894670009613 0.7805640697479248 0.22312943637371063 
vn -0.4379431903362274 0.49389830231666565 0.7511792182922363 
vn -0.898688554763794 0.4136253595352173 -0.1458524912595749 
vn -1.0341130485562108e-13 0.999997615814209 -0.002184694167226553 
vn -0.838361382484436 0.41211801767349243 -0.3568037748336792 
vn -0.3743913173675537 0.7792972922325134 -0.5025205612182617 
vn 0.8369342684745789 0.415008544921875 0.3568037748336792 
vn 0.9106194972991943 0 0.41324591636657715 
vn 0.7793137431144714 0.5839224457740784 0.22738653421401978 
vn 0.9605492949485779 0 0.2781098484992981 
vn 0.8973232507705688 0.416579008102417 0.1458524912595749 
vn 0.9899342060089111 0 0.1415284425020218 
vn 0.7793137431144714 -0.5839224457740784 0.22738653421401978 
vn 0.8369342684745789 -0.415008544921875 0.3568037748336792 
vn 0.612941563129425 0 0.790128231048584 
vn 0.3722049295902252 0.7803438901901245 0.5025205612182617 
vn -1.0341130485562108e-13 0.999997615814209 -0.002184694167226553 
vn 0.3722049295902252 -0.7803438901901245 0.5025205612182617 
vn 3.097898456858039e-13 -0.999997615814209 -0.002184694167226553 
vn 0.8973232507705688 -0.416579008102417 0.1458524912595749 
vn 0.5830006003379822 -0.7812320590019226 -0.22312943637371063 
vn 0.9402724504470825 0 -0.34042292833328247 
vn 0.43718215823173523 -0.49457207322120667 -0.7511792182922363 
vn 0.5194216370582581 0 -0.8545181155204773 
vn 0.5830006003379822 0.7812320590019226 -0.22312943637371063 
vn 0.43718215823173523 0.49457207322120667 -0.7511792182922363 
vn 0.3722049295902252 0.7803438901901245 0.5025205612182617 
vn -0.03201175108551979 0.49200639128685 0.8700028657913208 
vn -1.0341130485562108e-13 0.999997615814209 -0.002184694167226553 
vn -0.18653637170791626 0.7495409846305847 0.6351318359375 
vn -0.4379431903362274 0.49389830231666565 0.7511792182922363 
vn -0.583894670009613 0.7805640697479248 0.22312943637371063 
vn -0.3743913173675537 0.7792972922325134 -0.5025205612182617 
vn -1.0341130485562108e-13 0.999997615814209 -0.002184694167226553 
vn 0.026432842016220093 0.4923376441001892 -0.8700028657913208 
vn 0.18343649804592133 0.7503056526184082 -0.6351318359375 
vn 0.43718215823173523 0.49457207322120667 -0.7511792182922363 
vn 0.5830006003379822 0.7812320590019226 -0.22312943637371063 
vn 0.5830006003379822 -0.7812320590019226 -0.22312943637371063 
vn 3.097898456858039e-13 -0.999997615814209 -0.002184694167226553 
vn 0.43718215823173523 -0.49457207322120667 -0.7511792182922363 
vn 0.18343649804592133 -0.7503056526184082 -0.6351318359375 
vn 0.026432842016220093 -0.4923376441001892 -0.8700028657913208 
vn -0.3743913173675537 -0.7792972922325134 -0.5025205612182617 
vn -0.583894670009613 -0.7805640697479248 0.22312943637371063 
vn 3.097898456858039e-13 -0.999997615814209 -0.002184694167226553 
vn -0.4379431903362274 -0.49389830231666565 0.7511792182922363 
vn -0.18653637170791626 -0.7495409846305847 0.6351318359375 
vn -0.03201175108551979 -0.49200639128685 0.8700028657913208 
vn 0.3722049295902252 -0.7803438901901245 0.5025205612182617 
vn -0.28282228112220764 0.7801118493080139 0.5580654144287109 
vn -0.46619534492492676 0.0037651099264621735 0.8846737742424011 
vn 0.18412189185619354 0.4936498999595642 0.8499464392662048 
vn 0.19535815715789795 0 0.9807319641113281 
vn 0.44286009669303894 0 0.8965907096862793 
vn 0.2912861406803131 -0.7500531077384949 0.5937783122062683 
vn 0.5617612600326538 -0.4965151846408844 0.661737859249115 
vn 0.6600983142852783 0 0.7511792182922363 
vn 0.2912861406803131 0.7500531077384949 0.5937783122062683 
vn 0.5617612600326538 0.4965151846408844 0.661737859249115 
vn 0.18412189185619354 -0.4936498999595642 0.8499464392662048 
vn -0.28282228112220764 -0.7801118493080139 0.5580654144287109 
vn -0.5661624670028687 0.4914906620979309 -0.661737859249115 
vn -0.660087525844574 0.0037773200310766697 -0.7511792182922363 
vn -0.29346132278442383 0.7492047548294067 -0.5937783122062683 
vn -0.44286009669303894 -9.159369768717285e-14 -0.8965907096862793 
vn -0.18138304352760315 0.4946627914905548 -0.8499464392662048 
vn -0.19535815715789795 -4.0404579503125135e-14 -0.9807319641113281 
vn 0.4662105441093445 0 -0.8846737742424011 
vn 0.2849903702735901 -0.7793224453926086 -0.5580654144287109 
vn -0.18138304352760315 -0.4946627914905548 -0.8499464392662048 
vn -0.29346132278442383 -0.7492047548294067 -0.5937783122062683 
vn -0.5661624670028687 -0.4914906620979309 -0.661737859249115 
vn 0.2849903702735901 0.7793224453926086 -0.5580654144287109 
vn 0.2849903702735901 -0.7793224453926086 -0.5580654144287109 
vn 0.4662105441093445 0 -0.8846737742424011 
vn 0.7620022892951965 -0.413053035736084 -0.4987381398677826 
vn 0.8248885273933411 0 -0.5652954578399658 
vn 0.8975561261177063 0 -0.4409002661705017 
vn 0.7298170924186707 0.5806299448013306 -0.36088213324546814 
vn 0.7620022892951965 0.413053035736084 -0.4987381398677826 
vn 0.2849903702735901 0.7793224453926086 -0.5580654144287109 
vn 0.7298170924186707 -0.5806299448013306 -0.36088213324546814 
vn 0.9502431154251099 0 -0.31150925159454346 
vn 0.8573859333992004 -0.415888249874115 -0.30319350957870483 
vn 0.6142444610595703 -0.7806128859519958 0.11553031951189041 
vn 3.097898456858039e-13 -0.999997615814209 0.002184694167226553 
vn 0.5617612600326538 0.4965151846408844 0.661737859249115 
vn 0.6142444610595703 0.7806128859519958 0.11553031951189041 
vn 0.6600983142852783 0 0.7511792182922363 
vn 0.9858840703964233 0 0.16742929816246033 
vn 0.5617612600326538 -0.4965151846408844 0.661737859249115 
vn 0.8573859333992004 0.415888249874115 -0.30319350957870483 
vn -1.0341130485562108e-13 0.999997615814209 0.002184694167226553 
vn -0.5661624670028687 0.4914906620979309 -0.661737859249115 
vn -0.6172053813934326 0.77827388048172 -0.11553031951189041 
vn -0.660087525844574 0.0037773200310766697 -0.7511792182922363 
vn -0.9858840703964233 -2.0390361220225944e-13 -0.16742929816246033 
vn -0.5661624670028687 -0.4914906620979309 -0.661737859249115 
vn -0.6172053813934326 -0.77827388048172 -0.11553031951189041 
vn -0.9502356052398682 0.0037740441039204597 0.31150925159454346 
vn -0.8590268492698669 -0.41248834133148193 0.30319350957870483 
vn 3.097898456858039e-13 -0.999997615814209 0.002184694167226553 
vn -0.7279679775238037 -0.5829465985298157 0.36088213324546814 
vn -0.8975481390953064 -0.0037747621536254883 0.4409002661705017 
vn -0.8590268492698669 0.41248834133148193 0.30319350957870483 
vn -0.7279679775238037 0.5829465985298157 0.36088213324546814 
vn -1.0341130485562108e-13 0.999997615814209 0.002184694167226553 
vn -0.7622862458229065 -0.4125286936759949 0.4987381398677826 
vn -0.8248798847198486 -0.003772132098674774 0.5652954578399658 
vn -0.46619534492492676 0.0037651099264621735 0.8846737742424011 
vn -0.28282228112220764 0.7801118493080139 0.5580654144287109 
vn -0.7622862458229065 0.4125286936759949 0.4987381398677826 
vn -0.28282228112220764 -0.7801118493080139 0.5580654144287109 
vn -0.7279679775238037 0.5829465985298157 0.36088213324546814 
vn -0.7622862458229065 0.4125286936759949 0.4987381398677826 
vn -1.0341130485562108e-13 0.999997615814209 0.002184694167226553 
vn -0.28282228112220764 0.7801118493080139 0.5580654144287109 
vn 0.18412189185619354 0.4936498999595642 0.8499464392662048 
vn 0.2912861406803131 0.7500531077384949 0.5937783122062683 
vn 0.5617612600326538 0.4965151846408844 0.661737859249115 
vn 0.6142444610595703 0.7806128859519958 0.11553031951189041 
vn 0.7298170924186707 0.5806299448013306 -0.36088213324546814 
vn -1.0341130485562108e-13 0.999997615814209 0.002184694167226553 
vn 0.7620022892951965 0.413053035736084 -0.4987381398677826 
vn 0.2849903702735901 0.7793224453926086 -0.5580654144287109 
vn -0.18138304352760315 0.4946627914905548 -0.8499464392662048 
vn -0.29346132278442383 0.7492047548294067 -0.5937783122062683 
vn -0.5661624670028687 0.4914906620979309 -0.661737859249115 
vn -0.6172053813934326 0.77827388048172 -0.11553031951189041 
vn -0.6172053813934326 -0.77827388048172 -0.11553031951189041 
vn 3.097898456858039e-13 -0.999997615814209 0.002184694167226553 
vn -0.5661624670028687 -0.4914906620979309 -0.661737859249115 
vn -0.29346132278442383 -0.7492047548294067 -0.5937783122062683 
vn -0.18138304352760315 -0.4946627914905548 -0.8499464392662048 
vn 0.2849903702735901 -0.7793224453926086 -0.5580654144287109 
vn 0.7620022892951965 -0.413053035736084 -0.4987381398677826 
vn 0.7298170924186707 -0.5806299448013306 -0.36088213324546814 
vn 0.6142444610595703 -0.7806128859519958 0.11553031951189041 
vn 3.097898456858039e-13 -0.999997615814209 0.002184694167226553 
vn 0.5617612600326538 -0.4965151846408844 0.661737859249115 
vn 0.2912861406803131 -0.7500531077384949 0.5937783122062683 
vn 0.18412189185619354 -0.4936498999595642 0.8499464392662048 
vn -0.28282228112220764 -0.7801118493080139 0.5580654144287109 
vn -0.7622862458229065 -0.4125286936759949 0.4987381398677826 
vn -0.7279679775238037 -0.5829465985298157 0.36088213324546814 
vn -0.28282228112220764 0.7801118493080139 0.5580654144287109 
vn 0.18412189185619354 0.4936498999595642 0.8499464392662048 
vn -0.46619534492492676 0.0037651099264621735 0.8846737742424011 
vn 0.19535815715789795 0 0.9807319641113281 
vn -0.28282228112220764 -0.7801118493080139 0.5580654144287109 
vn 0.18412189185619354 -0.4936498999595642 0.8499464392662048 
vn 0.2912861406803131 -0.7500531077384949 0.5937783122062683 
vn 0.44286009669303894 0 0.8965907096862793 
vn 0.5617612600326538 -0.4965151846408844 0.661737859249115 
vn 0.6600983142852783 0 0.7511792182922363 
vn 0.2912861406803131 0.7500531077384949 0.5937783122062683 
vn 0.5617612600326538 0.4965151846408844 0.661737859249115 
vn -0.5661624670028687 0.4914906620979309 -0.661737859249115 
vn -0.29346132278442383 0.7492047548294067 -0.5937783122062683 
vn -0.660087525844574 0.0037773200310766697 -0.7511792182922363 
vn -0.44286009669303894 -9.159369768717285e-14 -0.8965907096862793 
vn -0.5661624670028687 -0.4914906620979309 -0.661737859249115 
vn -0.29346132278442383 -0.7492047548294067 -0.5937783122062683 
vn -0.19535815715789795 -4.0404579503125135e-14 -0.9807319641113281 
vn -0.18138304352760315 -0.4946627914905548 -0.8499464392662048 
vn 0.2849903702735901 -0.7793224453926086 -0.5580654144287109 
vn 0.4662105441093445 0 -0.8846737742424011 
vn -0.18138304352760315 0.4946627914905548 -0.8499464392662048 
vn 0.2849903702735901 0.7793224453926086 -0.5580654144287109 
vn 0.2849903702735901 -0.7793224453926086 -0.5580654144287109 
vn 0.7620022892951965 -0.413053035736084 -0.4987381398677826 
vn 0.4662105441093445 0 -0.8846737742424011 
vn 0.8248885273933411 0 -0.5652954578399658 
vn 0.2849903702735901 0.7793224453926086 -0.5580654144287109 
vn 0.7620022892951965 0.413053035736084 -0.4987381398677826 
vn 0.7298170924186707 0.5806299448013306 -0.36088213324546814 
vn 0.8975561261177063 0 -0.4409002661705017 
vn 0.7298170924186707 -0.5806299448013306 -0.36088213324546814 
vn 0.9502431154251099 0 -0.31150925159454346 
vn 0.8573859333992004 -0.415888249874115 -0.30319350957870483 
vn 0.6142444610595703 -0.7806128859519958 0.11553031951189041 
vn 3.097898456858039e-13 -0.999997615814209 -0.002184694167226553 
vn 0.5617612600326538 0.4965151846408844 0.661737859249115 
vn 0.6142444610595703 0.7806128859519958 0.11553031951189041 
vn 0.6600983142852783 0 0.7511792182922363 
vn 0.9858840703964233 0 0.16742929816246033 
vn 0.5617612600326538 -0.4965151846408844 0.661737859249115 
vn 0.8573859333992004 0.415888249874115 -0.30319350957870483 
vn -1.0341130485562108e-13 0.999997615814209 -0.002184694167226553 
vn -0.5661624670028687 0.4914906620979309 -0.661737859249115 
vn -0.6172053813934326 0.77827388048172 -0.11553031951189041 
vn -0.660087525844574 0.0037773200310766697 -0.7511792182922363 
vn -0.9858840703964233 -2.0390361220225944e-13 -0.16742929816246033 
vn -0.5661624670028687 -0.4914906620979309 -0.661737859249115 
vn -0.6172053813934326 -0.77827388048172 -0.11553031951189041 
vn -0.9502356052398682 0.0037740441039204597 0.31150925159454346 
vn -0.8590268492698669 -0.41248834133148193 0.30319350957870483 
vn 3.097898456858039e-13 -0.999997615814209 -0.002184694167226553 
vn -0.7279679775238037 -0.5829465985298157 0.36088213324546814 
vn -0.8975481390953064 -0.0037747621536254883 0.4409002661705017 
vn -0.8590268492698669 0.41248834133148193 0.30319350957870483 
vn -0.7279679775238037 0.5829465985298157 0.36088213324546814 
vn -1.0341130485562108e-13 0.999997615814209 -0.002184694167226553 
vn -0.7622862458229065 -0.4125286936759949 0.4987381398677826 
vn -0.8248798847198486 -0.003772132098674774 0.5652954578399658 
vn -0.46619534492492676 0.0037651099264621735 0.8846737742424011 
vn -0.28282228112220764 0.7801118493080139 0.5580654144287109 
vn -0.7622862458229065 0.4125286936759949 0.4987381398677826 
vn -0.28282228112220764 -0.7801118493080139 0.5580654144287109 
vn -0.7279679775238037 0.5829465985298157 0.36088213324546814 
vn -0.7622862458229065 0.4125286936759949 0.4987381398677826 
vn -1.0341130485562108e-13 0.999997615814209 -0.002184694167226553 
vn -0.28282228112220764 0.7801118493080139 0.5580654144287109 
vn 0.18412189185619354 0.4936498999595642 0.8499464392662048 
vn 0.2912861406803131 0.7500531077384949 0.5937783122062683 
vn 0.5617612600326538 0.4965151846408844 0.661737859249115 
vn 0.6142444610595703 0.7806128859519958 0.11553031951189041 
vn 0.7298170924186707 0.5806299448013306 -0.36088213324546814 
vn -1.0341130485562108e-13 0.999997615814209 -0.002184694167226553 
vn 0.7620022892951965 0.413053035736084 -0.4987381398677826 
vn 0.2849903702735901 0.7793224453926086 -0.5580654144287109 
vn -0.18138304352760315 0.4946627914905548 -0.8499464392662048 
vn -0.29346132278442383 0.7492047548294067 -0.5937783122062683 
vn -0.5661624670028687 0.4914906620979309 -0.661737859249115 
vn -0.6172053813934326 0.77827388048172 -0.11553031951189041 
vn -0.6172053813934326 -0.77827388048172 -0.11553031951189041 
vn 3.097898456858039e-13 -0.999997615814209 -0.002184694167226553 
vn -0.5661624670028687 -0.4914906620979309 -0.661737859249115 
vn -0.29346132278442383 -0.7492047548294067 -0.5937783122062683 
vn -0.18138304352760315 -0.4946627914905548 -0.8499464392662048 
vn 0.2849903702735901 -0.7793224453926086 -0.5580654144287109 
vn 0.7620022892951965 -0.413053035736084 -0.4987381398677826 
vn 0.7298170924186707 -0.5806299448013306 -0.36088213324546814 
vn 0.6142444610595703 -0.7806128859519958 0.11553031951189041 
vn 3.097898456858039e-13 -0.999997615814209 -0.002184694167226553 
vn 0.5617612600326538 -0.4965151846408844 0.661737859249115 
vn 0.2912861406803131 -0.7500531077384949 0.5937783122062683 
vn 0.18412189185619354 -0.4936498999595642 0.8499464392662048 
vn -0.28282228112220764 -0.7801118493080139 0.5580654144287109 
vn -0.7622862458229065 -0.4125286936759949 0.4987381398677826 
vn -0.7279679775238037 -0.5829465985298157 0.36088213324546814 
vn -0.28282228112220764 0.7801118493080139 0.5580654144287109 
vn 0.18412189185619354 0.4936498999595642 0.8499464392662048 
vn -0.46619534492492676 -0.0037651099264621735 0.8846737742424011 
vn 0.19535815715789795 0 0.9807319641113281 
vn -0.28282228112220764 -0.7801118493080139 0.5580654144287109 
vn 0.18412189185619354 -0.4936498999595642 0.8499464392662048 
vn 0.2912861406803131 -0.7500531077384949 0.5937783122062683 
vn 0.44286009669303894 0 0.8965907096862793 
vn 0.5617612600326538 -0.4965151846408844 0.661737859249115 
vn 0.6600983142852783 0 0.7511792182922363 
vn 0.2912861406803131 0.7500531077384949 0.5937783122062683 
vn 0.5617612600326538 0.4965151846408844 0.661737859249115 
vn -0.5661624670028687 0.4914906620979309 -0.661737859249115 
vn -0.29346132278442383 0.7492047548294067 -0.5937783122062683 
vn -0.660087525844574 -0.0037773200310766697 -0.7511792182922363 
vn -0.44286009669303894 -9.159369768717285e-14 -0.8965907096862793 
vn -0.5661624670028687 -0.4914906620979309 -0.661737859249115 
vn -0.29346132278442383 -0.7492047548294067 -0.5937783122062683 
vn -0.19535815715789795 -4.0404579503125135e-14 -0.9807319641113281 
vn -0.18138304352760315 -0.4946627914905548 -0.8499464392662048 
vn 0.2849903702735901 -0.7793224453926086 -0.5580654144287109 
vn 0.4662105441093445 0 -0.8846737742424011 
vn -0.18138304352760315 0.4946627914905548 -0.8499464392662048 
vn 0.2849903702735901 0.7793224453926086 -0.5580654144287109 
vn 0.2849903702735901 -0.7793224453926086 -0.5580654144287109 
vn 0.7620022892951965 -0.413053035736084 -0.4987381398677826 
vn 0.4662105441093445 0 -0.8846737742424011 
vn 0.8248885273933411 0 -0.5652954578399658 
vn 0.2849903702735901 0.7793224453926086 -0.5580654144287109 
vn 0.7620022892951965 0.413053035736084 -0.4987381398677826 
vn 0.7298170924186707 0.5806299448013306 -0.36088213324546814 
vn 0.8975561261177063 0 -0.4409002661705017 
vn 0.7298170924186707 -0.5806299448013306 -0.36088213324546814 
vn 0.9502431154251099 0 -0.31150925159454346 
vn 0.8573859333992004 -0.415888249874115 -0.30319350957870483 
vn 0.6142444610595703 -0.7806128859519958 0.11553031951189041 
vn 3.097898456858039e-13 -0.999997615814209 -0.002184694167226553 
vn 0.5617612600326538 0.4965151846408844 0.661737859249115 
vn 0.6142444610595703 0.7806128859519958 0.11553031951189041 
vn 0.6600983142852783 0 0.7511792182922363 
vn 0.9858840703964233 0 0.16742929816246033 
vn 0.5617612600326538 -0.4965151846408844 0.661737859249115 
vn 0.8573859333992004 0.415888249874115 -0.30319350957870483 
vn -1.0341130485562108e-13 0.999997615814209 -0.002184694167226553 
vn -0.5661624670028687 0.4914906620979309 -0.661737859249115 
vn -0.6172053813934326 0.77827388048172 -0.11553031951189041 
vn -0.660087525844574 -0.0037773200310766697 -0.7511792182922363 
vn -0.9858840703964233 -2.0390361220225944e-13 -0.16742929816246033 
vn -0.5661624670028687 -0.4914906620979309 -0.661737859249115 
vn -0.6172053813934326 -0.77827388048172 -0.11553031951189041 
vn -0.9502356052398682 0.0037740441039204597 0.31150925159454346 
vn -0.8590268492698669 -0.41248834133148193 0.30319350957870483 
vn 3.097898456858039e-13 -0.999997615814209 -0.002184694167226553 
vn -0.7279679775238037 -0.5829465985298157 0.36088213324546814 
vn -0.8975481390953064 -0.0037747621536254883 0.4409002661705017 
vn -0.8590268492698669 0.41248834133148193 0.30319350957870483 
vn -0.7279679775238037 0.5829465985298157 0.36088213324546814 
vn -1.0341130485562108e-13 0.999997615814209 -0.002184694167226553 
vn -0.7622862458229065 -0.4125286936759949 0.4987381398677826 
vn -0.8248798847198486 -0.003772132098674774 0.5652954578399658 
vn -0.46619534492492676 -0.0037651099264621735 0.8846737742424011 
vn -0.28282228112220764 0.7801118493080139 0.5580654144287109 
vn -0.7622862458229065 0.4125286936759949 0.4987381398677826 
vn -0.28282228112220764 -0.7801118493080139 0.5580654144287109 
vn -0.7279679775238037 0.5829465985298157 0.36088213324546814 
vn -0.7622862458229065 0.4125286936759949 0.4987381398677826 
vn -1.0341130485562108e-13 0.999997615814209 -0.002184694167226553 
vn -0.28282228112220764 0.7801118493080139 0.5580654144287109 
vn 0.18412189185619354 0.4936498999595642 0.8499464392662048 
vn 0.2912861406803131 0.7500531077384949 0.5937783122062683 
vn 0.5617612600326538 0.4965151846408844 0.661737859249115 
vn 0.6142444610595703 0.7806128859519958 0.11553031951189041 
vn 0.7298170924186707 0.5806299448013306 -0.36088213324546814 
vn -1.0341130485562108e-13 0.999997615814209 -0.002184694167226553 
vn 0.7620022892951965 0.413053035736084 -0.4987381398677826 
vn 0.2849903702735901 0.7793224453926086 -0.5580654144287109 
vn -0.18138304352760315 0.4946627914905548 -0.8499464392662048 
vn -0.29346132278442383 0.7492047548294067 -0.5937783122062683 
vn -0.5661624670028687 0.4914906620979309 -0.661737859249115 
vn -0.6172053813934326 0.77827388048172 -0.11553031951189041 
vn -0.6172053813934326 -0.77827388048172 -0.11553031951189041 
vn 3.097898456858039e-13 -0.999997615814209 -0.002184694167226553 
vn -0.5661624670028687 -0.4914906620979309 -0.661737859249115 
vn -0.29346132278442383 -0.7492047548294067 -0.5937783122062683 
vn -0.18138304352760315 -0.4946627914905548 -0.8499464392662048 
vn 0.2849903702735901 -0.7793224453926086 -0.5580654144287109 
vn 0.7620022892951965 -0.413053035736084 -0.4987381398677826 
vn 0.7298170924186707 -0.5806299448013306 -0.36088213324546814 
vn 0.6142444610595703 -0.7806128859519958 0.11553031951189041 
vn 3.097898456858039e-13 -0.999997615814209 -0.002184694167226553 
vn 0.5617612600326538 -0.4965151846408844 0.661737859249115 
vn 0.2912861406803131 -0.7500531077384949 0.5937783122062683 
vn 0.18412189185619354 -0.4936498999595642 0.8499464392662048 
vn -0.28282228112220764 -0.7801118493080139 0.5580654144287109 
vn -0.7622862458229065 -0.4125286936759949 0.4987381398677826 
vn -0.7279679775238037 -0.5829465985298157 0.36088213324546814 
vn -0.28282228112220764 0.7801118493080139 0.5580654144287109 
vn 0.18412189185619354 0.4936498999595642 0.8499464392662048 
vn -0.46619534492492676 0.0037651099264621735 0.8846737742424011 
vn 0.19535815715789795 0 0.9807319641113281 
vn -0.28282228112220764 -0.7801118493080139 0.5580654144287109 
vn 0.18412189185619354 -0.4936498999595642 0.8499464392662048 
vn 0.2912861406803131 -0.7500531077384949 0.5937783122062683 
vn 0.44286009669303894 0 0.8965907096862793 
vn 0.5617612600326538 -0.4965151846408844 0.661737859249115 
vn 0.6600983142852783 0 0.7511792182922363 
vn 0.2912861406803131 0.7500531077384949 0.5937783122062683 
vn 0.5617612600326538 0.4965151846408844 0.661737859249115 
vn -0.5661624670028687 0.4914906620979309 -0.661737859249115 
vn -0.29346132278442383 0.7492047548294067 -0.5937783122062683 
vn -0.660087525844574 0.0037773200310766697 -0.7511792182922363 
vn -0.44286009669303894 -9.159369768717285e-14 -0.8965907096862793 
vn -0.5661624670028687 -0.4914906620979309 -0.661737859249115 
vn -0.29346132278442383 -0.7492047548294067 -0.5937783122062683 
vn -0.19535815715789795 -4.0404579503125135e-14 -0.9807319641113281 
vn -0.18138304352760315 -0.4946627914905548 -0.8499464392662048 
vn 0.2849903702735901 -0.7793224453926086 -0.5580654144287109 
vn 0.4662105441093445 0 -0.8846737742424011 
vn -0.18138304352760315 0.4946627914905548 -0.8499464392662048 
vn 0.2849903702735901 0.7793224453926086 -0.5580654144287109 
vn 0.2849903702735901 -0.7793224453926086 -0.5580654144287109 
vn 0.7620022892951965 -0.413053035736084 -0.4987381398677826 
vn 0.4662105441093445 0 -0.8846737742424011 
vn 0.8248885273933411 0 -0.5652954578399658 
vn 0.2849903702735901 0.7793224453926086 -0.5580654144287109 
vn 0.7620022892951965 0.413053035736084 -0.4987381398677826 
vn 0.7298170924186707 0.5806299448013306 -0.36088213324546814 
vn 0.8975561261177063 0 -0.4409002661705017 
vn 0.7298170924186707 -0.5806299448013306 -0.36088213324546814 
vn 0.9502431154251099 0 -0.31150925159454346 
vn 0.8573859333992004 -0.415888249874115 -0.30319350957870483 
vn 0.6142444610595703 -0.7806128859519958 0.11553031951189041 
vn 3.097898456858039e-13 -0.999997615814209 -0.002184694167226553 
vn 0.5617612600326538 0.4965151846408844 0.661737859249115 
vn 0.6142444610595703 0.7806128859519958 0.11553031951189041 
vn 0.6600983142852783 0 0.7511792182922363 
vn 0.9858840703964233 0 0.16742929816246033 
vn 0.5617612600326538 -0.4965151846408844 0.661737859249115 
vn 0.8573859333992004 0.415888249874115 -0.30319350957870483 
vn -1.0341130485562108e-13 0.999997615814209 0.002184694167226553 
vn -0.5661624670028687 0.4914906620979309 -0.661737859249115 
vn -0.6172053813934326 0.77827388048172 -0.11553031951189041 
vn -0.660087525844574 0.0037773200310766697 -0.7511792182922363 
vn -0.9858840703964233 -2.0390361220225944e-13 -0.16742929816246033 
vn -0.5661624670028687 -0.4914906620979309 -0.661737859249115 
vn -0.6172053813934326 -0.77827388048172 -0.11553031951189041 
vn -0.9502356052398682 0.0037740441039204597 0.31150925159454346 
vn -0.8590268492698669 -0.41248834133148193 0.30319350957870483 
vn 3.097898456858039e-13 -0.999997615814209 -0.002184694167226553 
vn -0.7279679775238037 -0.5829465985298157 0.36088213324546814 
vn -0.8975481390953064 -0.0037747621536254883 0.4409002661705017 
vn -0.8590268492698669 0.41248834133148193 0.30319350957870483 
vn -0.7279679775238037 0.5829465985298157 0.36088213324546814 
vn -1.0341130485562108e-13 0.999997615814209 0.002184694167226553 
vn -0.7622862458229065 -0.4125286936759949 0.4987381398677826 
vn -0.8248798847198486 -0.003772132098674774 0.5652954578399658 
vn -0.46619534492492676 0.0037651099264621735 0.8846737742424011 
vn -0.28282228112220764 0.7801118493080139 0.5580654144287109 
vn -0.7622862458229065 0.4125286936759949 0.4987381398677826 
vn -0.28282228112220764 -0.7801118493080139 0.5580654144287109 
vn -0.7279679775238037 0.5829465985298157 0.36088213324546814 
vn -0.7622862458229065 0.4125286936759949 0.4987381398677826 
vn -1.0341130485562108e-13 0.999997615814209 0.002184694167226553 
vn -0.28282228112220764 0.7801118493080139 0.5580654144287109 
vn 0.18412189185619354 0.4936498999595642 0.8499464392662048 
vn 0.2912861406803131 0.7500531077384949 0.5937783122062683 
vn 0.5617612600326538 0.4965151846408844 0.661737859249115 
vn 0.6142444610595703 0.7806128859519958 0.11553031951189041 
vn 0.7298170924186707 0.5806299448013306 -0.36088213324546814 
vn -1.0341130485562108e-13 0.999997615814209 0.002184694167226553 
vn 0.7620022892951965 0.413053035736084 -0.4987381398677826 
vn 0.2849903702735901 0.7793224453926086 -0.5580654144287109 
vn -0.18138304352760315 0.4946627914905548 -0.8499464392662048 
vn -0.29346132278442383 0.7492047548294067 -0.5937783122062683 
vn -0.5661624670028687 0.4914906620979309 -0.661737859249115 
vn -0.6172053813934326 0.77827388048172 -0.11553031951189041 
vn -0.6172053813934326 -0.77827388048172 -0.11553031951189041 
vn 3.097898456858039e-13 -0.999997615814209 -0.002184694167226553 
vn -0.5661624670028687 -0.4914906620979309 -0.661737859249115 
vn -0.29346132278442383 -0.7492047548294067 -0.5937783122062683 
vn -0.18138304352760315 -0.4946627914905548 -0.8499464392662048 
vn 0.2849903702735901 -0.7793224453926086 -0.5580654144287109 
vn 0.7620022892951965 -0.413053035736084 -0.4987381398677826 
vn 0.7298170924186707 -0.5806299448013306 -0.36088213324546814 
vn 0.6142444610595703 -0.7806128859519958 0.11553031951189041 
vn 3.097898456858039e-13 -0.999997615814209 -0.002184694167226553 
vn 0.5617612600326538 -0.4965151846408844 0.661737859249115 
vn 0.2912861406803131 -0.7500531077384949 0.5937783122062683 
vn 0.18412189185619354 -0.4936498999595642 0.8499464392662048 
vn -0.28282228112220764 -0.7801118493080139 0.5580654144287109 
vn -0.7622862458229065 -0.4125286936759949 0.4987381398677826 
vn -0.7279679775238037 -0.5829465985298157 0.36088213324546814 
vn -0.28282228112220764 0.7801118493080139 0.5580654144287109 
vn 0.18412189185619354 0.4936498999595642 0.8499464392662048 
vn -0.46619534492492676 0.0037651099264621735 0.8846737742424011 
vn 0.19535815715789795 0 0.9807319641113281 
vn -0.28282228112220764 -0.7801118493080139 0.5580654144287109 
vn 0.18412189185619354 -0.4936498999595642 0.8499464392662048 
vn 0.2912861406803131 -0.7500531077384949 0.5937783122062683 
vn 0.44286009669303894 0 0.8965907096862793 
vn 0.5617612600326538 -0.4965151846408844 0.661737859249115 
vn 0.6600983142852783 0 0.7511792182922363 
vn 0.2912861406803131 0.7500531077384949 0.5937783122062683 
vn 0.5617612600326538 0.4965151846408844 0.661737859249115 
vn -0.5661624670028687 0.4914906620979309 -0.661737859249115 
vn -0.29346132278442383 0.7492047548294067 -0.5937783122062683 
vn -0.660087525844574 0.0037773200310766697 -0.7511792182922363 
vn -0.44286009669303894 -9.159369768717285e-14 -0.8965907096862793 
vn -0.5661624670028687 -0.4914906620979309 -0.661737859249115 
vn -0.29346132278442383 -0.7492047548294067 -0.5937783122062683 
vn -0.19535815715789795 -4.0404579503125135e-14 -0.9807319641113281 
vn -0.18138304352760315 -0.4946627914905548 -0.8499464392662048 
vn 0.2849903702735901 -0.7793224453926086 -0.5580654144287109 
vn 0.4662105441093445 0 -0.8846737742424011 
vn -0.18138304352760315 0.4946627914905548 -0.8499464392662048 
vn 0.2849903702735901 0.7793224453926086 -0.5580654144287109 
vn 0.2849903702735901 -0.7793224453926086 -0.5580654144287109 
vn 0.7620022892951965 -0.413053035736084 -0.4987381398677826 
vn 0.4662105441093445 0 -0.8846737742424011 
vn 0.8248885273933411 0 -0.5652954578399658 
vn 0.2849903702735901 0.7793224453926086 -0.5580654144287109 
vn 0.7620022892951965 0.413053035736084 -0.4987381398677826 
vn 0.7298170924186707 0.5806299448013306 -0.36088213324546814 
vn 0.8975561261177063 0 -0.4409002661705017 
vn 0.7298170924186707 -0.5806299448013306 -0.36088213324546814 
vn 0.9502431154251099 0 -0.31150925159454346 
vn 0.8573859333992004 -0.415888249874115 -0.30319350957870483 
vn 0.6142444610595703 -0.7806128859519958 0.11553031951189041 
vn 3.097898456858039e-13 -0.999997615814209 0.002184694167226553 
vn 0.5617612600326538 0.4965151846408844 0.661737859249115 
vn 0.6142444610595703 0.7806128859519958 0.11553031951189041 
vn 0.6600983142852783 0 0.7511792182922363 
vn 0.9858840703964233 0 0.16742929816246033 
vn 0.5617612600326538 -0.4965151846408844 0.661737859249115 
vn 0.8573859333992004 0.415888249874115 -0.30319350957870483 
vn -1.0341130485562108e-13 0.999997615814209 -0.002184694167226553 
vn -0.5661624670028687 0.4914906620979309 -0.661737859249115 
vn -0.6172053813934326 0.77827388048172 -0.11553031951189041 
vn -0.660087525844574 0.0037773200310766697 -0.7511792182922363 
vn -0.9858840703964233 -2.0390361220225944e-13 -0.16742929816246033 
vn -0.5661624670028687 -0.4914906620979309 -0.661737859249115 
vn -0.6172053813934326 -0.77827388048172 -0.11553031951189041 
vn -0.9502356052398682 0.0037740441039204597 0.31150925159454346 
vn -0.8590268492698669 -0.41248834133148193 0.30319350957870483 
vn 3.097898456858039e-13 -0.999997615814209 0.002184694167226553 
vn -0.7279679775238037 -0.5829465985298157 0.36088213324546814 
vn -0.8975481390953064 -0.0037747621536254883 0.4409002661705017 
vn -0.8590268492698669 0.41248834133148193 0.30319350957870483 
vn -0.7279679775238037 0.5829465985298157 0.36088213324546814 
vn -1.0341130485562108e-13 0.999997615814209 -0.002184694167226553 
vn -0.7622862458229065 -0.4125286936759949 0.4987381398677826 
vn -0.8248798847198486 -0.003772132098674774 0.5652954578399658 
vn -0.46619534492492676 0.0037651099264621735 0.8846737742424011 
vn -0.28282228112220764 0.7801118493080139 0.5580654144287109 
vn -0.7622862458229065 0.4125286936759949 0.4987381398677826 
vn -0.28282228112220764 -0.7801118493080139 0.5580654144287109 
vn -0.7279679775238037 0.5829465985298157 0.36088213324546814 
vn -0.7622862458229065 0.4125286936759949 0.4987381398677826 
vn -1.0341130485562108e-13 0.999997615814209 -0.002184694167226553 
vn -0.28282228112220764 0.7801118493080139 0.5580654144287109 
vn 0.18412189185619354 0.4936498999595642 0.8499464392662048 
vn 0.2912861406803131 0.7500531077384949 0.5937783122062683 
vn 0.5617612600326538 0.4965151846408844 0.661737859249115 
vn 0.6142444610595703 0.7806128859519958 0.11553031951189041 
vn 0.7298170924186707 0.5806299448013306 -0.36088213324546814 
vn -1.0341130485562108e-13 0.999997615814209 -0.002184694167226553 
vn 0.7620022892951965 0.413053035736084 -0.4987381398677826 
vn 0.2849903702735901 0.7793224453926086 -0.5580654144287109 
vn -0.18138304352760315 0.4946627914905548 -0.8499464392662048 
vn -0.29346132278442383 0.7492047548294067 -0.5937783122062683 
vn -0.5661624670028687 0.4914906620979309 -0.661737859249115 
vn -0.6172053813934326 0.77827388048172 -0.11553031951189041 
vn -0.6172053813934326 -0.77827388048172 -0.11553031951189041 
vn 3.097898456858039e-13 -0.999997615814209 0.002184694167226553 
vn -0.5661624670028687 -0.4914906620979309 -0.661737859249115 
vn -0.29346132278442383 -0.7492047548294067 -0.5937783122062683 
vn -0.18138304352760315 -0.4946627914905548 -0.8499464392662048 
vn 0.2849903702735901 -0.7793224453926086 -0.5580654144287109 
vn 0.7620022892951965 -0.413053035736084 -0.4987381398677826 
vn 0.7298170924186707 -0.5806299448013306 -0.36088213324546814 
vn 0.6142444610595703 -0.7806128859519958 0.11553031951189041 
vn 3.097898456858039e-13 -0.999997615814209 0.002184694167226553 
vn 0.5617612600326538 -0.4965151846408844 0.661737859249115 
vn 0.2912861406803131 -0.7500531077384949 0.5937783122062683 
vn 0.18412189185619354 -0.4936498999595642 0.8499464392662048 
vn -0.28282228112220764 -0.7801118493080139 0.5580654144287109 
vn -0.7622862458229065 -0.4125286936759949 0.4987381398677826 
vn -0.7279679775238037 -0.5829465985298157 0.36088213324546814 
vn -0.28282228112220764 0.7801118493080139 0.5580654144287109 
vn 0.18412189185619354 0.4936498999595642 0.8499464392662048 
vn -0.46619534492492676 0.0037651099264621735 0.8846737742424011 
vn 0.19535815715789795 0 0.9807319641113281 
vn -0.28282228112220764 -0.7801118493080139 0.5580654144287109 
vn 0.18412189185619354 -0.4936498999595642 0.8499464392662048 
vn 0.2912861406803131 -0.7500531077384949 0.5937783122062683 
vn 0.44286009669303894 0 0.8965907096862793 
vn 0.5617612600326538 -0.4965151846408844 0.661737859249115 
vn 0.6600983142852783 0 0.7511792182922363 
vn 0.2912861406803131 0.7500531077384949 0.5937783122062683 
vn 0.5617612600326538 0.4965151846408844 0.661737859249115 
vn -0.5661624670028687 0.4914906620979309 -0.661737859249115 
vn -0.29346132278442383 0.7492047548294067 -0.5937783122062683 
vn -0.660087525844574 0.0037773200310766697 -0.7511792182922363 
vn -0.44286009669303894 -9.159369768717285e-14 -0.8965907096862793 
vn -0.5661624670028687 -0.4914906620979309 -0.661737859249115 
vn -0.29346132278442383 -0.7492047548294067 -0.5937783122062683 
vn -0.19535815715789795 -4.0404579503125135e-14 -0.9807319641113281 
vn -0.18138304352760315 -0.4946627914905548 -0.8499464392662048 
vn 0.2849903702735901 -0.7793224453926086 -0.5580654144287109 
vn 0.4662105441093445 0 -0.8846737742424011 
vn -0.18138304352760315 0.4946627914905548 -0.8499464392662048 
vn 0.2849903702735901 0.7793224453926086 -0.5580654144287109 
vn 0.2849903702735901 -0.7793224453926086 -0.5580654144287109 
vn 0.7620022892951965 -0.413053035736084 -0.4987381398677826 
vn 0.4662105441093445 0 -0.8846737742424011 
vn 0.8248885273933411 0 -0.5652954578399658 
vn 0.2849903702735901 0.7793224453926086 -0.5580654144287109 
vn 0.7620022892951965 0.413053035736084 -0.4987381398677826 
vn 0.7298170924186707 0.5806299448013306 -0.36088213324546814 
vn 0.8975561261177063 0 -0.4409002661705017 
vn 0.7298170924186707 -0.5806299448013306 -0.36088213324546814 
vn 0.9502431154251099 0 -0.31150925159454346 
vn 0.8573859333992004 -0.415888249874115 -0.30319350957870483 
vn 0.6142444610595703 -0.7806128859519958 0.11553031951189041 
vn 3.097898456858039e-13 -0.999997615814209 0.002184694167226553 
vn 0.5617612600326538 0.4965151846408844 0.661737859249115 
vn 0.6142444610595703 0.7806128859519958 0.11553031951189041 
vn 0.6600983142852783 0 0.7511792182922363 
vn 0.9858840703964233 0 0.16742929816246033 
vn 0.5617612600326538 -0.4965151846408844 0.661737859249115 
vn 0.8573859333992004 0.415888249874115 -0.30319350957870483 
vn -1.0341130485562108e-13 0.999997615814209 -0.002184694167226553 
vn -0.5661624670028687 0.4914906620979309 -0.661737859249115 
vn -0.6172053813934326 0.77827388048172 -0.11553031951189041 
vn -0.660087525844574 0.0037773200310766697 -0.7511792182922363 
vn -0.9858840703964233 -2.0390361220225944e-13 -0.16742929816246033 
vn -0.5661624670028687 -0.4914906620979309 -0.661737859249115 
vn -0.6172053813934326 -0.77827388048172 -0.11553031951189041 
vn -0.9502356052398682 0.0037740441039204597 0.31150925159454346 
vn -0.8590268492698669 -0.41248834133148193 0.30319350957870483 
vn 3.097898456858039e-13 -0.999997615814209 0.002184694167226553 
vn -0.7279679775238037 -0.5829465985298157 0.36088213324546814 
vn -0.8975481390953064 -0.0037747621536254883 0.4409002661705017 
vn -0.8590268492698669 0.41248834133148193 0.30319350957870483 
vn -0.7279679775238037 0.5829465985298157 0.36088213324546814 
vn -1.0341130485562108e-13 0.999997615814209 -0.002184694167226553 
vn -0.7622862458229065 -0.4125286936759949 0.4987381398677826 
vn -0.8248798847198486 -0.003772132098674774 0.5652954578399658 
vn -0.46619534492492676 0.0037651099264621735 0.8846737742424011 
vn -0.28282228112220764 0.7801118493080139 0.5580654144287109 
vn -0.7622862458229065 0.4125286936759949 0.4987381398677826 
vn -0.28282228112220764 -0.7801118493080139 0.5580654144287109 
vn -0.7279679775238037 0.5829465985298157 0.36088213324546814 
vn -0.7622862458229065 0.4125286936759949 0.4987381398677826 
vn -1.0341130485562108e-13 0.999997615814209 -0.002184694167226553 
vn -0.28282228112220764 0.7801118493080139 0.5580654144287109 
vn 0.18412189185619354 0.4936498999595642 0.8499464392662048 
vn 0.2912861406803131 0.7500531077384949 0.5937783122062683 
vn 0.5617612600326538 0.4965151846408844 0.661737859249115 
vn 0.6142444610595703 0.7806128859519958 0.11553031951189041 
vn 0.7298170924186707 0.5806299448013306 -0.36088213324546814 
vn -1.0341130485562108e-13 0.999997615814209 -0.002184694167226553 
vn 0.7620022892951965 0.413053035736084 -0.4987381398677826 
vn 0.2849903702735901 0.7793224453926086 -0.5580654144287109 
vn -0.18138304352760315 0.4946627914905548 -0.8499464392662048 
vn -0.29346132278442383 0.7492047548294067 -0.5937783122062683 
vn -0.5661624670028687 0.4914906620979309 -0.661737859249115 
vn -0.6172053813934326 0.77827388048172 -0.11553031951189041 
vn -0.6172053813934326 -0.77827388048172 -0.11553031951189041 
vn 3.097898456858039e-13 -0.999997615814209 0.002184694167226553 
vn -0.5661624670028687 -0.4914906620979309 -0.661737859249115 
vn -0.29346132278442383 -0.7492047548294067 -0.5937783122062683 
vn -0.18138304352760315 -0.4946627914905548 -0.8499464392662048 
vn 0.2849903702735901 -0.7793224453926086 -0.5580654144287109 
vn 0.7620022892951965 -0.413053035736084 -0.4987381398677826 
vn 0.7298170924186707 -0.5806299448013306 -0.36088213324546814 
vn 0.6142444610595703 -0.7806128859519958 0.11553031951189041 
vn 3.097898456858039e-13 -0.999997615814209 0.002184694167226553 
vn 0.5617612600326538 -0.4965151846408844 0.661737859249115 
vn 0.2912861406803131 -0.7500531077384949 0.5937783122062683 
vn 0.18412189185619354 -0.4936498999595642 0.8499464392662048 
vn -0.28282228112220764 -0.7801118493080139 0.5580654144287109 
vn -0.7622862458229065 -0.4125286936759949 0.4987381398677826 
vn -0.7279679775238037 -0.5829465985298157 0.36088213324546814 
vn -0.28282228112220764 0.7801118493080139 0.5580654144287109 
vn 0.18412189185619354 0.4936498999595642 0.8499464392662048 
vn -0.46619534492492676 0.0037651099264621735 0.8846737742424011 
vn 0.19535815715789795 0 0.9807319641113281 
vn -0.28282228112220764 -0.7801118493080139 0.5580654144287109 
vn 0.18412189185619354 -0.4936498999595642 0.8499464392662048 
vn 0.2912861406803131 -0.7500531077384949 0.5937783122062683 
vn 0.44286009669303894 0 0.8965907096862793 
vn 0.5617612600326538 -0.4965151846408844 0.661737859249115 
vn 0.6600983142852783 0 0.7511792182922363 
vn 0.2912861406803131 0.7500531077384949 0.5937783122062683 
vn 0.5617612600326538 0.4965151846408844 0.661737859249115 
vn -0.5661624670028687 0.4914906620979309 -0.661737859249115 
vn -0.29346132278442383 0.7492047548294067 -0.5937783122062683 
vn -0.660087525844574 -0.0037773200310766697 -0.7511792182922363 
vn -0.44286009669303894 -9.159369768717285e-14 -0.8965907096862793 
vn -0.5661624670028687 -0.4914906620979309 -0.661737859249115 
vn -0.29346132278442383 -0.7492047548294067 -0.5937783122062683 
vn -0.19535815715789795 -4.0404579503125135e-14 -0.9807319641113281 
vn -0.18138304352760315 -0.4946627914905548 -0.8499464392662048 
vn 0.2849903702735901 -0.7793224453926086 -0.5580654144287109 
vn 0.4662105441093445 0 -0.8846737742424011 
vn -0.18138304352760315 0.4946627914905548 -0.8499464392662048 
vn 0.2849903702735901 0.7793224453926086 -0.5580654144287109 
vn 0.2849903702735901 -0.7793224453926086 -0.5580654144287109 
vn 0.7620022892951965 -0.413053035736084 -0.4987381398677826 
vn 0.4662105441093445 0 -0.8846737742424011 
vn 0.8248885273933411 0 -0.5652954578399658 
vn 0.2849903702735901 0.7793224453926086 -0.5580654144287109 
vn 0.7620022892951965 0.413053035736084 -0.4987381398677826 
vn 0.7298170924186707 0.5806299448013306 -0.36088213324546814 
vn 0.8975561261177063 0 -0.4409002661705017 
vn 0.7298170924186707 -0.5806299448013306 -0.36088213324546814 
vn 0.9502431154251099 0 -0.31150925159454346 
vn 0.8573859333992004 -0.415888249874115 -0.30319350957870483 
vn 0.6142444610595703 -0.7806128859519958 0.11553031951189041 
vn 3.097898456858039e-13 -0.999997615814209 0.002184694167226553 
vn 0.5617612600326538 0.4965151846408844 0.661737859249115 
vn 0.6142444610595703 0.7806128859519958 0.11553031951189041 
vn 0.6600983142852783 0 0.7511792182922363 
vn 0.9858840703964233 0 0.16742929816246033 
vn 0.5617612600326538 -0.4965151846408844 0.661737859249115 
vn 0.8573859333992004 0.415888249874115 -0.30319350957870483 
vn -1.0341130485562108e-13 0.999997615814209 0.002184694167226553 
vn -0.5661624670028687 0.4914906620979309 -0.661737859249115 
vn -0.6172053813934326 0.77827388048172 -0.11553031951189041 
vn -0.660087525844574 -0.0037773200310766697 -0.7511792182922363 
vn -0.9858840703964233 -2.0390361220225944e-13 -0.16742929816246033 
vn -0.5661624670028687 -0.4914906620979309 -0.661737859249115 
vn -0.6172053813934326 -0.77827388048172 -0.11553031951189041 
vn -0.9502356052398682 -0.0037740441039204597 0.31150925159454346 
vn -0.8590268492698669 -0.41248834133148193 0.30319350957870483 
vn 3.097898456858039e-13 -0.999997615814209 0.002184694167226553 
vn -0.7279679775238037 -0.5829465985298157 0.36088213324546814 
vn -0.8975481390953064 0.0037747621536254883 0.4409002661705017 
vn -0.8590268492698669 0.41248834133148193 0.30319350957870483 
vn -0.7279679775238037 0.5829465985298157 0.36088213324546814 
vn -1.0341130485562108e-13 0.999997615814209 0.002184694167226553 
vn -0.7622862458229065 -0.4125286936759949 0.4987381398677826 
vn -0.8248798847198486 0.003772132098674774 0.5652954578399658 
vn -0.46619534492492676 0.0037651099264621735 0.8846737742424011 
vn -0.28282228112220764 0.7801118493080139 0.5580654144287109 
vn -0.7622862458229065 0.4125286936759949 0.4987381398677826 
vn -0.28282228112220764 -0.7801118493080139 0.5580654144287109 
vn -0.7279679775238037 0.5829465985298157 0.36088213324546814 
vn -0.7622862458229065 0.4125286936759949 0.4987381398677826 
vn -1.0341130485562108e-13 0.999997615814209 0.002184694167226553 
vn -0.28282228112220764 0.7801118493080139 0.5580654144287109 
vn 0.18412189185619354 0.4936498999595642 0.8499464392662048 
vn 0.2912861406803131 0.7500531077384949 0.5937783122062683 
vn 0.5617612600326538 0.4965151846408844 0.661737859249115 
vn 0.6142444610595703 0.7806128859519958 0.11553031951189041 
vn 0.7298170924186707 0.5806299448013306 -0.36088213324546814 
vn -1.0341130485562108e-13 0.999997615814209 0.002184694167226553 
vn 0.7620022892951965 0.413053035736084 -0.4987381398677826 
vn 0.2849903702735901 0.7793224453926086 -0.5580654144287109 
vn -0.18138304352760315 0.4946627914905548 -0.8499464392662048 
vn -0.29346132278442383 0.7492047548294067 -0.5937783122062683 
vn -0.5661624670028687 0.4914906620979309 -0.661737859249115 
vn -0.6172053813934326 0.77827388048172 -0.11553031951189041 
vn -0.6172053813934326 -0.77827388048172 -0.11553031951189041 
vn 3.097898456858039e-13 -0.999997615814209 0.002184694167226553 
vn -0.5661624670028687 -0.4914906620979309 -0.661737859249115 
vn -0.29346132278442383 -0.7492047548294067 -0.5937783122062683 
vn -0.18138304352760315 -0.4946627914905548 -0.8499464392662048 
vn 0.2849903702735901 -0.7793224453926086 -0.5580654144287109 
vn 0.7620022892951965 -0.413053035736084 -0.4987381398677826 
vn 0.7298170924186707 -0.5806299448013306 -0.36088213324546814 
vn 0.6142444610595703 -0.7806128859519958 0.11553031951189041 
vn 3.097898456858039e-13 -0.999997615814209 0.002184694167226553 
vn 0.5617612600326538 -0.4965151846408844 0.661737859249115 
vn 0.2912861406803131 -0.7500531077384949 0.5937783122062683 
vn 0.18412189185619354 -0.4936498999595642 0.8499464392662048 
vn -0.28282228112220764 -0.7801118493080139 0.5580654144287109 
vn -0.7622862458229065 -0.4125286936759949 0.4987381398677826 
vn -0.7279679775238037 -0.5829465985298157 0.36088213324546814 
s on 
f 1//1 2//2 3//3 
f 2//2 4//4 3//3 
f 3//3 4//4 5//5 
f 4//4 4//4 5//5 
f 5//5 4//4 6//6 
f 4//4 4//4 6//6 
f 6//6 4//4 7//7 
f 4//4 4//4 7//7 
f 7//7 4//4 8//8 
f 4//4 2//2 8//8 
f 8//8 2//2 2//2 
f 2//2 3//3 2//2 
f 2//2 3//3 3//3 
f 3//3 5//5 3//3 
f 3//3 5//5 9//9 
f 5//5 10//10 9//9 
f 9//9 10//10 11//11 
f 10//10 10//10 11//11 
f 11//11 10//10 12//12 
f 10//10 10//10 12//12 
f 12//12 10//10 13//13 
f 10//10 14//14 13//13 
f 13//13 14//14 15//15 
f 14//14 15//15 15//15 
f 15//15 15//15 10//10 
f 15//15 10//10 10//10 
f 10//10 10//10 14//14 
f 10//10 5//5 14//14 
f 14//14 5//5 6//6 
f 5//5 6//6 6//6 
f 6//6 6//6 16//16 
f 6//6 16//16 16//16 
f 16//16 16//16 17//17 
f 16//16 18//18 17//17 
f 17//17 18//18 19//19 
f 18//18 20//20 19//19 
f 19//19 20//20 19//19 
f 20//20 21//21 19//19 
f 19//19 21//21 19//19 
f 21//21 22//22 19//19 
f 19//19 22//22 19//19 
f 22//22 23//23 19//19 
f 19//19 23//23 17//17 
f 23//23 23//23 17//17 
f 17//17 23//23 24//24 
f 23//23 25//25 24//24 
f 24//24 25//25 26//26 
f 25//25 25//25 26//26 
f 26//26 25//25 27//27 
f 25//25 25//25 27//27 
f 27//27 25//25 28//28 
f 25//25 29//29 28//28 
f 28//28 29//29 30//30 
f 29//29 30//30 30//30 
f 30//30 30//30 25//25 
f 30//30 25//25 25//25 
f 25//25 25//25 29//29 
f 25//25 23//23 29//29 
f 29//29 23//23 22//22 
f 23//23 22//22 22//22 
f 22//22 22//22 31//31 
f 22//22 31//31 31//31 
f 31//31 31//31 32//32 
f 31//31 33//33 32//32 
f 32//32 33//33 34//34 
f 33//33 35//35 34//34 
f 34//34 35//35 34//34 
f 35//35 36//36 34//34 
f 34//34 36//36 34//34 
f 36//36 37//37 34//34 
f 34//34 37//37 34//34 
f 37//37 38//38 34//34 
f 34//34 38//38 32//32 
f 38//38 38//38 32//32 
f 32//32 38//38 39//39 
f 38//38 40//40 39//39 
f 39//39 40//40 41//41 
f 40//40 40//40 41//41 
f 41//41 40//40 42//42 
f 40//40 40//40 42//42 
f 42//42 40//40 43//43 
f 40//40 44//44 43//43 
f 43//43 44//44 45//45 
f 44//44 45//45 45//45 
f 45//45 45//45 40//40 
f 45//45 40//40 40//40 
f 40//40 40//40 44//44 
f 40//40 38//38 44//44 
f 44//44 38//38 37//37 
f 38//38 37//37 37//37 
f 37//37 37//37 46//46 
f 37//37 46//46 46//46 
f 46//46 46//46 47//47 
f 46//46 48//48 47//47 
f 47//47 48//48 49//49 
f 48//48 50//50 49//49 
f 49//49 50//50 49//49 
f 50//50 51//51 49//49 
f 49//49 51//51 49//49 
f 51//51 52//52 49//49 
f 49//49 52//52 49//49 
f 52//52 53//53 49//49 
f 49//49 53//53 47//47 
f 53//53 53//53 47//47 
f 47//47 53//53 54//54 
f 53//53 55//55 54//54 
f 54//54 55//55 56//56 
f 55//55 55//55 56//56 
f 56//56 55//55 57//57 
f 55//55 55//55 57//57 
f 57//57 55//55 58//58 
f 55//55 59//59 58//58 
f 58//58 59//59 60//60 
f 59//59 60//60 60//60 
f 60//60 60//60 55//55 
f 60//60 55//55 55//55 
f 55//55 55//55 59//59 
f 55//55 53//53 59//59 
f 59//59 53//53 52//52 
f 53//53 52//52 52//52 
f 52//52 52//52 61//61 
f 52//52 61//61 61//61 
f 61//61 61//61 62//62 
f 61//61 63//63 62//62 
f 62//62 63//63 64//64 
f 63//63 64//64 64//64 
f 64//64 64//64 61//61 
f 64//64 61//61 61//61 
f 61//61 61//61 63//63 
f 61//61 65//65 63//63 
f 63//63 65//65 63//63 
f 65//65 66//66 63//63 
f 63//63 66//66 63//63 
f 66//66 67//67 63//63 
f 63//63 67//67 63//63 
f 67//67 68//68 63//63 
f 63//63 68//68 63//63 
f 68//68 69//69 63//63 
f 63//63 69//69 63//63 
f 69//69 70//70 63//63 
f 63//63 70//70 63//63 
f 70//70 71//71 63//63 
f 63//63 71//71 63//63 
f 71//71 72//72 63//63 
f 63//63 72//72 63//63 
f 72//72 73//73 63//63 
f 63//63 73//73 63//63 
f 73//73 74//74 63//63 
f 63//63 74//74 63//63 
f 74//74 75//75 63//63 
f 63//63 75//75 63//63 
f 75//75 76//76 63//63 
f 63//63 76//76 63//63 
f 76//76 77//77 63//63 
f 63//63 77//77 64//64 
f 77//77 64//64 64//64 
f 64//64 64//64 78//78 
f 64//64 78//78 78//78 
f 78//78 78//78 79//79 
f 78//78 80//80 79//79 
f 79//79 80//80 81//81 
f 80//80 81//81 81//81 
f 81//81 81//81 78//78 
f 81//81 78//78 78//78 
f 78//78 78//78 80//80 
f 78//78 82//82 80//80 
f 80//80 82//82 80//80 
f 82//82 83//83 80//80 
f 80//80 83//83 80//80 
f 83//83 84//84 80//80 
f 80//80 84//84 80//80 
f 84//84 85//85 80//80 
f 80//80 85//85 80//80 
f 85//85 86//86 80//80 
f 80//80 86//86 80//80 
f 86//86 87//87 80//80 
f 80//80 87//87 80//80 
f 87//87 88//88 80//80 
f 80//80 88//88 80//80 
f 88//88 89//89 80//80 
f 80//80 89//89 80//80 
f 89//89 90//90 80//80 
f 80//80 90//90 80//80 
f 90//90 91//91 80//80 
f 80//80 91//91 80//80 
f 91//91 92//92 80//80 
f 80//80 92//92 80//80 
f 92//92 93//93 80//80 
f 80//80 93//93 80//80 
f 93//93 94//94 80//80 
f 80//80 94//94 81//81 
f 94//94 81//81 81//81 
f 81//81 81//81 95//95 
f 81//81 95//95 95//95 
f 95//95 95//95 96//96 
f 95//95 97//97 96//96 
f 96//96 97//97 98//98 
f 97//97 99//99 98//98 
f 98//98 99//99 98//98 
f 99//99 100//100 98//98 
f 98//98 100//100 98//98 
f 100//100 101//101 98//98 
f 98//98 101//101 102//102 
f 101//101 103//103 102//102 
f 102//102 103//103 102//102 
f 103//103 104//104 102//102 
f 102//102 104//104 105//105 
f 104//104 106//106 105//105 
f 105//105 106//106 106//106 
f 106//106 98//98 106//106 
f 106//106 98//98 98//98 
f 98//98 102//102 98//98 
f 98//98 102//102 96//96 
f 102//102 105//105 96//96 
f 96//96 105//105 105//105 
f 105//105 107//107 105//105 
f 105//105 107//107 107//107 
f 107//107 108//108 107//107 
f 107//107 108//108 109//109 
f 108//108 110//110 109//109 
f 109//109 110//110 111//111 
f 110//110 110//110 111//111 
f 111//111 110//110 112//112 
f 110//110 113//113 112//112 
f 112//112 113//113 114//114 
f 113//113 113//113 114//114 
f 114//114 113//113 115//115 
f 113//113 113//113 115//115 
f 115//115 113//113 116//116 
f 113//113 117//117 116//116 
f 116//116 117//117 118//118 
f 117//117 118//118 118//118 
f 118//118 118//118 108//108 
f 118//118 108//108 108//108 
f 108//108 108//108 110//110 
f 108//108 117//117 110//110 
f 110//110 117//117 113//113 
f 117//117 113//113 113//113 
f 113//113 113//113 119//119 
f 113//113 119//119 119//119 
f 119//119 119//119 120//120 
f 119//119 121//121 120//120 
f 120//120 121//121 120//120 
f 121//121 122//122 120//120 
f 120//120 122//122 123//123 
f 122//122 124//124 123//123 
f 123//123 124//124 124//124 
f 124//124 119//119 124//124 
f 124//124 119//119 119//119 
f 119//119 120//120 119//119 
f 119//119 120//120 125//125 
f 120//120 126//126 125//125 
f 125//125 126//126 127//127 
f 126//126 128//128 127//127 
f 127//127 128//128 129//129 
f 128//128 130//130 129//129 
f 129//129 130//130 131//131 
f 130//130 130//130 131//131 
f 131//131 130//130 132//132 
f 130//130 133//133 132//132 
f 132//132 133//133 134//134 
f 133//133 134//134 134//134 
f 134//134 134//134 120//120 
f 134//134 120//120 120//120 
f 120//120 120//120 126//126 
f 120//120 123//123 126//126 
f 126//126 123//123 128//128 
f 123//123 135//135 128//128 
f 128//128 135//135 130//130 
f 135//135 135//135 130//130 
f 130//130 135//135 133//133 
f 135//135 135//135 133//133 
f 133//133 135//135 136//136 
f 135//135 124//124 136//136 
f 136//136 124//124 137//137 
f 124//124 122//122 137//137 
f 137//137 122//122 138//138 
f 122//122 121//121 138//138 
f 138//138 121//121 121//121 
f 121//121 127//127 121//121 
f 121//121 127//127 127//127 
f 127//127 129//129 127//127 
f 127//127 129//129 125//125 
f 129//129 125//125 125//125 
f 125//125 125//125 123//123 
f 125//125 123//123 123//123 
f 123//123 123//123 135//135 
f 123//123 124//124 135//135 
f 135//135 124//124 124//124 
f 124//124 137//137 124//124 
f 124//124 137//137 137//137 
f 137//137 138//138 137//137 
f 137//137 138//138 136//136 
f 138//138 136//136 136//136 
f 136//136 136//136 139//139 
f 136//136 139//139 139//139 
f 139//139 139//139 140//140 
f 139//139 141//141 140//140 
f 140//140 141//141 142//142 
f 141//141 143//143 142//142 
f 142//142 143//143 144//144 
f 143//143 143//143 144//144 
f 144//144 143//143 145//145 
f 143//143 143//143 145//145 
f 145//145 143//143 146//146 
f 143//143 147//147 146//146 
f 146//146 147//147 148//148 
f 147//147 149//149 148//148 
f 148//148 149//149 148//148 
f 149//149 150//150 148//148 
f 148//148 150//150 146//146 
f 150//150 150//150 146//146 
f 146//146 150//150 145//145 
f 150//150 151//151 145//145 
f 145//145 151//151 152//152 
f 151//151 153//153 152//152 
f 152//152 153//153 152//152 
f 153//153 154//154 152//152 
f 152//152 154//154 152//152 
f 154//154 155//155 152//152 
f 152//152 155//155 144//144 
f 155//155 155//155 144//144 
f 144//144 155//155 156//156 
f 155//155 140//140 156//156 
f 156//156 140//140 140//140 
f 140//140 143//143 140//140 
f 140//140 143//143 143//143 
f 143//143 141//141 143//143 
f 143//143 141//141 147//147 
f 141//141 157//157 147//147 
f 147//147 157//157 149//149 
f 157//157 149//149 149//149 
f 149//149 149//149 141//141 
f 149//149 141//141 141//141 
f 141//141 141//141 157//157 
f 141//141 139//139 157//157 
f 157//157 139//139 139//139 
f 139//139 152//152 139//139 
f 139//139 152//152 152//152 
f 152//152 144//144 152//152 
f 152//152 144//144 145//145 
f 144//144 145//145 145//145 
f 145//145 145//145 153//153 
f 145//145 153//153 153//153 
f 153//153 153//153 158//158 
f 153//153 151//151 158//158 
f 158//158 151//151 151//151 
f 151//151 144//144 151//151 
f 151//151 144//144 144//144 
f 144//144 156//156 144//144 
f 144//144 156//156 142//142 
f 156//156 140//140 142//142 
f 142//142 140//140 140//140 
f 140//140 159//159 140//140 
f 140//140 159//159 159//159 
f 159//159 160//160 159//159 
f 159//159 160//160 161//161 
f 160//160 162//162 161//161 
f 161//161 162//162 161//161 
f 162//162 163//163 161//161 
f 161//161 163//163 164//164 
f 163//163 164//164 164//164 
f 164//164 164//164 165//165 
f 164//164 165//165 165//165 
f 165//165 165//165 166//166 
f 165//165 167//167 166//166 
f 166//166 167//167 166//166 
f 167//167 168//168 166//166 
f 166//166 168//168 166//166 
f 168//168 169//169 166//166 
f 166//166 169//169 170//170 
f 169//169 170//170 170//170 
f 170//170 170//170 171//171 
f 170//170 171//171 171//171 
f 171//171 171//171 172//172 
f 171//171 173//173 172//172 
f 172//172 173//173 172//172 
f 173//173 174//174 172//172 
f 172//172 174//174 172//172 
f 174//174 175//175 172//172 
f 172//172 175//175 176//176 
f 175//175 176//176 176//176 
f 176//176 176//176 177//177 
f 176//176 177//177 177//177 
f 177//177 177//177 178//178 
f 177//177 179//179 178//178 
f 178//178 179//179 178//178 
f 179//179 180//180 178//178 
f 178//178 180//180 178//178 
f 180//180 181//181 178//178 
f 178//178 181//181 182//182 
f 181//181 182//182 182//182 
f 182//182 182//182 183//183 
f 182//182 183//183 183//183 
f 183//183 183//183 184//184 
f 183//183 185//185 184//184 
f 184//184 185//185 186//186 
f 185//185 187//187 186//186 
f 186//186 187//187 186//186 
f 187//187 188//188 186//186 
f 186//186 188//188 186//186 
f 188//188 189//189 186//186 
f 186//186 189//189 190//190 
f 189//189 191//191 190//190 
f 190//190 191//191 190//190 
f 191//191 192//192 190//190 
f 190//190 192//192 193//193 
f 192//192 194//194 193//193 
f 193//193 194//194 194//194 
f 194//194 186//186 194//194 
f 194//194 186//186 186//186 
f 186//186 190//190 186//186 
f 186//186 190//190 184//184 
f 190//190 193//193 184//184 
f 184//184 193//193 193//193 
f 193//193 195//195 193//193 
f 193//193 195//195 195//195 
f 195//195 196//196 195//195 
f 195//195 196//196 197//197 
f 196//196 198//198 197//197 
f 197//197 198//198 199//199 
f 198//198 198//198 199//199 
f 199//199 198//198 200//200 
f 198//198 201//201 200//200 
f 200//200 201//201 202//202 
f 201//201 201//201 202//202 
f 202//202 201//201 203//203 
f 201//201 201//201 203//203 
f 203//203 201//201 204//204 
f 201//201 205//205 204//204 
f 204//204 205//205 206//206 
f 205//205 206//206 206//206 
f 206//206 206//206 196//196 
f 206//206 196//196 196//196 
f 196//196 196//196 198//198 
f 196//196 205//205 198//198 
f 198//198 205//205 201//201 
f 205//205 201//201 201//201 
f 201//201 201//201 207//207 
f 201//201 207//207 207//207 
f 207//207 207//207 208//208 
f 207//207 209//209 208//208 
f 208//208 209//209 208//208 
f 209//209 210//210 208//208 
f 208//208 210//210 211//211 
f 210//210 212//212 211//211 
f 211//211 212//212 212//212 
f 212//212 207//207 212//212 
f 212//212 207//207 207//207 
f 207//207 208//208 207//207 
f 207//207 208//208 213//213 
f 208//208 214//214 213//213 
f 213//213 214//214 215//215 
f 214//214 216//216 215//215 
f 215//215 216//216 217//217 
f 216//216 218//218 217//217 
f 217//217 218//218 219//219 
f 218//218 218//218 219//219 
f 219//219 218//218 220//220 
f 218//218 221//221 220//220 
f 220//220 221//221 222//222 
f 221//221 222//222 222//222 
f 222//222 222//222 208//208 
f 222//222 208//208 208//208 
f 208//208 208//208 214//214 
f 208//208 211//211 214//214 
f 214//214 211//211 216//216 
f 211//211 223//223 216//216 
f 216//216 223//223 218//218 
f 223//223 223//223 218//218 
f 218//218 223//223 221//221 
f 223//223 223//223 221//221 
f 221//221 223//223 224//224 
f 223//223 212//212 224//224 
f 224//224 212//212 225//225 
f 212//212 210//210 225//225 
f 225//225 210//210 226//226 
f 210//210 209//209 226//226 
f 226//226 209//209 209//209 
f 209//209 215//215 209//209 
f 209//209 215//215 215//215 
f 215//215 217//217 215//215 
f 215//215 217//217 213//213 
f 217//217 213//213 213//213 
f 213//213 213//213 211//211 
f 213//213 211//211 211//211 
f 211//211 211//211 223//223 
f 211//211 212//212 223//223 
f 223//223 212//212 212//212 
f 212//212 225//225 212//212 
f 212//212 225//225 225//225 
f 225//225 226//226 225//225 
f 225//225 226//226 224//224 
f 226//226 224//224 224//224 
f 224//224 224//224 227//227 
f 224//224 227//227 227//227 
f 227//227 227//227 228//228 
f 227//227 229//229 228//228 
f 228//228 229//229 230//230 
f 229//229 231//231 230//230 
f 230//230 231//231 232//232 
f 231//231 231//231 232//232 
f 232//232 231//231 233//233 
f 231//231 231//231 233//233 
f 233//233 231//231 234//234 
f 231//231 235//235 234//234 
f 234//234 235//235 236//236 
f 235//235 237//237 236//236 
f 236//236 237//237 236//236 
f 237//237 238//238 236//236 
f 236//236 238//238 234//234 
f 238//238 238//238 234//234 
f 234//234 238//238 233//233 
f 238//238 239//239 233//233 
f 233//233 239//239 240//240 
f 239//239 241//241 240//240 
f 240//240 241//241 240//240 
f 241//241 242//242 240//240 
f 240//240 242//242 240//240 
f 242//242 243//243 240//240 
f 240//240 243//243 232//232 
f 243//243 243//243 232//232 
f 232//232 243//243 244//244 
f 243//243 228//228 244//244 
f 244//244 228//228 228//228 
f 228//228 231//231 228//228 
f 228//228 231//231 231//231 
f 231//231 229//229 231//231 
f 231//231 229//229 235//235 
f 229//229 245//245 235//235 
f 235//235 245//245 237//237 
f 245//245 237//237 237//237 
f 237//237 237//237 229//229 
f 237//237 229//229 229//229 
f 229//229 229//229 245//245 
f 229//229 227//227 245//245 
f 245//245 227//227 227//227 
f 227//227 240//240 227//227 
f 227//227 240//240 240//240 
f 240//240 232//232 240//240 
f 240//240 232//232 233//233 
f 232//232 233//233 233//233 
f 233//233 233//233 241//241 
f 233//233 241//241 241//241 
f 241//241 241//241 246//246 
f 241//241 239//239 246//246 
f 246//246 239//239 239//239 
f 239//239 232//232 239//239 
f 239//239 232//232 232//232 
f 232//232 244//244 232//232 
f 232//232 244//244 230//230 
f 244//244 228//228 230//230 
f 230//230 228//228 228//228 
f 228//228 247//247 228//228 
f 228//228 247//247 247//247 
f 247//247 248//248 247//247 
f 247//247 248//248 249//249 
f 248//248 250//250 249//249 
f 249//249 250//250 249//249 
f 250//250 251//251 249//249 
f 249//249 251//251 252//252 
f 251//251 252//252 252//252 
f 252//252 252//252 253//253 
f 252//252 253//253 253//253 
f 253//253 253//253 254//254 
f 253//253 255//255 254//254 
f 254//254 255//255 254//254 
f 255//255 256//256 254//254 
f 254//254 256//256 254//254 
f 256//256 257//257 254//254 
f 254//254 257//257 258//258 
f 257//257 258//258 258//258 
f 258//258 258//258 259//259 
f 258//258 259//259 259//259 
f 259//259 259//259 260//260 
f 259//259 261//261 260//260 
f 260//260 261//261 260//260 
f 261//261 262//262 260//260 
f 260//260 262//262 260//260 
f 262//262 263//263 260//260 
f 260//260 263//263 264//264 
f 263//263 264//264 264//264 
f 264//264 264//264 265//265 
f 264//264 265//265 265//265 
f 265//265 265//265 266//266 
f 265//265 267//267 266//266 
f 266//266 267//267 266//266 
f 267//267 268//268 266//266 
f 266//266 268//268 266//266 
f 268//268 269//269 266//266 
f 266//266 269//269 270//270 
f 269//269 270//270 270//270 
f 270//270 270//270 271//271 
f 270//270 271//271 271//271 
f 271//271 271//271 272//272 
f 271//271 273//273 272//272 
f 272//272 273//273 274//274 
f 273//273 275//275 274//274 
f 274//274 275//275 274//274 
f 275//275 276//276 274//274 
f 274//274 276//276 274//274 
f 276//276 277//277 274//274 
f 274//274 277//277 278//278 
f 277//277 279//279 278//278 
f 278//278 279//279 278//278 
f 279//279 280//280 278//278 
f 278//278 280//280 281//281 
f 280//280 282//282 281//281 
f 281//281 282//282 282//282 
f 282//282 274//274 282//282 
f 282//282 274//274 274//274 
f 274//274 278//278 274//274 
f 274//274 278//278 272//272 
f 278//278 281//281 272//272 
f 272//272 281//281 281//281 
f 281//281 283//283 281//281 
f 281//281 283//283 283//283 
f 283//283 284//284 283//283 
f 283//283 284//284 285//285 
f 284//284 286//286 285//285 
f 285//285 286//286 287//287 
f 286//286 286//286 287//287 
f 287//287 286//286 288//288 
f 286//286 289//289 288//288 
f 288//288 289//289 290//290 
f 289//289 289//289 290//290 
f 290//290 289//289 291//291 
f 289//289 289//289 291//291 
f 291//291 289//289 292//292 
f 289//289 293//293 292//292 
f 292//292 293//293 294//294 
f 293//293 294//294 294//294 
f 294//294 294//294 284//284 
f 294//294 284//284 284//284 
f 284//284 284//284 286//286 
f 284//284 293//293 286//286 
f 286//286 293//293 289//289 
f 293//293 289//289 289//289 
f 289//289 289//289 295//295 
f 289//289 295//295 295//295 
f 295//295 295//295 296//296 
f 295//295 297//297 296//296 
f 296//296 297//297 296//296 
f 297//297 298//298 296//296 
f 296//296 298//298 299//299 
f 298//298 300//300 299//299 
f 299//299 300//300 300//300 
f 300//300 295//295 300//300 
f 300//300 295//295 295//295 
f 295//295 296//296 295//295 
f 295//295 296//296 301//301 
f 296//296 302//302 301//301 
f 301//301 302//302 303//303 
f 302//302 304//304 303//303 
f 303//303 304//304 305//305 
f 304//304 306//306 305//305 
f 305//305 306//306 307//307 
f 306//306 306//306 307//307 
f 307//307 306//306 308//308 
f 306//306 309//309 308//308 
f 308//308 309//309 310//310 
f 309//309 310//310 310//310 
f 310//310 310//310 296//296 
f 310//310 296//296 296//296 
f 296//296 296//296 302//302 
f 296//296 299//299 302//302 
f 302//302 299//299 304//304 
f 299//299 311//311 304//304 
f 304//304 311//311 306//306 
f 311//311 311//311 306//306 
f 306//306 311//311 309//309 
f 311//311 311//311 309//309 
f 309//309 311//311 312//312 
f 311//311 300//300 312//312 
f 312//312 300//300 313//313 
f 300//300 298//298 313//313 
f 313//313 298//298 314//314 
f 298//298 297//297 314//314 
f 314//314 297//297 297//297 
f 297//297 303//303 297//297 
f 297//297 303//303 303//303 
f 303//303 305//305 303//303 
f 303//303 305//305 301//301 
f 305//305 301//301 301//301 
f 301//301 301//301 299//299 
f 301//301 299//299 299//299 
f 299//299 299//299 311//311 
f 299//299 300//300 311//311 
f 311//311 300//300 300//300 
f 300//300 313//313 300//300 
f 300//300 313//313 313//313 
f 313//313 314//314 313//313 
f 313//313 314//314 312//312 
f 314//314 312//312 312//312 
f 312//312 312//312 315//315 
f 312//312 315//315 315//315 
f 315//315 315//315 316//316 
f 315//315 317//317 316//316 
f 316//316 317//317 318//318 
f 317//317 319//319 318//318 
f 318//318 319//319 320//320 
f 319//319 319//319 320//320 
f 320//320 319//319 321//321 
f 319//319 319//319 321//321 
f 321//321 319//319 322//322 
f 319//319 323//323 322//322 
f 322//322 323//323 324//324 
f 323//323 325//325 324//324 
f 324//324 325//325 324//324 
f 325//325 326//326 324//324 
f 324//324 326//326 322//322 
f 326//326 326//326 322//322 
f 322//322 326//326 321//321 
f 326//326 327//327 321//321 
f 321//321 327//327 328//328 
f 327//327 329//329 328//328 
f 328//328 329//329 328//328 
f 329//329 330//330 328//328 
f 328//328 330//330 328//328 
f 330//330 331//331 328//328 
f 328//328 331//331 320//320 
f 331//331 331//331 320//320 
f 320//320 331//331 332//332 
f 331//331 316//316 332//332 
f 332//332 316//316 316//316 
f 316//316 319//319 316//316 
f 316//316 319//319 319//319 
f 319//319 317//317 319//319 
f 319//319 317//317 323//323 
f 317//317 333//333 323//323 
f 323//323 333//333 325//325 
f 333//333 325//325 325//325 
f 325//325 325//325 317//317 
f 325//325 317//317 317//317 
f 317//317 317//317 333//333 
f 317//317 315//315 333//333 
f 333//333 315//315 315//315 
f 315//315 328//328 315//315 
f 315//315 328//328 328//328 
f 328//328 320//320 328//328 
f 328//328 320//320 321//321 
f 320//320 321//321 321//321 
f 321//321 321//321 329//329 
f 321//321 329//329 329//329 
f 329//329 329//329 334//334 
f 329//329 327//327 334//334 
f 334//334 327//327 327//327 
f 327//327 320//320 327//327 
f 327//327 320//320 320//320 
f 320//320 332//332 320//320 
f 320//320 332//332 318//318 
f 332//332 316//316 318//318 
f 318//318 316//316 316//316 
f 316//316 335//335 316//316 
f 316//316 335//335 335//335 
f 335//335 336//336 335//335 
f 335//335 336//336 337//337 
f 336//336 338//338 337//337 
f 337//337 338//338 337//337 
f 338//338 339//339 337//337 
f 337//337 339//339 340//340 
f 339//339 340//340 340//340 
f 340//340 340//340 341//341 
f 340//340 341//341 341//341 
f 341//341 341//341 342//342 
f 341//341 343//343 342//342 
f 342//342 343//343 342//342 
f 343//343 344//344 342//342 
f 342//342 344//344 342//342 
f 344//344 345//345 342//342 
f 342//342 345//345 346//346 
f 345//345 346//346 346//346 
f 346//346 346//346 347//347 
f 346//346 347//347 347//347 
f 347//347 347//347 348//348 
f 347//347 349//349 348//348 
f 348//348 349//349 348//348 
f 349//349 350//350 348//348 
f 348//348 350//350 348//348 
f 350//350 351//351 348//348 
f 348//348 351//351 352//352 
f 351//351 352//352 352//352 
f 352//352 352//352 353//353 
f 352//352 353//353 353//353 
f 353//353 353//353 354//354 
f 353//353 355//355 354//354 
f 354//354 355//355 354//354 
f 355//355 356//356 354//354 
f 354//354 356//356 354//354 
f 356//356 357//357 354//354 
f 354//354 357//357 358//358 
f 357//357 358//358 358//358 
f 358//358 358//358 359//359 
f 358//358 359//359 359//359 
f 359//359 359//359 360//360 
f 359//359 361//361 360//360 
f 360//360 361//361 362//362 
f 361//361 363//363 362//362 
f 362//362 363//363 362//362 
f 363//363 364//364 362//362 
f 362//362 364//364 362//362 
f 364//364 365//365 362//362 
f 362//362 365//365 362//362 
f 365//365 366//366 362//362 
f 362//362 366//366 360//360 
f 366//366 366//366 360//360 
f 360//360 366//366 367//367 
f 366//366 368//368 367//367 
f 367//367 368//368 369//369 
f 368//368 368//368 369//369 
f 369//369 368//368 370//370 
f 368//368 368//368 370//370 
f 370//370 368//368 371//371 
f 368//368 372//372 371//371 
f 371//371 372//372 373//373 
f 372//372 373//373 373//373 
f 373//373 373//373 368//368 
f 373//373 368//368 368//368 
f 368//368 368//368 372//372 
f 368//368 366//366 372//372 
f 372//372 366//366 365//365 
f 366//366 365//365 365//365 
f 365//365 365//365 374//374 
f 365//365 374//374 374//374 
f 374//374 374//374 375//375 
f 374//374 376//376 375//375 
f 375//375 376//376 377//377 
f 376//376 378//378 377//377 
f 377//377 378//378 377//377 
f 378//378 379//379 377//377 
f 377//377 379//379 377//377 
f 379//379 380//380 377//377 
f 377//377 380//380 377//377 
f 380//380 381//381 377//377 
f 377//377 381//381 375//375 
f 381//381 381//381 375//375 
f 375//375 381//381 382//382 
f 381//381 383//383 382//382 
f 382//382 383//383 384//384 
f 383//383 383//383 384//384 
f 384//384 383//383 385//385 
f 383//383 383//383 385//385 
f 385//385 383//383 386//386 
f 383//383 387//387 386//386 
f 386//386 387//387 388//388 
f 387//387 388//388 388//388 
f 388//388 388//388 383//383 
f 388//388 383//383 383//383 
f 383//383 383//383 387//387 
f 383//383 381//381 387//387 
f 387//387 381//381 380//380 
f 381//381 380//380 380//380 
f 380//380 380//380 389//389 
f 380//380 389//389 389//389 
f 389//389 389//389 390//390 
f 389//389 391//391 390//390 
f 390//390 391//391 392//392 
f 391//391 393//393 392//392 
f 392//392 393//393 392//392 
f 393//393 394//394 392//392 
f 392//392 394//394 392//392 
f 394//394 395//395 392//392 
f 392//392 395//395 392//392 
f 395//395 396//396 392//392 
f 392//392 396//396 390//390 
f 396//396 396//396 390//390 
f 390//390 396//396 397//397 
f 396//396 398//398 397//397 
f 397//397 398//398 399//399 
f 398//398 398//398 399//399 
f 399//399 398//398 400//400 
f 398//398 398//398 400//400 
f 400//400 398//398 401//401 
f 398//398 402//402 401//401 
f 401//401 402//402 403//403 
f 402//402 403//403 403//403 
f 403//403 403//403 398//398 
f 403//403 398//398 398//398 
f 398//398 398//398 402//402 
f 398//398 396//396 402//402 
f 402//402 396//396 395//395 
f 396//396 395//395 395//395 
f 395//395 395//395 404//404 
f 395//395 404//404 404//404 
f 404//404 404//404 405//405 
f 404//404 406//406 405//405 
f 405//405 406//406 407//407 
f 406//406 408//408 407//407 
f 407//407 408//408 407//407 
f 408//408 409//409 407//407 
f 407//407 409//409 407//407 
f 409//409 410//410 407//407 
f 407//407 410//410 407//407 
f 410//410 411//411 407//407 
f 407//407 411//411 405//405 
f 411//411 411//411 405//405 
f 405//405 411//411 412//412 
f 411//411 413//413 412//412 
f 412//412 413//413 414//414 
f 413//413 413//413 414//414 
f 414//414 413//413 415//415 
f 413//413 413//413 415//415 
f 415//415 413//413 416//416 
f 413//413 417//417 416//416 
f 416//416 417//417 418//418 
f 417//417 418//418 418//418 
f 418//418 418//418 413//413 
f 418//418 413//413 413//413 
f 413//413 413//413 417//417 
f 413//413 411//411 417//417 
f 417//417 411//411 410//410 
f 411//411 410//410 410//410 
f 410//410 410//410 419//419 
f 410//410 419//419 419//419 
f 419//419 419//419 420//420 
f 419//419 421//421 420//420 
f 420//420 421//421 422//422 
f 421//421 422//422 422//422 
f 422//422 422//422 419//419 
f 422//422 419//419 419//419 
f 419//419 419//419 421//421 
f 419//419 423//423 421//421 
f 421//421 423//423 421//421 
f 423//423 424//424 421//421 
f 421//421 424//424 421//421 
f 424//424 425//425 421//421 
f 421//421 425//425 421//421 
f 425//425 426//426 421//421 
f 421//421 426//426 421//421 
f 426//426 427//427 421//421 
f 421//421 427//427 421//421 
f 427//427 428//428 421//421 
f 421//421 428//428 421//421 
f 428//428 429//429 421//421 
f 421//421 429//429 421//421 
f 429//429 430//430 421//421 
f 421//421 430//430 421//421 
f 430//430 431//431 421//421 
f 421//421 431//431 421//421 
f 431//431 432//432 421//421 
f 421//421 432//432 421//421 
f 432//432 433//433 421//421 
f 421//421 433//433 421//421 
f 433//433 434//434 421//421 
f 421//421 434//434 421//421 
f 434//434 435//435 421//421 
f 421//421 435//435 422//422 
f 435//435 422//422 422//422 
f 422//422 422//422 436//436 
f 422//422 436//436 436//436 
f 436//436 436//436 437//437 
f 436//436 438//438 437//437 
f 437//437 438//438 439//439 
f 438//438 439//439 439//439 
f 439//439 439//439 436//436 
f 439//439 436//436 436//436 
f 436//436 436//436 438//438 
f 436//436 440//440 438//438 
f 438//438 440//440 438//438 
f 440//440 441//441 438//438 
f 438//438 441//441 438//438 
f 441//441 442//442 438//438 
f 438//438 442//442 438//438 
f 442//442 443//443 438//438 
f 438//438 443//443 438//438 
f 443//443 444//444 438//438 
f 438//438 444//444 438//438 
f 444//444 445//445 438//438 
f 438//438 445//445 438//438 
f 445//445 446//446 438//438 
f 438//438 446//446 438//438 
f 446//446 447//447 438//438 
f 438//438 447//447 438//438 
f 447//447 448//448 438//438 
f 438//438 448//448 438//438 
f 448//448 449//449 438//438 
f 438//438 449//449 438//438 
f 449//449 450//450 438//438 
f 438//438 450//450 438//438 
f 450//450 451//451 438//438 
f 438//438 451//451 438//438 
f 451//451 452//452 438//438 
f 438//438 452//452 439//439 
f 452//452 439//439 439//439 
f 439//439 439//439 453//453 
f 439//439 453//453 453//453 
f 453//453 453//453 454//454 
f 453//453 455//455 454//454 
f 454//454 455//455 456//456 
f 455//455 457//457 456//456 
f 456//456 457//457 456//456 
f 457//457 458//458 456//456 
f 456//456 458//458 456//456 
f 458//458 459//459 456//456 
f 456//456 459//459 456//456 
f 459//459 460//460 456//456 
f 456//456 460//460 454//454 
f 460//460 460//460 454//454 
f 454//454 460//460 461//461 
f 460//460 462//462 461//461 
f 461//461 462//462 463//463 
f 462//462 462//462 463//463 
f 463//463 462//462 464//464 
f 462//462 462//462 464//464 
f 464//464 462//462 465//465 
f 462//462 466//466 465//465 
f 465//465 466//466 467//467 
f 466//466 467//467 467//467 
f 467//467 467//467 462//462 
f 467//467 462//462 462//462 
f 462//462 462//462 466//466 
f 462//462 460//460 466//466 
f 466//466 460//460 459//459 
f 460//460 459//459 459//459 
f 459//459 459//459 468//468 
f 459//459 468//468 468//468 
f 468//468 468//468 469//469 
f 468//468 470//470 469//469 
f 469//469 470//470 471//471 
f 470//470 472//472 471//471 
f 471//471 472//472 471//471 
f 472//472 473//473 471//471 
f 471//471 473//473 471//471 
f 473//473 474//474 471//471 
f 471//471 474//474 471//471 
f 474//474 475//475 471//471 
f 471//471 475//475 469//469 
f 475//475 475//475 469//469 
f 469//469 475//475 476//476 
f 475//475 477//477 476//476 
f 476//476 477//477 478//478 
f 477//477 477//477 478//478 
f 478//478 477//477 479//479 
f 477//477 477//477 479//479 
f 479//479 477//477 480//480 
f 477//477 481//481 480//480 
f 480//480 481//481 482//482 
f 481//481 482//482 482//482 
f 482//482 482//482 477//477 
f 482//482 477//477 477//477 
f 477//477 477//477 481//481 
f 477//477 475//475 481//481 
f 481//481 475//475 474//474 
f 475//475 474//474 474//474 
f 474//474 474//474 483//483 
f 474//474 483//483 483//483 
f 483//483 483//483 484//484 
f 483//483 485//485 484//484 
f 484//484 485//485 486//486 
f 485//485 487//487 486//486 
f 486//486 487//487 486//486 
f 487//487 488//488 486//486 
f 486//486 488//488 486//486 
f 488//488 489//489 486//486 
f 486//486 489//489 486//486 
f 489//489 490//490 486//486 
f 486//486 490//490 484//484 
f 490//490 490//490 484//484 
f 484//484 490//490 491//491 
f 490//490 492//492 491//491 
f 491//491 492//492 493//493 
f 492//492 492//492 493//493 
f 493//493 492//492 494//494 
f 492//492 492//492 494//494 
f 494//494 492//492 495//495 
f 492//492 496//496 495//495 
f 495//495 496//496 497//497 
f 496//496 497//497 497//497 
f 497//497 497//497 492//492 
f 497//497 492//492 492//492 
f 492//492 492//492 496//496 
f 492//492 490//490 496//496 
f 496//496 490//490 489//489 
f 490//490 489//489 489//489 
f 489//489 489//489 498//498 
f 489//489 498//498 498//498 
f 498//498 498//498 499//499 
f 498//498 500//500 499//499 
f 499//499 500//500 501//501 
f 500//500 502//502 501//501 
f 501//501 502//502 501//501 
f 502//502 503//503 501//501 
f 501//501 503//503 501//501 
f 503//503 504//504 501//501 
f 501//501 504//504 501//501 
f 504//504 505//505 501//501 
f 501//501 505//505 499//499 
f 505//505 505//505 499//499 
f 499//499 505//505 506//506 
f 505//505 507//507 506//506 
f 506//506 507//507 508//508 
f 507//507 507//507 508//508 
f 508//508 507//507 509//509 
f 507//507 507//507 509//509 
f 509//509 507//507 510//510 
f 507//507 511//511 510//510 
f 510//510 511//511 512//512 
f 511//511 512//512 512//512 
f 512//512 512//512 507//507 
f 512//512 507//507 507//507 
f 507//507 507//507 511//511 
f 507//507 505//505 511//511 
f 511//511 505//505 504//504 
f 505//505 504//504 504//504 
f 504//504 504//504 513//513 
f 504//504 513//513 513//513 
f 513//513 513//513 514//514 
f 513//513 515//515 514//514 
f 514//514 515//515 516//516 
f 515//515 516//516 516//516 
f 516//516 516//516 513//513 
f 516//516 513//513 513//513 
f 513//513 513//513 515//515 
f 513//513 517//517 515//515 
f 515//515 517//517 515//515 
f 517//517 518//518 515//515 
f 515//515 518//518 515//515 
f 518//518 519//519 515//515 
f 515//515 519//519 515//515 
f 519//519 520//520 515//515 
f 515//515 520//520 515//515 
f 520//520 521//521 515//515 
f 515//515 521//521 515//515 
f 521//521 522//522 515//515 
f 515//515 522//522 515//515 
f 522//522 523//523 515//515 
f 515//515 523//523 515//515 
f 523//523 524//524 515//515 
f 515//515 524//524 515//515 
f 524//524 525//525 515//515 
f 515//515 525//525 515//515 
f 525//525 526//526 515//515 
f 515//515 526//526 515//515 
f 526//526 527//527 515//515 
f 515//515 527//527 515//515 
f 527//527 528//528 515//515 
f 515//515 528//528 515//515 
f 528//528 529//529 515//515 
f 515//515 529//529 516//516 
f 529//529 516//516 516//516 
f 516//516 516//516 530//530 
f 516//516 530//530 530//530 
f 530//530 530//530 531//531 
f 530//530 532//532 531//531 
f 531//531 532//532 533//533 
f 532//532 533//533 533//533 
f 533//533 533//533 530//530 
f 533//533 530//530 530//530 
f 530//530 530//530 532//532 
f 530//530 534//534 532//532 
f 532//532 534//534 532//532 
f 534//534 535//535 532//532 
f 532//532 535//535 532//532 
f 535//535 536//536 532//532 
f 532//532 536//536 532//532 
f 536//536 537//537 532//532 
f 532//532 537//537 532//532 
f 537//537 538//538 532//532 
f 532//532 538//538 532//532 
f 538//538 539//539 532//532 
f 532//532 539//539 532//532 
f 539//539 540//540 532//532 
f 532//532 540//540 532//532 
f 540//540 541//541 532//532 
f 532//532 541//541 532//532 
f 541//541 542//542 532//532 
f 532//532 542//542 532//532 
f 542//542 543//543 532//532 
f 532//532 543//543 532//532 
f 543//543 544//544 532//532 
f 532//532 544//544 532//532 
f 544//544 545//545 532//532 
f 532//532 545//545 532//532 
f 545//545 546//546 532//532 
f 532//532 546//546 533//533 
f 546//546 533//533 533//533 
f 533//533 533//533 547//547 
f 533//533 547//547 547//547 
f 547//547 547//547 548//548 
f 547//547 549//549 548//548 
f 548//548 549//549 550//550 
f 549//549 551//551 550//550 
f 550//550 551//551 550//550 
f 551//551 552//552 550//550 
f 550//550 552//552 550//550 
f 552//552 553//553 550//550 
f 550//550 553//553 550//550 
f 553//553 554//554 550//550 
f 550//550 554//554 548//548 
f 554//554 554//554 548//548 
f 548//548 554//554 555//555 
f 554//554 556//556 555//555 
f 555//555 556//556 557//557 
f 556//556 556//556 557//557 
f 557//557 556//556 558//558 
f 556//556 556//556 558//558 
f 558//558 556//556 559//559 
f 556//556 560//560 559//559 
f 559//559 560//560 561//561 
f 560//560 561//561 561//561 
f 561//561 561//561 556//556 
f 561//561 556//556 556//556 
f 556//556 556//556 560//560 
f 556//556 554//554 560//560 
f 560//560 554//554 553//553 
f 554//554 553//553 553//553 
f 553//553 553//553 562//562 
f 553//553 562//562 562//562 
f 562//562 562//562 563//563 
f 562//562 564//564 563//563 
f 563//563 564//564 565//565 
f 564//564 566//566 565//565 
f 565//565 566//566 565//565 
f 566//566 567//567 565//565 
f 565//565 567//567 565//565 
f 567//567 568//568 565//565 
f 565//565 568//568 565//565 
f 568//568 569//569 565//565 
f 565//565 569//569 563//563 
f 569//569 569//569 563//563 
f 563//563 569//569 570//570 
f 569//569 571//571 570//570 
f 570//570 571//571 572//572 
f 571//571 571//571 572//572 
f 572//572 571//571 573//573 
f 571//571 571//571 573//573 
f 573//573 571//571 574//574 
f 571//571 575//575 574//574 
f 574//574 575//575 576//576 
f 575//575 576//576 576//576 
f 576//576 576//576 571//571 
f 576//576 571//571 571//571 
f 571//571 571//571 575//575 
f 571//571 569//569 575//575 
f 575//575 569//569 568//568 
f 569//569 568//568 568//568 
f 568//568 568//568 577//577 
f 568//568 577//577 577//577 
f 577//577 577//577 578//578 
f 577//577 579//579 578//578 
f 578//578 579//579 580//580 
f 579//579 581//581 580//580 
f 580//580 581//581 580//580 
f 581//581 582//582 580//580 
f 580//580 582//582 580//580 
f 582//582 583//583 580//580 
f 580//580 583//583 580//580 
f 583//583 584//584 580//580 
f 580//580 584//584 578//578 
f 584//584 584//584 578//578 
f 578//578 584//584 585//585 
f 584//584 586//586 585//585 
f 585//585 586//586 587//587 
f 586//586 586//586 587//587 
f 587//587 586//586 588//588 
f 586//586 586//586 588//588 
f 588//588 586//586 589//589 
f 586//586 590//590 589//589 
f 589//589 590//590 591//591 
f 590//590 591//591 591//591 
f 591//591 591//591 586//586 
f 591//591 586//586 586//586 
f 586//586 586//586 590//590 
f 586//586 584//584 590//590 
f 590//590 584//584 583//583 
f 584//584 583//583 583//583 
f 583//583 583//583 592//592 
f 583//583 592//592 592//592 
f 592//592 592//592 593//593 
f 592//592 594//594 593//593 
f 593//593 594//594 595//595 
f 594//594 596//596 595//595 
f 595//595 596//596 595//595 
f 596//596 597//597 595//595 
f 595//595 597//597 595//595 
f 597//597 598//598 595//595 
f 595//595 598//598 595//595 
f 598//598 599//599 595//595 
f 595//595 599//599 593//593 
f 599//599 599//599 593//593 
f 593//593 599//599 600//600 
f 599//599 601//601 600//600 
f 600//600 601//601 602//602 
f 601//601 601//601 602//602 
f 602//602 601//601 603//603 
f 601//601 601//601 603//603 
f 603//603 601//601 604//604 
f 601//601 605//605 604//604 
f 604//604 605//605 606//606 
f 605//605 606//606 606//606 
f 606//606 606//606 601//601 
f 606//606 601//601 601//601 
f 601//601 601//601 605//605 
f 601//601 599//599 605//605 
f 605//605 599//599 598//598 
f 599//599 598//598 598//598 
f 598//598 598//598 607//607 
f 598//598 607//607 607//607 
f 607//607 607//607 608//608 
f 607//607 609//609 608//608 
f 608//608 609//609 610//610 
f 609//609 610//610 610//610 
f 610//610 610//610 607//607 
f 610//610 607//607 607//607 
f 607//607 607//607 609//609 
f 607//607 611//611 609//609 
f 609//609 611//611 609//609 
f 611//611 612//612 609//609 
f 609//609 612//612 609//609 
f 612//612 613//613 609//609 
f 609//609 613//613 609//609 
f 613//613 614//614 609//609 
f 609//609 614//614 609//609 
f 614//614 615//615 609//609 
f 609//609 615//615 609//609 
f 615//615 616//616 609//609 
f 609//609 616//616 609//609 
f 616//616 617//617 609//609 
f 609//609 617//617 609//609 
f 617//617 618//618 609//609 
f 609//609 618//618 609//609 
f 618//618 619//619 609//609 
f 609//609 619//619 609//609 
f 619//619 620//620 609//609 
f 609//609 620//620 609//609 
f 620//620 621//621 609//609 
f 609//609 621//621 609//609 
f 621//621 622//622 609//609 
f 609//609 622//622 609//609 
f 622//622 623//623 609//609 
f 609//609 623//623 610//610 
f 623//623 610//610 610//610 
f 610//610 610//610 624//624 
f 610//610 624//624 624//624 
f 624//624 624//624 625//625 
f 624//624 626//626 625//625 
f 625//625 626//626 627//627 
f 626//626 627//627 627//627 
f 627//627 627//627 624//624 
f 627//627 624//624 624//624 
f 624//624 624//624 626//626 
f 624//624 628//628 626//626 
f 626//626 628//628 626//626 
f 628//628 629//629 626//626 
f 626//626 629//629 626//626 
f 629//629 630//630 626//626 
f 626//626 630//630 626//626 
f 630//630 631//631 626//626 
f 626//626 631//631 626//626 
f 631//631 632//632 626//626 
f 626//626 632//632 626//626 
f 632//632 633//633 626//626 
f 626//626 633//633 626//626 
f 633//633 634//634 626//626 
f 626//626 634//634 626//626 
f 634//634 635//635 626//626 
f 626//626 635//635 626//626 
f 635//635 636//636 626//626 
f 626//626 636//636 626//626 
f 636//636 637//637 626//626 
f 626//626 637//637 626//626 
f 637//637 638//638 626//626 
f 626//626 638//638 626//626 
f 638//638 639//639 626//626 
f 626//626 639//639 626//626 
f 639//639 640//640 626//626 
f 626//626 640//640 627//627 
f 640//640 627//627 627//627 
f 627//627 627//627 641//641 
f 627//627 641//641 641//641 
f 641//641 641//641 642//642 
f 641//641 643//643 642//642 
f 642//642 643//643 644//644 
f 643//643 645//645 644//644 
f 644//644 645//645 644//644 
f 645//645 646//646 644//644 
f 644//644 646//646 644//644 
f 646//646 647//647 644//644 
f 644//644 647//647 644//644 
f 647//647 648//648 644//644 
f 644//644 648//648 642//642 
f 648//648 648//648 642//642 
f 642//642 648//648 649//649 
f 648//648 650//650 649//649 
f 649//649 650//650 651//651 
f 650//650 650//650 651//651 
f 651//651 650//650 652//652 
f 650//650 650//650 652//652 
f 652//652 650//650 653//653 
f 650//650 654//654 653//653 
f 653//653 654//654 655//655 
f 654//654 655//655 655//655 
f 655//655 655//655 650//650 
f 655//655 650//650 650//650 
f 650//650 650//650 654//654 
f 650//650 648//648 654//654 
f 654//654 648//648 647//647 
f 648//648 647//647 647//647 
f 647//647 647//647 656//656 
f 647//647 656//656 656//656 
f 656//656 656//656 657//657 
f 656//656 658//658 657//657 
f 657//657 658//658 659//659 
f 658//658 660//660 659//659 
f 659//659 660//660 659//659 
f 660//660 661//661 659//659 
f 659//659 661//661 659//659 
f 661//661 662//662 659//659 
f 659//659 662//662 659//659 
f 662//662 663//663 659//659 
f 659//659 663//663 657//657 
f 663//663 663//663 657//657 
f 657//657 663//663 664//664 
f 663//663 665//665 664//664 
f 664//664 665//665 666//666 
f 665//665 665//665 666//666 
f 666//666 665//665 667//667 
f 665//665 665//665 667//667 
f 667//667 665//665 668//668 
f 665//665 669//669 668//668 
f 668//668 669//669 670//670 
f 669//669 670//670 670//670 
f 670//670 670//670 665//665 
f 670//670 665//665 665//665 
f 665//665 665//665 669//669 
f 665//665 663//663 669//669 
f 669//669 663//663 662//662 
f 663//663 662//662 662//662 
f 662//662 662//662 671//671 
f 662//662 671//671 671//671 
f 671//671 671//671 672//672 
f 671//671 673//673 672//672 
f 672//672 673//673 674//674 
f 673//673 675//675 674//674 
f 674//674 675//675 674//674 
f 675//675 676//676 674//674 
f 674//674 676//676 674//674 
f 676//676 677//677 674//674 
f 674//674 677//677 674//674 
f 677//677 678//678 674//674 
f 674//674 678//678 672//672 
f 678//678 678//678 672//672 
f 672//672 678//678 679//679 
f 678//678 680//680 679//679 
f 679//679 680//680 681//681 
f 680//680 680//680 681//681 
f 681//681 680//680 682//682 
f 680//680 680//680 682//682 
f 682//682 680//680 683//683 
f 680//680 684//684 683//683 
f 683//683 684//684 685//685 
f 684//684 685//685 685//685 
f 685//685 685//685 680//680 
f 685//685 680//680 680//680 
f 680//680 680//680 684//684 
f 680//680 678//678 684//684 
f 684//684 678//678 677//677 
f 678//678 677//677 677//677 
f 677//677 677//677 686//686 
f 677//677 686//686 686//686 
f 686//686 686//686 687//687 
f 686//686 688//688 687//687 
f 687//687 688//688 689//689 
f 688//688 690//690 689//689 
f 689//689 690//690 689//689 
f 690//690 691//691 689//689 
f 689//689 691//691 689//689 
f 691//691 692//692 689//689 
f 689//689 692//692 689//689 
f 692//692 693//693 689//689 
f 689//689 693//693 687//687 
f 693//693 693//693 687//687 
f 687//687 693//693 694//694 
f 693//693 695//695 694//694 
f 694//694 695//695 696//696 
f 695//695 695//695 696//696 
f 696//696 695//695 697//697 
f 695//695 695//695 697//697 
f 697//697 695//695 698//698 
f 695//695 699//699 698//698 
f 698//698 699//699 700//700 
f 699//699 700//700 700//700 
f 700//700 700//700 695//695 
f 700//700 695//695 695//695 
f 695//695 695//695 699//699 
f 695//695 693//693 699//699 
f 699//699 693//693 692//692 
f 693//693 692//692 692//692 
f 692//692 692//692 701//701 
f 692//692 701//701 701//701 
f 701//701 701//701 702//702 
f 701//701 703//703 702//702 
f 702//702 703//703 704//704 
f 703//703 704//704 704//704 
f 704//704 704//704 701//701 
f 704//704 701//701 701//701 
f 701//701 701//701 703//703 
f 701//701 705//705 703//703 
f 703//703 705//705 703//703 
f 705//705 706//706 703//703 
f 703//703 706//706 703//703 
f 706//706 707//707 703//703 
f 703//703 707//707 703//703 
f 707//707 708//708 703//703 
f 703//703 708//708 703//703 
f 708//708 709//709 703//703 
f 703//703 709//709 703//703 
f 709//709 710//710 703//703 
f 703//703 710//710 703//703 
f 710//710 711//711 703//703 
f 703//703 711//711 703//703 
f 711//711 712//712 703//703 
f 703//703 712//712 703//703 
f 712//712 713//713 703//703 
f 703//703 713//713 703//703 
f 713//713 714//714 703//703 
f 703//703 714//714 703//703 
f 714//714 715//715 703//703 
f 703//703 715//715 703//703 
f 715//715 716//716 703//703 
f 703//703 716//716 703//703 
f 716//716 717//717 703//703 
f 703//703 717//717 704//704 
f 717//717 704//704 704//704 
f 704//704 704//704 718//718 
f 704//704 718//718 718//718 
f 718//718 718//718 719//719 
f 718//718 720//720 719//719 
f 719//719 720//720 721//721 
f 720//720 721//721 721//721 
f 721//721 721//721 718//718 
f 721//721 718//718 718//718 
f 718//718 718//718 720//720 
f 718//718 722//722 720//720 
f 720//720 722//722 720//720 
f 722//722 723//723 720//720 
f 720//720 723//723 720//720 
f 723//723 724//724 720//720 
f 720//720 724//724 720//720 
f 724//724 725//725 720//720 
f 720//720 725//725 720//720 
f 725//725 726//726 720//720 
f 720//720 726//726 720//720 
f 726//726 727//727 720//720 
f 720//720 727//727 720//720 
f 727//727 728//728 720//720 
f 720//720 728//728 720//720 
f 728//728 729//729 720//720 
f 720//720 729//729 720//720 
f 729//729 730//730 720//720 
f 720//720 730//730 720//720 
f 730//730 731//731 720//720 
f 720//720 731//731 720//720 
f 731//731 732//732 720//720 
f 720//720 732//732 720//720 
f 732//732 733//733 720//720 
f 720//720 733//733 720//720 
f 733//733 734//734 720//720 
f 720//720 734//734 721//721 
f 734//734 721//721 721//721 
f 721//721 721//721 735//735 
f 721//721 735//735 735//735 
f 735//735 735//735 736//736 
f 735//735 737//737 736//736 
f 736//736 737//737 738//738 
f 737//737 739//739 738//738 
f 738//738 739//739 738//738 
f 739//739 740//740 738//738 
f 738//738 740//740 738//738 
f 740//740 741//741 738//738 
f 738//738 741//741 738//738 
f 741//741 742//742 738//738 
f 738//738 742//742 736//736 
f 742//742 742//742 736//736 
f 736//736 742//742 743//743 
f 742//742 744//744 743//743 
f 743//743 744//744 745//745 
f 744//744 744//744 745//745 
f 745//745 744//744 746//746 
f 744//744 744//744 746//746 
f 746//746 744//744 747//747 
f 744//744 748//748 747//747 
f 747//747 748//748 749//749 
f 748//748 749//749 749//749 
f 749//749 749//749 744//744 
f 749//749 744//744 744//744 
f 744//744 744//744 748//748 
f 744//744 742//742 748//748 
f 748//748 742//742 741//741 
f 742//742 741//741 741//741 
f 741//741 741//741 750//750 
f 741//741 750//750 750//750 
f 750//750 750//750 751//751 
f 750//750 752//752 751//751 
f 751//751 752//752 753//753 
f 752//752 754//754 753//753 
f 753//753 754//754 753//753 
f 754//754 755//755 753//753 
f 753//753 755//755 753//753 
f 755//755 756//756 753//753 
f 753//753 756//756 753//753 
f 756//756 757//757 753//753 
f 753//753 757//757 751//751 
f 757//757 757//757 751//751 
f 751//751 757//757 758//758 
f 757//757 759//759 758//758 
f 758//758 759//759 760//760 
f 759//759 759//759 760//760 
f 760//760 759//759 761//761 
f 759//759 759//759 761//761 
f 761//761 759//759 762//762 
f 759//759 763//763 762//762 
f 762//762 763//763 764//764 
f 763//763 764//764 764//764 
f 764//764 764//764 759//759 
f 764//764 759//759 759//759 
f 759//759 759//759 763//763 
f 759//759 757//757 763//763 
f 763//763 757//757 756//756 
f 757//757 756//756 756//756 
f 756//756 756//756 765//765 
f 756//756 765//765 765//765 
f 765//765 765//765 766//766 
f 765//765 767//767 766//766 
f 766//766 767//767 768//768 
f 767//767 769//769 768//768 
f 768//768 769//769 768//768 
f 769//769 770//770 768//768 
f 768//768 770//770 768//768 
f 770//770 771//771 768//768 
f 768//768 771//771 768//768 
f 771//771 772//772 768//768 
f 768//768 772//772 766//766 
f 772//772 772//772 766//766 
f 766//766 772//772 773//773 
f 772//772 774//774 773//773 
f 773//773 774//774 775//775 
f 774//774 774//774 775//775 
f 775//775 774//774 776//776 
f 774//774 774//774 776//776 
f 776//776 774//774 777//777 
f 774//774 778//778 777//777 
f 777//777 778//778 779//779 
f 778//778 779//779 779//779 
f 779//779 779//779 774//774 
f 779//779 774//774 774//774 
f 774//774 774//774 778//778 
f 774//774 772//772 778//778 
f 778//778 772//772 771//771 
f 772//772 771//771 771//771 
f 771//771 771//771 780//780 
f 771//771 780//780 780//780 
f 780//780 780//780 781//781 
f 780//780 782//782 781//781 
f 781//781 782//782 783//783 
f 782//782 784//784 783//783 
f 783//783 784//784 783//783 
f 784//784 785//785 783//783 
f 783//783 785//785 783//783 
f 785//785 786//786 783//783 
f 783//783 786//786 783//783 
f 786//786 787//787 783//783 
f 783//783 787//787 781//781 
f 787//787 787//787 781//781 
f 781//781 787//787 788//788 
f 787//787 789//789 788//788 
f 788//788 789//789 790//790 
f 789//789 789//789 790//790 
f 790//790 789//789 791//791 
f 789//789 789//789 791//791 
f 791//791 789//789 792//792 
f 789//789 793//793 792//792 
f 792//792 793//793 794//794 
f 793//793 794//794 794//794 
f 794//794 794//794 789//789 
f 794//794 789//789 789//789 
f 789//789 789//789 793//793 
f 789//789 787//787 793//793 
f 793//793 787//787 786//786 
f 787//787 786//786 786//786 
f 786//786 786//786 795//795 
f 786//786 795//795 795//795 
f 795//795 795//795 796//796 
f 795//795 797//797 796//796 
f 796//796 797//797 798//798 
f 797//797 798//798 798//798 
f 798//798 798//798 795//795 
f 798//798 795//795 795//795 
f 795//795 795//795 797//797 
f 795//795 799//799 797//797 
f 797//797 799//799 797//797 
f 799//799 800//800 797//797 
f 797//797 800//800 797//797 
f 800//800 801//801 797//797 
f 797//797 801//801 797//797 
f 801//801 802//802 797//797 
f 797//797 802//802 797//797 
f 802//802 803//803 797//797 
f 797//797 803//803 797//797 
f 803//803 804//804 797//797 
f 797//797 804//804 797//797 
f 804//804 805//805 797//797 
f 797//797 805//805 797//797 
f 805//805 806//806 797//797 
f 797//797 806//806 797//797 
f 806//806 807//807 797//797 
f 797//797 807//807 797//797 
f 807//807 808//808 797//797 
f 797//797 808//808 797//797 
f 808//808 809//809 797//797 
f 797//797 809//809 797//797 
f 809//809 810//810 797//797 
f 797//797 810//810 797//797 
f 810//810 811//811 797//797 
f 797//797 811//811 798//798 
f 811//811 798//798 798//798 
f 798//798 798//798 812//812 
f 798//798 812//812 812//812 
f 812//812 812//812 813//813 
f 812//812 814//814 813//813 
f 813//813 814//814 815//815 
f 814//814 815//815 815//815 
f 815//815 815//815 812//812 
f 815//815 812//812 812//812 
f 812//812 812//812 814//814 
f 812//812 816//816 814//814 
f 814//814 816//816 814//814 
f 816//816 817//817 814//814 
f 814//814 817//817 814//814 
f 817//817 818//818 814//814 
f 814//814 818//818 814//814 
f 818//818 819//819 814//814 
f 814//814 819//819 814//814 
f 819//819 820//820 814//814 
f 814//814 820//820 814//814 
f 820//820 821//821 814//814 
f 814//814 821//821 814//814 
f 821//821 822//822 814//814 
f 814//814 822//822 814//814 
f 822//822 823//823 814//814 
f 814//814 823//823 814//814 
f 823//823 824//824 814//814 
f 814//814 824//824 814//814 
f 824//824 825//825 814//814 
f 814//814 825//825 814//814 
f 825//825 826//826 814//814 
f 814//814 826//826 814//814 
f 826//826 827//827 814//814 
f 814//814 827//827 814//814 
f 827//827 828//828 814//814 
f 814//814 828//828 815//815 
f 828//828 815//815 815//815 
f 815//815 815//815 829//829 
f 815//815 829//829 829//829 
f 829//829 829//829 830//830 
f 829//829 831//831 830//830 
f 830//830 831//831 832//832 
f 831//831 833//833 832//832 
f 832//832 833//833 832//832 
f 833//833 834//834 832//832 
f 832//832 834//834 832//832 
f 834//834 835//835 832//832 
f 832//832 835//835 832//832 
f 835//835 836//836 832//832 
f 832//832 836//836 830//830 
f 836//836 836//836 830//830 
f 830//830 836//836 837//837 
f 836//836 838//838 837//837 
f 837//837 838//838 839//839 
f 838//838 838//838 839//839 
f 839//839 838//838 840//840 
f 838//838 838//838 840//840 
f 840//840 838//838 841//841 
f 838//838 842//842 841//841 
f 841//841 842//842 843//843 
f 842//842 843//843 843//843 
f 843//843 843//843 838//838 
f 843//843 838//838 838//838 
f 838//838 838//838 842//842 
f 838//838 836//836 842//842 
f 842//842 836//836 835//835 
f 836//836 835//835 835//835 
f 835//835 835//835 844//844 
f 835//835 844//844 844//844 
f 844//844 844//844 845//845 
f 844//844 846//846 845//845 
f 845//845 846//846 847//847 
f 846//846 848//848 847//847 
f 847//847 848//848 847//847 
f 848//848 849//849 847//847 
f 847//847 849//849 847//847 
f 849//849 850//850 847//847 
f 847//847 850//850 847//847 
f 850//850 851//851 847//847 
f 847//847 851//851 845//845 
f 851//851 851//851 845//845 
f 845//845 851//851 852//852 
f 851//851 853//853 852//852 
f 852//852 853//853 854//854 
f 853//853 853//853 854//854 
f 854//854 853//853 855//855 
f 853//853 853//853 855//855 
f 855//855 853//853 856//856 
f 853//853 857//857 856//856 
f 856//856 857//857 858//858 
f 857//857 858//858 858//858 
f 858//858 858//858 853//853 
f 858//858 853//853 853//853 
f 853//853 853//853 857//857 
f 853//853 851//851 857//857 
f 857//857 851//851 850//850 
f 851//851 850//850 850//850 
f 850//850 850//850 859//859 
f 850//850 859//859 859//859 
f 859//859 859//859 860//860 
f 859//859 861//861 860//860 
f 860//860 861//861 862//862 
f 861//861 863//863 862//862 
f 862//862 863//863 862//862 
f 863//863 864//864 862//862 
f 862//862 864//864 862//862 
f 864//864 865//865 862//862 
f 862//862 865//865 862//862 
f 865//865 866//866 862//862 
f 862//862 866//866 860//860 
f 866//866 866//866 860//860 
f 860//860 866//866 867//867 
f 866//866 868//868 867//867 
f 867//867 868//868 869//869 
f 868//868 868//868 869//869 
f 869//869 868//868 870//870 
f 868//868 868//868 870//870 
f 870//870 868//868 871//871 
f 868//868 872//872 871//871 
f 871//871 872//872 873//873 
f 872//872 873//873 873//873 
f 873//873 873//873 868//868 
f 873//873 868//868 868//868 
f 868//868 868//868 872//872 
f 868//868 866//866 872//872 
f 872//872 866//866 865//865 
f 866//866 865//865 865//865 
f 865//865 865//865 874//874 
f 865//865 874//874 874//874 
f 874//874 874//874 875//875 
f 874//874 876//876 875//875 
f 875//875 876//876 877//877 
f 876//876 878//878 877//877 
f 877//877 878//878 877//877 
f 878//878 879//879 877//877 
f 877//877 879//879 877//877 
f 879//879 880//880 877//877 
f 877//877 880//880 877//877 
f 880//880 881//881 877//877 
f 877//877 881//881 875//875 
f 881//881 881//881 875//875 
f 875//875 881//881 882//882 
f 881//881 883//883 882//882 
f 882//882 883//883 884//884 
f 883//883 883//883 884//884 
f 884//884 883//883 885//885 
f 883//883 883//883 885//885 
f 885//885 883//883 886//886 
f 883//883 887//887 886//886 
f 886//886 887//887 888//888 
f 887//887 888//888 888//888 
f 888//888 888//888 883//883 
f 888//888 883//883 883//883 
f 883//883 883//883 887//887 
f 883//883 881//881 887//887 
f 887//887 881//881 880//880 
f 881//881 880//880 880//880 
f 880//880 880//880 889//889 
f 880//880 889//889 889//889 
f 889//889 889//889 890//890 
f 889//889 891//891 890//890 
f 890//890 891//891 892//892 
f 891//891 892//892 892//892 
f 892//892 892//892 889//889 
f 892//892 889//889 889//889 
f 889//889 889//889 891//891 
f 889//889 893//893 891//891 
f 891//891 893//893 891//891 
f 893//893 894//894 891//891 
f 891//891 894//894 891//891 
f 894//894 895//895 891//891 
f 891//891 895//895 891//891 
f 895//895 896//896 891//891 
f 891//891 896//896 891//891 
f 896//896 897//897 891//891 
f 891//891 897//897 891//891 
f 897//897 898//898 891//891 
f 891//891 898//898 891//891 
f 898//898 899//899 891//891 
f 891//891 899//899 891//891 
f 899//899 900//900 891//891 
f 891//891 900//900 891//891 
f 900//900 901//901 891//891 
f 891//891 901//901 891//891 
f 901//901 902//902 891//891 
f 891//891 902//902 891//891 
f 902//902 903//903 891//891 
f 891//891 903//903 891//891 
f 903//903 904//904 891//891 
f 891//891 904//904 891//891 
f 904//904 905//905 891//891 
f 891//891 905//905 892//892 
f 905//905 892//892 892//892 
f 892//892 892//892 906//906 
f 892//892 906//906 906//906 
f 906//906 906//906 907//907 
f 906//906 908//908 907//907 
f 907//907 908//908 909//909 
f 908//908 909//909 909//909 
f 909//909 909//909 906//906 
f 909//909 906//906 906//906 
f 906//906 906//906 908//908 
f 906//906 910//910 908//908 
f 908//908 910//910 908//908 
f 910//910 911//911 908//908 
f 908//908 911//911 908//908 
f 911//911 912//912 908//908 
f 908//908 912//912 908//908 
f 912//912 913//913 908//908 
f 908//908 913//913 908//908 
f 913//913 914//914 908//908 
f 908//908 914//914 908//908 
f 914//914 915//915 908//908 
f 908//908 915//915 908//908 
f 915//915 916//916 908//908 
f 908//908 916//916 908//908 
f 916//916 917//917 908//908 
f 908//908 917//917 908//908 
f 917//917 918//918 908//908 
f 908//908 918//918 908//908 
f 918//918 919//919 908//908 
f 908//908 919//919 908//908 
f 919//919 920//920 908//908 
f 908//908 920//920 908//908 
f 920//920 921//921 908//908 
f 908//908 921//921 908//908 
f 921//921 922//922 908//908 
f 908//908 922//922 909//909 
f 922//922 909//909 909//909 
f 909//909 909//909 923//923 
f 909//909 923//923 923//923 
f 923//923 923//923 924//924 
f 923//923 925//925 924//924 
f 924//924 925//925 926//926 
f 925//925 927//927 926//926 
f 926//926 927//927 926//926 
f 927//927 928//928 926//926 
f 926//926 928//928 926//926 
f 928//928 929//929 926//926 
f 926//926 929//929 930//930 
f 929//929 931//931 930//930 
f 930//930 931//931 930//930 
f 931//931 932//932 930//930 
f 930//930 932//932 933//933 
f 932//932 934//934 933//933 
f 933//933 934//934 934//934 
f 934//934 926//926 934//934 
f 934//934 926//926 926//926 
f 926//926 930//930 926//926 
f 926//926 930//930 924//924 
f 930//930 933//933 924//924 
f 924//924 933//933 933//933 
f 933//933 935//935 933//933 
f 933//933 935//935 935//935 
f 935//935 936//936 935//935 
f 935//935 936//936 937//937 
f 936//936 938//938 937//937 
f 937//937 938//938 939//939 
f 938//938 938//938 939//939 
f 939//939 938//938 940//940 
f 938//938 941//941 940//940 
f 940//940 941//941 942//942 
f 941//941 941//941 942//942 
f 942//942 941//941 943//943 
f 941//941 941//941 943//943 
f 943//943 941//941 944//944 
f 941//941 945//945 944//944 
f 944//944 945//945 946//946 
f 945//945 946//946 946//946 
f 946//946 946//946 936//936 
f 946//946 936//936 936//936 
f 936//936 936//936 938//938 
f 936//936 945//945 938//938 
f 938//938 945//945 941//941 
f 945//945 941//941 941//941 
f 941//941 941//941 947//947 
f 941//941 947//947 947//947 
f 947//947 947//947 948//948 
f 947//947 949//949 948//948 
f 948//948 949//949 948//948 
f 949//949 950//950 948//948 
f 948//948 950//950 951//951 
f 950//950 952//952 951//951 
f 951//951 952//952 952//952 
f 952//952 947//947 952//952 
f 952//952 947//947 947//947 
f 947//947 948//948 947//947 
f 947//947 948//948 953//953 
f 948//948 954//954 953//953 
f 953//953 954//954 955//955 
f 954//954 956//956 955//955 
f 955//955 956//956 957//957 
f 956//956 958//958 957//957 
f 957//957 958//958 959//959 
f 958//958 958//958 959//959 
f 959//959 958//958 960//960 
f 958//958 961//961 960//960 
f 960//960 961//961 962//962 
f 961//961 962//962 962//962 
f 962//962 962//962 948//948 
f 962//962 948//948 948//948 
f 948//948 948//948 954//954 
f 948//948 951//951 954//954 
f 954//954 951//951 956//956 
f 951//951 963//963 956//956 
f 956//956 963//963 958//958 
f 963//963 963//963 958//958 
f 958//958 963//963 961//961 
f 963//963 963//963 961//961 
f 961//961 963//963 964//964 
f 963//963 952//952 964//964 
f 964//964 952//952 965//965 
f 952//952 950//950 965//965 
f 965//965 950//950 966//966 
f 950//950 949//949 966//966 
f 966//966 949//949 949//949 
f 949//949 955//955 949//949 
f 949//949 955//955 955//955 
f 955//955 957//957 955//955 
f 955//955 957//957 953//953 
f 957//957 953//953 953//953 
f 953//953 953//953 951//951 
f 953//953 951//951 951//951 
f 951//951 951//951 963//963 
f 951//951 952//952 963//963 
f 963//963 952//952 952//952 
f 952//952 965//965 952//952 
f 952//952 965//965 965//965 
f 965//965 966//966 965//965 
f 965//965 966//966 964//964 
f 966//966 964//964 964//964 
f 964//964 964//964 967//967 
f 964//964 967//967 967//967 
f 967//967 967//967 968//968 
f 967//967 969//969 968//968 
f 968//968 969//969 970//970 
f 969//969 971//971 970//970 
f 970//970 971//971 972//972 
f 971//971 971//971 972//972 
f 972//972 971//971 973//973 
f 971//971 971//971 973//973 
f 973//973 971//971 974//974 
f 971//971 975//975 974//974 
f 974//974 975//975 976//976 
f 975//975 977//977 976//976 
f 976//976 977//977 976//976 
f 977//977 978//978 976//976 
f 976//976 978//978 974//974 
f 978//978 978//978 974//974 
f 974//974 978//978 973//973 
f 978//978 979//979 973//973 
f 973//973 979//979 980//980 
f 979//979 981//981 980//980 
f 980//980 981//981 980//980 
f 981//981 982//982 980//980 
f 980//980 982//982 980//980 
f 982//982 983//983 980//980 
f 980//980 983//983 972//972 
f 983//983 983//983 972//972 
f 972//972 983//983 984//984 
f 983//983 968//968 984//984 
f 984//984 968//968 968//968 
f 968//968 971//971 968//968 
f 968//968 971//971 971//971 
f 971//971 969//969 971//971 
f 971//971 969//969 975//975 
f 969//969 985//985 975//975 
f 975//975 985//985 977//977 
f 985//985 977//977 977//977 
f 977//977 977//977 969//969 
f 977//977 969//969 969//969 
f 969//969 969//969 985//985 
f 969//969 967//967 985//985 
f 985//985 967//967 967//967 
f 967//967 980//980 967//967 
f 967//967 980//980 980//980 
f 980//980 972//972 980//980 
f 980//980 972//972 973//973 
f 972//972 973//973 973//973 
f 973//973 973//973 981//981 
f 973//973 981//981 981//981 
f 981//981 981//981 986//986 
f 981//981 979//979 986//986 
f 986//986 979//979 979//979 
f 979//979 972//972 979//979 
f 979//979 972//972 972//972 
f 972//972 984//984 972//972 
f 972//972 984//984 970//970 
f 984//984 968//968 970//970 
f 970//970 968//968 968//968 
f 968//968 987//987 968//968 
f 968//968 987//987 987//987 
f 987//987 988//988 987//987 
f 987//987 988//988 989//989 
f 988//988 990//990 989//989 
f 989//989 990//990 989//989 
f 990//990 991//991 989//989 
f 989//989 991//991 992//992 
f 991//991 992//992 992//992 
f 992//992 992//992 993//993 
f 992//992 993//993 993//993 
f 993//993 993//993 994//994 
f 993//993 995//995 994//994 
f 994//994 995//995 994//994 
f 995//995 996//996 994//994 
f 994//994 996//996 994//994 
f 996//996 997//997 994//994 
f 994//994 997//997 998//998 
f 997//997 998//998 998//998 
f 998//998 998//998 999//999 
f 998//998 999//999 999//999 
f 999//999 999//999 1000//1000 
f 999//999 1001//1001 1000//1000 
f 1000//1000 1001//1001 1000//1000 
f 1001//1001 1002//1002 1000//1000 
f 1000//1000 1002//1002 1000//1000 
f 1002//1002 1003//1003 1000//1000 
f 1000//1000 1003//1003 1004//1004 
f 1003//1003 1004//1004 1004//1004 
f 1004//1004 1004//1004 1005//1005 
f 1004//1004 1005//1005 1005//1005 
f 1005//1005 1005//1005 1006//1006 
f 1005//1005 1007//1007 1006//1006 
f 1006//1006 1007//1007 1006//1006 
f 1007//1007 1008//1008 1006//1006 
f 1006//1006 1008//1008 1006//1006 
f 1008//1008 1009//1009 1006//1006 
f 1006//1006 1009//1009 1010//1010 
f 1009//1009 1010//1010 1010//1010 
f 1010//1010 1010//1010 1011//1011 
f 1010//1010 1011//1011 1011//1011 
f 1011//1011 1011//1011 1012//1012 
f 1011//1011 1013//1013 1012//1012 
f 1012//1012 1013//1013 1014//1014 
f 1013//1013 1015//1015 1014//1014 
f 1014//1014 1015//1015 1014//1014 
f 1015//1015 1016//1016 1014//1014 
f 1014//1014 1016//1016 1014//1014 
f 1016//1016 1017//1017 1014//1014 
f 1014//1014 1017//1017 1014//1014 
f 1017//1017 1018//1018 1014//1014 
f 1014//1014 1018//1018 1012//1012 
f 1018//1018 1018//1018 1012//1012 
f 1012//1012 1018//1018 1019//1019 
f 1018//1018 1020//1020 1019//1019 
f 1019//1019 1020//1020 1021//1021 
f 1020//1020 1020//1020 1021//1021 
f 1021//1021 1020//1020 1022//1022 
f 1020//1020 1020//1020 1022//1022 
f 1022//1022 1020//1020 1023//1023 
f 1020//1020 1024//1024 1023//1023 
f 1023//1023 1024//1024 1025//1025 
f 1024//1024 1025//1025 1025//1025 
f 1025//1025 1025//1025 1020//1020 
f 1025//1025 1020//1020 1020//1020 
f 1020//1020 1020//1020 1024//1024 
f 1020//1020 1018//1018 1024//1024 
f 1024//1024 1018//1018 1017//1017 
f 1018//1018 1017//1017 1017//1017 
f 1017//1017 1017//1017 1026//1026 
f 1017//1017 1026//1026 1026//1026 
f 1026//1026 1026//1026 1027//1027 
f 1026//1026 1028//1028 1027//1027 
f 1027//1027 1028//1028 1029//1029 
f 1028//1028 1030//1030 1029//1029 
f 1029//1029 1030//1030 1029//1029 
f 1030//1030 1031//1031 1029//1029 
f 1029//1029 1031//1031 1029//1029 
f 1031//1031 1032//1032 1029//1029 
f 1029//1029 1032//1032 1029//1029 
f 1032//1032 1033//1033 1029//1029 
f 1029//1029 1033//1033 1027//1027 
f 1033//1033 1033//1033 1027//1027 
f 1027//1027 1033//1033 1034//1034 
f 1033//1033 1035//1035 1034//1034 
f 1034//1034 1035//1035 1036//1036 
f 1035//1035 1035//1035 1036//1036 
f 1036//1036 1035//1035 1037//1037 
f 1035//1035 1035//1035 1037//1037 
f 1037//1037 1035//1035 1038//1038 
f 1035//1035 1039//1039 1038//1038 
f 1038//1038 1039//1039 1040//1040 
f 1039//1039 1040//1040 1040//1040 
f 1040//1040 1040//1040 1035//1035 
f 1040//1040 1035//1035 1035//1035 
f 1035//1035 1035//1035 1039//1039 
f 1035//1035 1033//1033 1039//1039 
f 1039//1039 1033//1033 1032//1032 
f 1033//1033 1032//1032 1032//1032 
f 1032//1032 1032//1032 1041//1041 
f 1032//1032 1041//1041 1041//1041 
f 1041//1041 1041//1041 1042//1042 
f 1041//1041 1043//1043 1042//1042 
f 1042//1042 1043//1043 1044//1044 
f 1043//1043 1045//1045 1044//1044 
f 1044//1044 1045//1045 1044//1044 
f 1045//1045 1046//1046 1044//1044 
f 1044//1044 1046//1046 1044//1044 
f 1046//1046 1047//1047 1044//1044 
f 1044//1044 1047//1047 1044//1044 
f 1047//1047 1048//1048 1044//1044 
f 1044//1044 1048//1048 1042//1042 
f 1048//1048 1048//1048 1042//1042 
f 1042//1042 1048//1048 1049//1049 
f 1048//1048 1050//1050 1049//1049 
f 1049//1049 1050//1050 1051//1051 
f 1050//1050 1050//1050 1051//1051 
f 1051//1051 1050//1050 1052//1052 
f 1050//1050 1050//1050 1052//1052 
f 1052//1052 1050//1050 1053//1053 
f 1050//1050 1054//1054 1053//1053 
f 1053//1053 1054//1054 1055//1055 
f 1054//1054 1055//1055 1055//1055 
f 1055//1055 1055//1055 1050//1050 
f 1055//1055 1050//1050 1050//1050 
f 1050//1050 1050//1050 1054//1054 
f 1050//1050 1048//1048 1054//1054 
f 1054//1054 1048//1048 1047//1047 
f 1048//1048 1047//1047 1047//1047 
f 1047//1047 1047//1047 1056//1056 
f 1047//1047 1056//1056 1056//1056 
f 1056//1056 1056//1056 1057//1057 
f 1056//1056 1058//1058 1057//1057 
f 1057//1057 1058//1058 1059//1059 
f 1058//1058 1060//1060 1059//1059 
f 1059//1059 1060//1060 1059//1059 
f 1060//1060 1061//1061 1059//1059 
f 1059//1059 1061//1061 1059//1059 
f 1061//1061 1062//1062 1059//1059 
f 1059//1059 1062//1062 1059//1059 
f 1062//1062 1063//1063 1059//1059 
f 1059//1059 1063//1063 1057//1057 
f 1063//1063 1063//1063 1057//1057 
f 1057//1057 1063//1063 1064//1064 
f 1063//1063 1065//1065 1064//1064 
f 1064//1064 1065//1065 1066//1066 
f 1065//1065 1065//1065 1066//1066 
f 1066//1066 1065//1065 1067//1067 
f 1065//1065 1065//1065 1067//1067 
f 1067//1067 1065//1065 1068//1068 
f 1065//1065 1069//1069 1068//1068 
f 1068//1068 1069//1069 1070//1070 
f 1069//1069 1070//1070 1070//1070 
f 1070//1070 1070//1070 1065//1065 
f 1070//1070 1065//1065 1065//1065 
f 1065//1065 1065//1065 1069//1069 
f 1065//1065 1063//1063 1069//1069 
f 1069//1069 1063//1063 1062//1062 
f 1063//1063 1062//1062 1062//1062 
f 1062//1062 1062//1062 1071//1071 
f 1062//1062 1071//1071 1071//1071 
f 1071//1071 1071//1071 1072//1072 
f 1071//1071 1073//1073 1072//1072 
f 1072//1072 1073//1073 1074//1074 
f 1073//1073 1074//1074 1074//1074 
f 1074//1074 1074//1074 1071//1071 
f 1074//1074 1071//1071 1071//1071 
f 1071//1071 1071//1071 1073//1073 
f 1071//1071 1075//1075 1073//1073 
f 1073//1073 1075//1075 1073//1073 
f 1075//1075 1076//1076 1073//1073 
f 1073//1073 1076//1076 1073//1073 
f 1076//1076 1077//1077 1073//1073 
f 1073//1073 1077//1077 1073//1073 
f 1077//1077 1078//1078 1073//1073 
f 1073//1073 1078//1078 1073//1073 
f 1078//1078 1079//1079 1073//1073 
f 1073//1073 1079//1079 1073//1073 
f 1079//1079 1080//1080 1073//1073 
f 1073//1073 1080//1080 1073//1073 
f 1080//1080 1081//1081 1073//1073 
f 1073//1073 1081//1081 1073//1073 
f 1081//1081 1082//1082 1073//1073 
f 1073//1073 1082//1082 1073//1073 
f 1082//1082 1083//1083 1073//1073 
f 1073//1073 1083//1083 1073//1073 
f 1083//1083 1084//1084 1073//1073 
f 1073//1073 1084//1084 1073//1073 
f 1084//1084 1085//1085 1073//1073 
f 1073//1073 1085//1085 1073//1073 
f 1085//1085 1086//1086 1073//1073 
f 1073//1073 1086//1086 1073//1073 
f 1086//1086 1087//1087 1073//1073 
f 1073//1073 1087//1087 1074//1074 
f 1087//1087 1074//1074 1074//1074 
f 1074//1074 1074//1074 1088//1088 
f 1074//1074 1088//1088 1088//1088 
f 1088//1088 1088//1088 1089//1089 
f 1088//1088 1090//1090 1089//1089 
f 1089//1089 1090//1090 1091//1091 
f 1090//1090 1091//1091 1091//1091 
f 1091//1091 1091//1091 1088//1088 
f 1091//1091 1088//1088 1088//1088 
f 1088//1088 1088//1088 1090//1090 
f 1088//1088 1092//1092 1090//1090 
f 1090//1090 1092//1092 1090//1090 
f 1092//1092 1093//1093 1090//1090 
f 1090//1090 1093//1093 1090//1090 
f 1093//1093 1094//1094 1090//1090 
f 1090//1090 1094//1094 1090//1090 
f 1094//1094 1095//1095 1090//1090 
f 1090//1090 1095//1095 1090//1090 
f 1095//1095 1096//1096 1090//1090 
f 1090//1090 1096//1096 1090//1090 
f 1096//1096 1097//1097 1090//1090 
f 1090//1090 1097//1097 1090//1090 
f 1097//1097 1098//1098 1090//1090 
f 1090//1090 1098//1098 1090//1090 
f 1098//1098 1099//1099 1090//1090 
f 1090//1090 1099//1099 1090//1090 
f 1099//1099 1100//1100 1090//1090 
f 1090//1090 1100//1100 1090//1090 
f 1100//1100 1101//1101 1090//1090 
f 1090//1090 1101//1101 1090//1090 
f 1101//1101 1102//1102 1090//1090 
f 1090//1090 1102//1102 1090//1090 
f 1102//1102 1103//1103 1090//1090 
f 1090//1090 1103//1103 1090//1090 
f 1103//1103 1104//1104 1090//1090 
f 1090//1090 1104//1104 1091//1091 
f 1104//1104 1091//1091 1091//1091 
f 1091//1091 1091//1091 1105//1105 
f 1091//1091 1105//1105 1105//1105 
f 1105//1105 1105//1105 1106//1106 
f 1105//1105 1107//1107 1106//1106 
f 1106//1106 1107//1107 1108//1108 
f 1107//1107 1109//1109 1108//1108 
f 1108//1108 1109//1109 1108//1108 
f 1109//1109 1110//1110 1108//1108 
f 1108//1108 1110//1110 1108//1108 
f 1110//1110 1111//1111 1108//1108 
f 1108//1108 1111//1111 1108//1108 
f 1111//1111 1112//1112 1108//1108 
f 1108//1108 1112//1112 1106//1106 
f 1112//1112 1112//1112 1106//1106 
f 1106//1106 1112//1112 1113//1113 
f 1112//1112 1114//1114 1113//1113 
f 1113//1113 1114//1114 1115//1115 
f 1114//1114 1114//1114 1115//1115 
f 1115//1115 1114//1114 1116//1116 
f 1114//1114 1114//1114 1116//1116 
f 1116//1116 1114//1114 1117//1117 
f 1114//1114 1118//1118 1117//1117 
f 1117//1117 1118//1118 1119//1119 
f 1118//1118 1119//1119 1119//1119 
f 1119//1119 1119//1119 1114//1114 
f 1119//1119 1114//1114 1114//1114 
f 1114//1114 1114//1114 1118//1118 
f 1114//1114 1112//1112 1118//1118 
f 1118//1118 1112//1112 1111//1111 
f 1112//1112 1111//1111 1111//1111 
f 1111//1111 1111//1111 1120//1120 
f 1111//1111 1120//1120 1120//1120 
f 1120//1120 1120//1120 1121//1121 
f 1120//1120 1122//1122 1121//1121 
f 1121//1121 1122//1122 1123//1123 
f 1122//1122 1124//1124 1123//1123 
f 1123//1123 1124//1124 1123//1123 
f 1124//1124 1125//1125 1123//1123 
f 1123//1123 1125//1125 1123//1123 
f 1125//1125 1126//1126 1123//1123 
f 1123//1123 1126//1126 1123//1123 
f 1126//1126 1127//1127 1123//1123 
f 1123//1123 1127//1127 1121//1121 
f 1127//1127 1127//1127 1121//1121 
f 1121//1121 1127//1127 1128//1128 
f 1127//1127 1129//1129 1128//1128 
f 1128//1128 1129//1129 1130//1130 
f 1129//1129 1129//1129 1130//1130 
f 1130//1130 1129//1129 1131//1131 
f 1129//1129 1129//1129 1131//1131 
f 1131//1131 1129//1129 1132//1132 
f 1129//1129 1133//1133 1132//1132 
f 1132//1132 1133//1133 1134//1134 
f 1133//1133 1134//1134 1134//1134 
f 1134//1134 1134//1134 1129//1129 
f 1134//1134 1129//1129 1129//1129 
f 1129//1129 1129//1129 1133//1133 
f 1129//1129 1127//1127 1133//1133 
f 1133//1133 1127//1127 1126//1126 
f 1127//1127 1126//1126 1126//1126 
f 1126//1126 1126//1126 1135//1135 
f 1126//1126 1135//1135 1135//1135 
f 1135//1135 1135//1135 1136//1136 
f 1135//1135 1137//1137 1136//1136 
f 1136//1136 1137//1137 1138//1138 
f 1137//1137 1139//1139 1138//1138 
f 1138//1138 1139//1139 1138//1138 
f 1139//1139 1140//1140 1138//1138 
f 1138//1138 1140//1140 1138//1138 
f 1140//1140 1141//1141 1138//1138 
f 1138//1138 1141//1141 1138//1138 
f 1141//1141 1142//1142 1138//1138 
f 1138//1138 1142//1142 1136//1136 
f 1142//1142 1142//1142 1136//1136 
f 1136//1136 1142//1142 1143//1143 
f 1142//1142 1144//1144 1143//1143 
f 1143//1143 1144//1144 1145//1145 
f 1144//1144 1144//1144 1145//1145 
f 1145//1145 1144//1144 1146//1146 
f 1144//1144 1144//1144 1146//1146 
f 1146//1146 1144//1144 1147//1147 
f 1144//1144 1148//1148 1147//1147 
f 1147//1147 1148//1148 1149//1149 
f 1148//1148 1149//1149 1149//1149 
f 1149//1149 1149//1149 1144//1144 
f 1149//1149 1144//1144 1144//1144 
f 1144//1144 1144//1144 1148//1148 
f 1144//1144 1142//1142 1148//1148 
f 1148//1148 1142//1142 1141//1141 
f 1142//1142 1141//1141 1141//1141 
f 1141//1141 1141//1141 1150//1150 
f 1141//1141 1150//1150 1150//1150 
f 1150//1150 1150//1150 1151//1151 
f 1150//1150 1152//1152 1151//1151 
f 1151//1151 1152//1152 1153//1153 
f 1152//1152 1154//1154 1153//1153 
f 1153//1153 1154//1154 1153//1153 
f 1154//1154 1155//1155 1153//1153 
f 1153//1153 1155//1155 1153//1153 
f 1155//1155 1156//1156 1153//1153 
f 1153//1153 1156//1156 1153//1153 
f 1156//1156 1157//1157 1153//1153 
f 1153//1153 1157//1157 1151//1151 
f 1157//1157 1157//1157 1151//1151 
f 1151//1151 1157//1157 1158//1158 
f 1157//1157 1159//1159 1158//1158 
f 1158//1158 1159//1159 1160//1160 
f 1159//1159 1159//1159 1160//1160 
f 1160//1160 1159//1159 1161//1161 
f 1159//1159 1159//1159 1161//1161 
f 1161//1161 1159//1159 1162//1162 
f 1159//1159 1163//1163 1162//1162 
f 1162//1162 1163//1163 1164//1164 
f 1163//1163 1164//1164 1164//1164 
f 1164//1164 1164//1164 1159//1159 
f 1164//1164 1159//1159 1159//1159 
f 1159//1159 1159//1159 1163//1163 
f 1159//1159 1157//1157 1163//1163 
f 1163//1163 1157//1157 1156//1156 
f 1157//1157 1156//1156 1156//1156 
f 1156//1156 1156//1156 1165//1165 
f 1156//1156 1165//1165 1165//1165 
f 1165//1165 1165//1165 1166//1166 
f 1165//1165 1167//1167 1166//1166 
f 1166//1166 1167//1167 1168//1168 
f 1167//1167 1168//1168 1168//1168 
f 1168//1168 1168//1168 1165//1165 
f 1168//1168 1165//1165 1165//1165 
f 1165//1165 1165//1165 1167//1167 
f 1165//1165 1169//1169 1167//1167 
f 1167//1167 1169//1169 1167//1167 
f 1169//1169 1170//1170 1167//1167 
f 1167//1167 1170//1170 1167//1167 
f 1170//1170 1171//1171 1167//1167 
f 1167//1167 1171//1171 1167//1167 
f 1171//1171 1172//1172 1167//1167 
f 1167//1167 1172//1172 1167//1167 
f 1172//1172 1173//1173 1167//1167 
f 1167//1167 1173//1173 1167//1167 
f 1173//1173 1174//1174 1167//1167 
f 1167//1167 1174//1174 1167//1167 
f 1174//1174 1175//1175 1167//1167 
f 1167//1167 1175//1175 1167//1167 
f 1175//1175 1176//1176 1167//1167 
f 1167//1167 1176//1176 1167//1167 
f 1176//1176 1177//1177 1167//1167 
f 1167//1167 1177//1177 1167//1167 
f 1177//1177 1178//1178 1167//1167 
f 1167//1167 1178//1178 1167//1167 
f 1178//1178 1179//1179 1167//1167 
f 1167//1167 1179//1179 1167//1167 
f 1179//1179 1180//1180 1167//1167 
f 1167//1167 1180//1180 1167//1167 
f 1180//1180 1181//1181 1167//1167 
f 1167//1167 1181//1181 1168//1168 
f 1181//1181 1168//1168 1168//1168 
f 1168//1168 1168//1168 1182//1182 
f 1168//1168 1182//1182 1182//1182 
f 1182//1182 1182//1182 1183//1183 
f 1182//1182 1184//1184 1183//1183 
f 1183//1183 1184//1184 1185//1185 
f 1184//1184 1185//1185 1185//1185 
f 1185//1185 1185//1185 1182//1182 
f 1185//1185 1182//1182 1182//1182 
f 1182//1182 1182//1182 1184//1184 
f 1182//1182 1186//1186 1184//1184 
f 1184//1184 1186//1186 1184//1184 
f 1186//1186 1187//1187 1184//1184 
f 1184//1184 1187//1187 1184//1184 
f 1187//1187 1188//1188 1184//1184 
f 1184//1184 1188//1188 1184//1184 
f 1188//1188 1189//1189 1184//1184 
f 1184//1184 1189//1189 1184//1184 
f 1189//1189 1190//1190 1184//1184 
f 1184//1184 1190//1190 1184//1184 
f 1190//1190 1191//1191 1184//1184 
f 1184//1184 1191//1191 1184//1184 
f 1191//1191 1192//1192 1184//1184 
f 1184//1184 1192//1192 1184//1184 
f 1192//1192 1193//1193 1184//1184 
f 1184//1184 1193//1193 1184//1184 
f 1193//1193 1194//1194 1184//1184 
f 1184//1184 1194//1194 1184//1184 
f 1194//1194 1195//1195 1184//1184 
f 1184//1184 1195//1195 1184//1184 
f 1195//1195 1196//1196 1184//1184 
f 1184//1184 1196//1196 1184//1184 
f 1196//1196 1197//1197 1184//1184 
f 1184//1184 1197//1197 1184//1184 
f 1197//1197 1198//1198 1184//1184 
f 1184//1184 1198//1198 1185//1185 
f 1198//1198 1185//1185 1185//1185 
f 1185//1185 1185//1185 1199//1199 
f 1185//1185 1199//1199 1199//1199 
f 1199//1199 1199//1199 1200//1200 
f 1199//1199 1201//1201 1200//1200 
f 1200//1200 1201//1201 1202//1202 
f 1201//1201 1203//1203 1202//1202 
f 1202//1202 1203//1203 1202//1202 
f 1203//1203 1204//1204 1202//1202 
f 1202//1202 1204//1204 1202//1202 
f 1204//1204 1205//1205 1202//1202 
f 1202//1202 1205//1205 1202//1202 
f 1205//1205 1206//1206 1202//1202 
f 1202//1202 1206//1206 1200//1200 
f 1206//1206 1206//1206 1200//1200 
f 1200//1200 1206//1206 1207//1207 
f 1206//1206 1208//1208 1207//1207 
f 1207//1207 1208//1208 1209//1209 
f 1208//1208 1208//1208 1209//1209 
f 1209//1209 1208//1208 1210//1210 
f 1208//1208 1208//1208 1210//1210 
f 1210//1210 1208//1208 1211//1211 
f 1208//1208 1212//1212 1211//1211 
f 1211//1211 1212//1212 1213//1213 
f 1212//1212 1213//1213 1213//1213 
f 1213//1213 1213//1213 1208//1208 
f 1213//1213 1208//1208 1208//1208 
f 1208//1208 1208//1208 1212//1212 
f 1208//1208 1206//1206 1212//1212 
f 1212//1212 1206//1206 1205//1205 
f 1206//1206 1205//1205 1205//1205 
f 1205//1205 1205//1205 1214//1214 
f 1205//1205 1214//1214 1214//1214 
f 1214//1214 1214//1214 1215//1215 
f 1214//1214 1216//1216 1215//1215 
f 1215//1215 1216//1216 1217//1217 
f 1216//1216 1218//1218 1217//1217 
f 1217//1217 1218//1218 1217//1217 
f 1218//1218 1219//1219 1217//1217 
f 1217//1217 1219//1219 1217//1217 
f 1219//1219 1220//1220 1217//1217 
f 1217//1217 1220//1220 1217//1217 
f 1220//1220 1221//1221 1217//1217 
f 1217//1217 1221//1221 1215//1215 
f 1221//1221 1221//1221 1215//1215 
f 1215//1215 1221//1221 1222//1222 
f 1221//1221 1223//1223 1222//1222 
f 1222//1222 1223//1223 1224//1224 
f 1223//1223 1223//1223 1224//1224 
f 1224//1224 1223//1223 1225//1225 
f 1223//1223 1223//1223 1225//1225 
f 1225//1225 1223//1223 1226//1226 
f 1223//1223 1227//1227 1226//1226 
f 1226//1226 1227//1227 1228//1228 
f 1227//1227 1228//1228 1228//1228 
f 1228//1228 1228//1228 1223//1223 
f 1228//1228 1223//1223 1223//1223 
f 1223//1223 1223//1223 1227//1227 
f 1223//1223 1221//1221 1227//1227 
f 1227//1227 1221//1221 1220//1220 
f 1221//1221 1220//1220 1220//1220 
f 1220//1220 1220//1220 1229//1229 
f 1220//1220 1229//1229 1229//1229 
f 1229//1229 1229//1229 1230//1230 
f 1229//1229 1231//1231 1230//1230 
f 1230//1230 1231//1231 1232//1232 
f 1231//1231 1233//1233 1232//1232 
f 1232//1232 1233//1233 1232//1232 
f 1233//1233 1234//1234 1232//1232 
f 1232//1232 1234//1234 1232//1232 
f 1234//1234 1235//1235 1232//1232 
f 1232//1232 1235//1235 1232//1232 
f 1235//1235 1236//1236 1232//1232 
f 1232//1232 1236//1236 1230//1230 
f 1236//1236 1236//1236 1230//1230 
f 1230//1230 1236//1236 1237//1237 
f 1236//1236 1238//1238 1237//1237 
f 1237//1237 1238//1238 1239//1239 
f 1238//1238 1238//1238 1239//1239 
f 1239//1239 1238//1238 1240//1240 
f 1238//1238 1238//1238 1240//1240 
f 1240//1240 1238//1238 1241//1241 
f 1238//1238 1242//1242 1241//1241 
f 1241//1241 1242//1242 1243//1243 
f 1242//1242 1243//1243 1243//1243 
f 1243//1243 1243//1243 1238//1238 
f 1243//1243 1238//1238 1238//1238 
f 1238//1238 1238//1238 1242//1242 
f 1238//1238 1236//1236 1242//1242 
f 1242//1242 1236//1236 1235//1235 
f 1236//1236 1235//1235 1235//1235 
f 1235//1235 1235//1235 1244//1244 
f 1235//1235 1244//1244 1244//1244 
f 1244//1244 1244//1244 1245//1245 
f 1244//1244 1246//1246 1245//1245 
f 1245//1245 1246//1246 1247//1247 
f 1246//1246 1248//1248 1247//1247 
f 1247//1247 1248//1248 1247//1247 
f 1248//1248 1249//1249 1247//1247 
f 1247//1247 1249//1249 1247//1247 
f 1249//1249 1250//1250 1247//1247 
f 1247//1247 1250//1250 1247//1247 
f 1250//1250 1251//1251 1247//1247 
f 1247//1247 1251//1251 1245//1245 
f 1251//1251 1251//1251 1245//1245 
f 1245//1245 1251//1251 1252//1252 
f 1251//1251 1253//1253 1252//1252 
f 1252//1252 1253//1253 1254//1254 
f 1253//1253 1253//1253 1254//1254 
f 1254//1254 1253//1253 1255//1255 
f 1253//1253 1253//1253 1255//1255 
f 1255//1255 1253//1253 1256//1256 
f 1253//1253 1257//1257 1256//1256 
f 1256//1256 1257//1257 1258//1258 
f 1257//1257 1258//1258 1258//1258 
f 1258//1258 1258//1258 1253//1253 
f 1258//1258 1253//1253 1253//1253 
f 1253//1253 1253//1253 1257//1257 
f 1253//1253 1251//1251 1257//1257 
f 1257//1257 1251//1251 1250//1250 
f 1251//1251 1250//1250 1250//1250 
f 1250//1250 1250//1250 1259//1259 
f 1250//1250 1259//1259 1259//1259 
f 1259//1259 1259//1259 1260//1260 
f 1259//1259 1261//1261 1260//1260 
f 1260//1260 1261//1261 1262//1262 
f 1261//1261 1262//1262 1262//1262 
f 1262//1262 1262//1262 1259//1259 
f 1262//1262 1259//1259 1259//1259 
f 1259//1259 1259//1259 1261//1261 
f 1259//1259 1263//1263 1261//1261 
f 1261//1261 1263//1263 1261//1261 
f 1263//1263 1264//1264 1261//1261 
f 1261//1261 1264//1264 1261//1261 
f 1264//1264 1265//1265 1261//1261 
f 1261//1261 1265//1265 1261//1261 
f 1265//1265 1266//1266 1261//1261 
f 1261//1261 1266//1266 1261//1261 
f 1266//1266 1267//1267 1261//1261 
f 1261//1261 1267//1267 1261//1261 
f 1267//1267 1268//1268 1261//1261 
f 1261//1261 1268//1268 1261//1261 
f 1268//1268 1269//1269 1261//1261 
f 1261//1261 1269//1269 1261//1261 
f 1269//1269 1270//1270 1261//1261 
f 1261//1261 1270//1270 1261//1261 
f 1270//1270 1271//1271 1261//1261 
f 1261//1261 1271//1271 1261//1261 
f 1271//1271 1272//1272 1261//1261 
f 1261//1261 1272//1272 1261//1261 
f 1272//1272 1273//1273 1261//1261 
f 1261//1261 1273//1273 1261//1261 
f 1273//1273 1274//1274 1261//1261 
f 1261//1261 1274//1274 1261//1261 
f 1274//1274 1275//1275 1261//1261 
f 1261//1261 1275//1275 1262//1262 
f 1275//1275 1262//1262 1262//1262 
f 1262//1262 1262//1262 1276//1276 
f 1262//1262 1276//1276 1276//1276 
f 1276//1276 1276//1276 1277//1277 
f 1276//1276 1278//1278 1277//1277 
f 1277//1277 1278//1278 1279//1279 
f 1278//1278 1279//1279 1279//1279 
f 1279//1279 1279//1279 1276//1276 
f 1279//1279 1276//1276 1276//1276 
f 1276//1276 1276//1276 1278//1278 
f 1276//1276 1280//1280 1278//1278 
f 1278//1278 1280//1280 1278//1278 
f 1280//1280 1281//1281 1278//1278 
f 1278//1278 1281//1281 1278//1278 
f 1281//1281 1282//1282 1278//1278 
f 1278//1278 1282//1282 1278//1278 
f 1282//1282 1283//1283 1278//1278 
f 1278//1278 1283//1283 1278//1278 
f 1283//1283 1284//1284 1278//1278 
f 1278//1278 1284//1284 1278//1278 
f 1284//1284 1285//1285 1278//1278 
f 1278//1278 1285//1285 1278//1278 
f 1285//1285 1286//1286 1278//1278 
f 1278//1278 1286//1286 1278//1278 
f 1286//1286 1287//1287 1278//1278 
f 1278//1278 1287//1287 1278//1278 
f 1287//1287 1288//1288 1278//1278 
f 1278//1278 1288//1288 1278//1278 
f 1288//1288 1289//1289 1278//1278 
f 1278//1278 1289//1289 1278//1278 
f 1289//1289 1290//1290 1278//1278 
f 1278//1278 1290//1290 1278//1278 
f 1290//1290 1291//1291 1278//1278 
f 1278//1278 1291//1291 1278//1278 
f 1291//1291 1292//1292 1278//1278 
f 1278//1278 1292//1292 1279//1279 
f 1292//1292 1279//1279 1279//1279 
f 1279//1279 1279//1279 1293//1293 
f 1279//1279 1293//1293 1293//1293 
f 1293//1293 1293//1293 1294//1294 
f 1293//1293 1295//1295 1294//1294 
f 1294//1294 1295//1295 1296//1296 
f 1295//1295 1297//1297 1296//1296 
f 1296//1296 1297//1297 1296//1296 
f 1297//1297 1298//1298 1296//1296 
f 1296//1296 1298//1298 1296//1296 
f 1298//1298 1299//1299 1296//1296 
f 1296//1296 1299//1299 1296//1296 
f 1299//1299 1300//1300 1296//1296 
f 1296//1296 1300//1300 1294//1294 
f 1300//1300 1300//1300 1294//1294 
f 1294//1294 1300//1300 1301//1301 
f 1300//1300 1302//1302 1301//1301 
f 1301//1301 1302//1302 1303//1303 
f 1302//1302 1302//1302 1303//1303 
f 1303//1303 1302//1302 1304//1304 
f 1302//1302 1302//1302 1304//1304 
f 1304//1304 1302//1302 1305//1305 
f 1302//1302 1306//1306 1305//1305 
f 1305//1305 1306//1306 1307//1307 
f 1306//1306 1307//1307 1307//1307 
f 1307//1307 1307//1307 1302//1302 
f 1307//1307 1302//1302 1302//1302 
f 1302//1302 1302//1302 1306//1306 
f 1302//1302 1300//1300 1306//1306 
f 1306//1306 1300//1300 1299//1299 
f 1300//1300 1299//1299 1299//1299 
f 1299//1299 1299//1299 1308//1308 
f 1299//1299 1308//1308 1308//1308 
f 1308//1308 1308//1308 1309//1309 
f 1308//1308 1310//1310 1309//1309 
f 1309//1309 1310//1310 1311//1311 
f 1310//1310 1312//1312 1311//1311 
f 1311//1311 1312//1312 1311//1311 
f 1312//1312 1313//1313 1311//1311 
f 1311//1311 1313//1313 1311//1311 
f 1313//1313 1314//1314 1311//1311 
f 1311//1311 1314//1314 1311//1311 
f 1314//1314 1315//1315 1311//1311 
f 1311//1311 1315//1315 1309//1309 
f 1315//1315 1315//1315 1309//1309 
f 1309//1309 1315//1315 1316//1316 
f 1315//1315 1317//1317 1316//1316 
f 1316//1316 1317//1317 1318//1318 
f 1317//1317 1317//1317 1318//1318 
f 1318//1318 1317//1317 1319//1319 
f 1317//1317 1317//1317 1319//1319 
f 1319//1319 1317//1317 1320//1320 
f 1317//1317 1321//1321 1320//1320 
f 1320//1320 1321//1321 1322//1322 
f 1321//1321 1322//1322 1322//1322 
f 1322//1322 1322//1322 1317//1317 
f 1322//1322 1317//1317 1317//1317 
f 1317//1317 1317//1317 1321//1321 
f 1317//1317 1315//1315 1321//1321 
f 1321//1321 1315//1315 1314//1314 
f 1315//1315 1314//1314 1314//1314 
f 1314//1314 1314//1314 1323//1323 
f 1314//1314 1323//1323 1323//1323 
f 1323//1323 1323//1323 1324//1324 
f 1323//1323 1325//1325 1324//1324 
f 1324//1324 1325//1325 1326//1326 
f 1325//1325 1327//1327 1326//1326 
f 1326//1326 1327//1327 1326//1326 
f 1327//1327 1328//1328 1326//1326 
f 1326//1326 1328//1328 1326//1326 
f 1328//1328 1329//1329 1326//1326 
f 1326//1326 1329//1329 1326//1326 
f 1329//1329 1330//1330 1326//1326 
f 1326//1326 1330//1330 1324//1324 
f 1330//1330 1330//1330 1324//1324 
f 1324//1324 1330//1330 1331//1331 
f 1330//1330 1332//1332 1331//1331 
f 1331//1331 1332//1332 1333//1333 
f 1332//1332 1332//1332 1333//1333 
f 1333//1333 1332//1332 1334//1334 
f 1332//1332 1332//1332 1334//1334 
f 1334//1334 1332//1332 1335//1335 
f 1332//1332 1336//1336 1335//1335 
f 1335//1335 1336//1336 1337//1337 
f 1336//1336 1337//1337 1337//1337 
f 1337//1337 1337//1337 1332//1332 
f 1337//1337 1332//1332 1332//1332 
f 1332//1332 1332//1332 1336//1336 
f 1332//1332 1330//1330 1336//1336 
f 1336//1336 1330//1330 1329//1329 
f 1330//1330 1329//1329 1329//1329 
f 1329//1329 1329//1329 1338//1338 
f 1329//1329 1338//1338 1338//1338 
f 1338//1338 1338//1338 1339//1339 
f 1338//1338 1340//1340 1339//1339 
f 1339//1339 1340//1340 1341//1341 
f 1340//1340 1342//1342 1341//1341 
f 1341//1341 1342//1342 1341//1341 
f 1342//1342 1343//1343 1341//1341 
f 1341//1341 1343//1343 1341//1341 
f 1343//1343 1344//1344 1341//1341 
f 1341//1341 1344//1344 1341//1341 
f 1344//1344 1345//1345 1341//1341 
f 1341//1341 1345//1345 1339//1339 
f 1345//1345 1345//1345 1339//1339 
f 1339//1339 1345//1345 1346//1346 
f 1345//1345 1347//1347 1346//1346 
f 1346//1346 1347//1347 1348//1348 
f 1347//1347 1347//1347 1348//1348 
f 1348//1348 1347//1347 1349//1349 
f 1347//1347 1347//1347 1349//1349 
f 1349//1349 1347//1347 1350//1350 
f 1347//1347 1351//1351 1350//1350 
f 1350//1350 1351//1351 1352//1352 
f 1351//1351 1352//1352 1352//1352 
f 1352//1352 1352//1352 1347//1347 
f 1352//1352 1347//1347 1347//1347 
f 1347//1347 1347//1347 1351//1351 
f 1347//1347 1345//1345 1351//1351 
f 1351//1351 1345//1345 1344//1344 
f 1345//1345 1344//1344 1344//1344 
f 1344//1344 1344//1344 1353//1353 
f 1344//1344 1353//1353 1353//1353 
f 1353//1353 1353//1353 1354//1354 
f 1353//1353 1355//1355 1354//1354 
f 1354//1354 1355//1355 1356//1356 
f 1355//1355 1356//1356 1356//1356 
f 1356//1356 1356//1356 1353//1353 
f 1356//1356 1353//1353 1353//1353 
f 1353//1353 1353//1353 1355//1355 
f 1353//1353 1357//1357 1355//1355 
f 1355//1355 1357//1357 1355//1355 
f 1357//1357 1358//1358 1355//1355 
f 1355//1355 1358//1358 1355//1355 
f 1358//1358 1359//1359 1355//1355 
f 1355//1355 1359//1359 1355//1355 
f 1359//1359 1360//1360 1355//1355 
f 1355//1355 1360//1360 1355//1355 
f 1360//1360 1361//1361 1355//1355 
f 1355//1355 1361//1361 1355//1355 
f 1361//1361 1362//1362 1355//1355 
f 1355//1355 1362//1362 1355//1355 
f 1362//1362 1363//1363 1355//1355 
f 1355//1355 1363//1363 1355//1355 
f 1363//1363 1364//1364 1355//1355 
f 1355//1355 1364//1364 1355//1355 
f 1364//1364 1365//1365 1355//1355 
f 1355//1355 1365//1365 1355//1355 
f 1365//1365 1366//1366 1355//1355 
f 1355//1355 1366//1366 1355//1355 
f 1366//1366 1367//1367 1355//1355 
f 1355//1355 1367//1367 1355//1355 
f 1367//1367 1368//1368 1355//1355 
f 1355//1355 1368//1368 1355//1355 
f 1368//1368 1369//1369 1355//1355 
f 1355//1355 1369//1369 1356//1356 
f 1369//1369 1356//1356 1356//1356 
f 1356//1356 1356//1356 1370//1370 
f 1356//1356 1370//1370 1370//1370 
f 1370//1370 1370//1370 1371//1371 
f 1370//1370 1372//1372 1371//1371 
f 1371//1371 1372//1372 1373//1373 
f 1372//1372 1373//1373 1373//1373 
f 1373//1373 1373//1373 1370//1370 
f 1373//1373 1370//1370 1370//1370 
f 1370//1370 1370//1370 1372//1372 
f 1370//1370 1374//1374 1372//1372 
f 1372//1372 1374//1374 1372//1372 
f 1374//1374 1375//1375 1372//1372 
f 1372//1372 1375//1375 1372//1372 
f 1375//1375 1376//1376 1372//1372 
f 1372//1372 1376//1376 1372//1372 
f 1376//1376 1377//1377 1372//1372 
f 1372//1372 1377//1377 1372//1372 
f 1377//1377 1378//1378 1372//1372 
f 1372//1372 1378//1378 1372//1372 
f 1378//1378 1379//1379 1372//1372 
f 1372//1372 1379//1379 1372//1372 
f 1379//1379 1380//1380 1372//1372 
f 1372//1372 1380//1380 1372//1372 
f 1380//1380 1381//1381 1372//1372 
f 1372//1372 1381//1381 1372//1372 
f 1381//1381 1382//1382 1372//1372 
f 1372//1372 1382//1382 1372//1372 
f 1382//1382 1383//1383 1372//1372 
f 1372//1372 1383//1383 1372//1372 
f 1383//1383 1384//1384 1372//1372 
f 1372//1372 1384//1384 1372//1372 
f 1384//1384 1385//1385 1372//1372 
f 1372//1372 1385//1385 1372//1372 
f 1385//1385 1386//1386 1372//1372 
f 1372//1372 1386//1386 1373//1373 
f 1386//1386 1373//1373 1373//1373 
f 1373//1373 1373//1373 1387//1387 
f 1373//1373 1387//1387 1387//1387 
f 1387//1387 1387//1387 1388//1388 
f 1387//1387 1389//1389 1388//1388 
f 1388//1388 1389//1389 1390//1390 
f 1389//1389 1391//1391 1390//1390 
f 1390//1390 1391//1391 1390//1390 
f 1391//1391 1392//1392 1390//1390 
f 1390//1390 1392//1392 1390//1390 
f 1392//1392 1393//1393 1390//1390 
f 1390//1390 1393//1393 1390//1390 
f 1393//1393 1394//1394 1390//1390 
f 1390//1390 1394//1394 1388//1388 
f 1394//1394 1394//1394 1388//1388 
f 1388//1388 1394//1394 1395//1395 
f 1394//1394 1396//1396 1395//1395 
f 1395//1395 1396//1396 1397//1397 
f 1396//1396 1396//1396 1397//1397 
f 1397//1397 1396//1396 1398//1398 
f 1396//1396 1396//1396 1398//1398 
f 1398//1398 1396//1396 1399//1399 
f 1396//1396 1400//1400 1399//1399 
f 1399//1399 1400//1400 1401//1401 
f 1400//1400 1401//1401 1401//1401 
f 1401//1401 1401//1401 1396//1396 
f 1401//1401 1396//1396 1396//1396 
f 1396//1396 1396//1396 1400//1400 
f 1396//1396 1394//1394 1400//1400 
f 1400//1400 1394//1394 1393//1393 
f 1394//1394 1393//1393 1393//1393 
f 1393//1393 1393//1393 1402//1402 
f 1393//1393 1402//1402 1402//1402 
f 1402//1402 1402//1402 1403//1403 
f 1402//1402 1404//1404 1403//1403 
f 1403//1403 1404//1404 1405//1405 
f 1404//1404 1406//1406 1405//1405 
f 1405//1405 1406//1406 1405//1405 
f 1406//1406 1407//1407 1405//1405 
f 1405//1405 1407//1407 1405//1405 
f 1407//1407 1408//1408 1405//1405 
f 1405//1405 1408//1408 1405//1405 
f 1408//1408 1409//1409 1405//1405 
f 1405//1405 1409//1409 1403//1403 
f 1409//1409 1409//1409 1403//1403 
f 1403//1403 1409//1409 1410//1410 
f 1409//1409 1411//1411 1410//1410 
f 1410//1410 1411//1411 1412//1412 
f 1411//1411 1411//1411 1412//1412 
f 1412//1412 1411//1411 1413//1413 
f 1411//1411 1411//1411 1413//1413 
f 1413//1413 1411//1411 1414//1414 
f 1411//1411 1415//1415 1414//1414 
f 1414//1414 1415//1415 1416//1416 
f 1415//1415 1416//1416 1416//1416 
f 1416//1416 1416//1416 1411//1411 
f 1416//1416 1411//1411 1411//1411 
f 1411//1411 1411//1411 1415//1415 
f 1411//1411 1409//1409 1415//1415 
f 1415//1415 1409//1409 1408//1408 
f 1409//1409 1408//1408 1408//1408 
f 1408//1408 1408//1408 1417//1417 
f 1408//1408 1417//1417 1417//1417 
f 1417//1417 1417//1417 1418//1418 
f 1417//1417 1419//1419 1418//1418 
f 1418//1418 1419//1419 1420//1420 
f 1419//1419 1421//1421 1420//1420 
f 1420//1420 1421//1421 1420//1420 
f 1421//1421 1422//1422 1420//1420 
f 1420//1420 1422//1422 1420//1420 
f 1422//1422 1423//1423 1420//1420 
f 1420//1420 1423//1423 1420//1420 
f 1423//1423 1424//1424 1420//1420 
f 1420//1420 1424//1424 1418//1418 
f 1424//1424 1424//1424 1418//1418 
f 1418//1418 1424//1424 1425//1425 
f 1424//1424 1426//1426 1425//1425 
f 1425//1425 1426//1426 1427//1427 
f 1426//1426 1426//1426 1427//1427 
f 1427//1427 1426//1426 1428//1428 
f 1426//1426 1426//1426 1428//1428 
f 1428//1428 1426//1426 1429//1429 
f 1426//1426 1430//1430 1429//1429 
f 1429//1429 1430//1430 1431//1431 
f 1430//1430 1431//1431 1431//1431 
f 1431//1431 1431//1431 1426//1426 
f 1431//1431 1426//1426 1426//1426 
f 1426//1426 1426//1426 1430//1430 
f 1426//1426 1424//1424 1430//1430 
f 1430//1430 1424//1424 1423//1423 
f 1424//1424 1423//1423 1423//1423 
f 1423//1423 1423//1423 1432//1432 
f 1423//1423 1432//1432 1432//1432 
f 1432//1432 1432//1432 1433//1433 
f 1432//1432 1434//1434 1433//1433 
f 1433//1433 1434//1434 1435//1435 
f 1434//1434 1436//1436 1435//1435 
f 1435//1435 1436//1436 1435//1435 
f 1436//1436 1437//1437 1435//1435 
f 1435//1435 1437//1437 1435//1435 
f 1437//1437 1438//1438 1435//1435 
f 1435//1435 1438//1438 1435//1435 
f 1438//1438 1439//1439 1435//1435 
f 1435//1435 1439//1439 1433//1433 
f 1439//1439 1439//1439 1433//1433 
f 1433//1433 1439//1439 1440//1440 
f 1439//1439 1441//1441 1440//1440 
f 1440//1440 1441//1441 1442//1442 
f 1441//1441 1441//1441 1442//1442 
f 1442//1442 1441//1441 1443//1443 
f 1441//1441 1441//1441 1443//1443 
f 1443//1443 1441//1441 1444//1444 
f 1441//1441 1445//1445 1444//1444 
f 1444//1444 1445//1445 1446//1446 
f 1445//1445 1446//1446 1446//1446 
f 1446//1446 1446//1446 1441//1441 
f 1446//1446 1441//1441 1441//1441 
f 1441//1441 1441//1441 1445//1445 
f 1441//1441 1439//1439 1445//1445 
f 1445//1445 1439//1439 1438//1438 
f 1439//1439 1438//1438 1438//1438 
f 1438//1438 1438//1438 1447//1447 
f 1438//1438 1447//1447 1447//1447 
f 1447//1447 1447//1447 1448//1448 
f 1447//1447 1449//1449 1448//1448 
f 1448//1448 1449//1449 1450//1450 
f 1449//1449 1450//1450 1450//1450 
f 1450//1450 1450//1450 1447//1447 
f 1450//1450 1447//1447 1447//1447 
f 1447//1447 1447//1447 1449//1449 
f 1447//1447 1451//1451 1449//1449 
f 1449//1449 1451//1451 1449//1449 
f 1451//1451 1452//1452 1449//1449 
f 1449//1449 1452//1452 1449//1449 
f 1452//1452 1453//1453 1449//1449 
f 1449//1449 1453//1453 1449//1449 
f 1453//1453 1454//1454 1449//1449 
f 1449//1449 1454//1454 1449//1449 
f 1454//1454 1455//1455 1449//1449 
f 1449//1449 1455//1455 1449//1449 
f 1455//1455 1456//1456 1449//1449 
f 1449//1449 1456//1456 1449//1449 
f 1456//1456 1457//1457 1449//1449 
f 1449//1449 1457//1457 1449//1449 
f 1457//1457 1458//1458 1449//1449 
f 1449//1449 1458//1458 1449//1449 
f 1458//1458 1459//1459 1449//1449 
f 1449//1449 1459//1459 1449//1449 
f 1459//1459 1460//1460 1449//1449 
f 1449//1449 1460//1460 1449//1449 
f 1460//1460 1461//1461 1449//1449 
f 1449//1449 1461//1461 1449//1449 
f 1461//1461 1462//1462 1449//1449 
f 1449//1449 1462//1462 1449//1449 
f 1462//1462 1463//1463 1449//1449 
f 1449//1449 1463//1463 1450//1450 
f 1463//1463 1450//1450 1450//1450 
f 1450//1450 1450//1450 1464//1464 
f 1450//1450 1464//1464 1464//1464 
f 1464//1464 1464//1464 1465//1465 
f 1464//1464 1466//1466 1465//1465 
f 1465//1465 1466//1466 1467//1467 
f 1466//1466 1467//1467 1467//1467 
f 1467//1467 1467//1467 1464//1464 
f 1467//1467 1464//1464 1464//1464 
f 1464//1464 1464//1464 1466//1466 
f 1464//1464 1468//1468 1466//1466 
f 1466//1466 1468//1468 1466//1466 
f 1468//1468 1469//1469 1466//1466 
f 1466//1466 1469//1469 1466//1466 
f 1469//1469 1470//1470 1466//1466 
f 1466//1466 1470//1470 1466//1466 
f 1470//1470 1471//1471 1466//1466 
f 1466//1466 1471//1471 1466//1466 
f 1471//1471 1472//1472 1466//1466 
f 1466//1466 1472//1472 1466//1466 
f 1472//1472 1473//1473 1466//1466 
f 1466//1466 1473//1473 1466//1466 
f 1473//1473 1474//1474 1466//1466 
f 1466//1466 1474//1474 1466//1466 
f 1474//1474 1475//1475 1466//1466 
f 1466//1466 1475//1475 1466//1466 
f 1475//1475 1476//1476 1466//1466 
f 1466//1466 1476//1476 1466//1466 
f 1476//1476 1477//1477 1466//1466 
f 1466//1466 1477//1477 1466//1466 
f 1477//1477 1478//1478 1466//1466 
f 1466//1466 1478//1478 1466//1466 
f 1478//1478 1479//1479 1466//1466 
f 1466//1466 1479//1479 1466//1466 
f 1479//1479 1480//1480 1466//1466 
f 1466//1466 1480//1480 1467//1467 
f 1480//1480 1467//1467 1467//1467 
f 1467//1467 1467//1467 1481//1481 
f 1467//1467 1481//1481 1481//1481 
f 1481//1481 1481//1481 1482//1482 
f 1481//1481 1483//1483 1482//1482 
f 1482//1482 1483//1483 1484//1484 
f 1483//1483 1485//1485 1484//1484 
f 1484//1484 1485//1485 1484//1484 
f 1485//1485 1486//1486 1484//1484 
f 1484//1484 1486//1486 1484//1484 
f 1486//1486 1487//1487 1484//1484 
f 1484//1484 1487//1487 1484//1484 
f 1487//1487 1488//1488 1484//1484 
f 1484//1484 1488//1488 1482//1482 
f 1488//1488 1488//1488 1482//1482 
f 1482//1482 1488//1488 1489//1489 
f 1488//1488 1490//1490 1489//1489 
f 1489//1489 1490//1490 1491//1491 
f 1490//1490 1490//1490 1491//1491 
f 1491//1491 1490//1490 1492//1492 
f 1490//1490 1490//1490 1492//1492 
f 1492//1492 1490//1490 1493//1493 
f 1490//1490 1494//1494 1493//1493 
f 1493//1493 1494//1494 1495//1495 
f 1494//1494 1495//1495 1495//1495 
f 1495//1495 1495//1495 1490//1490 
f 1495//1495 1490//1490 1490//1490 
f 1490//1490 1490//1490 1494//1494 
f 1490//1490 1488//1488 1494//1494 
f 1494//1494 1488//1488 1487//1487 
f 1488//1488 1487//1487 1487//1487 
f 1487//1487 1487//1487 1496//1496 
f 1487//1487 1496//1496 1496//1496 
f 1496//1496 1496//1496 1497//1497 
f 1496//1496 1498//1498 1497//1497 
f 1497//1497 1498//1498 1499//1499 
f 1498//1498 1500//1500 1499//1499 
f 1499//1499 1500//1500 1499//1499 
f 1500//1500 1501//1501 1499//1499 
f 1499//1499 1501//1501 1499//1499 
f 1501//1501 1502//1502 1499//1499 
f 1499//1499 1502//1502 1499//1499 
f 1502//1502 1503//1503 1499//1499 
f 1499//1499 1503//1503 1497//1497 
f 1503//1503 1503//1503 1497//1497 
f 1497//1497 1503//1503 1504//1504 
f 1503//1503 1505//1505 1504//1504 
f 1504//1504 1505//1505 1506//1506 
f 1505//1505 1505//1505 1506//1506 
f 1506//1506 1505//1505 1507//1507 
f 1505//1505 1505//1505 1507//1507 
f 1507//1507 1505//1505 1508//1508 
f 1505//1505 1509//1509 1508//1508 
f 1508//1508 1509//1509 1510//1510 
f 1509//1509 1510//1510 1510//1510 
f 1510//1510 1510//1510 1505//1505 
f 1510//1510 1505//1505 1505//1505 
f 1505//1505 1505//1505 1509//1509 
f 1505//1505 1503//1503 1509//1509 
f 1509//1509 1503//1503 1502//1502 
f 1503//1503 1502//1502 1502//1502 
f 1502//1502 1502//1502 1511//1511 
f 1502//1502 1511//1511 1511//1511 
f 1511//1511 1511//1511 1512//1512 
f 1511//1511 1513//1513 1512//1512 
f 1512//1512 1513//1513 1514//1514 
f 1513//1513 1515//1515 1514//1514 
f 1514//1514 1515//1515 1514//1514 
f 1515//1515 1516//1516 1514//1514 
f 1514//1514 1516//1516 1514//1514 
f 1516//1516 1517//1517 1514//1514 
f 1514//1514 1517//1517 1514//1514 
f 1517//1517 1518//1518 1514//1514 
f 1514//1514 1518//1518 1512//1512 
f 1518//1518 1518//1518 1512//1512 
f 1512//1512 1518//1518 1519//1519 
f 1518//1518 1520//1520 1519//1519 
f 1519//1519 1520//1520 1521//1521 
f 1520//1520 1520//1520 1521//1521 
f 1521//1521 1520//1520 1522//1522 
f 1520//1520 1520//1520 1522//1522 
f 1522//1522 1520//1520 1523//1523 
f 1520//1520 1524//1524 1523//1523 
f 1523//1523 1524//1524 1525//1525 
f 1524//1524 1525//1525 1525//1525 
f 1525//1525 1525//1525 1520//1520 
f 1525//1525 1520//1520 1520//1520 
f 1520//1520 1520//1520 1524//1524 
f 1520//1520 1518//1518 1524//1524 
f 1524//1524 1518//1518 1517//1517 
f 1518//1518 1517//1517 1517//1517 
f 1517//1517 1517//1517 1526//1526 
f 1517//1517 1526//1526 1526//1526 
f 1526//1526 1526//1526 1527//1527 
f 1526//1526 1528//1528 1527//1527 
f 1527//1527 1528//1528 1529//1529 
f 1528//1528 1530//1530 1529//1529 
f 1529//1529 1530//1530 1529//1529 
f 1530//1530 1531//1531 1529//1529 
f 1529//1529 1531//1531 1529//1529 
f 1531//1531 1532//1532 1529//1529 
f 1529//1529 1532//1532 1529//1529 
f 1532//1532 1533//1533 1529//1529 
f 1529//1529 1533//1533 1527//1527 
f 1533//1533 1533//1533 1527//1527 
f 1527//1527 1533//1533 1534//1534 
f 1533//1533 1535//1535 1534//1534 
f 1534//1534 1535//1535 1536//1536 
f 1535//1535 1535//1535 1536//1536 
f 1536//1536 1535//1535 1537//1537 
f 1535//1535 1535//1535 1537//1537 
f 1537//1537 1535//1535 1538//1538 
f 1535//1535 1539//1539 1538//1538 
f 1538//1538 1539//1539 1540//1540 
f 1539//1539 1540//1540 1540//1540 
f 1540//1540 1540//1540 1535//1535 
f 1540//1540 1535//1535 1535//1535 
f 1535//1535 1535//1535 1539//1539 
f 1535//1535 1533//1533 1539//1539 
f 1539//1539 1533//1533 1532//1532 
f 1533//1533 1532//1532 1532//1532 
f 1532//1532 1532//1532 1541//1541 
f 1532//1532 1541//1541 1541//1541 
f 1541//1541 1541//1541 1542//1542 
f 1541//1541 1543//1543 1542//1542 
f 1542//1542 1543//1543 1544//1544 
f 1543//1543 1544//1544 1544//1544 
f 1544//1544 1544//1544 1541//1541 
f 1544//1544 1541//1541 1541//1541 
f 1541//1541 1541//1541 1543//1543 
f 1541//1541 1545//1545 1543//1543 
f 1543//1543 1545//1545 1543//1543 
f 1545//1545 1546//1546 1543//1543 
f 1543//1543 1546//1546 1543//1543 
f 1546//1546 1547//1547 1543//1543 
f 1543//1543 1547//1547 1543//1543 
f 1547//1547 1548//1548 1543//1543 
f 1543//1543 1548//1548 1543//1543 
f 1548//1548 1549//1549 1543//1543 
f 1543//1543 1549//1549 1543//1543 
f 1549//1549 1550//1550 1543//1543 
f 1543//1543 1550//1550 1543//1543 
f 1550//1550 1551//1551 1543//1543 
f 1543//1543 1551//1551 1543//1543 
f 1551//1551 1552//1552 1543//1543 
f 1543//1543 1552//1552 1543//1543 
f 1552//1552 1553//1553 1543//1543 
f 1543//1543 1553//1553 1543//1543 
f 1553//1553 1554//1554 1543//1543 
f 1543//1543 1554//1554 1543//1543 
f 1554//1554 1555//1555 1543//1543 
f 1543//1543 1555//1555 1543//1543 
f 1555//1555 1556//1556 1543//1543 
f 1543//1543 1556//1556 1543//1543 
f 1556//1556 1557//1557 1543//1543 
f 1543//1543 1557//1557 1544//1544 
f 1557//1557 1544//1544 1544//1544 
f 1544//1544 1544//1544 1558//1558 
f 1544//1544 1558//1558 1558//1558 
f 1558//1558 1558//1558 1559//1559 
f 1558//1558 1560//1560 1559//1559 
f 1559//1559 1560//1560 1561//1561 
f 1560//1560 1561//1561 1561//1561 
f 1561//1561 1561//1561 1558//1558 
f 1561//1561 1558//1558 1558//1558 
f 1558//1558 1558//1558 1560//1560 
f 1558//1558 1562//1562 1560//1560 
f 1560//1560 1562//1562 1560//1560 
f 1562//1562 1563//1563 1560//1560 
f 1560//1560 1563//1563 1560//1560 
f 1563//1563 1564//1564 1560//1560 
f 1560//1560 1564//1564 1560//1560 
f 1564//1564 1565//1565 1560//1560 
f 1560//1560 1565//1565 1560//1560 
f 1565//1565 1566//1566 1560//1560 
f 1560//1560 1566//1566 1560//1560 
f 1566//1566 1567//1567 1560//1560 
f 1560//1560 1567//1567 1560//1560 
f 1567//1567 1568//1568 1560//1560 
f 1560//1560 1568//1568 1560//1560 
f 1568//1568 1569//1569 1560//1560 
f 1560//1560 1569//1569 1560//1560 
f 1569//1569 1570//1570 1560//1560 
f 1560//1560 1570//1570 1560//1560 
f 1570//1570 1571//1571 1560//1560 
f 1560//1560 1571//1571 1560//1560 
f 1571//1571 1572//1572 1560//1560 
f 1560//1560 1572//1572 1560//1560 
f 1572//1572 1573//1573 1560//1560 
f 1560//1560 1573//1573 1560//1560 
f 1573//1573 1574//1574 1560//1560 
f 1560//1560 1574//1574 1561//1561 
f 1574//1574 1561//1561 1561//1561 
f 1561//1561 1561//1561 1575//1575 
f 1561//1561 1575//1575 1575//1575 
f 1575//1575 1575//1575 1576//1576 
f 1575//1575 1577//1577 1576//1576 
f 1576//1576 1577//1577 1578//1578 
f 1577//1577 1579//1579 1578//1578 
f 1578//1578 1579//1579 1578//1578 
f 1579//1579 1580//1580 1578//1578 
f 1578//1578 1580//1580 1578//1578 
f 1580//1580 1581//1581 1578//1578 
f 1578//1578 1581//1581 1578//1578 
f 1581//1581 1582//1582 1578//1578 
f 1578//1578 1582//1582 1576//1576 
f 1582//1582 1582//1582 1576//1576 
f 1576//1576 1582//1582 1583//1583 
f 1582//1582 1584//1584 1583//1583 
f 1583//1583 1584//1584 1585//1585 
f 1584//1584 1584//1584 1585//1585 
f 1585//1585 1584//1584 1586//1586 
f 1584//1584 1584//1584 1586//1586 
f 1586//1586 1584//1584 1587//1587 
f 1584//1584 1588//1588 1587//1587 
f 1587//1587 1588//1588 1589//1589 
f 1588//1588 1589//1589 1589//1589 
f 1589//1589 1589//1589 1584//1584 
f 1589//1589 1584//1584 1584//1584 
f 1584//1584 1584//1584 1588//1588 
f 1584//1584 1582//1582 1588//1588 
f 1588//1588 1582//1582 1581//1581 
f 1582//1582 1581//1581 1581//1581 
f 1581//1581 1581//1581 1590//1590 
f 1581//1581 1590//1590 1590//1590 
f 1590//1590 1590//1590 1591//1591 
f 1590//1590 1592//1592 1591//1591 
f 1591//1591 1592//1592 1593//1593 
f 1592//1592 1594//1594 1593//1593 
f 1593//1593 1594//1594 1593//1593 
f 1594//1594 1595//1595 1593//1593 
f 1593//1593 1595//1595 1593//1593 
f 1595//1595 1596//1596 1593//1593 
f 1593//1593 1596//1596 1593//1593 
f 1596//1596 1597//1597 1593//1593 
f 1593//1593 1597//1597 1591//1591 
f 1597//1597 1597//1597 1591//1591 
f 1591//1591 1597//1597 1598//1598 
f 1597//1597 1599//1599 1598//1598 
f 1598//1598 1599//1599 1600//1600 
f 1599//1599 1599//1599 1600//1600 
f 1600//1600 1599//1599 1601//1601 
f 1599//1599 1599//1599 1601//1601 
f 1601//1601 1599//1599 1602//1602 
f 1599//1599 1603//1603 1602//1602 
f 1602//1602 1603//1603 1604//1604 
f 1603//1603 1604//1604 1604//1604 
f 1604//1604 1604//1604 1599//1599 
f 1604//1604 1599//1599 1599//1599 
f 1599//1599 1599//1599 1603//1603 
f 1599//1599 1597//1597 1603//1603 
f 1603//1603 1597//1597 1596//1596 
f 1597//1597 1596//1596 1596//1596 
f 1596//1596 1596//1596 1605//1605 
f 1596//1596 1605//1605 1605//1605 
f 1605//1605 1605//1605 1606//1606 
f 1605//1605 1607//1607 1606//1606 
f 1606//1606 1607//1607 1608//1608 
f 1607//1607 1609//1609 1608//1608 
f 1608//1608 1609//1609 1608//1608 
f 1609//1609 1610//1610 1608//1608 
f 1608//1608 1610//1610 1608//1608 
f 1610//1610 1611//1611 1608//1608 
f 1608//1608 1611//1611 1608//1608 
f 1611//1611 1612//1612 1608//1608 
f 1608//1608 1612//1612 1606//1606 
f 1612//1612 1612//1612 1606//1606 
f 1606//1606 1612//1612 1613//1613 
f 1612//1612 1614//1614 1613//1613 
f 1613//1613 1614//1614 1615//1615 
f 1614//1614 1614//1614 1615//1615 
f 1615//1615 1614//1614 1616//1616 
f 1614//1614 1614//1614 1616//1616 
f 1616//1616 1614//1614 1617//1617 
f 1614//1614 1618//1618 1617//1617 
f 1617//1617 1618//1618 1619//1619 
f 1618//1618 1619//1619 1619//1619 
f 1619//1619 1619//1619 1614//1614 
f 1619//1619 1614//1614 1614//1614 
f 1614//1614 1614//1614 1618//1618 
f 1614//1614 1612//1612 1618//1618 
f 1618//1618 1612//1612 1611//1611 
f 1612//1612 1611//1611 1611//1611 
f 1611//1611 1611//1611 1620//1620 
f 1611//1611 1620//1620 1620//1620 
f 1620//1620 1620//1620 1621//1621 
f 1620//1620 1622//1622 1621//1621 
f 1621//1621 1622//1622 1623//1623 
f 1622//1622 1624//1624 1623//1623 
f 1623//1623 1624//1624 1623//1623 
f 1624//1624 1625//1625 1623//1623 
f 1623//1623 1625//1625 1623//1623 
f 1625//1625 1626//1626 1623//1623 
f 1623//1623 1626//1626 1623//1623 
f 1626//1626 1627//1627 1623//1623 
f 1623//1623 1627//1627 1621//1621 
f 1627//1627 1627//1627 1621//1621 
f 1621//1621 1627//1627 1628//1628 
f 1627//1627 1629//1629 1628//1628 
f 1628//1628 1629//1629 1630//1630 
f 1629//1629 1629//1629 1630//1630 
f 1630//1630 1629//1629 1631//1631 
f 1629//1629 1629//1629 1631//1631 
f 1631//1631 1629//1629 1632//1632 
f 1629//1629 1633//1633 1632//1632 
f 1632//1632 1633//1633 1634//1634 
f 1633//1633 1634//1634 1634//1634 
f 1634//1634 1634//1634 1629//1629 
f 1634//1634 1629//1629 1629//1629 
f 1629//1629 1629//1629 1633//1633 
f 1629//1629 1627//1627 1633//1633 
f 1633//1633 1627//1627 1626//1626 
f 1627//1627 1626//1626 1626//1626 
f 1626//1626 1626//1626 1635//1635 
f 1626//1626 1635//1635 1635//1635 
f 1635//1635 1635//1635 1636//1636 
f 1635//1635 1637//1637 1636//1636 
f 1636//1636 1637//1637 1638//1638 
f 1637//1637 1638//1638 1638//1638 
f 1638//1638 1638//1638 1635//1635 
f 1638//1638 1635//1635 1635//1635 
f 1635//1635 1635//1635 1637//1637 
f 1635//1635 1639//1639 1637//1637 
f 1637//1637 1639//1639 1637//1637 
f 1639//1639 1640//1640 1637//1637 
f 1637//1637 1640//1640 1637//1637 
f 1640//1640 1641//1641 1637//1637 
f 1637//1637 1641//1641 1637//1637 
f 1641//1641 1642//1642 1637//1637 
f 1637//1637 1642//1642 1637//1637 
f 1642//1642 1643//1643 1637//1637 
f 1637//1637 1643//1643 1637//1637 
f 1643//1643 1644//1644 1637//1637 
f 1637//1637 1644//1644 1637//1637 
f 1644//1644 1645//1645 1637//1637 
f 1637//1637 1645//1645 1637//1637 
f 1645//1645 1646//1646 1637//1637 
f 1637//1637 1646//1646 1637//1637 
f 1646//1646 1647//1647 1637//1637 
f 1637//1637 1647//1647 1637//1637 
f 1647//1647 1648//1648 1637//1637 
f 1637//1637 1648//1648 1637//1637 
f 1648//1648 1649//1649 1637//1637 
f 1637//1637 1649//1649 1637//1637 
f 1649//1649 1650//1650 1637//1637 
f 1637//1637 1650//1650 1637//1637 
f 1650//1650 1651//1651 1637//1637 
f 1637//1637 1651//1651 1638//1638 
f 1651//1651 1638//1638 1638//1638 
f 1638//1638 1638//1638 1652//1652 
f 1638//1638 1652//1652 1652//1652 
f 1652//1652 1652//1652 1653//1653 
f 1652//1652 1654//1654 1653//1653 
f 1653//1653 1654//1654 1655//1655 
f 1654//1654 1655//1655 1655//1655 
f 1655//1655 1655//1655 1652//1652 
f 1655//1655 1652//1652 1652//1652 
f 1652//1652 1652//1652 1654//1654 
f 1652//1652 1656//1656 1654//1654 
f 1654//1654 1656//1656 1654//1654 
f 1656//1656 1657//1657 1654//1654 
f 1654//1654 1657//1657 1654//1654 
f 1657//1657 1658//1658 1654//1654 
f 1654//1654 1658//1658 1654//1654 
f 1658//1658 1659//1659 1654//1654 
f 1654//1654 1659//1659 1654//1654 
f 1659//1659 1660//1660 1654//1654 
f 1654//1654 1660//1660 1654//1654 
f 1660//1660 1661//1661 1654//1654 
f 1654//1654 1661//1661 1654//1654 
f 1661//1661 1662//1662 1654//1654 
f 1654//1654 1662//1662 1654//1654 
f 1662//1662 1663//1663 1654//1654 
f 1654//1654 1663//1663 1654//1654 
f 1663//1663 1664//1664 1654//1654 
f 1654//1654 1664//1664 1654//1654 
f 1664//1664 1665//1665 1654//1654 
f 1654//1654 1665//1665 1654//1654 
f 1665//1665 1666//1666 1654//1654 
f 1654//1654 1666//1666 1654//1654 
f 1666//1666 1667//1667 1654//1654 
f 1654//1654 1667//1667 1654//1654 
f 1667//1667 1668//1668 1654//1654 
f 1654//1654 1668//1668 1655//1655 
f 1668//1668 1655//1655 1655//1655 
f 1655//1655 1655//1655 1669//1669 
f 1655//1655 1669//1669 1669//1669 
f 1669//1669 1669//1669 1670//1670 
f 1669//1669 1671//1671 1670//1670 
f 1670//1670 1671//1671 1672//1672 
f 1671//1671 1673//1673 1672//1672 
f 1672//1672 1673//1673 1672//1672 
f 1673//1673 1674//1674 1672//1672 
f 1672//1672 1674//1674 1672//1672 
f 1674//1674 1675//1675 1672//1672 
f 1672//1672 1675//1675 1672//1672 
f 1675//1675 1676//1676 1672//1672 
f 1672//1672 1676//1676 1670//1670 
f 1676//1676 1676//1676 1670//1670 
f 1670//1670 1676//1676 1677//1677 
f 1676//1676 1678//1678 1677//1677 
f 1677//1677 1678//1678 1679//1679 
f 1678//1678 1678//1678 1679//1679 
f 1679//1679 1678//1678 1680//1680 
f 1678//1678 1678//1678 1680//1680 
f 1680//1680 1678//1678 1681//1681 
f 1678//1678 1682//1682 1681//1681 
f 1681//1681 1682//1682 1683//1683 
f 1682//1682 1683//1683 1683//1683 
f 1683//1683 1683//1683 1678//1678 
f 1683//1683 1678//1678 1678//1678 
f 1678//1678 1678//1678 1682//1682 
f 1678//1678 1676//1676 1682//1682 
f 1682//1682 1676//1676 1675//1675 
f 1676//1676 1675//1675 1675//1675 
f 1675//1675 1675//1675 1684//1684 
f 1675//1675 1684//1684 1684//1684 
f 1684//1684 1684//1684 1685//1685 
f 1684//1684 1686//1686 1685//1685 
f 1685//1685 1686//1686 1687//1687 
f 1686//1686 1688//1688 1687//1687 
f 1687//1687 1688//1688 1687//1687 
f 1688//1688 1689//1689 1687//1687 
f 1687//1687 1689//1689 1687//1687 
f 1689//1689 1690//1690 1687//1687 
f 1687//1687 1690//1690 1687//1687 
f 1690//1690 1691//1691 1687//1687 
f 1687//1687 1691//1691 1685//1685 
f 1691//1691 1691//1691 1685//1685 
f 1685//1685 1691//1691 1692//1692 
f 1691//1691 1693//1693 1692//1692 
f 1692//1692 1693//1693 1694//1694 
f 1693//1693 1693//1693 1694//1694 
f 1694//1694 1693//1693 1695//1695 
f 1693//1693 1693//1693 1695//1695 
f 1695//1695 1693//1693 1696//1696 
f 1693//1693 1697//1697 1696//1696 
f 1696//1696 1697//1697 1698//1698 
f 1697//1697 1698//1698 1698//1698 
f 1698//1698 1698//1698 1693//1693 
f 1698//1698 1693//1693 1693//1693 
f 1693//1693 1693//1693 1697//1697 
f 1693//1693 1691//1691 1697//1697 
f 1697//1697 1691//1691 1690//1690 
f 1691//1691 1690//1690 1690//1690 
f 1690//1690 1690//1690 1699//1699 
f 1690//1690 1699//1699 1699//1699 
f 1699//1699 1699//1699 1700//1700 
f 1699//1699 1701//1701 1700//1700 
f 1700//1700 1701//1701 1702//1702 
f 1701//1701 1703//1703 1702//1702 
f 1702//1702 1703//1703 1702//1702 
f 1703//1703 1704//1704 1702//1702 
f 1702//1702 1704//1704 1702//1702 
f 1704//1704 1705//1705 1702//1702 
f 1702//1702 1705//1705 1702//1702 
f 1705//1705 1706//1706 1702//1702 
f 1702//1702 1706//1706 1700//1700 
f 1706//1706 1706//1706 1700//1700 
f 1700//1700 1706//1706 1707//1707 
f 1706//1706 1708//1708 1707//1707 
f 1707//1707 1708//1708 1709//1709 
f 1708//1708 1708//1708 1709//1709 
f 1709//1709 1708//1708 1710//1710 
f 1708//1708 1708//1708 1710//1710 
f 1710//1710 1708//1708 1711//1711 
f 1708//1708 1712//1712 1711//1711 
f 1711//1711 1712//1712 1713//1713 
f 1712//1712 1713//1713 1713//1713 
f 1713//1713 1713//1713 1708//1708 
f 1713//1713 1708//1708 1708//1708 
f 1708//1708 1708//1708 1712//1712 
f 1708//1708 1706//1706 1712//1712 
f 1712//1712 1706//1706 1705//1705 
f 1706//1706 1705//1705 1705//1705 
f 1705//1705 1705//1705 1714//1714 
f 1705//1705 1714//1714 1714//1714 
f 1714//1714 1714//1714 1715//1715 
f 1714//1714 1716//1716 1715//1715 
f 1715//1715 1716//1716 1717//1717 
f 1716//1716 1718//1718 1717//1717 
f 1717//1717 1718//1718 1717//1717 
f 1718//1718 1719//1719 1717//1717 
f 1717//1717 1719//1719 1717//1717 
f 1719//1719 1720//1720 1717//1717 
f 1717//1717 1720//1720 1717//1717 
f 1720//1720 1721//1721 1717//1717 
f 1717//1717 1721//1721 1715//1715 
f 1721//1721 1721//1721 1715//1715 
f 1715//1715 1721//1721 1722//1722 
f 1721//1721 1723//1723 1722//1722 
f 1722//1722 1723//1723 1724//1724 
f 1723//1723 1723//1723 1724//1724 
f 1724//1724 1723//1723 1725//1725 
f 1723//1723 1723//1723 1725//1725 
f 1725//1725 1723//1723 1726//1726 
f 1723//1723 1727//1727 1726//1726 
f 1726//1726 1727//1727 1728//1728 
f 1727//1727 1728//1728 1728//1728 
f 1728//1728 1728//1728 1723//1723 
f 1728//1728 1723//1723 1723//1723 
f 1723//1723 1723//1723 1727//1727 
f 1723//1723 1721//1721 1727//1727 
f 1727//1727 1721//1721 1720//1720 
f 1721//1721 1720//1720 1720//1720 
f 1720//1720 1720//1720 1729//1729 
f 1720//1720 1729//1729 1729//1729 
f 1729//1729 1729//1729 1730//1730 
f 1729//1729 1731//1731 1730//1730 
f 1730//1730 1731//1731 1732//1732 
f 1731//1731 1732//1732 1732//1732 
f 1732//1732 1732//1732 1729//1729 
f 1732//1732 1729//1729 1729//1729 
f 1729//1729 1729//1729 1731//1731 
f 1729//1729 1733//1733 1731//1731 
f 1731//1731 1733//1733 1731//1731 
f 1733//1733 1734//1734 1731//1731 
f 1731//1731 1734//1734 1731//1731 
f 1734//1734 1735//1735 1731//1731 
f 1731//1731 1735//1735 1731//1731 
f 1735//1735 1736//1736 1731//1731 
f 1731//1731 1736//1736 1731//1731 
f 1736//1736 1737//1737 1731//1731 
f 1731//1731 1737//1737 1731//1731 
f 1737//1737 1738//1738 1731//1731 
f 1731//1731 1738//1738 1731//1731 
f 1738//1738 1739//1739 1731//1731 
f 1731//1731 1739//1739 1731//1731 
f 1739//1739 1740//1740 1731//1731 
f 1731//1731 1740//1740 1731//1731 
f 1740//1740 1741//1741 1731//1731 
f 1731//1731 1741//1741 1731//1731 
f 1741//1741 1742//1742 1731//1731 
f 1731//1731 1742//1742 1731//1731 
f 1742//1742 1743//1743 1731//1731 
f 1731//1731 1743//1743 1731//1731 
f 1743//1743 1744//1744 1731//1731 
f 1731//1731 1744//1744 1731//1731 
f 1744//1744 1745//1745 1731//1731 
f 1731//1731 1745//1745 1732//1732 
f 1745//1745 1732//1732 1732//1732 
f 1732//1732 1732//1732 1746//1746 
f 1732//1732 1746//1746 1746//1746 
f 1746//1746 1746//1746 1747//1747 
f 1746//1746 1748//1748 1747//1747 
f 1747//1747 1748//1748 1749//1749 
f 1748//1748 1749//1749 1749//1749 
f 1749//1749 1749//1749 1746//1746 
f 1749//1749 1746//1746 1746//1746 
f 1746//1746 1746//1746 1748//1748 
f 1746//1746 1750//1750 1748//1748 
f 1748//1748 1750//1750 1748//1748 
f 1750//1750 1751//1751 1748//1748 
f 1748//1748 1751//1751 1748//1748 
f 1751//1751 1752//1752 1748//1748 
f 1748//1748 1752//1752 1748//1748 
f 1752//1752 1753//1753 1748//1748 
f 1748//1748 1753//1753 1748//1748 
f 1753//1753 1754//1754 1748//1748 
f 1748//1748 1754//1754 1748//1748 
f 1754//1754 1755//1755 1748//1748 
f 1748//1748 1755//1755 1748//1748 
f 1755//1755 1756//1756 1748//1748 
f 1748//1748 1756//1756 1748//1748 
f 1756//1756 1757//1757 1748//1748 
f 1748//1748 1757//1757 1748//1748 
f 1757//1757 1758//1758 1748//1748 
f 1748//1748 1758//1758 1748//1748 
f 1758//1758 1759//1759 1748//1748 
f 1748//1748 1759//1759 1748//1748 
f 1759//1759 1760//1760 1748//1748 
f 1748//1748 1760//1760 1748//1748 
f 1760//1760 1761//1761 1748//1748 
f 1748//1748 1761//1761 1748//1748 
f 1761//1761 1762//1762 1748//1748 
f 1748//1748 1762//1762 1749//1749 
f 1762//1762 1749//1749 1749//1749 
f 1749//1749 1749//1749 1763//1763 
f 1749//1749 1763//1763 1763//1763 
f 1763//1763 1763//1763 1764//1764 
f 1763//1763 1765//1765 1764//1764 
f 1764//1764 1765//1765 1766//1766 
f 1765//1765 1767//1767 1766//1766 
f 1766//1766 1767//1767 1766//1766 
f 1767//1767 1768//1768 1766//1766 
f 1766//1766 1768//1768 1769//1769 
f 1768//1768 1770//1770 1769//1769 
f 1769//1769 1770//1770 1769//1769 
f 1770//1770 1771//1771 1769//1769 
f 1769//1769 1771//1771 1769//1769 
f 1771//1771 1772//1772 1769//1769 
f 1769//1769 1772//1772 1773//1773 
f 1772//1772 1774//1774 1773//1773 
f 1773//1773 1774//1774 1774//1774 
f 1774//1774 1764//1764 1774//1774 
f 1774//1774 1764//1764 1764//1764 
f 1764//1764 1766//1766 1764//1764 
f 1764//1764 1766//1766 1773//1773 
f 1766//1766 1769//1769 1773//1773 
f 1773//1773 1769//1769 1769//1769 
f 1769//1769 1775//1775 1769//1769 
f 1769//1769 1775//1775 1775//1775 
f 1775//1775 1776//1776 1775//1775 
f 1775//1775 1776//1776 1777//1777 
f 1776//1776 1778//1778 1777//1777 
f 1777//1777 1778//1778 1779//1779 
f 1778//1778 1780//1780 1779//1779 
f 1779//1779 1780//1780 1781//1781 
f 1780//1780 1780//1780 1781//1781 
f 1781//1781 1780//1780 1782//1782 
f 1780//1780 1780//1780 1782//1782 
f 1782//1782 1780//1780 1783//1783 
f 1780//1780 1780//1780 1783//1783 
f 1783//1783 1780//1780 1784//1784 
f 1780//1780 1778//1778 1784//1784 
f 1784//1784 1778//1778 1785//1785 
f 1778//1778 1776//1776 1785//1785 
f 1785//1785 1776//1776 1776//1776 
f 1776//1776 1781//1781 1776//1776 
f 1776//1776 1781//1781 1781//1781 
f 1781//1781 1786//1786 1781//1781 
f 1781//1781 1786//1786 1779//1779 
f 1786//1786 1779//1779 1779//1779 
f 1779//1779 1779//1779 1787//1787 
f 1779//1779 1787//1787 1787//1787 
f 1787//1787 1787//1787 1788//1788 
f 1787//1787 1789//1789 1788//1788 
f 1788//1788 1789//1789 1790//1790 
f 1789//1789 1791//1791 1790//1790 
f 1790//1790 1791//1791 1792//1792 
f 1791//1791 1793//1793 1792//1792 
f 1792//1792 1793//1793 1792//1792 
f 1793//1793 1794//1794 1792//1792 
f 1792//1792 1794//1794 1795//1795 
f 1794//1794 1796//1796 1795//1795 
f 1795//1795 1796//1796 1796//1796 
f 1796//1796 1789//1789 1796//1796 
f 1796//1796 1789//1789 1789//1789 
f 1789//1789 1787//1787 1789//1789 
f 1789//1789 1787//1787 1791//1791 
f 1787//1787 1791//1791 1791//1791 
f 1791//1791 1791//1791 1797//1797 
f 1791//1791 1797//1797 1797//1797 
f 1797//1797 1797//1797 1798//1798 
f 1797//1797 1788//1788 1798//1798 
f 1798//1798 1788//1788 1798//1798 
f 1788//1788 1790//1790 1798//1798 
f 1798//1798 1790//1790 1799//1799 
f 1790//1790 1792//1792 1799//1799 
f 1799//1799 1792//1792 1799//1799 
f 1792//1792 1795//1795 1799//1799 
f 1799//1799 1795//1795 1799//1799 
f 1795//1795 1800//1800 1799//1799 
f 1799//1799 1800//1800 1799//1799 
f 1800//1800 1801//1801 1799//1799 
f 1799//1799 1801//1801 1798//1798 
f 1801//1801 1802//1802 1798//1798 
f 1798//1798 1802//1802 1797//1797 
f 1802//1802 1803//1803 1797//1797 
f 1797//1797 1803//1803 1804//1804 
f 1803//1803 1804//1804 1804//1804 
f 1804//1804 1804//1804 1801//1801 
f 1804//1804 1801//1801 1801//1801 
f 1801//1801 1801//1801 1802//1802 
f 1801//1801 1805//1805 1802//1802 
f 1802//1802 1805//1805 1802//1802 
f 1805//1805 1806//1806 1802//1802 
f 1802//1802 1806//1806 1803//1803 
f 1806//1806 1803//1803 1803//1803 
f 1803//1803 1803//1803 1807//1807 
f 1803//1803 1807//1807 1807//1807 
f 1807//1807 1807//1807 1808//1808 
f 1807//1807 1809//1809 1808//1808 
f 1808//1808 1809//1809 1810//1810 
f 1809//1809 1811//1811 1810//1810 
f 1810//1810 1811//1811 1812//1812 
f 1811//1811 1813//1813 1812//1812 
f 1812//1812 1813//1813 1812//1812 
f 1813//1813 1814//1814 1812//1812 
f 1812//1812 1814//1814 1812//1812 
f 1814//1814 1815//1815 1812//1812 
f 1812//1812 1815//1815 1816//1816 
f 1815//1815 1815//1815 1816//1816 
f 1816//1816 1815//1815 1817//1817 
f 1815//1815 1814//1814 1817//1817 
f 1817//1817 1814//1814 1814//1814 
f 1814//1814 1809//1809 1814//1814 
f 1814//1814 1809//1809 1809//1809 
f 1809//1809 1818//1818 1809//1809 
f 1809//1809 1818//1818 1811//1811 
f 1818//1818 1819//1819 1811//1811 
f 1811//1811 1819//1819 1813//1813 
f 1819//1819 1820//1820 1813//1813 
f 1813//1813 1820//1820 1813//1813 
f 1820//1820 1821//1821 1813//1813 
f 1813//1813 1821//1821 1814//1814 
f 1821//1821 1814//1814 1814//1814 
f 1814//1814 1814//1814 1808//1808 
f 1814//1814 1808//1808 1808//1808 
f 1808//1808 1808//1808 1822//1822 
f 1808//1808 1810//1810 1822//1822 
f 1822//1822 1810//1810 1816//1816 
f 1810//1810 1812//1812 1816//1816 
f 1816//1816 1812//1812 1812//1812 
f 1812//1812 1819//1819 1812//1812 
f 1812//1812 1819//1819 1819//1819 
f 1819//1819 1823//1823 1819//1819 
f 1819//1819 1823//1823 1820//1820 
f 1823//1823 1824//1824 1820//1820 
f 1820//1820 1824//1824 1820//1820 
f 1824//1824 1825//1825 1820//1820 
f 1820//1820 1825//1825 1821//1821 
f 1825//1825 1826//1826 1821//1821 
f 1821//1821 1826//1826 1826//1826 
f 1826//1826 1827//1827 1826//1826 
f 1826//1826 1827//1827 1827//1827 
f 1827//1827 1828//1828 1827//1827 
f 1827//1827 1828//1828 1829//1829 
f 1828//1828 1828//1828 1829//1829 
f 1829//1829 1828//1828 1830//1830 
f 1828//1828 1828//1828 1830//1830 
f 1830//1830 1828//1828 1831//1831 
f 1828//1828 1828//1828 1831//1831 
f 1831//1831 1828//1828 1832//1832 
f 1828//1828 1828//1828 1832//1832 
f 1832//1832 1828//1828 1833//1833 
f 1828//1828 1834//1834 1833//1833 
f 1833//1833 1834//1834 1834//1834 
f 1834//1834 1835//1835 1834//1834 
f 1834//1834 1835//1835 1835//1835 
f 1835//1835 1836//1836 1835//1835 
f 1835//1835 1836//1836 1837//1837 
f 1836//1836 1836//1836 1837//1837 
f 1837//1837 1836//1836 1838//1838 
f 1836//1836 1836//1836 1838//1838 
f 1838//1838 1836//1836 1839//1839 
f 1836//1836 1836//1836 1839//1839 
f 1839//1839 1836//1836 1840//1840 
f 1836//1836 1836//1836 1840//1840 
f 1840//1840 1836//1836 1841//1841 
f 1836//1836 1842//1842 1841//1841 
f 1841//1841 1842//1842 1842//1842 
f 1842//1842 1843//1843 1842//1842 
f 1842//1842 1843//1843 1843//1843 
f 1843//1843 1844//1844 1843//1843 
f 1843//1843 1844//1844 1845//1845 
f 1844//1844 1844//1844 1845//1845 
f 1845//1845 1844//1844 1846//1846 
f 1844//1844 1844//1844 1846//1846 
f 1846//1846 1844//1844 1847//1847 
f 1844//1844 1844//1844 1847//1847 
f 1847//1847 1844//1844 1848//1848 
f 1844//1844 1844//1844 1848//1848 
f 1848//1848 1844//1844 1849//1849 
f 1844//1844 1850//1850 1849//1849 
f 1849//1849 1850//1850 1850//1850 
f 1850//1850 1851//1851 1850//1850 
f 1850//1850 1851//1851 1851//1851 
f 1851//1851 1852//1852 1851//1851 
f 1851//1851 1852//1852 1853//1853 
f 1852//1852 1852//1852 1853//1853 
f 1853//1853 1852//1852 1854//1854 
f 1852//1852 1852//1852 1854//1854 
f 1854//1854 1852//1852 1855//1855 
f 1852//1852 1852//1852 1855//1855 
f 1855//1855 1852//1852 1856//1856 
f 1852//1852 1852//1852 1856//1856 
f 1856//1856 1852//1852 1857//1857 
f 1852//1852 1858//1858 1857//1857 
f 1857//1857 1858//1858 1858//1858 
f 1858//1858 1859//1859 1858//1858 
f 1858//1858 1859//1859 1859//1859 
f 1859//1859 1860//1860 1859//1859 
f 1859//1859 1860//1860 1861//1861 
f 1860//1860 1862//1862 1861//1861 
f 1861//1861 1862//1862 1863//1863 
f 1862//1862 1864//1864 1863//1863 
f 1863//1863 1864//1864 1865//1865 
f 1864//1864 1864//1864 1865//1865 
f 1865//1865 1864//1864 1866//1866 
f 1864//1864 1864//1864 1866//1866 
f 1866//1866 1864//1864 1867//1867 
f 1864//1864 1864//1864 1867//1867 
f 1867//1867 1864//1864 1868//1868 
f 1864//1864 1862//1862 1868//1868 
f 1868//1868 1862//1862 1869//1869 
f 1862//1862 1860//1860 1869//1869 
f 1869//1869 1860//1860 1860//1860 
f 1860//1860 1865//1865 1860//1860 
f 1860//1860 1865//1865 1865//1865 
f 1865//1865 1870//1870 1865//1865 
f 1865//1865 1870//1870 1863//1863 
f 1870//1870 1863//1863 1863//1863 
f 1863//1863 1863//1863 1871//1871 
f 1863//1863 1871//1871 1871//1871 
f 1871//1871 1871//1871 1872//1872 
f 1871//1871 1873//1873 1872//1872 
f 1872//1872 1873//1873 1874//1874 
f 1873//1873 1875//1875 1874//1874 
f 1874//1874 1875//1875 1874//1874 
f 1875//1875 1876//1876 1874//1874 
f 1874//1874 1876//1876 1877//1877 
f 1876//1876 1878//1878 1877//1877 
f 1877//1877 1878//1878 1877//1877 
f 1878//1878 1879//1879 1877//1877 
f 1877//1877 1879//1879 1877//1877 
f 1879//1879 1880//1880 1877//1877 
f 1877//1877 1880//1880 1881//1881 
f 1880//1880 1882//1882 1881//1881 
f 1881//1881 1882//1882 1882//1882 
f 1882//1882 1872//1872 1882//1882 
f 1882//1882 1872//1872 1872//1872 
f 1872//1872 1874//1874 1872//1872 
f 1872//1872 1874//1874 1881//1881 
f 1874//1874 1877//1877 1881//1881 
f 1881//1881 1877//1877 1877//1877 
f 1877//1877 1883//1883 1877//1877 
f 1877//1877 1883//1883 1883//1883 
f 1883//1883 1884//1884 1883//1883 
f 1883//1883 1884//1884 1885//1885 
f 1884//1884 1886//1886 1885//1885 
f 1885//1885 1886//1886 1885//1885 
f 1886//1886 1887//1887 1885//1885 
f 1885//1885 1887//1887 1888//1888 
f 1887//1887 1888//1888 1888//1888 
f 1888//1888 1888//1888 1883//1883 
f 1888//1888 1883//1883 1883//1883 
f 1883//1883 1883//1883 1884//1884 
f 1883//1883 1889//1889 1884//1884 
f 1884//1884 1889//1889 1886//1886 
f 1889//1889 1890//1890 1886//1886 
f 1886//1886 1890//1890 1891//1891 
f 1890//1890 1892//1892 1891//1891 
f 1891//1891 1892//1892 1891//1891 
f 1892//1892 1893//1893 1891//1891 
f 1891//1891 1893//1893 1891//1891 
f 1893//1893 1894//1894 1891//1891 
f 1891//1891 1894//1894 1887//1887 
f 1894//1894 1894//1894 1887//1887 
f 1887//1887 1894//1894 1895//1895 
f 1894//1894 1896//1896 1895//1895 
f 1895//1895 1896//1896 1895//1895 
f 1896//1896 1897//1897 1895//1895 
f 1895//1895 1897//1897 1895//1895 
f 1897//1897 1898//1898 1895//1895 
f 1895//1895 1898//1898 1888//1888 
f 1898//1898 1899//1899 1888//1888 
f 1888//1888 1899//1899 1899//1899 
f 1899//1899 1889//1889 1899//1899 
f 1899//1899 1889//1889 1889//1889 
f 1889//1889 1900//1900 1889//1889 
f 1889//1889 1900//1900 1890//1890 
f 1900//1900 1901//1901 1890//1890 
f 1890//1890 1901//1901 1892//1892 
f 1901//1901 1902//1902 1892//1892 
f 1892//1892 1902//1902 1902//1902 
f 1902//1902 1887//1887 1902//1902 
f 1902//1902 1887//1887 1887//1887 
f 1887//1887 1886//1886 1887//1887 
f 1887//1887 1886//1886 1891//1891 
f 1886//1886 1891//1891 1891//1891 
f 1891//1891 1891//1891 1888//1888 
f 1891//1891 1888//1888 1888//1888 
f 1888//1888 1888//1888 1895//1895 
f 1888//1888 1887//1887 1895//1895 
f 1895//1895 1887//1887 1887//1887 
f 1887//1887 1903//1903 1887//1887 
f 1887//1887 1903//1903 1903//1903 
f 1903//1903 1904//1904 1903//1903 
f 1903//1903 1904//1904 1905//1905 
f 1904//1904 1906//1906 1905//1905 
f 1905//1905 1906//1906 1907//1907 
f 1906//1906 1906//1906 1907//1907 
f 1907//1907 1906//1906 1908//1908 
f 1906//1906 1906//1906 1908//1908 
f 1908//1908 1906//1906 1909//1909 
f 1906//1906 1910//1910 1909//1909 
f 1909//1909 1910//1910 1911//1911 
f 1910//1910 1910//1910 1911//1911 
f 1911//1911 1910//1910 1912//1912 
f 1910//1910 1910//1910 1912//1912 
f 1912//1912 1910//1910 1913//1913 
f 1910//1910 1910//1910 1913//1913 
f 1913//1913 1910//1910 1904//1904 
f 1910//1910 1906//1906 1904//1904 
f 1904//1904 1906//1906 1906//1906 
f 1906//1906 1908//1908 1906//1906 
f 1906//1906 1908//1908 1908//1908 
f 1908//1908 1909//1909 1908//1908 
f 1908//1908 1909//1909 1914//1914 
f 1909//1909 1915//1915 1914//1914 
f 1914//1914 1915//1915 1914//1914 
f 1915//1915 1916//1916 1914//1914 
f 1914//1914 1916//1916 1908//1908 
f 1916//1916 1908//1908 1908//1908 
f 1908//1908 1908//1908 1909//1909 
f 1908//1908 1909//1909 1909//1909 
f 1909//1909 1909//1909 1915//1915 
f 1909//1909 1911//1911 1915//1915 
f 1915//1915 1911//1911 1917//1917 
f 1911//1911 1918//1918 1917//1917 
f 1917//1917 1918//1918 1919//1919 
f 1918//1918 1918//1918 1919//1919 
f 1919//1919 1918//1918 1920//1920 
f 1918//1918 1918//1918 1920//1920 
f 1920//1920 1918//1918 1921//1921 
f 1918//1918 1918//1918 1921//1921 
f 1921//1921 1918//1918 1912//1912 
f 1918//1918 1911//1911 1912//1912 
f 1912//1912 1911//1911 1911//1911 
f 1911//1911 1917//1917 1911//1911 
f 1911//1911 1917//1917 1917//1917 
f 1917//1917 1919//1919 1917//1917 
f 1917//1917 1919//1919 1922//1922 
f 1919//1919 1922//1922 1922//1922 
f 1922//1922 1922//1922 1923//1923 
f 1922//1922 1923//1923 1923//1923 
f 1923//1923 1923//1923 1924//1924 
f 1923//1923 1925//1925 1924//1924 
f 1924//1924 1925//1925 1926//1926 
f 1925//1925 1925//1925 1926//1926 
f 1926//1926 1925//1925 1927//1927 
f 1925//1925 1925//1925 1927//1927 
f 1927//1927 1925//1925 1928//1928 
f 1925//1925 1925//1925 1928//1928 
f 1928//1928 1925//1925 1929//1929 
f 1925//1925 1930//1930 1929//1929 
f 1929//1929 1930//1930 1930//1930 
f 1930//1930 1931//1931 1930//1930 
f 1930//1930 1931//1931 1931//1931 
f 1931//1931 1932//1932 1931//1931 
f 1931//1931 1932//1932 1933//1933 
f 1932//1932 1932//1932 1933//1933 
f 1933//1933 1932//1932 1934//1934 
f 1932//1932 1932//1932 1934//1934 
f 1934//1934 1932//1932 1935//1935 
f 1932//1932 1932//1932 1935//1935 
f 1935//1935 1932//1932 1936//1936 
f 1932//1932 1932//1932 1936//1936 
f 1936//1936 1932//1932 1937//1937 
f 1932//1932 1938//1938 1937//1937 
f 1937//1937 1938//1938 1938//1938 
f 1938//1938 1939//1939 1938//1938 
f 1938//1938 1939//1939 1939//1939 
f 1939//1939 1940//1940 1939//1939 
f 1939//1939 1940//1940 1941//1941 
f 1940//1940 1940//1940 1941//1941 
f 1941//1941 1940//1940 1942//1942 
f 1940//1940 1940//1940 1942//1942 
f 1942//1942 1940//1940 1943//1943 
f 1940//1940 1940//1940 1943//1943 
f 1943//1943 1940//1940 1944//1944 
f 1940//1940 1940//1940 1944//1944 
f 1944//1944 1940//1940 1945//1945 
f 1940//1940 1946//1946 1945//1945 
f 1945//1945 1946//1946 1946//1946 
f 1946//1946 1947//1947 1946//1946 
f 1946//1946 1947//1947 1947//1947 
f 1947//1947 1948//1948 1947//1947 
f 1947//1947 1948//1948 1949//1949 
f 1948//1948 1948//1948 1949//1949 
f 1949//1949 1948//1948 1950//1950 
f 1948//1948 1948//1948 1950//1950 
f 1950//1950 1948//1948 1951//1951 
f 1948//1948 1948//1948 1951//1951 
f 1951//1951 1948//1948 1952//1952 
f 1948//1948 1948//1948 1952//1952 
f 1952//1952 1948//1948 1953//1953 
f 1948//1948 1954//1954 1953//1953 
f 1953//1953 1954//1954 1954//1954 
f 1954//1954 1955//1955 1954//1954 
f 1954//1954 1955//1955 1955//1955 
f 1955//1955 1956//1956 1955//1955 
f 1955//1955 1956//1956 1957//1957 
f 1956//1956 1958//1958 1957//1957 
f 1957//1957 1958//1958 1959//1959 
f 1958//1958 1960//1960 1959//1959 
f 1959//1959 1960//1960 1961//1961 
f 1960//1960 1960//1960 1961//1961 
f 1961//1961 1960//1960 1962//1962 
f 1960//1960 1960//1960 1962//1962 
f 1962//1962 1960//1960 1963//1963 
f 1960//1960 1960//1960 1963//1963 
f 1963//1963 1960//1960 1964//1964 
f 1960//1960 1958//1958 1964//1964 
f 1964//1964 1958//1958 1965//1965 
f 1958//1958 1956//1956 1965//1965 
f 1965//1965 1956//1956 1956//1956 
f 1956//1956 1961//1961 1956//1956 
f 1956//1956 1961//1961 1961//1961 
f 1961//1961 1966//1966 1961//1961 
f 1961//1961 1966//1966 1959//1959 
f 1966//1966 1959//1959 1959//1959 
f 1959//1959 1959//1959 1967//1967 
f 1959//1959 1967//1967 1967//1967 
f 1967//1967 1967//1967 1968//1968 
f 1967//1967 1969//1969 1968//1968 
f 1968//1968 1969//1969 1970//1970 
f 1969//1969 1971//1971 1970//1970 
f 1970//1970 1971//1971 1970//1970 
f 1971//1971 1972//1972 1970//1970 
f 1970//1970 1972//1972 1973//1973 
f 1972//1972 1974//1974 1973//1973 
f 1973//1973 1974//1974 1973//1973 
f 1974//1974 1975//1975 1973//1973 
f 1973//1973 1975//1975 1973//1973 
f 1975//1975 1976//1976 1973//1973 
f 1973//1973 1976//1976 1977//1977 
f 1976//1976 1978//1978 1977//1977 
f 1977//1977 1978//1978 1978//1978 
f 1978//1978 1968//1968 1978//1978 
f 1978//1978 1968//1968 1968//1968 
f 1968//1968 1970//1970 1968//1968 
f 1968//1968 1970//1970 1977//1977 
f 1970//1970 1973//1973 1977//1977 
f 1977//1977 1973//1973 1973//1973 
f 1973//1973 1979//1979 1973//1973 
f 1973//1973 1979//1979 1979//1979 
f 1979//1979 1980//1980 1979//1979 
f 1979//1979 1980//1980 1981//1981 
f 1980//1980 1982//1982 1981//1981 
f 1981//1981 1982//1982 1981//1981 
f 1982//1982 1983//1983 1981//1981 
f 1981//1981 1983//1983 1984//1984 
f 1983//1983 1984//1984 1984//1984 
f 1984//1984 1984//1984 1979//1979 
f 1984//1984 1979//1979 1979//1979 
f 1979//1979 1979//1979 1980//1980 
f 1979//1979 1985//1985 1980//1980 
f 1980//1980 1985//1985 1982//1982 
f 1985//1985 1986//1986 1982//1982 
f 1982//1982 1986//1986 1987//1987 
f 1986//1986 1988//1988 1987//1987 
f 1987//1987 1988//1988 1987//1987 
f 1988//1988 1989//1989 1987//1987 
f 1987//1987 1989//1989 1987//1987 
f 1989//1989 1990//1990 1987//1987 
f 1987//1987 1990//1990 1983//1983 
f 1990//1990 1990//1990 1983//1983 
f 1983//1983 1990//1990 1991//1991 
f 1990//1990 1992//1992 1991//1991 
f 1991//1991 1992//1992 1991//1991 
f 1992//1992 1993//1993 1991//1991 
f 1991//1991 1993//1993 1991//1991 
f 1993//1993 1994//1994 1991//1991 
f 1991//1991 1994//1994 1984//1984 
f 1994//1994 1995//1995 1984//1984 
f 1984//1984 1995//1995 1995//1995 
f 1995//1995 1985//1985 1995//1995 
f 1995//1995 1985//1985 1985//1985 
f 1985//1985 1996//1996 1985//1985 
f 1985//1985 1996//1996 1986//1986 
f 1996//1996 1997//1997 1986//1986 
f 1986//1986 1997//1997 1988//1988 
f 1997//1997 1998//1998 1988//1988 
f 1988//1988 1998//1998 1998//1998 
f 1998//1998 1983//1983 1998//1998 
f 1998//1998 1983//1983 1983//1983 
f 1983//1983 1982//1982 1983//1983 
f 1983//1983 1982//1982 1987//1987 
f 1982//1982 1987//1987 1987//1987 
f 1987//1987 1987//1987 1984//1984 
f 1987//1987 1984//1984 1984//1984 
f 1984//1984 1984//1984 1991//1991 
f 1984//1984 1983//1983 1991//1991 
f 1991//1991 1983//1983 1983//1983 
f 1983//1983 1999//1999 1983//1983 
f 1983//1983 1999//1999 1999//1999 
f 1999//1999 2000//2000 1999//1999 
f 1999//1999 2000//2000 2001//2001 
f 2000//2000 2002//2002 2001//2001 
f 2001//2001 2002//2002 2003//2003 
f 2002//2002 2002//2002 2003//2003 
f 2003//2003 2002//2002 2004//2004 
f 2002//2002 2002//2002 2004//2004 
f 2004//2004 2002//2002 2005//2005 
f 2002//2002 2006//2006 2005//2005 
f 2005//2005 2006//2006 2007//2007 
f 2006//2006 2006//2006 2007//2007 
f 2007//2007 2006//2006 2008//2008 
f 2006//2006 2006//2006 2008//2008 
f 2008//2008 2006//2006 2009//2009 
f 2006//2006 2006//2006 2009//2009 
f 2009//2009 2006//2006 2000//2000 
f 2006//2006 2002//2002 2000//2000 
f 2000//2000 2002//2002 2002//2002 
f 2002//2002 2004//2004 2002//2002 
f 2002//2002 2004//2004 2004//2004 
f 2004//2004 2005//2005 2004//2004 
f 2004//2004 2005//2005 2010//2010 
f 2005//2005 2011//2011 2010//2010 
f 2010//2010 2011//2011 2010//2010 
f 2011//2011 2012//2012 2010//2010 
f 2010//2010 2012//2012 2004//2004 
f 2012//2012 2004//2004 2004//2004 
f 2004//2004 2004//2004 2005//2005 
f 2004//2004 2005//2005 2005//2005 
f 2005//2005 2005//2005 2011//2011 
f 2005//2005 2007//2007 2011//2011 
f 2011//2011 2007//2007 2013//2013 
f 2007//2007 2014//2014 2013//2013 
f 2013//2013 2014//2014 2015//2015 
f 2014//2014 2014//2014 2015//2015 
f 2015//2015 2014//2014 2016//2016 
f 2014//2014 2014//2014 2016//2016 
f 2016//2016 2014//2014 2017//2017 
f 2014//2014 2014//2014 2017//2017 
f 2017//2017 2014//2014 2008//2008 
f 2014//2014 2007//2007 2008//2008 
f 2008//2008 2007//2007 2007//2007 
f 2007//2007 2013//2013 2007//2007 
f 2007//2007 2013//2013 2013//2013 
f 2013//2013 2015//2015 2013//2013 
f 2013//2013 2015//2015 2018//2018 
f 2015//2015 2018//2018 2018//2018 
f 2018//2018 2018//2018 2019//2019 
f 2018//2018 2019//2019 2019//2019 
f 2019//2019 2019//2019 2020//2020 
f 2019//2019 2021//2021 2020//2020 
f 2020//2020 2021//2021 2022//2022 
f 2021//2021 2021//2021 2022//2022 
f 2022//2022 2021//2021 2023//2023 
f 2021//2021 2021//2021 2023//2023 
f 2023//2023 2021//2021 2024//2024 
f 2021//2021 2021//2021 2024//2024 
f 2024//2024 2021//2021 2025//2025 
f 2021//2021 2026//2026 2025//2025 
f 2025//2025 2026//2026 2026//2026 
f 2026//2026 2027//2027 2026//2026 
f 2026//2026 2027//2027 2027//2027 
f 2027//2027 2028//2028 2027//2027 
f 2027//2027 2028//2028 2029//2029 
f 2028//2028 2028//2028 2029//2029 
f 2029//2029 2028//2028 2030//2030 
f 2028//2028 2028//2028 2030//2030 
f 2030//2030 2028//2028 2031//2031 
f 2028//2028 2028//2028 2031//2031 
f 2031//2031 2028//2028 2032//2032 
f 2028//2028 2028//2028 2032//2032 
f 2032//2032 2028//2028 2033//2033 
f 2028//2028 2034//2034 2033//2033 
f 2033//2033 2034//2034 2034//2034 
f 2034//2034 2035//2035 2034//2034 
f 2034//2034 2035//2035 2035//2035 
f 2035//2035 2036//2036 2035//2035 
f 2035//2035 2036//2036 2037//2037 
f 2036//2036 2036//2036 2037//2037 
f 2037//2037 2036//2036 2038//2038 
f 2036//2036 2036//2036 2038//2038 
f 2038//2038 2036//2036 2039//2039 
f 2036//2036 2036//2036 2039//2039 
f 2039//2039 2036//2036 2040//2040 
f 2036//2036 2036//2036 2040//2040 
f 2040//2040 2036//2036 2041//2041 
f 2036//2036 2042//2042 2041//2041 
f 2041//2041 2042//2042 2042//2042 
f 2042//2042 2043//2043 2042//2042 
f 2042//2042 2043//2043 2043//2043 
f 2043//2043 2044//2044 2043//2043 
f 2043//2043 2044//2044 2045//2045 
f 2044//2044 2044//2044 2045//2045 
f 2045//2045 2044//2044 2046//2046 
f 2044//2044 2044//2044 2046//2046 
f 2046//2046 2044//2044 2047//2047 
f 2044//2044 2044//2044 2047//2047 
f 2047//2047 2044//2044 2048//2048 
f 2044//2044 2044//2044 2048//2048 
f 2048//2048 2044//2044 2049//2049 
f 2044//2044 2050//2050 2049//2049 
f 2049//2049 2050//2050 2050//2050 
f 2050//2050 2051//2051 2050//2050 
f 2050//2050 2051//2051 2051//2051 
f 2051//2051 2052//2052 2051//2051 
f 2051//2051 2052//2052 2053//2053 
f 2052//2052 2054//2054 2053//2053 
f 2053//2053 2054//2054 2055//2055 
f 2054//2054 2056//2056 2055//2055 
f 2055//2055 2056//2056 2057//2057 
f 2056//2056 2056//2056 2057//2057 
f 2057//2057 2056//2056 2058//2058 
f 2056//2056 2056//2056 2058//2058 
f 2058//2058 2056//2056 2059//2059 
f 2056//2056 2056//2056 2059//2059 
f 2059//2059 2056//2056 2060//2060 
f 2056//2056 2054//2054 2060//2060 
f 2060//2060 2054//2054 2061//2061 
f 2054//2054 2052//2052 2061//2061 
f 2061//2061 2052//2052 2052//2052 
f 2052//2052 2057//2057 2052//2052 
f 2052//2052 2057//2057 2057//2057 
f 2057//2057 2062//2062 2057//2057 
f 2057//2057 2062//2062 2055//2055 
f 2062//2062 2055//2055 2055//2055 
f 2055//2055 2055//2055 2063//2063 
f 2055//2055 2063//2063 2063//2063 
f 2063//2063 2063//2063 2064//2064 
f 2063//2063 2065//2065 2064//2064 
f 2064//2064 2065//2065 2066//2066 
f 2065//2065 2067//2067 2066//2066 
f 2066//2066 2067//2067 2066//2066 
f 2067//2067 2068//2068 2066//2066 
f 2066//2066 2068//2068 2069//2069 
f 2068//2068 2070//2070 2069//2069 
f 2069//2069 2070//2070 2069//2069 
f 2070//2070 2071//2071 2069//2069 
f 2069//2069 2071//2071 2069//2069 
f 2071//2071 2072//2072 2069//2069 
f 2069//2069 2072//2072 2073//2073 
f 2072//2072 2074//2074 2073//2073 
f 2073//2073 2074//2074 2074//2074 
f 2074//2074 2064//2064 2074//2074 
f 2074//2074 2064//2064 2064//2064 
f 2064//2064 2066//2066 2064//2064 
f 2064//2064 2066//2066 2073//2073 
f 2066//2066 2069//2069 2073//2073 
f 2073//2073 2069//2069 2069//2069 
f 2069//2069 2075//2075 2069//2069 
f 2069//2069 2075//2075 2075//2075 
f 2075//2075 2076//2076 2075//2075 
f 2075//2075 2076//2076 2077//2077 
f 2076//2076 2078//2078 2077//2077 
f 2077//2077 2078//2078 2077//2077 
f 2078//2078 2079//2079 2077//2077 
f 2077//2077 2079//2079 2080//2080 
f 2079//2079 2080//2080 2080//2080 
f 2080//2080 2080//2080 2075//2075 
f 2080//2080 2075//2075 2075//2075 
f 2075//2075 2075//2075 2076//2076 
f 2075//2075 2081//2081 2076//2076 
f 2076//2076 2081//2081 2078//2078 
f 2081//2081 2082//2082 2078//2078 
f 2078//2078 2082//2082 2083//2083 
f 2082//2082 2084//2084 2083//2083 
f 2083//2083 2084//2084 2083//2083 
f 2084//2084 2085//2085 2083//2083 
f 2083//2083 2085//2085 2083//2083 
f 2085//2085 2086//2086 2083//2083 
f 2083//2083 2086//2086 2079//2079 
f 2086//2086 2086//2086 2079//2079 
f 2079//2079 2086//2086 2087//2087 
f 2086//2086 2088//2088 2087//2087 
f 2087//2087 2088//2088 2087//2087 
f 2088//2088 2089//2089 2087//2087 
f 2087//2087 2089//2089 2087//2087 
f 2089//2089 2090//2090 2087//2087 
f 2087//2087 2090//2090 2080//2080 
f 2090//2090 2091//2091 2080//2080 
f 2080//2080 2091//2091 2091//2091 
f 2091//2091 2081//2081 2091//2091 
f 2091//2091 2081//2081 2081//2081 
f 2081//2081 2092//2092 2081//2081 
f 2081//2081 2092//2092 2082//2082 
f 2092//2092 2093//2093 2082//2082 
f 2082//2082 2093//2093 2084//2084 
f 2093//2093 2094//2094 2084//2084 
f 2084//2084 2094//2094 2094//2094 
f 2094//2094 2079//2079 2094//2094 
f 2094//2094 2079//2079 2079//2079 
f 2079//2079 2078//2078 2079//2079 
f 2079//2079 2078//2078 2083//2083 
f 2078//2078 2083//2083 2083//2083 
f 2083//2083 2083//2083 2080//2080 
f 2083//2083 2080//2080 2080//2080 
f 2080//2080 2080//2080 2087//2087 
f 2080//2080 2079//2079 2087//2087 
f 2087//2087 2079//2079 2079//2079 
f 2079//2079 2095//2095 2079//2079 
f 2079//2079 2095//2095 2095//2095 
f 2095//2095 2096//2096 2095//2095 
f 2095//2095 2096//2096 2097//2097 
f 2096//2096 2098//2098 2097//2097 
f 2097//2097 2098//2098 2099//2099 
f 2098//2098 2098//2098 2099//2099 
f 2099//2099 2098//2098 2100//2100 
f 2098//2098 2098//2098 2100//2100 
f 2100//2100 2098//2098 2101//2101 
f 2098//2098 2102//2102 2101//2101 
f 2101//2101 2102//2102 2103//2103 
f 2102//2102 2102//2102 2103//2103 
f 2103//2103 2102//2102 2104//2104 
f 2102//2102 2102//2102 2104//2104 
f 2104//2104 2102//2102 2105//2105 
f 2102//2102 2102//2102 2105//2105 
f 2105//2105 2102//2102 2096//2096 
f 2102//2102 2098//2098 2096//2096 
f 2096//2096 2098//2098 2098//2098 
f 2098//2098 2100//2100 2098//2098 
f 2098//2098 2100//2100 2100//2100 
f 2100//2100 2101//2101 2100//2100 
f 2100//2100 2101//2101 2106//2106 
f 2101//2101 2107//2107 2106//2106 
f 2106//2106 2107//2107 2106//2106 
f 2107//2107 2108//2108 2106//2106 
f 2106//2106 2108//2108 2100//2100 
f 2108//2108 2100//2100 2100//2100 
f 2100//2100 2100//2100 2101//2101 
f 2100//2100 2101//2101 2101//2101 
f 2101//2101 2101//2101 2107//2107 
f 2101//2101 2103//2103 2107//2107 
f 2107//2107 2103//2103 2109//2109 
f 2103//2103 2110//2110 2109//2109 
f 2109//2109 2110//2110 2111//2111 
f 2110//2110 2110//2110 2111//2111 
f 2111//2111 2110//2110 2112//2112 
f 2110//2110 2110//2110 2112//2112 
f 2112//2112 2110//2110 2113//2113 
f 2110//2110 2110//2110 2113//2113 
f 2113//2113 2110//2110 2104//2104 
f 2110//2110 2103//2103 2104//2104 
f 2104//2104 2103//2103 2103//2103 
f 2103//2103 2109//2109 2103//2103 
f 2103//2103 2109//2109 2109//2109 
f 2109//2109 2111//2111 2109//2109 
f 2109//2109 2111//2111 2114//2114 
f 2111//2111 2114//2114 2114//2114 
f 2114//2114 2114//2114 2115//2115 
f 2114//2114 2115//2115 2115//2115 
f 2115//2115 2115//2115 2116//2116 
f 2115//2115 2117//2117 2116//2116 
f 2116//2116 2117//2117 2118//2118 
f 2117//2117 2117//2117 2118//2118 
f 2118//2118 2117//2117 2119//2119 
f 2117//2117 2117//2117 2119//2119 
f 2119//2119 2117//2117 2120//2120 
f 2117//2117 2117//2117 2120//2120 
f 2120//2120 2117//2117 2121//2121 
f 2117//2117 2122//2122 2121//2121 
f 2121//2121 2122//2122 2122//2122 
f 2122//2122 2123//2123 2122//2122 
f 2122//2122 2123//2123 2123//2123 
f 2123//2123 2124//2124 2123//2123 
f 2123//2123 2124//2124 2125//2125 
f 2124//2124 2124//2124 2125//2125 
f 2125//2125 2124//2124 2126//2126 
f 2124//2124 2124//2124 2126//2126 
f 2126//2126 2124//2124 2127//2127 
f 2124//2124 2124//2124 2127//2127 
f 2127//2127 2124//2124 2128//2128 
f 2124//2124 2124//2124 2128//2128 
f 2128//2128 2124//2124 2129//2129 
f 2124//2124 2130//2130 2129//2129 
f 2129//2129 2130//2130 2130//2130 
f 2130//2130 2131//2131 2130//2130 
f 2130//2130 2131//2131 2131//2131 
f 2131//2131 2132//2132 2131//2131 
f 2131//2131 2132//2132 2133//2133 
f 2132//2132 2132//2132 2133//2133 
f 2133//2133 2132//2132 2134//2134 
f 2132//2132 2132//2132 2134//2134 
f 2134//2134 2132//2132 2135//2135 
f 2132//2132 2132//2132 2135//2135 
f 2135//2135 2132//2132 2136//2136 
f 2132//2132 2132//2132 2136//2136 
f 2136//2136 2132//2132 2137//2137 
f 2132//2132 2138//2138 2137//2137 
f 2137//2137 2138//2138 2138//2138 
f 2138//2138 2139//2139 2138//2138 
f 2138//2138 2139//2139 2139//2139 
f 2139//2139 2140//2140 2139//2139 
f 2139//2139 2140//2140 2141//2141 
f 2140//2140 2140//2140 2141//2141 
f 2141//2141 2140//2140 2142//2142 
f 2140//2140 2140//2140 2142//2142 
f 2142//2142 2140//2140 2143//2143 
f 2140//2140 2140//2140 2143//2143 
f 2143//2143 2140//2140 2144//2144 
f 2140//2140 2140//2140 2144//2144 
f 2144//2144 2140//2140 2145//2145 
f 2140//2140 2146//2146 2145//2145 
f 2145//2145 2146//2146 2146//2146 
f 2146//2146 2147//2147 2146//2146 
f 2146//2146 2147//2147 2147//2147 
f 2147//2147 2148//2148 2147//2147 
f 2147//2147 2148//2148 2149//2149 
f 2148//2148 2150//2150 2149//2149 
f 2149//2149 2150//2150 2151//2151 
f 2150//2150 2152//2152 2151//2151 
f 2151//2151 2152//2152 2153//2153 
f 2152//2152 2152//2152 2153//2153 
f 2153//2153 2152//2152 2154//2154 
f 2152//2152 2152//2152 2154//2154 
f 2154//2154 2152//2152 2155//2155 
f 2152//2152 2152//2152 2155//2155 
f 2155//2155 2152//2152 2156//2156 
f 2152//2152 2150//2150 2156//2156 
f 2156//2156 2150//2150 2157//2157 
f 2150//2150 2148//2148 2157//2157 
f 2157//2157 2148//2148 2148//2148 
f 2148//2148 2153//2153 2148//2148 
f 2148//2148 2153//2153 2153//2153 
f 2153//2153 2158//2158 2153//2153 
f 2153//2153 2158//2158 2151//2151 
f 2158//2158 2151//2151 2151//2151 
f 2151//2151 2151//2151 2159//2159 
f 2151//2151 2159//2159 2159//2159 
f 2159//2159 2159//2159 2160//2160 
f 2159//2159 2161//2161 2160//2160 
f 2160//2160 2161//2161 2162//2162 
f 2161//2161 2163//2163 2162//2162 
f 2162//2162 2163//2163 2162//2162 
f 2163//2163 2164//2164 2162//2162 
f 2162//2162 2164//2164 2165//2165 
f 2164//2164 2166//2166 2165//2165 
f 2165//2165 2166//2166 2165//2165 
f 2166//2166 2167//2167 2165//2165 
f 2165//2165 2167//2167 2165//2165 
f 2167//2167 2168//2168 2165//2165 
f 2165//2165 2168//2168 2169//2169 
f 2168//2168 2170//2170 2169//2169 
f 2169//2169 2170//2170 2170//2170 
f 2170//2170 2160//2160 2170//2170 
f 2170//2170 2160//2160 2160//2160 
f 2160//2160 2162//2162 2160//2160 
f 2160//2160 2162//2162 2169//2169 
f 2162//2162 2165//2165 2169//2169 
f 2169//2169 2165//2165 2165//2165 
f 2165//2165 2171//2171 2165//2165 
f 2165//2165 2171//2171 2171//2171 
f 2171//2171 2172//2172 2171//2171 
f 2171//2171 2172//2172 2173//2173 
f 2172//2172 2174//2174 2173//2173 
f 2173//2173 2174//2174 2173//2173 
f 2174//2174 2175//2175 2173//2173 
f 2173//2173 2175//2175 2176//2176 
f 2175//2175 2176//2176 2176//2176 
f 2176//2176 2176//2176 2171//2171 
f 2176//2176 2171//2171 2171//2171 
f 2171//2171 2171//2171 2172//2172 
f 2171//2171 2177//2177 2172//2172 
f 2172//2172 2177//2177 2174//2174 
f 2177//2177 2178//2178 2174//2174 
f 2174//2174 2178//2178 2179//2179 
f 2178//2178 2180//2180 2179//2179 
f 2179//2179 2180//2180 2179//2179 
f 2180//2180 2181//2181 2179//2179 
f 2179//2179 2181//2181 2179//2179 
f 2181//2181 2182//2182 2179//2179 
f 2179//2179 2182//2182 2175//2175 
f 2182//2182 2182//2182 2175//2175 
f 2175//2175 2182//2182 2183//2183 
f 2182//2182 2184//2184 2183//2183 
f 2183//2183 2184//2184 2183//2183 
f 2184//2184 2185//2185 2183//2183 
f 2183//2183 2185//2185 2183//2183 
f 2185//2185 2186//2186 2183//2183 
f 2183//2183 2186//2186 2176//2176 
f 2186//2186 2187//2187 2176//2176 
f 2176//2176 2187//2187 2187//2187 
f 2187//2187 2177//2177 2187//2187 
f 2187//2187 2177//2177 2177//2177 
f 2177//2177 2188//2188 2177//2177 
f 2177//2177 2188//2188 2178//2178 
f 2188//2188 2189//2189 2178//2178 
f 2178//2178 2189//2189 2180//2180 
f 2189//2189 2190//2190 2180//2180 
f 2180//2180 2190//2190 2190//2190 
f 2190//2190 2175//2175 2190//2190 
f 2190//2190 2175//2175 2175//2175 
f 2175//2175 2174//2174 2175//2175 
f 2175//2175 2174//2174 2179//2179 
f 2174//2174 2179//2179 2179//2179 
f 2179//2179 2179//2179 2176//2176 
f 2179//2179 2176//2176 2176//2176 
f 2176//2176 2176//2176 2183//2183 
f 2176//2176 2175//2175 2183//2183 
f 2183//2183 2175//2175 2175//2175 
f 2175//2175 2191//2191 2175//2175 
f 2175//2175 2191//2191 2191//2191 
f 2191//2191 2192//2192 2191//2191 
f 2191//2191 2192//2192 2193//2193 
f 2192//2192 2194//2194 2193//2193 
f 2193//2193 2194//2194 2195//2195 
f 2194//2194 2194//2194 2195//2195 
f 2195//2195 2194//2194 2196//2196 
f 2194//2194 2194//2194 2196//2196 
f 2196//2196 2194//2194 2197//2197 
f 2194//2194 2198//2198 2197//2197 
f 2197//2197 2198//2198 2199//2199 
f 2198//2198 2198//2198 2199//2199 
f 2199//2199 2198//2198 2200//2200 
f 2198//2198 2198//2198 2200//2200 
f 2200//2200 2198//2198 2201//2201 
f 2198//2198 2198//2198 2201//2201 
f 2201//2201 2198//2198 2192//2192 
f 2198//2198 2194//2194 2192//2192 
f 2192//2192 2194//2194 2194//2194 
f 2194//2194 2196//2196 2194//2194 
f 2194//2194 2196//2196 2196//2196 
f 2196//2196 2197//2197 2196//2196 
f 2196//2196 2197//2197 2202//2202 
f 2197//2197 2203//2203 2202//2202 
f 2202//2202 2203//2203 2202//2202 
f 2203//2203 2204//2204 2202//2202 
f 2202//2202 2204//2204 2196//2196 
f 2204//2204 2196//2196 2196//2196 
f 2196//2196 2196//2196 2197//2197 
f 2196//2196 2197//2197 2197//2197 
f 2197//2197 2197//2197 2203//2203 
f 2197//2197 2199//2199 2203//2203 
f 2203//2203 2199//2199 2205//2205 
f 2199//2199 2206//2206 2205//2205 
f 2205//2205 2206//2206 2207//2207 
f 2206//2206 2206//2206 2207//2207 
f 2207//2207 2206//2206 2208//2208 
f 2206//2206 2206//2206 2208//2208 
f 2208//2208 2206//2206 2209//2209 
f 2206//2206 2206//2206 2209//2209 
f 2209//2209 2206//2206 2200//2200 
f 2206//2206 2199//2199 2200//2200 
f 2200//2200 2199//2199 2199//2199 
f 2199//2199 2205//2205 2199//2199 
f 2199//2199 2205//2205 2205//2205 
f 2205//2205 2207//2207 2205//2205 
f 2205//2205 2207//2207 2210//2210 
f 2207//2207 2210//2210 2210//2210 
f 2210//2210 2210//2210 2211//2211 
f 2210//2210 2211//2211 2211//2211 
f 2211//2211 2211//2211 2212//2212 
f 2211//2211 2213//2213 2212//2212 
f 2212//2212 2213//2213 2214//2214 
f 2213//2213 2213//2213 2214//2214 
f 2214//2214 2213//2213 2215//2215 
f 2213//2213 2213//2213 2215//2215 
f 2215//2215 2213//2213 2216//2216 
f 2213//2213 2213//2213 2216//2216 
f 2216//2216 2213//2213 2217//2217 
f 2213//2213 2218//2218 2217//2217 
f 2217//2217 2218//2218 2218//2218 
f 2218//2218 2219//2219 2218//2218 
f 2218//2218 2219//2219 2219//2219 
f 2219//2219 2220//2220 2219//2219 
f 2219//2219 2220//2220 2221//2221 
f 2220//2220 2220//2220 2221//2221 
f 2221//2221 2220//2220 2222//2222 
f 2220//2220 2220//2220 2222//2222 
f 2222//2222 2220//2220 2223//2223 
f 2220//2220 2220//2220 2223//2223 
f 2223//2223 2220//2220 2224//2224 
f 2220//2220 2220//2220 2224//2224 
f 2224//2224 2220//2220 2225//2225 
f 2220//2220 2226//2226 2225//2225 
f 2225//2225 2226//2226 2226//2226 
f 2226//2226 2227//2227 2226//2226 
f 2226//2226 2227//2227 2227//2227 
f 2227//2227 2228//2228 2227//2227 
f 2227//2227 2228//2228 2229//2229 
f 2228//2228 2228//2228 2229//2229 
f 2229//2229 2228//2228 2230//2230 
f 2228//2228 2228//2228 2230//2230 
f 2230//2230 2228//2228 2231//2231 
f 2228//2228 2228//2228 2231//2231 
f 2231//2231 2228//2228 2232//2232 
f 2228//2228 2228//2228 2232//2232 
f 2232//2232 2228//2228 2233//2233 
f 2228//2228 2234//2234 2233//2233 
f 2233//2233 2234//2234 2234//2234 
f 2234//2234 2235//2235 2234//2234 
f 2234//2234 2235//2235 2235//2235 
f 2235//2235 2236//2236 2235//2235 
f 2235//2235 2236//2236 2237//2237 
f 2236//2236 2236//2236 2237//2237 
f 2237//2237 2236//2236 2238//2238 
f 2236//2236 2236//2236 2238//2238 
f 2238//2238 2236//2236 2239//2239 
f 2236//2236 2236//2236 2239//2239 
f 2239//2239 2236//2236 2240//2240 
f 2236//2236 2236//2236 2240//2240 
f 2240//2240 2236//2236 2241//2241 
f 2236//2236 2242//2242 2241//2241 
f 2241//2241 2242//2242 2242//2242 
f 2242//2242 2243//2243 2242//2242 
f 2242//2242 2243//2243 2243//2243 
f 2243//2243 2244//2244 2243//2243 
f 2243//2243 2244//2244 2245//2245 
f 2244//2244 2246//2246 2245//2245 
f 2245//2245 2246//2246 2247//2247 
f 2246//2246 2248//2248 2247//2247 
f 2247//2247 2248//2248 2249//2249 
f 2248//2248 2248//2248 2249//2249 
f 2249//2249 2248//2248 2250//2250 
f 2248//2248 2248//2248 2250//2250 
f 2250//2250 2248//2248 2251//2251 
f 2248//2248 2248//2248 2251//2251 
f 2251//2251 2248//2248 2252//2252 
f 2248//2248 2246//2246 2252//2252 
f 2252//2252 2246//2246 2253//2253 
f 2246//2246 2244//2244 2253//2253 
f 2253//2253 2244//2244 2244//2244 
f 2244//2244 2249//2249 2244//2244 
f 2244//2244 2249//2249 2249//2249 
f 2249//2249 2254//2254 2249//2249 
f 2249//2249 2254//2254 2247//2247 
f 2254//2254 2247//2247 2247//2247 
f 2247//2247 2247//2247 2255//2255 
f 2247//2247 2255//2255 2255//2255 
f 2255//2255 2255//2255 2256//2256 
f 2255//2255 2257//2257 2256//2256 
f 2256//2256 2257//2257 2258//2258 
f 2257//2257 2259//2259 2258//2258 
f 2258//2258 2259//2259 2258//2258 
f 2259//2259 2260//2260 2258//2258 
f 2258//2258 2260//2260 2261//2261 
f 2260//2260 2262//2262 2261//2261 
f 2261//2261 2262//2262 2261//2261 
f 2262//2262 2263//2263 2261//2261 
f 2261//2261 2263//2263 2261//2261 
f 2263//2263 2264//2264 2261//2261 
f 2261//2261 2264//2264 2265//2265 
f 2264//2264 2266//2266 2265//2265 
f 2265//2265 2266//2266 2266//2266 
f 2266//2266 2256//2256 2266//2266 
f 2266//2266 2256//2256 2256//2256 
f 2256//2256 2258//2258 2256//2256 
f 2256//2256 2258//2258 2265//2265 
f 2258//2258 2261//2261 2265//2265 
f 2265//2265 2261//2261 2261//2261 
f 2261//2261 2267//2267 2261//2261 
f 2261//2261 2267//2267 2267//2267 
f 2267//2267 2268//2268 2267//2267 
f 2267//2267 2268//2268 2269//2269 
f 2268//2268 2270//2270 2269//2269 
f 2269//2269 2270//2270 2269//2269 
f 2270//2270 2271//2271 2269//2269 
f 2269//2269 2271//2271 2272//2272 
f 2271//2271 2272//2272 2272//2272 
f 2272//2272 2272//2272 2267//2267 
f 2272//2272 2267//2267 2267//2267 
f 2267//2267 2267//2267 2268//2268 
f 2267//2267 2273//2273 2268//2268 
f 2268//2268 2273//2273 2270//2270 
f 2273//2273 2274//2274 2270//2270 
f 2270//2270 2274//2274 2275//2275 
f 2274//2274 2276//2276 2275//2275 
f 2275//2275 2276//2276 2275//2275 
f 2276//2276 2277//2277 2275//2275 
f 2275//2275 2277//2277 2275//2275 
f 2277//2277 2278//2278 2275//2275 
f 2275//2275 2278//2278 2271//2271 
f 2278//2278 2278//2278 2271//2271 
f 2271//2271 2278//2278 2279//2279 
f 2278//2278 2280//2280 2279//2279 
f 2279//2279 2280//2280 2279//2279 
f 2280//2280 2281//2281 2279//2279 
f 2279//2279 2281//2281 2279//2279 
f 2281//2281 2282//2282 2279//2279 
f 2279//2279 2282//2282 2272//2272 
f 2282//2282 2283//2283 2272//2272 
f 2272//2272 2283//2283 2283//2283 
f 2283//2283 2273//2273 2283//2283 
f 2283//2283 2273//2273 2273//2273 
f 2273//2273 2284//2284 2273//2273 
f 2273//2273 2284//2284 2274//2274 
f 2284//2284 2285//2285 2274//2274 
f 2274//2274 2285//2285 2276//2276 
f 2285//2285 2286//2286 2276//2276 
f 2276//2276 2286//2286 2286//2286 
f 2286//2286 2271//2271 2286//2286 
f 2286//2286 2271//2271 2271//2271 
f 2271//2271 2270//2270 2271//2271 
f 2271//2271 2270//2270 2275//2275 
f 2270//2270 2275//2275 2275//2275 
f 2275//2275 2275//2275 2272//2272 
f 2275//2275 2272//2272 2272//2272 
f 2272//2272 2272//2272 2279//2279 
f 2272//2272 2271//2271 2279//2279 
f 2279//2279 2271//2271 2271//2271 
f 2271//2271 2287//2287 2271//2271 
f 2271//2271 2287//2287 2287//2287 
f 2287//2287 2288//2288 2287//2287 
f 2287//2287 2288//2288 2289//2289 
f 2288//2288 2290//2290 2289//2289 
f 2289//2289 2290//2290 2291//2291 
f 2290//2290 2290//2290 2291//2291 
f 2291//2291 2290//2290 2292//2292 
f 2290//2290 2290//2290 2292//2292 
f 2292//2292 2290//2290 2293//2293 
f 2290//2290 2294//2294 2293//2293 
f 2293//2293 2294//2294 2295//2295 
f 2294//2294 2294//2294 2295//2295 
f 2295//2295 2294//2294 2296//2296 
f 2294//2294 2294//2294 2296//2296 
f 2296//2296 2294//2294 2297//2297 
f 2294//2294 2294//2294 2297//2297 
f 2297//2297 2294//2294 2288//2288 
f 2294//2294 2290//2290 2288//2288 
f 2288//2288 2290//2290 2290//2290 
f 2290//2290 2292//2292 2290//2290 
f 2290//2290 2292//2292 2292//2292 
f 2292//2292 2293//2293 2292//2292 
f 2292//2292 2293//2293 2298//2298 
f 2293//2293 2299//2299 2298//2298 
f 2298//2298 2299//2299 2298//2298 
f 2299//2299 2300//2300 2298//2298 
f 2298//2298 2300//2300 2292//2292 
f 2300//2300 2292//2292 2292//2292 
f 2292//2292 2292//2292 2293//2293 
f 2292//2292 2293//2293 2293//2293 
f 2293//2293 2293//2293 2299//2299 
f 2293//2293 2295//2295 2299//2299 
f 2299//2299 2295//2295 2301//2301 
f 2295//2295 2302//2302 2301//2301 
f 2301//2301 2302//2302 2303//2303 
f 2302//2302 2302//2302 2303//2303 
f 2303//2303 2302//2302 2304//2304 
f 2302//2302 2302//2302 2304//2304 
f 2304//2304 2302//2302 2305//2305 
f 2302//2302 2302//2302 2305//2305 
f 2305//2305 2302//2302 2296//2296 
f 2302//2302 2295//2295 2296//2296 
f 2296//2296 2295//2295 2295//2295 
f 2295//2295 2301//2301 2295//2295 
f 2295//2295 2301//2301 2301//2301 
f 2301//2301 2303//2303 2301//2301 
f 2301//2301 2303//2303 2306//2306 
f 2303//2303 2306//2306 2306//2306 
f 2306//2306 2306//2306 2307//2307 
f 2306//2306 2307//2307 2307//2307 
f 2307//2307 2307//2307 2308//2308 
f 2307//2307 2309//2309 2308//2308 
f 2308//2308 2309//2309 2310//2310 
f 2309//2309 2309//2309 2310//2310 
f 2310//2310 2309//2309 2311//2311 
f 2309//2309 2309//2309 2311//2311 
f 2311//2311 2309//2309 2312//2312 
f 2309//2309 2309//2309 2312//2312 
f 2312//2312 2309//2309 2313//2313 
f 2309//2309 2314//2314 2313//2313 
f 2313//2313 2314//2314 2314//2314 
f 2314//2314 2315//2315 2314//2314 
f 2314//2314 2315//2315 2315//2315 
f 2315//2315 2316//2316 2315//2315 
f 2315//2315 2316//2316 2317//2317 
f 2316//2316 2316//2316 2317//2317 
f 2317//2317 2316//2316 2318//2318 
f 2316//2316 2316//2316 2318//2318 
f 2318//2318 2316//2316 2319//2319 
f 2316//2316 2316//2316 2319//2319 
f 2319//2319 2316//2316 2320//2320 
f 2316//2316 2316//2316 2320//2320 
f 2320//2320 2316//2316 2321//2321 
f 2316//2316 2322//2322 2321//2321 
f 2321//2321 2322//2322 2322//2322 
f 2322//2322 2323//2323 2322//2322 
f 2322//2322 2323//2323 2323//2323 
f 2323//2323 2324//2324 2323//2323 
f 2323//2323 2324//2324 2325//2325 
f 2324//2324 2324//2324 2325//2325 
f 2325//2325 2324//2324 2326//2326 
f 2324//2324 2324//2324 2326//2326 
f 2326//2326 2324//2324 2327//2327 
f 2324//2324 2324//2324 2327//2327 
f 2327//2327 2324//2324 2328//2328 
f 2324//2324 2324//2324 2328//2328 
f 2328//2328 2324//2324 2329//2329 
f 2324//2324 2330//2330 2329//2329 
f 2329//2329 2330//2330 2330//2330 
f 2330//2330 2331//2331 2330//2330 
f 2330//2330 2331//2331 2331//2331 
f 2331//2331 2332//2332 2331//2331 
f 2331//2331 2332//2332 2333//2333 
f 2332//2332 2332//2332 2333//2333 
f 2333//2333 2332//2332 2334//2334 
f 2332//2332 2332//2332 2334//2334 
f 2334//2334 2332//2332 2335//2335 
f 2332//2332 2332//2332 2335//2335 
f 2335//2335 2332//2332 2336//2336 
f 2332//2332 2332//2332 2336//2336 
f 2336//2336 2332//2332 2337//2337 
f 2332//2332 2338//2338 2337//2337 
f 2337//2337 2338//2338 2338//2338 
f 2338//2338 2339//2339 2338//2338 
f 2338//2338 2339//2339 2339//2339 
f 2339//2339 2340//2340 2339//2339 
f 2339//2339 2340//2340 2341//2341 
f 2340//2340 2342//2342 2341//2341 
f 2341//2341 2342//2342 2343//2343 
f 2342//2342 2344//2344 2343//2343 
f 2343//2343 2344//2344 2345//2345 
f 2344//2344 2344//2344 2345//2345 
f 2345//2345 2344//2344 2346//2346 
f 2344//2344 2344//2344 2346//2346 
f 2346//2346 2344//2344 2347//2347 
f 2344//2344 2344//2344 2347//2347 
f 2347//2347 2344//2344 2348//2348 
f 2344//2344 2342//2342 2348//2348 
f 2348//2348 2342//2342 2349//2349 
f 2342//2342 2340//2340 2349//2349 
f 2349//2349 2340//2340 2340//2340 
f 2340//2340 2345//2345 2340//2340 
f 2340//2340 2345//2345 2345//2345 
f 2345//2345 2350//2350 2345//2345 
f 2345//2345 2350//2350 2343//2343 
f 2350//2350 2343//2343 2343//2343 
f 2343//2343 2343//2343 2351//2351 
f 2343//2343 2351//2351 2351//2351 
f 2351//2351 2351//2351 2352//2352 
f 2351//2351 2353//2353 2352//2352 
f 2352//2352 2353//2353 2354//2354 
f 2353//2353 2355//2355 2354//2354 
f 2354//2354 2355//2355 2354//2354 
f 2355//2355 2356//2356 2354//2354 
f 2354//2354 2356//2356 2357//2357 
f 2356//2356 2358//2358 2357//2357 
f 2357//2357 2358//2358 2357//2357 
f 2358//2358 2359//2359 2357//2357 
f 2357//2357 2359//2359 2357//2357 
f 2359//2359 2360//2360 2357//2357 
f 2357//2357 2360//2360 2361//2361 
f 2360//2360 2362//2362 2361//2361 
f 2361//2361 2362//2362 2362//2362 
f 2362//2362 2352//2352 2362//2362 
f 2362//2362 2352//2352 2352//2352 
f 2352//2352 2354//2354 2352//2352 
f 2352//2352 2354//2354 2361//2361 
f 2354//2354 2357//2357 2361//2361 
f 2361//2361 2357//2357 2357//2357 
f 2357//2357 2363//2363 2357//2357 
f 2357//2357 2363//2363 2363//2363 
f 2363//2363 2364//2364 2363//2363 
f 2363//2363 2364//2364 2365//2365 
f 2364//2364 2364//2364 2365//2365 
f 2365//2365 2364//2364 2366//2366 
f 2364//2364 2367//2367 2366//2366 
f 2366//2366 2367//2367 2368//2368 
f 2367//2367 2368//2368 2368//2368 
f 2368//2368 2368//2368 2363//2363 
f 2368//2368 2363//2363 2363//2363 
f 2363//2363 2363//2363 2364//2364 
f 2363//2363 2369//2369 2364//2364 
f 2364//2364 2369//2369 2370//2370 
f 2369//2369 2371//2371 2370//2370 
f 2370//2370 2371//2371 2372//2372 
f 2371//2371 2373//2373 2372//2372 
f 2372//2372 2373//2373 2374//2374 
f 2373//2373 2375//2375 2374//2374 
f 2374//2374 2375//2375 2374//2374 
f 2375//2375 2376//2376 2374//2374 
f 2374//2374 2376//2376 2377//2377 
f 2376//2376 2378//2378 2377//2377 
f 2377//2377 2378//2378 2378//2378 
f 2378//2378 2364//2364 2378//2378 
f 2378//2378 2364//2364 2364//2364 
f 2364//2364 2370//2370 2364//2364 
f 2364//2364 2370//2370 2367//2367 
f 2370//2370 2372//2372 2367//2367 
f 2367//2367 2372//2372 2379//2379 
f 2372//2372 2374//2374 2379//2379 
f 2379//2379 2374//2374 2379//2379 
f 2374//2374 2377//2377 2379//2379 
f 2379//2379 2377//2377 2379//2379 
f 2377//2377 2380//2380 2379//2379 
f 2379//2379 2380//2380 2368//2368 
f 2380//2380 2381//2381 2368//2368 
f 2368//2368 2381//2381 2366//2366 
f 2381//2381 2382//2382 2366//2366 
f 2366//2366 2382//2382 2365//2365 
f 2382//2382 2365//2365 2365//2365 
f 2365//2365 2365//2365 2371//2371 
f 2365//2365 2371//2371 2371//2371 
f 2371//2371 2371//2371 2373//2373 
f 2371//2371 2369//2369 2373//2373 
f 2373//2373 2369//2369 2369//2369 
f 2369//2369 2367//2367 2369//2369 
f 2369//2369 2367//2367 2367//2367 
f 2367//2367 2379//2379 2367//2367 
f 2367//2367 2379//2379 2368//2368 
f 2379//2379 2368//2368 2368//2368 
f 2368//2368 2368//2368 2381//2381 
f 2368//2368 2381//2381 2381//2381 
f 2381//2381 2381//2381 2382//2382 
f 2381//2381 2380//2380 2382//2382 
f 2382//2382 2380//2380 2380//2380 
f 2380//2380 2383//2383 2380//2380 
f 2380//2380 2383//2383 2383//2383 
f 2383//2383 2384//2384 2383//2383 
f 2383//2383 2384//2384 2385//2385 
f 2384//2384 2386//2386 2385//2385 
f 2385//2385 2386//2386 2387//2387 
f 2386//2386 2386//2386 2387//2387 
f 2387//2387 2386//2386 2388//2388 
f 2386//2386 2386//2386 2388//2388 
f 2388//2388 2386//2386 2389//2389 
f 2386//2386 2386//2386 2389//2389 
f 2389//2389 2386//2386 2390//2390 
f 2386//2386 2384//2384 2390//2390 
f 2390//2390 2384//2384 2391//2391 
f 2384//2384 2384//2384 2391//2391 
f 2391//2391 2384//2384 2392//2392 
f 2384//2384 2383//2383 2392//2392 
f 2392//2392 2383//2383 2393//2393 
f 2383//2383 2385//2385 2393//2393 
f 2393//2393 2385//2385 2387//2387 
f 2385//2385 2387//2387 2387//2387 
f 2387//2387 2387//2387 2391//2391 
f 2387//2387 2391//2391 2391//2391 
f 2391//2391 2391//2391 2390//2390 
f 2391//2391 2394//2394 2390//2390 
f 2390//2390 2394//2394 2390//2390 
f 2394//2394 2395//2395 2390//2390 
f 2390//2390 2395//2395 2389//2389 
f 2395//2395 2396//2396 2389//2389 
f 2389//2389 2396//2396 2388//2388 
f 2396//2396 2397//2397 2388//2388 
f 2388//2388 2397//2397 2398//2398 
f 2397//2397 2399//2399 2398//2398 
f 2398//2398 2399//2399 2398//2398 
f 2399//2399 2400//2400 2398//2398 
f 2398//2398 2400//2400 2401//2401 
f 2400//2400 2402//2402 2401//2401 
f 2401//2401 2402//2402 2402//2402 
f 2402//2402 2396//2396 2402//2402 
f 2402//2402 2396//2396 2396//2396 
f 2396//2396 2395//2395 2396//2396 
f 2396//2396 2395//2395 2397//2397 
f 2395//2395 2397//2397 2397//2397 
f 2397//2397 2397//2397 2388//2388 
f 2397//2397 2388//2388 2388//2388 
f 2388//2388 2388//2388 2387//2387 
f 2388//2388 2398//2398 2387//2387 
f 2387//2387 2398//2398 2387//2387 
f 2398//2398 2401//2401 2387//2387 
f 2387//2387 2401//2401 2393//2393 
f 2401//2401 2393//2393 2393//2393 
f 2393//2393 2393//2393 2403//2403 
f 2393//2393 2403//2403 2403//2403 
f 2403//2403 2403//2403 2404//2404 
f 2403//2403 2405//2405 2404//2404 
f 2404//2404 2405//2405 2406//2406 
f 2405//2405 2405//2405 2406//2406 
f 2406//2406 2405//2405 2407//2407 
f 2405//2405 2408//2408 2407//2407 
f 2407//2407 2408//2408 2408//2408 
f 2408//2408 2409//2409 2408//2408 
f 2408//2408 2409//2409 2409//2409 
f 2409//2409 2410//2410 2409//2409 
f 2409//2409 2410//2410 2411//2411 
f 2410//2410 2410//2410 2411//2411 
f 2411//2411 2410//2410 2412//2412 
f 2410//2410 2410//2410 2412//2412 
f 2412//2412 2410//2410 2413//2413 
f 2410//2410 2414//2414 2413//2413 
f 2413//2413 2414//2414 2414//2414 
f 2414//2414 2415//2415 2414//2414 
f 2414//2414 2415//2415 2415//2415 
f 2415//2415 2416//2416 2415//2415 
f 2415//2415 2416//2416 2417//2417 
f 2416//2416 2416//2416 2417//2417 
f 2417//2417 2416//2416 2418//2418 
f 2416//2416 2416//2416 2418//2418 
f 2418//2418 2416//2416 2419//2419 
f 2416//2416 2420//2420 2419//2419 
f 2419//2419 2420//2420 2420//2420 
f 2420//2420 2421//2421 2420//2420 
f 2420//2420 2421//2421 2421//2421 
f 2421//2421 2422//2422 2421//2421 
f 2421//2421 2422//2422 2423//2423 
f 2422//2422 2422//2422 2423//2423 
f 2423//2423 2422//2422 2424//2424 
f 2422//2422 2422//2422 2424//2424 
f 2424//2424 2422//2422 2425//2425 
f 2422//2422 2426//2426 2425//2425 
f 2425//2425 2426//2426 2426//2426 
f 2426//2426 2427//2427 2426//2426 
f 2426//2426 2427//2427 2427//2427 
f 2427//2427 2428//2428 2427//2427 
f 2427//2427 2428//2428 2429//2429 
f 2428//2428 2430//2430 2429//2429 
f 2429//2429 2430//2430 2431//2431 
f 2430//2430 2432//2432 2431//2431 
f 2431//2431 2432//2432 2433//2433 
f 2432//2432 2432//2432 2433//2433 
f 2433//2433 2432//2432 2434//2434 
f 2432//2432 2432//2432 2434//2434 
f 2434//2434 2432//2432 2435//2435 
f 2432//2432 2432//2432 2435//2435 
f 2435//2435 2432//2432 2436//2436 
f 2432//2432 2430//2430 2436//2436 
f 2436//2436 2430//2430 2437//2437 
f 2430//2430 2428//2428 2437//2437 
f 2437//2437 2428//2428 2428//2428 
f 2428//2428 2433//2433 2428//2428 
f 2428//2428 2433//2433 2433//2433 
f 2433//2433 2438//2438 2433//2433 
f 2433//2433 2438//2438 2431//2431 
f 2438//2438 2431//2431 2431//2431 
f 2431//2431 2431//2431 2439//2439 
f 2431//2431 2439//2439 2439//2439 
f 2439//2439 2439//2439 2440//2440 
f 2439//2439 2441//2441 2440//2440 
f 2440//2440 2441//2441 2442//2442 
f 2441//2441 2443//2443 2442//2442 
f 2442//2442 2443//2443 2442//2442 
f 2443//2443 2444//2444 2442//2442 
f 2442//2442 2444//2444 2445//2445 
f 2444//2444 2446//2446 2445//2445 
f 2445//2445 2446//2446 2445//2445 
f 2446//2446 2447//2447 2445//2445 
f 2445//2445 2447//2447 2445//2445 
f 2447//2447 2448//2448 2445//2445 
f 2445//2445 2448//2448 2449//2449 
f 2448//2448 2450//2450 2449//2449 
f 2449//2449 2450//2450 2450//2450 
f 2450//2450 2440//2440 2450//2450 
f 2450//2450 2440//2440 2440//2440 
f 2440//2440 2442//2442 2440//2440 
f 2440//2440 2442//2442 2449//2449 
f 2442//2442 2445//2445 2449//2449 
f 2449//2449 2445//2445 2445//2445 
f 2445//2445 2451//2451 2445//2445 
f 2445//2445 2451//2451 2451//2451 
f 2451//2451 2452//2452 2451//2451 
f 2451//2451 2452//2452 2453//2453 
f 2452//2452 2452//2452 2453//2453 
f 2453//2453 2452//2452 2454//2454 
f 2452//2452 2455//2455 2454//2454 
f 2454//2454 2455//2455 2456//2456 
f 2455//2455 2456//2456 2456//2456 
f 2456//2456 2456//2456 2451//2451 
f 2456//2456 2451//2451 2451//2451 
f 2451//2451 2451//2451 2452//2452 
f 2451//2451 2457//2457 2452//2452 
f 2452//2452 2457//2457 2458//2458 
f 2457//2457 2459//2459 2458//2458 
f 2458//2458 2459//2459 2460//2460 
f 2459//2459 2461//2461 2460//2460 
f 2460//2460 2461//2461 2462//2462 
f 2461//2461 2463//2463 2462//2462 
f 2462//2462 2463//2463 2462//2462 
f 2463//2463 2464//2464 2462//2462 
f 2462//2462 2464//2464 2465//2465 
f 2464//2464 2466//2466 2465//2465 
f 2465//2465 2466//2466 2466//2466 
f 2466//2466 2452//2452 2466//2466 
f 2466//2466 2452//2452 2452//2452 
f 2452//2452 2458//2458 2452//2452 
f 2452//2452 2458//2458 2455//2455 
f 2458//2458 2460//2460 2455//2455 
f 2455//2455 2460//2460 2467//2467 
f 2460//2460 2462//2462 2467//2467 
f 2467//2467 2462//2462 2467//2467 
f 2462//2462 2465//2465 2467//2467 
f 2467//2467 2465//2465 2467//2467 
f 2465//2465 2468//2468 2467//2467 
f 2467//2467 2468//2468 2456//2456 
f 2468//2468 2469//2469 2456//2456 
f 2456//2456 2469//2469 2454//2454 
f 2469//2469 2470//2470 2454//2454 
f 2454//2454 2470//2470 2453//2453 
f 2470//2470 2453//2453 2453//2453 
f 2453//2453 2453//2453 2459//2459 
f 2453//2453 2459//2459 2459//2459 
f 2459//2459 2459//2459 2461//2461 
f 2459//2459 2457//2457 2461//2461 
f 2461//2461 2457//2457 2457//2457 
f 2457//2457 2455//2455 2457//2457 
f 2457//2457 2455//2455 2455//2455 
f 2455//2455 2467//2467 2455//2455 
f 2455//2455 2467//2467 2456//2456 
f 2467//2467 2456//2456 2456//2456 
f 2456//2456 2456//2456 2469//2469 
f 2456//2456 2469//2469 2469//2469 
f 2469//2469 2469//2469 2470//2470 
f 2469//2469 2468//2468 2470//2470 
f 2470//2470 2468//2468 2468//2468 
f 2468//2468 2471//2471 2468//2468 
f 2468//2468 2471//2471 2471//2471 
f 2471//2471 2472//2472 2471//2471 
f 2471//2471 2472//2472 2473//2473 
f 2472//2472 2474//2474 2473//2473 
f 2473//2473 2474//2474 2475//2475 
f 2474//2474 2474//2474 2475//2475 
f 2475//2475 2474//2474 2476//2476 
f 2474//2474 2474//2474 2476//2476 
f 2476//2476 2474//2474 2477//2477 
f 2474//2474 2474//2474 2477//2477 
f 2477//2477 2474//2474 2478//2478 
f 2474//2474 2472//2472 2478//2478 
f 2478//2478 2472//2472 2479//2479 
f 2472//2472 2472//2472 2479//2479 
f 2479//2479 2472//2472 2480//2480 
f 2472//2472 2471//2471 2480//2480 
f 2480//2480 2471//2471 2481//2481 
f 2471//2471 2473//2473 2481//2481 
f 2481//2481 2473//2473 2475//2475 
f 2473//2473 2475//2475 2475//2475 
f 2475//2475 2475//2475 2479//2479 
f 2475//2475 2479//2479 2479//2479 
f 2479//2479 2479//2479 2478//2478 
f 2479//2479 2482//2482 2478//2478 
f 2478//2478 2482//2482 2478//2478 
f 2482//2482 2483//2483 2478//2478 
f 2478//2478 2483//2483 2477//2477 
f 2483//2483 2484//2484 2477//2477 
f 2477//2477 2484//2484 2476//2476 
f 2484//2484 2485//2485 2476//2476 
f 2476//2476 2485//2485 2486//2486 
f 2485//2485 2487//2487 2486//2486 
f 2486//2486 2487//2487 2486//2486 
f 2487//2487 2488//2488 2486//2486 
f 2486//2486 2488//2488 2489//2489 
f 2488//2488 2490//2490 2489//2489 
f 2489//2489 2490//2490 2490//2490 
f 2490//2490 2484//2484 2490//2490 
f 2490//2490 2484//2484 2484//2484 
f 2484//2484 2483//2483 2484//2484 
f 2484//2484 2483//2483 2485//2485 
f 2483//2483 2485//2485 2485//2485 
f 2485//2485 2485//2485 2476//2476 
f 2485//2485 2476//2476 2476//2476 
f 2476//2476 2476//2476 2475//2475 
f 2476//2476 2486//2486 2475//2475 
f 2475//2475 2486//2486 2475//2475 
f 2486//2486 2489//2489 2475//2475 
f 2475//2475 2489//2489 2481//2481 
f 2489//2489 2481//2481 2481//2481 
f 2481//2481 2481//2481 2491//2491 
f 2481//2481 2491//2491 2491//2491 
f 2491//2491 2491//2491 2492//2492 
f 2491//2491 2493//2493 2492//2492 
f 2492//2492 2493//2493 2494//2494 
f 2493//2493 2493//2493 2494//2494 
f 2494//2494 2493//2493 2495//2495 
f 2493//2493 2496//2496 2495//2495 
f 2495//2495 2496//2496 2496//2496 
f 2496//2496 2497//2497 2496//2496 
f 2496//2496 2497//2497 2497//2497 
f 2497//2497 2498//2498 2497//2497 
f 2497//2497 2498//2498 2499//2499 
f 2498//2498 2498//2498 2499//2499 
f 2499//2499 2498//2498 2500//2500 
f 2498//2498 2498//2498 2500//2500 
f 2500//2500 2498//2498 2501//2501 
f 2498//2498 2502//2502 2501//2501 
f 2501//2501 2502//2502 2502//2502 
f 2502//2502 2503//2503 2502//2502 
f 2502//2502 2503//2503 2503//2503 
f 2503//2503 2504//2504 2503//2503 
f 2503//2503 2504//2504 2505//2505 
f 2504//2504 2504//2504 2505//2505 
f 2505//2505 2504//2504 2506//2506 
f 2504//2504 2504//2504 2506//2506 
f 2506//2506 2504//2504 2507//2507 
f 2504//2504 2508//2508 2507//2507 
f 2507//2507 2508//2508 2508//2508 
f 2508//2508 2509//2509 2508//2508 
f 2508//2508 2509//2509 2509//2509 
f 2509//2509 2510//2510 2509//2509 
f 2509//2509 2510//2510 2511//2511 
f 2510//2510 2510//2510 2511//2511 
f 2511//2511 2510//2510 2512//2512 
f 2510//2510 2510//2510 2512//2512 
f 2512//2512 2510//2510 2513//2513 
f 2510//2510 2514//2514 2513//2513 
f 2513//2513 2514//2514 2514//2514 
f 2514//2514 2515//2515 2514//2514 
f 2514//2514 2515//2515 2515//2515 
f 2515//2515 2516//2516 2515//2515 
f 2515//2515 2516//2516 2517//2517 
f 2516//2516 2518//2518 2517//2517 
f 2517//2517 2518//2518 2519//2519 
f 2518//2518 2520//2520 2519//2519 
f 2519//2519 2520//2520 2521//2521 
f 2520//2520 2520//2520 2521//2521 
f 2521//2521 2520//2520 2522//2522 
f 2520//2520 2520//2520 2522//2522 
f 2522//2522 2520//2520 2523//2523 
f 2520//2520 2520//2520 2523//2523 
f 2523//2523 2520//2520 2524//2524 
f 2520//2520 2518//2518 2524//2524 
f 2524//2524 2518//2518 2525//2525 
f 2518//2518 2516//2516 2525//2525 
f 2525//2525 2516//2516 2516//2516 
f 2516//2516 2521//2521 2516//2516 
f 2516//2516 2521//2521 2521//2521 
f 2521//2521 2526//2526 2521//2521 
f 2521//2521 2526//2526 2519//2519 
f 2526//2526 2519//2519 2519//2519 
f 2519//2519 2519//2519 2527//2527 
f 2519//2519 2527//2527 2527//2527 
f 2527//2527 2527//2527 2528//2528 
f 2527//2527 2529//2529 2528//2528 
f 2528//2528 2529//2529 2530//2530 
f 2529//2529 2531//2531 2530//2530 
f 2530//2530 2531//2531 2530//2530 
f 2531//2531 2532//2532 2530//2530 
f 2530//2530 2532//2532 2533//2533 
f 2532//2532 2534//2534 2533//2533 
f 2533//2533 2534//2534 2533//2533 
f 2534//2534 2535//2535 2533//2533 
f 2533//2533 2535//2535 2533//2533 
f 2535//2535 2536//2536 2533//2533 
f 2533//2533 2536//2536 2537//2537 
f 2536//2536 2538//2538 2537//2537 
f 2537//2537 2538//2538 2538//2538 
f 2538//2538 2528//2528 2538//2538 
f 2538//2538 2528//2528 2528//2528 
f 2528//2528 2530//2530 2528//2528 
f 2528//2528 2530//2530 2537//2537 
f 2530//2530 2533//2533 2537//2537 
f 2537//2537 2533//2533 2533//2533 
f 2533//2533 2539//2539 2533//2533 
f 2533//2533 2539//2539 2539//2539 
f 2539//2539 2540//2540 2539//2539 
f 2539//2539 2540//2540 2541//2541 
f 2540//2540 2540//2540 2541//2541 
f 2541//2541 2540//2540 2542//2542 
f 2540//2540 2543//2543 2542//2542 
f 2542//2542 2543//2543 2544//2544 
f 2543//2543 2544//2544 2544//2544 
f 2544//2544 2544//2544 2539//2539 
f 2544//2544 2539//2539 2539//2539 
f 2539//2539 2539//2539 2540//2540 
f 2539//2539 2545//2545 2540//2540 
f 2540//2540 2545//2545 2546//2546 
f 2545//2545 2547//2547 2546//2546 
f 2546//2546 2547//2547 2548//2548 
f 2547//2547 2549//2549 2548//2548 
f 2548//2548 2549//2549 2550//2550 
f 2549//2549 2551//2551 2550//2550 
f 2550//2550 2551//2551 2550//2550 
f 2551//2551 2552//2552 2550//2550 
f 2550//2550 2552//2552 2553//2553 
f 2552//2552 2554//2554 2553//2553 
f 2553//2553 2554//2554 2554//2554 
f 2554//2554 2540//2540 2554//2554 
f 2554//2554 2540//2540 2540//2540 
f 2540//2540 2546//2546 2540//2540 
f 2540//2540 2546//2546 2543//2543 
f 2546//2546 2548//2548 2543//2543 
f 2543//2543 2548//2548 2555//2555 
f 2548//2548 2550//2550 2555//2555 
f 2555//2555 2550//2550 2555//2555 
f 2550//2550 2553//2553 2555//2555 
f 2555//2555 2553//2553 2555//2555 
f 2553//2553 2556//2556 2555//2555 
f 2555//2555 2556//2556 2544//2544 
f 2556//2556 2557//2557 2544//2544 
f 2544//2544 2557//2557 2542//2542 
f 2557//2557 2558//2558 2542//2542 
f 2542//2542 2558//2558 2541//2541 
f 2558//2558 2541//2541 2541//2541 
f 2541//2541 2541//2541 2547//2547 
f 2541//2541 2547//2547 2547//2547 
f 2547//2547 2547//2547 2549//2549 
f 2547//2547 2545//2545 2549//2549 
f 2549//2549 2545//2545 2545//2545 
f 2545//2545 2543//2543 2545//2545 
f 2545//2545 2543//2543 2543//2543 
f 2543//2543 2555//2555 2543//2543 
f 2543//2543 2555//2555 2544//2544 
f 2555//2555 2544//2544 2544//2544 
f 2544//2544 2544//2544 2557//2557 
f 2544//2544 2557//2557 2557//2557 
f 2557//2557 2557//2557 2558//2558 
f 2557//2557 2556//2556 2558//2558 
f 2558//2558 2556//2556 2556//2556 
f 2556//2556 2559//2559 2556//2556 
f 2556//2556 2559//2559 2559//2559 
f 2559//2559 2560//2560 2559//2559 
f 2559//2559 2560//2560 2561//2561 
f 2560//2560 2562//2562 2561//2561 
f 2561//2561 2562//2562 2563//2563 
f 2562//2562 2562//2562 2563//2563 
f 2563//2563 2562//2562 2564//2564 
f 2562//2562 2562//2562 2564//2564 
f 2564//2564 2562//2562 2565//2565 
f 2562//2562 2562//2562 2565//2565 
f 2565//2565 2562//2562 2566//2566 
f 2562//2562 2560//2560 2566//2566 
f 2566//2566 2560//2560 2567//2567 
f 2560//2560 2560//2560 2567//2567 
f 2567//2567 2560//2560 2568//2568 
f 2560//2560 2559//2559 2568//2568 
f 2568//2568 2559//2559 2569//2569 
f 2559//2559 2561//2561 2569//2569 
f 2569//2569 2561//2561 2563//2563 
f 2561//2561 2563//2563 2563//2563 
f 2563//2563 2563//2563 2567//2567 
f 2563//2563 2567//2567 2567//2567 
f 2567//2567 2567//2567 2566//2566 
f 2567//2567 2570//2570 2566//2566 
f 2566//2566 2570//2570 2566//2566 
f 2570//2570 2571//2571 2566//2566 
f 2566//2566 2571//2571 2565//2565 
f 2571//2571 2572//2572 2565//2565 
f 2565//2565 2572//2572 2564//2564 
f 2572//2572 2573//2573 2564//2564 
f 2564//2564 2573//2573 2574//2574 
f 2573//2573 2575//2575 2574//2574 
f 2574//2574 2575//2575 2574//2574 
f 2575//2575 2576//2576 2574//2574 
f 2574//2574 2576//2576 2577//2577 
f 2576//2576 2578//2578 2577//2577 
f 2577//2577 2578//2578 2578//2578 
f 2578//2578 2572//2572 2578//2578 
f 2578//2578 2572//2572 2572//2572 
f 2572//2572 2571//2571 2572//2572 
f 2572//2572 2571//2571 2573//2573 
f 2571//2571 2573//2573 2573//2573 
f 2573//2573 2573//2573 2564//2564 
f 2573//2573 2564//2564 2564//2564 
f 2564//2564 2564//2564 2563//2563 
f 2564//2564 2574//2574 2563//2563 
f 2563//2563 2574//2574 2563//2563 
f 2574//2574 2577//2577 2563//2563 
f 2563//2563 2577//2577 2569//2569 
f 2577//2577 2569//2569 2569//2569 
f 2569//2569 2569//2569 2579//2579 
f 2569//2569 2579//2579 2579//2579 
f 2579//2579 2579//2579 2580//2580 
f 2579//2579 2581//2581 2580//2580 
f 2580//2580 2581//2581 2582//2582 
f 2581//2581 2581//2581 2582//2582 
f 2582//2582 2581//2581 2583//2583 
f 2581//2581 2584//2584 2583//2583 
f 2583//2583 2584//2584 2584//2584 
f 2584//2584 2585//2585 2584//2584 
f 2584//2584 2585//2585 2585//2585 
f 2585//2585 2586//2586 2585//2585 
f 2585//2585 2586//2586 2587//2587 
f 2586//2586 2586//2586 2587//2587 
f 2587//2587 2586//2586 2588//2588 
f 2586//2586 2586//2586 2588//2588 
f 2588//2588 2586//2586 2589//2589 
f 2586//2586 2590//2590 2589//2589 
f 2589//2589 2590//2590 2590//2590 
f 2590//2590 2591//2591 2590//2590 
f 2590//2590 2591//2591 2591//2591 
f 2591//2591 2592//2592 2591//2591 
f 2591//2591 2592//2592 2593//2593 
f 2592//2592 2592//2592 2593//2593 
f 2593//2593 2592//2592 2594//2594 
f 2592//2592 2592//2592 2594//2594 
f 2594//2594 2592//2592 2595//2595 
f 2592//2592 2596//2596 2595//2595 
f 2595//2595 2596//2596 2596//2596 
f 2596//2596 2597//2597 2596//2596 
f 2596//2596 2597//2597 2597//2597 
f 2597//2597 2598//2598 2597//2597 
f 2597//2597 2598//2598 2599//2599 
f 2598//2598 2598//2598 2599//2599 
f 2599//2599 2598//2598 2600//2600 
f 2598//2598 2598//2598 2600//2600 
f 2600//2600 2598//2598 2601//2601 
f 2598//2598 2602//2602 2601//2601 
f 2601//2601 2602//2602 2602//2602 
f 2602//2602 2603//2603 2602//2602 
f 2602//2602 2603//2603 2603//2603 
f 2603//2603 2604//2604 2603//2603 
f 2603//2603 2604//2604 2605//2605 
f 2604//2604 2606//2606 2605//2605 
f 2605//2605 2606//2606 2607//2607 
f 2606//2606 2608//2608 2607//2607 
f 2607//2607 2608//2608 2609//2609 
f 2608//2608 2608//2608 2609//2609 
f 2609//2609 2608//2608 2610//2610 
f 2608//2608 2608//2608 2610//2610 
f 2610//2610 2608//2608 2611//2611 
f 2608//2608 2608//2608 2611//2611 
f 2611//2611 2608//2608 2612//2612 
f 2608//2608 2606//2606 2612//2612 
f 2612//2612 2606//2606 2613//2613 
f 2606//2606 2604//2604 2613//2613 
f 2613//2613 2604//2604 2604//2604 
f 2604//2604 2609//2609 2604//2604 
f 2604//2604 2609//2609 2609//2609 
f 2609//2609 2614//2614 2609//2609 
f 2609//2609 2614//2614 2607//2607 
f 2614//2614 2607//2607 2607//2607 
f 2607//2607 2607//2607 2615//2615 
f 2607//2607 2615//2615 2615//2615 
f 2615//2615 2615//2615 2616//2616 
f 2615//2615 2617//2617 2616//2616 
f 2616//2616 2617//2617 2618//2618 
f 2617//2617 2619//2619 2618//2618 
f 2618//2618 2619//2619 2618//2618 
f 2619//2619 2620//2620 2618//2618 
f 2618//2618 2620//2620 2621//2621 
f 2620//2620 2622//2622 2621//2621 
f 2621//2621 2622//2622 2621//2621 
f 2622//2622 2623//2623 2621//2621 
f 2621//2621 2623//2623 2621//2621 
f 2623//2623 2624//2624 2621//2621 
f 2621//2621 2624//2624 2625//2625 
f 2624//2624 2626//2626 2625//2625 
f 2625//2625 2626//2626 2626//2626 
f 2626//2626 2616//2616 2626//2626 
f 2626//2626 2616//2616 2616//2616 
f 2616//2616 2618//2618 2616//2616 
f 2616//2616 2618//2618 2625//2625 
f 2618//2618 2621//2621 2625//2625 
f 2625//2625 2621//2621 2621//2621 
f 2621//2621 2627//2627 2621//2621 
f 2621//2621 2627//2627 2627//2627 
f 2627//2627 2628//2628 2627//2627 
f 2627//2627 2628//2628 2629//2629 
f 2628//2628 2630//2630 2629//2629 
f 2629//2629 2630//2630 2629//2629 
f 2630//2630 2631//2631 2629//2629 
f 2629//2629 2631//2631 2632//2632 
f 2631//2631 2632//2632 2632//2632 
f 2632//2632 2632//2632 2627//2627 
f 2632//2632 2627//2627 2627//2627 
f 2627//2627 2627//2627 2628//2628 
f 2627//2627 2633//2633 2628//2628 
f 2628//2628 2633//2633 2630//2630 
f 2633//2633 2634//2634 2630//2630 
f 2630//2630 2634//2634 2635//2635 
f 2634//2634 2636//2636 2635//2635 
f 2635//2635 2636//2636 2635//2635 
f 2636//2636 2637//2637 2635//2635 
f 2635//2635 2637//2637 2635//2635 
f 2637//2637 2638//2638 2635//2635 
f 2635//2635 2638//2638 2631//2631 
f 2638//2638 2638//2638 2631//2631 
f 2631//2631 2638//2638 2639//2639 
f 2638//2638 2640//2640 2639//2639 
f 2639//2639 2640//2640 2639//2639 
f 2640//2640 2641//2641 2639//2639 
f 2639//2639 2641//2641 2639//2639 
f 2641//2641 2642//2642 2639//2639 
f 2639//2639 2642//2642 2632//2632 
f 2642//2642 2643//2643 2632//2632 
f 2632//2632 2643//2643 2643//2643 
f 2643//2643 2633//2633 2643//2643 
f 2643//2643 2633//2633 2633//2633 
f 2633//2633 2644//2644 2633//2633 
f 2633//2633 2644//2644 2634//2634 
f 2644//2644 2645//2645 2634//2634 
f 2634//2634 2645//2645 2636//2636 
f 2645//2645 2646//2646 2636//2636 
f 2636//2636 2646//2646 2646//2646 
f 2646//2646 2631//2631 2646//2646 
f 2646//2646 2631//2631 2631//2631 
f 2631//2631 2630//2630 2631//2631 
f 2631//2631 2630//2630 2635//2635 
f 2630//2630 2635//2635 2635//2635 
f 2635//2635 2635//2635 2632//2632 
f 2635//2635 2632//2632 2632//2632 
f 2632//2632 2632//2632 2639//2639 
f 2632//2632 2631//2631 2639//2639 
f 2639//2639 2631//2631 2631//2631 
f 2631//2631 2647//2647 2631//2631 
f 2631//2631 2647//2647 2647//2647 
f 2647//2647 2648//2648 2647//2647 
f 2647//2647 2648//2648 2649//2649 
f 2648//2648 2650//2650 2649//2649 
f 2649//2649 2650//2650 2651//2651 
f 2650//2650 2650//2650 2651//2651 
f 2651//2651 2650//2650 2652//2652 
f 2650//2650 2650//2650 2652//2652 
f 2652//2652 2650//2650 2653//2653 
f 2650//2650 2654//2654 2653//2653 
f 2653//2653 2654//2654 2655//2655 
f 2654//2654 2654//2654 2655//2655 
f 2655//2655 2654//2654 2656//2656 
f 2654//2654 2654//2654 2656//2656 
f 2656//2656 2654//2654 2657//2657 
f 2654//2654 2654//2654 2657//2657 
f 2657//2657 2654//2654 2648//2648 
f 2654//2654 2650//2650 2648//2648 
f 2648//2648 2650//2650 2650//2650 
f 2650//2650 2652//2652 2650//2650 
f 2650//2650 2652//2652 2652//2652 
f 2652//2652 2653//2653 2652//2652 
f 2652//2652 2653//2653 2658//2658 
f 2653//2653 2659//2659 2658//2658 
f 2658//2658 2659//2659 2658//2658 
f 2659//2659 2660//2660 2658//2658 
f 2658//2658 2660//2660 2652//2652 
f 2660//2660 2652//2652 2652//2652 
f 2652//2652 2652//2652 2653//2653 
f 2652//2652 2653//2653 2653//2653 
f 2653//2653 2653//2653 2659//2659 
f 2653//2653 2655//2655 2659//2659 
f 2659//2659 2655//2655 2661//2661 
f 2655//2655 2662//2662 2661//2661 
f 2661//2661 2662//2662 2663//2663 
f 2662//2662 2662//2662 2663//2663 
f 2663//2663 2662//2662 2664//2664 
f 2662//2662 2662//2662 2664//2664 
f 2664//2664 2662//2662 2665//2665 
f 2662//2662 2662//2662 2665//2665 
f 2665//2665 2662//2662 2656//2656 
f 2662//2662 2655//2655 2656//2656 
f 2656//2656 2655//2655 2655//2655 
f 2655//2655 2661//2661 2655//2655 
f 2655//2655 2661//2661 2661//2661 
f 2661//2661 2663//2663 2661//2661 
f 2661//2661 2663//2663 2666//2666 
f 2663//2663 2666//2666 2666//2666 
f 2666//2666 2666//2666 2667//2667 
f 2666//2666 2667//2667 2667//2667 
f 2667//2667 2667//2667 2668//2668 
f 2667//2667 2669//2669 2668//2668 
f 2668//2668 2669//2669 2670//2670 
f 2669//2669 2669//2669 2670//2670 
f 2670//2670 2669//2669 2671//2671 
f 2669//2669 2669//2669 2671//2671 
f 2671//2671 2669//2669 2672//2672 
f 2669//2669 2669//2669 2672//2672 
f 2672//2672 2669//2669 2673//2673 
f 2669//2669 2674//2674 2673//2673 
f 2673//2673 2674//2674 2674//2674 
f 2674//2674 2675//2675 2674//2674 
f 2674//2674 2675//2675 2675//2675 
f 2675//2675 2676//2676 2675//2675 
f 2675//2675 2676//2676 2677//2677 
f 2676//2676 2676//2676 2677//2677 
f 2677//2677 2676//2676 2678//2678 
f 2676//2676 2676//2676 2678//2678 
f 2678//2678 2676//2676 2679//2679 
f 2676//2676 2676//2676 2679//2679 
f 2679//2679 2676//2676 2680//2680 
f 2676//2676 2676//2676 2680//2680 
f 2680//2680 2676//2676 2681//2681 
f 2676//2676 2682//2682 2681//2681 
f 2681//2681 2682//2682 2682//2682 
f 2682//2682 2683//2683 2682//2682 
f 2682//2682 2683//2683 2683//2683 
f 2683//2683 2684//2684 2683//2683 
f 2683//2683 2684//2684 2685//2685 
f 2684//2684 2684//2684 2685//2685 
f 2685//2685 2684//2684 2686//2686 
f 2684//2684 2684//2684 2686//2686 
f 2686//2686 2684//2684 2687//2687 
f 2684//2684 2684//2684 2687//2687 
f 2687//2687 2684//2684 2688//2688 
f 2684//2684 2684//2684 2688//2688 
f 2688//2688 2684//2684 2689//2689 
f 2684//2684 2690//2690 2689//2689 
f 2689//2689 2690//2690 2690//2690 
f 2690//2690 2691//2691 2690//2690 
f 2690//2690 2691//2691 2691//2691 
f 2691//2691 2692//2692 2691//2691 
f 2691//2691 2692//2692 2693//2693 
f 2692//2692 2692//2692 2693//2693 
f 2693//2693 2692//2692 2694//2694 
f 2692//2692 2692//2692 2694//2694 
f 2694//2694 2692//2692 2695//2695 
f 2692//2692 2692//2692 2695//2695 
f 2695//2695 2692//2692 2696//2696 
f 2692//2692 2692//2692 2696//2696 
f 2696//2696 2692//2692 2697//2697 
f 2692//2692 2698//2698 2697//2697 
f 2697//2697 2698//2698 2698//2698 
f 2698//2698 2699//2699 2698//2698 
f 2698//2698 2699//2699 2699//2699 
f 2699//2699 2700//2700 2699//2699 
f 2699//2699 2700//2700 2701//2701 
f 2700//2700 2702//2702 2701//2701 
f 2701//2701 2702//2702 2703//2703 
f 2702//2702 2704//2704 2703//2703 
f 2703//2703 2704//2704 2705//2705 
f 2704//2704 2704//2704 2705//2705 
f 2705//2705 2704//2704 2706//2706 
f 2704//2704 2704//2704 2706//2706 
f 2706//2706 2704//2704 2707//2707 
f 2704//2704 2704//2704 2707//2707 
f 2707//2707 2704//2704 2708//2708 
f 2704//2704 2702//2702 2708//2708 
f 2708//2708 2702//2702 2709//2709 
f 2702//2702 2700//2700 2709//2709 
f 2709//2709 2700//2700 2700//2700 
f 2700//2700 2705//2705 2700//2700 
f 2700//2700 2705//2705 2705//2705 
f 2705//2705 2710//2710 2705//2705 
f 2705//2705 2710//2710 2703//2703 
f 2710//2710 2703//2703 2703//2703 
f 2703//2703 2703//2703 2711//2711 
f 2703//2703 2711//2711 2711//2711 
f 2711//2711 2711//2711 2712//2712 
f 2711//2711 2713//2713 2712//2712 
f 2712//2712 2713//2713 2714//2714 
f 2713//2713 2715//2715 2714//2714 
f 2714//2714 2715//2715 2714//2714 
f 2715//2715 2716//2716 2714//2714 
f 2714//2714 2716//2716 2717//2717 
f 2716//2716 2718//2718 2717//2717 
f 2717//2717 2718//2718 2717//2717 
f 2718//2718 2719//2719 2717//2717 
f 2717//2717 2719//2719 2717//2717 
f 2719//2719 2720//2720 2717//2717 
f 2717//2717 2720//2720 2721//2721 
f 2720//2720 2722//2722 2721//2721 
f 2721//2721 2722//2722 2722//2722 
f 2722//2722 2712//2712 2722//2722 
f 2722//2722 2712//2712 2712//2712 
f 2712//2712 2714//2714 2712//2712 
f 2712//2712 2714//2714 2721//2721 
f 2714//2714 2717//2717 2721//2721 
f 2721//2721 2717//2717 2717//2717 
f 2717//2717 2723//2723 2717//2717 
f 2717//2717 2723//2723 2723//2723 
f 2723//2723 2724//2724 2723//2723 
f 2723//2723 2724//2724 2725//2725 
f 2724//2724 2724//2724 2725//2725 
f 2725//2725 2724//2724 2726//2726 
f 2724//2724 2727//2727 2726//2726 
f 2726//2726 2727//2727 2728//2728 
f 2727//2727 2728//2728 2728//2728 
f 2728//2728 2728//2728 2723//2723 
f 2728//2728 2723//2723 2723//2723 
f 2723//2723 2723//2723 2724//2724 
f 2723//2723 2729//2729 2724//2724 
f 2724//2724 2729//2729 2730//2730 
f 2729//2729 2731//2731 2730//2730 
f 2730//2730 2731//2731 2732//2732 
f 2731//2731 2733//2733 2732//2732 
f 2732//2732 2733//2733 2734//2734 
f 2733//2733 2735//2735 2734//2734 
f 2734//2734 2735//2735 2734//2734 
f 2735//2735 2736//2736 2734//2734 
f 2734//2734 2736//2736 2737//2737 
f 2736//2736 2738//2738 2737//2737 
f 2737//2737 2738//2738 2738//2738 
f 2738//2738 2724//2724 2738//2738 
f 2738//2738 2724//2724 2724//2724 
f 2724//2724 2730//2730 2724//2724 
f 2724//2724 2730//2730 2727//2727 
f 2730//2730 2732//2732 2727//2727 
f 2727//2727 2732//2732 2739//2739 
f 2732//2732 2734//2734 2739//2739 
f 2739//2739 2734//2734 2739//2739 
f 2734//2734 2737//2737 2739//2739 
f 2739//2739 2737//2737 2739//2739 
f 2737//2737 2740//2740 2739//2739 
f 2739//2739 2740//2740 2728//2728 
f 2740//2740 2741//2741 2728//2728 
f 2728//2728 2741//2741 2726//2726 
f 2741//2741 2742//2742 2726//2726 
f 2726//2726 2742//2742 2725//2725 
f 2742//2742 2725//2725 2725//2725 
f 2725//2725 2725//2725 2731//2731 
f 2725//2725 2731//2731 2731//2731 
f 2731//2731 2731//2731 2733//2733 
f 2731//2731 2729//2729 2733//2733 
f 2733//2733 2729//2729 2729//2729 
f 2729//2729 2727//2727 2729//2729 
f 2729//2729 2727//2727 2727//2727 
f 2727//2727 2739//2739 2727//2727 
f 2727//2727 2739//2739 2728//2728 
f 2739//2739 2728//2728 2728//2728 
f 2728//2728 2728//2728 2741//2741 
f 2728//2728 2741//2741 2741//2741 
f 2741//2741 2741//2741 2742//2742 
f 2741//2741 2740//2740 2742//2742 
f 2742//2742 2740//2740 2740//2740 
f 2740//2740 2743//2743 2740//2740 
f 2740//2740 2743//2743 2743//2743 
f 2743//2743 2744//2744 2743//2743 
f 2743//2743 2744//2744 2745//2745 
f 2744//2744 2746//2746 2745//2745 
f 2745//2745 2746//2746 2747//2747 
f 2746//2746 2746//2746 2747//2747 
f 2747//2747 2746//2746 2748//2748 
f 2746//2746 2746//2746 2748//2748 
f 2748//2748 2746//2746 2749//2749 
f 2746//2746 2746//2746 2749//2749 
f 2749//2749 2746//2746 2750//2750 
f 2746//2746 2744//2744 2750//2750 
f 2750//2750 2744//2744 2751//2751 
f 2744//2744 2744//2744 2751//2751 
f 2751//2751 2744//2744 2752//2752 
f 2744//2744 2743//2743 2752//2752 
f 2752//2752 2743//2743 2753//2753 
f 2743//2743 2745//2745 2753//2753 
f 2753//2753 2745//2745 2747//2747 
f 2745//2745 2747//2747 2747//2747 
f 2747//2747 2747//2747 2751//2751 
f 2747//2747 2751//2751 2751//2751 
f 2751//2751 2751//2751 2750//2750 
f 2751//2751 2754//2754 2750//2750 
f 2750//2750 2754//2754 2750//2750 
f 2754//2754 2755//2755 2750//2750 
f 2750//2750 2755//2755 2749//2749 
f 2755//2755 2756//2756 2749//2749 
f 2749//2749 2756//2756 2748//2748 
f 2756//2756 2757//2757 2748//2748 
f 2748//2748 2757//2757 2758//2758 
f 2757//2757 2759//2759 2758//2758 
f 2758//2758 2759//2759 2758//2758 
f 2759//2759 2760//2760 2758//2758 
f 2758//2758 2760//2760 2761//2761 
f 2760//2760 2762//2762 2761//2761 
f 2761//2761 2762//2762 2762//2762 
f 2762//2762 2756//2756 2762//2762 
f 2762//2762 2756//2756 2756//2756 
f 2756//2756 2755//2755 2756//2756 
f 2756//2756 2755//2755 2757//2757 
f 2755//2755 2757//2757 2757//2757 
f 2757//2757 2757//2757 2748//2748 
f 2757//2757 2748//2748 2748//2748 
f 2748//2748 2748//2748 2747//2747 
f 2748//2748 2758//2758 2747//2747 
f 2747//2747 2758//2758 2747//2747 
f 2758//2758 2761//2761 2747//2747 
f 2747//2747 2761//2761 2753//2753 
f 2761//2761 2753//2753 2753//2753 
f 2753//2753 2753//2753 2763//2763 
f 2753//2753 2763//2763 2763//2763 
f 2763//2763 2763//2763 2764//2764 
f 2763//2763 2765//2765 2764//2764 
f 2764//2764 2765//2765 2766//2766 
f 2765//2765 2765//2765 2766//2766 
f 2766//2766 2765//2765 2767//2767 
f 2765//2765 2768//2768 2767//2767 
f 2767//2767 2768//2768 2768//2768 
f 2768//2768 2769//2769 2768//2768 
f 2768//2768 2769//2769 2769//2769 
f 2769//2769 2770//2770 2769//2769 
f 2769//2769 2770//2770 2771//2771 
f 2770//2770 2770//2770 2771//2771 
f 2771//2771 2770//2770 2772//2772 
f 2770//2770 2770//2770 2772//2772 
f 2772//2772 2770//2770 2773//2773 
f 2770//2770 2774//2774 2773//2773 
f 2773//2773 2774//2774 2774//2774 
f 2774//2774 2775//2775 2774//2774 
f 2774//2774 2775//2775 2775//2775 
f 2775//2775 2776//2776 2775//2775 
f 2775//2775 2776//2776 2777//2777 
f 2776//2776 2776//2776 2777//2777 
f 2777//2777 2776//2776 2778//2778 
f 2776//2776 2776//2776 2778//2778 
f 2778//2778 2776//2776 2779//2779 
f 2776//2776 2780//2780 2779//2779 
f 2779//2779 2780//2780 2780//2780 
f 2780//2780 2781//2781 2780//2780 
f 2780//2780 2781//2781 2781//2781 
f 2781//2781 2782//2782 2781//2781 
f 2781//2781 2782//2782 2783//2783 
f 2782//2782 2782//2782 2783//2783 
f 2783//2783 2782//2782 2784//2784 
f 2782//2782 2782//2782 2784//2784 
f 2784//2784 2782//2782 2785//2785 
f 2782//2782 2786//2786 2785//2785 
f 2785//2785 2786//2786 2786//2786 
f 2786//2786 2787//2787 2786//2786 
f 2786//2786 2787//2787 2787//2787 
f 2787//2787 2788//2788 2787//2787 
f 2787//2787 2788//2788 2789//2789 
f 2788//2788 2790//2790 2789//2789 
f 2789//2789 2790//2790 2791//2791 
f 2790//2790 2792//2792 2791//2791 
f 2791//2791 2792//2792 2791//2791 
f 2792//2792 2793//2793 2791//2791 
f 2791//2791 2793//2793 2791//2791 
f 2793//2793 2794//2794 2791//2791 
f 2791//2791 2794//2794 2795//2795 
f 2794//2794 2796//2796 2795//2795 
f 2795//2795 2796//2796 2796//2796 
f 2796//2796 2792//2792 2796//2796 
f 2796//2796 2792//2792 2792//2792 
f 2792//2792 2790//2790 2792//2792 
f 2792//2792 2790//2790 2797//2797 
f 2790//2790 2790//2790 2797//2797 
f 2797//2797 2790//2790 2798//2798 
f 2790//2790 2788//2788 2798//2798 
f 2798//2798 2788//2788 2788//2788 
f 2788//2788 2789//2789 2788//2788 
f 2788//2788 2789//2789 2789//2789 
f 2789//2789 2791//2791 2789//2789 
f 2789//2789 2791//2791 2795//2795 
f 2791//2791 2795//2795 2795//2795 
f 2795//2795 2795//2795 2799//2799 
f 2795//2795 2799//2799 2799//2799 
f 2799//2799 2799//2799 2800//2800 
f 2799//2799 2801//2801 2800//2800 
f 2800//2800 2801//2801 2802//2802 
f 2801//2801 2803//2803 2802//2802 
f 2802//2802 2803//2803 2804//2804 
f 2803//2803 2805//2805 2804//2804 
f 2804//2804 2805//2805 2804//2804 
f 2805//2805 2806//2806 2804//2804 
f 2804//2804 2806//2806 2804//2804 
f 2806//2806 2807//2807 2804//2804 
f 2804//2804 2807//2807 2804//2804 
f 2807//2807 2808//2808 2804//2804 
f 2804//2804 2808//2808 2802//2802 
f 2808//2808 2809//2809 2802//2802 
f 2802//2802 2809//2809 2800//2800 
f 2809//2809 2800//2800 2800//2800 
f 2800//2800 2800//2800 2805//2805 
f 2800//2800 2805//2805 2805//2805 
f 2805//2805 2805//2805 2810//2810 
f 2805//2805 2803//2803 2810//2810 
f 2810//2810 2803//2803 2803//2803 
f 2803//2803 2811//2811 2803//2803 
f 2803//2803 2811//2811 2811//2811 
f 2811//2811 2812//2812 2811//2811 
f 2811//2811 2812//2812 2813//2813 
f 2812//2812 2814//2814 2813//2813 
f 2813//2813 2814//2814 2815//2815 
f 2814//2814 2814//2814 2815//2815 
f 2815//2815 2814//2814 2816//2816 
f 2814//2814 2814//2814 2816//2816 
f 2816//2816 2814//2814 2817//2817 
f 2814//2814 2814//2814 2817//2817 
f 2817//2817 2814//2814 2818//2818 
f 2814//2814 2812//2812 2818//2818 
f 2818//2818 2812//2812 2812//2812 
f 2812//2812 2813//2813 2812//2812 
f 2812//2812 2813//2813 2813//2813 
f 2813//2813 2815//2815 2813//2813 
f 2813//2813 2815//2815 2819//2819 
f 2815//2815 2820//2820 2819//2819 
f 2819//2819 2820//2820 2821//2821 
f 2820//2820 2822//2822 2821//2821 
f 2821//2821 2822//2822 2821//2821 
f 2822//2822 2823//2823 2821//2821 
f 2821//2821 2823//2823 2819//2819 
f 2823//2823 2819//2819 2819//2819 
f 2819//2819 2819//2819 2824//2824 
f 2819//2819 2824//2824 2824//2824 
f 2824//2824 2824//2824 2825//2825 
f 2824//2824 2826//2826 2825//2825 
f 2825//2825 2826//2826 2827//2827 
f 2826//2826 2828//2828 2827//2827 
f 2827//2827 2828//2828 2827//2827 
f 2828//2828 2822//2822 2827//2827 
f 2827//2827 2822//2822 2827//2827 
f 2822//2822 2820//2820 2827//2827 
f 2827//2827 2820//2820 2829//2829 
f 2820//2820 2815//2815 2829//2829 
f 2829//2829 2815//2815 2829//2829 
f 2815//2815 2816//2816 2829//2829 
f 2829//2829 2816//2816 2829//2829 
f 2816//2816 2830//2830 2829//2829 
f 2829//2829 2830//2830 2829//2829 
f 2830//2830 2825//2825 2829//2829 
f 2829//2829 2825//2825 2827//2827 
f 2825//2825 2827//2827 2827//2827 
f 2827//2827 2827//2827 2831//2831 
f 2827//2827 2831//2831 2831//2831 
f 2831//2831 2831//2831 2832//2832 
f 2831//2831 2833//2833 2832//2832 
f 2832//2832 2833//2833 2834//2834 
f 2833//2833 2835//2835 2834//2834 
f 2834//2834 2835//2835 2834//2834 
f 2835//2835 2836//2836 2834//2834 
f 2834//2834 2836//2836 2837//2837 
f 2836//2836 2836//2836 2837//2837 
f 2837//2837 2836//2836 2838//2838 
f 2836//2836 2839//2839 2838//2838 
f 2838//2838 2839//2839 2838//2838 
f 2839//2839 2840//2840 2838//2838 
f 2838//2838 2840//2840 2837//2837 
f 2840//2840 2841//2841 2837//2837 
f 2837//2837 2841//2841 2842//2842 
f 2841//2841 2843//2843 2842//2842 
f 2842//2842 2843//2843 2842//2842 
f 2843//2843 2844//2844 2842//2842 
f 2842//2842 2844//2844 2842//2842 
f 2844//2844 2832//2832 2842//2842 
f 2842//2842 2832//2832 2842//2842 
f 2832//2832 2834//2834 2842//2842 
f 2842//2842 2834//2834 2837//2837 
f 2834//2834 2837//2837 2837//2837 
f 2837//2837 2837//2837 2840//2840 
f 2837//2837 2840//2840 2840//2840 
f 2840//2840 2840//2840 2841//2841 
f 2840//2840 2845//2845 2841//2841 
f 2841//2841 2845//2845 2846//2846 
f 2845//2845 2847//2847 2846//2846 
f 2846//2846 2847//2847 2846//2846 
f 2847//2847 2848//2848 2846//2846 
f 2846//2846 2848//2848 2846//2846 
f 2848//2848 2849//2849 2846//2846 
f 2846//2846 2849//2849 2846//2846 
f 2849//2849 2843//2843 2846//2846 
f 2846//2846 2843//2843 2841//2841 
f 2843//2843 2841//2841 2841//2841 
f 2841//2841 2841//2841 2845//2845 
f 2841//2841 2845//2845 2845//2845 
f 2845//2845 2845//2845 2847//2847 
f 2845//2845 2850//2850 2847//2847 
f 2847//2847 2850//2850 2850//2850 
f 2850//2850 2851//2851 2850//2850 
f 2850//2850 2851//2851 2851//2851 
f 2851//2851 2852//2852 2851//2851 
f 2851//2851 2852//2852 2853//2853 
f 2852//2852 2854//2854 2853//2853 
f 2853//2853 2854//2854 2853//2853 
f 2854//2854 2855//2855 2853//2853 
f 2853//2853 2855//2855 2853//2853 
f 2855//2855 2856//2856 2853//2853 
f 2853//2853 2856//2856 2853//2853 
f 2856//2856 2857//2857 2853//2853 
f 2853//2853 2857//2857 2858//2858 
f 2857//2857 2858//2858 2858//2858 
f 2858//2858 2858//2858 2859//2859 
f 2858//2858 2859//2859 2859//2859 
f 2859//2859 2859//2859 2860//2860 
f 2859//2859 2861//2861 2860//2860 
f 2860//2860 2861//2861 2860//2860 
f 2861//2861 2862//2862 2860//2860 
f 2860//2860 2862//2862 2860//2860 
f 2862//2862 2863//2863 2860//2860 
f 2860//2860 2863//2863 2860//2860 
f 2863//2863 2864//2864 2860//2860 
f 2860//2860 2864//2864 2860//2860 
f 2864//2864 2865//2865 2860//2860 
f 2860//2860 2865//2865 2866//2866 
f 2865//2865 2866//2866 2866//2866 
f 2866//2866 2866//2866 2867//2867 
f 2866//2866 2867//2867 2867//2867 
f 2867//2867 2867//2867 2868//2868 
f 2867//2867 2869//2869 2868//2868 
f 2868//2868 2869//2869 2868//2868 
f 2869//2869 2870//2870 2868//2868 
f 2868//2868 2870//2870 2868//2868 
f 2870//2870 2871//2871 2868//2868 
f 2868//2868 2871//2871 2868//2868 
f 2871//2871 2872//2872 2868//2868 
f 2868//2868 2872//2872 2868//2868 
f 2872//2872 2873//2873 2868//2868 
f 2868//2868 2873//2873 2874//2874 
f 2873//2873 2874//2874 2874//2874 
f 2874//2874 2874//2874 2875//2875 
f 2874//2874 2875//2875 2875//2875 
f 2875//2875 2875//2875 2876//2876 
f 2875//2875 2877//2877 2876//2876 
f 2876//2876 2877//2877 2876//2876 
f 2877//2877 2878//2878 2876//2876 
f 2876//2876 2878//2878 2876//2876 
f 2878//2878 2879//2879 2876//2876 
f 2876//2876 2879//2879 2876//2876 
f 2879//2879 2880//2880 2876//2876 
f 2876//2876 2880//2880 2876//2876 
f 2880//2880 2881//2881 2876//2876 
f 2876//2876 2881//2881 2882//2882 
f 2881//2881 2882//2882 2882//2882 
f 2882//2882 2882//2882 2883//2883 
f 2882//2882 2883//2883 2883//2883 
f 2883//2883 2883//2883 2884//2884 
f 2883//2883 2885//2885 2884//2884 
f 2884//2884 2885//2885 2886//2886 
f 2885//2885 2887//2887 2886//2886 
f 2886//2886 2887//2887 2886//2886 
f 2887//2887 2888//2888 2886//2886 
f 2886//2886 2888//2888 2886//2886 
f 2888//2888 2889//2889 2886//2886 
f 2886//2886 2889//2889 2890//2890 
f 2889//2889 2891//2891 2890//2890 
f 2890//2890 2891//2891 2890//2890 
f 2891//2891 2892//2892 2890//2890 
f 2890//2890 2892//2892 2893//2893 
f 2892//2892 2894//2894 2893//2893 
f 2893//2893 2894//2894 2894//2894 
f 2894//2894 2886//2886 2894//2894 
f 2894//2894 2886//2886 2886//2886 
f 2886//2886 2890//2890 2886//2886 
f 2886//2886 2890//2890 2884//2884 
f 2890//2890 2893//2893 2884//2884 
f 2884//2884 2893//2893 2893//2893 
f 2893//2893 2895//2895 2893//2893 
f 2893//2893 2895//2895 2895//2895 
f 2895//2895 2896//2896 2895//2895 
f 2895//2895 2896//2896 2897//2897 
f 2896//2896 2898//2898 2897//2897 
f 2897//2897 2898//2898 2899//2899 
f 2898//2898 2898//2898 2899//2899 
f 2899//2899 2898//2898 2900//2900 
f 2898//2898 2901//2901 2900//2900 
f 2900//2900 2901//2901 2902//2902 
f 2901//2901 2901//2901 2902//2902 
f 2902//2902 2901//2901 2903//2903 
f 2901//2901 2901//2901 2903//2903 
f 2903//2903 2901//2901 2904//2904 
f 2901//2901 2905//2905 2904//2904 
f 2904//2904 2905//2905 2906//2906 
f 2905//2905 2906//2906 2906//2906 
f 2906//2906 2906//2906 2896//2896 
f 2906//2906 2896//2896 2896//2896 
f 2896//2896 2896//2896 2898//2898 
f 2896//2896 2905//2905 2898//2898 
f 2898//2898 2905//2905 2901//2901 
f 2905//2905 2901//2901 2901//2901 
f 2901//2901 2901//2901 2907//2907 
f 2901//2901 2907//2907 2907//2907 
f 2907//2907 2907//2907 2908//2908 
f 2907//2907 2909//2909 2908//2908 
f 2908//2908 2909//2909 2910//2910 
f 2909//2909 2911//2911 2910//2910 
f 2910//2910 2911//2911 2910//2910 
f 2911//2911 2912//2912 2910//2910 
f 2910//2910 2912//2912 2910//2910 
f 2912//2912 2913//2913 2910//2910 
f 2910//2910 2913//2913 2910//2910 
f 2913//2913 2914//2914 2910//2910 
f 2910//2910 2914//2914 2908//2908 
f 2914//2914 2914//2914 2908//2908 
f 2908//2908 2914//2914 2915//2915 
f 2914//2914 2916//2916 2915//2915 
f 2915//2915 2916//2916 2917//2917 
f 2916//2916 2918//2918 2917//2917 
f 2917//2917 2918//2918 2917//2917 
f 2918//2918 2919//2919 2917//2917 
f 2917//2917 2919//2919 2915//2915 
f 2919//2919 2915//2915 2915//2915 
f 2915//2915 2915//2915 2920//2920 
f 2915//2915 2920//2920 2920//2920 
f 2920//2920 2920//2920 2921//2921 
f 2920//2920 2922//2922 2921//2921 
f 2921//2921 2922//2922 2923//2923 
f 2922//2922 2924//2924 2923//2923 
f 2923//2923 2924//2924 2923//2923 
f 2924//2924 2918//2918 2923//2923 
f 2923//2923 2918//2918 2923//2923 
f 2918//2918 2916//2916 2923//2923 
f 2923//2923 2916//2916 2925//2925 
f 2916//2916 2914//2914 2925//2925 
f 2925//2925 2914//2914 2925//2925 
f 2914//2914 2913//2913 2925//2925 
f 2925//2925 2913//2913 2925//2925 
f 2913//2913 2926//2926 2925//2925 
f 2925//2925 2926//2926 2925//2925 
f 2926//2926 2921//2921 2925//2925 
f 2925//2925 2921//2921 2923//2923 
f 2921//2921 2923//2923 2923//2923 
f 2923//2923 2923//2923 2927//2927 
f 2923//2923 2927//2927 2927//2927 
f 2927//2927 2927//2927 2928//2928 
f 2927//2927 2929//2929 2928//2928 
f 2928//2928 2929//2929 2930//2930 
f 2929//2929 2931//2931 2930//2930 
f 2930//2930 2931//2931 2930//2930 
f 2931//2931 2932//2932 2930//2930 
f 2930//2930 2932//2932 2933//2933 
f 2932//2932 2932//2932 2933//2933 
f 2933//2933 2932//2932 2934//2934 
f 2932//2932 2935//2935 2934//2934 
f 2934//2934 2935//2935 2934//2934 
f 2935//2935 2936//2936 2934//2934 
f 2934//2934 2936//2936 2933//2933 
f 2936//2936 2937//2937 2933//2933 
f 2933//2933 2937//2937 2938//2938 
f 2937//2937 2939//2939 2938//2938 
f 2938//2938 2939//2939 2938//2938 
f 2939//2939 2940//2940 2938//2938 
f 2938//2938 2940//2940 2938//2938 
f 2940//2940 2928//2928 2938//2938 
f 2938//2938 2928//2928 2938//2938 
f 2928//2928 2930//2930 2938//2938 
f 2938//2938 2930//2930 2933//2933 
f 2930//2930 2933//2933 2933//2933 
f 2933//2933 2933//2933 2936//2936 
f 2933//2933 2936//2936 2936//2936 
f 2936//2936 2936//2936 2937//2937 
f 2936//2936 2941//2941 2937//2937 
f 2937//2937 2941//2941 2942//2942 
f 2941//2941 2943//2943 2942//2942 
f 2942//2942 2943//2943 2942//2942 
f 2943//2943 2944//2944 2942//2942 
f 2942//2942 2944//2944 2942//2942 
f 2944//2944 2945//2945 2942//2942 
f 2942//2942 2945//2945 2942//2942 
f 2945//2945 2939//2939 2942//2942 
f 2942//2942 2939//2939 2937//2937 
f 2939//2939 2937//2937 2937//2937 
f 2937//2937 2937//2937 2941//2941 
f 2937//2937 2941//2941 2941//2941 
f 2941//2941 2941//2941 2943//2943 
f 2941//2941 2946//2946 2943//2943 
f 2943//2943 2946//2946 2946//2946 
f 2946//2946 2947//2947 2946//2946 
f 2946//2946 2947//2947 2947//2947 
f 2947//2947 2948//2948 2947//2947 
f 2947//2947 2948//2948 2949//2949 
f 2948//2948 2950//2950 2949//2949 
f 2949//2949 2950//2950 2949//2949 
f 2950//2950 2951//2951 2949//2949 
f 2949//2949 2951//2951 2949//2949 
f 2951//2951 2952//2952 2949//2949 
f 2949//2949 2952//2952 2949//2949 
f 2952//2952 2953//2953 2949//2949 
f 2949//2949 2953//2953 2954//2954 
f 2953//2953 2954//2954 2954//2954 
f 2954//2954 2954//2954 2955//2955 
f 2954//2954 2955//2955 2955//2955 
f 2955//2955 2955//2955 2956//2956 
f 2955//2955 2957//2957 2956//2956 
f 2956//2956 2957//2957 2956//2956 
f 2957//2957 2958//2958 2956//2956 
f 2956//2956 2958//2958 2956//2956 
f 2958//2958 2959//2959 2956//2956 
f 2956//2956 2959//2959 2956//2956 
f 2959//2959 2960//2960 2956//2956 
f 2956//2956 2960//2960 2956//2956 
f 2960//2960 2961//2961 2956//2956 
f 2956//2956 2961//2961 2962//2962 
f 2961//2961 2962//2962 2962//2962 
f 2962//2962 2962//2962 2963//2963 
f 2962//2962 2963//2963 2963//2963 
f 2963//2963 2963//2963 2964//2964 
f 2963//2963 2965//2965 2964//2964 
f 2964//2964 2965//2965 2964//2964 
f 2965//2965 2966//2966 2964//2964 
f 2964//2964 2966//2966 2964//2964 
f 2966//2966 2967//2967 2964//2964 
f 2964//2964 2967//2967 2964//2964 
f 2967//2967 2968//2968 2964//2964 
f 2964//2964 2968//2968 2964//2964 
f 2968//2968 2969//2969 2964//2964 
f 2964//2964 2969//2969 2970//2970 
f 2969//2969 2970//2970 2970//2970 
f 2970//2970 2970//2970 2971//2971 
f 2970//2970 2971//2971 2971//2971 
f 2971//2971 2971//2971 2972//2972 
f 2971//2971 2973//2973 2972//2972 
f 2972//2972 2973//2973 2972//2972 
f 2973//2973 2974//2974 2972//2972 
f 2972//2972 2974//2974 2972//2972 
f 2974//2974 2975//2975 2972//2972 
f 2972//2972 2975//2975 2972//2972 
f 2975//2975 2976//2976 2972//2972 
f 2972//2972 2976//2976 2972//2972 
f 2976//2976 2977//2977 2972//2972 
f 2972//2972 2977//2977 2978//2978 
f 2977//2977 2978//2978 2978//2978 
f 2978//2978 2978//2978 2979//2979 
f 2978//2978 2979//2979 2979//2979 
f 2979//2979 2979//2979 2980//2980 
f 2979//2979 2981//2981 2980//2980 
f 2980//2980 2981//2981 2982//2982 
f 2981//2981 2983//2983 2982//2982 
f 2982//2982 2983//2983 2982//2982 
f 2983//2983 2984//2984 2982//2982 
f 2982//2982 2984//2984 2982//2982 
f 2984//2984 2985//2985 2982//2982 
f 2982//2982 2985//2985 2986//2986 
f 2985//2985 2987//2987 2986//2986 
f 2986//2986 2987//2987 2986//2986 
f 2987//2987 2988//2988 2986//2986 
f 2986//2986 2988//2988 2989//2989 
f 2988//2988 2990//2990 2989//2989 
f 2989//2989 2990//2990 2990//2990 
f 2990//2990 2982//2982 2990//2990 
f 2990//2990 2982//2982 2982//2982 
f 2982//2982 2986//2986 2982//2982 
f 2982//2982 2986//2986 2980//2980 
f 2986//2986 2989//2989 2980//2980 
f 2980//2980 2989//2989 2989//2989 
f 2989//2989 2991//2991 2989//2989 
f 2989//2989 2991//2991 2991//2991 
f 2991//2991 2992//2992 2991//2991 
f 2991//2991 2992//2992 2993//2993 
f 2992//2992 2994//2994 2993//2993 
f 2993//2993 2994//2994 2995//2995 
f 2994//2994 2994//2994 2995//2995 
f 2995//2995 2994//2994 2996//2996 
f 2994//2994 2997//2997 2996//2996 
f 2996//2996 2997//2997 2998//2998 
f 2997//2997 2997//2997 2998//2998 
f 2998//2998 2997//2997 2999//2999 
f 2997//2997 2997//2997 2999//2999 
f 2999//2999 2997//2997 3000//3000 
f 2997//2997 3001//3001 3000//3000 
f 3000//3000 3001//3001 3002//3002 
f 3001//3001 3002//3002 3002//3002 
f 3002//3002 3002//3002 2992//2992 
f 3002//3002 2992//2992 2992//2992 
f 2992//2992 2992//2992 2994//2994 
f 2992//2992 3001//3001 2994//2994 
f 2994//2994 3001//3001 2997//2997 
f 3001//3001 2997//2997 2997//2997 
f 2997//2997 2997//2997 3003//3003 
f 2997//2997 3003//3003 3003//3003 
f 3003//3003 3003//3003 3004//3004 
f 3003//3003 3005//3005 3004//3004 
f 3004//3004 3005//3005 3006//3006 
f 3005//3005 3007//3007 3006//3006 
f 3006//3006 3007//3007 3006//3006 
f 3007//3007 3008//3008 3006//3006 
f 3006//3006 3008//3008 3006//3006 
f 3008//3008 3009//3009 3006//3006 
f 3006//3006 3009//3009 3006//3006 
f 3009//3009 3010//3010 3006//3006 
f 3006//3006 3010//3010 3004//3004 
f 3010//3010 3010//3010 3004//3004 
f 3004//3004 3010//3010 3011//3011 
f 3010//3010 3012//3012 3011//3011 
f 3011//3011 3012//3012 3013//3013 
f 3012//3012 3014//3014 3013//3013 
f 3013//3013 3014//3014 3013//3013 
f 3014//3014 3015//3015 3013//3013 
f 3013//3013 3015//3015 3011//3011 
f 3015//3015 3011//3011 3011//3011 
f 3011//3011 3011//3011 3016//3016 
f 3011//3011 3016//3016 3016//3016 
f 3016//3016 3016//3016 3017//3017 
f 3016//3016 3018//3018 3017//3017 
f 3017//3017 3018//3018 3019//3019 
f 3018//3018 3020//3020 3019//3019 
f 3019//3019 3020//3020 3019//3019 
f 3020//3020 3014//3014 3019//3019 
f 3019//3019 3014//3014 3019//3019 
f 3014//3014 3012//3012 3019//3019 
f 3019//3019 3012//3012 3021//3021 
f 3012//3012 3010//3010 3021//3021 
f 3021//3021 3010//3010 3021//3021 
f 3010//3010 3009//3009 3021//3021 
f 3021//3021 3009//3009 3021//3021 
f 3009//3009 3022//3022 3021//3021 
f 3021//3021 3022//3022 3021//3021 
f 3022//3022 3017//3017 3021//3021 
f 3021//3021 3017//3017 3019//3019 
f 3017//3017 3019//3019 3019//3019 
f 3019//3019 3019//3019 3023//3023 
f 3019//3019 3023//3023 3023//3023 
f 3023//3023 3023//3023 3024//3024 
f 3023//3023 3025//3025 3024//3024 
f 3024//3024 3025//3025 3026//3026 
f 3025//3025 3027//3027 3026//3026 
f 3026//3026 3027//3027 3026//3026 
f 3027//3027 3028//3028 3026//3026 
f 3026//3026 3028//3028 3029//3029 
f 3028//3028 3028//3028 3029//3029 
f 3029//3029 3028//3028 3030//3030 
f 3028//3028 3031//3031 3030//3030 
f 3030//3030 3031//3031 3030//3030 
f 3031//3031 3032//3032 3030//3030 
f 3030//3030 3032//3032 3029//3029 
f 3032//3032 3033//3033 3029//3029 
f 3029//3029 3033//3033 3034//3034 
f 3033//3033 3035//3035 3034//3034 
f 3034//3034 3035//3035 3034//3034 
f 3035//3035 3036//3036 3034//3034 
f 3034//3034 3036//3036 3034//3034 
f 3036//3036 3024//3024 3034//3034 
f 3034//3034 3024//3024 3034//3034 
f 3024//3024 3026//3026 3034//3034 
f 3034//3034 3026//3026 3029//3029 
f 3026//3026 3029//3029 3029//3029 
f 3029//3029 3029//3029 3032//3032 
f 3029//3029 3032//3032 3032//3032 
f 3032//3032 3032//3032 3033//3033 
f 3032//3032 3037//3037 3033//3033 
f 3033//3033 3037//3037 3038//3038 
f 3037//3037 3039//3039 3038//3038 
f 3038//3038 3039//3039 3038//3038 
f 3039//3039 3040//3040 3038//3038 
f 3038//3038 3040//3040 3038//3038 
f 3040//3040 3041//3041 3038//3038 
f 3038//3038 3041//3041 3038//3038 
f 3041//3041 3035//3035 3038//3038 
f 3038//3038 3035//3035 3033//3033 
f 3035//3035 3033//3033 3033//3033 
f 3033//3033 3033//3033 3037//3037 
f 3033//3033 3037//3037 3037//3037 
f 3037//3037 3037//3037 3039//3039 
f 3037//3037 3042//3042 3039//3039 
f 3039//3039 3042//3042 3042//3042 
f 3042//3042 3043//3043 3042//3042 
f 3042//3042 3043//3043 3043//3043 
f 3043//3043 3044//3044 3043//3043 
f 3043//3043 3044//3044 3045//3045 
f 3044//3044 3046//3046 3045//3045 
f 3045//3045 3046//3046 3045//3045 
f 3046//3046 3047//3047 3045//3045 
f 3045//3045 3047//3047 3045//3045 
f 3047//3047 3048//3048 3045//3045 
f 3045//3045 3048//3048 3045//3045 
f 3048//3048 3049//3049 3045//3045 
f 3045//3045 3049//3049 3050//3050 
f 3049//3049 3050//3050 3050//3050 
f 3050//3050 3050//3050 3051//3051 
f 3050//3050 3051//3051 3051//3051 
f 3051//3051 3051//3051 3052//3052 
f 3051//3051 3053//3053 3052//3052 
f 3052//3052 3053//3053 3052//3052 
f 3053//3053 3054//3054 3052//3052 
f 3052//3052 3054//3054 3052//3052 
f 3054//3054 3055//3055 3052//3052 
f 3052//3052 3055//3055 3052//3052 
f 3055//3055 3056//3056 3052//3052 
f 3052//3052 3056//3056 3052//3052 
f 3056//3056 3057//3057 3052//3052 
f 3052//3052 3057//3057 3058//3058 
f 3057//3057 3058//3058 3058//3058 
f 3058//3058 3058//3058 3059//3059 
f 3058//3058 3059//3059 3059//3059 
f 3059//3059 3059//3059 3060//3060 
f 3059//3059 3061//3061 3060//3060 
f 3060//3060 3061//3061 3060//3060 
f 3061//3061 3062//3062 3060//3060 
f 3060//3060 3062//3062 3060//3060 
f 3062//3062 3063//3063 3060//3060 
f 3060//3060 3063//3063 3060//3060 
f 3063//3063 3064//3064 3060//3060 
f 3060//3060 3064//3064 3060//3060 
f 3064//3064 3065//3065 3060//3060 
f 3060//3060 3065//3065 3066//3066 
f 3065//3065 3066//3066 3066//3066 
f 3066//3066 3066//3066 3067//3067 
f 3066//3066 3067//3067 3067//3067 
f 3067//3067 3067//3067 3068//3068 
f 3067//3067 3069//3069 3068//3068 
f 3068//3068 3069//3069 3068//3068 
f 3069//3069 3070//3070 3068//3068 
f 3068//3068 3070//3070 3068//3068 
f 3070//3070 3071//3071 3068//3068 
f 3068//3068 3071//3071 3068//3068 
f 3071//3071 3072//3072 3068//3068 
f 3068//3068 3072//3072 3068//3068 
f 3072//3072 3073//3073 3068//3068 
f 3068//3068 3073//3073 3074//3074 
f 3073//3073 3074//3074 3074//3074 
f 3074//3074 3074//3074 3075//3075 
f 3074//3074 3075//3075 3075//3075 
f 3075//3075 3075//3075 3076//3076 
f 3075//3075 3077//3077 3076//3076 
f 3076//3076 3077//3077 3078//3078 
f 3077//3077 3079//3079 3078//3078 
f 3078//3078 3079//3079 3078//3078 
f 3079//3079 3080//3080 3078//3078 
f 3078//3078 3080//3080 3078//3078 
f 3080//3080 3081//3081 3078//3078 
f 3078//3078 3081//3081 3082//3082 
f 3081//3081 3083//3083 3082//3082 
f 3082//3082 3083//3083 3082//3082 
f 3083//3083 3084//3084 3082//3082 
f 3082//3082 3084//3084 3085//3085 
f 3084//3084 3086//3086 3085//3085 
f 3085//3085 3086//3086 3086//3086 
f 3086//3086 3078//3078 3086//3086 
f 3086//3086 3078//3078 3078//3078 
f 3078//3078 3082//3082 3078//3078 
f 3078//3078 3082//3082 3076//3076 
f 3082//3082 3085//3085 3076//3076 
f 3076//3076 3085//3085 3085//3085 
f 3085//3085 3087//3087 3085//3085 
f 3085//3085 3087//3087 3087//3087 
f 3087//3087 3088//3088 3087//3087 
f 3087//3087 3088//3088 3089//3089 
f 3088//3088 3090//3090 3089//3089 
f 3089//3089 3090//3090 3091//3091 
f 3090//3090 3090//3090 3091//3091 
f 3091//3091 3090//3090 3092//3092 
f 3090//3090 3093//3093 3092//3092 
f 3092//3092 3093//3093 3094//3094 
f 3093//3093 3093//3093 3094//3094 
f 3094//3094 3093//3093 3095//3095 
f 3093//3093 3093//3093 3095//3095 
f 3095//3095 3093//3093 3096//3096 
f 3093//3093 3097//3097 3096//3096 
f 3096//3096 3097//3097 3098//3098 
f 3097//3097 3098//3098 3098//3098 
f 3098//3098 3098//3098 3088//3088 
f 3098//3098 3088//3088 3088//3088 
f 3088//3088 3088//3088 3090//3090 
f 3088//3088 3097//3097 3090//3090 
f 3090//3090 3097//3097 3093//3093 
f 3097//3097 3093//3093 3093//3093 
f 3093//3093 3093//3093 3099//3099 
f 3093//3093 3099//3099 3099//3099 
f 3099//3099 3099//3099 3100//3100 
f 3099//3099 3101//3101 3100//3100 
f 3100//3100 3101//3101 3102//3102 
f 3101//3101 3103//3103 3102//3102 
f 3102//3102 3103//3103 3102//3102 
f 3103//3103 3104//3104 3102//3102 
f 3102//3102 3104//3104 3102//3102 
f 3104//3104 3105//3105 3102//3102 
f 3102//3102 3105//3105 3102//3102 
f 3105//3105 3106//3106 3102//3102 
f 3102//3102 3106//3106 3100//3100 
f 3106//3106 3106//3106 3100//3100 
f 3100//3100 3106//3106 3107//3107 
f 3106//3106 3108//3108 3107//3107 
f 3107//3107 3108//3108 3109//3109 
f 3108//3108 3110//3110 3109//3109 
f 3109//3109 3110//3110 3109//3109 
f 3110//3110 3111//3111 3109//3109 
f 3109//3109 3111//3111 3107//3107 
f 3111//3111 3107//3107 3107//3107 
f 3107//3107 3107//3107 3112//3112 
f 3107//3107 3112//3112 3112//3112 
f 3112//3112 3112//3112 3113//3113 
f 3112//3112 3114//3114 3113//3113 
f 3113//3113 3114//3114 3115//3115 
f 3114//3114 3116//3116 3115//3115 
f 3115//3115 3116//3116 3115//3115 
f 3116//3116 3110//3110 3115//3115 
f 3115//3115 3110//3110 3115//3115 
f 3110//3110 3108//3108 3115//3115 
f 3115//3115 3108//3108 3117//3117 
f 3108//3108 3106//3106 3117//3117 
f 3117//3117 3106//3106 3117//3117 
f 3106//3106 3105//3105 3117//3117 
f 3117//3117 3105//3105 3117//3117 
f 3105//3105 3118//3118 3117//3117 
f 3117//3117 3118//3118 3117//3117 
f 3118//3118 3113//3113 3117//3117 
f 3117//3117 3113//3113 3115//3115 
f 3113//3113 3115//3115 3115//3115 
f 3115//3115 3115//3115 3119//3119 
f 3115//3115 3119//3119 3119//3119 
f 3119//3119 3119//3119 3120//3120 
f 3119//3119 3121//3121 3120//3120 
f 3120//3120 3121//3121 3122//3122 
f 3121//3121 3123//3123 3122//3122 
f 3122//3122 3123//3123 3122//3122 
f 3123//3123 3124//3124 3122//3122 
f 3122//3122 3124//3124 3125//3125 
f 3124//3124 3124//3124 3125//3125 
f 3125//3125 3124//3124 3126//3126 
f 3124//3124 3127//3127 3126//3126 
f 3126//3126 3127//3127 3126//3126 
f 3127//3127 3128//3128 3126//3126 
f 3126//3126 3128//3128 3125//3125 
f 3128//3128 3129//3129 3125//3125 
f 3125//3125 3129//3129 3130//3130 
f 3129//3129 3131//3131 3130//3130 
f 3130//3130 3131//3131 3130//3130 
f 3131//3131 3132//3132 3130//3130 
f 3130//3130 3132//3132 3130//3130 
f 3132//3132 3120//3120 3130//3130 
f 3130//3130 3120//3120 3130//3130 
f 3120//3120 3122//3122 3130//3130 
f 3130//3130 3122//3122 3125//3125 
f 3122//3122 3125//3125 3125//3125 
f 3125//3125 3125//3125 3128//3128 
f 3125//3125 3128//3128 3128//3128 
f 3128//3128 3128//3128 3129//3129 
f 3128//3128 3133//3133 3129//3129 
f 3129//3129 3133//3133 3134//3134 
f 3133//3133 3135//3135 3134//3134 
f 3134//3134 3135//3135 3134//3134 
f 3135//3135 3136//3136 3134//3134 
f 3134//3134 3136//3136 3134//3134 
f 3136//3136 3137//3137 3134//3134 
f 3134//3134 3137//3137 3134//3134 
f 3137//3137 3131//3131 3134//3134 
f 3134//3134 3131//3131 3129//3129 
f 3131//3131 3129//3129 3129//3129 
f 3129//3129 3129//3129 3133//3133 
f 3129//3129 3133//3133 3133//3133 
f 3133//3133 3133//3133 3135//3135 
f 3133//3133 3138//3138 3135//3135 
f 3135//3135 3138//3138 3138//3138 
f 3138//3138 3139//3139 3138//3138 
f 3138//3138 3139//3139 3139//3139 
f 3139//3139 3140//3140 3139//3139 
f 3139//3139 3140//3140 3141//3141 
f 3140//3140 3142//3142 3141//3141 
f 3141//3141 3142//3142 3141//3141 
f 3142//3142 3143//3143 3141//3141 
f 3141//3141 3143//3143 3141//3141 
f 3143//3143 3144//3144 3141//3141 
f 3141//3141 3144//3144 3141//3141 
f 3144//3144 3145//3145 3141//3141 
f 3141//3141 3145//3145 3146//3146 
f 3145//3145 3146//3146 3146//3146 
f 3146//3146 3146//3146 3147//3147 
f 3146//3146 3147//3147 3147//3147 
f 3147//3147 3147//3147 3148//3148 
f 3147//3147 3149//3149 3148//3148 
f 3148//3148 3149//3149 3148//3148 
f 3149//3149 3150//3150 3148//3148 
f 3148//3148 3150//3150 3148//3148 
f 3150//3150 3151//3151 3148//3148 
f 3148//3148 3151//3151 3148//3148 
f 3151//3151 3152//3152 3148//3148 
f 3148//3148 3152//3152 3148//3148 
f 3152//3152 3153//3153 3148//3148 
f 3148//3148 3153//3153 3154//3154 
f 3153//3153 3154//3154 3154//3154 
f 3154//3154 3154//3154 3155//3155 
f 3154//3154 3155//3155 3155//3155 
f 3155//3155 3155//3155 3156//3156 
f 3155//3155 3157//3157 3156//3156 
f 3156//3156 3157//3157 3156//3156 
f 3157//3157 3158//3158 3156//3156 
f 3156//3156 3158//3158 3156//3156 
f 3158//3158 3159//3159 3156//3156 
f 3156//3156 3159//3159 3156//3156 
f 3159//3159 3160//3160 3156//3156 
f 3156//3156 3160//3160 3156//3156 
f 3160//3160 3161//3161 3156//3156 
f 3156//3156 3161//3161 3162//3162 
f 3161//3161 3162//3162 3162//3162 
f 3162//3162 3162//3162 3163//3163 
f 3162//3162 3163//3163 3163//3163 
f 3163//3163 3163//3163 3164//3164 
f 3163//3163 3165//3165 3164//3164 
f 3164//3164 3165//3165 3164//3164 
f 3165//3165 3166//3166 3164//3164 
f 3164//3164 3166//3166 3164//3164 
f 3166//3166 3167//3167 3164//3164 
f 3164//3164 3167//3167 3164//3164 
f 3167//3167 3168//3168 3164//3164 
f 3164//3164 3168//3168 3164//3164 
f 3168//3168 3169//3169 3164//3164 
f 3164//3164 3169//3169 3170//3170 
f 3169//3169 3170//3170 3170//3170 
f 3170//3170 3170//3170 3171//3171 
f 3170//3170 3171//3171 3171//3171 
f 3171//3171 3171//3171 3172//3172 
f 3171//3171 3173//3173 3172//3172 
f 3172//3172 3173//3173 3174//3174 
f 3173//3173 3175//3175 3174//3174 
f 3174//3174 3175//3175 3174//3174 
f 3175//3175 3176//3176 3174//3174 
f 3174//3174 3176//3176 3174//3174 
f 3176//3176 3177//3177 3174//3174 
f 3174//3174 3177//3177 3178//3178 
f 3177//3177 3179//3179 3178//3178 
f 3178//3178 3179//3179 3178//3178 
f 3179//3179 3180//3180 3178//3178 
f 3178//3178 3180//3180 3181//3181 
f 3180//3180 3182//3182 3181//3181 
f 3181//3181 3182//3182 3182//3182 
f 3182//3182 3174//3174 3182//3182 
f 3182//3182 3174//3174 3174//3174 
f 3174//3174 3178//3178 3174//3174 
f 3174//3174 3178//3178 3172//3172 
f 3178//3178 3181//3181 3172//3172 
f 3172//3172 3181//3181 3181//3181 
f 3181//3181 3183//3183 3181//3181 
f 3181//3181 3183//3183 3183//3183 
f 3183//3183 3184//3184 3183//3183 
f 3183//3183 3184//3184 3185//3185 
f 3184//3184 3186//3186 3185//3185 
f 3185//3185 3186//3186 3187//3187 
f 3186//3186 3186//3186 3187//3187 
f 3187//3187 3186//3186 3188//3188 
f 3186//3186 3189//3189 3188//3188 
f 3188//3188 3189//3189 3190//3190 
f 3189//3189 3189//3189 3190//3190 
f 3190//3190 3189//3189 3191//3191 
f 3189//3189 3189//3189 3191//3191 
f 3191//3191 3189//3189 3192//3192 
f 3189//3189 3193//3193 3192//3192 
f 3192//3192 3193//3193 3194//3194 
f 3193//3193 3194//3194 3194//3194 
f 3194//3194 3194//3194 3184//3184 
f 3194//3194 3184//3184 3184//3184 
f 3184//3184 3184//3184 3186//3186 
f 3184//3184 3193//3193 3186//3186 
f 3186//3186 3193//3193 3189//3189 
f 3193//3193 3189//3189 3189//3189 
f 3189//3189 3189//3189 3195//3195 
f 3189//3189 3195//3195 3195//3195 
f 3195//3195 3195//3195 3196//3196 
f 3195//3195 3197//3197 3196//3196 
f 3196//3196 3197//3197 3198//3198 
f 3197//3197 3199//3199 3198//3198 
f 3198//3198 3199//3199 3198//3198 
f 3199//3199 3200//3200 3198//3198 
f 3198//3198 3200//3200 3198//3198 
f 3200//3200 3201//3201 3198//3198 
f 3198//3198 3201//3201 3198//3198 
f 3201//3201 3202//3202 3198//3198 
f 3198//3198 3202//3202 3196//3196 
f 3202//3202 3202//3202 3196//3196 
f 3196//3196 3202//3202 3203//3203 
f 3202//3202 3204//3204 3203//3203 
f 3203//3203 3204//3204 3205//3205 
f 3204//3204 3206//3206 3205//3205 
f 3205//3205 3206//3206 3205//3205 
f 3206//3206 3207//3207 3205//3205 
f 3205//3205 3207//3207 3203//3203 
f 3207//3207 3203//3203 3203//3203 
f 3203//3203 3203//3203 3208//3208 
f 3203//3203 3208//3208 3208//3208 
f 3208//3208 3208//3208 3209//3209 
f 3208//3208 3210//3210 3209//3209 
f 3209//3209 3210//3210 3211//3211 
f 3210//3210 3212//3212 3211//3211 
f 3211//3211 3212//3212 3211//3211 
f 3212//3212 3206//3206 3211//3211 
f 3211//3211 3206//3206 3211//3211 
f 3206//3206 3204//3204 3211//3211 
f 3211//3211 3204//3204 3213//3213 
f 3204//3204 3202//3202 3213//3213 
f 3213//3213 3202//3202 3213//3213 
f 3202//3202 3201//3201 3213//3213 
f 3213//3213 3201//3201 3213//3213 
f 3201//3201 3214//3214 3213//3213 
f 3213//3213 3214//3214 3213//3213 
f 3214//3214 3209//3209 3213//3213 
f 3213//3213 3209//3209 3211//3211 
f 3209//3209 3211//3211 3211//3211 
f 3211//3211 3211//3211 3215//3215 
f 3211//3211 3215//3215 3215//3215 
f 3215//3215 3215//3215 3216//3216 
f 3215//3215 3217//3217 3216//3216 
f 3216//3216 3217//3217 3218//3218 
f 3217//3217 3219//3219 3218//3218 
f 3218//3218 3219//3219 3218//3218 
f 3219//3219 3220//3220 3218//3218 
f 3218//3218 3220//3220 3221//3221 
f 3220//3220 3220//3220 3221//3221 
f 3221//3221 3220//3220 3222//3222 
f 3220//3220 3223//3223 3222//3222 
f 3222//3222 3223//3223 3222//3222 
f 3223//3223 3224//3224 3222//3222 
f 3222//3222 3224//3224 3221//3221 
f 3224//3224 3225//3225 3221//3221 
f 3221//3221 3225//3225 3226//3226 
f 3225//3225 3227//3227 3226//3226 
f 3226//3226 3227//3227 3226//3226 
f 3227//3227 3228//3228 3226//3226 
f 3226//3226 3228//3228 3226//3226 
f 3228//3228 3216//3216 3226//3226 
f 3226//3226 3216//3216 3226//3226 
f 3216//3216 3218//3218 3226//3226 
f 3226//3226 3218//3218 3221//3221 
f 3218//3218 3221//3221 3221//3221 
f 3221//3221 3221//3221 3224//3224 
f 3221//3221 3224//3224 3224//3224 
f 3224//3224 3224//3224 3225//3225 
f 3224//3224 3229//3229 3225//3225 
f 3225//3225 3229//3229 3230//3230 
f 3229//3229 3231//3231 3230//3230 
f 3230//3230 3231//3231 3230//3230 
f 3231//3231 3232//3232 3230//3230 
f 3230//3230 3232//3232 3230//3230 
f 3232//3232 3233//3233 3230//3230 
f 3230//3230 3233//3233 3230//3230 
f 3233//3233 3227//3227 3230//3230 
f 3230//3230 3227//3227 3225//3225 
f 3227//3227 3225//3225 3225//3225 
f 3225//3225 3225//3225 3229//3229 
f 3225//3225 3229//3229 3229//3229 
f 3229//3229 3229//3229 3231//3231 
f 3229//3229 3234//3234 3231//3231 
f 3231//3231 3234//3234 3234//3234 
f 3234//3234 3235//3235 3234//3234 
f 3234//3234 3235//3235 3235//3235 
f 3235//3235 3236//3236 3235//3235 
f 3235//3235 3236//3236 3237//3237 
f 3236//3236 3238//3238 3237//3237 
f 3237//3237 3238//3238 3237//3237 
f 3238//3238 3239//3239 3237//3237 
f 3237//3237 3239//3239 3237//3237 
f 3239//3239 3240//3240 3237//3237 
f 3237//3237 3240//3240 3237//3237 
f 3240//3240 3241//3241 3237//3237 
f 3237//3237 3241//3241 3242//3242 
f 3241//3241 3242//3242 3242//3242 
f 3242//3242 3242//3242 3243//3243 
f 3242//3242 3243//3243 3243//3243 
f 3243//3243 3243//3243 3244//3244 
f 3243//3243 3245//3245 3244//3244 
f 3244//3244 3245//3245 3244//3244 
f 3245//3245 3246//3246 3244//3244 
f 3244//3244 3246//3246 3244//3244 
f 3246//3246 3247//3247 3244//3244 
f 3244//3244 3247//3247 3244//3244 
f 3247//3247 3248//3248 3244//3244 
f 3244//3244 3248//3248 3244//3244 
f 3248//3248 3249//3249 3244//3244 
f 3244//3244 3249//3249 3250//3250 
f 3249//3249 3250//3250 3250//3250 
f 3250//3250 3250//3250 3251//3251 
f 3250//3250 3251//3251 3251//3251 
f 3251//3251 3251//3251 3252//3252 
f 3251//3251 3253//3253 3252//3252 
f 3252//3252 3253//3253 3252//3252 
f 3253//3253 3254//3254 3252//3252 
f 3252//3252 3254//3254 3252//3252 
f 3254//3254 3255//3255 3252//3252 
f 3252//3252 3255//3255 3252//3252 
f 3255//3255 3256//3256 3252//3252 
f 3252//3252 3256//3256 3252//3252 
f 3256//3256 3257//3257 3252//3252 
f 3252//3252 3257//3257 3258//3258 
f 3257//3257 3258//3258 3258//3258 
f 3258//3258 3258//3258 3259//3259 
f 3258//3258 3259//3259 3259//3259 
f 3259//3259 3259//3259 3260//3260 
f 3259//3259 3261//3261 3260//3260 
f 3260//3260 3261//3261 3260//3260 
f 3261//3261 3262//3262 3260//3260 
f 3260//3260 3262//3262 3260//3260 
f 3262//3262 3263//3263 3260//3260 
f 3260//3260 3263//3263 3260//3260 
f 3263//3263 3264//3264 3260//3260 
f 3260//3260 3264//3264 3260//3260 
f 3264//3264 3265//3265 3260//3260 
f 3260//3260 3265//3265 3266//3266 
f 3265//3265 3266//3266 3266//3266 
f 3266//3266 3266//3266 3267//3267 
f 3266//3266 3267//3267 3267//3267 
f 3267//3267 3267//3267 3268//3268 
f 3267//3267 3269//3269 3268//3268 
f 3268//3268 3269//3269 3270//3270 
f 3269//3269 3271//3271 3270//3270 
f 3270//3270 3271//3271 3270//3270 
f 3271//3271 3272//3272 3270//3270 
f 3270//3270 3272//3272 3270//3270 
f 3272//3272 3273//3273 3270//3270 
f 3270//3270 3273//3273 3274//3274 
f 3273//3273 3275//3275 3274//3274 
f 3274//3274 3275//3275 3274//3274 
f 3275//3275 3276//3276 3274//3274 
f 3274//3274 3276//3276 3277//3277 
f 3276//3276 3278//3278 3277//3277 
f 3277//3277 3278//3278 3278//3278 
f 3278//3278 3270//3270 3278//3278 
f 3278//3278 3270//3270 3270//3270 
f 3270//3270 3274//3274 3270//3270 
f 3270//3270 3274//3274 3268//3268 
f 3274//3274 3277//3277 3268//3268 
f 3268//3268 3277//3277 3277//3277 
f 3277//3277 3279//3279 3277//3277 
f 3277//3277 3279//3279 3279//3279 
f 3279//3279 3280//3280 3279//3279 
f 3279//3279 3280//3280 3281//3281 
f 3280//3280 3282//3282 3281//3281 
f 3281//3281 3282//3282 3283//3283 
f 3282//3282 3282//3282 3283//3283 
f 3283//3283 3282//3282 3284//3284 
f 3282//3282 3285//3285 3284//3284 
f 3284//3284 3285//3285 3286//3286 
f 3285//3285 3285//3285 3286//3286 
f 3286//3286 3285//3285 3287//3287 
f 3285//3285 3285//3285 3287//3287 
f 3287//3287 3285//3285 3288//3288 
f 3285//3285 3289//3289 3288//3288 
f 3288//3288 3289//3289 3290//3290 
f 3289//3289 3290//3290 3290//3290 
f 3290//3290 3290//3290 3280//3280 
f 3290//3290 3280//3280 3280//3280 
f 3280//3280 3280//3280 3282//3282 
f 3280//3280 3289//3289 3282//3282 
f 3282//3282 3289//3289 3285//3285 
f 3289//3289 3285//3285 3285//3285 
f 3285//3285 3285//3285 3291//3291 
f 3285//3285 3291//3291 3291//3291 
f 3291//3291 3291//3291 3292//3292 
f 3291//3291 3293//3293 3292//3292 
f 3292//3292 3293//3293 3294//3294 
f 3293//3293 3295//3295 3294//3294 
f 3294//3294 3295//3295 3294//3294 
f 3295//3295 3296//3296 3294//3294 
f 3294//3294 3296//3296 3294//3294 
f 3296//3296 3297//3297 3294//3294 
f 3294//3294 3297//3297 3294//3294 
f 3297//3297 3298//3298 3294//3294 
f 3294//3294 3298//3298 3292//3292 
f 3298//3298 3298//3298 3292//3292 
f 3292//3292 3298//3298 3299//3299 
f 3298//3298 3300//3300 3299//3299 
f 3299//3299 3300//3300 3301//3301 
f 3300//3300 3302//3302 3301//3301 
f 3301//3301 3302//3302 3301//3301 
f 3302//3302 3303//3303 3301//3301 
f 3301//3301 3303//3303 3299//3299 
f 3303//3303 3299//3299 3299//3299 
f 3299//3299 3299//3299 3304//3304 
f 3299//3299 3304//3304 3304//3304 
f 3304//3304 3304//3304 3305//3305 
f 3304//3304 3306//3306 3305//3305 
f 3305//3305 3306//3306 3307//3307 
f 3306//3306 3308//3308 3307//3307 
f 3307//3307 3308//3308 3307//3307 
f 3308//3308 3302//3302 3307//3307 
f 3307//3307 3302//3302 3307//3307 
f 3302//3302 3300//3300 3307//3307 
f 3307//3307 3300//3300 3309//3309 
f 3300//3300 3298//3298 3309//3309 
f 3309//3309 3298//3298 3309//3309 
f 3298//3298 3297//3297 3309//3309 
f 3309//3309 3297//3297 3309//3309 
f 3297//3297 3310//3310 3309//3309 
f 3309//3309 3310//3310 3309//3309 
f 3310//3310 3305//3305 3309//3309 
f 3309//3309 3305//3305 3307//3307 
f 3305//3305 3307//3307 3307//3307 
f 3307//3307 3307//3307 3311//3311 
f 3307//3307 3311//3311 3311//3311 
f 3311//3311 3311//3311 3312//3312 
f 3311//3311 3313//3313 3312//3312 
f 3312//3312 3313//3313 3314//3314 
f 3313//3313 3315//3315 3314//3314 
f 3314//3314 3315//3315 3314//3314 
f 3315//3315 3316//3316 3314//3314 
f 3314//3314 3316//3316 3317//3317 
f 3316//3316 3316//3316 3317//3317 
f 3317//3317 3316//3316 3318//3318 
f 3316//3316 3319//3319 3318//3318 
f 3318//3318 3319//3319 3318//3318 
f 3319//3319 3320//3320 3318//3318 
f 3318//3318 3320//3320 3317//3317 
f 3320//3320 3321//3321 3317//3317 
f 3317//3317 3321//3321 3322//3322 
f 3321//3321 3323//3323 3322//3322 
f 3322//3322 3323//3323 3322//3322 
f 3323//3323 3324//3324 3322//3322 
f 3322//3322 3324//3324 3322//3322 
f 3324//3324 3312//3312 3322//3322 
f 3322//3322 3312//3312 3322//3322 
f 3312//3312 3314//3314 3322//3322 
f 3322//3322 3314//3314 3317//3317 
f 3314//3314 3317//3317 3317//3317 
f 3317//3317 3317//3317 3320//3320 
f 3317//3317 3320//3320 3320//3320 
f 3320//3320 3320//3320 3321//3321 
f 3320//3320 3325//3325 3321//3321 
f 3321//3321 3325//3325 3326//3326 
f 3325//3325 3327//3327 3326//3326 
f 3326//3326 3327//3327 3326//3326 
f 3327//3327 3328//3328 3326//3326 
f 3326//3326 3328//3328 3326//3326 
f 3328//3328 3329//3329 3326//3326 
f 3326//3326 3329//3329 3326//3326 
f 3329//3329 3323//3323 3326//3326 
f 3326//3326 3323//3323 3321//3321 
f 3323//3323 3321//3321 3321//3321 
f 3321//3321 3321//3321 3325//3325 
f 3321//3321 3325//3325 3325//3325 
f 3325//3325 3325//3325 3327//3327 
f 3325//3325 3330//3330 3327//3327 
f 3327//3327 3330//3330 3330//3330 
f 3330//3330 3331//3331 3330//3330 
f 3330//3330 3331//3331 3331//3331 
f 3331//3331 3332//3332 3331//3331 
f 3331//3331 3332//3332 3333//3333 
f 3332//3332 3334//3334 3333//3333 
f 3333//3333 3334//3334 3333//3333 
f 3334//3334 3335//3335 3333//3333 
f 3333//3333 3335//3335 3333//3333 
f 3335//3335 3336//3336 3333//3333 
f 3333//3333 3336//3336 3333//3333 
f 3336//3336 3337//3337 3333//3333 
f 3333//3333 3337//3337 3338//3338 
f 3337//3337 3338//3338 3338//3338 
f 3338//3338 3338//3338 3339//3339 
f 3338//3338 3339//3339 3339//3339 
f 3339//3339 3339//3339 3340//3340 
f 3339//3339 3341//3341 3340//3340 
f 3340//3340 3341//3341 3340//3340 
f 3341//3341 3342//3342 3340//3340 
f 3340//3340 3342//3342 3340//3340 
f 3342//3342 3343//3343 3340//3340 
f 3340//3340 3343//3343 3340//3340 
f 3343//3343 3344//3344 3340//3340 
f 3340//3340 3344//3344 3340//3340 
f 3344//3344 3345//3345 3340//3340 
f 3340//3340 3345//3345 3346//3346 
f 3345//3345 3346//3346 3346//3346 
f 3346//3346 3346//3346 3347//3347 
f 3346//3346 3347//3347 3347//3347 
f 3347//3347 3347//3347 3348//3348 
f 3347//3347 3349//3349 3348//3348 
f 3348//3348 3349//3349 3348//3348 
f 3349//3349 3350//3350 3348//3348 
f 3348//3348 3350//3350 3348//3348 
f 3350//3350 3351//3351 3348//3348 
f 3348//3348 3351//3351 3348//3348 
f 3351//3351 3352//3352 3348//3348 
f 3348//3348 3352//3352 3348//3348 
f 3352//3352 3353//3353 3348//3348 
f 3348//3348 3353//3353 3354//3354 
f 3353//3353 3354//3354 3354//3354 
f 3354//3354 3354//3354 3355//3355 
f 3354//3354 3355//3355 3355//3355 
f 3355//3355 3355//3355 3356//3356 
f 3355//3355 3357//3357 3356//3356 
f 3356//3356 3357//3357 3356//3356 
f 3357//3357 3358//3358 3356//3356 
f 3356//3356 3358//3358 3356//3356 
f 3358//3358 3359//3359 3356//3356 
f 3356//3356 3359//3359 3356//3356 
f 3359//3359 3360//3360 3356//3356 
f 3356//3356 3360//3360 3356//3356 
f 3360//3360 3361//3361 3356//3356 
f 3356//3356 3361//3361 3362//3362 
f 3361//3361 3362//3362 3362//3362 
f 3362//3362 3362//3362 3363//3363 
f 3362//3362 3363//3363 3363//3363 
f 3363//3363 3363//3363 3364//3364 
f 3363//3363 3365//3365 3364//3364 
f 3364//3364 3365//3365 3366//3366 
f 3365//3365 3367//3367 3366//3366 
f 3366//3366 3367//3367 3366//3366 
f 3367//3367 3368//3368 3366//3366 
f 3366//3366 3368//3368 3366//3366 
f 3368//3368 3369//3369 3366//3366 
f 3366//3366 3369//3369 3370//3370 
f 3369//3369 3371//3371 3370//3370 
f 3370//3370 3371//3371 3370//3370 
f 3371//3371 3372//3372 3370//3370 
f 3370//3370 3372//3372 3373//3373 
f 3372//3372 3374//3374 3373//3373 
f 3373//3373 3374//3374 3374//3374 
f 3374//3374 3366//3366 3374//3374 
f 3374//3374 3366//3366 3366//3366 
f 3366//3366 3370//3370 3366//3366 
f 3366//3366 3370//3370 3364//3364 
f 3370//3370 3373//3373 3364//3364 
f 3364//3364 3373//3373 3373//3373 
f 3373//3373 3375//3375 3373//3373 
f 3373//3373 3375//3375 3375//3375 
f 3375//3375 3376//3376 3375//3375 
f 3375//3375 3376//3376 3377//3377 
f 3376//3376 3378//3378 3377//3377 
f 3377//3377 3378//3378 3379//3379 
f 3378//3378 3378//3378 3379//3379 
f 3379//3379 3378//3378 3380//3380 
f 3378//3378 3381//3381 3380//3380 
f 3380//3380 3381//3381 3382//3382 
f 3381//3381 3381//3381 3382//3382 
f 3382//3382 3381//3381 3383//3383 
f 3381//3381 3381//3381 3383//3383 
f 3383//3383 3381//3381 3384//3384 
f 3381//3381 3385//3385 3384//3384 
f 3384//3384 3385//3385 3386//3386 
f 3385//3385 3386//3386 3386//3386 
f 3386//3386 3386//3386 3376//3376 
f 3386//3386 3376//3376 3376//3376 
f 3376//3376 3376//3376 3378//3378 
f 3376//3376 3385//3385 3378//3378 
f 3378//3378 3385//3385 3381//3381 
f 3385//3385 3381//3381 3381//3381 
f 3381//3381 3381//3381 3387//3387 
f 3381//3381 3387//3387 3387//3387 
f 3387//3387 3387//3387 3388//3388 
f 3387//3387 3389//3389 3388//3388 
f 3388//3388 3389//3389 3390//3390 
f 3389//3389 3391//3391 3390//3390 
f 3390//3390 3391//3391 3390//3390 
f 3391//3391 3392//3392 3390//3390 
f 3390//3390 3392//3392 3390//3390 
f 3392//3392 3393//3393 3390//3390 
f 3390//3390 3393//3393 3390//3390 
f 3393//3393 3394//3394 3390//3390 
f 3390//3390 3394//3394 3388//3388 
f 3394//3394 3394//3394 3388//3388 
f 3388//3388 3394//3394 3395//3395 
f 3394//3394 3396//3396 3395//3395 
f 3395//3395 3396//3396 3397//3397 
f 3396//3396 3398//3398 3397//3397 
f 3397//3397 3398//3398 3397//3397 
f 3398//3398 3399//3399 3397//3397 
f 3397//3397 3399//3399 3395//3395 
f 3399//3399 3395//3395 3395//3395 
f 3395//3395 3395//3395 3400//3400 
f 3395//3395 3400//3400 3400//3400 
f 3400//3400 3400//3400 3401//3401 
f 3400//3400 3402//3402 3401//3401 
f 3401//3401 3402//3402 3403//3403 
f 3402//3402 3404//3404 3403//3403 
f 3403//3403 3404//3404 3403//3403 
f 3404//3404 3398//3398 3403//3403 
f 3403//3403 3398//3398 3403//3403 
f 3398//3398 3396//3396 3403//3403 
f 3403//3403 3396//3396 3405//3405 
f 3396//3396 3394//3394 3405//3405 
f 3405//3405 3394//3394 3405//3405 
f 3394//3394 3393//3393 3405//3405 
f 3405//3405 3393//3393 3405//3405 
f 3393//3393 3406//3406 3405//3405 
f 3405//3405 3406//3406 3405//3405 
f 3406//3406 3401//3401 3405//3405 
f 3405//3405 3401//3401 3403//3403 
f 3401//3401 3403//3403 3403//3403 
f 3403//3403 3403//3403 3407//3407 
f 3403//3403 3407//3407 3407//3407 
f 3407//3407 3407//3407 3408//3408 
f 3407//3407 3409//3409 3408//3408 
f 3408//3408 3409//3409 3410//3410 
f 3409//3409 3411//3411 3410//3410 
f 3410//3410 3411//3411 3410//3410 
f 3411//3411 3412//3412 3410//3410 
f 3410//3410 3412//3412 3413//3413 
f 3412//3412 3412//3412 3413//3413 
f 3413//3413 3412//3412 3414//3414 
f 3412//3412 3415//3415 3414//3414 
f 3414//3414 3415//3415 3414//3414 
f 3415//3415 3416//3416 3414//3414 
f 3414//3414 3416//3416 3413//3413 
f 3416//3416 3417//3417 3413//3413 
f 3413//3413 3417//3417 3418//3418 
f 3417//3417 3419//3419 3418//3418 
f 3418//3418 3419//3419 3418//3418 
f 3419//3419 3420//3420 3418//3418 
f 3418//3418 3420//3420 3418//3418 
f 3420//3420 3408//3408 3418//3418 
f 3418//3418 3408//3408 3418//3418 
f 3408//3408 3410//3410 3418//3418 
f 3418//3418 3410//3410 3413//3413 
f 3410//3410 3413//3413 3413//3413 
f 3413//3413 3413//3413 3416//3416 
f 3413//3413 3416//3416 3416//3416 
f 3416//3416 3416//3416 3417//3417 
f 3416//3416 3421//3421 3417//3417 
f 3417//3417 3421//3421 3422//3422 
f 3421//3421 3423//3423 3422//3422 
f 3422//3422 3423//3423 3422//3422 
f 3423//3423 3424//3424 3422//3422 
f 3422//3422 3424//3424 3422//3422 
f 3424//3424 3425//3425 3422//3422 
f 3422//3422 3425//3425 3422//3422 
f 3425//3425 3419//3419 3422//3422 
f 3422//3422 3419//3419 3417//3417 
f 3419//3419 3417//3417 3417//3417 
f 3417//3417 3417//3417 3421//3421 
f 3417//3417 3421//3421 3421//3421 
f 3421//3421 3421//3421 3423//3423 
f 3421//3421 3426//3426 3423//3423 
f 3423//3423 3426//3426 3426//3426 
f 3426//3426 3427//3427 3426//3426 
f 3426//3426 3427//3427 3427//3427 
f 3427//3427 3428//3428 3427//3427 
f 3427//3427 3428//3428 3429//3429 
f 3428//3428 3430//3430 3429//3429 
f 3429//3429 3430//3430 3429//3429 
f 3430//3430 3431//3431 3429//3429 
f 3429//3429 3431//3431 3429//3429 
f 3431//3431 3432//3432 3429//3429 
f 3429//3429 3432//3432 3429//3429 
f 3432//3432 3433//3433 3429//3429 
f 3429//3429 3433//3433 3434//3434 
f 3433//3433 3434//3434 3434//3434 
f 3434//3434 3434//3434 3435//3435 
f 3434//3434 3435//3435 3435//3435 
f 3435//3435 3435//3435 3436//3436 
f 3435//3435 3437//3437 3436//3436 
f 3436//3436 3437//3437 3436//3436 
f 3437//3437 3438//3438 3436//3436 
f 3436//3436 3438//3438 3436//3436 
f 3438//3438 3439//3439 3436//3436 
f 3436//3436 3439//3439 3436//3436 
f 3439//3439 3440//3440 3436//3436 
f 3436//3436 3440//3440 3436//3436 
f 3440//3440 3441//3441 3436//3436 
f 3436//3436 3441//3441 3442//3442 
f 3441//3441 3442//3442 3442//3442 
f 3442//3442 3442//3442 3443//3443 
f 3442//3442 3443//3443 3443//3443 
f 3443//3443 3443//3443 3444//3444 
f 3443//3443 3445//3445 3444//3444 
f 3444//3444 3445//3445 3444//3444 
f 3445//3445 3446//3446 3444//3444 
f 3444//3444 3446//3446 3444//3444 
f 3446//3446 3447//3447 3444//3444 
f 3444//3444 3447//3447 3444//3444 
f 3447//3447 3448//3448 3444//3444 
f 3444//3444 3448//3448 3444//3444 
f 3448//3448 3449//3449 3444//3444 
f 3444//3444 3449//3449 3450//3450 
f 3449//3449 3450//3450 3450//3450 
f 3450//3450 3450//3450 3451//3451 
f 3450//3450 3451//3451 3451//3451 
f 3451//3451 3451//3451 3452//3452 
f 3451//3451 3453//3453 3452//3452 
f 3452//3452 3453//3453 3452//3452 
f 3453//3453 3454//3454 3452//3452 
f 3452//3452 3454//3454 3452//3452 
f 3454//3454 3455//3455 3452//3452 
f 3452//3452 3455//3455 3452//3452 
f 3455//3455 3456//3456 3452//3452 
f 3452//3452 3456//3456 3452//3452 
f 3456//3456 3457//3457 3452//3452 
f 3452//3452 3457//3457 3458//3458 

