mtllib model_3.mtl
o model_3
v -4.034965991973877 -14.099401473999023 -2.048060894012451 
v -4.028392314910889 -14.051685333251953 -2.025479555130005 
v -4.020026683807373 -14.102384567260742 -2.048060894012451 
v -4.013453006744385 -14.054667472839355 -2.025479555130005 
v -4.019428730010986 -13.99203872680664 -2.014941692352295 
v -4.004489421844482 -13.998003959655762 -2.014941692352295 
v -4.0098676681518555 -13.935375213623047 -2.016447067260742 
v -3.9949283599853516 -13.93835735321045 -2.016447067260742 
v -4.000306606292725 -13.88765811920166 -2.0284905433654785 
v -3.985964775085449 -13.890641212463379 -2.0284905433654785 
v -3.97281813621521 -13.825030326843262 -2.06913685798645 
v -3.987757444381714 -13.82204818725586 -2.06913685798645 
v -4.039746284484863 -14.138172149658203 -2.0766639709472656 
v -4.024806976318359 -14.141154289245605 -2.0766639709472656 
v -4.02779483795166 -14.162030220031738 -2.1067721843719482 
v -4.042734146118164 -14.159048080444336 -2.1067721843719482 
v -4.033770561218262 -14.200799942016602 -2.206130027770996 
v -4.048709869384766 -14.1978178024292 -2.206130027770996 
v -4.031978130340576 -14.117295265197754 -2.1940865516662598 
v -4.030185222625732 -14.090455055236816 -2.111288547515869 
v -4.0152459144592285 -14.093437194824219 -2.111288547515869 
v -4.013453006744385 -14.07852554321289 -2.088707208633423 
v -4.028392314910889 -14.075543403625488 -2.088707208633423 
v -4.011063098907471 -14.057649612426758 -2.0646204948425293 
v -4.026002407073975 -14.054667472839355 -2.0646204948425293 
v -4.006879806518555 -14.0248441696167 -2.048060894012451 
v -4.021819114685059 -14.021862030029297 -2.048060894012451 
v -4.001501560211182 -13.99203872680664 -2.0405337810516357 
v -4.0164408683776855 -13.986074447631836 -2.0405337810516357 
v -3.9949283599853516 -13.950286865234375 -2.0405337810516357 
v -4.0098676681518555 -13.947304725646973 -2.0405337810516357 
v -3.9871599674224854 -13.911517143249512 -2.046555519104004 
v -4.002099514007568 -13.90853500366211 -2.046555519104004 
v -3.977001190185547 -13.866782188415527 -2.0646204948425293 
v -3.991940498352051 -13.863800048828125 -2.0646204948425293 
v -4.017038822174072 -14.120278358459473 -2.1940865516662598 
v -3.991940498352051 -13.863800048828125 -2.0646204948425293 
v -3.987757444381714 -13.82204818725586 -2.06913685798645 
v -4.002099514007568 -13.90853500366211 -2.046555519104004 
v -4.000306606292725 -13.88765811920166 -2.0284905433654785 
v -4.0098676681518555 -13.947304725646973 -2.0405337810516357 
v -4.0098676681518555 -13.935375213623047 -2.016447067260742 
v -4.0164408683776855 -13.986074447631836 -2.0405337810516357 
v -4.019428730010986 -13.99203872680664 -2.014941692352295 
v -4.028392314910889 -14.051685333251953 -2.025479555130005 
v -4.021819114685059 -14.021862030029297 -2.048060894012451 
v -4.034965991973877 -14.099401473999023 -2.048060894012451 
v -4.026002407073975 -14.054667472839355 -2.0646204948425293 
v -4.039746284484863 -14.138172149658203 -2.0766639709472656 
v -4.028392314910889 -14.075543403625488 -2.088707208633423 
v -4.042734146118164 -14.159048080444336 -2.1067721843719482 
v -4.030185222625732 -14.090455055236816 -2.111288547515869 
v -4.031978130340576 -14.117295265197754 -2.1940865516662598 
v -4.048709869384766 -14.1978178024292 -2.206130027770996 
v -3.985964775085449 -13.890641212463379 -2.0284905433654785 
v -3.9949283599853516 -13.950286865234375 -2.0405337810516357 
v -3.9949283599853516 -13.93835735321045 -2.016447067260742 
v -4.001501560211182 -13.99203872680664 -2.0405337810516357 
v -4.004489421844482 -13.998003959655762 -2.014941692352295 
v -4.006879806518555 -14.0248441696167 -2.048060894012451 
v -4.013453006744385 -14.054667472839355 -2.025479555130005 
v -4.011063098907471 -14.057649612426758 -2.0646204948425293 
v -4.020026683807373 -14.102384567260742 -2.048060894012451 
v -4.013453006744385 -14.07852554321289 -2.088707208633423 
v -4.024806976318359 -14.141154289245605 -2.0766639709472656 
v -4.0152459144592285 -14.093437194824219 -2.111288547515869 
v -4.02779483795166 -14.162030220031738 -2.1067721843719482 
v -4.017038822174072 -14.120278358459473 -2.1940865516662598 
v -4.033770561218262 -14.200799942016602 -2.206130027770996 
v -3.9871599674224854 -13.911517143249512 -2.046555519104004 
v -3.97281813621521 -13.825030326843262 -2.06913685798645 
v -3.977001190185547 -13.866782188415527 -2.0646204948425293 
v 4.546469211578369 -12.130670547485352 -1.763700008392334 
v 4.542282581329346 -12.162811279296875 -1.7846614122390747 
v 4.558828830718994 -12.127495765686035 -1.7653769254684448 
v 4.554608345031738 -12.159439086914062 -1.786458134651184 
v 4.5374932289123535 -12.227093696594238 -1.8380833864212036 
v 4.549818992614746 -12.223919868469238 -1.8397603034973145 
v 4.527913570404053 -12.266377449035645 -1.9020458459854126 
v 4.547206401824951 -12.089600563049316 -1.74657142162323 
v 4.559532165527344 -12.086228370666504 -1.7482483386993408 
v 4.5436224937438965 -12.042579650878906 -1.7362703084945679 
v 4.555948257446289 -12.039206504821777 -1.7380670309066772 
v 4.5470051765441895 -11.990796089172363 -1.7383066415786743 
v 4.534679412841797 -11.994169235229492 -1.736509919166565 
v 4.534411430358887 -11.94833755493164 -1.7477692365646362 
v 4.522085666656494 -11.95171070098877 -1.7459725141525269 
v 4.51984167098999 -11.91877555847168 -1.7645384073257446 
v 4.507549285888672 -11.922148704528809 -1.7627416849136353 
v 4.490970134735107 -11.898141860961914 -1.7899317741394043 
v 4.5032958984375 -11.894768714904785 -1.7917284965515137 
v 4.515889644622803 -11.972939491271973 -1.7639394998550415 
v 4.537057399749756 -11.998732566833496 -1.759268045425415 
v 4.524731636047363 -12.002104759216309 -1.7575911283493042 
v 4.541947841644287 -12.02849292755127 -1.7605856657028198 
v 4.5296220779418945 -12.031865119934082 -1.7587889432907104 
v 4.543756484985352 -12.06122875213623 -1.7688504457473755 
v 4.531430721282959 -12.06460189819336 -1.7670538425445557 
v 4.540675163269043 -12.087418556213379 -1.7843021154403687 
v 4.52834939956665 -12.090790748596191 -1.7825053930282593 
v 4.536287307739258 -12.11003589630127 -1.801071286201477 
v 4.523928165435791 -12.113409042358398 -1.7993943691253662 
v 4.534110069274902 -12.15150260925293 -1.8378437757492065 
v 4.5217509269714355 -12.154875755310059 -1.8360470533370972 
v 4.5244975090026855 -12.190786361694336 -1.901806354522705 
v 4.512171745300293 -12.194159507751465 -1.9001294374465942 
v 4.523592948913574 -12.225308418273926 -1.9795435667037964 
v 4.511267185211182 -12.228681564331055 -1.977746844291687 
v 4.528215408325195 -11.969765663146973 -1.7657362222671509 
v 4.505137920379639 -11.946949005126953 -1.7747197151184082 
v 4.517396450042725 -11.943575859069824 -1.7765164375305176 
v 4.491405487060547 -11.92730712890625 -1.7923274040222168 
v 4.5037312507629395 -11.923933982849121 -1.7941241264343262 
v 4.517396450042725 -11.943575859069824 -1.7765164375305176 
v 4.528215408325195 -11.969765663146973 -1.7657362222671509 
v 4.534411430358887 -11.94833755493164 -1.7477692365646362 
v 4.537057399749756 -11.998732566833496 -1.759268045425415 
v 4.5470051765441895 -11.990796089172363 -1.7383066415786743 
v 4.555948257446289 -12.039206504821777 -1.7380670309066772 
v 4.541947841644287 -12.02849292755127 -1.7605856657028198 
v 4.543756484985352 -12.06122875213623 -1.7688504457473755 
v 4.559532165527344 -12.086228370666504 -1.7482483386993408 
v 4.558828830718994 -12.127495765686035 -1.7653769254684448 
v 4.540675163269043 -12.087418556213379 -1.7843021154403687 
v 4.536287307739258 -12.11003589630127 -1.801071286201477 
v 4.554608345031738 -12.159439086914062 -1.786458134651184 
v 4.534110069274902 -12.15150260925293 -1.8378437757492065 
v 4.549818992614746 -12.223919868469238 -1.8397603034973145 
v 4.540205955505371 -12.263005256652832 -1.9037227630615234 
v 4.5244975090026855 -12.190786361694336 -1.901806354522705 
v 4.539301872253418 -12.297527313232422 -1.9814599752426147 
v 4.523592948913574 -12.225308418273926 -1.9795435667037964 
v 4.51984167098999 -11.91877555847168 -1.7645384073257446 
v 4.5032958984375 -11.894768714904785 -1.7917284965515137 
v 4.5037312507629395 -11.923933982849121 -1.7941241264343262 
v 4.5270094871521 -12.30090045928955 -1.979783058166504 
v 4.527913570404053 -12.266377449035645 -1.9020458459854126 
v 4.511267185211182 -12.228681564331055 -1.977746844291687 
v 4.512171745300293 -12.194159507751465 -1.9001294374465942 
v 4.5374932289123535 -12.227093696594238 -1.8380833864212036 
v 4.5217509269714355 -12.154875755310059 -1.8360470533370972 
v 4.542282581329346 -12.162811279296875 -1.7846614122390747 
v 4.523928165435791 -12.113409042358398 -1.7993943691253662 
v 4.546469211578369 -12.130670547485352 -1.763700008392334 
v 4.52834939956665 -12.090790748596191 -1.7825053930282593 
v 4.547206401824951 -12.089600563049316 -1.74657142162323 
v 4.531430721282959 -12.06460189819336 -1.7670538425445557 
v 4.5436224937438965 -12.042579650878906 -1.7362703084945679 
v 4.5296220779418945 -12.031865119934082 -1.7587889432907104 
v 4.534679412841797 -11.994169235229492 -1.736509919166565 
v 4.524731636047363 -12.002104759216309 -1.7575911283493042 
v 4.522085666656494 -11.95171070098877 -1.7459725141525269 
v 4.515889644622803 -11.972939491271973 -1.7639394998550415 
v 4.507549285888672 -11.922148704528809 -1.7627416849136353 
v 4.505137920379639 -11.946949005126953 -1.7747197151184082 
v 4.490970134735107 -11.898141860961914 -1.7899317741394043 
v 4.491405487060547 -11.92730712890625 -1.7923274040222168 
v 4.540205955505371 -12.263005256652832 -1.9037227630615234 
v 4.5270094871521 -12.30090045928955 -1.979783058166504 
v 4.539301872253418 -12.297527313232422 -1.9814599752426147 
v 4.539301872253418 -12.297527313232422 -1.9814599752426147 
v 4.523592948913574 -12.225308418273926 -1.9795435667037964 
v 4.5270094871521 -12.30090045928955 -1.979783058166504 
v 4.511267185211182 -12.228681564331055 -1.977746844291687 
v -4.5651774406433105 -12.130670547485352 -1.763700008392334 
v -4.560990810394287 -12.162811279296875 -1.7846614122390747 
v -4.577536582946777 -12.127495765686035 -1.7653769254684448 
v -4.57331657409668 -12.159439086914062 -1.786458134651184 
v -4.556200981140137 -12.227093696594238 -1.8380833864212036 
v -4.568526744842529 -12.223919868469238 -1.8397603034973145 
v -4.546621799468994 -12.266377449035645 -1.9020458459854126 
v -4.565914154052734 -12.089600563049316 -1.74657142162323 
v -4.578239917755127 -12.086228370666504 -1.7482483386993408 
v -4.56233024597168 -12.042579650878906 -1.7362703084945679 
v -4.574656009674072 -12.039206504821777 -1.7380670309066772 
v -4.565713405609131 -11.990796089172363 -1.7383066415786743 
v -4.553387641906738 -11.994169235229492 -1.736509919166565 
v -4.553119659423828 -11.94833755493164 -1.7477692365646362 
v -4.5407938957214355 -11.95171070098877 -1.7459725141525269 
v -4.538549900054932 -11.91877555847168 -1.7645384073257446 
v -4.526257514953613 -11.922148704528809 -1.7627416849136353 
v -4.509677886962891 -11.898141860961914 -1.7899317741394043 
v -4.522003650665283 -11.894768714904785 -1.7917284965515137 
v -4.534597396850586 -11.972939491271973 -1.7639394998550415 
v -4.555765628814697 -11.998732566833496 -1.759268045425415 
v -4.543439865112305 -12.002104759216309 -1.7575911283493042 
v -4.56065559387207 -12.02849292755127 -1.7605856657028198 
v -4.548329830169678 -12.031865119934082 -1.7587889432907104 
v -4.562464237213135 -12.06122875213623 -1.7688504457473755 
v -4.550138473510742 -12.06460189819336 -1.7670538425445557 
v -4.559382915496826 -12.087418556213379 -1.7843021154403687 
v -4.547057151794434 -12.090790748596191 -1.7825053930282593 
v -4.554995059967041 -12.11003589630127 -1.801071286201477 
v -4.542635917663574 -12.113409042358398 -1.7993943691253662 
v -4.552818298339844 -12.15150260925293 -1.8378437757492065 
v -4.540458679199219 -12.154875755310059 -1.8360470533370972 
v -4.543205261230469 -12.190786361694336 -1.901806354522705 
v -4.530879497528076 -12.194159507751465 -1.9001294374465942 
v -4.542301177978516 -12.225308418273926 -1.9795435667037964 
v -4.529975414276123 -12.228681564331055 -1.977746844291687 
v -4.5469231605529785 -11.969765663146973 -1.7657362222671509 
v -4.523845672607422 -11.946949005126953 -1.7747197151184082 
v -4.536104679107666 -11.943575859069824 -1.7765164375305176 
v -4.51011323928833 -11.92730712890625 -1.7923274040222168 
v -4.522439002990723 -11.923933982849121 -1.7941241264343262 
v -4.536104679107666 -11.943575859069824 -1.7765164375305176 
v -4.5469231605529785 -11.969765663146973 -1.7657362222671509 
v -4.553119659423828 -11.94833755493164 -1.7477692365646362 
v -4.555765628814697 -11.998732566833496 -1.759268045425415 
v -4.565713405609131 -11.990796089172363 -1.7383066415786743 
v -4.574656009674072 -12.039206504821777 -1.7380670309066772 
v -4.56065559387207 -12.02849292755127 -1.7605856657028198 
v -4.562464237213135 -12.06122875213623 -1.7688504457473755 
v -4.578239917755127 -12.086228370666504 -1.7482483386993408 
v -4.577536582946777 -12.127495765686035 -1.7653769254684448 
v -4.559382915496826 -12.087418556213379 -1.7843021154403687 
v -4.554995059967041 -12.11003589630127 -1.801071286201477 
v -4.57331657409668 -12.159439086914062 -1.786458134651184 
v -4.552818298339844 -12.15150260925293 -1.8378437757492065 
v -4.568526744842529 -12.223919868469238 -1.8397603034973145 
v -4.5589141845703125 -12.263005256652832 -1.9037227630615234 
v -4.543205261230469 -12.190786361694336 -1.901806354522705 
v -4.558009624481201 -12.297527313232422 -1.9814599752426147 
v -4.542301177978516 -12.225308418273926 -1.9795435667037964 
v -4.538549900054932 -11.91877555847168 -1.7645384073257446 
v -4.522003650665283 -11.894768714904785 -1.7917284965515137 
v -4.522439002990723 -11.923933982849121 -1.7941241264343262 
v -4.545717239379883 -12.30090045928955 -1.979783058166504 
v -4.546621799468994 -12.266377449035645 -1.9020458459854126 
v -4.529975414276123 -12.228681564331055 -1.977746844291687 
v -4.530879497528076 -12.194159507751465 -1.9001294374465942 
v -4.556200981140137 -12.227093696594238 -1.8380833864212036 
v -4.540458679199219 -12.154875755310059 -1.8360470533370972 
v -4.560990810394287 -12.162811279296875 -1.7846614122390747 
v -4.542635917663574 -12.113409042358398 -1.7993943691253662 
v -4.5651774406433105 -12.130670547485352 -1.763700008392334 
v -4.547057151794434 -12.090790748596191 -1.7825053930282593 
v -4.565914154052734 -12.089600563049316 -1.74657142162323 
v -4.550138473510742 -12.06460189819336 -1.7670538425445557 
v -4.56233024597168 -12.042579650878906 -1.7362703084945679 
v -4.548329830169678 -12.031865119934082 -1.7587889432907104 
v -4.553387641906738 -11.994169235229492 -1.736509919166565 
v -4.543439865112305 -12.002104759216309 -1.7575911283493042 
v -4.5407938957214355 -11.95171070098877 -1.7459725141525269 
v -4.534597396850586 -11.972939491271973 -1.7639394998550415 
v -4.526257514953613 -11.922148704528809 -1.7627416849136353 
v -4.523845672607422 -11.946949005126953 -1.7747197151184082 
v -4.509677886962891 -11.898141860961914 -1.7899317741394043 
v -4.51011323928833 -11.92730712890625 -1.7923274040222168 
v -4.5589141845703125 -12.263005256652832 -1.9037227630615234 
v -4.545717239379883 -12.30090045928955 -1.979783058166504 
v -4.558009624481201 -12.297527313232422 -1.9814599752426147 
v -4.558009624481201 -12.297527313232422 -1.9814599752426147 
v -4.542301177978516 -12.225308418273926 -1.9795435667037964 
v -4.545717239379883 -12.30090045928955 -1.979783058166504 
v -4.529975414276123 -12.228681564331055 -1.977746844291687 
v -3.0469281673431396 -13.553374290466309 -1.8026745319366455 
v -3.0427417755126953 -13.585515022277832 -1.823636531829834 
v -3.059286594390869 -13.550200462341309 -1.8043514490127563 
v -3.0550665855407715 -13.582141876220703 -1.8254332542419434 
v -3.037952423095703 -13.649795532226562 -1.8770596981048584 
v -3.0502772331237793 -13.646621704101562 -1.8787367343902588 
v -3.0283737182617188 -13.689078330993652 -1.941023826599121 
v -3.0476648807525635 -13.512306213378906 -1.7855455875396729 
v -3.0599899291992188 -13.508933067321777 -1.7872225046157837 
v -3.044081449508667 -13.465286254882812 -1.7752442359924316 
v -3.056406259536743 -13.461913108825684 -1.777040958404541 
v -3.04746413230896 -13.413503646850586 -1.777280569076538 
v -3.0351390838623047 -13.416876792907715 -1.7754837274551392 
v -3.034837484359741 -13.371047019958496 -1.786743402481079 
v -3.022512674331665 -13.374419212341309 -1.7849466800689697 
v -3.0203020572662354 -13.341485023498535 -1.8035129308700562 
v -3.00797700881958 -13.344858169555664 -1.8018360137939453 
v -2.9914321899414062 -13.320852279663086 -1.8289070129394531 
v -3.0037569999694824 -13.317479133605957 -1.8307037353515625 
v -3.016350030899048 -13.395648002624512 -1.802914023399353 
v -3.0375168323516846 -13.421440124511719 -1.7982425689697266 
v -3.0251920223236084 -13.424812316894531 -1.7965655326843262 
v -3.0424067974090576 -13.451199531555176 -1.7995601892471313 
v -3.0300817489624023 -13.454572677612305 -1.7977633476257324 
v -3.044215202331543 -13.483935356140137 -1.8078252077102661 
v -3.031890392303467 -13.48730754852295 -1.8060284852981567 
v -3.0411341190338135 -13.510124206542969 -1.823277235031128 
v -3.028809070587158 -13.513496398925781 -1.821480393409729 
v -3.0367467403411865 -13.53274154663086 -1.840046763420105 
v -3.024388074874878 -13.536113739013672 -1.8383698463439941 
v -3.03456974029541 -13.574206352233887 -1.8768202066421509 
v -3.0222110748291016 -13.577579498291016 -1.8750234842300415 
v -3.0249574184417725 -13.613489151000977 -1.9407843351364136 
v -3.012632369995117 -13.616862297058105 -1.9391072988510132 
v -3.0240530967712402 -13.64801025390625 -2.0185234546661377 
v -3.011728286743164 -13.651383399963379 -2.0167267322540283 
v -3.028675079345703 -13.392474174499512 -1.804710865020752 
v -3.0055992603302 -13.369657516479492 -1.8136945962905884 
v -3.017857074737549 -13.36628532409668 -1.8154913187026978 
v -2.9918675422668457 -13.350016593933105 -1.8313026428222656 
v -3.004192590713501 -13.346643447875977 -1.833099365234375 
v -3.017857074737549 -13.36628532409668 -1.8154913187026978 
v -3.028675079345703 -13.392474174499512 -1.804710865020752 
v -3.034837484359741 -13.371047019958496 -1.786743402481079 
v -3.0375168323516846 -13.421440124511719 -1.7982425689697266 
v -3.04746413230896 -13.413503646850586 -1.777280569076538 
v -3.056406259536743 -13.461913108825684 -1.777040958404541 
v -3.0424067974090576 -13.451199531555176 -1.7995601892471313 
v -3.044215202331543 -13.483935356140137 -1.8078252077102661 
v -3.0599899291992188 -13.508933067321777 -1.7872225046157837 
v -3.059286594390869 -13.550200462341309 -1.8043514490127563 
v -3.0411341190338135 -13.510124206542969 -1.823277235031128 
v -3.0367467403411865 -13.53274154663086 -1.840046763420105 
v -3.0550665855407715 -13.582141876220703 -1.8254332542419434 
v -3.03456974029541 -13.574206352233887 -1.8768202066421509 
v -3.0502772331237793 -13.646621704101562 -1.8787367343902588 
v -3.0406651496887207 -13.68570613861084 -1.9427008628845215 
v -3.0249574184417725 -13.613489151000977 -1.9407843351364136 
v -3.0397608280181885 -13.720227241516113 -2.020440101623535 
v -3.0240530967712402 -13.64801025390625 -2.0185234546661377 
v -3.0203020572662354 -13.341485023498535 -1.8035129308700562 
v -3.0037569999694824 -13.317479133605957 -1.8307037353515625 
v -3.004192590713501 -13.346643447875977 -1.833099365234375 
v -3.0274693965911865 -13.723600387573242 -2.0187630653381348 
v -3.0283737182617188 -13.689078330993652 -1.941023826599121 
v -3.011728286743164 -13.651383399963379 -2.0167267322540283 
v -3.012632369995117 -13.616862297058105 -1.9391072988510132 
v -3.037952423095703 -13.649795532226562 -1.8770596981048584 
v -3.0222110748291016 -13.577579498291016 -1.8750234842300415 
v -3.0427417755126953 -13.585515022277832 -1.823636531829834 
v -3.024388074874878 -13.536113739013672 -1.8383698463439941 
v -3.0469281673431396 -13.553374290466309 -1.8026745319366455 
v -3.028809070587158 -13.513496398925781 -1.821480393409729 
v -3.0476648807525635 -13.512306213378906 -1.7855455875396729 
v -3.031890392303467 -13.48730754852295 -1.8060284852981567 
v -3.044081449508667 -13.465286254882812 -1.7752442359924316 
v -3.0300817489624023 -13.454572677612305 -1.7977633476257324 
v -3.0351390838623047 -13.416876792907715 -1.7754837274551392 
v -3.0251920223236084 -13.424812316894531 -1.7965655326843262 
v -3.022512674331665 -13.374419212341309 -1.7849466800689697 
v -3.016350030899048 -13.395648002624512 -1.802914023399353 
v -3.00797700881958 -13.344858169555664 -1.8018360137939453 
v -3.0055992603302 -13.369657516479492 -1.8136945962905884 
v -2.9914321899414062 -13.320852279663086 -1.8289070129394531 
v -2.9918675422668457 -13.350016593933105 -1.8313026428222656 
v -3.0406651496887207 -13.68570613861084 -1.9427008628845215 
v -3.0274693965911865 -13.723600387573242 -2.0187630653381348 
v -3.0397608280181885 -13.720227241516113 -2.020440101623535 
v -3.0397608280181885 -13.720227241516113 -2.020440101623535 
v -3.0240530967712402 -13.64801025390625 -2.0185234546661377 
v -3.0274693965911865 -13.723600387573242 -2.0187630653381348 
v -3.011728286743164 -13.651383399963379 -2.0167267322540283 
v 3.0282254219055176 -13.553374290466309 -1.8026745319366455 
v 3.0240390300750732 -13.585515022277832 -1.823636531829834 
v 3.040583848953247 -13.550200462341309 -1.8043514490127563 
v 3.0363638401031494 -13.582141876220703 -1.8254332542419434 
v 3.019249677658081 -13.649795532226562 -1.8770596981048584 
v 3.0315744876861572 -13.646621704101562 -1.8787367343902588 
v 3.009671211242676 -13.689078330993652 -1.941023826599121 
v 3.0289621353149414 -13.512306213378906 -1.7855455875396729 
v 3.0412871837615967 -13.508933067321777 -1.7872225046157837 
v 3.025378704071045 -13.465286254882812 -1.7752442359924316 
v 3.037703514099121 -13.461913108825684 -1.777040958404541 
v 3.028761386871338 -13.413503646850586 -1.777280569076538 
v 3.0164363384246826 -13.416876792907715 -1.7754837274551392 
v 3.0161349773406982 -13.371047019958496 -1.786743402481079 
v 3.003810167312622 -13.374419212341309 -1.7849466800689697 
v 3.0015997886657715 -13.341485023498535 -1.8035129308700562 
v 2.989274740219116 -13.344858169555664 -1.8018360137939453 
v 2.9727299213409424 -13.320852279663086 -1.8289070129394531 
v 2.9850549697875977 -13.317479133605957 -1.8307037353515625 
v 2.997647762298584 -13.395648002624512 -1.802914023399353 
v 3.0188143253326416 -13.421440124511719 -1.7982425689697266 
v 3.0064895153045654 -13.424812316894531 -1.7965655326843262 
v 3.0237040519714355 -13.451199531555176 -1.7995601892471313 
v 3.0113792419433594 -13.454572677612305 -1.7977633476257324 
v 3.0255126953125 -13.483935356140137 -1.8078252077102661 
v 3.0131876468658447 -13.48730754852295 -1.8060284852981567 
v 3.0224313735961914 -13.510124206542969 -1.823277235031128 
v 3.0101065635681152 -13.513496398925781 -1.821480393409729 
v 3.0180439949035645 -13.53274154663086 -1.840046763420105 
v 3.005685567855835 -13.536113739013672 -1.8383698463439941 
v 3.015866994857788 -13.574206352233887 -1.8768202066421509 
v 3.0035088062286377 -13.577579498291016 -1.8750234842300415 
v 3.0062549114227295 -13.613489151000977 -1.9407843351364136 
v 2.9939301013946533 -13.616862297058105 -1.9391072988510132 
v 3.0053508281707764 -13.64801025390625 -2.0185234546661377 
v 2.993025779724121 -13.651383399963379 -2.0167267322540283 
v 3.00997257232666 -13.392474174499512 -1.804710865020752 
v 2.9868969917297363 -13.369657516479492 -1.8136945962905884 
v 2.999154806137085 -13.36628532409668 -1.8154913187026978 
v 2.973165273666382 -13.350016593933105 -1.8313026428222656 
v 2.985490322113037 -13.346643447875977 -1.833099365234375 
v 2.999154806137085 -13.36628532409668 -1.8154913187026978 
v 3.00997257232666 -13.392474174499512 -1.804710865020752 
v 3.0161349773406982 -13.371047019958496 -1.786743402481079 
v 3.0188143253326416 -13.421440124511719 -1.7982425689697266 
v 3.028761386871338 -13.413503646850586 -1.777280569076538 
v 3.037703514099121 -13.461913108825684 -1.777040958404541 
v 3.0237040519714355 -13.451199531555176 -1.7995601892471313 
v 3.0255126953125 -13.483935356140137 -1.8078252077102661 
v 3.0412871837615967 -13.508933067321777 -1.7872225046157837 
v 3.040583848953247 -13.550200462341309 -1.8043514490127563 
v 3.0224313735961914 -13.510124206542969 -1.823277235031128 
v 3.0180439949035645 -13.53274154663086 -1.840046763420105 
v 3.0363638401031494 -13.582141876220703 -1.8254332542419434 
v 3.015866994857788 -13.574206352233887 -1.8768202066421509 
v 3.0315744876861572 -13.646621704101562 -1.8787367343902588 
v 3.0219624042510986 -13.68570613861084 -1.9427008628845215 
v 3.0062549114227295 -13.613489151000977 -1.9407843351364136 
v 3.0210583209991455 -13.720227241516113 -2.020440101623535 
v 3.0053508281707764 -13.64801025390625 -2.0185234546661377 
v 3.0015997886657715 -13.341485023498535 -1.8035129308700562 
v 2.9850549697875977 -13.317479133605957 -1.8307037353515625 
v 2.985490322113037 -13.346643447875977 -1.833099365234375 
v 3.0087668895721436 -13.723600387573242 -2.0187630653381348 
v 3.009671211242676 -13.689078330993652 -1.941023826599121 
v 2.993025779724121 -13.651383399963379 -2.0167267322540283 
v 2.9939301013946533 -13.616862297058105 -1.9391072988510132 
v 3.019249677658081 -13.649795532226562 -1.8770596981048584 
v 3.0035088062286377 -13.577579498291016 -1.8750234842300415 
v 3.0240390300750732 -13.585515022277832 -1.823636531829834 
v 3.005685567855835 -13.536113739013672 -1.8383698463439941 
v 3.0282254219055176 -13.553374290466309 -1.8026745319366455 
v 3.0101065635681152 -13.513496398925781 -1.821480393409729 
v 3.0289621353149414 -13.512306213378906 -1.7855455875396729 
v 3.0131876468658447 -13.48730754852295 -1.8060284852981567 
v 3.025378704071045 -13.465286254882812 -1.7752442359924316 
v 3.0113792419433594 -13.454572677612305 -1.7977633476257324 
v 3.0164363384246826 -13.416876792907715 -1.7754837274551392 
v 3.0064895153045654 -13.424812316894531 -1.7965655326843262 
v 3.003810167312622 -13.374419212341309 -1.7849466800689697 
v 2.997647762298584 -13.395648002624512 -1.802914023399353 
v 2.989274740219116 -13.344858169555664 -1.8018360137939453 
v 2.9868969917297363 -13.369657516479492 -1.8136945962905884 
v 2.9727299213409424 -13.320852279663086 -1.8289070129394531 
v 2.973165273666382 -13.350016593933105 -1.8313026428222656 
v 3.0219624042510986 -13.68570613861084 -1.9427008628845215 
v 3.0087668895721436 -13.723600387573242 -2.0187630653381348 
v 3.0210583209991455 -13.720227241516113 -2.020440101623535 
v 3.0210583209991455 -13.720227241516113 -2.020440101623535 
v 3.0053508281707764 -13.64801025390625 -2.0185234546661377 
v 3.0087668895721436 -13.723600387573242 -2.0187630653381348 
v 2.993025779724121 -13.651383399963379 -2.0167267322540283 
v 1.592547059059143 -14.721497535705566 -1.9713900089263916 
v 1.5934083461761475 -14.70301628112793 -1.898559808731079 
v 1.5802572965621948 -14.725099563598633 -1.9706783294677734 
v 1.581085443496704 -14.706618309020996 -1.897966742515564 
v 1.6073212623596191 -14.657282829284668 -1.8288135528564453 
v 1.5949652194976807 -14.66088581085205 -1.8279832601547241 
v 1.6116276979446411 -14.632850646972656 -1.7991595268249512 
v 1.5992716550827026 -14.636609077453613 -1.798447847366333 
v 1.600132942199707 -14.602309226989746 -1.7698614597320557 
v 1.612488865852356 -14.59870719909668 -1.7705731391906738 
v 1.5967209339141846 -14.560491561889648 -1.7462568283081055 
v 1.609076976776123 -14.556732177734375 -1.7468498945236206 
v 1.6003316640853882 -14.510529518127441 -1.7328531742095947 
v 1.5879757404327393 -14.514131546020508 -1.7321414947509766 
v 1.5878431797027588 -14.466988563537598 -1.729294776916504 
v 1.5755202770233154 -14.470747947692871 -1.7285830974578857 
v 1.5734002590179443 -14.433784484863281 -1.7366489171981812 
v 1.561077356338501 -14.437543869018555 -1.735937237739563 
v 1.5446799993515015 -14.408099174499512 -1.7491036653518677 
v 1.5570029020309448 -14.404497146606445 -1.7498153448104858 
v 1.569259524345398 -14.485783576965332 -1.7520689964294434 
v 1.5903276205062866 -14.5117826461792 -1.7552716732025146 
v 1.5779715776443481 -14.515384674072266 -1.7545599937438965 
v 1.5950977802276611 -14.539817810058594 -1.765235424041748 
v 1.5827748775482178 -14.54357624053955 -1.764642357826233 
v 1.59682035446167 -14.568635940551758 -1.7829091548919678 
v 1.5844643115997314 -14.572394371032715 -1.7821974754333496 
v 1.5936402082443237 -14.589153289794922 -1.8054462671279907 
v 1.5812842845916748 -14.592755317687988 -1.80461585521698 
v 1.5891681909561157 -14.605754852294922 -1.8281018733978271 
v 1.5768122673034668 -14.609356880187988 -1.827390193939209 
v 1.5779715776443481 -14.634572982788086 -1.875429630279541 
v 1.5656156539916992 -14.638175010681152 -1.8747179508209229 
v 1.5771104097366333 -14.652897834777832 -1.9481412172317505 
v 1.56478750705719 -14.656656265258789 -1.9474295377731323 
v 1.5815823078155518 -14.482024192810059 -1.7527806758880615 
v 1.5585929155349731 -14.45759105682373 -1.7546786069869995 
v 1.5708826780319214 -14.453989028930664 -1.7553902864456177 
v 1.5449450016021729 -14.43362808227539 -1.7655912637710571 
v 1.5572679042816162 -14.429869651794434 -1.7663029432296753 
v 1.5708826780319214 -14.453989028930664 -1.7553902864456177 
v 1.5815823078155518 -14.482024192810059 -1.7527806758880615 
v 1.5878431797027588 -14.466988563537598 -1.729294776916504 
v 1.5903276205062866 -14.5117826461792 -1.7552716732025146 
v 1.6003316640853882 -14.510529518127441 -1.7328531742095947 
v 1.609076976776123 -14.556732177734375 -1.7468498945236206 
v 1.5950977802276611 -14.539817810058594 -1.765235424041748 
v 1.59682035446167 -14.568635940551758 -1.7829091548919678 
v 1.612488865852356 -14.59870719909668 -1.7705731391906738 
v 1.6116276979446411 -14.632850646972656 -1.7991595268249512 
v 1.5936402082443237 -14.589153289794922 -1.8054462671279907 
v 1.5891681909561157 -14.605754852294922 -1.8281018733978271 
v 1.6073212623596191 -14.657282829284668 -1.8288135528564453 
v 1.5779715776443481 -14.634572982788086 -1.875429630279541 
v 1.5934083461761475 -14.70301628112793 -1.898559808731079 
v 1.592547059059143 -14.721497535705566 -1.9713900089263916 
v 1.5771104097366333 -14.652897834777832 -1.9481412172317505 
v 1.5734002590179443 -14.433784484863281 -1.7366489171981812 
v 1.5570029020309448 -14.404497146606445 -1.7498153448104858 
v 1.5572679042816162 -14.429869651794434 -1.7663029432296753 
v 1.5802572965621948 -14.725099563598633 -1.9706783294677734 
v 1.581085443496704 -14.706618309020996 -1.897966742515564 
v 1.56478750705719 -14.656656265258789 -1.9474295377731323 
v 1.5656156539916992 -14.638175010681152 -1.8747179508209229 
v 1.5949652194976807 -14.66088581085205 -1.8279832601547241 
v 1.5768122673034668 -14.609356880187988 -1.827390193939209 
v 1.5992716550827026 -14.636609077453613 -1.798447847366333 
v 1.5812842845916748 -14.592755317687988 -1.80461585521698 
v 1.600132942199707 -14.602309226989746 -1.7698614597320557 
v 1.5844643115997314 -14.572394371032715 -1.7821974754333496 
v 1.5967209339141846 -14.560491561889648 -1.7462568283081055 
v 1.5827748775482178 -14.54357624053955 -1.764642357826233 
v 1.5879757404327393 -14.514131546020508 -1.7321414947509766 
v 1.5779715776443481 -14.515384674072266 -1.7545599937438965 
v 1.5755202770233154 -14.470747947692871 -1.7285830974578857 
v 1.569259524345398 -14.485783576965332 -1.7520689964294434 
v 1.561077356338501 -14.437543869018555 -1.735937237739563 
v 1.5585929155349731 -14.45759105682373 -1.7546786069869995 
v 1.5446799993515015 -14.408099174499512 -1.7491036653518677 
v 1.5449450016021729 -14.43362808227539 -1.7655912637710571 
v 1.592547059059143 -14.721497535705566 -1.9713900089263916 
v 1.5771104097366333 -14.652897834777832 -1.9481412172317505 
v 1.5802572965621948 -14.725099563598633 -1.9706783294677734 
v 1.56478750705719 -14.656656265258789 -1.9474295377731323 
v -1.6112581491470337 -14.721497535705566 -1.9713900089263916 
v -1.612119436264038 -14.70301628112793 -1.898559808731079 
v -1.5989352464675903 -14.725099563598633 -1.9706783294677734 
v -1.5997965335845947 -14.706618309020996 -1.897966742515564 
v -1.6260323524475098 -14.657282829284668 -1.8288135528564453 
v -1.6136763095855713 -14.66088581085205 -1.8279832601547241 
v -1.6303386688232422 -14.632850646972656 -1.7991595268249512 
v -1.6179827451705933 -14.636609077453613 -1.798447847366333 
v -1.6188440322875977 -14.602309226989746 -1.7698614597320557 
v -1.6311999559402466 -14.59870719909668 -1.7705731391906738 
v -1.6154320240020752 -14.560491561889648 -1.7462568283081055 
v -1.6277880668640137 -14.556732177734375 -1.7468498945236206 
v -1.6190427541732788 -14.510529518127441 -1.7328531742095947 
v -1.6066867113113403 -14.514131546020508 -1.7321414947509766 
v -1.6065542697906494 -14.466988563537598 -1.729294776916504 
v -1.594231367111206 -14.470747947692871 -1.7285830974578857 
v -1.592111349105835 -14.433784484863281 -1.7366489171981812 
v -1.5797884464263916 -14.437543869018555 -1.735937237739563 
v -1.563391089439392 -14.408099174499512 -1.7491036653518677 
v -1.5757139921188354 -14.404497146606445 -1.7498153448104858 
v -1.5879706144332886 -14.485783576965332 -1.7520689964294434 
v -1.6090387105941772 -14.5117826461792 -1.7552716732025146 
v -1.5966826677322388 -14.515384674072266 -1.7545599937438965 
v -1.6138088703155518 -14.539817810058594 -1.765235424041748 
v -1.6014859676361084 -14.54357624053955 -1.764642357826233 
v -1.6155314445495605 -14.568635940551758 -1.7829091548919678 
v -1.603175401687622 -14.572394371032715 -1.7821974754333496 
v -1.6123512983322144 -14.589153289794922 -1.8054462671279907 
v -1.5999952554702759 -14.592755317687988 -1.80461585521698 
v -1.6078792810440063 -14.605754852294922 -1.8281018733978271 
v -1.5955233573913574 -14.609356880187988 -1.827390193939209 
v -1.5966826677322388 -14.634572982788086 -1.875429630279541 
v -1.5843267440795898 -14.638175010681152 -1.8747179508209229 
v -1.5958213806152344 -14.652897834777832 -1.9481412172317505 
v -1.5834985971450806 -14.656656265258789 -1.9474295377731323 
v -1.6002933979034424 -14.482024192810059 -1.7527806758880615 
v -1.5773040056228638 -14.45759105682373 -1.7546786069869995 
v -1.589593768119812 -14.453989028930664 -1.7553902864456177 
v -1.5636560916900635 -14.43362808227539 -1.7655912637710571 
v -1.5759789943695068 -14.429869651794434 -1.7663029432296753 
v -1.589593768119812 -14.453989028930664 -1.7553902864456177 
v -1.6002933979034424 -14.482024192810059 -1.7527806758880615 
v -1.6065542697906494 -14.466988563537598 -1.729294776916504 
v -1.6090387105941772 -14.5117826461792 -1.7552716732025146 
v -1.6190427541732788 -14.510529518127441 -1.7328531742095947 
v -1.6277880668640137 -14.556732177734375 -1.7468498945236206 
v -1.6138088703155518 -14.539817810058594 -1.765235424041748 
v -1.6155314445495605 -14.568635940551758 -1.7829091548919678 
v -1.6311999559402466 -14.59870719909668 -1.7705731391906738 
v -1.6303386688232422 -14.632850646972656 -1.7991595268249512 
v -1.6123512983322144 -14.589153289794922 -1.8054462671279907 
v -1.6078792810440063 -14.605754852294922 -1.8281018733978271 
v -1.6260323524475098 -14.657282829284668 -1.8288135528564453 
v -1.5966826677322388 -14.634572982788086 -1.875429630279541 
v -1.612119436264038 -14.70301628112793 -1.898559808731079 
v -1.6112581491470337 -14.721497535705566 -1.9713900089263916 
v -1.5958213806152344 -14.652897834777832 -1.9481412172317505 
v -1.592111349105835 -14.433784484863281 -1.7366489171981812 
v -1.5757139921188354 -14.404497146606445 -1.7498153448104858 
v -1.5759789943695068 -14.429869651794434 -1.7663029432296753 
v -1.5989352464675903 -14.725099563598633 -1.9706783294677734 
v -1.5997965335845947 -14.706618309020996 -1.897966742515564 
v -1.5834985971450806 -14.656656265258789 -1.9474295377731323 
v -1.5843267440795898 -14.638175010681152 -1.8747179508209229 
v -1.6136763095855713 -14.66088581085205 -1.8279832601547241 
v -1.5955233573913574 -14.609356880187988 -1.827390193939209 
v -1.6179827451705933 -14.636609077453613 -1.798447847366333 
v -1.5999952554702759 -14.592755317687988 -1.80461585521698 
v -1.6188440322875977 -14.602309226989746 -1.7698614597320557 
v -1.603175401687622 -14.572394371032715 -1.7821974754333496 
v -1.6154320240020752 -14.560491561889648 -1.7462568283081055 
v -1.6014859676361084 -14.54357624053955 -1.764642357826233 
v -1.6066867113113403 -14.514131546020508 -1.7321414947509766 
v -1.5966826677322388 -14.515384674072266 -1.7545599937438965 
v -1.594231367111206 -14.470747947692871 -1.7285830974578857 
v -1.5879706144332886 -14.485783576965332 -1.7520689964294434 
v -1.5797884464263916 -14.437543869018555 -1.735937237739563 
v -1.5773040056228638 -14.45759105682373 -1.7546786069869995 
v -1.563391089439392 -14.408099174499512 -1.7491036653518677 
v -1.5636560916900635 -14.43362808227539 -1.7655912637710571 
v -1.6112581491470337 -14.721497535705566 -1.9713900089263916 
v -1.5958213806152344 -14.652897834777832 -1.9481412172317505 
v -1.5989352464675903 -14.725099563598633 -1.9706783294677734 
v -1.5834985971450806 -14.656656265258789 -1.9474295377731323 
v 4.4521355628967285 -13.055368423461914 -2.2073400020599365 
v 4.453001022338867 -13.036779403686523 -2.134509801864624 
v 4.43984842300415 -13.058899879455566 -2.2066283226013184 
v 4.440680980682373 -13.040496826171875 -2.1339166164398193 
v 4.466919898986816 -12.991049766540527 -2.0647635459899902 
v 4.454566478729248 -12.994767189025879 -2.0639333724975586 
v 4.47121524810791 -12.966697692871094 -2.035109519958496 
v 4.458861827850342 -12.970416069030762 -2.034397840499878 
v 4.459760665893555 -12.936211585998535 -2.0058114528656006 
v 4.472081184387207 -12.932494163513184 -2.0065231323242188 
v 4.456331253051758 -12.894200325012207 -1.9822068214416504 
v 4.468684673309326 -12.890668869018555 -1.9827998876571655 
v 4.459927082061768 -12.844196319580078 -1.9688031673431396 
v 4.447573661804199 -12.84791374206543 -1.9680914878845215 
v 4.4474406242370605 -12.800883293151855 -1.9652447700500488 
v 4.435120105743408 -12.804414749145508 -1.9645330905914307 
v 4.432989120483398 -12.767608642578125 -1.972598910331726 
v 4.420669078826904 -12.771327018737793 -1.971887230873108 
v 4.4039201736450195 -12.682099342346191 -2.0096070766448975 
v 4.416240215301514 -12.678380966186523 -2.0103187561035156 
v 4.428860187530518 -12.819472312927246 -1.9880189895629883 
v 4.44993782043457 -12.845683097839355 -1.9912216663360596 
v 4.437584400177002 -12.849214553833008 -1.9905099868774414 
v 4.454699516296387 -12.87375259399414 -2.0013039112091064 
v 4.442346096038818 -12.877284049987793 -2.0005922317504883 
v 4.456397533416748 -12.902565956115723 -2.0188591480255127 
v 4.444077491760254 -12.906097412109375 -2.0181474685668945 
v 4.4532341957092285 -12.92282772064209 -2.041396141052246 
v 4.44088077545166 -12.926545143127441 -2.0405659675598145 
v 4.448739051818848 -12.939558029174805 -2.064051866531372 
v 4.436385631561279 -12.943089485168457 -2.063340187072754 
v 4.437551021575928 -12.968371391296387 -2.111379623413086 
v 4.425230503082275 -12.971902847290039 -2.1106679439544678 
v 4.436718463897705 -12.986774444580078 -2.184091329574585 
v 4.424365043640137 -12.99049186706543 -2.183379650115967 
v 4.441180229187012 -12.815940856933594 -1.9887306690216064 
v 4.418171405792236 -12.791402816772461 -1.9906286001205444 
v 4.430491924285889 -12.78768539428711 -1.9913402795791626 
v 4.404552459716797 -12.767422676086426 -2.0015411376953125 
v 4.416872978210449 -12.763705253601074 -2.0022528171539307 
v 4.430491924285889 -12.78768539428711 -1.9913402795791626 
v 4.441180229187012 -12.815940856933594 -1.9887306690216064 
v 4.4474406242370605 -12.800883293151855 -1.9652447700500488 
v 4.44993782043457 -12.845683097839355 -1.9912216663360596 
v 4.459927082061768 -12.844196319580078 -1.9688031673431396 
v 4.468684673309326 -12.890668869018555 -1.9827998876571655 
v 4.454699516296387 -12.87375259399414 -2.0013039112091064 
v 4.456397533416748 -12.902565956115723 -2.0188591480255127 
v 4.472081184387207 -12.932494163513184 -2.0065231323242188 
v 4.47121524810791 -12.966697692871094 -2.035109519958496 
v 4.4532341957092285 -12.92282772064209 -2.041396141052246 
v 4.448739051818848 -12.939558029174805 -2.064051866531372 
v 4.466919898986816 -12.991049766540527 -2.0647635459899902 
v 4.437551021575928 -12.968371391296387 -2.111379623413086 
v 4.453001022338867 -13.036779403686523 -2.134509801864624 
v 4.4521355628967285 -13.055368423461914 -2.2073400020599365 
v 4.436718463897705 -12.986774444580078 -2.184091329574585 
v 4.432989120483398 -12.767608642578125 -1.972598910331726 
v 4.416240215301514 -12.678380966186523 -2.0103187561035156 
v 4.416872978210449 -12.763705253601074 -2.0022528171539307 
v 4.43984842300415 -13.058899879455566 -2.2066283226013184 
v 4.440680980682373 -13.040496826171875 -2.1339166164398193 
v 4.424365043640137 -12.99049186706543 -2.183379650115967 
v 4.425230503082275 -12.971902847290039 -2.1106679439544678 
v 4.454566478729248 -12.994767189025879 -2.0639333724975586 
v 4.436385631561279 -12.943089485168457 -2.063340187072754 
v 4.458861827850342 -12.970416069030762 -2.034397840499878 
v 4.44088077545166 -12.926545143127441 -2.0405659675598145 
v 4.459760665893555 -12.936211585998535 -2.0058114528656006 
v 4.444077491760254 -12.906097412109375 -2.0181474685668945 
v 4.456331253051758 -12.894200325012207 -1.9822068214416504 
v 4.442346096038818 -12.877284049987793 -2.0005922317504883 
v 4.447573661804199 -12.84791374206543 -1.9680914878845215 
v 4.437584400177002 -12.849214553833008 -1.9905099868774414 
v 4.435120105743408 -12.804414749145508 -1.9645330905914307 
v 4.428860187530518 -12.819472312927246 -1.9880189895629883 
v 4.420669078826904 -12.771327018737793 -1.971887230873108 
v 4.418171405792236 -12.791402816772461 -1.9906286001205444 
v 4.4039201736450195 -12.682099342346191 -2.0096070766448975 
v 4.404552459716797 -12.767422676086426 -2.0015411376953125 
v 4.4521355628967285 -13.055368423461914 -2.2073400020599365 
v 4.436718463897705 -12.986774444580078 -2.184091329574585 
v 4.43984842300415 -13.058899879455566 -2.2066283226013184 
v 4.424365043640137 -12.99049186706543 -2.183379650115967 
v -4.470844268798828 -13.055368423461914 -2.2073400020599365 
v -4.471710205078125 -13.036779403686523 -2.134509801864624 
v -4.458557605743408 -13.058899879455566 -2.2066283226013184 
v -4.459390163421631 -13.040496826171875 -2.1339166164398193 
v -4.485628604888916 -12.991049766540527 -2.0647635459899902 
v -4.473275184631348 -12.994767189025879 -2.0639333724975586 
v -4.489924430847168 -12.966697692871094 -2.035109519958496 
v -4.477570533752441 -12.970416069030762 -2.034397840499878 
v -4.4784698486328125 -12.936211585998535 -2.0058114528656006 
v -4.490789890289307 -12.932494163513184 -2.0065231323242188 
v -4.475039958953857 -12.894200325012207 -1.9822068214416504 
v -4.487393379211426 -12.890668869018555 -1.9827998876571655 
v -4.478636264801025 -12.844196319580078 -1.9688031673431396 
v -4.466282844543457 -12.84791374206543 -1.9680914878845215 
v -4.46614933013916 -12.800883293151855 -1.9652447700500488 
v -4.453829288482666 -12.804414749145508 -1.9645330905914307 
v -4.451698303222656 -12.767608642578125 -1.972598910331726 
v -4.439377784729004 -12.771327018737793 -1.971887230873108 
v -4.422628879547119 -12.682099342346191 -2.0096070766448975 
v -4.4349493980407715 -12.678380966186523 -2.0103187561035156 
v -4.447569370269775 -12.819472312927246 -1.9880189895629883 
v -4.468647003173828 -12.845683097839355 -1.9912216663360596 
v -4.456293106079102 -12.849214553833008 -1.9905099868774414 
v -4.473408222198486 -12.87375259399414 -2.0013039112091064 
v -4.461054801940918 -12.877284049987793 -2.0005922317504883 
v -4.475106716156006 -12.902565956115723 -2.0188591480255127 
v -4.4627861976623535 -12.906097412109375 -2.0181474685668945 
v -4.471943378448486 -12.92282772064209 -2.041396141052246 
v -4.459589958190918 -12.926545143127441 -2.0405659675598145 
v -4.4674482345581055 -12.939558029174805 -2.064051866531372 
v -4.455094337463379 -12.943089485168457 -2.063340187072754 
v -4.4562602043151855 -12.968371391296387 -2.111379623413086 
v -4.443939685821533 -12.971902847290039 -2.1106679439544678 
v -4.455427646636963 -12.986774444580078 -2.184091329574585 
v -4.443073749542236 -12.99049186706543 -2.183379650115967 
v -4.4598894119262695 -12.815940856933594 -1.9887306690216064 
v -4.436880588531494 -12.791402816772461 -1.9906286001205444 
v -4.449200630187988 -12.78768539428711 -1.9913402795791626 
v -4.423261642456055 -12.767422676086426 -2.0015411376953125 
v -4.435581684112549 -12.763705253601074 -2.0022528171539307 
v -4.449200630187988 -12.78768539428711 -1.9913402795791626 
v -4.4598894119262695 -12.815940856933594 -1.9887306690216064 
v -4.46614933013916 -12.800883293151855 -1.9652447700500488 
v -4.468647003173828 -12.845683097839355 -1.9912216663360596 
v -4.478636264801025 -12.844196319580078 -1.9688031673431396 
v -4.487393379211426 -12.890668869018555 -1.9827998876571655 
v -4.473408222198486 -12.87375259399414 -2.0013039112091064 
v -4.475106716156006 -12.902565956115723 -2.0188591480255127 
v -4.490789890289307 -12.932494163513184 -2.0065231323242188 
v -4.489924430847168 -12.966697692871094 -2.035109519958496 
v -4.471943378448486 -12.92282772064209 -2.041396141052246 
v -4.4674482345581055 -12.939558029174805 -2.064051866531372 
v -4.485628604888916 -12.991049766540527 -2.0647635459899902 
v -4.4562602043151855 -12.968371391296387 -2.111379623413086 
v -4.471710205078125 -13.036779403686523 -2.134509801864624 
v -4.470844268798828 -13.055368423461914 -2.2073400020599365 
v -4.455427646636963 -12.986774444580078 -2.184091329574585 
v -4.451698303222656 -12.767608642578125 -1.972598910331726 
v -4.4349493980407715 -12.678380966186523 -2.0103187561035156 
v -4.435581684112549 -12.763705253601074 -2.0022528171539307 
v -4.458557605743408 -13.058899879455566 -2.2066283226013184 
v -4.459390163421631 -13.040496826171875 -2.1339166164398193 
v -4.443073749542236 -12.99049186706543 -2.183379650115967 
v -4.443939685821533 -12.971902847290039 -2.1106679439544678 
v -4.473275184631348 -12.994767189025879 -2.0639333724975586 
v -4.455094337463379 -12.943089485168457 -2.063340187072754 
v -4.477570533752441 -12.970416069030762 -2.034397840499878 
v -4.459589958190918 -12.926545143127441 -2.0405659675598145 
v -4.4784698486328125 -12.936211585998535 -2.0058114528656006 
v -4.4627861976623535 -12.906097412109375 -2.0181474685668945 
v -4.475039958953857 -12.894200325012207 -1.9822068214416504 
v -4.461054801940918 -12.877284049987793 -2.0005922317504883 
v -4.466282844543457 -12.84791374206543 -1.9680914878845215 
v -4.456293106079102 -12.849214553833008 -1.9905099868774414 
v -4.453829288482666 -12.804414749145508 -1.9645330905914307 
v -4.447569370269775 -12.819472312927246 -1.9880189895629883 
v -4.439377784729004 -12.771327018737793 -1.971887230873108 
v -4.436880588531494 -12.791402816772461 -1.9906286001205444 
v -4.422628879547119 -12.682099342346191 -2.0096070766448975 
v -4.423261642456055 -12.767422676086426 -2.0015411376953125 
v -4.470844268798828 -13.055368423461914 -2.2073400020599365 
v -4.455427646636963 -12.986774444580078 -2.184091329574585 
v -4.458557605743408 -13.058899879455566 -2.2066283226013184 
v -4.443073749542236 -12.99049186706543 -2.183379650115967 
v 1.6473950147628784 -15.498361587524414 -1.818260669708252 
v 1.6351292133331299 -15.449536323547363 -1.7851769924163818 
v 1.633242130279541 -15.504105567932129 -1.818260669708252 
v 1.620976448059082 -15.455280303955078 -1.7851769924163818 
v 1.6190893650054932 -15.392094612121582 -1.7748383283615112 
v 1.6049365997314453 -15.397838592529297 -1.7748383283615112 
v 1.6030495166778564 -15.337525367736816 -1.7851769924163818 
v 1.5879532098770142 -15.343269348144531 -1.7851769924163818 
v 1.5879532098770142 -15.291572570800781 -1.812057375907898 
v 1.5728569030761719 -15.297316551208496 -1.812057375907898 
v 1.5549299716949463 -15.248491287231445 -1.8575475215911865 
v 1.5690828561782837 -15.24274730682373 -1.8575475215911865 
v 1.657773733139038 -15.535697937011719 -1.863750696182251 
v 1.6426773071289062 -15.541441917419434 -1.8616828918457031 
v 1.6492819786071777 -15.567291259765625 -1.9133762121200562 
v 1.6634347438812256 -15.56154727935791 -1.9133762121200562 
v 1.6606042385101318 -15.607500076293945 -2.037440061569214 
v 1.6747570037841797 -15.60175609588623 -2.037440061569214 
v 1.6483384370803833 -15.521337509155273 -2.022965908050537 
v 1.6417338848114014 -15.4926176071167 -1.9319857358932495 
v 1.627581000328064 -15.498361587524414 -1.9319857358932495 
v 1.6238069534301758 -15.481128692626953 -1.892698884010315 
v 1.638903260231018 -15.478257179260254 -1.892698884010315 
v 1.6190893650054932 -15.461024284362793 -1.8534120321273804 
v 1.6341856718063354 -15.455280303955078 -1.8554797172546387 
v 1.6105977296829224 -15.429431915283203 -1.828599214553833 
v 1.6247504949569702 -15.423687934875488 -1.8306670188903809 
v 1.6011624336242676 -15.394967079162598 -1.8203283548355103 
v 1.615315318107605 -15.389223098754883 -1.8203283548355103 
v 1.589840292930603 -15.354758262634277 -1.8265315294265747 
v 1.6039930582046509 -15.351885795593262 -1.8265315294265747 
v 1.5775744915008545 -15.317420959472656 -1.8430733680725098 
v 1.5917272567749023 -15.31454849243164 -1.8430733680725098 
v 1.5615346431732178 -15.277212142944336 -1.880292534828186 
v 1.57663094997406 -15.271468162536621 -1.880292534828186 
v 1.633242130279541 -15.524209976196289 -2.022965908050537 
v 1.57663094997406 -15.271468162536621 -1.880292534828186 
v 1.5690828561782837 -15.24274730682373 -1.8575475215911865 
v 1.5917272567749023 -15.31454849243164 -1.8430733680725098 
v 1.5879532098770142 -15.291572570800781 -1.812057375907898 
v 1.6039930582046509 -15.351885795593262 -1.8265315294265747 
v 1.6030495166778564 -15.337525367736816 -1.7851769924163818 
v 1.615315318107605 -15.389223098754883 -1.8203283548355103 
v 1.6190893650054932 -15.392094612121582 -1.7748383283615112 
v 1.6351292133331299 -15.449536323547363 -1.7851769924163818 
v 1.6247504949569702 -15.423687934875488 -1.8306670188903809 
v 1.6473950147628784 -15.498361587524414 -1.818260669708252 
v 1.6341856718063354 -15.455280303955078 -1.8554797172546387 
v 1.657773733139038 -15.535697937011719 -1.863750696182251 
v 1.638903260231018 -15.478257179260254 -1.892698884010315 
v 1.6634347438812256 -15.56154727935791 -1.9133762121200562 
v 1.6417338848114014 -15.4926176071167 -1.9319857358932495 
v 1.6483384370803833 -15.521337509155273 -2.022965908050537 
v 1.6747570037841797 -15.60175609588623 -2.037440061569214 
v 1.5728569030761719 -15.297316551208496 -1.812057375907898 
v 1.589840292930603 -15.354758262634277 -1.8265315294265747 
v 1.5879532098770142 -15.343269348144531 -1.7851769924163818 
v 1.6011624336242676 -15.394967079162598 -1.8203283548355103 
v 1.6049365997314453 -15.397838592529297 -1.7748383283615112 
v 1.6105977296829224 -15.429431915283203 -1.828599214553833 
v 1.620976448059082 -15.455280303955078 -1.7851769924163818 
v 1.6190893650054932 -15.461024284362793 -1.8534120321273804 
v 1.633242130279541 -15.504105567932129 -1.818260669708252 
v 1.6238069534301758 -15.481128692626953 -1.892698884010315 
v 1.6426773071289062 -15.541441917419434 -1.8616828918457031 
v 1.627581000328064 -15.498361587524414 -1.9319857358932495 
v 1.6492819786071777 -15.567291259765625 -1.9133762121200562 
v 1.633242130279541 -15.524209976196289 -2.022965908050537 
v 1.6606042385101318 -15.607500076293945 -2.037440061569214 
v 1.5775744915008545 -15.317420959472656 -1.8430733680725098 
v 1.5549299716949463 -15.248491287231445 -1.8575475215911865 
v 1.5615346431732178 -15.277212142944336 -1.880292534828186 
v -1.6660982370376587 -15.498361587524414 -1.818260669708252 
v -1.6538325548171997 -15.449536323547363 -1.7851769924163818 
v -1.6519454717636108 -15.504105567932129 -1.818260669708252 
v -1.6396799087524414 -15.455280303955078 -1.7851769924163818 
v -1.6377928256988525 -15.392094612121582 -1.7748383283615112 
v -1.6236401796340942 -15.397838592529297 -1.7748383283615112 
v -1.621753215789795 -15.337525367736816 -1.7851769924163818 
v -1.6066570281982422 -15.343269348144531 -1.7851769924163818 
v -1.6066570281982422 -15.291572570800781 -1.812057375907898 
v -1.5915608406066895 -15.297316551208496 -1.812057375907898 
v -1.573634147644043 -15.248491287231445 -1.8575475215911865 
v -1.5877867937088013 -15.24274730682373 -1.8575475215911865 
v -1.6764768362045288 -15.535697937011719 -1.863750696182251 
v -1.661380648612976 -15.541441917419434 -1.8616828918457031 
v -1.667985200881958 -15.567291259765625 -1.9133762121200562 
v -1.6821378469467163 -15.56154727935791 -1.9133762121200562 
v -1.6793073415756226 -15.607500076293945 -2.037440061569214 
v -1.6934599876403809 -15.60175609588623 -2.037440061569214 
v -1.6670416593551636 -15.521337509155273 -2.022965908050537 
v -1.6604371070861816 -15.4926176071167 -1.9319857358932495 
v -1.6462844610214233 -15.498361587524414 -1.9319857358932495 
v -1.6425104141235352 -15.481128692626953 -1.892698884010315 
v -1.657606601715088 -15.478257179260254 -1.892698884010315 
v -1.6377928256988525 -15.461024284362793 -1.8534120321273804 
v -1.6528890132904053 -15.455280303955078 -1.8554797172546387 
v -1.6293013095855713 -15.429431915283203 -1.828599214553833 
v -1.6434539556503296 -15.423687934875488 -1.8306670188903809 
v -1.619866132736206 -15.394967079162598 -1.8203283548355103 
v -1.6340187788009644 -15.389223098754883 -1.8203283548355103 
v -1.6085439920425415 -15.354758262634277 -1.8265315294265747 
v -1.6226966381072998 -15.351885795593262 -1.8265315294265747 
v -1.5962783098220825 -15.317420959472656 -1.8430733680725098 
v -1.6104310750961304 -15.31454849243164 -1.8430733680725098 
v -1.580238699913025 -15.277212142944336 -1.880292534828186 
v -1.5953348875045776 -15.271468162536621 -1.880292534828186 
v -1.6519454717636108 -15.524209976196289 -2.022965908050537 
v -1.5953348875045776 -15.271468162536621 -1.880292534828186 
v -1.5877867937088013 -15.24274730682373 -1.8575475215911865 
v -1.6104310750961304 -15.31454849243164 -1.8430733680725098 
v -1.6066570281982422 -15.291572570800781 -1.812057375907898 
v -1.6226966381072998 -15.351885795593262 -1.8265315294265747 
v -1.621753215789795 -15.337525367736816 -1.7851769924163818 
v -1.6340187788009644 -15.389223098754883 -1.8203283548355103 
v -1.6377928256988525 -15.392094612121582 -1.7748383283615112 
v -1.6538325548171997 -15.449536323547363 -1.7851769924163818 
v -1.6434539556503296 -15.423687934875488 -1.8306670188903809 
v -1.6660982370376587 -15.498361587524414 -1.818260669708252 
v -1.6528890132904053 -15.455280303955078 -1.8554797172546387 
v -1.6764768362045288 -15.535697937011719 -1.863750696182251 
v -1.657606601715088 -15.478257179260254 -1.892698884010315 
v -1.6821378469467163 -15.56154727935791 -1.9133762121200562 
v -1.6604371070861816 -15.4926176071167 -1.9319857358932495 
v -1.6670416593551636 -15.521337509155273 -2.022965908050537 
v -1.6934599876403809 -15.60175609588623 -2.037440061569214 
v -1.5915608406066895 -15.297316551208496 -1.812057375907898 
v -1.6085439920425415 -15.354758262634277 -1.8265315294265747 
v -1.6066570281982422 -15.343269348144531 -1.7851769924163818 
v -1.619866132736206 -15.394967079162598 -1.8203283548355103 
v -1.6236401796340942 -15.397838592529297 -1.7748383283615112 
v -1.6293013095855713 -15.429431915283203 -1.828599214553833 
v -1.6396799087524414 -15.455280303955078 -1.7851769924163818 
v -1.6377928256988525 -15.461024284362793 -1.8534120321273804 
v -1.6519454717636108 -15.504105567932129 -1.818260669708252 
v -1.6425104141235352 -15.481128692626953 -1.892698884010315 
v -1.661380648612976 -15.541441917419434 -1.8616828918457031 
v -1.6462844610214233 -15.498361587524414 -1.9319857358932495 
v -1.667985200881958 -15.567291259765625 -1.9133762121200562 
v -1.6519454717636108 -15.524209976196289 -2.022965908050537 
v -1.6793073415756226 -15.607500076293945 -2.037440061569214 
v -1.5962783098220825 -15.317420959472656 -1.8430733680725098 
v -1.573634147644043 -15.248491287231445 -1.8575475215911865 
v -1.580238699913025 -15.277212142944336 -1.880292534828186 
v 2.891181230545044 -14.708257675170898 -1.9135059118270874 
v 2.886207103729248 -14.6626615524292 -1.8849684000015259 
v 2.8762588500976562 -14.71110725402832 -1.9135059118270874 
v 2.8712847232818604 -14.665511131286621 -1.8849684000015259 
v 2.8797407150268555 -14.608515739440918 -1.8659433126449585 
v 2.8648183345794678 -14.608515739440918 -1.8675287961959839 
v 2.872279405593872 -14.54867172241211 -1.859601616859436 
v 2.8573570251464844 -14.551521301269531 -1.859601616859436 
v 2.8648183345794678 -14.500225067138672 -1.8643579483032227 
v 2.849895715713501 -14.50307559967041 -1.8659433126449585 
v 2.839449882507324 -14.431831359863281 -1.8976517915725708 
v 2.854372501373291 -14.42898178100586 -1.8976517915725708 
v 2.895160675048828 -14.742454528808594 -1.9467997550964355 
v 2.8802380561828613 -14.745304107666016 -1.9467997550964355 
v 2.882725238800049 -14.762402534484863 -1.9800935983657837 
v 2.8976476192474365 -14.759552955627441 -1.9800935983657837 
v 2.8876993656158447 -14.790900230407715 -2.05777907371521 
v 2.9026217460632324 -14.788050651550293 -2.05777907371521 
v 2.8886942863464355 -14.70540714263916 -2.0609500408172607 
v 2.887202024459839 -14.691158294677734 -1.975337266921997 
v 2.872279405593872 -14.691158294677734 -1.975337266921997 
v 2.8712847232818604 -14.679759979248047 -1.9499706029891968 
v 2.886207103729248 -14.679759979248047 -1.9499706029891968 
v 2.8692948818206787 -14.665511131286621 -1.9246039390563965 
v 2.8847148418426514 -14.6626615524292 -1.9246039390563965 
v 2.8663103580474854 -14.634163856506348 -1.9039933681488037 
v 2.881232976913452 -14.631314277648926 -1.9039933681488037 
v 2.8618338108062744 -14.599967002868652 -1.8913100957870483 
v 2.877253532409668 -14.59711742401123 -1.8913100957870483 
v 2.8568594455718994 -14.560070037841797 -1.8865537643432617 
v 2.871782064437866 -14.557220458984375 -1.8865537643432617 
v 2.850393056869507 -14.520174026489258 -1.8865537643432617 
v 2.8658130168914795 -14.517324447631836 -1.8865537643432617 
v 2.8419370651245117 -14.474577903747559 -1.8992371559143066 
v 2.8568594455718994 -14.471728324890137 -1.8992371559143066 
v 2.8737716674804688 -14.708257675170898 -2.0609500408172607 
v 2.8568594455718994 -14.471728324890137 -1.8992371559143066 
v 2.854372501373291 -14.42898178100586 -1.8976517915725708 
v 2.8658130168914795 -14.517324447631836 -1.8865537643432617 
v 2.8648183345794678 -14.500225067138672 -1.8643579483032227 
v 2.871782064437866 -14.557220458984375 -1.8865537643432617 
v 2.872279405593872 -14.54867172241211 -1.859601616859436 
v 2.877253532409668 -14.59711742401123 -1.8913100957870483 
v 2.8797407150268555 -14.608515739440918 -1.8659433126449585 
v 2.886207103729248 -14.6626615524292 -1.8849684000015259 
v 2.881232976913452 -14.631314277648926 -1.9039933681488037 
v 2.891181230545044 -14.708257675170898 -1.9135059118270874 
v 2.8847148418426514 -14.6626615524292 -1.9246039390563965 
v 2.895160675048828 -14.742454528808594 -1.9467997550964355 
v 2.886207103729248 -14.679759979248047 -1.9499706029891968 
v 2.8976476192474365 -14.759552955627441 -1.9800935983657837 
v 2.887202024459839 -14.691158294677734 -1.975337266921997 
v 2.8886942863464355 -14.70540714263916 -2.0609500408172607 
v 2.9026217460632324 -14.788050651550293 -2.05777907371521 
v 2.849895715713501 -14.50307559967041 -1.8659433126449585 
v 2.8568594455718994 -14.560070037841797 -1.8865537643432617 
v 2.8573570251464844 -14.551521301269531 -1.859601616859436 
v 2.8618338108062744 -14.599967002868652 -1.8913100957870483 
v 2.8648183345794678 -14.608515739440918 -1.8675287961959839 
v 2.8663103580474854 -14.634163856506348 -1.9039933681488037 
v 2.8712847232818604 -14.665511131286621 -1.8849684000015259 
v 2.8692948818206787 -14.665511131286621 -1.9246039390563965 
v 2.8762588500976562 -14.71110725402832 -1.9135059118270874 
v 2.8712847232818604 -14.679759979248047 -1.9499706029891968 
v 2.8802380561828613 -14.745304107666016 -1.9467997550964355 
v 2.872279405593872 -14.691158294677734 -1.975337266921997 
v 2.882725238800049 -14.762402534484863 -1.9800935983657837 
v 2.8737716674804688 -14.708257675170898 -2.0609500408172607 
v 2.8876993656158447 -14.790900230407715 -2.05777907371521 
v 2.850393056869507 -14.520174026489258 -1.8865537643432617 
v 2.839449882507324 -14.431831359863281 -1.8976517915725708 
v 2.8419370651245117 -14.474577903747559 -1.8992371559143066 
v -2.9098892211914062 -14.708257675170898 -1.9135059118270874 
v -2.9049148559570312 -14.6626615524292 -1.8849684000015259 
v -2.8949663639068604 -14.71110725402832 -1.9135059118270874 
v -2.8899922370910645 -14.665511131286621 -1.8849684000015259 
v -2.8984484672546387 -14.608515739440918 -1.8659433126449585 
v -2.8835256099700928 -14.608515739440918 -1.8675287961959839 
v -2.890986919403076 -14.54867172241211 -1.859601616859436 
v -2.8760643005371094 -14.551521301269531 -1.859601616859436 
v -2.8835256099700928 -14.500225067138672 -1.8643579483032227 
v -2.868602752685547 -14.50307559967041 -1.8659433126449585 
v -2.85815691947937 -14.431831359863281 -1.8976517915725708 
v -2.873079776763916 -14.42898178100586 -1.8976517915725708 
v -2.9138686656951904 -14.742454528808594 -1.9467997550964355 
v -2.8989458084106445 -14.745304107666016 -1.9467997550964355 
v -2.901432991027832 -14.762402534484863 -1.9800935983657837 
v -2.916355848312378 -14.759552955627441 -1.9800935983657837 
v -2.906407117843628 -14.790900230407715 -2.05777907371521 
v -2.921329975128174 -14.788050651550293 -2.05777907371521 
v -2.9074020385742188 -14.70540714263916 -2.0609500408172607 
v -2.905909776687622 -14.691158294677734 -1.975337266921997 
v -2.890986919403076 -14.691158294677734 -1.975337266921997 
v -2.8899922370910645 -14.679759979248047 -1.9499706029891968 
v -2.9049148559570312 -14.679759979248047 -1.9499706029891968 
v -2.888002395629883 -14.665511131286621 -1.9246039390563965 
v -2.9034225940704346 -14.6626615524292 -1.9246039390563965 
v -2.8850178718566895 -14.634163856506348 -1.9039933681488037 
v -2.8999407291412354 -14.631314277648926 -1.9039933681488037 
v -2.8805410861968994 -14.599967002868652 -1.8913100957870483 
v -2.895961284637451 -14.59711742401123 -1.8913100957870483 
v -2.8755667209625244 -14.560070037841797 -1.8865537643432617 
v -2.8904895782470703 -14.557220458984375 -1.8865537643432617 
v -2.869100332260132 -14.520174026489258 -1.8865537643432617 
v -2.8845205307006836 -14.517324447631836 -1.8865537643432617 
v -2.8606441020965576 -14.474577903747559 -1.8992371559143066 
v -2.8755667209625244 -14.471728324890137 -1.8992371559143066 
v -2.892479181289673 -14.708257675170898 -2.0609500408172607 
v -2.8755667209625244 -14.471728324890137 -1.8992371559143066 
v -2.873079776763916 -14.42898178100586 -1.8976517915725708 
v -2.8845205307006836 -14.517324447631836 -1.8865537643432617 
v -2.8835256099700928 -14.500225067138672 -1.8643579483032227 
v -2.8904895782470703 -14.557220458984375 -1.8865537643432617 
v -2.890986919403076 -14.54867172241211 -1.859601616859436 
v -2.895961284637451 -14.59711742401123 -1.8913100957870483 
v -2.8984484672546387 -14.608515739440918 -1.8659433126449585 
v -2.9049148559570312 -14.6626615524292 -1.8849684000015259 
v -2.8999407291412354 -14.631314277648926 -1.9039933681488037 
v -2.9098892211914062 -14.708257675170898 -1.9135059118270874 
v -2.9034225940704346 -14.6626615524292 -1.9246039390563965 
v -2.9138686656951904 -14.742454528808594 -1.9467997550964355 
v -2.9049148559570312 -14.679759979248047 -1.9499706029891968 
v -2.916355848312378 -14.759552955627441 -1.9800935983657837 
v -2.905909776687622 -14.691158294677734 -1.975337266921997 
v -2.9074020385742188 -14.70540714263916 -2.0609500408172607 
v -2.921329975128174 -14.788050651550293 -2.05777907371521 
v -2.868602752685547 -14.50307559967041 -1.8659433126449585 
v -2.8755667209625244 -14.560070037841797 -1.8865537643432617 
v -2.8760643005371094 -14.551521301269531 -1.859601616859436 
v -2.8805410861968994 -14.599967002868652 -1.8913100957870483 
v -2.8835256099700928 -14.608515739440918 -1.8675287961959839 
v -2.8850178718566895 -14.634163856506348 -1.9039933681488037 
v -2.8899922370910645 -14.665511131286621 -1.8849684000015259 
v -2.888002395629883 -14.665511131286621 -1.9246039390563965 
v -2.8949663639068604 -14.71110725402832 -1.9135059118270874 
v -2.8899922370910645 -14.679759979248047 -1.9499706029891968 
v -2.8989458084106445 -14.745304107666016 -1.9467997550964355 
v -2.890986919403076 -14.691158294677734 -1.975337266921997 
v -2.901432991027832 -14.762402534484863 -1.9800935983657837 
v -2.892479181289673 -14.708257675170898 -2.0609500408172607 
v -2.906407117843628 -14.790900230407715 -2.05777907371521 
v -2.869100332260132 -14.520174026489258 -1.8865537643432617 
v -2.85815691947937 -14.431831359863281 -1.8976517915725708 
v -2.8606441020965576 -14.474577903747559 -1.8992371559143066 
v 5.240151882171631 -13.648667335510254 -2.3175833225250244 
v 5.2282819747924805 -13.59377384185791 -2.2921061515808105 
v 5.225543022155762 -13.651717185974121 -2.315763473510742 
v 5.2136735916137695 -13.599873542785645 -2.2902865409851074 
v 5.2136735916137695 -13.535831451416016 -2.288466691970825 
v 5.1990647315979 -13.541930198669434 -2.288466691970825 
v 5.1981520652771 -13.480937957763672 -2.30666446685791 
v 5.1835432052612305 -13.487037658691406 -2.304844856262207 
v 5.1835432052612305 -13.441292762756348 -2.339420795440674 
v 5.1689348220825195 -13.447392463684082 -2.339420795440674 
v 5.152500152587891 -13.40469741821289 -2.3903748989105225 
v 5.167108535766602 -13.398598670959473 -2.3921947479248047 
v 5.250195026397705 -13.691361427307129 -2.3557989597320557 
v 5.235586643218994 -13.697461128234863 -2.3557989597320557 
v 5.241977691650391 -13.727956771850586 -2.4012937545776367 
v 5.25658655166626 -13.721858024597168 -2.40311336517334 
v 5.253847122192383 -13.785900115966797 -2.5195798873901367 
v 5.268455982208252 -13.779800415039062 -2.5195798873901367 
v 5.24289083480835 -13.697461128234863 -2.5159404277801514 
v 5.236499309539795 -13.657815933227539 -2.430410385131836 
v 5.221890926361084 -13.663915634155273 -2.430410385131836 
v 5.218238830566406 -13.64256763458252 -2.3921947479248047 
v 5.232847213745117 -13.636468887329102 -2.394014596939087 
v 5.2136735916137695 -13.615120887756348 -2.357618808746338 
v 5.22736930847168 -13.612071990966797 -2.359438419342041 
v 5.204543113708496 -13.57852554321289 -2.3376009464263916 
v 5.219151973724365 -13.57547664642334 -2.339420795440674 
v 5.195412635803223 -13.5449800491333 -2.3339614868164062 
v 5.210021495819092 -13.538880348205566 -2.3339614868164062 
v 5.1844563484191895 -13.505334854125977 -2.3448801040649414 
v 5.1990647315979 -13.50228500366211 -2.3466999530792236 
v 5.173500061035156 -13.471789360046387 -2.366717576980591 
v 5.188108444213867 -13.465689659118652 -2.366717576980591 
v 5.158891201019287 -13.43519401550293 -2.4103925228118896 
v 5.173500061035156 -13.432144165039062 -2.412212371826172 
v 5.2282819747924805 -13.70051097869873 -2.5159404277801514 
v 5.173500061035156 -13.432144165039062 -2.412212371826172 
v 5.167108535766602 -13.398598670959473 -2.3921947479248047 
v 5.188108444213867 -13.465689659118652 -2.366717576980591 
v 5.1835432052612305 -13.441292762756348 -2.339420795440674 
v 5.1990647315979 -13.50228500366211 -2.3466999530792236 
v 5.1981520652771 -13.480937957763672 -2.30666446685791 
v 5.210021495819092 -13.538880348205566 -2.3339614868164062 
v 5.2136735916137695 -13.535831451416016 -2.288466691970825 
v 5.2282819747924805 -13.59377384185791 -2.2921061515808105 
v 5.219151973724365 -13.57547664642334 -2.339420795440674 
v 5.240151882171631 -13.648667335510254 -2.3175833225250244 
v 5.22736930847168 -13.612071990966797 -2.359438419342041 
v 5.250195026397705 -13.691361427307129 -2.3557989597320557 
v 5.232847213745117 -13.636468887329102 -2.394014596939087 
v 5.25658655166626 -13.721858024597168 -2.40311336517334 
v 5.236499309539795 -13.657815933227539 -2.430410385131836 
v 5.24289083480835 -13.697461128234863 -2.5159404277801514 
v 5.268455982208252 -13.779800415039062 -2.5195798873901367 
v 5.1689348220825195 -13.447392463684082 -2.339420795440674 
v 5.1844563484191895 -13.505334854125977 -2.3448801040649414 
v 5.1835432052612305 -13.487037658691406 -2.304844856262207 
v 5.195412635803223 -13.5449800491333 -2.3339614868164062 
v 5.1990647315979 -13.541930198669434 -2.288466691970825 
v 5.204543113708496 -13.57852554321289 -2.3376009464263916 
v 5.2136735916137695 -13.599873542785645 -2.2902865409851074 
v 5.2136735916137695 -13.615120887756348 -2.357618808746338 
v 5.225543022155762 -13.651717185974121 -2.315763473510742 
v 5.218238830566406 -13.64256763458252 -2.3921947479248047 
v 5.235586643218994 -13.697461128234863 -2.3557989597320557 
v 5.221890926361084 -13.663915634155273 -2.430410385131836 
v 5.241977691650391 -13.727956771850586 -2.4012937545776367 
v 5.2282819747924805 -13.70051097869873 -2.5159404277801514 
v 5.253847122192383 -13.785900115966797 -2.5195798873901367 
v 5.173500061035156 -13.471789360046387 -2.366717576980591 
v 5.152500152587891 -13.40469741821289 -2.3903748989105225 
v 5.158891201019287 -13.43519401550293 -2.4103925228118896 
v -5.258865833282471 -13.648667335510254 -2.3175833225250244 
v -5.24699592590332 -13.59377384185791 -2.2921061515808105 
v -5.244256973266602 -13.651717185974121 -2.315763473510742 
v -5.232387542724609 -13.599873542785645 -2.2902865409851074 
v -5.232387542724609 -13.535831451416016 -2.288466691970825 
v -5.21777868270874 -13.541930198669434 -2.288466691970825 
v -5.216865539550781 -13.480937957763672 -2.30666446685791 
v -5.20225715637207 -13.487037658691406 -2.304844856262207 
v -5.20225715637207 -13.441292762756348 -2.339420795440674 
v -5.187648296356201 -13.447392463684082 -2.339420795440674 
v -5.171213626861572 -13.40469741821289 -2.3903748989105225 
v -5.185822486877441 -13.398598670959473 -2.3921947479248047 
v -5.268908977508545 -13.691361427307129 -2.3557989597320557 
v -5.254300594329834 -13.697461128234863 -2.3557989597320557 
v -5.2606916427612305 -13.727956771850586 -2.4012937545776367 
v -5.2753005027771 -13.721858024597168 -2.40311336517334 
v -5.272561550140381 -13.785900115966797 -2.5195798873901367 
v -5.287169933319092 -13.779800415039062 -2.5195798873901367 
v -5.2616047859191895 -13.697461128234863 -2.5159404277801514 
v -5.255213737487793 -13.657815933227539 -2.430410385131836 
v -5.240604877471924 -13.663915634155273 -2.430410385131836 
v -5.236952781677246 -13.64256763458252 -2.3921947479248047 
v -5.251561164855957 -13.636468887329102 -2.394014596939087 
v -5.232387542724609 -13.615120887756348 -2.357618808746338 
v -5.2460832595825195 -13.612071990966797 -2.359438419342041 
v -5.223257064819336 -13.57852554321289 -2.3376009464263916 
v -5.237865924835205 -13.57547664642334 -2.339420795440674 
v -5.2141265869140625 -13.5449800491333 -2.3339614868164062 
v -5.228735446929932 -13.538880348205566 -2.3339614868164062 
v -5.203170299530029 -13.505334854125977 -2.3448801040649414 
v -5.21777868270874 -13.50228500366211 -2.3466999530792236 
v -5.192213535308838 -13.471789360046387 -2.366717576980591 
v -5.206822395324707 -13.465689659118652 -2.366717576980591 
v -5.177605152130127 -13.43519401550293 -2.4103925228118896 
v -5.192213535308838 -13.432144165039062 -2.412212371826172 
v -5.24699592590332 -13.70051097869873 -2.5159404277801514 
v -5.192213535308838 -13.432144165039062 -2.412212371826172 
v -5.185822486877441 -13.398598670959473 -2.3921947479248047 
v -5.206822395324707 -13.465689659118652 -2.366717576980591 
v -5.20225715637207 -13.441292762756348 -2.339420795440674 
v -5.21777868270874 -13.50228500366211 -2.3466999530792236 
v -5.216865539550781 -13.480937957763672 -2.30666446685791 
v -5.228735446929932 -13.538880348205566 -2.3339614868164062 
v -5.232387542724609 -13.535831451416016 -2.288466691970825 
v -5.24699592590332 -13.59377384185791 -2.2921061515808105 
v -5.237865924835205 -13.57547664642334 -2.339420795440674 
v -5.258865833282471 -13.648667335510254 -2.3175833225250244 
v -5.2460832595825195 -13.612071990966797 -2.359438419342041 
v -5.268908977508545 -13.691361427307129 -2.3557989597320557 
v -5.251561164855957 -13.636468887329102 -2.394014596939087 
v -5.2753005027771 -13.721858024597168 -2.40311336517334 
v -5.255213737487793 -13.657815933227539 -2.430410385131836 
v -5.2616047859191895 -13.697461128234863 -2.5159404277801514 
v -5.287169933319092 -13.779800415039062 -2.5195798873901367 
v -5.187648296356201 -13.447392463684082 -2.339420795440674 
v -5.203170299530029 -13.505334854125977 -2.3448801040649414 
v -5.20225715637207 -13.487037658691406 -2.304844856262207 
v -5.2141265869140625 -13.5449800491333 -2.3339614868164062 
v -5.21777868270874 -13.541930198669434 -2.288466691970825 
v -5.223257064819336 -13.57852554321289 -2.3376009464263916 
v -5.232387542724609 -13.599873542785645 -2.2902865409851074 
v -5.232387542724609 -13.615120887756348 -2.357618808746338 
v -5.244256973266602 -13.651717185974121 -2.315763473510742 
v -5.236952781677246 -13.64256763458252 -2.3921947479248047 
v -5.254300594329834 -13.697461128234863 -2.3557989597320557 
v -5.240604877471924 -13.663915634155273 -2.430410385131836 
v -5.2606916427612305 -13.727956771850586 -2.4012937545776367 
v -5.24699592590332 -13.70051097869873 -2.5159404277801514 
v -5.272561550140381 -13.785900115966797 -2.5195798873901367 
v -5.192213535308838 -13.471789360046387 -2.366717576980591 
v -5.171213626861572 -13.40469741821289 -2.3903748989105225 
v -5.177605152130127 -13.43519401550293 -2.4103925228118896 
v 4.0162577629089355 -14.099401473999023 -2.048060894012451 
v 4.0096845626831055 -14.051685333251953 -2.025479555130005 
v 4.001318454742432 -14.102384567260742 -2.048060894012451 
v 3.9947450160980225 -14.054667472839355 -2.025479555130005 
v 4.000720977783203 -13.99203872680664 -2.014941692352295 
v 3.98578143119812 -13.998003959655762 -2.014941692352295 
v 3.991159677505493 -13.935375213623047 -2.016447067260742 
v 3.9762203693389893 -13.93835735321045 -2.016447067260742 
v 3.981598377227783 -13.88765811920166 -2.0284905433654785 
v 3.967256546020508 -13.890641212463379 -2.0284905433654785 
v 3.9541099071502686 -13.825030326843262 -2.06913685798645 
v 3.9690494537353516 -13.82204818725586 -2.06913685798645 
v 4.02103853225708 -14.138172149658203 -2.0766639709472656 
v 4.006099224090576 -14.141154289245605 -2.0766639709472656 
v 4.009087085723877 -14.162030220031738 -2.1067721843719482 
v 4.024026393890381 -14.159048080444336 -2.1067721843719482 
v 4.0150628089904785 -14.200799942016602 -2.206130027770996 
v 4.030002117156982 -14.1978178024292 -2.206130027770996 
v 4.013269901275635 -14.117295265197754 -2.1940865516662598 
v 4.011476993560791 -14.090455055236816 -2.111288547515869 
v 3.996537923812866 -14.093437194824219 -2.111288547515869 
v 3.9947450160980225 -14.07852554321289 -2.088707208633423 
v 4.0096845626831055 -14.075543403625488 -2.088707208633423 
v 3.9923548698425293 -14.057649612426758 -2.0646204948425293 
v 4.007294178009033 -14.054667472839355 -2.0646204948425293 
v 3.9881718158721924 -14.0248441696167 -2.048060894012451 
v 4.003111362457275 -14.021862030029297 -2.048060894012451 
v 3.9827935695648193 -13.99203872680664 -2.0405337810516357 
v 3.9977328777313232 -13.986074447631836 -2.0405337810516357 
v 3.9762203693389893 -13.950286865234375 -2.0405337810516357 
v 3.991159677505493 -13.947304725646973 -2.0405337810516357 
v 3.968451738357544 -13.911517143249512 -2.046555519104004 
v 3.983391284942627 -13.90853500366211 -2.046555519104004 
v 3.9582929611206055 -13.866782188415527 -2.0646204948425293 
v 3.9732325077056885 -13.863800048828125 -2.0646204948425293 
v 3.998330593109131 -14.120278358459473 -2.1940865516662598 
v 3.9732325077056885 -13.863800048828125 -2.0646204948425293 
v 3.9690494537353516 -13.82204818725586 -2.06913685798645 
v 3.983391284942627 -13.90853500366211 -2.046555519104004 
v 3.981598377227783 -13.88765811920166 -2.0284905433654785 
v 3.991159677505493 -13.947304725646973 -2.0405337810516357 
v 3.991159677505493 -13.935375213623047 -2.016447067260742 
v 3.9977328777313232 -13.986074447631836 -2.0405337810516357 
v 4.000720977783203 -13.99203872680664 -2.014941692352295 
v 4.0096845626831055 -14.051685333251953 -2.025479555130005 
v 4.003111362457275 -14.021862030029297 -2.048060894012451 
v 4.0162577629089355 -14.099401473999023 -2.048060894012451 
v 4.007294178009033 -14.054667472839355 -2.0646204948425293 
v 4.02103853225708 -14.138172149658203 -2.0766639709472656 
v 4.0096845626831055 -14.075543403625488 -2.088707208633423 
v 4.024026393890381 -14.159048080444336 -2.1067721843719482 
v 4.011476993560791 -14.090455055236816 -2.111288547515869 
v 4.013269901275635 -14.117295265197754 -2.1940865516662598 
v 4.030002117156982 -14.1978178024292 -2.206130027770996 
v 3.967256546020508 -13.890641212463379 -2.0284905433654785 
v 3.9762203693389893 -13.950286865234375 -2.0405337810516357 
v 3.9762203693389893 -13.93835735321045 -2.016447067260742 
v 3.9827935695648193 -13.99203872680664 -2.0405337810516357 
v 3.98578143119812 -13.998003959655762 -2.014941692352295 
v 3.9881718158721924 -14.0248441696167 -2.048060894012451 
v 3.9947450160980225 -14.054667472839355 -2.025479555130005 
v 3.9923548698425293 -14.057649612426758 -2.0646204948425293 
v 4.001318454742432 -14.102384567260742 -2.048060894012451 
v 3.9947450160980225 -14.07852554321289 -2.088707208633423 
v 4.006099224090576 -14.141154289245605 -2.0766639709472656 
v 3.996537923812866 -14.093437194824219 -2.111288547515869 
v 4.009087085723877 -14.162030220031738 -2.1067721843719482 
v 3.998330593109131 -14.120278358459473 -2.1940865516662598 
v 4.0150628089904785 -14.200799942016602 -2.206130027770996 
v 3.968451738357544 -13.911517143249512 -2.046555519104004 
v 3.9541099071502686 -13.825030326843262 -2.06913685798645 
v 3.9582929611206055 -13.866782188415527 -2.0646204948425293 
vn -0.1120307520031929 -0.49567338824272156 0.8612531423568726 
vn -0.06514663249254227 -0.2854260504245758 0.9561840295791626 
vn -0.11579947173595428 -0.50251305103302 0.8567795157432556 
vn -0.06700348109006882 -0.2935614287853241 0.953589141368866 
vn -0.023577047511935234 -0.07494699954986572 0.9969087839126587 
vn -0.025556590408086777 -0.0834510326385498 0.9961841106414795 
vn 0.025957101956009865 0.1281033456325531 0.991421103477478 
vn 0.020318694412708282 0.12472940236330032 0.9919826984405518 
vn 0.08024106919765472 0.3829282224178314 0.9202865362167358 
vn 0.08038479834794998 0.37878456711769104 0.9219872951507568 
vn 0.11019065231084824 0.519009530544281 0.8476362228393555 
vn 0.11019065231084824 0.519009530544281 0.8476362228393555 
vn -0.1533152312040329 -0.6910765171051025 0.7063339352607727 
vn -0.15888531506061554 -0.6961221098899841 0.7001210451126099 
vn -0.19267861545085907 -0.8538671731948853 0.4835140109062195 
vn -0.1890496164560318 -0.8525055646896362 0.48733407258987427 
vn -0.19840656220912933 -0.9128668904304504 0.3568037748336792 
vn -0.19840656220912933 -0.9128668904304504 0.3568037748336792 
vn 0.20429770648479462 0.926618754863739 -0.31565824151039124 
vn 0.19667279720306396 0.8834988474845886 -0.42514660954475403 
vn 0.20024339854717255 0.8845922350883484 -0.42118772864341736 
vn 0.1759863942861557 0.7904323935508728 -0.5867242813110352 
vn 0.1743072271347046 0.7855216860771179 -0.5937783122062683 
vn 0.1386852264404297 0.6076197028160095 -0.7820260524749756 
vn 0.13485069572925568 0.5908194780349731 -0.7954543828964233 
vn 0.07673384249210358 0.333769291639328 -0.9395264387130737 
vn 0.07858064770698547 0.3248848617076874 -0.9424833655357361 
vn 0.026279127225279808 0.11027190089225769 -0.9935539960861206 
vn 0.02800307609140873 0.10085796564817429 -0.9945066571235657 
vn -0.013227474875748158 -0.07744652032852173 -0.9969087839126587 
vn -0.013158450834453106 -0.08187244832515717 -0.9965559244155884 
vn -0.05439188331365585 -0.2577109634876251 -0.9646899104118347 
vn -0.05439188331365585 -0.2577109634876251 -0.9646899104118347 
vn -0.08241555094718933 -0.36593571305274963 -0.926983654499054 
vn -0.08241555094718933 -0.36593571305274963 -0.926983654499054 
vn 0.20429770648479462 0.926618754863739 -0.31565824151039124 
vn -0.9808258414268494 0.12421143800020218 -0.15017375349998474 
vn -0.9808258414268494 0.12421143800020218 -0.15017375349998474 
vn -0.9801498055458069 0.1579165905714035 -0.11986933648586273 
vn -0.9813116192817688 0.13918480277061462 -0.1328723281621933 
vn -0.9813355803489685 0.16536776721477509 -0.0981530249118805 
vn -0.9813355803489685 0.16536776721477509 -0.0981530249118805 
vn -0.9831728935241699 0.1616448014974594 -0.08510008454322815 
vn -0.9831728935241699 0.1616448014974594 -0.08510008454322815 
vn -0.9839031100273132 0.1653934121131897 -0.06767380982637405 
vn -0.9836021065711975 0.16534282267093658 -0.07203252613544464 
vn -0.9840944409370422 0.16905046999454498 -0.05459024757146835 
vn -0.9838499426841736 0.16900847852230072 -0.058952588587999344 
vn -0.9841046929359436 0.17267289757728577 -0.04149730131030083 
vn -0.9845269918441772 0.1691247820854187 -0.04586252197623253 
vn -0.9817032217979431 0.1875772625207901 -0.03276457265019417 
vn -0.9830917716026306 0.18015825748443604 -0.03276457265019417 
vn -0.9803897738456726 0.19501164555549622 -0.028397228568792343 
vn -0.9803897738456726 0.19501164555549622 -0.028397228568792343 
vn 0.9807745218276978 -0.1429205983877182 0.1328723281621933 
vn 0.9817823767662048 -0.16523975133895874 0.09380380809307098 
vn 0.9813355803489685 -0.16536776721477509 0.0981530249118805 
vn 0.982553243637085 -0.16536948084831238 0.08510008454322815 
vn 0.982553243637085 -0.16536948084831238 0.08510008454322815 
vn 0.9836021065711975 -0.16534282267093658 0.07203252613544464 
vn 0.9839031100273132 -0.1653934121131897 0.06767380982637405 
vn 0.9844818711280823 -0.1652878373861313 0.058952588587999344 
vn 0.9847264885902405 -0.16532890498638153 0.05459024757146835 
vn 0.9838805794715881 -0.17284557223320007 0.04586252197623253 
vn 0.9841046929359436 -0.17267289757728577 0.04149730131030083 
vn 0.9830917716026306 -0.18015825748443604 0.03276457265019417 
vn 0.9818344712257385 -0.18760234117507935 0.028397228568792343 
vn 0.9803897738456726 -0.19501164555549622 0.028397228568792343 
vn 0.9803897738456726 -0.19501164555549622 0.028397228568792343 
vn 0.9801498055458069 -0.1579165905714035 0.11986933648586273 
vn 0.9812928438186646 -0.12046648561954498 0.15017375349998474 
vn 0.9812928438186646 -0.12046648561954498 0.15017375349998474 
vn 0.2465713620185852 -0.48226508498191833 0.8406086564064026 
vn 0.26523229479789734 -0.5972650647163391 0.7569189071655273 
vn 0.24246802926063538 -0.4551243484020233 0.8567795157432556 
vn 0.2635841369628906 -0.5870738625526428 0.7654199600219727 
vn 0.2842395305633545 -0.7527517676353455 0.5937783122062683 
vn 0.2818542420864105 -0.7309250831604004 0.6215357780456543 
vn 0.29257896542549133 -0.8565325140953064 0.42514660954475403 
vn 0.20989637076854706 -0.30103620886802673 0.9302261471748352 
vn 0.20673899352550507 -0.2781643867492676 0.9380210638046265 
vn 0.16206713020801544 -0.0928502231836319 0.9824016690254211 
vn 0.1627831906080246 -0.07247574627399445 0.9839963912963867 
vn 0.1016019880771637 0.14111627638339996 0.9847655892372131 
vn 0.1074007973074913 0.13123787939548492 0.9855159521102905 
vn 0.03562059998512268 0.3652539551258087 0.9302261471748352 
vn 0.03196292370557785 0.3737373948097229 0.926983654499054 
vn -0.04896553233265877 0.6005391478538513 0.7980946898460388 
vn -0.052652131766080856 0.6210177540779114 0.7820260524749756 
vn -0.09205364435911179 0.7172568440437317 0.6907016038894653 
vn -0.09205364435911179 0.7172568440437317 0.6907016038894653 
vn -0.04716966301202774 -0.31839534640312195 -0.946783721446991 
vn -0.10668130218982697 -0.11471006274223328 -0.9876541495323181 
vn -0.11166822165250778 -0.10361296683549881 -0.9883291721343994 
vn -0.16673976182937622 0.11739516258239746 -0.9789873361587524 
vn -0.1732899248600006 0.1371542513370514 -0.9752739667892456 
vn -0.22878199815750122 0.3559917211532593 -0.9060511589050293 
vn -0.23574717342853546 0.3932054936885834 -0.888714075088501 
vn -0.25961050391197205 0.5552474856376648 -0.790128231048584 
vn -0.26188403367996216 0.5693113803863525 -0.7792953848838806 
vn -0.27006015181541443 0.6235964894294739 -0.7336177229881287 
vn -0.27554190158843994 0.6281722187995911 -0.7276512384414673 
vn -0.2881159484386444 0.7400197982788086 -0.607749879360199 
vn -0.28443771600723267 0.7581884860992432 -0.5867242813110352 
vn -0.29131168127059937 0.8549929261207581 -0.42909738421440125 
vn -0.2875881493091583 0.8582210540771484 -0.42514660954475403 
vn -0.2894752323627472 0.8762540817260742 -0.3852050006389618 
vn -0.2894752323627472 0.8762540817260742 -0.3852050006389618 
vn -0.05268925055861473 -0.3133313059806824 -0.9481810927391052 
vn 0.024559445679187775 -0.5300091505050659 -0.8476362228393555 
vn 0.01887235976755619 -0.5115864276885986 -0.8590245246887207 
vn 0.06601445376873016 -0.6401362419128418 -0.7654199600219727 
vn 0.06601445376873016 -0.6401362419128418 -0.7654199600219727 
vn 0.8626415133476257 0.13548126816749573 -0.48733407258987427 
vn 0.8644724488258362 0.15029960870742798 -0.4796847105026245 
vn 0.8644724488258362 0.15029960870742798 -0.4796847105026245 
vn 0.8673543334007263 0.15784049034118652 -0.4719987213611603 
vn 0.8673543334007263 0.15784049034118652 -0.4719987213611603 
vn 0.8701574802398682 0.1651458442211151 -0.4642767012119293 
vn 0.8701574802398682 0.1651458442211151 -0.4642767012119293 
vn 0.8707453012466431 0.17272038757801056 -0.46040233969688416 
vn 0.8707453012466431 0.17272038757801056 -0.46040233969688416 
vn 0.8692432045936584 0.18012739717960358 -0.46040233969688416 
vn 0.8692432045936584 0.18012739717960358 -0.46040233969688416 
vn 0.8876696228981018 0.19485747814178467 -0.417220801115036 
vn 0.9038134217262268 0.20960897207260132 -0.37307560443878174 
vn 0.9251424074172974 0.21696434915065765 -0.31150925159454346 
vn 0.933152437210083 0.21713629364967346 -0.2864931523799896 
vn 0.962407112121582 0.2171737551689148 -0.16312000155448914 
vn 0.9539226293563843 0.20970773696899414 -0.21460255980491638 
vn 0.970239520072937 0.2172999531030655 -0.10684575140476227 
vn 0.970239520072937 0.2172999531030655 -0.10684575140476227 
vn 0.8648571968078613 0.12053021788597107 -0.48733407258987427 
vn 0.8655554056167603 0.09793165326118469 -0.4911448359489441 
vn 0.8655554056167603 0.09793165326118469 -0.4911448359489441 
vn -0.9702972769737244 -0.2170417606830597 0.10684575140476227 
vn -0.963231086730957 -0.21348948776721954 0.16312000155448914 
vn -0.9702972769737244 -0.2170417606830597 0.10684575140476227 
vn -0.9531051516532898 -0.21339230239391327 0.21460255980491638 
vn -0.9332146048545837 -0.21686895191669464 0.2864931523799896 
vn -0.9237452149391174 -0.216920867562294 0.31565824151039124 
vn -0.9030168652534485 -0.21301425993442535 0.37307560443878174 
vn -0.8869099617004395 -0.1982865035533905 0.417220801115036 
vn -0.8700498938560486 -0.17618994414806366 0.46040233969688416 
vn -0.8700498938560486 -0.17618994414806366 0.46040233969688416 
vn -0.8715164065361023 -0.16878625750541687 0.46040233969688416 
vn -0.8687637448310852 -0.17232733964920044 0.4642767012119293 
vn -0.8701993823051453 -0.16492469608783722 0.4642767012119293 
vn -0.8701993823051453 -0.16492469608783722 0.4642767012119293 
vn -0.8673930168151855 -0.15762777626514435 0.4719987213611603 
vn -0.8673930168151855 -0.15762777626514435 0.4719987213611603 
vn -0.8638547658920288 -0.15381000936031342 0.4796847105026245 
vn -0.8652783036231995 -0.15768253803253174 0.4758462607860565 
vn -0.8653922080993652 -0.11662695556879044 0.48733407258987427 
vn -0.8632470965385437 -0.13156729936599731 0.48733407258987427 
vn -0.86512291431427 -0.10168137401342392 0.4911448359489441 
vn -0.86512291431427 -0.10168137401342392 0.4911448359489441 
vn 0.28915148973464966 -0.8557259440422058 0.42909738421440125 
vn 0.2894752323627472 -0.8762540817260742 0.3852050006389618 
vn 0.2894752323627472 -0.8762540817260742 0.3852050006389618 
vn -0.13916100561618805 -0.00754509074613452 -0.9902410507202148 
vn -0.13916100561618805 -0.00754509074613452 -0.9902410507202148 
vn -0.13916100561618805 -0.00754509074613452 -0.9902410507202148 
vn -0.13916100561618805 -0.00754509074613452 -0.9902410507202148 
vn -0.2465713620185852 -0.48226508498191833 0.8406086564064026 
vn -0.2686707377433777 -0.5957262516021729 0.7569189071655273 
vn -0.24246802926063538 -0.4551243484020233 0.8567795157432556 
vn -0.2635841369628906 -0.5870738625526428 0.7654199600219727 
vn -0.2842395305633545 -0.7527517676353455 0.5937783122062683 
vn -0.2853674590587616 -0.7295606136322021 0.6215357780456543 
vn -0.29257896542549133 -0.8565325140953064 0.42514660954475403 
vn -0.21296589076519012 -0.29887256026268005 0.9302261471748352 
vn -0.20673899352550507 -0.2781643867492676 0.9380210638046265 
vn -0.16389250755310059 -0.08958885818719864 0.9824016690254211 
vn -0.1627831906080246 -0.07247574627399445 0.9839963912963867 
vn -0.1016019880771637 0.14111627638339996 0.9847655892372131 
vn -0.1074007973074913 0.13123787939548492 0.9855159521102905 
vn -0.03188108280301094 0.3655993342399597 0.9302261471748352 
vn -0.03571246936917305 0.3733977675437927 0.926983654499054 
vn 0.04896553233265877 0.6005391478538513 0.7980946898460388 
vn 0.052652131766080856 0.6210177540779114 0.7820260524749756 
vn 0.09578923881053925 0.7167675495147705 0.6907016038894653 
vn 0.09578923881053925 0.7167675495147705 0.6907016038894653 
vn 0.05091263726353645 -0.3178183138370514 -0.946783721446991 
vn 0.10668130218982697 -0.11471006274223328 -0.9876541495323181 
vn 0.11166822165250778 -0.10361296683549881 -0.9883291721343994 
vn 0.16889311373233795 0.1142754852771759 -0.9789873361587524 
vn 0.17561882734298706 0.13415929675102234 -0.9752739667892456 
vn 0.22878199815750122 0.3559917211532593 -0.9060511589050293 
vn 0.2324969619512558 0.3951359987258911 -0.888714075088501 
vn 0.25961050391197205 0.5552474856376648 -0.790128231048584 
vn 0.26531216502189636 0.5677219033241272 -0.7792953848838806 
vn 0.27352336049079895 0.6220852136611938 -0.7336177229881287 
vn 0.27554190158843994 0.6281722187995911 -0.7276512384414673 
vn 0.2881159484386444 0.7400197982788086 -0.607749879360199 
vn 0.28443771600723267 0.7581884860992432 -0.5867242813110352 
vn 0.2877325415611267 0.856204092502594 -0.42909738421440125 
vn 0.291166216135025 0.8570137619972229 -0.42514660954475403 
vn 0.2894752323627472 0.8762540817260742 -0.3852050006389618 
vn 0.2894752323627472 0.8762540817260742 -0.3852050006389618 
vn 0.05268925055861473 -0.3133313059806824 -0.9481810927391052 
vn -0.020783178508281708 -0.5301706194877625 -0.8476362228393555 
vn -0.01887235976755619 -0.5115864276885986 -0.8590245246887207 
vn -0.062254372984170914 -0.6405128240585327 -0.7654199600219727 
vn -0.062254372984170914 -0.6405128240585327 -0.7654199600219727 
vn -0.8626415133476257 0.13548126816749573 -0.48733407258987427 
vn -0.8644724488258362 0.15029960870742798 -0.4796847105026245 
vn -0.8644724488258362 0.15029960870742798 -0.4796847105026245 
vn -0.8680228590965271 0.15412162244319916 -0.4719987213611603 
vn -0.8680228590965271 0.15412162244319916 -0.4719987213611603 
vn -0.8708534836769104 0.16143515706062317 -0.4642767012119293 
vn -0.8708534836769104 0.16143515706062317 -0.4642767012119293 
vn -0.8707453012466431 0.17272038757801056 -0.46040233969688416 
vn -0.8707453012466431 0.17272038757801056 -0.46040233969688416 
vn -0.8692432045936584 0.18012739717960358 -0.46040233969688416 
vn -0.8692432045936584 0.18012739717960358 -0.46040233969688416 
vn -0.8876696228981018 0.19485747814178467 -0.417220801115036 
vn -0.9038134217262268 0.20960897207260132 -0.37307560443878174 
vn -0.9242733716964722 0.2206369936466217 -0.31150925159454346 
vn -0.934001088142395 0.21345634758472443 -0.2864931523799896 
vn -0.963231086730957 0.21348948776721954 -0.16312000155448914 
vn -0.9531051516532898 0.21339230239391327 -0.21460255980491638 
vn -0.9710580110549927 0.2136126607656479 -0.10684575140476227 
vn -0.9710580110549927 0.2136126607656479 -0.10684575140476227 
vn -0.8648571968078613 0.12053021788597107 -0.48733407258987427 
vn -0.8659716248512268 0.09418009221553802 -0.4911448359489441 
vn -0.8659716248512268 0.09418009221553802 -0.4911448359489441 
vn 0.9702972769737244 -0.2170417606830597 0.10684575140476227 
vn 0.962407112121582 -0.2171737551689148 0.16312000155448914 
vn 0.9702972769737244 -0.2170417606830597 0.10684575140476227 
vn 0.9539226293563843 -0.20970773696899414 0.21460255980491638 
vn 0.9332146048545837 -0.21686895191669464 0.2864931523799896 
vn 0.9237452149391174 -0.216920867562294 0.31565824151039124 
vn 0.9038751721382141 -0.20934250950813293 0.37307560443878174 
vn 0.8877252340316772 -0.1946040838956833 0.417220801115036 
vn 0.8692929744720459 -0.17988704144954681 0.46040233969688416 
vn 0.8692929744720459 -0.17988704144954681 0.46040233969688416 
vn 0.8707910180091858 -0.17248965799808502 0.46040233969688416 
vn 0.8687637448310852 -0.17232733964920044 0.4642767012119293 
vn 0.8701993823051453 -0.16492469608783722 0.4642767012119293 
vn 0.8701993823051453 -0.16492469608783722 0.4642767012119293 
vn 0.8673930168151855 -0.15762777626514435 0.4719987213611603 
vn 0.8673930168151855 -0.15762777626514435 0.4719987213611603 
vn 0.864507794380188 -0.15009604394435883 0.4796847105026245 
vn 0.8652783036231995 -0.15768253803253174 0.4758462607860565 
vn 0.8648801445960999 -0.12036548554897308 0.48733407258987427 
vn 0.8626704812049866 -0.13529641926288605 0.48733407258987427 
vn 0.8655554056167603 -0.09793165326118469 0.4911448359489441 
vn 0.8655554056167603 -0.09793165326118469 0.4911448359489441 
vn -0.28915148973464966 -0.8557259440422058 0.42909738421440125 
vn -0.2894752323627472 -0.8762540817260742 0.3852050006389618 
vn -0.2894752323627472 -0.8762540817260742 0.3852050006389618 
vn 0.13916100561618805 -0.00754509074613452 -0.9902410507202148 
vn 0.13916100561618805 -0.00754509074613452 -0.9902410507202148 
vn 0.13916100561618805 -0.00754509074613452 -0.9902410507202148 
vn 0.13916100561618805 -0.00754509074613452 -0.9902410507202148 
vn -0.2465713620185852 -0.48226508498191833 0.8406086564064026 
vn -0.2686707377433777 -0.5957262516021729 0.7569189071655273 
vn -0.24246802926063538 -0.4551243484020233 0.8567795157432556 
vn -0.2635841369628906 -0.5870738625526428 0.7654199600219727 
vn -0.2842395305633545 -0.7527517676353455 0.5937783122062683 
vn -0.2853674590587616 -0.7295606136322021 0.6215357780456543 
vn -0.29257896542549133 -0.8565325140953064 0.42514660954475403 
vn -0.21296589076519012 -0.29887256026268005 0.9302261471748352 
vn -0.20673899352550507 -0.2781643867492676 0.9380210638046265 
vn -0.16389250755310059 -0.08958885818719864 0.9824016690254211 
vn -0.1627831906080246 -0.07247574627399445 0.9839963912963867 
vn -0.1016019880771637 0.14111627638339996 0.9847655892372131 
vn -0.1074007973074913 0.13123787939548492 0.9855159521102905 
vn -0.03188108280301094 0.3655993342399597 0.9302261471748352 
vn -0.03571246936917305 0.3733977675437927 0.926983654499054 
vn 0.04896553233265877 0.6005391478538513 0.7980946898460388 
vn 0.052652131766080856 0.6210177540779114 0.7820260524749756 
vn 0.09578923881053925 0.7167675495147705 0.6907016038894653 
vn 0.09578923881053925 0.7167675495147705 0.6907016038894653 
vn 0.05091263726353645 -0.3178183138370514 -0.946783721446991 
vn 0.10668130218982697 -0.11471006274223328 -0.9876541495323181 
vn 0.11166822165250778 -0.10361296683549881 -0.9883291721343994 
vn 0.16889311373233795 0.1142754852771759 -0.9789873361587524 
vn 0.17561882734298706 0.13415929675102234 -0.9752739667892456 
vn 0.22878199815750122 0.3559917211532593 -0.9060511589050293 
vn 0.2324969619512558 0.3951359987258911 -0.888714075088501 
vn 0.25961050391197205 0.5552474856376648 -0.790128231048584 
vn 0.26531216502189636 0.5677219033241272 -0.7792953848838806 
vn 0.27352336049079895 0.6220852136611938 -0.7336177229881287 
vn 0.2686008810997009 0.6311713457107544 -0.7276512384414673 
vn 0.2881159484386444 0.7400197982788086 -0.607749879360199 
vn 0.28443771600723267 0.7581884860992432 -0.5867242813110352 
vn 0.2877325415611267 0.856204092502594 -0.42909738421440125 
vn 0.291166216135025 0.8570137619972229 -0.42514660954475403 
vn 0.2894752323627472 0.8762540817260742 -0.3852050006389618 
vn 0.2894752323627472 0.8762540817260742 -0.3852050006389618 
vn 0.05268925055861473 -0.3133313059806824 -0.9481810927391052 
vn -0.020783178508281708 -0.5301706194877625 -0.8476362228393555 
vn -0.01887235976755619 -0.5115864276885986 -0.8590245246887207 
vn -0.062254372984170914 -0.6405128240585327 -0.7654199600219727 
vn -0.062254372984170914 -0.6405128240585327 -0.7654199600219727 
vn -0.8626415133476257 0.13548126816749573 -0.48733407258987427 
vn -0.8644724488258362 0.15029960870742798 -0.4796847105026245 
vn -0.8644724488258362 0.15029960870742798 -0.4796847105026245 
vn -0.8680228590965271 0.15412162244319916 -0.4719987213611603 
vn -0.8680228590965271 0.15412162244319916 -0.4719987213611603 
vn -0.8708534836769104 0.16143515706062317 -0.4642767012119293 
vn -0.8708534836769104 0.16143515706062317 -0.4642767012119293 
vn -0.8707453012466431 0.17272038757801056 -0.46040233969688416 
vn -0.8707453012466431 0.17272038757801056 -0.46040233969688416 
vn -0.8692432045936584 0.18012739717960358 -0.46040233969688416 
vn -0.8692432045936584 0.18012739717960358 -0.46040233969688416 
vn -0.8876696228981018 0.19485747814178467 -0.417220801115036 
vn -0.9038134217262268 0.20960897207260132 -0.37307560443878174 
vn -0.9242733716964722 0.2206369936466217 -0.31150925159454346 
vn -0.934001088142395 0.21345634758472443 -0.2864931523799896 
vn -0.963231086730957 0.21348948776721954 -0.16312000155448914 
vn -0.9531051516532898 0.21339230239391327 -0.21460255980491638 
vn -0.9710580110549927 0.2136126607656479 -0.10684575140476227 
vn -0.9710580110549927 0.2136126607656479 -0.10684575140476227 
vn -0.8648571968078613 0.12053021788597107 -0.48733407258987427 
vn -0.8659716248512268 0.09418009221553802 -0.4911448359489441 
vn -0.8659716248512268 0.09418009221553802 -0.4911448359489441 
vn 0.9702972769737244 -0.2170417606830597 0.10684575140476227 
vn 0.962407112121582 -0.2171737551689148 0.16312000155448914 
vn 0.9702972769737244 -0.2170417606830597 0.10684575140476227 
vn 0.9539226293563843 -0.20970773696899414 0.21460255980491638 
vn 0.9332146048545837 -0.21686895191669464 0.2864931523799896 
vn 0.9237452149391174 -0.216920867562294 0.31565824151039124 
vn 0.9038751721382141 -0.20934250950813293 0.37307560443878174 
vn 0.8877252340316772 -0.1946040838956833 0.417220801115036 
vn 0.8692929744720459 -0.17988704144954681 0.46040233969688416 
vn 0.8692929744720459 -0.17988704144954681 0.46040233969688416 
vn 0.8707910180091858 -0.17248965799808502 0.46040233969688416 
vn 0.8687637448310852 -0.17232733964920044 0.4642767012119293 
vn 0.8701993823051453 -0.16492469608783722 0.4642767012119293 
vn 0.8701993823051453 -0.16492469608783722 0.4642767012119293 
vn 0.8673930168151855 -0.15762777626514435 0.4719987213611603 
vn 0.8673930168151855 -0.15762777626514435 0.4719987213611603 
vn 0.864507794380188 -0.15009604394435883 0.4796847105026245 
vn 0.8652783036231995 -0.15768253803253174 0.4758462607860565 
vn 0.8648801445960999 -0.12036548554897308 0.48733407258987427 
vn 0.8626704812049866 -0.13529641926288605 0.48733407258987427 
vn 0.8655554056167603 -0.09793165326118469 0.4911448359489441 
vn 0.8655554056167603 -0.09793165326118469 0.4911448359489441 
vn -0.28915148973464966 -0.8557259440422058 0.42909738421440125 
vn -0.2894752323627472 -0.8762540817260742 0.3852050006389618 
vn -0.2894752323627472 -0.8762540817260742 0.3852050006389618 
vn 0.13916100561618805 -0.00754509074613452 -0.9902410507202148 
vn 0.13916100561618805 -0.00754509074613452 -0.9902410507202148 
vn 0.13916100561618805 -0.00754509074613452 -0.9902410507202148 
vn 0.13916100561618805 -0.00754509074613452 -0.9902410507202148 
vn 0.2465713620185852 -0.48226508498191833 0.8406086564064026 
vn 0.26523229479789734 -0.5972650647163391 0.7569189071655273 
vn 0.24246802926063538 -0.4551243484020233 0.8567795157432556 
vn 0.2635841369628906 -0.5870738625526428 0.7654199600219727 
vn 0.2842395305633545 -0.7527517676353455 0.5937783122062683 
vn 0.2818542420864105 -0.7309250831604004 0.6215357780456543 
vn 0.29257896542549133 -0.8565325140953064 0.42514660954475403 
vn 0.20989637076854706 -0.30103620886802673 0.9302261471748352 
vn 0.20673899352550507 -0.2781643867492676 0.9380210638046265 
vn 0.16206713020801544 -0.0928502231836319 0.9824016690254211 
vn 0.1627831906080246 -0.07247574627399445 0.9839963912963867 
vn 0.1016019880771637 0.14111627638339996 0.9847655892372131 
vn 0.1074007973074913 0.13123787939548492 0.9855159521102905 
vn 0.03562059998512268 0.3652539551258087 0.9302261471748352 
vn 0.03196292370557785 0.3737373948097229 0.926983654499054 
vn -0.04896553233265877 0.6005391478538513 0.7980946898460388 
vn -0.052652131766080856 0.6210177540779114 0.7820260524749756 
vn -0.09205364435911179 0.7172568440437317 0.6907016038894653 
vn -0.09205364435911179 0.7172568440437317 0.6907016038894653 
vn -0.04716966301202774 -0.31839534640312195 -0.946783721446991 
vn -0.10668130218982697 -0.11471006274223328 -0.9876541495323181 
vn -0.11166822165250778 -0.10361296683549881 -0.9883291721343994 
vn -0.16673976182937622 0.11739516258239746 -0.9789873361587524 
vn -0.1732899248600006 0.1371542513370514 -0.9752739667892456 
vn -0.22878199815750122 0.3559917211532593 -0.9060511589050293 
vn -0.23574717342853546 0.3932054936885834 -0.888714075088501 
vn -0.25961050391197205 0.5552474856376648 -0.790128231048584 
vn -0.26188403367996216 0.5693113803863525 -0.7792953848838806 
vn -0.27006015181541443 0.6235964894294739 -0.7336177229881287 
vn -0.2686008810997009 0.6311713457107544 -0.7276512384414673 
vn -0.2881159484386444 0.7400197982788086 -0.607749879360199 
vn -0.28443771600723267 0.7581884860992432 -0.5867242813110352 
vn -0.29131168127059937 0.8549929261207581 -0.42909738421440125 
vn -0.2875881493091583 0.8582210540771484 -0.42514660954475403 
vn -0.2894752323627472 0.8762540817260742 -0.3852050006389618 
vn -0.2894752323627472 0.8762540817260742 -0.3852050006389618 
vn -0.05268925055861473 -0.3133313059806824 -0.9481810927391052 
vn 0.024559445679187775 -0.5300091505050659 -0.8476362228393555 
vn 0.01887235976755619 -0.5115864276885986 -0.8590245246887207 
vn 0.06601445376873016 -0.6401362419128418 -0.7654199600219727 
vn 0.06601445376873016 -0.6401362419128418 -0.7654199600219727 
vn 0.8626415133476257 0.13548126816749573 -0.48733407258987427 
vn 0.8644724488258362 0.15029960870742798 -0.4796847105026245 
vn 0.8644724488258362 0.15029960870742798 -0.4796847105026245 
vn 0.8673543334007263 0.15784049034118652 -0.4719987213611603 
vn 0.8673543334007263 0.15784049034118652 -0.4719987213611603 
vn 0.8701574802398682 0.1651458442211151 -0.4642767012119293 
vn 0.8701574802398682 0.1651458442211151 -0.4642767012119293 
vn 0.8707453012466431 0.17272038757801056 -0.46040233969688416 
vn 0.8707453012466431 0.17272038757801056 -0.46040233969688416 
vn 0.8692432045936584 0.18012739717960358 -0.46040233969688416 
vn 0.8692432045936584 0.18012739717960358 -0.46040233969688416 
vn 0.8876696228981018 0.19485747814178467 -0.417220801115036 
vn 0.9038134217262268 0.20960897207260132 -0.37307560443878174 
vn 0.9251424074172974 0.21696434915065765 -0.31150925159454346 
vn 0.933152437210083 0.21713629364967346 -0.2864931523799896 
vn 0.962407112121582 0.2171737551689148 -0.16312000155448914 
vn 0.9539226293563843 0.20970773696899414 -0.21460255980491638 
vn 0.970239520072937 0.2172999531030655 -0.10684575140476227 
vn 0.970239520072937 0.2172999531030655 -0.10684575140476227 
vn 0.8648571968078613 0.12053021788597107 -0.48733407258987427 
vn 0.8655554056167603 0.09793165326118469 -0.4911448359489441 
vn 0.8655554056167603 0.09793165326118469 -0.4911448359489441 
vn -0.9702972769737244 -0.2170417606830597 0.10684575140476227 
vn -0.963231086730957 -0.21348948776721954 0.16312000155448914 
vn -0.9702972769737244 -0.2170417606830597 0.10684575140476227 
vn -0.9531051516532898 -0.21339230239391327 0.21460255980491638 
vn -0.9332146048545837 -0.21686895191669464 0.2864931523799896 
vn -0.9237452149391174 -0.216920867562294 0.31565824151039124 
vn -0.9030168652534485 -0.21301425993442535 0.37307560443878174 
vn -0.8869099617004395 -0.1982865035533905 0.417220801115036 
vn -0.8700498938560486 -0.17618994414806366 0.46040233969688416 
vn -0.8700498938560486 -0.17618994414806366 0.46040233969688416 
vn -0.8715164065361023 -0.16878625750541687 0.46040233969688416 
vn -0.8687637448310852 -0.17232733964920044 0.4642767012119293 
vn -0.8701993823051453 -0.16492469608783722 0.4642767012119293 
vn -0.8701993823051453 -0.16492469608783722 0.4642767012119293 
vn -0.8673930168151855 -0.15762777626514435 0.4719987213611603 
vn -0.8673930168151855 -0.15762777626514435 0.4719987213611603 
vn -0.8638547658920288 -0.15381000936031342 0.4796847105026245 
vn -0.8652783036231995 -0.15768253803253174 0.4758462607860565 
vn -0.8653922080993652 -0.11662695556879044 0.48733407258987427 
vn -0.8632470965385437 -0.13156729936599731 0.48733407258987427 
vn -0.86512291431427 -0.10168137401342392 0.4911448359489441 
vn -0.86512291431427 -0.10168137401342392 0.4911448359489441 
vn 0.28915148973464966 -0.8557259440422058 0.42909738421440125 
vn 0.2894752323627472 -0.8762540817260742 0.3852050006389618 
vn 0.2894752323627472 -0.8762540817260742 0.3852050006389618 
vn -0.13916100561618805 -0.00754509074613452 -0.9902410507202148 
vn -0.13916100561618805 -0.00754509074613452 -0.9902410507202148 
vn -0.13916100561618805 -0.00754509074613452 -0.9902410507202148 
vn -0.13916100561618805 -0.00754509074613452 -0.9902410507202148 
vn 0.28622326254844666 -0.929741621017456 0.23163928091526031 
vn 0.2804511487483978 -0.8826795220375061 0.37712597846984863 
vn 0.28622326254844666 -0.929741621017456 0.23163928091526031 
vn 0.2805293798446655 -0.8926885724067688 0.3527185618877411 
vn 0.26508423686027527 -0.7914276123046875 0.5507928133010864 
vn 0.2687395215034485 -0.8026823997497559 0.5324283838272095 
vn 0.24386809766292572 -0.687157392501831 0.6843559741973877 
vn 0.24596969783306122 -0.7082386016845703 0.661737859249115 
vn 0.2121509313583374 -0.5602141618728638 0.8007197380065918 
vn 0.20806364715099335 -0.5429000854492188 0.8136147856712341 
vn 0.15955309569835663 -0.3790434002876282 0.9115201234817505 
vn 0.15732286870479584 -0.3626042306423187 0.9185682535171509 
vn 0.10615341365337372 -0.15886981785297394 0.9815762042999268 
vn 0.10619035363197327 -0.16397687792778015 0.9807319641113281 
vn 0.03385210037231445 0.07090109586715698 0.9969087839126587 
vn 0.0325416661798954 0.08098305016756058 0.9961841106414795 
vn -0.02811230719089508 0.29141348600387573 0.9561840295791626 
vn -0.03930344432592392 0.30692625045776367 0.9509214162826538 
vn -0.06187617406249046 0.38224443793296814 0.9219872951507568 
vn -0.06187617406249046 0.38224443793296814 0.9219872951507568 
vn -0.048950549215078354 -0.01872199960052967 -0.9986256957054138 
vn -0.10841618478298187 0.182725727558136 -0.9771679639816284 
vn -0.11049964278936386 0.1913910061120987 -0.9752739667892456 
vn -0.17255467176437378 0.39932066202163696 -0.9004265069961548 
vn -0.17115814983844757 0.41691213846206665 -0.8926864862442017 
vn -0.22730036079883575 0.6091703176498413 -0.7597671151161194 
vn -0.2295708805322647 0.6430087685585022 -0.7306414246559143 
vn -0.2616320252418518 0.7636395692825317 -0.590256929397583 
vn -0.2597652077674866 0.7750339508056641 -0.5760593414306641 
vn -0.2693200707435608 0.8215472102165222 -0.5025205612182617 
vn -0.2712755501270294 0.8300091028213501 -0.48733407258987427 
vn -0.28627994656562805 0.8908610343933105 -0.3527185618877411 
vn -0.28067755699157715 0.9004819989204407 -0.33219319581985474 
vn -0.28837093710899353 0.9290777444839478 -0.23163928091526031 
vn -0.28837093710899353 0.9290777444839478 -0.23163928091526031 
vn -0.048950549215078354 -0.01872199960052967 -0.9986256957054138 
vn 0.02080618590116501 -0.258334219455719 -0.9658315181732178 
vn 0.011352099478244781 -0.23348820209503174 -0.9722933769226074 
vn 0.0639304667711258 -0.3819062113761902 -0.9219872951507568 
vn 0.0639304667711258 -0.3819062113761902 -0.9219872951507568 
vn 0.8596208691596985 0.28922802209854126 -0.42118772864341736 
vn 0.8658170104026794 0.2821146845817566 -0.41324591636657715 
vn 0.8634487986564636 0.28928181529045105 -0.41324591636657715 
vn 0.8672094345092773 0.2893129885196686 -0.405272513628006 
vn 0.8672094345092773 0.2893129885196686 -0.405272513628006 
vn 0.8707806468009949 0.2896878719329834 -0.3972681760787964 
vn 0.8707806468009949 0.2896878719329834 -0.3972681760787964 
vn 0.8702555894851685 0.2966580390930176 -0.3932546079158783 
vn 0.872001051902771 0.29683563113212585 -0.3892335295677185 
vn 0.8695369362831116 0.30397823452949524 -0.3892335295677185 
vn 0.8695369362831116 0.30397823452949524 -0.3892335295677185 
vn 0.8670142889022827 0.31110039353370667 -0.3892335295677185 
vn 0.8644333481788635 0.31820160150527954 -0.3892335295677185 
vn 0.9081893563270569 0.2970737814903259 -0.2948545813560486 
vn 0.9501643776893616 0.2682681083679199 -0.15880759060382843 
vn 0.9682804346084595 0.23925787210464478 -0.07203252613544464 
vn 0.9682804346084595 0.23925787210464478 -0.07203252613544464 
vn 0.8576192855834961 0.2893778085708618 -0.42514660954475403 
vn 0.8556003570556641 0.2895227372646332 -0.42909738421440125 
vn 0.8556003570556641 0.2895227372646332 -0.42909738421440125 
vn -0.9664415121078491 -0.24658092856407166 0.07203252613544464 
vn -0.9501643776893616 -0.2682681083679199 0.15880759060382843 
vn -0.9664415121078491 -0.24658092856407166 0.07203252613544464 
vn -0.9083073139190674 -0.29671305418014526 0.2948545813560486 
vn -0.8658740520477295 -0.3142601251602173 0.3892335295677185 
vn -0.8658740520477295 -0.3142601251602173 0.3892335295677185 
vn -0.868419349193573 -0.307156503200531 0.3892335295677185 
vn -0.8709063529968262 -0.30003228783607483 0.3892335295677185 
vn -0.8709063529968262 -0.30003228783607483 0.3892335295677185 
vn -0.8703827857971191 -0.2962847650051117 0.3932546079158783 
vn -0.8709023594856262 -0.28932178020477295 0.3972681760787964 
vn -0.8709023594856262 -0.28932178020477295 0.3972681760787964 
vn -0.8683964014053345 -0.2857305109500885 0.405272513628006 
vn -0.8683964014053345 -0.2857305109500885 0.405272513628006 
vn -0.8658170104026794 -0.2821146845817566 0.41324591636657715 
vn -0.8658170104026794 -0.2821146845817566 0.41324591636657715 
vn -0.8577440977096558 -0.28900763392448425 0.42514660954475403 
vn -0.8608168959617615 -0.2856486141681671 0.42118772864341736 
vn -0.8557259440422058 -0.28915148973464966 0.42909738421440125 
vn -0.8557259440422058 -0.28915148973464966 0.42909738421440125 
vn -0.14087173342704773 0.28940582275390625 -0.946783721446991 
vn -0.14087173342704773 0.28940582275390625 -0.946783721446991 
vn -0.14087173342704773 0.28940582275390625 -0.946783721446991 
vn -0.14087173342704773 0.28940582275390625 -0.946783721446991 
vn -0.28622326254844666 -0.929741621017456 0.23163928091526031 
vn -0.2840454578399658 -0.8815294504165649 0.37712597846984863 
vn -0.28622326254844666 -0.929741621017456 0.23163928091526031 
vn -0.2841271758079529 -0.8915500044822693 0.3527185618877411 
vn -0.26150408387184143 -0.7926177382469177 0.5507928133010864 
vn -0.2651599645614624 -0.8038719892501831 0.5324283838272095 
vn -0.24386809766292572 -0.687157392501831 0.6843559741973877 
vn -0.24240660667419434 -0.7094660401344299 0.661737859249115 
vn -0.20861975848674774 -0.5615386962890625 0.8007197380065918 
vn -0.20454266667366028 -0.544236421585083 0.8136147856712341 
vn -0.16301807761192322 -0.3775661289691925 0.9115201234817505 
vn -0.15732286870479584 -0.3626042306423187 0.9185682535171509 
vn -0.10615341365337372 -0.15886981785297394 0.9815762042999268 
vn -0.10619035363197327 -0.16397687792778015 0.9807319641113281 
vn -0.037138186395168304 0.06923644244670868 0.9969087839126587 
vn -0.0325416661798954 0.08098305016756058 0.9961841106414795 
vn 0.03184663876891136 0.29102903604507446 0.9561840295791626 
vn 0.035577721893787384 0.30738040804862976 0.9509214162826538 
vn 0.05815548449754715 0.3828281760215759 0.9219872951507568 
vn 0.05815548449754715 0.3828281760215759 0.9219872951507568 
vn 0.047453347593545914 -0.022245215252041817 -0.9986256957054138 
vn 0.10841618478298187 0.182725727558136 -0.9771679639816284 
vn 0.11376884579658508 0.18946592509746552 -0.9752739667892456 
vn 0.17255467176437378 0.39932066202163696 -0.9004265069961548 
vn 0.1746448278427124 0.4154636263847351 -0.8926864862442017 
vn 0.22375909984111786 0.6104799509048462 -0.7597671151161194 
vn 0.2295708805322647 0.6430087685585022 -0.7306414246559143 
vn 0.25805383920669556 0.7648561596870422 -0.590256929397583 
vn 0.2597652077674866 0.7750339508056641 -0.5760593414306641 
vn 0.27290716767311096 0.8203625679016113 -0.5025205612182617 
vn 0.2712755501270294 0.8300091028213501 -0.48733407258987427 
vn 0.28627994656562805 0.8908610343933105 -0.3527185618877411 
vn 0.28427907824516296 0.8993514776229858 -0.33219319581985474 
vn 0.28476089239120483 0.9301905632019043 -0.23163928091526031 
vn 0.28476089239120483 0.9301905632019043 -0.23163928091526031 
vn 0.050186581909656525 -0.015098893083631992 -0.9986256957054138 
vn -0.024578625336289406 -0.2580026388168335 -0.9658315181732178 
vn -0.011352099478244781 -0.23348820209503174 -0.9722933769226074 
vn -0.0639304667711258 -0.3819062113761902 -0.9219872951507568 
vn -0.0639304667711258 -0.3819062113761902 -0.9219872951507568 
vn -0.8608168959617615 0.2856486141681671 -0.42118772864341736 
vn -0.8658170104026794 0.2821146845817566 -0.41324591636657715 
vn -0.8634487986564636 0.28928181529045105 -0.41324591636657715 
vn -0.8683964014053345 0.2857305109500885 -0.405272513628006 
vn -0.8683964014053345 0.2857305109500885 -0.405272513628006 
vn -0.8695805072784424 0.2932707667350769 -0.3972681760787964 
vn -0.8695805072784424 0.2932707667350769 -0.3972681760787964 
vn -0.8714665174484253 0.29308170080184937 -0.3932546079158783 
vn -0.872001051902771 0.29683563113212585 -0.3892335295677185 
vn -0.8695369362831116 0.30397823452949524 -0.3892335295677185 
vn -0.8695369362831116 0.30397823452949524 -0.3892335295677185 
vn -0.8670142889022827 0.31110039353370667 -0.3892335295677185 
vn -0.8644333481788635 0.31820160150527954 -0.3892335295677185 
vn -0.9070083498954773 0.3006603419780731 -0.2948545813560486 
vn -0.9501643776893616 0.2682681083679199 -0.15880759060382843 
vn -0.9682804346084595 0.23925787210464478 -0.07203252613544464 
vn -0.9682804346084595 0.23925787210464478 -0.07203252613544464 
vn -0.8588191270828247 0.28579723834991455 -0.42514660954475403 
vn -0.8568040132522583 0.28594106435775757 -0.42909738421440125 
vn -0.8568040132522583 0.28594106435775757 -0.42909738421440125 
vn 0.9664415121078491 -0.24658092856407166 0.07203252613544464 
vn 0.9501643776893616 -0.2682681083679199 0.15880759060382843 
vn 0.9664415121078491 -0.24658092856407166 0.07203252613544464 
vn 0.9083073139190674 -0.29671305418014526 0.2948545813560486 
vn 0.8645795583724976 -0.3178040683269501 0.3892335295677185 
vn 0.8671539425849915 -0.31071093678474426 0.3892335295677185 
vn 0.8696701526641846 -0.30359694361686707 0.3892335295677185 
vn 0.8696701526641846 -0.30359694361686707 0.3892335295677185 
vn 0.8721279501914978 -0.2964625954627991 0.3892335295677185 
vn 0.8703827857971191 -0.2962847650051117 0.3932546079158783 
vn 0.8709023594856262 -0.28932178020477295 0.3972681760787964 
vn 0.8709023594856262 -0.28932178020477295 0.3972681760787964 
vn 0.8672094345092773 -0.2893129885196686 0.405272513628006 
vn 0.8672094345092773 -0.2893129885196686 0.405272513628006 
vn 0.8658170104026794 -0.2821146845817566 0.41324591636657715 
vn 0.8658170104026794 -0.2821146845817566 0.41324591636657715 
vn 0.8577440977096558 -0.28900763392448425 0.42514660954475403 
vn 0.8596208691596985 -0.28922802209854126 0.42118772864341736 
vn 0.8557259440422058 -0.28915148973464966 0.42909738421440125 
vn 0.8557259440422058 -0.28915148973464966 0.42909738421440125 
vn 0.13745683431625366 0.2910432815551758 -0.946783721446991 
vn 0.13745683431625366 0.2910432815551758 -0.946783721446991 
vn 0.13745683431625366 0.2910432815551758 -0.946783721446991 
vn 0.13745683431625366 0.2910432815551758 -0.946783721446991 
vn 0.28622326254844666 -0.929741621017456 0.23163928091526031 
vn 0.2804511487483978 -0.8826795220375061 0.37712597846984863 
vn 0.28622326254844666 -0.929741621017456 0.23163928091526031 
vn 0.2805293798446655 -0.8926885724067688 0.3527185618877411 
vn 0.26508423686027527 -0.7914276123046875 0.5507928133010864 
vn 0.2687395215034485 -0.8026823997497559 0.5324283838272095 
vn 0.24386809766292572 -0.687157392501831 0.6843559741973877 
vn 0.24596969783306122 -0.7082386016845703 0.661737859249115 
vn 0.2121509313583374 -0.5602141618728638 0.8007197380065918 
vn 0.20806364715099335 -0.5429000854492188 0.8136147856712341 
vn 0.15955309569835663 -0.3790434002876282 0.9115201234817505 
vn 0.15732286870479584 -0.3626042306423187 0.9185682535171509 
vn 0.10615341365337372 -0.15886981785297394 0.9815762042999268 
vn 0.10619035363197327 -0.16397687792778015 0.9807319641113281 
vn 0.03385210037231445 0.07090109586715698 0.9969087839126587 
vn 0.0325416661798954 0.08098305016756058 0.9961841106414795 
vn -0.029980964958667755 0.29961463809013367 0.953589141368866 
vn -0.03004106879234314 0.2954179346561432 0.9548956751823425 
vn -0.05994380638003349 0.3784703016281128 0.9236704111099243 
vn -0.05994380638003349 0.3784703016281128 0.9236704111099243 
vn -0.048950549215078354 -0.01872199960052967 -0.9986256957054138 
vn -0.10841618478298187 0.182725727558136 -0.9771679639816284 
vn -0.11049964278936386 0.1913910061120987 -0.9752739667892456 
vn -0.17255467176437378 0.39932066202163696 -0.9004265069961548 
vn -0.17115814983844757 0.41691213846206665 -0.8926864862442017 
vn -0.22730036079883575 0.6091703176498413 -0.7597671151161194 
vn -0.2295708805322647 0.6430087685585022 -0.7306414246559143 
vn -0.2616320252418518 0.7636395692825317 -0.590256929397583 
vn -0.2597652077674866 0.7750339508056641 -0.5760593414306641 
vn -0.2693200707435608 0.8215472102165222 -0.5025205612182617 
vn -0.2712755501270294 0.8300091028213501 -0.48733407258987427 
vn -0.28627994656562805 0.8908610343933105 -0.3527185618877411 
vn -0.28067755699157715 0.9004819989204407 -0.33219319581985474 
vn -0.28837093710899353 0.9290777444839478 -0.23163928091526031 
vn -0.28837093710899353 0.9290777444839478 -0.23163928091526031 
vn -0.048950549215078354 -0.01872199960052967 -0.9986256957054138 
vn 0.02080618590116501 -0.258334219455719 -0.9658315181732178 
vn 0.011352099478244781 -0.23348820209503174 -0.9722933769226074 
vn 0.0639304667711258 -0.3819062113761902 -0.9219872951507568 
vn 0.0639304667711258 -0.3819062113761902 -0.9219872951507568 
vn 0.8761782050132751 0.1947273313999176 -0.4409002661705017 
vn 0.8658170104026794 0.2821146845817566 -0.41324591636657715 
vn 0.8634487986564636 0.28928181529045105 -0.41324591636657715 
vn 0.8672094345092773 0.2893129885196686 -0.405272513628006 
vn 0.8672094345092773 0.2893129885196686 -0.405272513628006 
vn 0.8707806468009949 0.2896878719329834 -0.3972681760787964 
vn 0.8707806468009949 0.2896878719329834 -0.3972681760787964 
vn 0.8702555894851685 0.2966580390930176 -0.3932546079158783 
vn 0.872001051902771 0.29683563113212585 -0.3892335295677185 
vn 0.8695369362831116 0.30397823452949524 -0.3892335295677185 
vn 0.8695369362831116 0.30397823452949524 -0.3892335295677185 
vn 0.8670142889022827 0.31110039353370667 -0.3892335295677185 
vn 0.8644333481788635 0.31820160150527954 -0.3892335295677185 
vn 0.9081893563270569 0.2970737814903259 -0.2948545813560486 
vn 0.9501643776893616 0.2682681083679199 -0.15880759060382843 
vn 0.9682804346084595 0.23925787210464478 -0.07203252613544464 
vn 0.9682804346084595 0.23925787210464478 -0.07203252613544464 
vn 0.8815159201622009 0.12049849331378937 -0.456519216299057 
vn 0.8810810446739197 0.030221914872527122 -0.4719987213611603 
vn 0.8810810446739197 0.030221914872527122 -0.4719987213611603 
vn -0.9664415121078491 -0.24658092856407166 0.07203252613544464 
vn -0.9501643776893616 -0.2682681083679199 0.15880759060382843 
vn -0.9664415121078491 -0.24658092856407166 0.07203252613544464 
vn -0.9083073139190674 -0.29671305418014526 0.2948545813560486 
vn -0.8658740520477295 -0.3142601251602173 0.3892335295677185 
vn -0.8658740520477295 -0.3142601251602173 0.3892335295677185 
vn -0.868419349193573 -0.307156503200531 0.3892335295677185 
vn -0.8709063529968262 -0.30003228783607483 0.3892335295677185 
vn -0.8709063529968262 -0.30003228783607483 0.3892335295677185 
vn -0.8703827857971191 -0.2962847650051117 0.3932546079158783 
vn -0.8709023594856262 -0.28932178020477295 0.3972681760787964 
vn -0.8709023594856262 -0.28932178020477295 0.3972681760787964 
vn -0.8683964014053345 -0.2857305109500885 0.405272513628006 
vn -0.8683964014053345 -0.2857305109500885 0.405272513628006 
vn -0.8658170104026794 -0.2821146845817566 0.41324591636657715 
vn -0.8653989434242249 -0.2891165316104889 0.40926313400268555 
vn -0.8810198903083801 -0.12407321482896805 0.456519216299057 
vn -0.8769893646240234 -0.1910407543182373 0.4409002661705017 
vn -0.8810824751853943 -0.030180757865309715 0.4719987213611603 
vn -0.8810824751853943 -0.030180757865309715 0.4719987213611603 
vn -0.14087173342704773 0.28940582275390625 -0.946783721446991 
vn -0.14087173342704773 0.28940582275390625 -0.946783721446991 
vn -0.14087173342704773 0.28940582275390625 -0.946783721446991 
vn -0.14087173342704773 0.28940582275390625 -0.946783721446991 
vn -0.28622326254844666 -0.929741621017456 0.23163928091526031 
vn -0.2840454578399658 -0.8815294504165649 0.37712597846984863 
vn -0.28622326254844666 -0.929741621017456 0.23163928091526031 
vn -0.2841271758079529 -0.8915500044822693 0.3527185618877411 
vn -0.26150408387184143 -0.7926177382469177 0.5507928133010864 
vn -0.2651599645614624 -0.8038719892501831 0.5324283838272095 
vn -0.24386809766292572 -0.687157392501831 0.6843559741973877 
vn -0.24240660667419434 -0.7094660401344299 0.661737859249115 
vn -0.20861975848674774 -0.5615386962890625 0.8007197380065918 
vn -0.20454266667366028 -0.544236421585083 0.8136147856712341 
vn -0.16301807761192322 -0.3775661289691925 0.9115201234817505 
vn -0.15732286870479584 -0.3626042306423187 0.9185682535171509 
vn -0.10615341365337372 -0.15886981785297394 0.9815762042999268 
vn -0.10619035363197327 -0.16397687792778015 0.9807319641113281 
vn -0.037138186395168304 0.06923644244670868 0.9969087839126587 
vn -0.0325416661798954 0.08098305016756058 0.9961841106414795 
vn 0.029980964958667755 0.29961463809013367 0.953589141368866 
vn 0.03004106879234314 0.2954179346561432 0.9548956751823425 
vn 0.05994380638003349 0.3784703016281128 0.9236704111099243 
vn 0.05994380638003349 0.3784703016281128 0.9236704111099243 
vn 0.047453347593545914 -0.022245215252041817 -0.9986256957054138 
vn 0.10841618478298187 0.182725727558136 -0.9771679639816284 
vn 0.11376884579658508 0.18946592509746552 -0.9752739667892456 
vn 0.17255467176437378 0.39932066202163696 -0.9004265069961548 
vn 0.1746448278427124 0.4154636263847351 -0.8926864862442017 
vn 0.22375909984111786 0.6104799509048462 -0.7597671151161194 
vn 0.2295708805322647 0.6430087685585022 -0.7306414246559143 
vn 0.25805383920669556 0.7648561596870422 -0.590256929397583 
vn 0.2597652077674866 0.7750339508056641 -0.5760593414306641 
vn 0.27290716767311096 0.8203625679016113 -0.5025205612182617 
vn 0.2712755501270294 0.8300091028213501 -0.48733407258987427 
vn 0.28627994656562805 0.8908610343933105 -0.3527185618877411 
vn 0.28427907824516296 0.8993514776229858 -0.33219319581985474 
vn 0.28476089239120483 0.9301905632019043 -0.23163928091526031 
vn 0.28476089239120483 0.9301905632019043 -0.23163928091526031 
vn 0.050186581909656525 -0.015098893083631992 -0.9986256957054138 
vn -0.024578625336289406 -0.2580026388168335 -0.9658315181732178 
vn -0.011352099478244781 -0.23348820209503174 -0.9722933769226074 
vn -0.0639304667711258 -0.3819062113761902 -0.9219872951507568 
vn -0.0639304667711258 -0.3819062113761902 -0.9219872951507568 
vn -0.8753514885902405 0.19841046631336212 -0.4409002661705017 
vn -0.8658170104026794 0.2821146845817566 -0.41324591636657715 
vn -0.8634487986564636 0.28928181529045105 -0.41324591636657715 
vn -0.8683964014053345 0.2857305109500885 -0.405272513628006 
vn -0.8683964014053345 0.2857305109500885 -0.405272513628006 
vn -0.8695805072784424 0.2932707667350769 -0.3972681760787964 
vn -0.8695805072784424 0.2932707667350769 -0.3972681760787964 
vn -0.8714665174484253 0.29308170080184937 -0.3932546079158783 
vn -0.872001051902771 0.29683563113212585 -0.3892335295677185 
vn -0.8695369362831116 0.30397823452949524 -0.3892335295677185 
vn -0.8695369362831116 0.30397823452949524 -0.3892335295677185 
vn -0.8670142889022827 0.31110039353370667 -0.3892335295677185 
vn -0.8644333481788635 0.31820160150527954 -0.3892335295677185 
vn -0.9070083498954773 0.3006603419780731 -0.2948545813560486 
vn -0.9501643776893616 0.2682681083679199 -0.15880759060382843 
vn -0.9682804346084595 0.23925787210464478 -0.07203252613544464 
vn -0.9682804346084595 0.23925787210464478 -0.07203252613544464 
vn -0.8815159201622009 0.12049849331378937 -0.456519216299057 
vn -0.8809434175491333 0.03399788588285446 -0.4719987213611603 
vn -0.8809434175491333 0.03399788588285446 -0.4719987213611603 
vn 0.9664415121078491 -0.24658092856407166 0.07203252613544464 
vn 0.9501643776893616 -0.2682681083679199 0.15880759060382843 
vn 0.9664415121078491 -0.24658092856407166 0.07203252613544464 
vn 0.9083073139190674 -0.29671305418014526 0.2948545813560486 
vn 0.8645795583724976 -0.3178040683269501 0.3892335295677185 
vn 0.8671539425849915 -0.31071093678474426 0.3892335295677185 
vn 0.8696701526641846 -0.30359694361686707 0.3892335295677185 
vn 0.8696701526641846 -0.30359694361686707 0.3892335295677185 
vn 0.8721279501914978 -0.2964625954627991 0.3892335295677185 
vn 0.8703827857971191 -0.2962847650051117 0.3932546079158783 
vn 0.8709023594856262 -0.28932178020477295 0.3972681760787964 
vn 0.8709023594856262 -0.28932178020477295 0.3972681760787964 
vn 0.8672094345092773 -0.2893129885196686 0.405272513628006 
vn 0.8672094345092773 -0.2893129885196686 0.405272513628006 
vn 0.8658170104026794 -0.2821146845817566 0.41324591636657715 
vn 0.8653989434242249 -0.2891165316104889 0.40926313400268555 
vn 0.8815379738807678 -0.12033688277006149 0.456519216299057 
vn 0.8761782050132751 -0.1947273313999176 0.4409002661705017 
vn 0.8810824751853943 -0.030180757865309715 0.4719987213611603 
vn 0.8810824751853943 -0.030180757865309715 0.4719987213611603 
vn 0.13745683431625366 0.2910432815551758 -0.946783721446991 
vn 0.13745683431625366 0.2910432815551758 -0.946783721446991 
vn 0.13745683431625366 0.2910432815551758 -0.946783721446991 
vn 0.13745683431625366 0.2910432815551758 -0.946783721446991 
vn 0.2251320779323578 -0.6099749803543091 0.7597671151161194 
vn 0.1320992112159729 -0.3336445391178131 0.933397650718689 
vn 0.22720035910606384 -0.6162622570991516 0.7540562748908997 
vn 0.13436584174633026 -0.3502100706100464 0.926983654499054 
vn 0.013107799924910069 0 0.9999141097068787 
vn 0.017673155292868614 -0.012840298935770988 0.9997613430023193 
vn -0.1000904068350792 0.32752394676208496 0.9395264387130737 
vn -0.09628158807754517 0.3157797157764435 0.9439348578453064 
vn -0.18324173986911774 0.551772952079773 0.8136147856712341 
vn -0.18324173986911774 0.551772952079773 0.8136147856712341 
vn -0.2126627117395401 0.617938756942749 0.7569189071655273 
vn -0.2126627117395401 0.617938756942749 0.7569189071655273 
vn 0.2828651964664459 -0.7826811671257019 0.5544344186782837 
vn 0.28644895553588867 -0.7839478850364685 0.5507928133010864 
vn 0.31089240312576294 -0.8688860535621643 0.3852050006389618 
vn 0.31089240312576294 -0.8688860535621643 0.3852050006389618 
vn 0.31619080901145935 -0.8901652693748474 0.3280687630176544 
vn 0.31619080901145935 -0.8901652693748474 0.3280687630176544 
vn -0.32567453384399414 0.8996906280517578 -0.29067665338516235 
vn -0.31648075580596924 0.8885311484336853 -0.33219319581985474 
vn -0.31648075580596924 0.8885311484336853 -0.33219319581985474 
vn -0.3071053624153137 0.8474447727203369 -0.43303996324539185 
vn -0.30369049310684204 0.8466554880142212 -0.43697428703308105 
vn -0.25878778100013733 0.7036561369895935 -0.661737859249115 
vn -0.25895190238952637 0.6942769289016724 -0.6715083718299866 
vn -0.15859158337116241 0.40506890416145325 -0.9004265069961548 
vn -0.15493546426296234 0.39378461241722107 -0.9060511589050293 
vn -0.03275688365101814 0.05161658674478531 -0.9981296062469482 
vn -0.028240028768777847 0.038869064301252365 -0.9988451600074768 
vn 0.07835964113473892 -0.25587111711502075 -0.9635298252105713 
vn 0.07822360843420029 -0.2603091895580292 -0.962351381778717 
vn 0.16166235506534576 -0.4975455701351166 -0.8522403836250305 
vn 0.16711829602718353 -0.49966245889663696 -0.8499464392662048 
vn 0.21157187223434448 -0.6218010187149048 -0.7540562748908997 
vn 0.21157187223434448 -0.6218010187149048 -0.7540562748908997 
vn -0.32567453384399414 0.8996906280517578 -0.29067665338516235 
vn 0.9542487859725952 0.2902078926563263 -0.07203252613544464 
vn 0.9542487859725952 0.2902078926563263 -0.07203252613544464 
vn 0.9567109942436218 0.28306248784065247 -0.06767380982637405 
vn 0.9567109942436218 0.28306248784065247 -0.06767380982637405 
vn 0.9570833444595337 0.2828123867511749 -0.0633138045668602 
vn 0.9570833444595337 0.2828123867511749 -0.0633138045668602 
vn 0.9596894383430481 0.2757101058959961 -0.05459024757146835 
vn 0.9596894383430481 0.2757101058959961 -0.05459024757146835 
vn 0.9601113200187683 0.27583131194114685 -0.04586252197623253 
vn 0.9601113200187683 0.27583131194114685 -0.04586252197623253 
vn 0.958443820476532 0.2828545570373535 -0.03713129088282585 
vn 0.958443820476532 0.2828545570373535 -0.03713129088282585 
vn 0.9564265608787537 0.29012882709503174 -0.03276457265019417 
vn 0.9564265608787537 0.29012882709503174 -0.03276457265019417 
vn 0.9544451832771301 0.29741716384887695 -0.024029340595006943 
vn 0.9544451832771301 0.29741716384887695 -0.024029340595006943 
vn 0.952262818813324 0.3046455681324005 -0.01966099627315998 
vn 0.952262818813324 0.3046455681324005 -0.01966099627315998 
vn -0.9567109942436218 -0.28306248784065247 0.06767380982637405 
vn -0.9581456780433655 -0.27919211983680725 0.0633138045668602 
vn -0.9581456780433655 -0.27919211983680725 0.0633138045668602 
vn -0.9586402773857117 -0.27933624386787415 0.05459024757146835 
vn -0.9586402773857117 -0.27933624386787415 0.05459024757146835 
vn -0.9590616822242737 -0.27945902943611145 0.04586252197623253 
vn -0.9590616822242737 -0.27945902943611145 0.04586252197623253 
vn -0.958443820476532 -0.2828545570373535 0.03713129088282585 
vn -0.958443820476532 -0.2828545570373535 0.03713129088282585 
vn -0.9564265608787537 -0.29012882709503174 0.03276457265019417 
vn -0.9564265608787537 -0.29012882709503174 0.03276457265019417 
vn -0.9544451832771301 -0.29741716384887695 0.024029340595006943 
vn -0.9544451832771301 -0.29741716384887695 0.024029340595006943 
vn -0.952262818813324 -0.3046455681324005 0.01966099627315998 
vn -0.952262818813324 -0.3046455681324005 0.01966099627315998 
vn -0.9567109942436218 -0.28306248784065247 0.06767380982637405 
vn -0.9542487859725952 -0.2902078926563263 0.07203252613544464 
vn -0.9542487859725952 -0.2902078926563263 0.07203252613544464 
vn -0.2251320779323578 -0.6099749803543091 0.7597671151161194 
vn -0.1320992112159729 -0.3336445391178131 0.933397650718689 
vn -0.23073598742485046 -0.6149471998214722 0.7540562748908997 
vn -0.1378740817308426 -0.3488438129425049 0.926983654499054 
vn -0.013107799924910069 -2.7168168854619897e-15 0.9999141097068787 
vn -0.017673155292868614 -0.012840298935770988 0.9997613430023193 
vn 0.1000904068350792 0.32752394676208496 0.9395264387130737 
vn 0.09628158807754517 0.3157797157764435 0.9439348578453064 
vn 0.18681198358535767 0.5505744814872742 0.8136147856712341 
vn 0.18681198358535767 0.5505744814872742 0.8136147856712341 
vn 0.20909716188907623 0.6191543936729431 0.7569189071655273 
vn 0.20909716188907623 0.6191543936729431 0.7569189071655273 
vn -0.2864104211330414 -0.7813907861709595 0.5544344186782837 
vn -0.28290238976478577 -0.7852346897125244 0.5507928133010864 
vn -0.31089240312576294 -0.8688860535621643 0.3852050006389618 
vn -0.31089240312576294 -0.8688860535621643 0.3852050006389618 
vn -0.31974169611930847 -0.8888959884643555 0.3280687630176544 
vn -0.31974169611930847 -0.8888959884643555 0.3280687630176544 
vn 0.32567453384399414 0.8996906280517578 -0.29067665338516235 
vn 0.3200341463088989 0.88725745677948 -0.33219319581985474 
vn 0.3200341463088989 0.88725745677948 -0.33219319581985474 
vn 0.3071053624153137 0.8474447727203369 -0.43303996324539185 
vn 0.30369049310684204 0.8466554880142212 -0.43697428703308105 
vn 0.25878778100013733 0.7036561369895935 -0.661737859249115 
vn 0.25895190238952637 0.6942769289016724 -0.6715083718299866 
vn 0.15859158337116241 0.40506890416145325 -0.9004265069961548 
vn 0.15493546426296234 0.39378461241722107 -0.9060511589050293 
vn 0.03275688365101814 0.05161658674478531 -0.9981296062469482 
vn 0.028240028768777847 0.038869064301252365 -0.9988451600074768 
vn -0.07835964113473892 -0.25587111711502075 -0.9635298252105713 
vn -0.07822360843420029 -0.2603091895580292 -0.962351381778717 
vn -0.16525140404701233 -0.4963650703430176 -0.8522403836250305 
vn -0.16711829602718353 -0.49966245889663696 -0.8499464392662048 
vn -0.21157187223434448 -0.6218010187149048 -0.7540562748908997 
vn -0.21157187223434448 -0.6218010187149048 -0.7540562748908997 
vn 0.32567453384399414 0.8996906280517578 -0.29067665338516235 
vn -0.9542487859725952 0.2902078926563263 -0.07203252613544464 
vn -0.9542487859725952 0.2902078926563263 -0.07203252613544464 
vn -0.9567109942436218 0.28306248784065247 -0.06767380982637405 
vn -0.9567109942436218 0.28306248784065247 -0.06767380982637405 
vn -0.9581456780433655 0.27919211983680725 -0.0633138045668602 
vn -0.9581456780433655 0.27919211983680725 -0.0633138045668602 
vn -0.9586402773857117 0.27933624386787415 -0.05459024757146835 
vn -0.9586402773857117 0.27933624386787415 -0.05459024757146835 
vn -0.9590616822242737 0.27945902943611145 -0.04586252197623253 
vn -0.9590616822242737 0.27945902943611145 -0.04586252197623253 
vn -0.958443820476532 0.2828545570373535 -0.03713129088282585 
vn -0.958443820476532 0.2828545570373535 -0.03713129088282585 
vn -0.9564265608787537 0.29012882709503174 -0.03276457265019417 
vn -0.9564265608787537 0.29012882709503174 -0.03276457265019417 
vn -0.9544451832771301 0.29741716384887695 -0.024029340595006943 
vn -0.9544451832771301 0.29741716384887695 -0.024029340595006943 
vn -0.952262818813324 0.3046455681324005 -0.01966099627315998 
vn -0.952262818813324 0.3046455681324005 -0.01966099627315998 
vn 0.9567109942436218 -0.28306248784065247 0.06767380982637405 
vn 0.9570833444595337 -0.2828123867511749 0.0633138045668602 
vn 0.9570833444595337 -0.2828123867511749 0.0633138045668602 
vn 0.9596894383430481 -0.2757101058959961 0.05459024757146835 
vn 0.9596894383430481 -0.2757101058959961 0.05459024757146835 
vn 0.9601113200187683 -0.27583131194114685 0.04586252197623253 
vn 0.9601113200187683 -0.27583131194114685 0.04586252197623253 
vn 0.958443820476532 -0.2828545570373535 0.03713129088282585 
vn 0.958443820476532 -0.2828545570373535 0.03713129088282585 
vn 0.9564265608787537 -0.29012882709503174 0.03276457265019417 
vn 0.9564265608787537 -0.29012882709503174 0.03276457265019417 
vn 0.9544451832771301 -0.29741716384887695 0.024029340595006943 
vn 0.9544451832771301 -0.29741716384887695 0.024029340595006943 
vn 0.952262818813324 -0.3046455681324005 0.01966099627315998 
vn 0.952262818813324 -0.3046455681324005 0.01966099627315998 
vn 0.9567109942436218 -0.28306248784065247 0.06767380982637405 
vn 0.9542487859725952 -0.2902078926563263 0.07203252613544464 
vn 0.9542487859725952 -0.2902078926563263 0.07203252613544464 
vn 0.09193640202283859 -0.6129665970802307 0.7847417593002319 
vn 0.050625067204236984 -0.4121367037296295 0.9097144603729248 
vn 0.09393107146024704 -0.6195769906044006 0.7792953848838806 
vn 0.05435299873352051 -0.4236505925655365 0.9041935205459595 
vn 0.011244554072618484 -0.21217049658298492 0.9771679639816284 
vn 0.016871698200702667 -0.2203543335199356 0.9752739667892456 
vn -0.025969194248318672 -0.003569383639842272 0.9996563792228699 
vn -0.02404317818582058 -0.010443425737321377 0.9996563792228699 
vn -0.0740814357995987 0.2571423649787903 0.9635298252105713 
vn -0.07420507073402405 0.2527192533016205 0.9646899104118347 
vn -0.09866998344659805 0.40334078669548035 0.9097144603729248 
vn -0.09866998344659805 0.40334078669548035 0.9097144603729248 
vn 0.12385683506727219 -0.7844103574752808 0.607749879360199 
vn 0.13138264417648315 -0.7885388731956482 0.6007870435714722 
vn 0.15399597585201263 -0.8975037932395935 0.41324591636657715 
vn 0.1520313173532486 -0.895998477935791 0.417220801115036 
vn 0.15584082901477814 -0.9272679686546326 0.34042292833328247 
vn 0.15584082901477814 -0.9272679686546326 0.34042292833328247 
vn -0.17093417048454285 0.9669997096061707 -0.18892620503902435 
vn -0.1634085327386856 0.9388138055801392 -0.30319350957870483 
vn -0.1671675592660904 0.9408059120178223 -0.2948545813560486 
vn -0.14280565083026886 0.8678576350212097 -0.4758462607860565 
vn -0.14657793939113617 0.865111231803894 -0.4796847105026245 
vn -0.114702008664608 0.7109212875366211 -0.6938546895980835 
vn -0.11092308908700943 0.6991340517997742 -0.7063339352607727 
vn -0.062259491533041 0.462034672498703 -0.8846737742424011 
vn -0.058435507118701935 0.45472252368927 -0.888714075088501 
vn -0.020799273625016212 0.24135708808898926 -0.9702134728431702 
vn -0.018906936049461365 0.23299814760684967 -0.9722933769226074 
vn 0.013160789385437965 0.05522501841187477 -0.9983872175216675 
vn 0.013160789385437965 0.05522501841187477 -0.9983872175216675 
vn 0.05167655274271965 -0.12475822865962982 -0.990840494632721 
vn 0.051584452390670776 -0.1294672191143036 -0.9902410507202148 
vn 0.06732651591300964 -0.2415119856595993 -0.9680594801902771 
vn 0.06732651591300964 -0.2415119856595993 -0.9680594801902771 
vn -0.17093417048454285 0.9669997096061707 -0.18892620503902435 
vn 0.9855045676231384 0.1054782122373581 -0.1328723281621933 
vn 0.9855045676231384 0.1054782122373581 -0.1328723281621933 
vn 0.9859022498130798 0.13550914824008942 -0.0981530249118805 
vn 0.9859738945960999 0.12044987827539444 -0.11553031951189041 
vn 0.9871031045913696 0.1429641991853714 -0.07203252613544464 
vn 0.9867821931838989 0.1429177224636078 -0.0763898640871048 
vn 0.9887651801109314 0.13540589809417725 -0.0633138045668602 
vn 0.9887651801109314 0.13540589809417725 -0.0633138045668602 
vn 0.9897104501724243 0.1355353444814682 -0.04586252197623253 
vn 0.989502489566803 0.13550686836242676 -0.05022686347365379 
vn 0.9902431964874268 0.1354432851076126 -0.03276457265019417 
vn 0.9900919198989868 0.13542260229587555 -0.03713129088282585 
vn 0.9895321726799011 0.14296671748161316 -0.01966099627315998 
vn 0.9894376993179321 0.1429530680179596 -0.024029340595006943 
vn 0.9885941743850708 0.15046127140522003 -0.006554040592163801 
vn 0.988556444644928 0.1504555195569992 -0.010923261754214764 
vn 0.9874485731124878 0.15792569518089294 -0.002184694167226553 
vn 0.9874485731124878 0.15792569518089294 -0.002184694167226553 
vn -0.9855092167854309 -0.12419450283050537 0.11553031951189041 
vn -0.9871031045913696 -0.1429641991853714 0.07203252613544464 
vn -0.9867821931838989 -0.1429177224636078 0.0763898640871048 
vn -0.9882462024688721 -0.1391429454088211 0.0633138045668602 
vn -0.9885107278823853 -0.13918018341064453 0.058952588587999344 
vn -0.9900076985359192 -0.13176509737968445 0.05022686347365379 
vn -0.9891909956932068 -0.13927596807479858 0.04586252197623253 
vn -0.9900919198989868 -0.13542260229587555 0.03713129088282585 
vn -0.9902431964874268 -0.1354432851076126 0.03276457265019417 
vn -0.9894376993179321 -0.1429530680179596 0.024029340595006943 
vn -0.9895321726799011 -0.14296671748161316 0.01966099627315998 
vn -0.988556444644928 -0.1504555195569992 0.010923261754214764 
vn -0.9885941743850708 -0.15046127140522003 0.006554040592163801 
vn -0.9874485731124878 -0.15792569518089294 0.002184694167226553 
vn -0.9874485731124878 -0.15792569518089294 0.002184694167226553 
vn -0.9859022498130798 -0.13550914824008942 0.0981530249118805 
vn -0.9850957989692688 -0.10923023521900177 0.1328723281621933 
vn -0.9850957989692688 -0.10923023521900177 0.1328723281621933 
vn -0.08820998668670654 -0.6135139465332031 0.7847417593002319 
vn -0.05435425415635109 -0.4116614758968353 0.9097144603729248 
vn -0.09393107146024704 -0.6195769906044006 0.7792953848838806 
vn -0.05062282457947731 -0.4241124987602234 0.9041935205459595 
vn -0.011244554072618484 -0.21217049658298492 0.9771679639816284 
vn -0.013127479702234268 -0.22060905396938324 0.9752739667892456 
vn 0.02524128556251526 -0.007072276435792446 0.9996563792228699 
vn 0.02239719219505787 -0.013620034791529179 0.9996563792228699 
vn 0.0740814357995987 0.2571423649787903 0.9635298252105713 
vn 0.07420507073402405 0.2527192533016205 0.9646899104118347 
vn 0.0950143113732338 0.40421757102012634 0.9097144603729248 
vn 0.0950143113732338 0.40421757102012634 0.9097144603729248 
vn -0.12385683506727219 -0.7844103574752808 0.607749879360199 
vn -0.13138264417648315 -0.7885388731956482 0.6007870435714722 
vn -0.15399597585201263 -0.8975037932395935 0.41324591636657715 
vn -0.1483115702867508 -0.8966217041015625 0.417220801115036 
vn -0.15955999493598938 -0.926635205745697 0.34042292833328247 
vn -0.15955999493598938 -0.926635205745697 0.34042292833328247 
vn 0.17465128004550934 0.9663352370262146 -0.18892620503902435 
vn 0.15968799591064453 0.9394537806510925 -0.30319350957870483 
vn 0.1634484827518463 0.9414591789245605 -0.2948545813560486 
vn 0.14280565083026886 0.8678576350212097 -0.4758462607860565 
vn 0.14657793939113617 0.865111231803894 -0.4796847105026245 
vn 0.1109718605875969 0.711513102054596 -0.6938546895980835 
vn 0.1071925088763237 0.6997157335281372 -0.7063339352607727 
vn 0.05850677192211151 0.4625248610973358 -0.8846737742424011 
vn 0.0621829628944397 0.45422524213790894 -0.888714075088501 
vn 0.01702452078461647 0.2416526824235916 -0.9702134728431702 
vn 0.018906936049461365 0.23299814760684967 -0.9722933769226074 
vn -0.016820024698972702 0.054222650825977325 -0.9983872175216675 
vn -0.016820024698972702 0.054222650825977325 -0.9983872175216675 
vn -0.05167655274271965 -0.12475822865962982 -0.990840494632721 
vn -0.051584452390670776 -0.1294672191143036 -0.9902410507202148 
vn -0.06732651591300964 -0.2415119856595993 -0.9680594801902771 
vn -0.06732651591300964 -0.2415119856595993 -0.9680594801902771 
vn 0.17465128004550934 0.9663352370262146 -0.18892620503902435 
vn -0.9850957989692688 0.10923023521900177 -0.1328723281621933 
vn -0.9850957989692688 0.10923023521900177 -0.1328723281621933 
vn -0.9859022498130798 0.13550914824008942 -0.0981530249118805 
vn -0.9855092167854309 0.12419450283050537 -0.11553031951189041 
vn -0.9871031045913696 0.1429641991853714 -0.07203252613544464 
vn -0.9867821931838989 0.1429177224636078 -0.0763898640871048 
vn -0.9882462024688721 0.1391429454088211 -0.0633138045668602 
vn -0.9882462024688721 0.1391429454088211 -0.0633138045668602 
vn -0.9891909956932068 0.13927596807479858 -0.04586252197623253 
vn -0.9900076985359192 0.13176509737968445 -0.05022686347365379 
vn -0.9902431964874268 0.1354432851076126 -0.03276457265019417 
vn -0.9900919198989868 0.13542260229587555 -0.03713129088282585 
vn -0.9895321726799011 0.14296671748161316 -0.01966099627315998 
vn -0.9894376993179321 0.1429530680179596 -0.024029340595006943 
vn -0.9885941743850708 0.15046127140522003 -0.006554040592163801 
vn -0.988556444644928 0.1504555195569992 -0.010923261754214764 
vn -0.9874485731124878 0.15792569518089294 -0.002184694167226553 
vn -0.9874485731124878 0.15792569518089294 -0.002184694167226553 
vn 0.9859738945960999 -0.12044987827539444 0.11553031951189041 
vn 0.9871031045913696 -0.1429641991853714 0.07203252613544464 
vn 0.9867821931838989 -0.1429177224636078 0.0763898640871048 
vn 0.9887651801109314 -0.13540589809417725 0.0633138045668602 
vn 0.9890298247337341 -0.13544213771820068 0.058952588587999344 
vn 0.989502489566803 -0.13550686836242676 0.05022686347365379 
vn 0.9897104501724243 -0.1355353444814682 0.04586252197623253 
vn 0.9900919198989868 -0.13542260229587555 0.03713129088282585 
vn 0.9902431964874268 -0.1354432851076126 0.03276457265019417 
vn 0.9894376993179321 -0.1429530680179596 0.024029340595006943 
vn 0.9895321726799011 -0.14296671748161316 0.01966099627315998 
vn 0.988556444644928 -0.1504555195569992 0.010923261754214764 
vn 0.9885941743850708 -0.15046127140522003 0.006554040592163801 
vn 0.9874485731124878 -0.15792569518089294 0.002184694167226553 
vn 0.9874485731124878 -0.15792569518089294 0.002184694167226553 
vn 0.9859022498130798 -0.13550914824008942 0.0981530249118805 
vn 0.9855045676231384 -0.1054782122373581 0.1328723281621933 
vn 0.9855045676231384 -0.1054782122373581 0.1328723281621933 
vn 0.20388902723789215 -0.5057598352432251 0.838234007358551 
vn 0.11471209675073624 -0.20368294417858124 0.9722933769226074 
vn 0.20755623281002045 -0.5121558904647827 0.8334367275238037 
vn 0.11880870908498764 -0.22078357636928558 0.9680594801902771 
vn 0.0018710092408582568 0.13935284316539764 0.9902410507202148 
vn 0.0055638207122683525 0.1262510120868683 0.9919826984405518 
vn -0.11002417653799057 0.4530419111251831 0.8846737742424011 
vn -0.1062028706073761 0.44599130749702454 0.888714075088501 
vn -0.18601253628730774 0.6602447032928467 0.7276512384414673 
vn -0.18601253628730774 0.6602447032928467 0.7276512384414673 
vn -0.20645380020141602 0.7207494974136353 0.661737859249115 
vn -0.20645380020141602 0.7207494974136353 0.661737859249115 
vn 0.2601589858531952 -0.7031502723693848 0.661737859249115 
vn 0.26762881875038147 -0.7064977288246155 0.6551609039306641 
vn 0.2921854853630066 -0.8113536238670349 0.5062933564186096 
vn 0.2921854853630066 -0.8113536238670349 0.5062933564186096 
vn 0.29617759585380554 -0.8431625366210938 0.4487268626689911 
vn 0.29617759585380554 -0.8431625366210938 0.4487268626689911 
vn -0.30711159110069275 0.8572691082954407 -0.41324591636657715 
vn -0.29639899730682373 0.8388908505439758 -0.456519216299057 
vn -0.29639899730682373 0.8388908505439758 -0.456519216299057 
vn -0.28865039348602295 0.7856959104537964 -0.5471406579017639 
vn -0.28506985306739807 0.7844504117965698 -0.5507928133010864 
vn -0.23995958268642426 0.6114070415496826 -0.7540562748908997 
vn -0.2309148907661438 0.600675106048584 -0.7654199600219727 
vn -0.1389780044555664 0.28110557794570923 -0.949560284614563 
vn -0.13501307368278503 0.2691453993320465 -0.953589141368866 
vn -0.022588860243558884 -0.08430277556180954 -0.9961841106414795 
vn -0.017005911096930504 -0.09887514263391495 -0.994954526424408 
vn 0.0826733410358429 -0.3865196406841278 -0.9185682535171509 
vn 0.08252052962779999 -0.39065152406692505 -0.916832447052002 
vn 0.16971483826637268 -0.610284149646759 -0.7737894654273987 
vn 0.16634216904640198 -0.6147090196609497 -0.7710143327713013 
vn 0.21236686408519745 -0.7220363616943359 -0.6584556698799133 
vn 0.21236686408519745 -0.7220363616943359 -0.6584556698799133 
vn -0.30711159110069275 0.8572691082954407 -0.41324591636657715 
vn 0.9602774977684021 0.26121464371681213 -0.0981530249118805 
vn 0.9602774977684021 0.26121464371681213 -0.0981530249118805 
vn 0.9607658386230469 0.26101693511009216 -0.09380380809307098 
vn 0.9607658386230469 0.26101693511009216 -0.09380380809307098 
vn 0.9634724259376526 0.2539268434047699 -0.08510008454322815 
vn 0.9634724259376526 0.2539268434047699 -0.08510008454322815 
vn 0.9642335772514343 0.25380730628967285 -0.0763898640871048 
vn 0.9642335772514343 0.25380730628967285 -0.0763898640871048 
vn 0.9648423194885254 0.2539675533771515 -0.06767380982637405 
vn 0.9645471572875977 0.25388985872268677 -0.07203252613544464 
vn 0.9632515907287598 0.26103198528289795 -0.0633138045668602 
vn 0.9632515907287598 0.26103198528289795 -0.0633138045668602 
vn 0.9617466330528259 0.26844608783721924 -0.05459024757146835 
vn 0.9617466330528259 0.26844608783721924 -0.05459024757146835 
vn 0.9599095582962036 0.2757733464241028 -0.05022686347365379 
vn 0.9599095582962036 0.2757733464241028 -0.05022686347365379 
vn 0.9577969908714294 0.28302326798439026 -0.05022686347365379 
vn 0.9577969908714294 0.28302326798439026 -0.05022686347365379 
vn -0.9617481231689453 -0.2573741376399994 0.09380380809307098 
vn -0.9644277691841125 -0.25027385354042053 0.08510008454322815 
vn -0.9644277691841125 -0.25027385354042053 0.08510008454322815 
vn -0.9642335772514343 -0.25380730628967285 0.0763898640871048 
vn -0.9642335772514343 -0.25380730628967285 0.0763898640871048 
vn -0.9645471572875977 -0.25388985872268677 0.07203252613544464 
vn -0.9648423194885254 -0.2539675533771515 0.06767380982637405 
vn -0.964231550693512 -0.25738856196403503 0.0633138045668602 
vn -0.964231550693512 -0.25738856196403503 0.0633138045668602 
vn -0.9627546072006226 -0.2648082971572876 0.05459024757146835 
vn -0.9627546072006226 -0.2648082971572876 0.05459024757146835 
vn -0.9588600993156433 -0.2794003188610077 0.05022686347365379 
vn -0.9588600993156433 -0.2794003188610077 0.05022686347365379 
vn -0.9567201733589172 -0.2866421937942505 0.05022686347365379 
vn -0.9567201733589172 -0.2866421937942505 0.05022686347365379 
vn -0.9617481231689453 -0.2573741376399994 0.09380380809307098 
vn -0.9602774977684021 -0.26121464371681213 0.0981530249118805 
vn -0.9602774977684021 -0.26121464371681213 0.0981530249118805 
vn -0.20737621188163757 -0.5043399930000305 0.838234007358551 
vn -0.11471209675073624 -0.20368294417858124 0.9722933769226074 
vn -0.21104158461093903 -0.5107295513153076 0.8334367275238037 
vn -0.11880870908498764 -0.22078357636928558 0.9680594801902771 
vn 0.0018710092408582568 0.13935284316539764 0.9902410507202148 
vn -0.009267705492675304 0.1260332614183426 0.9919826984405518 
vn 0.10636182874441147 0.45391568541526794 0.8846737742424011 
vn 0.10254105180501938 0.44684743881225586 0.888714075088501 
vn 0.18601253628730774 0.6602447032928467 0.7276512384414673 
vn 0.18601253628730774 0.6602447032928467 0.7276512384414673 
vn 0.2100740522146225 0.7197026610374451 0.661737859249115 
vn 0.2100740522146225 0.7197026610374451 0.661737859249115 
vn -0.26369011402130127 -0.7018337249755859 0.661737859249115 
vn -0.26409682631492615 -0.7078256011009216 0.6551609039306641 
vn -0.2921854853630066 -0.8113536238670349 0.5062933564186096 
vn -0.2921854853630066 -0.8113536238670349 0.5062933564186096 
vn -0.29617759585380554 -0.8431625366210938 0.4487268626689911 
vn -0.29617759585380554 -0.8431625366210938 0.4487268626689911 
vn 0.30711159110069275 0.8572691082954407 -0.41324591636657715 
vn 0.29639899730682373 0.8388908505439758 -0.456519216299057 
vn 0.29639899730682373 0.8388908505439758 -0.456519216299057 
vn 0.28865039348602295 0.7856959104537964 -0.5471406579017639 
vn 0.28506985306739807 0.7844504117965698 -0.5507928133010864 
vn 0.23995958268642426 0.6114070415496826 -0.7540562748908997 
vn 0.23443813621997833 0.5993087887763977 -0.7654199600219727 
vn 0.1389780044555664 0.28110557794570923 -0.949560284614563 
vn 0.13501307368278503 0.2691453993320465 -0.953589141368866 
vn 0.022588860243558884 -0.08430277556180954 -0.9961841106414795 
vn 0.01325214933604002 -0.09944784641265869 -0.994954526424408 
vn -0.0826733410358429 -0.3865196406841278 -0.9185682535171509 
vn -0.08252052962779999 -0.39065152406692505 -0.916832447052002 
vn -0.1660737693309784 -0.6112850308418274 -0.7737894654273987 
vn -0.16998980939388275 -0.613710343837738 -0.7710143327713013 
vn -0.21236686408519745 -0.7220363616943359 -0.6584556698799133 
vn -0.21236686408519745 -0.7220363616943359 -0.6584556698799133 
vn 0.30711159110069275 0.8572691082954407 -0.41324591636657715 
vn -0.9602774977684021 0.26121464371681213 -0.0981530249118805 
vn -0.9602774977684021 0.26121464371681213 -0.0981530249118805 
vn -0.9617481231689453 0.2573741376399994 -0.09380380809307098 
vn -0.9617481231689453 0.2573741376399994 -0.09380380809307098 
vn -0.9625032544136047 0.25757619738578796 -0.08510008454322815 
vn -0.9625032544136047 0.25757619738578796 -0.08510008454322815 
vn -0.9642335772514343 0.25380730628967285 -0.0763898640871048 
vn -0.9642335772514343 0.25380730628967285 -0.0763898640871048 
vn -0.9648423194885254 0.2539675533771515 -0.06767380982637405 
vn -0.9645471572875977 0.25388985872268677 -0.07203252613544464 
vn -0.964231550693512 0.25738856196403503 -0.0633138045668602 
vn -0.964231550693512 0.25738856196403503 -0.0633138045668602 
vn -0.9627546072006226 0.2648082971572876 -0.05459024757146835 
vn -0.9627546072006226 0.2648082971572876 -0.05459024757146835 
vn -0.9588600993156433 0.2794003188610077 -0.05022686347365379 
vn -0.9588600993156433 0.2794003188610077 -0.05022686347365379 
vn -0.9567201733589172 0.2866421937942505 -0.05022686347365379 
vn -0.9567201733589172 0.2866421937942505 -0.05022686347365379 
vn 0.9607658386230469 -0.26101693511009216 0.09380380809307098 
vn 0.9634724259376526 -0.2539268434047699 0.08510008454322815 
vn 0.9634724259376526 -0.2539268434047699 0.08510008454322815 
vn 0.9642335772514343 -0.25380730628967285 0.0763898640871048 
vn 0.9642335772514343 -0.25380730628967285 0.0763898640871048 
vn 0.9645471572875977 -0.25388985872268677 0.07203252613544464 
vn 0.9648423194885254 -0.2539675533771515 0.06767380982637405 
vn 0.9632515907287598 -0.26103198528289795 0.0633138045668602 
vn 0.9632515907287598 -0.26103198528289795 0.0633138045668602 
vn 0.9617466330528259 -0.26844608783721924 0.05459024757146835 
vn 0.9617466330528259 -0.26844608783721924 0.05459024757146835 
vn 0.9599095582962036 -0.2757733464241028 0.05022686347365379 
vn 0.9599095582962036 -0.2757733464241028 0.05022686347365379 
vn 0.9577969908714294 -0.28302326798439026 0.05022686347365379 
vn 0.9577969908714294 -0.28302326798439026 0.05022686347365379 
vn 0.9607658386230469 -0.26101693511009216 0.09380380809307098 
vn 0.9602774977684021 -0.26121464371681213 0.0981530249118805 
vn 0.9602774977684021 -0.26121464371681213 0.0981530249118805 
vn 0.1120307520031929 -0.49567338824272156 0.8612531423568726 
vn 0.068801149725914 -0.2845672369003296 0.9561840295791626 
vn 0.11579947173595428 -0.50251305103302 0.8567795157432556 
vn 0.06700348109006882 -0.2935614287853241 0.953589141368866 
vn 0.020038198679685593 -0.07596973329782486 0.9969087839126587 
vn 0.025556590408086777 -0.0834510326385498 0.9961841106414795 
vn -0.025957101956009865 0.1281033456325531 0.991421103477478 
vn -0.023971552029252052 0.1240791603922844 0.9919826984405518 
vn -0.08391622453927994 0.382139652967453 0.9202865362167358 
vn -0.08406510949134827 0.37798482179641724 0.9219872951507568 
vn -0.11386847496032715 0.5182150602340698 0.8476362228393555 
vn -0.11386847496032715 0.5182150602340698 0.8476362228393555 
vn 0.1533152312040329 -0.6910765171051025 0.7063339352607727 
vn 0.15520760416984558 -0.6969512701034546 0.7001210451126099 
vn 0.18899714946746826 -0.8546895980834961 0.4835140109062195 
vn 0.19273178279399872 -0.8516806960105896 0.48733407258987427 
vn 0.19840656220912933 -0.9128668904304504 0.3568037748336792 
vn 0.19840656220912933 -0.9128668904304504 0.3568037748336792 
vn -0.20798563957214355 0.9257979393005371 -0.31565824151039124 
vn -0.200357124209404 0.8826705813407898 -0.42514660954475403 
vn -0.1965608447790146 0.8854178190231323 -0.42118772864341736 
vn -0.1759863942861557 0.7904323935508728 -0.5867242813110352 
vn -0.17799405753612518 0.784694492816925 -0.5937783122062683 
vn -0.1386852264404297 0.6076197028160095 -0.7820260524749756 
vn -0.13485069572925568 0.5908194780349731 -0.7954543828964233 
vn -0.08040829002857208 0.3329031765460968 -0.9395264387130737 
vn -0.07858064770698547 0.3248848617076874 -0.9424833655357361 
vn -0.026279127225279808 0.11027190089225769 -0.9935539960861206 
vn -0.02434360608458519 0.10180319845676422 -0.9945066571235657 
vn 0.016953730955719948 -0.07671701908111572 -0.9969087839126587 
vn 0.01687120646238327 -0.08118870109319687 -0.9965559244155884 
vn 0.05068950355052948 -0.2584646940231323 -0.9646899104118347 
vn 0.05068950355052948 -0.2584646940231323 -0.9646899104118347 
vn 0.08241555094718933 -0.36593571305274963 -0.926983654499054 
vn 0.08241555094718933 -0.36593571305274963 -0.926983654499054 
vn -0.20798563957214355 0.9257979393005371 -0.31565824151039124 
vn 0.9812928438186646 0.12046648561954498 -0.15017375349998474 
vn 0.9812928438186646 0.12046648561954498 -0.15017375349998474 
vn 0.9801498055458069 0.1579165905714035 -0.11986933648586273 
vn 0.9807745218276978 0.1429205983877182 -0.1328723281621933 
vn 0.9813355803489685 0.16536776721477509 -0.0981530249118805 
vn 0.9813355803489685 0.16536776721477509 -0.0981530249118805 
vn 0.982553243637085 0.16536948084831238 -0.08510008454322815 
vn 0.982553243637085 0.16536948084831238 -0.08510008454322815 
vn 0.9839031100273132 0.1653934121131897 -0.06767380982637405 
vn 0.9836021065711975 0.16534282267093658 -0.07203252613544464 
vn 0.9847264885902405 0.16532890498638153 -0.05459024757146835 
vn 0.9844818711280823 0.1652878373861313 -0.058952588587999344 
vn 0.9841046929359436 0.17267289757728577 -0.04149730131030083 
vn 0.9838805794715881 0.17284557223320007 -0.04586252197623253 
vn 0.9817032217979431 0.1875772625207901 -0.03276457265019417 
vn 0.9830917716026306 0.18015825748443604 -0.03276457265019417 
vn 0.9803897738456726 0.19501164555549622 -0.028397228568792343 
vn 0.9803897738456726 0.19501164555549622 -0.028397228568792343 
vn -0.9813116192817688 -0.13918480277061462 0.1328723281621933 
vn -0.9811491370201111 -0.1689591258764267 0.09380380809307098 
vn -0.9813355803489685 -0.16536776721477509 0.0981530249118805 
vn -0.9831728935241699 -0.1616448014974594 0.08510008454322815 
vn -0.9831728935241699 -0.1616448014974594 0.08510008454322815 
vn -0.9836021065711975 -0.16534282267093658 0.07203252613544464 
vn -0.9839031100273132 -0.1653934121131897 0.06767380982637405 
vn -0.9838499426841736 -0.16900847852230072 0.058952588587999344 
vn -0.9840944409370422 -0.16905046999454498 0.05459024757146835 
vn -0.9845269918441772 -0.1691247820854187 0.04586252197623253 
vn -0.9841046929359436 -0.17267289757728577 0.04149730131030083 
vn -0.9830917716026306 -0.18015825748443604 0.03276457265019417 
vn -0.9818344712257385 -0.18760234117507935 0.028397228568792343 
vn -0.9803897738456726 -0.19501164555549622 0.028397228568792343 
vn -0.9803897738456726 -0.19501164555549622 0.028397228568792343 
vn -0.9801498055458069 -0.1579165905714035 0.11986933648586273 
vn -0.9808258414268494 -0.12421143800020218 0.15017375349998474 
vn -0.9808258414268494 -0.12421143800020218 0.15017375349998474 
s on 
f 1//1 2//2 3//3 
f 2//2 2//2 3//3 
f 3//3 2//2 4//4 
f 2//2 5//5 4//4 
f 4//4 5//5 6//6 
f 5//5 7//7 6//6 
f 6//6 7//7 8//8 
f 7//7 9//9 8//8 
f 8//8 9//9 10//10 
f 9//9 9//9 10//10 
f 10//10 9//9 11//11 
f 9//9 12//12 11//11 
f 11//11 12//12 12//12 
f 12//12 1//1 12//12 
f 12//12 1//1 1//1 
f 1//1 3//3 1//1 
f 1//1 3//3 13//13 
f 3//3 14//14 13//13 
f 13//13 14//14 13//13 
f 14//14 15//15 13//13 
f 13//13 15//15 16//16 
f 15//15 17//17 16//16 
f 16//16 17//17 18//18 
f 17//17 18//18 18//18 
f 18//18 18//18 19//19 
f 18//18 19//19 19//19 
f 19//19 19//19 20//20 
f 19//19 21//21 20//20 
f 20//20 21//21 20//20 
f 21//21 22//22 20//20 
f 20//20 22//22 23//23 
f 22//22 24//24 23//23 
f 23//23 24//24 25//25 
f 24//24 26//26 25//25 
f 25//25 26//26 27//27 
f 26//26 28//28 27//27 
f 27//27 28//28 29//29 
f 28//28 30//30 29//29 
f 29//29 30//30 31//31 
f 30//30 32//32 31//31 
f 31//31 32//32 33//33 
f 32//32 34//34 33//33 
f 33//33 34//34 35//35 
f 34//34 35//35 35//35 
f 35//35 35//35 19//19 
f 35//35 19//19 19//19 
f 19//19 19//19 21//21 
f 19//19 36//36 21//21 
f 21//21 36//36 36//36 
f 36//36 37//37 36//36 
f 36//36 37//37 37//37 
f 37//37 38//38 37//37 
f 37//37 38//38 39//39 
f 38//38 40//40 39//39 
f 39//39 40//40 41//41 
f 40//40 42//42 41//41 
f 41//41 42//42 43//43 
f 42//42 44//44 43//43 
f 43//43 44//44 43//43 
f 44//44 45//45 43//43 
f 43//43 45//45 46//46 
f 45//45 47//47 46//46 
f 46//46 47//47 48//48 
f 47//47 49//49 48//48 
f 48//48 49//49 50//50 
f 49//49 51//51 50//50 
f 50//50 51//51 52//52 
f 51//51 51//51 52//52 
f 52//52 51//51 53//53 
f 51//51 54//54 53//53 
f 53//53 54//54 54//54 
f 54//54 55//55 54//54 
f 54//54 55//55 55//55 
f 55//55 56//56 55//55 
f 55//55 56//56 57//57 
f 56//56 58//58 57//57 
f 57//57 58//58 59//59 
f 58//58 60//60 59//59 
f 59//59 60//60 61//61 
f 60//60 62//62 61//61 
f 61//61 62//62 63//63 
f 62//62 64//64 63//63 
f 63//63 64//64 65//65 
f 64//64 66//66 65//65 
f 65//65 66//66 67//67 
f 66//66 68//68 67//67 
f 67//67 68//68 69//69 
f 68//68 69//69 69//69 
f 69//69 69//69 56//56 
f 69//69 56//56 56//56 
f 56//56 56//56 70//70 
f 56//56 55//55 70//70 
f 70//70 55//55 70//70 
f 55//55 71//71 70//70 
f 70//70 71//71 72//72 
f 71//71 72//72 72//72 
f 72//72 72//72 73//73 
f 72//72 73//73 73//73 
f 73//73 73//73 73//73 
f 73//73 74//74 73//73 
f 73//73 74//74 75//75 
f 74//74 74//74 75//75 
f 75//75 74//74 76//76 
f 74//74 77//77 76//76 
f 76//76 77//77 78//78 
f 77//77 79//79 78//78 
f 78//78 79//79 79//79 
f 79//79 73//73 79//79 
f 79//79 73//73 73//73 
f 73//73 75//75 73//73 
f 73//73 75//75 80//80 
f 75//75 81//81 80//80 
f 80//80 81//81 82//82 
f 81//81 83//83 82//82 
f 82//82 83//83 82//82 
f 83//83 84//84 82//82 
f 82//82 84//84 85//85 
f 84//84 86//86 85//85 
f 85//85 86//86 87//87 
f 86//86 88//88 87//87 
f 87//87 88//88 89//89 
f 88//88 88//88 89//89 
f 89//89 88//88 90//90 
f 88//88 91//91 90//90 
f 90//90 91//91 91//91 
f 91//91 92//92 91//91 
f 91//91 92//92 92//92 
f 92//92 93//93 92//92 
f 92//92 93//93 94//94 
f 93//93 95//95 94//94 
f 94//94 95//95 96//96 
f 95//95 97//97 96//96 
f 96//96 97//97 98//98 
f 97//97 99//99 98//98 
f 98//98 99//99 100//100 
f 99//99 101//101 100//100 
f 100//100 101//101 102//102 
f 101//101 103//103 102//102 
f 102//102 103//103 104//104 
f 103//103 105//105 104//104 
f 104//104 105//105 106//106 
f 105//105 107//107 106//106 
f 106//106 107//107 108//108 
f 107//107 108//108 108//108 
f 108//108 108//108 93//93 
f 108//108 93//93 93//93 
f 93//93 93//93 109//109 
f 93//93 92//92 109//109 
f 109//109 92//92 109//109 
f 92//92 110//110 109//109 
f 109//109 110//110 111//111 
f 110//110 112//112 111//111 
f 111//111 112//112 113//113 
f 112//112 113//113 113//113 
f 113//113 113//113 114//114 
f 113//113 114//114 114//114 
f 114//114 114//114 115//115 
f 114//114 116//116 115//115 
f 115//115 116//116 117//117 
f 116//116 118//118 117//117 
f 117//117 118//118 117//117 
f 118//118 119//119 117//117 
f 117//117 119//119 120//120 
f 119//119 119//119 120//120 
f 120//120 119//119 121//121 
f 119//119 122//122 121//121 
f 121//121 122//122 121//121 
f 122//122 123//123 121//121 
f 121//121 123//123 124//124 
f 123//123 123//123 124//124 
f 124//124 123//123 125//125 
f 123//123 126//126 125//125 
f 125//125 126//126 127//127 
f 126//126 128//128 127//127 
f 127//127 128//128 127//127 
f 128//128 129//129 127//127 
f 127//127 129//129 130//130 
f 129//129 131//131 130//130 
f 130//130 131//131 132//132 
f 131//131 132//132 132//132 
f 132//132 132//132 116//116 
f 132//132 116//116 116//116 
f 116//116 116//116 133//133 
f 116//116 114//114 133//133 
f 133//133 114//114 134//134 
f 114//114 135//135 134//134 
f 134//134 135//135 135//135 
f 135//135 136//136 135//135 
f 135//135 136//136 136//136 
f 136//136 137//137 136//136 
f 136//136 137//137 138//138 
f 137//137 137//137 138//138 
f 138//138 137//137 139//139 
f 137//137 140//140 139//139 
f 139//139 140//140 141//141 
f 140//140 142//142 141//141 
f 141//141 142//142 143//143 
f 142//142 144//144 143//143 
f 143//143 144//144 145//145 
f 144//144 146//146 145//145 
f 145//145 146//146 147//147 
f 146//146 148//148 147//147 
f 147//147 148//148 149//149 
f 148//148 150//150 149//149 
f 149//149 150//150 151//151 
f 150//150 152//152 151//151 
f 151//151 152//152 153//153 
f 152//152 154//154 153//153 
f 153//153 154//154 155//155 
f 154//154 156//156 155//155 
f 155//155 156//156 157//157 
f 156//156 157//157 157//157 
f 157//157 157//157 78//78 
f 157//157 78//78 78//78 
f 78//78 78//78 158//158 
f 78//78 79//79 158//158 
f 158//158 79//79 158//158 
f 79//79 159//159 158//158 
f 158//158 159//159 160//160 
f 159//159 160//160 160//160 
f 160//160 160//160 161//161 
f 160//160 161//161 161//161 
f 161//161 161//161 162//162 
f 161//161 163//163 162//162 
f 162//162 163//163 164//164 
f 163//163 164//164 164//164 
f 164//164 164//164 165//165 
f 164//164 165//165 165//165 
f 165//165 165//165 165//165 
f 165//165 166//166 165//165 
f 165//165 166//166 167//167 
f 166//166 166//166 167//167 
f 167//167 166//166 168//168 
f 166//166 169//169 168//168 
f 168//168 169//169 170//170 
f 169//169 171//171 170//170 
f 170//170 171//171 171//171 
f 171//171 165//165 171//171 
f 171//171 165//165 165//165 
f 165//165 167//167 165//165 
f 165//165 167//167 172//172 
f 167//167 173//173 172//172 
f 172//172 173//173 174//174 
f 173//173 175//175 174//174 
f 174//174 175//175 174//174 
f 175//175 176//176 174//174 
f 174//174 176//176 177//177 
f 176//176 178//178 177//177 
f 177//177 178//178 179//179 
f 178//178 180//180 179//179 
f 179//179 180//180 181//181 
f 180//180 180//180 181//181 
f 181//181 180//180 182//182 
f 180//180 183//183 182//182 
f 182//182 183//183 183//183 
f 183//183 184//184 183//183 
f 183//183 184//184 184//184 
f 184//184 185//185 184//184 
f 184//184 185//185 186//186 
f 185//185 187//187 186//186 
f 186//186 187//187 188//188 
f 187//187 189//189 188//188 
f 188//188 189//189 190//190 
f 189//189 191//191 190//190 
f 190//190 191//191 192//192 
f 191//191 193//193 192//192 
f 192//192 193//193 194//194 
f 193//193 195//195 194//194 
f 194//194 195//195 196//196 
f 195//195 197//197 196//196 
f 196//196 197//197 198//198 
f 197//197 199//199 198//198 
f 198//198 199//199 200//200 
f 199//199 200//200 200//200 
f 200//200 200//200 185//185 
f 200//200 185//185 185//185 
f 185//185 185//185 201//201 
f 185//185 184//184 201//201 
f 201//201 184//184 201//201 
f 184//184 202//202 201//201 
f 201//201 202//202 203//203 
f 202//202 204//204 203//203 
f 203//203 204//204 205//205 
f 204//204 205//205 205//205 
f 205//205 205//205 206//206 
f 205//205 206//206 206//206 
f 206//206 206//206 207//207 
f 206//206 208//208 207//207 
f 207//207 208//208 209//209 
f 208//208 210//210 209//209 
f 209//209 210//210 209//209 
f 210//210 211//211 209//209 
f 209//209 211//211 212//212 
f 211//211 211//211 212//212 
f 212//212 211//211 213//213 
f 211//211 214//214 213//213 
f 213//213 214//214 213//213 
f 214//214 215//215 213//213 
f 213//213 215//215 216//216 
f 215//215 215//215 216//216 
f 216//216 215//215 217//217 
f 215//215 218//218 217//217 
f 217//217 218//218 219//219 
f 218//218 220//220 219//219 
f 219//219 220//220 219//219 
f 220//220 221//221 219//219 
f 219//219 221//221 222//222 
f 221//221 223//223 222//222 
f 222//222 223//223 224//224 
f 223//223 224//224 224//224 
f 224//224 224//224 208//208 
f 224//224 208//208 208//208 
f 208//208 208//208 225//225 
f 208//208 206//206 225//225 
f 225//225 206//206 226//226 
f 206//206 227//227 226//226 
f 226//226 227//227 227//227 
f 227//227 228//228 227//227 
f 227//227 228//228 228//228 
f 228//228 229//229 228//228 
f 228//228 229//229 230//230 
f 229//229 229//229 230//230 
f 230//230 229//229 231//231 
f 229//229 232//232 231//231 
f 231//231 232//232 233//233 
f 232//232 234//234 233//233 
f 233//233 234//234 235//235 
f 234//234 236//236 235//235 
f 235//235 236//236 237//237 
f 236//236 238//238 237//237 
f 237//237 238//238 239//239 
f 238//238 240//240 239//239 
f 239//239 240//240 241//241 
f 240//240 242//242 241//241 
f 241//241 242//242 243//243 
f 242//242 244//244 243//243 
f 243//243 244//244 245//245 
f 244//244 246//246 245//245 
f 245//245 246//246 247//247 
f 246//246 248//248 247//247 
f 247//247 248//248 249//249 
f 248//248 249//249 249//249 
f 249//249 249//249 170//170 
f 249//249 170//170 170//170 
f 170//170 170//170 250//250 
f 170//170 171//171 250//250 
f 250//250 171//171 250//250 
f 171//171 251//251 250//250 
f 250//250 251//251 252//252 
f 251//251 252//252 252//252 
f 252//252 252//252 253//253 
f 252//252 253//253 253//253 
f 253//253 253//253 254//254 
f 253//253 255//255 254//254 
f 254//254 255//255 256//256 
f 255//255 256//256 256//256 
f 256//256 256//256 257//257 
f 256//256 257//257 257//257 
f 257//257 257//257 257//257 
f 257//257 258//258 257//257 
f 257//257 258//258 259//259 
f 258//258 258//258 259//259 
f 259//259 258//258 260//260 
f 258//258 261//261 260//260 
f 260//260 261//261 262//262 
f 261//261 263//263 262//262 
f 262//262 263//263 263//263 
f 263//263 257//257 263//263 
f 263//263 257//257 257//257 
f 257//257 259//259 257//257 
f 257//257 259//259 264//264 
f 259//259 265//265 264//264 
f 264//264 265//265 266//266 
f 265//265 267//267 266//266 
f 266//266 267//267 266//266 
f 267//267 268//268 266//266 
f 266//266 268//268 269//269 
f 268//268 270//270 269//269 
f 269//269 270//270 271//271 
f 270//270 272//272 271//271 
f 271//271 272//272 273//273 
f 272//272 272//272 273//273 
f 273//273 272//272 274//274 
f 272//272 275//275 274//274 
f 274//274 275//275 275//275 
f 275//275 276//276 275//275 
f 275//275 276//276 276//276 
f 276//276 277//277 276//276 
f 276//276 277//277 278//278 
f 277//277 279//279 278//278 
f 278//278 279//279 280//280 
f 279//279 281//281 280//280 
f 280//280 281//281 282//282 
f 281//281 283//283 282//282 
f 282//282 283//283 284//284 
f 283//283 285//285 284//284 
f 284//284 285//285 286//286 
f 285//285 287//287 286//286 
f 286//286 287//287 288//288 
f 287//287 289//289 288//288 
f 288//288 289//289 290//290 
f 289//289 291//291 290//290 
f 290//290 291//291 292//292 
f 291//291 292//292 292//292 
f 292//292 292//292 277//277 
f 292//292 277//277 277//277 
f 277//277 277//277 293//293 
f 277//277 276//276 293//293 
f 293//293 276//276 293//293 
f 276//276 294//294 293//293 
f 293//293 294//294 295//295 
f 294//294 296//296 295//295 
f 295//295 296//296 297//297 
f 296//296 297//297 297//297 
f 297//297 297//297 298//298 
f 297//297 298//298 298//298 
f 298//298 298//298 299//299 
f 298//298 300//300 299//299 
f 299//299 300//300 301//301 
f 300//300 302//302 301//301 
f 301//301 302//302 301//301 
f 302//302 303//303 301//301 
f 301//301 303//303 304//304 
f 303//303 303//303 304//304 
f 304//304 303//303 305//305 
f 303//303 306//306 305//305 
f 305//305 306//306 305//305 
f 306//306 307//307 305//305 
f 305//305 307//307 308//308 
f 307//307 307//307 308//308 
f 308//308 307//307 309//309 
f 307//307 310//310 309//309 
f 309//309 310//310 311//311 
f 310//310 312//312 311//311 
f 311//311 312//312 311//311 
f 312//312 313//313 311//311 
f 311//311 313//313 314//314 
f 313//313 315//315 314//314 
f 314//314 315//315 316//316 
f 315//315 316//316 316//316 
f 316//316 316//316 300//300 
f 316//316 300//300 300//300 
f 300//300 300//300 317//317 
f 300//300 298//298 317//317 
f 317//317 298//298 318//318 
f 298//298 319//319 318//318 
f 318//318 319//319 319//319 
f 319//319 320//320 319//319 
f 319//319 320//320 320//320 
f 320//320 321//321 320//320 
f 320//320 321//321 322//322 
f 321//321 321//321 322//322 
f 322//322 321//321 323//323 
f 321//321 324//324 323//323 
f 323//323 324//324 325//325 
f 324//324 326//326 325//325 
f 325//325 326//326 327//327 
f 326//326 328//328 327//327 
f 327//327 328//328 329//329 
f 328//328 330//330 329//329 
f 329//329 330//330 331//331 
f 330//330 332//332 331//331 
f 331//331 332//332 333//333 
f 332//332 334//334 333//333 
f 333//333 334//334 335//335 
f 334//334 336//336 335//335 
f 335//335 336//336 337//337 
f 336//336 338//338 337//337 
f 337//337 338//338 339//339 
f 338//338 340//340 339//339 
f 339//339 340//340 341//341 
f 340//340 341//341 341//341 
f 341//341 341//341 262//262 
f 341//341 262//262 262//262 
f 262//262 262//262 342//342 
f 262//262 263//263 342//342 
f 342//342 263//263 342//342 
f 263//263 343//343 342//342 
f 342//342 343//343 344//344 
f 343//343 344//344 344//344 
f 344//344 344//344 345//345 
f 344//344 345//345 345//345 
f 345//345 345//345 346//346 
f 345//345 347//347 346//346 
f 346//346 347//347 348//348 
f 347//347 348//348 348//348 
f 348//348 348//348 349//349 
f 348//348 349//349 349//349 
f 349//349 349//349 349//349 
f 349//349 350//350 349//349 
f 349//349 350//350 351//351 
f 350//350 350//350 351//351 
f 351//351 350//350 352//352 
f 350//350 353//353 352//352 
f 352//352 353//353 354//354 
f 353//353 355//355 354//354 
f 354//354 355//355 355//355 
f 355//355 349//349 355//355 
f 355//355 349//349 349//349 
f 349//349 351//351 349//349 
f 349//349 351//351 356//356 
f 351//351 357//357 356//356 
f 356//356 357//357 358//358 
f 357//357 359//359 358//358 
f 358//358 359//359 358//358 
f 359//359 360//360 358//358 
f 358//358 360//360 361//361 
f 360//360 362//362 361//361 
f 361//361 362//362 363//363 
f 362//362 364//364 363//363 
f 363//363 364//364 365//365 
f 364//364 364//364 365//365 
f 365//365 364//364 366//366 
f 364//364 367//367 366//366 
f 366//366 367//367 367//367 
f 367//367 368//368 367//367 
f 367//367 368//368 368//368 
f 368//368 369//369 368//368 
f 368//368 369//369 370//370 
f 369//369 371//371 370//370 
f 370//370 371//371 372//372 
f 371//371 373//373 372//372 
f 372//372 373//373 374//374 
f 373//373 375//375 374//374 
f 374//374 375//375 376//376 
f 375//375 377//377 376//376 
f 376//376 377//377 378//378 
f 377//377 379//379 378//378 
f 378//378 379//379 380//380 
f 379//379 381//381 380//380 
f 380//380 381//381 382//382 
f 381//381 383//383 382//382 
f 382//382 383//383 384//384 
f 383//383 384//384 384//384 
f 384//384 384//384 369//369 
f 384//384 369//369 369//369 
f 369//369 369//369 385//385 
f 369//369 368//368 385//385 
f 385//385 368//368 385//385 
f 368//368 386//386 385//385 
f 385//385 386//386 387//387 
f 386//386 388//388 387//387 
f 387//387 388//388 389//389 
f 388//388 389//389 389//389 
f 389//389 389//389 390//390 
f 389//389 390//390 390//390 
f 390//390 390//390 391//391 
f 390//390 392//392 391//391 
f 391//391 392//392 393//393 
f 392//392 394//394 393//393 
f 393//393 394//394 393//393 
f 394//394 395//395 393//393 
f 393//393 395//395 396//396 
f 395//395 395//395 396//396 
f 396//396 395//395 397//397 
f 395//395 398//398 397//397 
f 397//397 398//398 397//397 
f 398//398 399//399 397//397 
f 397//397 399//399 400//400 
f 399//399 399//399 400//400 
f 400//400 399//399 401//401 
f 399//399 402//402 401//401 
f 401//401 402//402 403//403 
f 402//402 404//404 403//403 
f 403//403 404//404 403//403 
f 404//404 405//405 403//403 
f 403//403 405//405 406//406 
f 405//405 407//407 406//406 
f 406//406 407//407 408//408 
f 407//407 408//408 408//408 
f 408//408 408//408 392//392 
f 408//408 392//392 392//392 
f 392//392 392//392 409//409 
f 392//392 390//390 409//409 
f 409//409 390//390 410//410 
f 390//390 411//411 410//410 
f 410//410 411//411 411//411 
f 411//411 412//412 411//411 
f 411//411 412//412 412//412 
f 412//412 413//413 412//412 
f 412//412 413//413 414//414 
f 413//413 413//413 414//414 
f 414//414 413//413 415//415 
f 413//413 416//416 415//415 
f 415//415 416//416 417//417 
f 416//416 418//418 417//417 
f 417//417 418//418 419//419 
f 418//418 420//420 419//419 
f 419//419 420//420 421//421 
f 420//420 422//422 421//421 
f 421//421 422//422 423//423 
f 422//422 424//424 423//423 
f 423//423 424//424 425//425 
f 424//424 426//426 425//425 
f 425//425 426//426 427//427 
f 426//426 428//428 427//427 
f 427//427 428//428 429//429 
f 428//428 430//430 429//429 
f 429//429 430//430 431//431 
f 430//430 432//432 431//431 
f 431//431 432//432 433//433 
f 432//432 433//433 433//433 
f 433//433 433//433 354//354 
f 433//433 354//354 354//354 
f 354//354 354//354 434//434 
f 354//354 355//355 434//434 
f 434//434 355//355 434//434 
f 355//355 435//435 434//434 
f 434//434 435//435 436//436 
f 435//435 436//436 436//436 
f 436//436 436//436 437//437 
f 436//436 437//437 437//437 
f 437//437 437//437 438//438 
f 437//437 439//439 438//438 
f 438//438 439//439 440//440 
f 439//439 440//440 440//440 
f 440//440 440//440 441//441 
f 440//440 441//441 441//441 
f 441//441 441//441 441//441 
f 441//441 442//442 441//441 
f 441//441 442//442 443//443 
f 442//442 442//442 443//443 
f 443//443 442//442 444//444 
f 442//442 445//445 444//444 
f 444//444 445//445 446//446 
f 445//445 447//447 446//446 
f 446//446 447//447 448//448 
f 447//447 447//447 448//448 
f 448//448 447//447 449//449 
f 447//447 450//450 449//449 
f 449//449 450//450 451//451 
f 450//450 452//452 451//451 
f 451//451 452//452 451//451 
f 452//452 453//453 451//451 
f 451//451 453//453 454//454 
f 453//453 455//455 454//454 
f 454//454 455//455 456//456 
f 455//455 457//457 456//456 
f 456//456 457//457 458//458 
f 457//457 457//457 458//458 
f 458//458 457//457 459//459 
f 457//457 460//460 459//459 
f 459//459 460//460 460//460 
f 460//460 461//461 460//460 
f 460//460 461//461 461//461 
f 461//461 462//462 461//461 
f 461//461 462//462 463//463 
f 462//462 464//464 463//463 
f 463//463 464//464 465//465 
f 464//464 466//466 465//465 
f 465//465 466//466 467//467 
f 466//466 468//468 467//467 
f 467//467 468//468 469//469 
f 468//468 470//470 469//469 
f 469//469 470//470 471//471 
f 470//470 472//472 471//471 
f 471//471 472//472 473//473 
f 472//472 474//474 473//473 
f 473//473 474//474 475//475 
f 474//474 475//475 475//475 
f 475//475 475//475 462//462 
f 475//475 462//462 462//462 
f 462//462 462//462 476//476 
f 462//462 461//461 476//476 
f 476//476 461//461 476//476 
f 461//461 477//477 476//476 
f 476//476 477//477 478//478 
f 477//477 479//479 478//478 
f 478//478 479//479 480//480 
f 479//479 480//480 480//480 
f 480//480 480//480 481//481 
f 480//480 481//481 481//481 
f 481//481 481//481 482//482 
f 481//481 483//483 482//482 
f 482//482 483//483 484//484 
f 483//483 485//485 484//484 
f 484//484 485//485 484//484 
f 485//485 486//486 484//484 
f 484//484 486//486 487//487 
f 486//486 486//486 487//487 
f 487//487 486//486 488//488 
f 486//486 489//489 488//488 
f 488//488 489//489 488//488 
f 489//489 490//490 488//488 
f 488//488 490//490 491//491 
f 490//490 490//490 491//491 
f 491//491 490//490 492//492 
f 490//490 493//493 492//492 
f 492//492 493//493 494//494 
f 493//493 495//495 494//494 
f 494//494 495//495 494//494 
f 495//495 496//496 494//494 
f 494//494 496//496 497//497 
f 496//496 497//497 497//497 
f 497//497 497//497 483//483 
f 497//497 483//483 483//483 
f 483//483 483//483 498//498 
f 483//483 481//481 498//498 
f 498//498 481//481 499//499 
f 481//481 500//500 499//499 
f 499//499 500//500 500//500 
f 500//500 501//501 500//500 
f 500//500 501//501 501//501 
f 501//501 502//502 501//501 
f 501//501 502//502 503//503 
f 502//502 502//502 503//503 
f 503//503 502//502 504//504 
f 502//502 505//505 504//504 
f 504//504 505//505 506//506 
f 505//505 507//507 506//506 
f 506//506 507//507 508//508 
f 507//507 509//509 508//508 
f 508//508 509//509 510//510 
f 509//509 511//511 510//510 
f 510//510 511//511 512//512 
f 511//511 513//513 512//512 
f 512//512 513//513 514//514 
f 513//513 515//515 514//514 
f 514//514 515//515 516//516 
f 515//515 517//517 516//516 
f 516//516 517//517 518//518 
f 517//517 519//519 518//518 
f 518//518 519//519 520//520 
f 519//519 520//520 520//520 
f 520//520 520//520 521//521 
f 520//520 521//521 521//521 
f 521//521 521//521 522//522 
f 521//521 523//523 522//522 
f 522//522 523//523 524//524 
f 523//523 524//524 524//524 
f 524//524 524//524 525//525 
f 524//524 525//525 525//525 
f 525//525 525//525 525//525 
f 525//525 526//526 525//525 
f 525//525 526//526 527//527 
f 526//526 526//526 527//527 
f 527//527 526//526 528//528 
f 526//526 529//529 528//528 
f 528//528 529//529 530//530 
f 529//529 531//531 530//530 
f 530//530 531//531 532//532 
f 531//531 531//531 532//532 
f 532//532 531//531 533//533 
f 531//531 534//534 533//533 
f 533//533 534//534 535//535 
f 534//534 536//536 535//535 
f 535//535 536//536 535//535 
f 536//536 537//537 535//535 
f 535//535 537//537 538//538 
f 537//537 539//539 538//538 
f 538//538 539//539 540//540 
f 539//539 541//541 540//540 
f 540//540 541//541 542//542 
f 541//541 541//541 542//542 
f 542//542 541//541 543//543 
f 541//541 544//544 543//543 
f 543//543 544//544 544//544 
f 544//544 545//545 544//544 
f 544//544 545//545 545//545 
f 545//545 546//546 545//545 
f 545//545 546//546 547//547 
f 546//546 548//548 547//547 
f 547//547 548//548 549//549 
f 548//548 550//550 549//549 
f 549//549 550//550 551//551 
f 550//550 552//552 551//551 
f 551//551 552//552 553//553 
f 552//552 554//554 553//553 
f 553//553 554//554 555//555 
f 554//554 556//556 555//555 
f 555//555 556//556 557//557 
f 556//556 558//558 557//557 
f 557//557 558//558 559//559 
f 558//558 559//559 559//559 
f 559//559 559//559 546//546 
f 559//559 546//546 546//546 
f 546//546 546//546 560//560 
f 546//546 545//545 560//560 
f 560//560 545//545 560//560 
f 545//545 561//561 560//560 
f 560//560 561//561 562//562 
f 561//561 563//563 562//562 
f 562//562 563//563 564//564 
f 563//563 564//564 564//564 
f 564//564 564//564 565//565 
f 564//564 565//565 565//565 
f 565//565 565//565 566//566 
f 565//565 567//567 566//566 
f 566//566 567//567 568//568 
f 567//567 569//569 568//568 
f 568//568 569//569 568//568 
f 569//569 570//570 568//568 
f 568//568 570//570 571//571 
f 570//570 570//570 571//571 
f 571//571 570//570 572//572 
f 570//570 573//573 572//572 
f 572//572 573//573 572//572 
f 573//573 574//574 572//572 
f 572//572 574//574 575//575 
f 574//574 574//574 575//575 
f 575//575 574//574 576//576 
f 574//574 577//577 576//576 
f 576//576 577//577 578//578 
f 577//577 579//579 578//578 
f 578//578 579//579 578//578 
f 579//579 580//580 578//578 
f 578//578 580//580 581//581 
f 580//580 581//581 581//581 
f 581//581 581//581 567//567 
f 581//581 567//567 567//567 
f 567//567 567//567 582//582 
f 567//567 565//565 582//582 
f 582//582 565//565 583//583 
f 565//565 584//584 583//583 
f 583//583 584//584 584//584 
f 584//584 585//585 584//584 
f 584//584 585//585 585//585 
f 585//585 586//586 585//585 
f 585//585 586//586 587//587 
f 586//586 586//586 587//587 
f 587//587 586//586 588//588 
f 586//586 589//589 588//588 
f 588//588 589//589 590//590 
f 589//589 591//591 590//590 
f 590//590 591//591 592//592 
f 591//591 593//593 592//592 
f 592//592 593//593 594//594 
f 593//593 595//595 594//594 
f 594//594 595//595 596//596 
f 595//595 597//597 596//596 
f 596//596 597//597 598//598 
f 597//597 599//599 598//598 
f 598//598 599//599 600//600 
f 599//599 601//601 600//600 
f 600//600 601//601 602//602 
f 601//601 603//603 602//602 
f 602//602 603//603 604//604 
f 603//603 604//604 604//604 
f 604//604 604//604 605//605 
f 604//604 605//605 605//605 
f 605//605 605//605 606//606 
f 605//605 607//607 606//606 
f 606//606 607//607 608//608 
f 607//607 608//608 608//608 
f 608//608 608//608 609//609 
f 608//608 609//609 609//609 
f 609//609 609//609 609//609 
f 609//609 610//610 609//609 
f 609//609 610//610 611//611 
f 610//610 610//610 611//611 
f 611//611 610//610 612//612 
f 610//610 613//613 612//612 
f 612//612 613//613 614//614 
f 613//613 615//615 614//614 
f 614//614 615//615 616//616 
f 615//615 615//615 616//616 
f 616//616 615//615 617//617 
f 615//615 618//618 617//617 
f 617//617 618//618 619//619 
f 618//618 620//620 619//619 
f 619//619 620//620 619//619 
f 620//620 621//621 619//619 
f 619//619 621//621 622//622 
f 621//621 623//623 622//622 
f 622//622 623//623 624//624 
f 623//623 625//625 624//624 
f 624//624 625//625 626//626 
f 625//625 625//625 626//626 
f 626//626 625//625 627//627 
f 625//625 628//628 627//627 
f 627//627 628//628 628//628 
f 628//628 629//629 628//628 
f 628//628 629//629 629//629 
f 629//629 630//630 629//629 
f 629//629 630//630 631//631 
f 630//630 632//632 631//631 
f 631//631 632//632 633//633 
f 632//632 634//634 633//633 
f 633//633 634//634 635//635 
f 634//634 636//636 635//635 
f 635//635 636//636 637//637 
f 636//636 638//638 637//637 
f 637//637 638//638 639//639 
f 638//638 640//640 639//639 
f 639//639 640//640 641//641 
f 640//640 642//642 641//641 
f 641//641 642//642 643//643 
f 642//642 643//643 643//643 
f 643//643 643//643 630//630 
f 643//643 630//630 630//630 
f 630//630 630//630 644//644 
f 630//630 629//629 644//644 
f 644//644 629//629 644//644 
f 629//629 645//645 644//644 
f 644//644 645//645 646//646 
f 645//645 647//647 646//646 
f 646//646 647//647 648//648 
f 647//647 648//648 648//648 
f 648//648 648//648 649//649 
f 648//648 649//649 649//649 
f 649//649 649//649 650//650 
f 649//649 651//651 650//650 
f 650//650 651//651 652//652 
f 651//651 653//653 652//652 
f 652//652 653//653 652//652 
f 653//653 654//654 652//652 
f 652//652 654//654 655//655 
f 654//654 654//654 655//655 
f 655//655 654//654 656//656 
f 654//654 657//657 656//656 
f 656//656 657//657 656//656 
f 657//657 658//658 656//656 
f 656//656 658//658 659//659 
f 658//658 658//658 659//659 
f 659//659 658//658 660//660 
f 658//658 661//661 660//660 
f 660//660 661//661 662//662 
f 661//661 663//663 662//662 
f 662//662 663//663 662//662 
f 663//663 664//664 662//662 
f 662//662 664//664 665//665 
f 664//664 665//665 665//665 
f 665//665 665//665 651//651 
f 665//665 651//651 651//651 
f 651//651 651//651 666//666 
f 651//651 649//649 666//666 
f 666//666 649//649 667//667 
f 649//649 668//668 667//667 
f 667//667 668//668 668//668 
f 668//668 669//669 668//668 
f 668//668 669//669 669//669 
f 669//669 670//670 669//669 
f 669//669 670//670 671//671 
f 670//670 670//670 671//671 
f 671//671 670//670 672//672 
f 670//670 673//673 672//672 
f 672//672 673//673 674//674 
f 673//673 675//675 674//674 
f 674//674 675//675 676//676 
f 675//675 677//677 676//676 
f 676//676 677//677 678//678 
f 677//677 679//679 678//678 
f 678//678 679//679 680//680 
f 679//679 681//681 680//680 
f 680//680 681//681 682//682 
f 681//681 683//683 682//682 
f 682//682 683//683 684//684 
f 683//683 685//685 684//684 
f 684//684 685//685 686//686 
f 685//685 687//687 686//686 
f 686//686 687//687 688//688 
f 687//687 688//688 688//688 
f 688//688 688//688 689//689 
f 688//688 689//689 689//689 
f 689//689 689//689 690//690 
f 689//689 691//691 690//690 
f 690//690 691//691 692//692 
f 691//691 692//692 692//692 
f 692//692 692//692 693//693 
f 692//692 693//693 693//693 
f 693//693 693//693 693//693 
f 693//693 694//694 693//693 
f 693//693 694//694 695//695 
f 694//694 694//694 695//695 
f 695//695 694//694 696//696 
f 694//694 697//697 696//696 
f 696//696 697//697 698//698 
f 697//697 699//699 698//698 
f 698//698 699//699 700//700 
f 699//699 699//699 700//700 
f 700//700 699//699 701//701 
f 699//699 702//702 701//701 
f 701//701 702//702 703//703 
f 702//702 704//704 703//703 
f 703//703 704//704 703//703 
f 704//704 705//705 703//703 
f 703//703 705//705 706//706 
f 705//705 707//707 706//706 
f 706//706 707//707 708//708 
f 707//707 709//709 708//708 
f 708//708 709//709 710//710 
f 709//709 709//709 710//710 
f 710//710 709//709 711//711 
f 709//709 712//712 711//711 
f 711//711 712//712 712//712 
f 712//712 713//713 712//712 
f 712//712 713//713 713//713 
f 713//713 714//714 713//713 
f 713//713 714//714 715//715 
f 714//714 716//716 715//715 
f 715//715 716//716 717//717 
f 716//716 718//718 717//717 
f 717//717 718//718 719//719 
f 718//718 720//720 719//719 
f 719//719 720//720 721//721 
f 720//720 722//722 721//721 
f 721//721 722//722 723//723 
f 722//722 724//724 723//723 
f 723//723 724//724 725//725 
f 724//724 726//726 725//725 
f 725//725 726//726 727//727 
f 726//726 727//727 727//727 
f 727//727 727//727 714//714 
f 727//727 714//714 714//714 
f 714//714 714//714 728//728 
f 714//714 713//713 728//728 
f 728//728 713//713 728//728 
f 713//713 729//729 728//728 
f 728//728 729//729 730//730 
f 729//729 731//731 730//730 
f 730//730 731//731 732//732 
f 731//731 732//732 732//732 
f 732//732 732//732 733//733 
f 732//732 733//733 733//733 
f 733//733 733//733 734//734 
f 733//733 735//735 734//734 
f 734//734 735//735 736//736 
f 735//735 737//737 736//736 
f 736//736 737//737 736//736 
f 737//737 738//738 736//736 
f 736//736 738//738 739//739 
f 738//738 738//738 739//739 
f 739//739 738//738 740//740 
f 738//738 741//741 740//740 
f 740//740 741//741 740//740 
f 741//741 742//742 740//740 
f 740//740 742//742 743//743 
f 742//742 742//742 743//743 
f 743//743 742//742 744//744 
f 742//742 745//745 744//744 
f 744//744 745//745 746//746 
f 745//745 747//747 746//746 
f 746//746 747//747 746//746 
f 747//747 748//748 746//746 
f 746//746 748//748 749//749 
f 748//748 749//749 749//749 
f 749//749 749//749 735//735 
f 749//749 735//735 735//735 
f 735//735 735//735 750//750 
f 735//735 733//733 750//750 
f 750//750 733//733 751//751 
f 733//733 752//752 751//751 
f 751//751 752//752 752//752 
f 752//752 753//753 752//752 
f 752//752 753//753 753//753 
f 753//753 754//754 753//753 
f 753//753 754//754 755//755 
f 754//754 754//754 755//755 
f 755//755 754//754 756//756 
f 754//754 757//757 756//756 
f 756//756 757//757 758//758 
f 757//757 759//759 758//758 
f 758//758 759//759 760//760 
f 759//759 761//761 760//760 
f 760//760 761//761 762//762 
f 761//761 763//763 762//762 
f 762//762 763//763 764//764 
f 763//763 765//765 764//764 
f 764//764 765//765 766//766 
f 765//765 767//767 766//766 
f 766//766 767//767 768//768 
f 767//767 769//769 768//768 
f 768//768 769//769 770//770 
f 769//769 771//771 770//770 
f 770//770 771//771 772//772 
f 771//771 772//772 772//772 
f 772//772 772//772 773//773 
f 772//772 773//773 773//773 
f 773//773 773//773 774//774 
f 773//773 775//775 774//774 
f 774//774 775//775 776//776 
f 775//775 776//776 776//776 
f 776//776 776//776 777//777 
f 776//776 777//777 777//777 
f 777//777 777//777 777//777 
f 777//777 778//778 777//777 
f 777//777 778//778 779//779 
f 778//778 778//778 779//779 
f 779//779 778//778 780//780 
f 778//778 781//781 780//780 
f 780//780 781//781 782//782 
f 781//781 783//783 782//782 
f 782//782 783//783 784//784 
f 783//783 785//785 784//784 
f 784//784 785//785 786//786 
f 785//785 785//785 786//786 
f 786//786 785//785 787//787 
f 785//785 788//788 787//787 
f 787//787 788//788 788//788 
f 788//788 777//777 788//788 
f 788//788 777//777 777//777 
f 777//777 779//779 777//777 
f 777//777 779//779 789//789 
f 779//779 790//790 789//789 
f 789//789 790//790 789//789 
f 790//790 791//791 789//789 
f 789//789 791//791 792//792 
f 791//791 793//793 792//792 
f 792//792 793//793 794//794 
f 793//793 794//794 794//794 
f 794//794 794//794 795//795 
f 794//794 795//795 795//795 
f 795//795 795//795 796//796 
f 795//795 797//797 796//796 
f 796//796 797//797 796//796 
f 797//797 798//798 796//796 
f 796//796 798//798 799//799 
f 798//798 800//800 799//799 
f 799//799 800//800 801//801 
f 800//800 802//802 801//801 
f 801//801 802//802 803//803 
f 802//802 804//804 803//803 
f 803//803 804//804 805//805 
f 804//804 806//806 805//805 
f 805//805 806//806 807//807 
f 806//806 808//808 807//807 
f 807//807 808//808 809//809 
f 808//808 810//810 809//809 
f 809//809 810//810 811//811 
f 810//810 811//811 811//811 
f 811//811 811//811 795//795 
f 811//811 795//795 795//795 
f 795//795 795//795 797//797 
f 795//795 812//812 797//797 
f 797//797 812//812 812//812 
f 812//812 813//813 812//812 
f 812//812 813//813 813//813 
f 813//813 814//814 813//813 
f 813//813 814//814 815//815 
f 814//814 816//816 815//815 
f 815//815 816//816 817//817 
f 816//816 818//818 817//817 
f 817//817 818//818 819//819 
f 818//818 820//820 819//819 
f 819//819 820//820 819//819 
f 820//820 821//821 819//819 
f 819//819 821//821 822//822 
f 821//821 823//823 822//822 
f 822//822 823//823 824//824 
f 823//823 825//825 824//824 
f 824//824 825//825 826//826 
f 825//825 827//827 826//826 
f 826//826 827//827 828//828 
f 827//827 827//827 828//828 
f 828//828 827//827 829//829 
f 827//827 830//830 829//829 
f 829//829 830//830 830//830 
f 830//830 831//831 830//830 
f 830//830 831//831 831//831 
f 831//831 832//832 831//831 
f 831//831 832//832 833//833 
f 832//832 834//834 833//833 
f 833//833 834//834 835//835 
f 834//834 836//836 835//835 
f 835//835 836//836 837//837 
f 836//836 838//838 837//837 
f 837//837 838//838 839//839 
f 838//838 840//840 839//839 
f 839//839 840//840 841//841 
f 840//840 842//842 841//841 
f 841//841 842//842 843//843 
f 842//842 844//844 843//843 
f 843//843 844//844 845//845 
f 844//844 845//845 845//845 
f 845//845 845//845 832//832 
f 845//845 832//832 832//832 
f 832//832 832//832 846//846 
f 832//832 831//831 846//846 
f 846//846 831//831 846//846 
f 831//831 847//847 846//846 
f 846//846 847//847 848//848 
f 847//847 848//848 848//848 
f 848//848 848//848 849//849 
f 848//848 849//849 849//849 
f 849//849 849//849 849//849 
f 849//849 850//850 849//849 
f 849//849 850//850 851//851 
f 850//850 850//850 851//851 
f 851//851 850//850 852//852 
f 850//850 853//853 852//852 
f 852//852 853//853 854//854 
f 853//853 855//855 854//854 
f 854//854 855//855 856//856 
f 855//855 857//857 856//856 
f 856//856 857//857 858//858 
f 857//857 857//857 858//858 
f 858//858 857//857 859//859 
f 857//857 860//860 859//859 
f 859//859 860//860 860//860 
f 860//860 849//849 860//860 
f 860//860 849//849 849//849 
f 849//849 851//851 849//849 
f 849//849 851//851 861//861 
f 851//851 862//862 861//861 
f 861//861 862//862 861//861 
f 862//862 863//863 861//861 
f 861//861 863//863 864//864 
f 863//863 865//865 864//864 
f 864//864 865//865 866//866 
f 865//865 866//866 866//866 
f 866//866 866//866 867//867 
f 866//866 867//867 867//867 
f 867//867 867//867 868//868 
f 867//867 869//869 868//868 
f 868//868 869//869 868//868 
f 869//869 870//870 868//868 
f 868//868 870//870 871//871 
f 870//870 872//872 871//871 
f 871//871 872//872 873//873 
f 872//872 874//874 873//873 
f 873//873 874//874 875//875 
f 874//874 876//876 875//875 
f 875//875 876//876 877//877 
f 876//876 878//878 877//877 
f 877//877 878//878 879//879 
f 878//878 880//880 879//879 
f 879//879 880//880 881//881 
f 880//880 882//882 881//881 
f 881//881 882//882 883//883 
f 882//882 883//883 883//883 
f 883//883 883//883 867//867 
f 883//883 867//867 867//867 
f 867//867 867//867 869//869 
f 867//867 884//884 869//869 
f 869//869 884//884 884//884 
f 884//884 885//885 884//884 
f 884//884 885//885 885//885 
f 885//885 886//886 885//885 
f 885//885 886//886 887//887 
f 886//886 888//888 887//887 
f 887//887 888//888 889//889 
f 888//888 890//890 889//889 
f 889//889 890//890 891//891 
f 890//890 892//892 891//891 
f 891//891 892//892 891//891 
f 892//892 893//893 891//891 
f 891//891 893//893 894//894 
f 893//893 895//895 894//894 
f 894//894 895//895 896//896 
f 895//895 897//897 896//896 
f 896//896 897//897 898//898 
f 897//897 899//899 898//898 
f 898//898 899//899 900//900 
f 899//899 899//899 900//900 
f 900//900 899//899 901//901 
f 899//899 902//902 901//901 
f 901//901 902//902 902//902 
f 902//902 903//903 902//902 
f 902//902 903//903 903//903 
f 903//903 904//904 903//903 
f 903//903 904//904 905//905 
f 904//904 906//906 905//905 
f 905//905 906//906 907//907 
f 906//906 908//908 907//907 
f 907//907 908//908 909//909 
f 908//908 910//910 909//909 
f 909//909 910//910 911//911 
f 910//910 912//912 911//911 
f 911//911 912//912 913//913 
f 912//912 914//914 913//913 
f 913//913 914//914 915//915 
f 914//914 916//916 915//915 
f 915//915 916//916 917//917 
f 916//916 917//917 917//917 
f 917//917 917//917 904//904 
f 917//917 904//904 904//904 
f 904//904 904//904 918//918 
f 904//904 903//903 918//918 
f 918//918 903//903 918//918 
f 903//903 919//919 918//918 
f 918//918 919//919 920//920 
f 919//919 920//920 920//920 
f 920//920 920//920 921//921 
f 920//920 921//921 921//921 
f 921//921 921//921 921//921 
f 921//921 922//922 921//921 
f 921//921 922//922 923//923 
f 922//922 922//922 923//923 
f 923//923 922//922 924//924 
f 922//922 925//925 924//924 
f 924//924 925//925 926//926 
f 925//925 927//927 926//926 
f 926//926 927//927 928//928 
f 927//927 929//929 928//928 
f 928//928 929//929 930//930 
f 929//929 929//929 930//930 
f 930//930 929//929 931//931 
f 929//929 932//932 931//931 
f 931//931 932//932 932//932 
f 932//932 921//921 932//932 
f 932//932 921//921 921//921 
f 921//921 923//923 921//921 
f 921//921 923//923 933//933 
f 923//923 934//934 933//933 
f 933//933 934//934 933//933 
f 934//934 935//935 933//933 
f 933//933 935//935 936//936 
f 935//935 937//937 936//936 
f 936//936 937//937 938//938 
f 937//937 938//938 938//938 
f 938//938 938//938 939//939 
f 938//938 939//939 939//939 
f 939//939 939//939 940//940 
f 939//939 941//941 940//940 
f 940//940 941//941 940//940 
f 941//941 942//942 940//940 
f 940//940 942//942 943//943 
f 942//942 944//944 943//943 
f 943//943 944//944 945//945 
f 944//944 946//946 945//945 
f 945//945 946//946 947//947 
f 946//946 948//948 947//947 
f 947//947 948//948 949//949 
f 948//948 950//950 949//949 
f 949//949 950//950 951//951 
f 950//950 952//952 951//951 
f 951//951 952//952 953//953 
f 952//952 954//954 953//953 
f 953//953 954//954 955//955 
f 954//954 955//955 955//955 
f 955//955 955//955 939//939 
f 955//955 939//939 939//939 
f 939//939 939//939 941//941 
f 939//939 956//956 941//941 
f 941//941 956//956 956//956 
f 956//956 957//957 956//956 
f 956//956 957//957 957//957 
f 957//957 958//958 957//957 
f 957//957 958//958 959//959 
f 958//958 960//960 959//959 
f 959//959 960//960 961//961 
f 960//960 962//962 961//961 
f 961//961 962//962 963//963 
f 962//962 964//964 963//963 
f 963//963 964//964 963//963 
f 964//964 965//965 963//963 
f 963//963 965//965 966//966 
f 965//965 967//967 966//966 
f 966//966 967//967 968//968 
f 967//967 969//969 968//968 
f 968//968 969//969 970//970 
f 969//969 971//971 970//970 
f 970//970 971//971 972//972 
f 971//971 971//971 972//972 
f 972//972 971//971 973//973 
f 971//971 974//974 973//973 
f 973//973 974//974 974//974 
f 974//974 975//975 974//974 
f 974//974 975//975 975//975 
f 975//975 976//976 975//975 
f 975//975 976//976 977//977 
f 976//976 978//978 977//977 
f 977//977 978//978 979//979 
f 978//978 980//980 979//979 
f 979//979 980//980 981//981 
f 980//980 982//982 981//981 
f 981//981 982//982 983//983 
f 982//982 984//984 983//983 
f 983//983 984//984 985//985 
f 984//984 986//986 985//985 
f 985//985 986//986 987//987 
f 986//986 988//988 987//987 
f 987//987 988//988 989//989 
f 988//988 989//989 989//989 
f 989//989 989//989 976//976 
f 989//989 976//976 976//976 
f 976//976 976//976 990//990 
f 976//976 975//975 990//990 
f 990//990 975//975 990//990 
f 975//975 991//991 990//990 
f 990//990 991//991 992//992 
f 991//991 992//992 992//992 
f 992//992 992//992 993//993 
f 992//992 993//993 993//993 
f 993//993 993//993 993//993 
f 993//993 994//994 993//993 
f 993//993 994//994 995//995 
f 994//994 994//994 995//995 
f 995//995 994//994 996//996 
f 994//994 997//997 996//996 
f 996//996 997//997 998//998 
f 997//997 999//999 998//998 
f 998//998 999//999 1000//1000 
f 999//999 1001//1001 1000//1000 
f 1000//1000 1001//1001 1002//1002 
f 1001//1001 1001//1001 1002//1002 
f 1002//1002 1001//1001 1003//1003 
f 1001//1001 1004//1004 1003//1003 
f 1003//1003 1004//1004 1004//1004 
f 1004//1004 993//993 1004//1004 
f 1004//1004 993//993 993//993 
f 993//993 995//995 993//993 
f 993//993 995//995 1005//1005 
f 995//995 1006//1006 1005//1005 
f 1005//1005 1006//1006 1005//1005 
f 1006//1006 1007//1007 1005//1005 
f 1005//1005 1007//1007 1008//1008 
f 1007//1007 1009//1009 1008//1008 
f 1008//1008 1009//1009 1010//1010 
f 1009//1009 1010//1010 1010//1010 
f 1010//1010 1010//1010 1011//1011 
f 1010//1010 1011//1011 1011//1011 
f 1011//1011 1011//1011 1012//1012 
f 1011//1011 1013//1013 1012//1012 
f 1012//1012 1013//1013 1012//1012 
f 1013//1013 1014//1014 1012//1012 
f 1012//1012 1014//1014 1015//1015 
f 1014//1014 1016//1016 1015//1015 
f 1015//1015 1016//1016 1017//1017 
f 1016//1016 1018//1018 1017//1017 
f 1017//1017 1018//1018 1019//1019 
f 1018//1018 1020//1020 1019//1019 
f 1019//1019 1020//1020 1021//1021 
f 1020//1020 1022//1022 1021//1021 
f 1021//1021 1022//1022 1023//1023 
f 1022//1022 1024//1024 1023//1023 
f 1023//1023 1024//1024 1025//1025 
f 1024//1024 1026//1026 1025//1025 
f 1025//1025 1026//1026 1027//1027 
f 1026//1026 1027//1027 1027//1027 
f 1027//1027 1027//1027 1011//1011 
f 1027//1027 1011//1011 1011//1011 
f 1011//1011 1011//1011 1013//1013 
f 1011//1011 1028//1028 1013//1013 
f 1013//1013 1028//1028 1028//1028 
f 1028//1028 1029//1029 1028//1028 
f 1028//1028 1029//1029 1029//1029 
f 1029//1029 1030//1030 1029//1029 
f 1029//1029 1030//1030 1031//1031 
f 1030//1030 1032//1032 1031//1031 
f 1031//1031 1032//1032 1033//1033 
f 1032//1032 1034//1034 1033//1033 
f 1033//1033 1034//1034 1035//1035 
f 1034//1034 1036//1036 1035//1035 
f 1035//1035 1036//1036 1035//1035 
f 1036//1036 1037//1037 1035//1035 
f 1035//1035 1037//1037 1038//1038 
f 1037//1037 1039//1039 1038//1038 
f 1038//1038 1039//1039 1040//1040 
f 1039//1039 1041//1041 1040//1040 
f 1040//1040 1041//1041 1042//1042 
f 1041//1041 1043//1043 1042//1042 
f 1042//1042 1043//1043 1044//1044 
f 1043//1043 1043//1043 1044//1044 
f 1044//1044 1043//1043 1045//1045 
f 1043//1043 1046//1046 1045//1045 
f 1045//1045 1046//1046 1046//1046 
f 1046//1046 1047//1047 1046//1046 
f 1046//1046 1047//1047 1047//1047 
f 1047//1047 1048//1048 1047//1047 
f 1047//1047 1048//1048 1049//1049 
f 1048//1048 1050//1050 1049//1049 
f 1049//1049 1050//1050 1051//1051 
f 1050//1050 1052//1052 1051//1051 
f 1051//1051 1052//1052 1053//1053 
f 1052//1052 1054//1054 1053//1053 
f 1053//1053 1054//1054 1055//1055 
f 1054//1054 1056//1056 1055//1055 
f 1055//1055 1056//1056 1057//1057 
f 1056//1056 1058//1058 1057//1057 
f 1057//1057 1058//1058 1059//1059 
f 1058//1058 1060//1060 1059//1059 
f 1059//1059 1060//1060 1061//1061 
f 1060//1060 1061//1061 1061//1061 
f 1061//1061 1061//1061 1048//1048 
f 1061//1061 1048//1048 1048//1048 
f 1048//1048 1048//1048 1062//1062 
f 1048//1048 1047//1047 1062//1062 
f 1062//1062 1047//1047 1062//1062 
f 1047//1047 1063//1063 1062//1062 
f 1062//1062 1063//1063 1064//1064 
f 1063//1063 1064//1064 1064//1064 
f 1064//1064 1064//1064 1065//1065 
f 1064//1064 1065//1065 1065//1065 
f 1065//1065 1065//1065 1065//1065 
f 1065//1065 1066//1066 1065//1065 
f 1065//1065 1066//1066 1067//1067 
f 1066//1066 1066//1066 1067//1067 
f 1067//1067 1066//1066 1068//1068 
f 1066//1066 1069//1069 1068//1068 
f 1068//1068 1069//1069 1070//1070 
f 1069//1069 1071//1071 1070//1070 
f 1070//1070 1071//1071 1072//1072 
f 1071//1071 1073//1073 1072//1072 
f 1072//1072 1073//1073 1074//1074 
f 1073//1073 1073//1073 1074//1074 
f 1074//1074 1073//1073 1075//1075 
f 1073//1073 1076//1076 1075//1075 
f 1075//1075 1076//1076 1076//1076 
f 1076//1076 1065//1065 1076//1076 
f 1076//1076 1065//1065 1065//1065 
f 1065//1065 1067//1067 1065//1065 
f 1065//1065 1067//1067 1077//1077 
f 1067//1067 1078//1078 1077//1077 
f 1077//1077 1078//1078 1077//1077 
f 1078//1078 1079//1079 1077//1077 
f 1077//1077 1079//1079 1080//1080 
f 1079//1079 1081//1081 1080//1080 
f 1080//1080 1081//1081 1082//1082 
f 1081//1081 1082//1082 1082//1082 
f 1082//1082 1082//1082 1083//1083 
f 1082//1082 1083//1083 1083//1083 
f 1083//1083 1083//1083 1084//1084 
f 1083//1083 1085//1085 1084//1084 
f 1084//1084 1085//1085 1084//1084 
f 1085//1085 1086//1086 1084//1084 
f 1084//1084 1086//1086 1087//1087 
f 1086//1086 1088//1088 1087//1087 
f 1087//1087 1088//1088 1089//1089 
f 1088//1088 1090//1090 1089//1089 
f 1089//1089 1090//1090 1091//1091 
f 1090//1090 1092//1092 1091//1091 
f 1091//1091 1092//1092 1093//1093 
f 1092//1092 1094//1094 1093//1093 
f 1093//1093 1094//1094 1095//1095 
f 1094//1094 1096//1096 1095//1095 
f 1095//1095 1096//1096 1097//1097 
f 1096//1096 1098//1098 1097//1097 
f 1097//1097 1098//1098 1099//1099 
f 1098//1098 1099//1099 1099//1099 
f 1099//1099 1099//1099 1083//1083 
f 1099//1099 1083//1083 1083//1083 
f 1083//1083 1083//1083 1085//1085 
f 1083//1083 1100//1100 1085//1085 
f 1085//1085 1100//1100 1100//1100 
f 1100//1100 1101//1101 1100//1100 
f 1100//1100 1101//1101 1101//1101 
f 1101//1101 1102//1102 1101//1101 
f 1101//1101 1102//1102 1103//1103 
f 1102//1102 1104//1104 1103//1103 
f 1103//1103 1104//1104 1105//1105 
f 1104//1104 1106//1106 1105//1105 
f 1105//1105 1106//1106 1107//1107 
f 1106//1106 1108//1108 1107//1107 
f 1107//1107 1108//1108 1107//1107 
f 1108//1108 1109//1109 1107//1107 
f 1107//1107 1109//1109 1110//1110 
f 1109//1109 1111//1111 1110//1110 
f 1110//1110 1111//1111 1112//1112 
f 1111//1111 1113//1113 1112//1112 
f 1112//1112 1113//1113 1114//1114 
f 1113//1113 1115//1115 1114//1114 
f 1114//1114 1115//1115 1116//1116 
f 1115//1115 1115//1115 1116//1116 
f 1116//1116 1115//1115 1117//1117 
f 1115//1115 1118//1118 1117//1117 
f 1117//1117 1118//1118 1118//1118 
f 1118//1118 1119//1119 1118//1118 
f 1118//1118 1119//1119 1119//1119 
f 1119//1119 1120//1120 1119//1119 
f 1119//1119 1120//1120 1121//1121 
f 1120//1120 1122//1122 1121//1121 
f 1121//1121 1122//1122 1123//1123 
f 1122//1122 1124//1124 1123//1123 
f 1123//1123 1124//1124 1125//1125 
f 1124//1124 1126//1126 1125//1125 
f 1125//1125 1126//1126 1127//1127 
f 1126//1126 1128//1128 1127//1127 
f 1127//1127 1128//1128 1129//1129 
f 1128//1128 1130//1130 1129//1129 
f 1129//1129 1130//1130 1131//1131 
f 1130//1130 1132//1132 1131//1131 
f 1131//1131 1132//1132 1133//1133 
f 1132//1132 1133//1133 1133//1133 
f 1133//1133 1133//1133 1120//1120 
f 1133//1133 1120//1120 1120//1120 
f 1120//1120 1120//1120 1134//1134 
f 1120//1120 1119//1119 1134//1134 
f 1134//1134 1119//1119 1134//1134 
f 1119//1119 1135//1135 1134//1134 
f 1134//1134 1135//1135 1136//1136 
f 1135//1135 1136//1136 1136//1136 
f 1136//1136 1136//1136 1137//1137 
f 1136//1136 1137//1137 1137//1137 
f 1137//1137 1137//1137 1137//1137 
f 1137//1137 1138//1138 1137//1137 
f 1137//1137 1138//1138 1139//1139 
f 1138//1138 1138//1138 1139//1139 
f 1139//1139 1138//1138 1140//1140 
f 1138//1138 1141//1141 1140//1140 
f 1140//1140 1141//1141 1142//1142 
f 1141//1141 1143//1143 1142//1142 
f 1142//1142 1143//1143 1144//1144 
f 1143//1143 1145//1145 1144//1144 
f 1144//1144 1145//1145 1146//1146 
f 1145//1145 1145//1145 1146//1146 
f 1146//1146 1145//1145 1147//1147 
f 1145//1145 1148//1148 1147//1147 
f 1147//1147 1148//1148 1148//1148 
f 1148//1148 1137//1137 1148//1148 
f 1148//1148 1137//1137 1137//1137 
f 1137//1137 1139//1139 1137//1137 
f 1137//1137 1139//1139 1149//1149 
f 1139//1139 1150//1150 1149//1149 
f 1149//1149 1150//1150 1149//1149 
f 1150//1150 1151//1151 1149//1149 
f 1149//1149 1151//1151 1152//1152 
f 1151//1151 1153//1153 1152//1152 
f 1152//1152 1153//1153 1154//1154 
f 1153//1153 1154//1154 1154//1154 
f 1154//1154 1154//1154 1155//1155 
f 1154//1154 1155//1155 1155//1155 
f 1155//1155 1155//1155 1156//1156 
f 1155//1155 1157//1157 1156//1156 
f 1156//1156 1157//1157 1156//1156 
f 1157//1157 1158//1158 1156//1156 
f 1156//1156 1158//1158 1159//1159 
f 1158//1158 1160//1160 1159//1159 
f 1159//1159 1160//1160 1161//1161 
f 1160//1160 1162//1162 1161//1161 
f 1161//1161 1162//1162 1163//1163 
f 1162//1162 1164//1164 1163//1163 
f 1163//1163 1164//1164 1165//1165 
f 1164//1164 1166//1166 1165//1165 
f 1165//1165 1166//1166 1167//1167 
f 1166//1166 1168//1168 1167//1167 
f 1167//1167 1168//1168 1169//1169 
f 1168//1168 1170//1170 1169//1169 
f 1169//1169 1170//1170 1171//1171 
f 1170//1170 1171//1171 1171//1171 
f 1171//1171 1171//1171 1155//1155 
f 1171//1171 1155//1155 1155//1155 
f 1155//1155 1155//1155 1157//1157 
f 1155//1155 1172//1172 1157//1157 
f 1157//1157 1172//1172 1172//1172 
f 1172//1172 1173//1173 1172//1172 
f 1172//1172 1173//1173 1173//1173 
f 1173//1173 1174//1174 1173//1173 
f 1173//1173 1174//1174 1175//1175 
f 1174//1174 1176//1176 1175//1175 
f 1175//1175 1176//1176 1177//1177 
f 1176//1176 1178//1178 1177//1177 
f 1177//1177 1178//1178 1179//1179 
f 1178//1178 1180//1180 1179//1179 
f 1179//1179 1180//1180 1179//1179 
f 1180//1180 1181//1181 1179//1179 
f 1179//1179 1181//1181 1182//1182 
f 1181//1181 1183//1183 1182//1182 
f 1182//1182 1183//1183 1184//1184 
f 1183//1183 1185//1185 1184//1184 
f 1184//1184 1185//1185 1186//1186 
f 1185//1185 1187//1187 1186//1186 
f 1186//1186 1187//1187 1188//1188 
f 1187//1187 1187//1187 1188//1188 
f 1188//1188 1187//1187 1189//1189 
f 1187//1187 1190//1190 1189//1189 
f 1189//1189 1190//1190 1190//1190 
f 1190//1190 1191//1191 1190//1190 
f 1190//1190 1191//1191 1191//1191 
f 1191//1191 1192//1192 1191//1191 
f 1191//1191 1192//1192 1193//1193 
f 1192//1192 1194//1194 1193//1193 
f 1193//1193 1194//1194 1195//1195 
f 1194//1194 1196//1196 1195//1195 
f 1195//1195 1196//1196 1197//1197 
f 1196//1196 1198//1198 1197//1197 
f 1197//1197 1198//1198 1199//1199 
f 1198//1198 1200//1200 1199//1199 
f 1199//1199 1200//1200 1201//1201 
f 1200//1200 1202//1202 1201//1201 
f 1201//1201 1202//1202 1203//1203 
f 1202//1202 1204//1204 1203//1203 
f 1203//1203 1204//1204 1205//1205 
f 1204//1204 1205//1205 1205//1205 
f 1205//1205 1205//1205 1192//1192 
f 1205//1205 1192//1192 1192//1192 
f 1192//1192 1192//1192 1206//1206 
f 1192//1192 1191//1191 1206//1206 
f 1206//1206 1191//1191 1206//1206 
f 1191//1191 1207//1207 1206//1206 
f 1206//1206 1207//1207 1208//1208 
f 1207//1207 1208//1208 1208//1208 
f 1208//1208 1208//1208 1209//1209 
f 1208//1208 1209//1209 1209//1209 
f 1209//1209 1209//1209 1209//1209 
f 1209//1209 1210//1210 1209//1209 
f 1209//1209 1210//1210 1211//1211 
f 1210//1210 1210//1210 1211//1211 
f 1211//1211 1210//1210 1212//1212 
f 1210//1210 1213//1213 1212//1212 
f 1212//1212 1213//1213 1214//1214 
f 1213//1213 1215//1215 1214//1214 
f 1214//1214 1215//1215 1216//1216 
f 1215//1215 1217//1217 1216//1216 
f 1216//1216 1217//1217 1218//1218 
f 1217//1217 1217//1217 1218//1218 
f 1218//1218 1217//1217 1219//1219 
f 1217//1217 1220//1220 1219//1219 
f 1219//1219 1220//1220 1220//1220 
f 1220//1220 1209//1209 1220//1220 
f 1220//1220 1209//1209 1209//1209 
f 1209//1209 1211//1211 1209//1209 
f 1209//1209 1211//1211 1221//1221 
f 1211//1211 1222//1222 1221//1221 
f 1221//1221 1222//1222 1221//1221 
f 1222//1222 1223//1223 1221//1221 
f 1221//1221 1223//1223 1224//1224 
f 1223//1223 1225//1225 1224//1224 
f 1224//1224 1225//1225 1226//1226 
f 1225//1225 1226//1226 1226//1226 
f 1226//1226 1226//1226 1227//1227 
f 1226//1226 1227//1227 1227//1227 
f 1227//1227 1227//1227 1228//1228 
f 1227//1227 1229//1229 1228//1228 
f 1228//1228 1229//1229 1228//1228 
f 1229//1229 1230//1230 1228//1228 
f 1228//1228 1230//1230 1231//1231 
f 1230//1230 1232//1232 1231//1231 
f 1231//1231 1232//1232 1233//1233 
f 1232//1232 1234//1234 1233//1233 
f 1233//1233 1234//1234 1235//1235 
f 1234//1234 1236//1236 1235//1235 
f 1235//1235 1236//1236 1237//1237 
f 1236//1236 1238//1238 1237//1237 
f 1237//1237 1238//1238 1239//1239 
f 1238//1238 1240//1240 1239//1239 
f 1239//1239 1240//1240 1241//1241 
f 1240//1240 1242//1242 1241//1241 
f 1241//1241 1242//1242 1243//1243 
f 1242//1242 1243//1243 1243//1243 
f 1243//1243 1243//1243 1227//1227 
f 1243//1243 1227//1227 1227//1227 
f 1227//1227 1227//1227 1229//1229 
f 1227//1227 1244//1244 1229//1229 
f 1229//1229 1244//1244 1244//1244 
f 1244//1244 1245//1245 1244//1244 
f 1244//1244 1245//1245 1245//1245 
f 1245//1245 1246//1246 1245//1245 
f 1245//1245 1246//1246 1247//1247 
f 1246//1246 1248//1248 1247//1247 
f 1247//1247 1248//1248 1249//1249 
f 1248//1248 1250//1250 1249//1249 
f 1249//1249 1250//1250 1251//1251 
f 1250//1250 1252//1252 1251//1251 
f 1251//1251 1252//1252 1251//1251 
f 1252//1252 1253//1253 1251//1251 
f 1251//1251 1253//1253 1254//1254 
f 1253//1253 1255//1255 1254//1254 
f 1254//1254 1255//1255 1256//1256 
f 1255//1255 1257//1257 1256//1256 
f 1256//1256 1257//1257 1258//1258 
f 1257//1257 1259//1259 1258//1258 
f 1258//1258 1259//1259 1260//1260 
f 1259//1259 1259//1259 1260//1260 
f 1260//1260 1259//1259 1261//1261 
f 1259//1259 1262//1262 1261//1261 
f 1261//1261 1262//1262 1262//1262 
f 1262//1262 1263//1263 1262//1262 
f 1262//1262 1263//1263 1263//1263 
f 1263//1263 1264//1264 1263//1263 
f 1263//1263 1264//1264 1265//1265 
f 1264//1264 1266//1266 1265//1265 
f 1265//1265 1266//1266 1267//1267 
f 1266//1266 1268//1268 1267//1267 
f 1267//1267 1268//1268 1269//1269 
f 1268//1268 1270//1270 1269//1269 
f 1269//1269 1270//1270 1271//1271 
f 1270//1270 1272//1272 1271//1271 
f 1271//1271 1272//1272 1273//1273 
f 1272//1272 1274//1274 1273//1273 
f 1273//1273 1274//1274 1275//1275 
f 1274//1274 1276//1276 1275//1275 
f 1275//1275 1276//1276 1277//1277 
f 1276//1276 1277//1277 1277//1277 
f 1277//1277 1277//1277 1264//1264 
f 1277//1277 1264//1264 1264//1264 
f 1264//1264 1264//1264 1278//1278 
f 1264//1264 1263//1263 1278//1278 
f 1278//1278 1263//1263 1278//1278 
f 1263//1263 1279//1279 1278//1278 
f 1278//1278 1279//1279 1280//1280 

