mtllib model_2.mtl
o model_2
v 0.07649870961904526 -0.4306700825691223 -4.336200714111328 
v 0.07649870961904526 -0.4306700825691223 -4.349027156829834 
v -0.10113999992609024 -0.4306700825691223 -4.336200714111328 
v -0.10113999992609024 -0.4306700825691223 -4.349027156829834 
v -0.09414634853601456 -0.4380064308643341 -4.336200714111328 
v -0.09414634853601456 -0.4380064308643341 -4.349027156829834 
v 0.06950505822896957 -0.4380064308643341 -4.336200714111328 
v 0.06950505822896957 -0.4380064308643341 -4.349027156829834 
v 0.07649870961904526 -0.6232495307922363 -4.349027156829834 
v 0.07649870961904526 -0.4306700825691223 -4.349027156829834 
v 0.07649870961904526 -0.6232495307922363 -4.336200714111328 
v 0.07649870961904526 -0.4306700825691223 -4.336200714111328 
v 0.06950505822896957 -0.4380064308643341 -4.336200714111328 
v 0.06950505822896957 -0.4380064308643341 -4.349027156829834 
v 0.06950505822896957 -0.6159131526947021 -4.336200714111328 
v 0.06950505822896957 -0.6159131526947021 -4.349027156829834 
v -0.09414634853601456 -0.4380064308643341 -4.349027156829834 
v -0.09414634853601456 -0.4380064308643341 -4.336200714111328 
v -0.09414634853601456 -0.6159131526947021 -4.349027156829834 
v -0.09414634853601456 -0.6159131526947021 -4.336200714111328 
v 0.06950505822896957 -0.6159131526947021 -4.336200714111328 
v 0.06950505822896957 -0.6159131526947021 -4.349027156829834 
v 0.037334270775318146 -0.6544290781021118 -4.336200714111328 
v 0.037334270775318146 -0.6544290781021118 -4.349027156829834 
v -0.06617175042629242 -0.6544290781021118 -4.349027156829834 
v -0.06617175042629242 -0.6544290781021118 -4.336200714111328 
v -0.09414634853601456 -0.6159131526947021 -4.349027156829834 
v -0.09414634853601456 -0.6159131526947021 -4.336200714111328 
v -0.10113999992609024 -0.6232495307922363 -4.336200714111328 
v -0.10113999992609024 -0.6232495307922363 -4.349027156829834 
v -0.10113999992609024 -0.4306700825691223 -4.336200714111328 
v -0.10113999992609024 -0.4306700825691223 -4.349027156829834 
v -0.10113999992609024 -0.6232495307922363 -4.336200714111328 
v -0.07036793977022171 -0.6635994911193848 -4.336200714111328 
v -0.10113999992609024 -0.6232495307922363 -4.349027156829834 
v -0.07036793977022171 -0.6635994911193848 -4.349027156829834 
v 0.04292919114232063 -0.6635994911193848 -4.349027156829834 
v 0.04292919114232063 -0.6635994911193848 -4.336200714111328 
v 0.07649870961904526 -0.6232495307922363 -4.349027156829834 
v 0.07649870961904526 -0.6232495307922363 -4.336200714111328 
v -0.06617175042629242 -0.6544290781021118 -4.336200714111328 
v 0.037334270775318146 -0.6544290781021118 -4.336200714111328 
v 0.04292919114232063 -0.6635994911193848 -4.336200714111328 
v 0.06950505822896957 -0.6159131526947021 -4.336200714111328 
v 0.07649870961904526 -0.6232495307922363 -4.336200714111328 
v 0.06950505822896957 -0.4380064308643341 -4.336200714111328 
v 0.07649870961904526 -0.4306700825691223 -4.336200714111328 
v -0.09414634853601456 -0.4380064308643341 -4.336200714111328 
v -0.10113999992609024 -0.4306700825691223 -4.336200714111328 
v -0.09414634853601456 -0.6159131526947021 -4.336200714111328 
v -0.10113999992609024 -0.6232495307922363 -4.336200714111328 
v -0.07036793977022171 -0.6635994911193848 -4.336200714111328 
v -0.09414634853601456 -0.4380064308643341 -4.349027156829834 
v -0.10113999992609024 -0.4306700825691223 -4.349027156829834 
v 0.06950505822896957 -0.4380064308643341 -4.349027156829834 
v 0.07649870961904526 -0.4306700825691223 -4.349027156829834 
v -0.09414634853601456 -0.6159131526947021 -4.349027156829834 
v -0.10113999992609024 -0.6232495307922363 -4.349027156829834 
v -0.06617175042629242 -0.6544290781021118 -4.349027156829834 
v -0.07036793977022171 -0.6635994911193848 -4.349027156829834 
v 0.037334270775318146 -0.6544290781021118 -4.349027156829834 
v 0.04292919114232063 -0.6635994911193848 -4.349027156829834 
v 0.06950505822896957 -0.6159131526947021 -4.349027156829834 
v 0.07649870961904526 -0.6232495307922363 -4.349027156829834 
v 0.7318074107170105 -0.558249294757843 4.088057041168213 
v 0.7306071519851685 -0.5642586946487427 4.09727144241333 
v 0.7353504300117493 -0.5587300658226013 4.087147235870361 
v 0.7341406345367432 -0.5647737979888916 4.096304416656494 
v 0.7292341589927673 -0.5795741677284241 4.115700721740723 
v 0.7327675223350525 -0.5800548791885376 4.114790439605713 
v 0.7264881134033203 -0.5979114770889282 4.126962661743164 
v 0.7320186495780945 -0.5533387660980225 4.076282978057861 
v 0.7355520129203796 -0.5538195371627808 4.075315952301025 
v 0.7309912443161011 -0.550385594367981 4.062802791595459 
v 0.734524667263031 -0.5509006977081299 4.061835765838623 
v 0.7319610714912415 -0.5509693026542664 4.047956943511963 
v 0.7284275889396667 -0.5504541993141174 4.048923969268799 
v 0.728350818157196 -0.5536821484565735 4.035784721374512 
v 0.7248173356056213 -0.5531670451164246 4.036751747131348 
v 0.7241740822792053 -0.5584896802902222 4.027309894561768 
v 0.7206405997276306 -0.5579745769500732 4.0282769203186035 
v 0.7158974409103394 -0.5657696723937988 4.0213942527771 
v 0.7194308638572693 -0.5662847757339478 4.020427703857422 
v 0.7230410575866699 -0.5583179593086243 4.042838096618652 
v 0.7291093468666077 -0.5569787621498108 4.050232410430908 
v 0.7255759239196777 -0.5564979910850525 4.051199436187744 
v 0.7305111885070801 -0.5573564767837524 4.058764457702637 
v 0.7269777655601501 -0.5568414330482483 4.0597310066223145 
v 0.7310296297073364 -0.5597259402275085 4.068149089813232 
v 0.7274962067604065 -0.5592108368873596 4.069116592407227 
v 0.7301462888717651 -0.5641556978225708 4.075657367706299 
v 0.72661292552948 -0.5636749863624573 4.076624393463135 
v 0.7288884520530701 -0.5689632296562195 4.082141876220703 
v 0.7253454923629761 -0.5684824585914612 4.083108425140381 
v 0.7282643914222717 -0.579505443572998 4.094029426574707 
v 0.724721372127533 -0.5789903402328491 4.094996452331543 
v 0.7255086898803711 -0.597842812538147 4.105291366577148 
v 0.7219753265380859 -0.5973620414733887 4.106258869171143 
v 0.7252494692802429 -0.6201291084289551 4.1151885986328125 
v 0.721716046333313 -0.6196140050888062 4.116155624389648 
v 0.7265744209289551 -0.5588330626487732 4.041927814483643 
v 0.7199589610099792 -0.561408519744873 4.035386562347412 
v 0.7234731316566467 -0.561923623085022 4.034419536590576 
v 0.716022253036499 -0.5664564371109009 4.029755592346191 
v 0.719555675983429 -0.5669715404510498 4.028789043426514 
v 0.7234731316566467 -0.561923623085022 4.034419536590576 
v 0.7265744209289551 -0.5588330626487732 4.041927814483643 
v 0.728350818157196 -0.5536821484565735 4.035784721374512 
v 0.7291093468666077 -0.5569787621498108 4.050232410430908 
v 0.7319610714912415 -0.5509693026542664 4.047956943511963 
v 0.734524667263031 -0.5509006977081299 4.061835765838623 
v 0.7305111885070801 -0.5573564767837524 4.058764457702637 
v 0.7310296297073364 -0.5597259402275085 4.068149089813232 
v 0.7355520129203796 -0.5538195371627808 4.075315952301025 
v 0.7353504300117493 -0.5587300658226013 4.087147235870361 
v 0.7301462888717651 -0.5641556978225708 4.075657367706299 
v 0.7288884520530701 -0.5689632296562195 4.082141876220703 
v 0.7341406345367432 -0.5647737979888916 4.096304416656494 
v 0.7282643914222717 -0.579505443572998 4.094029426574707 
v 0.7327675223350525 -0.5800548791885376 4.114790439605713 
v 0.7300119400024414 -0.5983922481536865 4.125995635986328 
v 0.7255086898803711 -0.597842812538147 4.105291366577148 
v 0.7297526597976685 -0.6206785440444946 4.135892868041992 
v 0.7252494692802429 -0.6201291084289551 4.1151885986328125 
v 0.7241740822792053 -0.5584896802902222 4.027309894561768 
v 0.7194308638572693 -0.5662847757339478 4.020427703857422 
v 0.719555675983429 -0.5669715404510498 4.028789043426514 
v 0.7262288331985474 -0.6201978325843811 4.136859893798828 
v 0.7264881134033203 -0.5979114770889282 4.126962661743164 
v 0.721716046333313 -0.6196140050888062 4.116155624389648 
v 0.7219753265380859 -0.5973620414733887 4.106258869171143 
v 0.7292341589927673 -0.5795741677284241 4.115700721740723 
v 0.724721372127533 -0.5789903402328491 4.094996452331543 
v 0.7306071519851685 -0.5642586946487427 4.09727144241333 
v 0.7253454923629761 -0.5684824585914612 4.083108425140381 
v 0.7318074107170105 -0.558249294757843 4.088057041168213 
v 0.72661292552948 -0.5636749863624573 4.076624393463135 
v 0.7320186495780945 -0.5533387660980225 4.076282978057861 
v 0.7274962067604065 -0.5592108368873596 4.069116592407227 
v 0.7309912443161011 -0.550385594367981 4.062802791595459 
v 0.7269777655601501 -0.5568414330482483 4.0597310066223145 
v 0.7284275889396667 -0.5504541993141174 4.048923969268799 
v 0.7255759239196777 -0.5564979910850525 4.051199436187744 
v 0.7248173356056213 -0.5531670451164246 4.036751747131348 
v 0.7230410575866699 -0.5583179593086243 4.042838096618652 
v 0.7206405997276306 -0.5579745769500732 4.0282769203186035 
v 0.7199589610099792 -0.561408519744873 4.035386562347412 
v 0.7158974409103394 -0.5657696723937988 4.0213942527771 
v 0.716022253036499 -0.5664564371109009 4.029755592346191 
v 0.7300119400024414 -0.5983922481536865 4.125995635986328 
v 0.7262288331985474 -0.6201978325843811 4.136859893798828 
v 0.7297526597976685 -0.6206785440444946 4.135892868041992 
v 0.7297526597976685 -0.6206785440444946 4.135892868041992 
v 0.7252494692802429 -0.6201291084289551 4.1151885986328125 
v 0.7262288331985474 -0.6201978325843811 4.136859893798828 
v 0.721716046333313 -0.6196140050888062 4.116155624389648 
v 1.3034274578094482 -0.6378644704818726 3.8482556343078613 
v 1.3022271394729614 -0.6438738107681274 3.8574702739715576 
v 1.3069707155227661 -0.6383451819419861 3.8473458290100098 
v 1.3057607412338257 -0.6443889141082764 3.856503486633301 
v 1.300853967666626 -0.6591892838478088 3.87589955329895 
v 1.3043876886367798 -0.6596701145172119 3.8749892711639404 
v 1.2981077432632446 -0.677526593208313 3.8871617317199707 
v 1.3036386966705322 -0.6329538822174072 3.8364815711975098 
v 1.3071722984313965 -0.6334346532821655 3.835514545440674 
v 1.302611231803894 -0.6300007104873657 3.823000907897949 
v 1.3061448335647583 -0.6305158138275146 3.8220338821411133 
v 1.3035811185836792 -0.6305844187736511 3.808154821395874 
v 1.3000473976135254 -0.630069375038147 3.809122085571289 
v 1.2999706268310547 -0.633297324180603 3.795982837677002 
v 1.2964370250701904 -0.6327822208404541 3.796949625015259 
v 1.2957936525344849 -0.6381048560142517 3.7875072956085205 
v 1.2922695875167847 -0.6375897526741028 3.7884745597839355 
v 1.287516474723816 -0.6453847885131836 3.7815918922424316 
v 1.2910500764846802 -0.6458998918533325 3.780625104904175 
v 1.2946605682373047 -0.6379331350326538 3.8030359745025635 
v 1.3007291555404663 -0.6365938782691956 3.8104302883148193 
v 1.297195553779602 -0.6361131072044373 3.8113973140716553 
v 1.3021310567855835 -0.636971652507782 3.818962335586548 
v 1.2985974550247192 -0.6364565491676331 3.819929361343384 
v 1.3026496171951294 -0.6393410563468933 3.828347682952881 
v 1.2991160154342651 -0.6388259530067444 3.8293144702911377 
v 1.301766276359558 -0.6437708735466003 3.8358559608459473 
v 1.2982325553894043 -0.6432557702064514 3.836822748184204 
v 1.3005082607269287 -0.6485783457756042 3.8423402309417725 
v 1.2969651222229004 -0.6480976939201355 3.8433070182800293 
v 1.2998842000961304 -0.6591206192970276 3.8542280197143555 
v 1.2963409423828125 -0.6586055159568787 3.8551952838897705 
v 1.2971283197402954 -0.6774579286575317 3.865490436553955 
v 1.2935947179794312 -0.6769428253173828 3.866457462310791 
v 1.2968690395355225 -0.6997442245483398 3.875387668609619 
v 1.2933354377746582 -0.6992291212081909 3.876354694366455 
v 1.298194169998169 -0.6384482383728027 3.8021256923675537 
v 1.2915781736373901 -0.6410236954689026 3.7955844402313232 
v 1.2950927019119263 -0.6415387988090515 3.7946176528930664 
v 1.2876412868499756 -0.6460716128349304 3.7899532318115234 
v 1.2911748886108398 -0.6465867161750793 3.7889864444732666 
v 1.2950927019119263 -0.6415387988090515 3.7946176528930664 
v 1.298194169998169 -0.6384482383728027 3.8021256923675537 
v 1.2999706268310547 -0.633297324180603 3.795982837677002 
v 1.3007291555404663 -0.6365938782691956 3.8104302883148193 
v 1.3035811185836792 -0.6305844187736511 3.808154821395874 
v 1.3061448335647583 -0.6305158138275146 3.8220338821411133 
v 1.3021310567855835 -0.636971652507782 3.818962335586548 
v 1.3026496171951294 -0.6393410563468933 3.828347682952881 
v 1.3071722984313965 -0.6334346532821655 3.835514545440674 
v 1.3069707155227661 -0.6383451819419861 3.8473458290100098 
v 1.301766276359558 -0.6437708735466003 3.8358559608459473 
v 1.3005082607269287 -0.6485783457756042 3.8423402309417725 
v 1.3057607412338257 -0.6443889141082764 3.856503486633301 
v 1.2998842000961304 -0.6591206192970276 3.8542280197143555 
v 1.3043876886367798 -0.6596701145172119 3.8749892711639404 
v 1.3016318082809448 -0.6780073642730713 3.886194944381714 
v 1.2971283197402954 -0.6774579286575317 3.865490436553955 
v 1.3013725280761719 -0.7002936601638794 3.896091938018799 
v 1.2968690395355225 -0.6997442245483398 3.875387668609619 
v 1.2957936525344849 -0.6381048560142517 3.7875072956085205 
v 1.2910500764846802 -0.6458998918533325 3.780625104904175 
v 1.2911748886108398 -0.6465867161750793 3.7889864444732666 
v 1.2978484630584717 -0.6998129487037659 3.8970587253570557 
v 1.2981077432632446 -0.677526593208313 3.8871617317199707 
v 1.2933354377746582 -0.6992291212081909 3.876354694366455 
v 1.2935947179794312 -0.6769428253173828 3.866457462310791 
v 1.300853967666626 -0.6591892838478088 3.87589955329895 
v 1.2963409423828125 -0.6586055159568787 3.8551952838897705 
v 1.3022271394729614 -0.6438738107681274 3.8574702739715576 
v 1.2969651222229004 -0.6480976939201355 3.8433070182800293 
v 1.3034274578094482 -0.6378644704818726 3.8482556343078613 
v 1.2982325553894043 -0.6432557702064514 3.836822748184204 
v 1.3036386966705322 -0.6329538822174072 3.8364815711975098 
v 1.2991160154342651 -0.6388259530067444 3.8293144702911377 
v 1.302611231803894 -0.6300007104873657 3.823000907897949 
v 1.2985974550247192 -0.6364565491676331 3.819929361343384 
v 1.3000473976135254 -0.630069375038147 3.809122085571289 
v 1.297195553779602 -0.6361131072044373 3.8113973140716553 
v 1.2964370250701904 -0.6327822208404541 3.796949625015259 
v 1.2946605682373047 -0.6379331350326538 3.8030359745025635 
v 1.2922695875167847 -0.6375897526741028 3.7884745597839355 
v 1.2915781736373901 -0.6410236954689026 3.7955844402313232 
v 1.287516474723816 -0.6453847885131836 3.7815918922424316 
v 1.2876412868499756 -0.6460716128349304 3.7899532318115234 
v 1.3016318082809448 -0.6780073642730713 3.886194944381714 
v 1.2978484630584717 -0.6998129487037659 3.8970587253570557 
v 1.3013725280761719 -0.7002936601638794 3.896091938018799 
v 1.3013725280761719 -0.7002936601638794 3.896091938018799 
v 1.2968690395355225 -0.6997442245483398 3.875387668609619 
v 1.2978484630584717 -0.6998129487037659 3.8970587253570557 
v 1.2933354377746582 -0.6992291212081909 3.876354694366455 
v 0.868161678314209 -0.6490368247032166 4.256136417388916 
v 0.8669614791870117 -0.6550463438034058 4.265350818634033 
v 0.871704638004303 -0.6495175957679749 4.255226135253906 
v 0.8704949021339417 -0.6555614471435547 4.264383792877197 
v 0.8655884265899658 -0.670362114906311 4.283779144287109 
v 0.8691219091415405 -0.6708428859710693 4.282869338989258 
v 0.8628423810005188 -0.6886998414993286 4.295041084289551 
v 0.868372917175293 -0.6441261172294617 4.2443623542785645 
v 0.8719063401222229 -0.64460688829422 4.2433953285217285 
v 0.8673455119132996 -0.6411728858947754 4.230882167816162 
v 0.8708789944648743 -0.6416879892349243 4.229915142059326 
v 0.8683152794837952 -0.6417566537857056 4.216036796569824 
v 0.86478191614151 -0.6412415504455566 4.21700382232666 
v 0.8646954894065857 -0.6444695591926575 4.203864574432373 
v 0.8611620664596558 -0.6439544558525085 4.204831600189209 
v 0.8605283498764038 -0.6492772102355957 4.195389747619629 
v 0.8569949269294739 -0.6487964391708374 4.196356773376465 
v 0.8522517085075378 -0.6565573215484619 4.189474105834961 
v 0.8557851910591125 -0.6570724248886108 4.188507080078125 
v 0.8593953251838684 -0.649105429649353 4.2109174728393555 
v 0.8654636144638062 -0.6477662324905396 4.218311786651611 
v 0.861930251121521 -0.6472854614257812 4.219278812408447 
v 0.8668654561042786 -0.6481439471244812 4.22684383392334 
v 0.8633320927619934 -0.647628903388977 4.227810382843018 
v 0.8673838973045349 -0.6505134105682373 4.2362284660339355 
v 0.8638505339622498 -0.6499983072280884 4.2371954917907715 
v 0.8665006160736084 -0.6549432873725891 4.243736743927002 
v 0.8629671931266785 -0.6544281840324402 4.244703769683838 
v 0.8652427792549133 -0.6597509384155273 4.250220775604248 
v 0.8616998195648193 -0.6592702269554138 4.251187801361084 
v 0.8646186590194702 -0.6702935099601746 4.262108325958252 
v 0.8610756397247314 -0.6697784066200256 4.263075351715088 
v 0.8618630170822144 -0.6886311173439026 4.273370265960693 
v 0.8583295345306396 -0.6881504654884338 4.274337291717529 
v 0.8616037368774414 -0.7109180092811584 4.283267498016357 
v 0.8580703735351562 -0.7104029059410095 4.284234046936035 
v 0.8629287481307983 -0.649620532989502 4.210007667541504 
v 0.856313169002533 -0.6521961092948914 4.203466415405273 
v 0.85982745885849 -0.6527112126350403 4.2024993896484375 
v 0.8523765206336975 -0.6572441458702087 4.197835445404053 
v 0.8559100031852722 -0.6577592492103577 4.196868419647217 
v 0.85982745885849 -0.6527112126350403 4.2024993896484375 
v 0.8629287481307983 -0.649620532989502 4.210007667541504 
v 0.8646954894065857 -0.6444695591926575 4.203864574432373 
v 0.8654636144638062 -0.6477662324905396 4.218311786651611 
v 0.8683152794837952 -0.6417566537857056 4.216036796569824 
v 0.8708789944648743 -0.6416879892349243 4.229915142059326 
v 0.8668654561042786 -0.6481439471244812 4.22684383392334 
v 0.8673838973045349 -0.6505134105682373 4.2362284660339355 
v 0.8719063401222229 -0.64460688829422 4.2433953285217285 
v 0.871704638004303 -0.6495175957679749 4.255226135253906 
v 0.8665006160736084 -0.6549432873725891 4.243736743927002 
v 0.8652427792549133 -0.6597509384155273 4.250220775604248 
v 0.8704949021339417 -0.6555614471435547 4.264383792877197 
v 0.8646186590194702 -0.6702935099601746 4.262108325958252 
v 0.8691219091415405 -0.6708428859710693 4.282869338989258 
v 0.8663661479949951 -0.6891806125640869 4.294074058532715 
v 0.8618630170822144 -0.6886311173439026 4.273370265960693 
v 0.8661068677902222 -0.7114675045013428 4.303971290588379 
v 0.8616037368774414 -0.7109180092811584 4.283267498016357 
v 0.8605283498764038 -0.6492772102355957 4.195389747619629 
v 0.8557851910591125 -0.6570724248886108 4.188507080078125 
v 0.8559100031852722 -0.6577592492103577 4.196868419647217 
v 0.8625831007957458 -0.7109867334365845 4.304938316345215 
v 0.8628423810005188 -0.6886998414993286 4.295041084289551 
v 0.8580703735351562 -0.7104029059410095 4.284234046936035 
v 0.8583295345306396 -0.6881504654884338 4.274337291717529 
v 0.8655884265899658 -0.670362114906311 4.283779144287109 
v 0.8610756397247314 -0.6697784066200256 4.263075351715088 
v 0.8669614791870117 -0.6550463438034058 4.265350818634033 
v 0.8616998195648193 -0.6592702269554138 4.251187801361084 
v 0.868161678314209 -0.6490368247032166 4.256136417388916 
v 0.8629671931266785 -0.6544281840324402 4.244703769683838 
v 0.868372917175293 -0.6441261172294617 4.2443623542785645 
v 0.8638505339622498 -0.6499983072280884 4.2371954917907715 
v 0.8673455119132996 -0.6411728858947754 4.230882167816162 
v 0.8633320927619934 -0.647628903388977 4.227810382843018 
v 0.86478191614151 -0.6412415504455566 4.21700382232666 
v 0.861930251121521 -0.6472854614257812 4.219278812408447 
v 0.8611620664596558 -0.6439544558525085 4.204831600189209 
v 0.8593953251838684 -0.649105429649353 4.2109174728393555 
v 0.8569949269294739 -0.6487964391708374 4.196356773376465 
v 0.856313169002533 -0.6521961092948914 4.203466415405273 
v 0.8522517085075378 -0.6565573215484619 4.189474105834961 
v 0.8523765206336975 -0.6572441458702087 4.197835445404053 
v 0.8663661479949951 -0.6891806125640869 4.294074058532715 
v 0.8625831007957458 -0.7109867334365845 4.304938316345215 
v 0.8661068677902222 -0.7114675045013428 4.303971290588379 
v 0.8661068677902222 -0.7114675045013428 4.303971290588379 
v 0.8616037368774414 -0.7109180092811584 4.283267498016357 
v 0.8625831007957458 -0.7109867334365845 4.304938316345215 
v 0.8580703735351562 -0.7104029059410095 4.284234046936035 
v -0.737170934677124 -0.558249294757843 4.088057041168213 
v -0.7359707355499268 -0.5642586946487427 4.09727144241333 
v -0.7407139539718628 -0.5587300658226013 4.087147235870361 
v -0.7395041584968567 -0.5647737979888916 4.096304416656494 
v -0.7345977425575256 -0.5795741677284241 4.115700721740723 
v -0.7381311058998108 -0.5800548791885376 4.114790439605713 
v -0.7318516373634338 -0.5979114770889282 4.126962661743164 
v -0.737382173538208 -0.5533387660980225 4.076282978057861 
v -0.7409155368804932 -0.5538195371627808 4.075315952301025 
v -0.7363548278808594 -0.550385594367981 4.062802791595459 
v -0.7398881912231445 -0.5509006977081299 4.061835765838623 
v -0.737324595451355 -0.5509693026542664 4.047956943511963 
v -0.7337911128997803 -0.5504541993141174 4.048923969268799 
v -0.7337143421173096 -0.5536821484565735 4.035784721374512 
v -0.7301809191703796 -0.5531670451164246 4.036751747131348 
v -0.7295376062393188 -0.5584896802902222 4.027309894561768 
v -0.7260041832923889 -0.5579745769500732 4.0282769203186035 
v -0.7212610244750977 -0.5657696723937988 4.0213942527771 
v -0.7247943878173828 -0.5662847757339478 4.020427703857422 
v -0.7284046411514282 -0.5583179593086243 4.042838096618652 
v -0.7344728708267212 -0.5569787621498108 4.050232410430908 
v -0.7309394478797913 -0.5564979910850525 4.051199436187744 
v -0.7358747124671936 -0.5573564767837524 4.058764457702637 
v -0.7323412895202637 -0.5568414330482483 4.0597310066223145 
v -0.7363932132720947 -0.5597259402275085 4.068149089813232 
v -0.73285973072052 -0.5592108368873596 4.069116592407227 
v -0.7355098128318787 -0.5641556978225708 4.075657367706299 
v -0.7319764494895935 -0.5636749863624573 4.076624393463135 
v -0.7342520356178284 -0.5689632296562195 4.082141876220703 
v -0.7307090163230896 -0.5684824585914612 4.083108425140381 
v -0.7336279153823853 -0.579505443572998 4.094029426574707 
v -0.7300848960876465 -0.5789903402328491 4.094996452331543 
v -0.7308722138404846 -0.597842812538147 4.105291366577148 
v -0.7273388504981995 -0.5973620414733887 4.106258869171143 
v -0.7306129932403564 -0.6201291084289551 4.1151885986328125 
v -0.7270795702934265 -0.6196140050888062 4.116155624389648 
v -0.7319380044937134 -0.5588330626487732 4.041927814483643 
v -0.7253224849700928 -0.561408519744873 4.035386562347412 
v -0.7288366556167603 -0.561923623085022 4.034419536590576 
v -0.7213858366012573 -0.5664564371109009 4.029755592346191 
v -0.7249191999435425 -0.5669715404510498 4.028789043426514 
v -0.7288366556167603 -0.561923623085022 4.034419536590576 
v -0.7319380044937134 -0.5588330626487732 4.041927814483643 
v -0.7337143421173096 -0.5536821484565735 4.035784721374512 
v -0.7344728708267212 -0.5569787621498108 4.050232410430908 
v -0.737324595451355 -0.5509693026542664 4.047956943511963 
v -0.7398881912231445 -0.5509006977081299 4.061835765838623 
v -0.7358747124671936 -0.5573564767837524 4.058764457702637 
v -0.7363932132720947 -0.5597259402275085 4.068149089813232 
v -0.7409155368804932 -0.5538195371627808 4.075315952301025 
v -0.7407139539718628 -0.5587300658226013 4.087147235870361 
v -0.7355098128318787 -0.5641556978225708 4.075657367706299 
v -0.7342520356178284 -0.5689632296562195 4.082141876220703 
v -0.7395041584968567 -0.5647737979888916 4.096304416656494 
v -0.7336279153823853 -0.579505443572998 4.094029426574707 
v -0.7381311058998108 -0.5800548791885376 4.114790439605713 
v -0.7353754639625549 -0.5983922481536865 4.125995635986328 
v -0.7308722138404846 -0.597842812538147 4.105291366577148 
v -0.735116183757782 -0.6206785440444946 4.135892868041992 
v -0.7306129932403564 -0.6201291084289551 4.1151885986328125 
v -0.7295376062393188 -0.5584896802902222 4.027309894561768 
v -0.7247943878173828 -0.5662847757339478 4.020427703857422 
v -0.7249191999435425 -0.5669715404510498 4.028789043426514 
v -0.7315923571586609 -0.6201978325843811 4.136859893798828 
v -0.7318516373634338 -0.5979114770889282 4.126962661743164 
v -0.7270795702934265 -0.6196140050888062 4.116155624389648 
v -0.7273388504981995 -0.5973620414733887 4.106258869171143 
v -0.7345977425575256 -0.5795741677284241 4.115700721740723 
v -0.7300848960876465 -0.5789903402328491 4.094996452331543 
v -0.7359707355499268 -0.5642586946487427 4.09727144241333 
v -0.7307090163230896 -0.5684824585914612 4.083108425140381 
v -0.737170934677124 -0.558249294757843 4.088057041168213 
v -0.7319764494895935 -0.5636749863624573 4.076624393463135 
v -0.737382173538208 -0.5533387660980225 4.076282978057861 
v -0.73285973072052 -0.5592108368873596 4.069116592407227 
v -0.7363548278808594 -0.550385594367981 4.062802791595459 
v -0.7323412895202637 -0.5568414330482483 4.0597310066223145 
v -0.7337911128997803 -0.5504541993141174 4.048923969268799 
v -0.7309394478797913 -0.5564979910850525 4.051199436187744 
v -0.7301809191703796 -0.5531670451164246 4.036751747131348 
v -0.7284046411514282 -0.5583179593086243 4.042838096618652 
v -0.7260041832923889 -0.5579745769500732 4.0282769203186035 
v -0.7253224849700928 -0.561408519744873 4.035386562347412 
v -0.7212610244750977 -0.5657696723937988 4.0213942527771 
v -0.7213858366012573 -0.5664564371109009 4.029755592346191 
v -0.7353754639625549 -0.5983922481536865 4.125995635986328 
v -0.7315923571586609 -0.6201978325843811 4.136859893798828 
v -0.735116183757782 -0.6206785440444946 4.135892868041992 
v -0.735116183757782 -0.6206785440444946 4.135892868041992 
v -0.7306129932403564 -0.6201291084289551 4.1151885986328125 
v -0.7315923571586609 -0.6201978325843811 4.136859893798828 
v -0.7270795702934265 -0.6196140050888062 4.116155624389648 
v -1.3087910413742065 -0.6378644704818726 3.8482556343078613 
v -1.3075907230377197 -0.6438738107681274 3.8574702739715576 
v -1.3123342990875244 -0.6383451819419861 3.8473458290100098 
v -1.311124324798584 -0.6443889141082764 3.856503486633301 
v -1.3062175512313843 -0.6591892838478088 3.87589955329895 
v -1.309751272201538 -0.6596701145172119 3.8749892711639404 
v -1.303471326828003 -0.677526593208313 3.8871617317199707 
v -1.3090022802352905 -0.6329538822174072 3.8364815711975098 
v -1.3125358819961548 -0.6334346532821655 3.835514545440674 
v -1.3079748153686523 -0.6300007104873657 3.823000907897949 
v -1.3115084171295166 -0.6305158138275146 3.8220338821411133 
v -1.3089447021484375 -0.6305844187736511 3.808154821395874 
v -1.3054109811782837 -0.630069375038147 3.809122085571289 
v -1.305334210395813 -0.633297324180603 3.795982837677002 
v -1.3018004894256592 -0.6327822208404541 3.796949625015259 
v -1.3011571168899536 -0.6381048560142517 3.7875072956085205 
v -1.2976330518722534 -0.6375897526741028 3.7884745597839355 
v -1.2928799390792847 -0.6453847885131836 3.7815918922424316 
v -1.2964136600494385 -0.6458998918533325 3.780625104904175 
v -1.3000240325927734 -0.6379331350326538 3.8030359745025635 
v -1.3060927391052246 -0.6365938782691956 3.8104302883148193 
v -1.3025591373443604 -0.6361131072044373 3.8113973140716553 
v -1.3074946403503418 -0.636971652507782 3.818962335586548 
v -1.3039610385894775 -0.6364565491676331 3.819929361343384 
v -1.3080132007598877 -0.6393410563468933 3.828347682952881 
v -1.3044795989990234 -0.6388259530067444 3.8293144702911377 
v -1.3071298599243164 -0.6437708735466003 3.8358559608459473 
v -1.3035961389541626 -0.6432557702064514 3.836822748184204 
v -1.305871844291687 -0.6485783457756042 3.8423402309417725 
v -1.3023285865783691 -0.6480976939201355 3.8433070182800293 
v -1.3052477836608887 -0.6591206192970276 3.8542280197143555 
v -1.3017045259475708 -0.6586055159568787 3.8551952838897705 
v -1.3024919033050537 -0.6774579286575317 3.865490436553955 
v -1.2989581823349 -0.6769428253173828 3.866457462310791 
v -1.3022326231002808 -0.6997442245483398 3.875387668609619 
v -1.298698902130127 -0.6992291212081909 3.876354694366455 
v -1.3035577535629272 -0.6384482383728027 3.8021256923675537 
v -1.2969417572021484 -0.6410236954689026 3.7955844402313232 
v -1.300456166267395 -0.6415387988090515 3.7946176528930664 
v -1.2930047512054443 -0.6460716128349304 3.7899532318115234 
v -1.2965384721755981 -0.6465867161750793 3.7889864444732666 
v -1.300456166267395 -0.6415387988090515 3.7946176528930664 
v -1.3035577535629272 -0.6384482383728027 3.8021256923675537 
v -1.305334210395813 -0.633297324180603 3.795982837677002 
v -1.3060927391052246 -0.6365938782691956 3.8104302883148193 
v -1.3089447021484375 -0.6305844187736511 3.808154821395874 
v -1.3115084171295166 -0.6305158138275146 3.8220338821411133 
v -1.3074946403503418 -0.636971652507782 3.818962335586548 
v -1.3080132007598877 -0.6393410563468933 3.828347682952881 
v -1.3125358819961548 -0.6334346532821655 3.835514545440674 
v -1.3123342990875244 -0.6383451819419861 3.8473458290100098 
v -1.3071298599243164 -0.6437708735466003 3.8358559608459473 
v -1.305871844291687 -0.6485783457756042 3.8423402309417725 
v -1.311124324798584 -0.6443889141082764 3.856503486633301 
v -1.3052477836608887 -0.6591206192970276 3.8542280197143555 
v -1.309751272201538 -0.6596701145172119 3.8749892711639404 
v -1.3069953918457031 -0.6780073642730713 3.886194944381714 
v -1.3024919033050537 -0.6774579286575317 3.865490436553955 
v -1.3067361116409302 -0.7002936601638794 3.896091938018799 
v -1.3022326231002808 -0.6997442245483398 3.875387668609619 
v -1.3011571168899536 -0.6381048560142517 3.7875072956085205 
v -1.2964136600494385 -0.6458998918533325 3.780625104904175 
v -1.2965384721755981 -0.6465867161750793 3.7889864444732666 
v -1.30321204662323 -0.6998129487037659 3.8970587253570557 
v -1.303471326828003 -0.677526593208313 3.8871617317199707 
v -1.298698902130127 -0.6992291212081909 3.876354694366455 
v -1.2989581823349 -0.6769428253173828 3.866457462310791 
v -1.3062175512313843 -0.6591892838478088 3.87589955329895 
v -1.3017045259475708 -0.6586055159568787 3.8551952838897705 
v -1.3075907230377197 -0.6438738107681274 3.8574702739715576 
v -1.3023285865783691 -0.6480976939201355 3.8433070182800293 
v -1.3087910413742065 -0.6378644704818726 3.8482556343078613 
v -1.3035961389541626 -0.6432557702064514 3.836822748184204 
v -1.3090022802352905 -0.6329538822174072 3.8364815711975098 
v -1.3044795989990234 -0.6388259530067444 3.8293144702911377 
v -1.3079748153686523 -0.6300007104873657 3.823000907897949 
v -1.3039610385894775 -0.6364565491676331 3.819929361343384 
v -1.3054109811782837 -0.630069375038147 3.809122085571289 
v -1.3025591373443604 -0.6361131072044373 3.8113973140716553 
v -1.3018004894256592 -0.6327822208404541 3.796949625015259 
v -1.3000240325927734 -0.6379331350326538 3.8030359745025635 
v -1.2976330518722534 -0.6375897526741028 3.7884745597839355 
v -1.2969417572021484 -0.6410236954689026 3.7955844402313232 
v -1.2928799390792847 -0.6453847885131836 3.7815918922424316 
v -1.2930047512054443 -0.6460716128349304 3.7899532318115234 
v -1.3069953918457031 -0.6780073642730713 3.886194944381714 
v -1.30321204662323 -0.6998129487037659 3.8970587253570557 
v -1.3067361116409302 -0.7002936601638794 3.896091938018799 
v -1.3067361116409302 -0.7002936601638794 3.896091938018799 
v -1.3022326231002808 -0.6997442245483398 3.875387668609619 
v -1.30321204662323 -0.6998129487037659 3.8970587253570557 
v -1.298698902130127 -0.6992291212081909 3.876354694366455 
v -0.8735252022743225 -0.6490368247032166 4.256136417388916 
v -0.87232506275177 -0.6550463438034058 4.265350818634033 
v -0.8770682215690613 -0.6495175957679749 4.255226135253906 
v -0.8758584260940552 -0.6555614471435547 4.264383792877197 
v -0.8709519505500793 -0.670362114906311 4.283779144287109 
v -0.874485433101654 -0.6708428859710693 4.282869338989258 
v -0.8682059049606323 -0.6886998414993286 4.295041084289551 
v -0.8737364411354065 -0.6441261172294617 4.2443623542785645 
v -0.8772698640823364 -0.64460688829422 4.2433953285217285 
v -0.8727090358734131 -0.6411728858947754 4.230882167816162 
v -0.8762425184249878 -0.6416879892349243 4.229915142059326 
v -0.8736788630485535 -0.6417566537857056 4.216036796569824 
v -0.8701454401016235 -0.6412415504455566 4.21700382232666 
v -0.870059072971344 -0.6444695591926575 4.203864574432373 
v -0.8665255904197693 -0.6439544558525085 4.204831600189209 
v -0.8658918738365173 -0.6492772102355957 4.195389747619629 
v -0.8623585104942322 -0.6487964391708374 4.196356773376465 
v -0.8576152324676514 -0.6565573215484619 4.189474105834961 
v -0.8611487150192261 -0.6570724248886108 4.188507080078125 
v -0.8647588491439819 -0.649105429649353 4.2109174728393555 
v -0.8708271384239197 -0.6477662324905396 4.218311786651611 
v -0.8672937750816345 -0.6472854614257812 4.219278812408447 
v -0.8722289800643921 -0.6481439471244812 4.22684383392334 
v -0.8686956167221069 -0.647628903388977 4.227810382843018 
v -0.8727474212646484 -0.6505134105682373 4.2362284660339355 
v -0.8692140579223633 -0.6499983072280884 4.2371954917907715 
v -0.8718641400337219 -0.6549432873725891 4.243736743927002 
v -0.868330717086792 -0.6544281840324402 4.244703769683838 
v -0.8706063628196716 -0.6597509384155273 4.250220775604248 
v -0.8670633435249329 -0.6592702269554138 4.251187801361084 
v -0.8699821829795837 -0.6702935099601746 4.262108325958252 
v -0.866439163684845 -0.6697784066200256 4.263075351715088 
v -0.8672265410423279 -0.6886311173439026 4.273370265960693 
v -0.863693118095398 -0.6881504654884338 4.274337291717529 
v -0.8669672608375549 -0.7109180092811584 4.283267498016357 
v -0.8634338974952698 -0.7104029059410095 4.284234046936035 
v -0.8682923316955566 -0.649620532989502 4.210007667541504 
v -0.8616767525672913 -0.6521961092948914 4.203466415405273 
v -0.8651909828186035 -0.6527112126350403 4.2024993896484375 
v -0.857740044593811 -0.6572441458702087 4.197835445404053 
v -0.8612735271453857 -0.6577592492103577 4.196868419647217 
v -0.8651909828186035 -0.6527112126350403 4.2024993896484375 
v -0.8682923316955566 -0.649620532989502 4.210007667541504 
v -0.870059072971344 -0.6444695591926575 4.203864574432373 
v -0.8708271384239197 -0.6477662324905396 4.218311786651611 
v -0.8736788630485535 -0.6417566537857056 4.216036796569824 
v -0.8762425184249878 -0.6416879892349243 4.229915142059326 
v -0.8722289800643921 -0.6481439471244812 4.22684383392334 
v -0.8727474212646484 -0.6505134105682373 4.2362284660339355 
v -0.8772698640823364 -0.64460688829422 4.2433953285217285 
v -0.8770682215690613 -0.6495175957679749 4.255226135253906 
v -0.8718641400337219 -0.6549432873725891 4.243736743927002 
v -0.8706063628196716 -0.6597509384155273 4.250220775604248 
v -0.8758584260940552 -0.6555614471435547 4.264383792877197 
v -0.8699821829795837 -0.6702935099601746 4.262108325958252 
v -0.874485433101654 -0.6708428859710693 4.282869338989258 
v -0.8717297315597534 -0.6891806125640869 4.294074058532715 
v -0.8672265410423279 -0.6886311173439026 4.273370265960693 
v -0.8714704513549805 -0.7114675045013428 4.303971290588379 
v -0.8669672608375549 -0.7109180092811584 4.283267498016357 
v -0.8658918738365173 -0.6492772102355957 4.195389747619629 
v -0.8611487150192261 -0.6570724248886108 4.188507080078125 
v -0.8612735271453857 -0.6577592492103577 4.196868419647217 
v -0.8679466247558594 -0.7109867334365845 4.304938316345215 
v -0.8682059049606323 -0.6886998414993286 4.295041084289551 
v -0.8634338974952698 -0.7104029059410095 4.284234046936035 
v -0.863693118095398 -0.6881504654884338 4.274337291717529 
v -0.8709519505500793 -0.670362114906311 4.283779144287109 
v -0.866439163684845 -0.6697784066200256 4.263075351715088 
v -0.87232506275177 -0.6550463438034058 4.265350818634033 
v -0.8670633435249329 -0.6592702269554138 4.251187801361084 
v -0.8735252022743225 -0.6490368247032166 4.256136417388916 
v -0.868330717086792 -0.6544281840324402 4.244703769683838 
v -0.8737364411354065 -0.6441261172294617 4.2443623542785645 
v -0.8692140579223633 -0.6499983072280884 4.2371954917907715 
v -0.8727090358734131 -0.6411728858947754 4.230882167816162 
v -0.8686956167221069 -0.647628903388977 4.227810382843018 
v -0.8701454401016235 -0.6412415504455566 4.21700382232666 
v -0.8672937750816345 -0.6472854614257812 4.219278812408447 
v -0.8665255904197693 -0.6439544558525085 4.204831600189209 
v -0.8647588491439819 -0.649105429649353 4.2109174728393555 
v -0.8623585104942322 -0.6487964391708374 4.196356773376465 
v -0.8616767525672913 -0.6521961092948914 4.203466415405273 
v -0.8576152324676514 -0.6565573215484619 4.189474105834961 
v -0.857740044593811 -0.6572441458702087 4.197835445404053 
v -0.8717297315597534 -0.6891806125640869 4.294074058532715 
v -0.8679466247558594 -0.7109867334365845 4.304938316345215 
v -0.8714704513549805 -0.7114675045013428 4.303971290588379 
v -0.8714704513549805 -0.7114675045013428 4.303971290588379 
v -0.8669672608375549 -0.7109180092811584 4.283267498016357 
v -0.8679466247558594 -0.7109867334365845 4.304938316345215 
v -0.8634338974952698 -0.7104029059410095 4.284234046936035 
v 1.2763835191726685 -0.7650490403175354 4.1133623123168945 
v 1.2766317129135132 -0.7441694140434265 4.108033180236816 
v 1.2728610038757324 -0.7648450136184692 4.11437463760376 
v 1.273099660873413 -0.7439993619918823 4.109098434448242 
v 1.2806220054626465 -0.7241739630699158 4.09492301940918 
v 1.2770804166793823 -0.7239359021186829 4.095988750457764 
v 1.281853437423706 -0.7156725525856018 4.087941646575928 
v 1.278311848640442 -0.7154684662818909 4.0890069007873535 
v 1.2785695791244507 -0.7072730660438538 4.0792012214660645 
v 1.2821016311645508 -0.7074770927429199 4.0781354904174805 
v 1.2775863409042358 -0.7005058526992798 4.067156791687012 
v 1.2811279296875 -0.700675904750824 4.0661444664001465 
v 1.278617262840271 -0.6966632008552551 4.052821159362793 
v 1.2750756740570068 -0.696459174156189 4.053886890411377 
v 1.2750375270843506 -0.6956430673599243 4.040403842926025 
v 1.2715054750442505 -0.6954389810562134 4.041416645050049 
v 1.2708945274353027 -0.6977514028549194 4.030864238739014 
v 1.2673624753952026 -0.6975473761558533 4.031930446624756 
v 1.2625607252120972 -0.7083612084388733 4.006349563598633 
v 1.2660928964614868 -0.7085652947425842 4.005283832550049 
v 1.2697107791900635 -0.7021721005439758 4.0457329750061035 
v 1.2757534980773926 -0.7030903697013855 4.053247451782227 
v 1.2722119092941284 -0.7028863430023193 4.05426025390625 
v 1.2771185636520386 -0.7059468030929565 4.061295032501221 
v 1.2735769748687744 -0.7057768106460571 4.062307357788086 
v 1.277605414390564 -0.711013674736023 4.069555282592773 
v 1.2740733623504639 -0.7108096480369568 4.070568084716797 
v 1.2766985893249512 -0.7174748182296753 4.075364112854004 
v 1.273157000541687 -0.7172367572784424 4.076429843902588 
v 1.2754193544387817 -0.7239698767662048 4.080160617828369 
v 1.2718777656555176 -0.7237658500671387 4.081173419952393 
v 1.2722023725509644 -0.7375383377075195 4.088420867919922 
v 1.2686702013015747 -0.7373342514038086 4.089433670043945 
v 1.2719637155532837 -0.7583839297294617 4.0936970710754395 
v 1.2684221267700195 -0.7581799030303955 4.094762802124023 
v 1.2732428312301636 -0.7023761868476868 4.044720649719238 
v 1.2666465044021606 -0.7029203176498413 4.037685871124268 
v 1.2701785564422607 -0.7031243443489075 4.036619663238525 
v 1.2627421617507935 -0.706048846244812 4.030810832977295 
v 1.2662742137908936 -0.7062528729438782 4.029745101928711 
v 1.2701785564422607 -0.7031243443489075 4.036619663238525 
v 1.2732428312301636 -0.7023761868476868 4.044720649719238 
v 1.2750375270843506 -0.6956430673599243 4.040403842926025 
v 1.2757534980773926 -0.7030903697013855 4.053247451782227 
v 1.278617262840271 -0.6966632008552551 4.052821159362793 
v 1.2811279296875 -0.700675904750824 4.0661444664001465 
v 1.2771185636520386 -0.7059468030929565 4.061295032501221 
v 1.277605414390564 -0.711013674736023 4.069555282592773 
v 1.2821016311645508 -0.7074770927429199 4.0781354904174805 
v 1.281853437423706 -0.7156725525856018 4.087941646575928 
v 1.2766985893249512 -0.7174748182296753 4.075364112854004 
v 1.2754193544387817 -0.7239698767662048 4.080160617828369 
v 1.2806220054626465 -0.7241739630699158 4.09492301940918 
v 1.2722023725509644 -0.7375383377075195 4.088420867919922 
v 1.2766317129135132 -0.7441694140434265 4.108033180236816 
v 1.2763835191726685 -0.7650490403175354 4.1133623123168945 
v 1.2719637155532837 -0.7583839297294617 4.0936970710754395 
v 1.2708945274353027 -0.6977514028549194 4.030864238739014 
v 1.2660928964614868 -0.7085652947425842 4.005283832550049 
v 1.2662742137908936 -0.7062528729438782 4.029745101928711 
v 1.2728610038757324 -0.7648450136184692 4.11437463760376 
v 1.273099660873413 -0.7439993619918823 4.109098434448242 
v 1.2684221267700195 -0.7581799030303955 4.094762802124023 
v 1.2686702013015747 -0.7373342514038086 4.089433670043945 
v 1.2770804166793823 -0.7239359021186829 4.095988750457764 
v 1.2718777656555176 -0.7237658500671387 4.081173419952393 
v 1.278311848640442 -0.7154684662818909 4.0890069007873535 
v 1.273157000541687 -0.7172367572784424 4.076429843902588 
v 1.2785695791244507 -0.7072730660438538 4.0792012214660645 
v 1.2740733623504639 -0.7108096480369568 4.070568084716797 
v 1.2775863409042358 -0.7005058526992798 4.067156791687012 
v 1.2735769748687744 -0.7057768106460571 4.062307357788086 
v 1.2750756740570068 -0.696459174156189 4.053886890411377 
v 1.2722119092941284 -0.7028863430023193 4.05426025390625 
v 1.2715054750442505 -0.6954389810562134 4.041416645050049 
v 1.2697107791900635 -0.7021721005439758 4.0457329750061035 
v 1.2673624753952026 -0.6975473761558533 4.031930446624756 
v 1.2666465044021606 -0.7029203176498413 4.037685871124268 
v 1.2625607252120972 -0.7083612084388733 4.006349563598633 
v 1.2627421617507935 -0.706048846244812 4.030810832977295 
v 1.2763835191726685 -0.7650490403175354 4.1133623123168945 
v 1.2719637155532837 -0.7583839297294617 4.0936970710754395 
v 1.2728610038757324 -0.7648450136184692 4.11437463760376 
v 1.2684221267700195 -0.7581799030303955 4.094762802124023 
v 0.45656752586364746 -0.6974042654037476 4.591018199920654 
v 0.4568144381046295 -0.6765246391296387 4.585720062255859 
v 0.4530346393585205 -0.6972002387046814 4.592051029205322 
v 0.45328158140182495 -0.6763546466827393 4.586752414703369 
v 0.46080318093299866 -0.6565291881561279 4.572608470916748 
v 0.45726078748703003 -0.656291127204895 4.573641300201416 
v 0.4620377719402313 -0.648027777671814 4.565603733062744 
v 0.4584954082965851 -0.6478237509727478 4.566681861877441 
v 0.45874232053756714 -0.6396282911300659 4.556848049163818 
v 0.4622846841812134 -0.6398323178291321 4.55581521987915 
v 0.4577641487121582 -0.6328610777854919 4.544859409332275 
v 0.46130648255348206 -0.6330311298370361 4.543826580047607 
v 0.4587993025779724 -0.6290184855461121 4.530535697937012 
v 0.45525693893432617 -0.6288144588470459 4.53156852722168 
v 0.45521897077560425 -0.6279982924461365 4.5180535316467285 
v 0.4516860842704773 -0.6277942657470703 4.519130706787109 
v 0.45107826590538025 -0.6301066279411316 4.5085344314575195 
v 0.4475454092025757 -0.6299026012420654 4.5096116065979 
v 0.442844420671463 -0.6336772441864014 4.5011701583862305 
v 0.44637730717658997 -0.6338812708854675 4.5001373291015625 
v 0.44989117980003357 -0.6345273852348328 4.523441314697266 
v 0.45593124628067017 -0.6354455947875977 4.530894756317139 
v 0.45238885283470154 -0.6352415680885315 4.531928062438965 
v 0.45729878544807434 -0.6383020877838135 4.5389323234558105 
v 0.4537659287452698 -0.6381320357322693 4.54000997543335 
v 0.45779260993003845 -0.6433688998222351 4.547194480895996 
v 0.4542502760887146 -0.643164873123169 4.548272132873535 
v 0.45688092708587646 -0.6497960686683655 4.553076267242432 
v 0.45333853363990784 -0.6495920419692993 4.5541090965271 
v 0.4555988311767578 -0.6563251614570618 4.557836055755615 
v 0.4520564675331116 -0.6561211347579956 4.558868408203125 
v 0.45238885283470154 -0.6698935627937317 4.566097736358643 
v 0.4488465189933777 -0.6696895360946655 4.5671305656433105 
v 0.45214197039604187 -0.6907391548156738 4.571351051330566 
v 0.4486090838909149 -0.6905351281166077 4.5724287033081055 
v 0.45342403650283813 -0.6347314119338989 4.522363662719727 
v 0.44683316349983215 -0.6352756023406982 4.515359401702881 
v 0.45035651326179504 -0.6354796290397644 4.514326572418213 
v 0.44292038679122925 -0.6384040713310242 4.50848913192749 
v 0.4464532732963562 -0.6386081576347351 4.507411479949951 
v 0.45035651326179504 -0.6354796290397644 4.514326572418213 
v 0.45342403650283813 -0.6347314119338989 4.522363662719727 
v 0.45521897077560425 -0.6279982924461365 4.5180535316467285 
v 0.45593124628067017 -0.6354455947875977 4.530894756317139 
v 0.4587993025779724 -0.6290184855461121 4.530535697937012 
v 0.46130648255348206 -0.6330311298370361 4.543826580047607 
v 0.45729878544807434 -0.6383020877838135 4.5389323234558105 
v 0.45779260993003845 -0.6433688998222351 4.547194480895996 
v 0.4622846841812134 -0.6398323178291321 4.55581521987915 
v 0.4620377719402313 -0.648027777671814 4.565603733062744 
v 0.45688092708587646 -0.6497960686683655 4.553076267242432 
v 0.4555988311767578 -0.6563251614570618 4.557836055755615 
v 0.46080318093299866 -0.6565291881561279 4.572608470916748 
v 0.45238885283470154 -0.6698935627937317 4.566097736358643 
v 0.4568144381046295 -0.6765246391296387 4.585720062255859 
v 0.45656752586364746 -0.6974042654037476 4.591018199920654 
v 0.45214197039604187 -0.6907391548156738 4.571351051330566 
v 0.45107826590538025 -0.6301066279411316 4.5085344314575195 
v 0.44637730717658997 -0.6338812708854675 4.5001373291015625 
v 0.4464532732963562 -0.6386081576347351 4.507411479949951 
v 0.4530346393585205 -0.6972002387046814 4.592051029205322 
v 0.45328158140182495 -0.6763546466827393 4.586752414703369 
v 0.4486090838909149 -0.6905351281166077 4.5724287033081055 
v 0.4488465189933777 -0.6696895360946655 4.5671305656433105 
v 0.45726078748703003 -0.656291127204895 4.573641300201416 
v 0.4520564675331116 -0.6561211347579956 4.558868408203125 
v 0.4584954082965851 -0.6478237509727478 4.566681861877441 
v 0.45333853363990784 -0.6495920419692993 4.5541090965271 
v 0.45874232053756714 -0.6396282911300659 4.556848049163818 
v 0.4542502760887146 -0.643164873123169 4.548272132873535 
v 0.4577641487121582 -0.6328610777854919 4.544859409332275 
v 0.4537659287452698 -0.6381320357322693 4.54000997543335 
v 0.45525693893432617 -0.6288144588470459 4.53156852722168 
v 0.45238885283470154 -0.6352415680885315 4.531928062438965 
v 0.4516860842704773 -0.6277942657470703 4.519130706787109 
v 0.44989117980003357 -0.6345273852348328 4.523441314697266 
v 0.4475454092025757 -0.6299026012420654 4.5096116065979 
v 0.44683316349983215 -0.6352756023406982 4.515359401702881 
v 0.442844420671463 -0.6336772441864014 4.5011701583862305 
v 0.44292038679122925 -0.6384040713310242 4.50848913192749 
v 0.45656752586364746 -0.6974042654037476 4.591018199920654 
v 0.45214197039604187 -0.6907391548156738 4.571351051330566 
v 0.4530346393585205 -0.6972002387046814 4.592051029205322 
v 0.4486090838909149 -0.6905351281166077 4.5724287033081055 
v -1.2817471027374268 -0.7650490403175354 4.1133623123168945 
v -1.2819952964782715 -0.7441694140434265 4.108033180236816 
v -1.2782245874404907 -0.7648450136184692 4.11437463760376 
v -1.2784632444381714 -0.7439993619918823 4.109098434448242 
v -1.2859855890274048 -0.7241739630699158 4.09492301940918 
v -1.282443881034851 -0.7239359021186829 4.095988750457764 
v -1.2872169017791748 -0.7156725525856018 4.087941646575928 
v -1.2836754322052002 -0.7154684662818909 4.0890069007873535 
v -1.283933162689209 -0.7072730660438538 4.0792012214660645 
v -1.287465214729309 -0.7074770927429199 4.0781354904174805 
v -1.2829498052597046 -0.7005058526992798 4.067156791687012 
v -1.2864915132522583 -0.700675904750824 4.0661444664001465 
v -1.2839808464050293 -0.6966632008552551 4.052821159362793 
v -1.2804392576217651 -0.696459174156189 4.053886890411377 
v -1.2804011106491089 -0.6956430673599243 4.040403842926025 
v -1.2768690586090088 -0.6954389810562134 4.041416645050049 
v -1.2762579917907715 -0.6977514028549194 4.030864238739014 
v -1.2727259397506714 -0.6975473761558533 4.031930446624756 
v -1.2679243087768555 -0.7083612084388733 4.006349563598633 
v -1.2714564800262451 -0.7085652947425842 4.005283832550049 
v -1.2750743627548218 -0.7021721005439758 4.0457329750061035 
v -1.2811169624328613 -0.7030903697013855 4.053247451782227 
v -1.2775753736495972 -0.7028863430023193 4.05426025390625 
v -1.2824820280075073 -0.7059468030929565 4.061295032501221 
v -1.2789404392242432 -0.7057768106460571 4.062307357788086 
v -1.2829689979553223 -0.711013674736023 4.069555282592773 
v -1.2794369459152222 -0.7108096480369568 4.070568084716797 
v -1.28206205368042 -0.7174748182296753 4.075364112854004 
v -1.2785204648971558 -0.7172367572784424 4.076429843902588 
v -1.28078293800354 -0.7239698767662048 4.080160617828369 
v -1.2772413492202759 -0.7237658500671387 4.081173419952393 
v -1.2775659561157227 -0.7375383377075195 4.088420867919922 
v -1.274033784866333 -0.7373342514038086 4.089433670043945 
v -1.277327299118042 -0.7583839297294617 4.0936970710754395 
v -1.2737857103347778 -0.7581799030303955 4.094762802124023 
v -1.2786064147949219 -0.7023761868476868 4.044720649719238 
v -1.272010087966919 -0.7029203176498413 4.037685871124268 
v -1.275542140007019 -0.7031243443489075 4.036619663238525 
v -1.2681057453155518 -0.706048846244812 4.030810832977295 
v -1.2716376781463623 -0.7062528729438782 4.029745101928711 
v -1.275542140007019 -0.7031243443489075 4.036619663238525 
v -1.2786064147949219 -0.7023761868476868 4.044720649719238 
v -1.2804011106491089 -0.6956430673599243 4.040403842926025 
v -1.2811169624328613 -0.7030903697013855 4.053247451782227 
v -1.2839808464050293 -0.6966632008552551 4.052821159362793 
v -1.2864915132522583 -0.700675904750824 4.0661444664001465 
v -1.2824820280075073 -0.7059468030929565 4.061295032501221 
v -1.2829689979553223 -0.711013674736023 4.069555282592773 
v -1.287465214729309 -0.7074770927429199 4.0781354904174805 
v -1.2872169017791748 -0.7156725525856018 4.087941646575928 
v -1.28206205368042 -0.7174748182296753 4.075364112854004 
v -1.28078293800354 -0.7239698767662048 4.080160617828369 
v -1.2859855890274048 -0.7241739630699158 4.09492301940918 
v -1.2775659561157227 -0.7375383377075195 4.088420867919922 
v -1.2819952964782715 -0.7441694140434265 4.108033180236816 
v -1.2817471027374268 -0.7650490403175354 4.1133623123168945 
v -1.277327299118042 -0.7583839297294617 4.0936970710754395 
v -1.2762579917907715 -0.6977514028549194 4.030864238739014 
v -1.2714564800262451 -0.7085652947425842 4.005283832550049 
v -1.2716376781463623 -0.7062528729438782 4.029745101928711 
v -1.2782245874404907 -0.7648450136184692 4.11437463760376 
v -1.2784632444381714 -0.7439993619918823 4.109098434448242 
v -1.2737857103347778 -0.7581799030303955 4.094762802124023 
v -1.274033784866333 -0.7373342514038086 4.089433670043945 
v -1.282443881034851 -0.7239359021186829 4.095988750457764 
v -1.2772413492202759 -0.7237658500671387 4.081173419952393 
v -1.2836754322052002 -0.7154684662818909 4.0890069007873535 
v -1.2785204648971558 -0.7172367572784424 4.076429843902588 
v -1.283933162689209 -0.7072730660438538 4.0792012214660645 
v -1.2794369459152222 -0.7108096480369568 4.070568084716797 
v -1.2829498052597046 -0.7005058526992798 4.067156791687012 
v -1.2789404392242432 -0.7057768106460571 4.062307357788086 
v -1.2804392576217651 -0.696459174156189 4.053886890411377 
v -1.2775753736495972 -0.7028863430023193 4.05426025390625 
v -1.2768690586090088 -0.6954389810562134 4.041416645050049 
v -1.2750743627548218 -0.7021721005439758 4.0457329750061035 
v -1.2727259397506714 -0.6975473761558533 4.031930446624756 
v -1.272010087966919 -0.7029203176498413 4.037685871124268 
v -1.2679243087768555 -0.7083612084388733 4.006349563598633 
v -1.2681057453155518 -0.706048846244812 4.030810832977295 
v -1.2817471027374268 -0.7650490403175354 4.1133623123168945 
v -1.277327299118042 -0.7583839297294617 4.0936970710754395 
v -1.2782245874404907 -0.7648450136184692 4.11437463760376 
v -1.2737857103347778 -0.7581799030303955 4.094762802124023 
v -0.461931049823761 -0.6974042654037476 4.591018199920654 
v -0.46217799186706543 -0.6765246391296387 4.585720062255859 
v -0.4583981931209564 -0.6972002387046814 4.592051029205322 
v -0.45864513516426086 -0.6763546466827393 4.586752414703369 
v -0.4661667048931122 -0.6565291881561279 4.572608470916748 
v -0.46262434124946594 -0.656291127204895 4.573641300201416 
v -0.46740129590034485 -0.648027777671814 4.565603733062744 
v -0.463858962059021 -0.6478237509727478 4.566681861877441 
v -0.46410584449768066 -0.6396282911300659 4.556848049163818 
v -0.4676482379436493 -0.6398323178291321 4.55581521987915 
v -0.46312767267227173 -0.6328610777854919 4.544859409332275 
v -0.46667003631591797 -0.6330311298370361 4.543826580047607 
v -0.4641628563404083 -0.6290184855461121 4.530535697937012 
v -0.4606204628944397 -0.6288144588470459 4.53156852722168 
v -0.4605824947357178 -0.6279982924461365 4.5180535316467285 
v -0.4570496380329132 -0.6277942657470703 4.519130706787109 
v -0.45644181966781616 -0.6301066279411316 4.5085344314575195 
v -0.4529089331626892 -0.6299026012420654 4.5096116065979 
v -0.4482079744338989 -0.6336772441864014 4.5011701583862305 
v -0.4517408311367035 -0.6338812708854675 4.5001373291015625 
v -0.4552547037601471 -0.6345273852348328 4.523441314697266 
v -0.4612947702407837 -0.6354455947875977 4.530894756317139 
v -0.45775240659713745 -0.6352415680885315 4.531928062438965 
v -0.46266233921051025 -0.6383020877838135 4.5389323234558105 
v -0.4591294825077057 -0.6381320357322693 4.54000997543335 
v -0.46315616369247437 -0.6433688998222351 4.547194480895996 
v -0.4596138000488281 -0.643164873123169 4.548272132873535 
v -0.4622444808483124 -0.6497960686683655 4.553076267242432 
v -0.45870208740234375 -0.6495920419692993 4.5541090965271 
v -0.46096235513687134 -0.6563251614570618 4.557836055755615 
v -0.4574200212955475 -0.6561211347579956 4.558868408203125 
v -0.45775240659713745 -0.6698935627937317 4.566097736358643 
v -0.4542100429534912 -0.6696895360946655 4.5671305656433105 
v -0.4575054943561554 -0.6907391548156738 4.571351051330566 
v -0.45397263765335083 -0.6905351281166077 4.5724287033081055 
v -0.45878756046295166 -0.6347314119338989 4.522363662719727 
v -0.45219671726226807 -0.6352756023406982 4.515359401702881 
v -0.45572003722190857 -0.6354796290397644 4.514326572418213 
v -0.44828394055366516 -0.6384040713310242 4.50848913192749 
v -0.4518167972564697 -0.6386081576347351 4.507411479949951 
v -0.45572003722190857 -0.6354796290397644 4.514326572418213 
v -0.45878756046295166 -0.6347314119338989 4.522363662719727 
v -0.4605824947357178 -0.6279982924461365 4.5180535316467285 
v -0.4612947702407837 -0.6354455947875977 4.530894756317139 
v -0.4641628563404083 -0.6290184855461121 4.530535697937012 
v -0.46667003631591797 -0.6330311298370361 4.543826580047607 
v -0.46266233921051025 -0.6383020877838135 4.5389323234558105 
v -0.46315616369247437 -0.6433688998222351 4.547194480895996 
v -0.4676482379436493 -0.6398323178291321 4.55581521987915 
v -0.46740129590034485 -0.648027777671814 4.565603733062744 
v -0.4622444808483124 -0.6497960686683655 4.553076267242432 
v -0.46096235513687134 -0.6563251614570618 4.557836055755615 
v -0.4661667048931122 -0.6565291881561279 4.572608470916748 
v -0.45775240659713745 -0.6698935627937317 4.566097736358643 
v -0.46217799186706543 -0.6765246391296387 4.585720062255859 
v -0.461931049823761 -0.6974042654037476 4.591018199920654 
v -0.4575054943561554 -0.6907391548156738 4.571351051330566 
v -0.45644181966781616 -0.6301066279411316 4.5085344314575195 
v -0.4517408311367035 -0.6338812708854675 4.5001373291015625 
v -0.4518167972564697 -0.6386081576347351 4.507411479949951 
v -0.4583981931209564 -0.6972002387046814 4.592051029205322 
v -0.45864513516426086 -0.6763546466827393 4.586752414703369 
v -0.45397263765335083 -0.6905351281166077 4.5724287033081055 
v -0.4542100429534912 -0.6696895360946655 4.5671305656433105 
v -0.46262434124946594 -0.656291127204895 4.573641300201416 
v -0.4574200212955475 -0.6561211347579956 4.558868408203125 
v -0.463858962059021 -0.6478237509727478 4.566681861877441 
v -0.45870208740234375 -0.6495920419692993 4.5541090965271 
v -0.46410584449768066 -0.6396282911300659 4.556848049163818 
v -0.4596138000488281 -0.643164873123169 4.548272132873535 
v -0.46312767267227173 -0.6328610777854919 4.544859409332275 
v -0.4591294825077057 -0.6381320357322693 4.54000997543335 
v -0.4606204628944397 -0.6288144588470459 4.53156852722168 
v -0.45775240659713745 -0.6352415680885315 4.531928062438965 
v -0.4570496380329132 -0.6277942657470703 4.519130706787109 
v -0.4552547037601471 -0.6345273852348328 4.523441314697266 
v -0.4529089331626892 -0.6299026012420654 4.5096116065979 
v -0.45219671726226807 -0.6352756023406982 4.515359401702881 
v -0.4482079744338989 -0.6336772441864014 4.5011701583862305 
v -0.44828394055366516 -0.6384040713310242 4.50848913192749 
v -0.461931049823761 -0.6974042654037476 4.591018199920654 
v -0.4575054943561554 -0.6907391548156738 4.571351051330566 
v -0.4583981931209564 -0.6972002387046814 4.592051029205322 
v -0.45397263765335083 -0.6905351281166077 4.5724287033081055 
v 0.47228702902793884 -0.6535106897354126 4.813747882843018 
v 0.4687705934047699 -0.6440259218215942 4.799750328063965 
v 0.46822962164878845 -0.6535106897354126 4.815394401550293 
v 0.4647131562232971 -0.6440259218215942 4.801397323608398 
v 0.4641721546649933 -0.6410619616508484 4.783282279968262 
v 0.4601147472858429 -0.6410619616508484 4.784928798675537 
v 0.45957377552986145 -0.6440259218215942 4.767637729644775 
v 0.45524585247039795 -0.6440259218215942 4.769284725189209 
v 0.45524585247039795 -0.6517322659492493 4.754463195800781 
v 0.45091795921325684 -0.6517322659492493 4.756110191345215 
v 0.4457785189151764 -0.6647738218307495 4.742112636566162 
v 0.44983595609664917 -0.6647738218307495 4.740466117858887 
v 0.47526246309280396 -0.6665522456169128 4.824451923370361 
v 0.47093454003334045 -0.6659594178199768 4.826098918914795 
v 0.4728280007839203 -0.6807793378829956 4.83350944519043 
v 0.47688546776771545 -0.6807793378829956 4.831862926483154 
v 0.4760739505290985 -0.7163471579551697 4.84503698348999 
v 0.4801313877105713 -0.7163471579551697 4.843389987945557 
v 0.47255754470825195 -0.7121976017951965 4.8203349113464355 
v 0.4706640839576721 -0.686114490032196 4.812101364135742 
v 0.46660661697387695 -0.686114490032196 4.813747882843018 
v 0.46552467346191406 -0.6748514175415039 4.808807373046875 
v 0.4698525667190552 -0.6748514175415039 4.807984352111816 
v 0.4641721546649933 -0.663588285446167 4.803043842315674 
v 0.4685000777244568 -0.663588285446167 4.801397323608398 
v 0.4617377519607544 -0.6564746499061584 4.7939863204956055 
v 0.4657951593399048 -0.6570674777030945 4.79233980178833 
v 0.4590327739715576 -0.6541035175323486 4.7841057777404785 
v 0.4630902111530304 -0.6541035175323486 4.782458782196045 
v 0.4557868242263794 -0.6558818817138672 4.772578239440918 
v 0.45984429121017456 -0.6558818817138672 4.771754741668701 
v 0.45227041840553284 -0.6606242656707764 4.761874198913574 
v 0.4563278257846832 -0.6606242656707764 4.761050701141357 
v 0.4476719796657562 -0.671294629573822 4.750346660614014 
v 0.4519999027252197 -0.671294629573822 4.74869966506958 
v 0.46822962164878845 -0.7121976017951965 4.821158409118652 
v 0.4519999027252197 -0.671294629573822 4.74869966506958 
v 0.44983595609664917 -0.6647738218307495 4.740466117858887 
v 0.4563278257846832 -0.6606242656707764 4.761050701141357 
v 0.45524585247039795 -0.6517322659492493 4.754463195800781 
v 0.45984429121017456 -0.6558818817138672 4.771754741668701 
v 0.45957377552986145 -0.6440259218215942 4.767637729644775 
v 0.4630902111530304 -0.6541035175323486 4.782458782196045 
v 0.4641721546649933 -0.6410619616508484 4.783282279968262 
v 0.4687705934047699 -0.6440259218215942 4.799750328063965 
v 0.4657951593399048 -0.6570674777030945 4.79233980178833 
v 0.47228702902793884 -0.6535106897354126 4.813747882843018 
v 0.4685000777244568 -0.663588285446167 4.801397323608398 
v 0.47526246309280396 -0.6665522456169128 4.824451923370361 
v 0.4698525667190552 -0.6748514175415039 4.807984352111816 
v 0.47688546776771545 -0.6807793378829956 4.831862926483154 
v 0.4706640839576721 -0.686114490032196 4.812101364135742 
v 0.47255754470825195 -0.7121976017951965 4.8203349113464355 
v 0.4801313877105713 -0.7163471579551697 4.843389987945557 
v 0.45091795921325684 -0.6517322659492493 4.756110191345215 
v 0.4557868242263794 -0.6558818817138672 4.772578239440918 
v 0.45524585247039795 -0.6440259218215942 4.769284725189209 
v 0.4590327739715576 -0.6541035175323486 4.7841057777404785 
v 0.4601147472858429 -0.6410619616508484 4.784928798675537 
v 0.4617377519607544 -0.6564746499061584 4.7939863204956055 
v 0.4647131562232971 -0.6440259218215942 4.801397323608398 
v 0.4641721546649933 -0.663588285446167 4.803043842315674 
v 0.46822962164878845 -0.6535106897354126 4.815394401550293 
v 0.46552467346191406 -0.6748514175415039 4.808807373046875 
v 0.47093454003334045 -0.6659594178199768 4.826098918914795 
v 0.46660661697387695 -0.686114490032196 4.813747882843018 
v 0.4728280007839203 -0.6807793378829956 4.83350944519043 
v 0.46822962164878845 -0.7121976017951965 4.821158409118652 
v 0.4760739505290985 -0.7163471579551697 4.84503698348999 
v 0.45227041840553284 -0.6606242656707764 4.761874198913574 
v 0.4457785189151764 -0.6647738218307495 4.742112636566162 
v 0.4476719796657562 -0.671294629573822 4.750346660614014 
v 0.8288685083389282 -0.6808149218559265 4.587223052978516 
v 0.8274424076080322 -0.6726335287094116 4.574151039123535 
v 0.8245903253555298 -0.6808149218559265 4.588039875030518 
v 0.8231642842292786 -0.6726335287094116 4.574968338012695 
v 0.8255885243415833 -0.6671792268753052 4.558628082275391 
v 0.8213103413581848 -0.6676337718963623 4.558628082275391 
v 0.8234494924545288 -0.6653611660003662 4.541471004486084 
v 0.8191712498664856 -0.6653611660003662 4.542288303375244 
v 0.8213103413581848 -0.666724681854248 4.527582168579102 
v 0.8170320987701416 -0.6671792268753052 4.5283989906311035 
v 0.8140373826026917 -0.6762697100639343 4.507974147796631 
v 0.8183155655860901 -0.6762697100639343 4.507157325744629 
v 0.8300093412399292 -0.6903599500656128 4.597026824951172 
v 0.8257311582565308 -0.6903599500656128 4.597844123840332 
v 0.826444149017334 -0.6999048590660095 4.60274600982666 
v 0.8307223916053772 -0.6999048590660095 4.601929187774658 
v 0.8278703093528748 -0.7221765518188477 4.6109161376953125 
v 0.8321484923362732 -0.7221765518188477 4.610098838806152 
v 0.828155517578125 -0.7230855822563171 4.5864057540893555 
v 0.8277276754379272 -0.6985413432121277 4.5823211669921875 
v 0.8234494924545288 -0.6985413432121277 4.5823211669921875 
v 0.8231642842292786 -0.6912689805030823 4.579869747161865 
v 0.8274424076080322 -0.6912689805030823 4.5790534019470215 
v 0.8225937485694885 -0.6839965581893921 4.574968338012695 
v 0.8270145654678345 -0.6839965581893921 4.574151039123535 
v 0.8217381238937378 -0.6780878305435181 4.565981388092041 
v 0.826016366481781 -0.6780878305435181 4.565164089202881 
v 0.8204547166824341 -0.6744516491889954 4.556177139282227 
v 0.82487553358078 -0.6744516491889954 4.555360317230225 
v 0.8190286755561829 -0.6730880737304688 4.544739246368408 
v 0.8233068585395813 -0.6730880737304688 4.543921947479248 
v 0.8171747326850891 -0.6730880737304688 4.53330135345459 
v 0.8215955495834351 -0.6730880737304688 4.53248405456543 
v 0.8147504329681396 -0.6767242550849915 4.520229339599609 
v 0.8190286755561829 -0.6767242550849915 4.519412517547607 
v 0.8238772749900818 -0.7230855822563171 4.587223052978516 
v 0.8190286755561829 -0.6767242550849915 4.519412517547607 
v 0.8183155655860901 -0.6762697100639343 4.507157325744629 
v 0.8215955495834351 -0.6730880737304688 4.53248405456543 
v 0.8213103413581848 -0.666724681854248 4.527582168579102 
v 0.8233068585395813 -0.6730880737304688 4.543921947479248 
v 0.8234494924545288 -0.6653611660003662 4.541471004486084 
v 0.82487553358078 -0.6744516491889954 4.555360317230225 
v 0.8255885243415833 -0.6671792268753052 4.558628082275391 
v 0.8274424076080322 -0.6726335287094116 4.574151039123535 
v 0.826016366481781 -0.6780878305435181 4.565164089202881 
v 0.8288685083389282 -0.6808149218559265 4.587223052978516 
v 0.8270145654678345 -0.6839965581893921 4.574151039123535 
v 0.8300093412399292 -0.6903599500656128 4.597026824951172 
v 0.8274424076080322 -0.6912689805030823 4.5790534019470215 
v 0.8307223916053772 -0.6999048590660095 4.601929187774658 
v 0.8277276754379272 -0.6985413432121277 4.5823211669921875 
v 0.828155517578125 -0.7230855822563171 4.5864057540893555 
v 0.8321484923362732 -0.7221765518188477 4.610098838806152 
v 0.8170320987701416 -0.6671792268753052 4.5283989906311035 
v 0.8190286755561829 -0.6730880737304688 4.544739246368408 
v 0.8191712498664856 -0.6653611660003662 4.542288303375244 
v 0.8204547166824341 -0.6744516491889954 4.556177139282227 
v 0.8213103413581848 -0.6676337718963623 4.558628082275391 
v 0.8217381238937378 -0.6780878305435181 4.565981388092041 
v 0.8231642842292786 -0.6726335287094116 4.574968338012695 
v 0.8225937485694885 -0.6839965581893921 4.574968338012695 
v 0.8245903253555298 -0.6808149218559265 4.588039875030518 
v 0.8231642842292786 -0.6912689805030823 4.579869747161865 
v 0.8257311582565308 -0.6903599500656128 4.597844123840332 
v 0.8234494924545288 -0.6985413432121277 4.5823211669921875 
v 0.826444149017334 -0.6999048590660095 4.60274600982666 
v 0.8238772749900818 -0.7230855822563171 4.587223052978516 
v 0.8278703093528748 -0.7221765518188477 4.6109161376953125 
v 0.8171747326850891 -0.6730880737304688 4.53330135345459 
v 0.8140373826026917 -0.6762697100639343 4.507974147796631 
v 0.8147504329681396 -0.6767242550849915 4.520229339599609 
v 1.1514192819595337 -0.7193904519081116 4.4126763343811035 
v 1.149534821510315 -0.7129165530204773 4.398996353149414 
v 1.1471363306045532 -0.7193904519081116 4.41353178024292 
v 1.1452518701553345 -0.7129165530204773 4.3998517990112305 
v 1.1469650268554688 -0.7098954319953918 4.381896495819092 
v 1.1426820755004883 -0.7098954319953918 4.383606433868408 
v 1.144223928451538 -0.7103270292282104 4.365651607513428 
v 1.1399409770965576 -0.7103270292282104 4.366506576538086 
v 1.1414828300476074 -0.7137797474861145 4.351971626281738 
v 1.137371301651001 -0.7133481502532959 4.3528265953063965 
v 1.133602261543274 -0.7254326343536377 4.334016799926758 
v 1.1378852128982544 -0.7254326343536377 4.3331618309021 
v 1.152789831161499 -0.7275905609130859 4.423791408538818 
v 1.1485068798065186 -0.7275905609130859 4.424646377563477 
v 1.1493635177612305 -0.7362223267555237 4.430631637573242 
v 1.1536463499069214 -0.7362223267555237 4.429776668548584 
v 1.1510766744613647 -0.7647072672843933 4.441746711730957 
v 1.1553596258163452 -0.7647072672843933 4.440891742706299 
v 1.1505626440048218 -0.761254608631134 4.417806625366211 
v 1.1500487327575684 -0.7375171780586243 4.410111427307129 
v 1.145765781402588 -0.7375171780586243 4.410966396331787 
v 1.1452518701553345 -0.7310433387756348 4.406691551208496 
v 1.149534821510315 -0.7310433387756348 4.405836582183838 
v 1.1447378396987915 -0.7241379022598267 4.400706768035889 
v 1.1488494873046875 -0.7241379022598267 4.3998517990112305 
v 1.1433674097061157 -0.7193904519081116 4.39130163192749 
v 1.1476502418518066 -0.7193904519081116 4.390446662902832 
v 1.1418254375457764 -0.7172324657440186 4.381896495819092 
v 1.1461083889007568 -0.7172324657440186 4.380186557769775 
v 1.1399409770965576 -0.7172324657440186 4.369926452636719 
v 1.144223928451538 -0.7172324657440186 4.3690714836120605 
v 1.1377137899398804 -0.7189587950706482 4.358811855316162 
v 1.1419968605041504 -0.7189587950706482 4.357956409454346 
v 1.1348015069961548 -0.7241379022598267 4.345986843109131 
v 1.1390843391418457 -0.7241379022598267 4.3451313972473145 
v 1.1462796926498413 -0.761254608631134 4.418661594390869 
v 1.1390843391418457 -0.7241379022598267 4.3451313972473145 
v 1.1378852128982544 -0.7254326343536377 4.3331618309021 
v 1.1419968605041504 -0.7189587950706482 4.357956409454346 
v 1.1414828300476074 -0.7137797474861145 4.351971626281738 
v 1.144223928451538 -0.7172324657440186 4.3690714836120605 
v 1.144223928451538 -0.7103270292282104 4.365651607513428 
v 1.1461083889007568 -0.7172324657440186 4.380186557769775 
v 1.1469650268554688 -0.7098954319953918 4.381896495819092 
v 1.149534821510315 -0.7129165530204773 4.398996353149414 
v 1.1476502418518066 -0.7193904519081116 4.390446662902832 
v 1.1514192819595337 -0.7193904519081116 4.4126763343811035 
v 1.1488494873046875 -0.7241379022598267 4.3998517990112305 
v 1.152789831161499 -0.7275905609130859 4.423791408538818 
v 1.149534821510315 -0.7310433387756348 4.405836582183838 
v 1.1536463499069214 -0.7362223267555237 4.429776668548584 
v 1.1500487327575684 -0.7375171780586243 4.410111427307129 
v 1.1505626440048218 -0.761254608631134 4.417806625366211 
v 1.1553596258163452 -0.7647072672843933 4.440891742706299 
v 1.137371301651001 -0.7133481502532959 4.3528265953063965 
v 1.1399409770965576 -0.7172324657440186 4.369926452636719 
v 1.1399409770965576 -0.7103270292282104 4.366506576538086 
v 1.1418254375457764 -0.7172324657440186 4.381896495819092 
v 1.1426820755004883 -0.7098954319953918 4.383606433868408 
v 1.1433674097061157 -0.7193904519081116 4.39130163192749 
v 1.1452518701553345 -0.7129165530204773 4.3998517990112305 
v 1.1447378396987915 -0.7241379022598267 4.400706768035889 
v 1.1471363306045532 -0.7193904519081116 4.41353178024292 
v 1.1452518701553345 -0.7310433387756348 4.406691551208496 
v 1.1485068798065186 -0.7275905609130859 4.424646377563477 
v 1.145765781402588 -0.7375171780586243 4.410966396331787 
v 1.1493635177612305 -0.7362223267555237 4.430631637573242 
v 1.1462796926498413 -0.761254608631134 4.418661594390869 
v 1.1510766744613647 -0.7647072672843933 4.441746711730957 
v 1.1377137899398804 -0.7189587950706482 4.358811855316162 
v 1.133602261543274 -0.7254326343536377 4.334016799926758 
v 1.1348015069961548 -0.7241379022598267 4.345986843109131 
v 1.502294898033142 -0.7966600060462952 4.283441066741943 
v 1.4988919496536255 -0.7893559336662292 4.267703533172607 
v 1.498106598854065 -0.7961382865905762 4.28431510925293 
v 1.494703769683838 -0.788834273815155 4.269452095031738 
v 1.494703769683838 -0.7883124947547913 4.251091957092285 
v 1.4905155897140503 -0.7883124947547913 4.252840518951416 
v 1.4902538061141968 -0.7935296893119812 4.235354900360107 
v 1.4860656261444092 -0.793008029460907 4.237103462219238 
v 1.4860656261444092 -0.8029206395149231 4.223989009857178 
v 1.4818774461746216 -0.8029206395149231 4.225737571716309 
v 1.477165699005127 -0.8175287842750549 4.213497638702393 
v 1.4813538789749146 -0.8180504441261292 4.211749076843262 
v 1.5051742792129517 -0.807616114616394 4.295680999755859 
v 1.500986099243164 -0.807616114616394 4.29742956161499 
v 1.5028183460235596 -0.8206591010093689 4.306172847747803 
v 1.5070065259933472 -0.8211807608604431 4.304423809051514 
v 1.5062211751937866 -0.854570746421814 4.322783946990967 
v 1.5104093551635742 -0.854570746421814 4.321035385131836 
v 1.503080129623413 -0.853527307510376 4.29742956161499 
v 1.501247763633728 -0.8290064930915833 4.286064147949219 
v 1.4970595836639404 -0.8290064930915833 4.28781270980835 
v 1.4960124492645264 -0.8180504441261292 4.2816925048828125 
v 1.500200867652893 -0.8185722231864929 4.279943943023682 
v 1.494703769683838 -0.8081377744674683 4.2738237380981445 
v 1.498630166053772 -0.808659553527832 4.27294921875 
v 1.4920861721038818 -0.8023989200592041 4.263332366943359 
v 1.4962743520736694 -0.8029206395149231 4.262457847595215 
v 1.4894685745239258 -0.8013554811477661 4.2537150382995605 
v 1.4936567544937134 -0.8013554811477661 4.25196647644043 
v 1.4863272905349731 -0.8044857978820801 4.242349147796631 
v 1.4905155897140503 -0.8050075769424438 4.2414751052856445 
v 1.4831862449645996 -0.810746431350708 4.232731819152832 
v 1.4873744249343872 -0.810746431350708 4.230983257293701 
v 1.478998064994812 -0.8232676386833191 4.222240447998047 
v 1.4831862449645996 -0.8237894177436829 4.221365928649902 
v 1.4988919496536255 -0.853527307510376 4.298303604125977 
v 1.4831862449645996 -0.8237894177436829 4.221365928649902 
v 1.4813538789749146 -0.8180504441261292 4.211749076843262 
v 1.4873744249343872 -0.810746431350708 4.230983257293701 
v 1.4860656261444092 -0.8029206395149231 4.223989009857178 
v 1.4905155897140503 -0.8050075769424438 4.2414751052856445 
v 1.4902538061141968 -0.7935296893119812 4.235354900360107 
v 1.4936567544937134 -0.8013554811477661 4.25196647644043 
v 1.494703769683838 -0.7883124947547913 4.251091957092285 
v 1.4988919496536255 -0.7893559336662292 4.267703533172607 
v 1.4962743520736694 -0.8029206395149231 4.262457847595215 
v 1.502294898033142 -0.7966600060462952 4.283441066741943 
v 1.498630166053772 -0.808659553527832 4.27294921875 
v 1.5051742792129517 -0.807616114616394 4.295680999755859 
v 1.500200867652893 -0.8185722231864929 4.279943943023682 
v 1.5070065259933472 -0.8211807608604431 4.304423809051514 
v 1.501247763633728 -0.8290064930915833 4.286064147949219 
v 1.503080129623413 -0.853527307510376 4.29742956161499 
v 1.5104093551635742 -0.854570746421814 4.321035385131836 
v 1.4818774461746216 -0.8029206395149231 4.225737571716309 
v 1.4863272905349731 -0.8044857978820801 4.242349147796631 
v 1.4860656261444092 -0.793008029460907 4.237103462219238 
v 1.4894685745239258 -0.8013554811477661 4.2537150382995605 
v 1.4905155897140503 -0.7883124947547913 4.252840518951416 
v 1.4920861721038818 -0.8023989200592041 4.263332366943359 
v 1.494703769683838 -0.788834273815155 4.269452095031738 
v 1.494703769683838 -0.8081377744674683 4.2738237380981445 
v 1.498106598854065 -0.7961382865905762 4.28431510925293 
v 1.4960124492645264 -0.8180504441261292 4.2816925048828125 
v 1.500986099243164 -0.807616114616394 4.29742956161499 
v 1.4970595836639404 -0.8290064930915833 4.28781270980835 
v 1.5028183460235596 -0.8206591010093689 4.306172847747803 
v 1.4988919496536255 -0.853527307510376 4.298303604125977 
v 1.5062211751937866 -0.854570746421814 4.322783946990967 
v 1.4831862449645996 -0.810746431350708 4.232731819152832 
v 1.477165699005127 -0.8175287842750549 4.213497638702393 
v 1.478998064994812 -0.8232676386833191 4.222240447998047 
v -0.47765055298805237 -0.6535106897354126 4.813747882843018 
v -0.4741341471672058 -0.6440259218215942 4.799750328063965 
v -0.473593145608902 -0.6535106897354126 4.815394401550293 
v -0.47007670998573303 -0.6440259218215942 4.801397323608398 
v -0.4695357084274292 -0.6410619616508484 4.783282279968262 
v -0.4654783010482788 -0.6410619616508484 4.784928798675537 
v -0.464937299489975 -0.6440259218215942 4.767637729644775 
v -0.4606093764305115 -0.6440259218215942 4.769284725189209 
v -0.4606093764305115 -0.6517322659492493 4.754463195800781 
v -0.45628148317337036 -0.6517322659492493 4.756110191345215 
v -0.4511420726776123 -0.6647738218307495 4.742112636566162 
v -0.4551995098590851 -0.6647738218307495 4.740466117858887 
v -0.48062601685523987 -0.6665522456169128 4.824451923370361 
v -0.47629809379577637 -0.6659594178199768 4.826098918914795 
v -0.4781915545463562 -0.6807793378829956 4.83350944519043 
v -0.482248991727829 -0.6807793378829956 4.831862926483154 
v -0.48143747448921204 -0.7163471579551697 4.84503698348999 
v -0.4854949414730072 -0.7163471579551697 4.843389987945557 
v -0.4779210686683655 -0.7121976017951965 4.8203349113464355 
v -0.47602760791778564 -0.686114490032196 4.812101364135742 
v -0.47197017073631287 -0.686114490032196 4.813747882843018 
v -0.47088822722435 -0.6748514175415039 4.808807373046875 
v -0.4752160906791687 -0.6748514175415039 4.807984352111816 
v -0.4695357084274292 -0.663588285446167 4.803043842315674 
v -0.4738636314868927 -0.663588285446167 4.801397323608398 
v -0.4671012759208679 -0.6564746499061584 4.7939863204956055 
v -0.4711586833000183 -0.6570674777030945 4.79233980178833 
v -0.46439629793167114 -0.6541035175323486 4.7841057777404785 
v -0.4684537649154663 -0.6541035175323486 4.782458782196045 
v -0.4611503779888153 -0.6558818817138672 4.772578239440918 
v -0.4652078151702881 -0.6558818817138672 4.771754741668701 
v -0.45763397216796875 -0.6606242656707764 4.761874198913574 
v -0.46169137954711914 -0.6606242656707764 4.761050701141357 
v -0.45303553342819214 -0.671294629573822 4.750346660614014 
v -0.45736345648765564 -0.671294629573822 4.74869966506958 
v -0.473593145608902 -0.7121976017951965 4.821158409118652 
v -0.45736345648765564 -0.671294629573822 4.74869966506958 
v -0.4551995098590851 -0.6647738218307495 4.740466117858887 
v -0.46169137954711914 -0.6606242656707764 4.761050701141357 
v -0.4606093764305115 -0.6517322659492493 4.754463195800781 
v -0.4652078151702881 -0.6558818817138672 4.771754741668701 
v -0.464937299489975 -0.6440259218215942 4.767637729644775 
v -0.4684537649154663 -0.6541035175323486 4.782458782196045 
v -0.4695357084274292 -0.6410619616508484 4.783282279968262 
v -0.4741341471672058 -0.6440259218215942 4.799750328063965 
v -0.4711586833000183 -0.6570674777030945 4.79233980178833 
v -0.47765055298805237 -0.6535106897354126 4.813747882843018 
v -0.4738636314868927 -0.663588285446167 4.801397323608398 
v -0.48062601685523987 -0.6665522456169128 4.824451923370361 
v -0.4752160906791687 -0.6748514175415039 4.807984352111816 
v -0.482248991727829 -0.6807793378829956 4.831862926483154 
v -0.47602760791778564 -0.686114490032196 4.812101364135742 
v -0.4779210686683655 -0.7121976017951965 4.8203349113464355 
v -0.4854949414730072 -0.7163471579551697 4.843389987945557 
v -0.45628148317337036 -0.6517322659492493 4.756110191345215 
v -0.4611503779888153 -0.6558818817138672 4.772578239440918 
v -0.4606093764305115 -0.6440259218215942 4.769284725189209 
v -0.46439629793167114 -0.6541035175323486 4.7841057777404785 
v -0.4654783010482788 -0.6410619616508484 4.784928798675537 
v -0.4671012759208679 -0.6564746499061584 4.7939863204956055 
v -0.47007670998573303 -0.6440259218215942 4.801397323608398 
v -0.4695357084274292 -0.663588285446167 4.803043842315674 
v -0.473593145608902 -0.6535106897354126 4.815394401550293 
v -0.47088822722435 -0.6748514175415039 4.808807373046875 
v -0.47629809379577637 -0.6659594178199768 4.826098918914795 
v -0.47197017073631287 -0.686114490032196 4.813747882843018 
v -0.4781915545463562 -0.6807793378829956 4.83350944519043 
v -0.473593145608902 -0.7121976017951965 4.821158409118652 
v -0.48143747448921204 -0.7163471579551697 4.84503698348999 
v -0.45763397216796875 -0.6606242656707764 4.761874198913574 
v -0.4511420726776123 -0.6647738218307495 4.742112636566162 
v -0.45303553342819214 -0.671294629573822 4.750346660614014 
v -0.8342320322990417 -0.6808149218559265 4.587223052978516 
v -0.8328059315681458 -0.6726335287094116 4.574151039123535 
v -0.8299538493156433 -0.6808149218559265 4.588039875030518 
v -0.8285278081893921 -0.6726335287094116 4.574968338012695 
v -0.8309521079063416 -0.6671792268753052 4.558628082275391 
v -0.8266738653182983 -0.6676337718963623 4.558628082275391 
v -0.8288130164146423 -0.6653611660003662 4.541471004486084 
v -0.8245348334312439 -0.6653611660003662 4.542288303375244 
v -0.8266738653182983 -0.666724681854248 4.527582168579102 
v -0.8223956823348999 -0.6671792268753052 4.5283989906311035 
v -0.8194009065628052 -0.6762697100639343 4.507974147796631 
v -0.8236790895462036 -0.6762697100639343 4.507157325744629 
v -0.8353729248046875 -0.6903599500656128 4.597026824951172 
v -0.8310946822166443 -0.6903599500656128 4.597844123840332 
v -0.8318077325820923 -0.6999048590660095 4.60274600982666 
v -0.8360859155654907 -0.6999048590660095 4.601929187774658 
v -0.8332338333129883 -0.7221765518188477 4.6109161376953125 
v -0.8375120162963867 -0.7221765518188477 4.610098838806152 
v -0.8335190415382385 -0.7230855822563171 4.5864057540893555 
v -0.8330911993980408 -0.6985413432121277 4.5823211669921875 
v -0.8288130164146423 -0.6985413432121277 4.5823211669921875 
v -0.8285278081893921 -0.6912689805030823 4.579869747161865 
v -0.8328059315681458 -0.6912689805030823 4.5790534019470215 
v -0.8279573321342468 -0.6839965581893921 4.574968338012695 
v -0.8323781490325928 -0.6839965581893921 4.574151039123535 
v -0.8271017074584961 -0.6780878305435181 4.565981388092041 
v -0.8313798904418945 -0.6780878305435181 4.565164089202881 
v -0.8258182406425476 -0.6744516491889954 4.556177139282227 
v -0.8302390575408936 -0.6744516491889954 4.555360317230225 
v -0.8243921995162964 -0.6730880737304688 4.544739246368408 
v -0.8286704421043396 -0.6730880737304688 4.543921947479248 
v -0.8225382566452026 -0.6730880737304688 4.53330135345459 
v -0.8269590735435486 -0.6730880737304688 4.53248405456543 
v -0.820114016532898 -0.6767242550849915 4.520229339599609 
v -0.8243921995162964 -0.6767242550849915 4.519412517547607 
v -0.8292408585548401 -0.7230855822563171 4.587223052978516 
v -0.8243921995162964 -0.6767242550849915 4.519412517547607 
v -0.8236790895462036 -0.6762697100639343 4.507157325744629 
v -0.8269590735435486 -0.6730880737304688 4.53248405456543 
v -0.8266738653182983 -0.666724681854248 4.527582168579102 
v -0.8286704421043396 -0.6730880737304688 4.543921947479248 
v -0.8288130164146423 -0.6653611660003662 4.541471004486084 
v -0.8302390575408936 -0.6744516491889954 4.555360317230225 
v -0.8309521079063416 -0.6671792268753052 4.558628082275391 
v -0.8328059315681458 -0.6726335287094116 4.574151039123535 
v -0.8313798904418945 -0.6780878305435181 4.565164089202881 
v -0.8342320322990417 -0.6808149218559265 4.587223052978516 
v -0.8323781490325928 -0.6839965581893921 4.574151039123535 
v -0.8353729248046875 -0.6903599500656128 4.597026824951172 
v -0.8328059315681458 -0.6912689805030823 4.5790534019470215 
v -0.8360859155654907 -0.6999048590660095 4.601929187774658 
v -0.8330911993980408 -0.6985413432121277 4.5823211669921875 
v -0.8335190415382385 -0.7230855822563171 4.5864057540893555 
v -0.8375120162963867 -0.7221765518188477 4.610098838806152 
v -0.8223956823348999 -0.6671792268753052 4.5283989906311035 
v -0.8243921995162964 -0.6730880737304688 4.544739246368408 
v -0.8245348334312439 -0.6653611660003662 4.542288303375244 
v -0.8258182406425476 -0.6744516491889954 4.556177139282227 
v -0.8266738653182983 -0.6676337718963623 4.558628082275391 
v -0.8271017074584961 -0.6780878305435181 4.565981388092041 
v -0.8285278081893921 -0.6726335287094116 4.574968338012695 
v -0.8279573321342468 -0.6839965581893921 4.574968338012695 
v -0.8299538493156433 -0.6808149218559265 4.588039875030518 
v -0.8285278081893921 -0.6912689805030823 4.579869747161865 
v -0.8310946822166443 -0.6903599500656128 4.597844123840332 
v -0.8288130164146423 -0.6985413432121277 4.5823211669921875 
v -0.8318077325820923 -0.6999048590660095 4.60274600982666 
v -0.8292408585548401 -0.7230855822563171 4.587223052978516 
v -0.8332338333129883 -0.7221765518188477 4.6109161376953125 
v -0.8225382566452026 -0.6730880737304688 4.53330135345459 
v -0.8194009065628052 -0.6762697100639343 4.507974147796631 
v -0.820114016532898 -0.6767242550849915 4.520229339599609 
v -1.156782865524292 -0.7193904519081116 4.4126763343811035 
v -1.1548982858657837 -0.7129165530204773 4.398996353149414 
v -1.1524999141693115 -0.7193904519081116 4.41353178024292 
v -1.1506154537200928 -0.7129165530204773 4.3998517990112305 
v -1.1523284912109375 -0.7098954319953918 4.381896495819092 
v -1.1480456590652466 -0.7098954319953918 4.383606433868408 
v -1.1495875120162964 -0.7103270292282104 4.365651607513428 
v -1.1453044414520264 -0.7103270292282104 4.366506576538086 
v -1.1468464136123657 -0.7137797474861145 4.351971626281738 
v -1.1427347660064697 -0.7133481502532959 4.3528265953063965 
v -1.1389658451080322 -0.7254326343536377 4.334016799926758 
v -1.1432486772537231 -0.7254326343536377 4.3331618309021 
v -1.1581534147262573 -0.7275905609130859 4.423791408538818 
v -1.1538703441619873 -0.7275905609130859 4.424646377563477 
v -1.1547269821166992 -0.7362223267555237 4.430631637573242 
v -1.1590099334716797 -0.7362223267555237 4.429776668548584 
v -1.1564401388168335 -0.7647072672843933 4.441746711730957 
v -1.1607232093811035 -0.7647072672843933 4.440891742706299 
v -1.15592622756958 -0.761254608631134 4.417806625366211 
v -1.155412197113037 -0.7375171780586243 4.410111427307129 
v -1.1511293649673462 -0.7375171780586243 4.410966396331787 
v -1.1506154537200928 -0.7310433387756348 4.406691551208496 
v -1.1548982858657837 -0.7310433387756348 4.405836582183838 
v -1.1501014232635498 -0.7241379022598267 4.400706768035889 
v -1.1542130708694458 -0.7241379022598267 4.3998517990112305 
v -1.1487308740615845 -0.7193904519081116 4.39130163192749 
v -1.153013825416565 -0.7193904519081116 4.390446662902832 
v -1.1471890211105347 -0.7172324657440186 4.381896495819092 
v -1.1514719724655151 -0.7172324657440186 4.380186557769775 
v -1.1453044414520264 -0.7172324657440186 4.369926452636719 
v -1.1495875120162964 -0.7172324657440186 4.3690714836120605 
v -1.1430773735046387 -0.7189587950706482 4.358811855316162 
v -1.1473603248596191 -0.7189587950706482 4.357956409454346 
v -1.1401649713516235 -0.7241379022598267 4.345986843109131 
v -1.144447922706604 -0.7241379022598267 4.3451313972473145 
v -1.1516432762145996 -0.761254608631134 4.418661594390869 
v -1.144447922706604 -0.7241379022598267 4.3451313972473145 
v -1.1432486772537231 -0.7254326343536377 4.3331618309021 
v -1.1473603248596191 -0.7189587950706482 4.357956409454346 
v -1.1468464136123657 -0.7137797474861145 4.351971626281738 
v -1.1495875120162964 -0.7172324657440186 4.3690714836120605 
v -1.1495875120162964 -0.7103270292282104 4.365651607513428 
v -1.1514719724655151 -0.7172324657440186 4.380186557769775 
v -1.1523284912109375 -0.7098954319953918 4.381896495819092 
v -1.1548982858657837 -0.7129165530204773 4.398996353149414 
v -1.153013825416565 -0.7193904519081116 4.390446662902832 
v -1.156782865524292 -0.7193904519081116 4.4126763343811035 
v -1.1542130708694458 -0.7241379022598267 4.3998517990112305 
v -1.1581534147262573 -0.7275905609130859 4.423791408538818 
v -1.1548982858657837 -0.7310433387756348 4.405836582183838 
v -1.1590099334716797 -0.7362223267555237 4.429776668548584 
v -1.155412197113037 -0.7375171780586243 4.410111427307129 
v -1.15592622756958 -0.761254608631134 4.417806625366211 
v -1.1607232093811035 -0.7647072672843933 4.440891742706299 
v -1.1427347660064697 -0.7133481502532959 4.3528265953063965 
v -1.1453044414520264 -0.7172324657440186 4.369926452636719 
v -1.1453044414520264 -0.7103270292282104 4.366506576538086 
v -1.1471890211105347 -0.7172324657440186 4.381896495819092 
v -1.1480456590652466 -0.7098954319953918 4.383606433868408 
v -1.1487308740615845 -0.7193904519081116 4.39130163192749 
v -1.1506154537200928 -0.7129165530204773 4.3998517990112305 
v -1.1501014232635498 -0.7241379022598267 4.400706768035889 
v -1.1524999141693115 -0.7193904519081116 4.41353178024292 
v -1.1506154537200928 -0.7310433387756348 4.406691551208496 
v -1.1538703441619873 -0.7275905609130859 4.424646377563477 
v -1.1511293649673462 -0.7375171780586243 4.410966396331787 
v -1.1547269821166992 -0.7362223267555237 4.430631637573242 
v -1.1516432762145996 -0.761254608631134 4.418661594390869 
v -1.1564401388168335 -0.7647072672843933 4.441746711730957 
v -1.1430773735046387 -0.7189587950706482 4.358811855316162 
v -1.1389658451080322 -0.7254326343536377 4.334016799926758 
v -1.1401649713516235 -0.7241379022598267 4.345986843109131 
v -1.5076584815979004 -0.7966600060462952 4.283441066741943 
v -1.5042555332183838 -0.7893559336662292 4.267703533172607 
v -1.5034700632095337 -0.7961382865905762 4.28431510925293 
v -1.5000673532485962 -0.788834273815155 4.269452095031738 
v -1.5000673532485962 -0.7883124947547913 4.251091957092285 
v -1.4958791732788086 -0.7883124947547913 4.252840518951416 
v -1.4956172704696655 -0.7935296893119812 4.235354900360107 
v -1.491429090499878 -0.793008029460907 4.237103462219238 
v -1.491429090499878 -0.8029206395149231 4.223989009857178 
v -1.4872409105300903 -0.8029206395149231 4.225737571716309 
v -1.4825292825698853 -0.8175287842750549 4.213497638702393 
v -1.4867173433303833 -0.8180504441261292 4.211749076843262 
v -1.51053786277771 -0.807616114616394 4.295680999755859 
v -1.5063496828079224 -0.807616114616394 4.29742956161499 
v -1.5081818103790283 -0.8206591010093689 4.306172847747803 
v -1.512369990348816 -0.8211807608604431 4.304423809051514 
v -1.511584758758545 -0.854570746421814 4.322783946990967 
v -1.5157729387283325 -0.854570746421814 4.321035385131836 
v -1.5084437131881714 -0.853527307510376 4.29742956161499 
v -1.5066113471984863 -0.8290064930915833 4.286064147949219 
v -1.5024231672286987 -0.8290064930915833 4.28781270980835 
v -1.5013760328292847 -0.8180504441261292 4.2816925048828125 
v -1.5055643320083618 -0.8185722231864929 4.279943943023682 
v -1.5000673532485962 -0.8081377744674683 4.2738237380981445 
v -1.5039936304092407 -0.808659553527832 4.27294921875 
v -1.4974497556686401 -0.8023989200592041 4.263332366943359 
v -1.5016379356384277 -0.8029206395149231 4.262457847595215 
v -1.4948320388793945 -0.8013554811477661 4.2537150382995605 
v -1.4990202188491821 -0.8013554811477661 4.25196647644043 
v -1.4916908740997314 -0.8044857978820801 4.242349147796631 
v -1.4958791732788086 -0.8050075769424438 4.2414751052856445 
v -1.488549828529358 -0.810746431350708 4.232731819152832 
v -1.4927380084991455 -0.810746431350708 4.230983257293701 
v -1.4843616485595703 -0.8232676386833191 4.222240447998047 
v -1.488549828529358 -0.8237894177436829 4.221365928649902 
v -1.5042555332183838 -0.853527307510376 4.298303604125977 
v -1.488549828529358 -0.8237894177436829 4.221365928649902 
v -1.4867173433303833 -0.8180504441261292 4.211749076843262 
v -1.4927380084991455 -0.810746431350708 4.230983257293701 
v -1.491429090499878 -0.8029206395149231 4.223989009857178 
v -1.4958791732788086 -0.8050075769424438 4.2414751052856445 
v -1.4956172704696655 -0.7935296893119812 4.235354900360107 
v -1.4990202188491821 -0.8013554811477661 4.25196647644043 
v -1.5000673532485962 -0.7883124947547913 4.251091957092285 
v -1.5042555332183838 -0.7893559336662292 4.267703533172607 
v -1.5016379356384277 -0.8029206395149231 4.262457847595215 
v -1.5076584815979004 -0.7966600060462952 4.283441066741943 
v -1.5039936304092407 -0.808659553527832 4.27294921875 
v -1.51053786277771 -0.807616114616394 4.295680999755859 
v -1.5055643320083618 -0.8185722231864929 4.279943943023682 
v -1.512369990348816 -0.8211807608604431 4.304423809051514 
v -1.5066113471984863 -0.8290064930915833 4.286064147949219 
v -1.5084437131881714 -0.853527307510376 4.29742956161499 
v -1.5157729387283325 -0.854570746421814 4.321035385131836 
v -1.4872409105300903 -0.8029206395149231 4.225737571716309 
v -1.4916908740997314 -0.8044857978820801 4.242349147796631 
v -1.491429090499878 -0.793008029460907 4.237103462219238 
v -1.4948320388793945 -0.8013554811477661 4.2537150382995605 
v -1.4958791732788086 -0.7883124947547913 4.252840518951416 
v -1.4974497556686401 -0.8023989200592041 4.263332366943359 
v -1.5000673532485962 -0.788834273815155 4.269452095031738 
v -1.5000673532485962 -0.8081377744674683 4.2738237380981445 
v -1.5034700632095337 -0.7961382865905762 4.28431510925293 
v -1.5013760328292847 -0.8180504441261292 4.2816925048828125 
v -1.5063496828079224 -0.807616114616394 4.29742956161499 
v -1.5024231672286987 -0.8290064930915833 4.28781270980835 
v -1.5081818103790283 -0.8206591010093689 4.306172847747803 
v -1.5042555332183838 -0.853527307510376 4.298303604125977 
v -1.511584758758545 -0.854570746421814 4.322783946990967 
v -1.488549828529358 -0.810746431350708 4.232731819152832 
v -1.4825292825698853 -0.8175287842750549 4.213497638702393 
v -1.4843616485595703 -0.8232676386833191 4.222240447998047 
vn -1.0341130485562108e-13 0.999997615814209 0.002184694167226553 
vn -1.0341130485562108e-13 0.999997615814209 0.002184694167226553 
vn -1.0341130485562108e-13 0.999997615814209 0.002184694167226553 
vn -1.0341130485562108e-13 0.999997615814209 0.002184694167226553 
vn 3.097898456858039e-13 -0.999997615814209 0.002184694167226553 
vn 3.097898456858039e-13 -0.999997615814209 0.002184694167226553 
vn 3.097898456858039e-13 -0.999997615814209 0.002184694167226553 
vn 3.097898456858039e-13 -0.999997615814209 0.002184694167226553 
vn 0.999997615814209 0 0.002184694167226553 
vn 0.999997615814209 0 0.002184694167226553 
vn 0.999997615814209 0 0.002184694167226553 
vn 0.999997615814209 0 0.002184694167226553 
vn -0.999997615814209 -2.0682260971124217e-13 0.002184694167226553 
vn -0.999997615814209 -2.0682260971124217e-13 0.002184694167226553 
vn -0.999997615814209 -2.0682260971124217e-13 0.002184694167226553 
vn -0.999997615814209 -2.0682260971124217e-13 0.002184694167226553 
vn 0.999997615814209 0 0.002184694167226553 
vn 0.999997615814209 0 0.002184694167226553 
vn 0.999997615814209 0 0.002184694167226553 
vn 0.999997615814209 0 0.002184694167226553 
vn -0.7871816158294678 0.6167173981666565 0.002184694167226553 
vn -0.7871816158294678 0.6167173981666565 0.002184694167226553 
vn -0.283049076795578 0.9591029286384583 0.002184694167226553 
vn -0.283049076795578 0.9591029286384583 0.002184694167226553 
vn 0.2902839779853821 0.9569380283355713 0.002184694167226553 
vn 0.2902839779853821 0.9569380283355713 0.002184694167226553 
vn 0.8186684846878052 0.5742622017860413 0.002184694167226553 
vn 0.8186684846878052 0.5742622017860413 0.002184694167226553 
vn -0.999997615814209 -2.0682260971124217e-13 0.002184694167226553 
vn -0.999997615814209 -2.0682260971124217e-13 0.002184694167226553 
vn -0.999997615814209 -2.0682260971124217e-13 0.002184694167226553 
vn -0.999997615814209 -2.0682260971124217e-13 0.002184694167226553 
vn -0.7918164730072021 -0.6107551455497742 0.002184694167226553 
vn -0.2685312330722809 -0.963268518447876 0.002184694167226553 
vn -0.7918164730072021 -0.6107551455497742 0.002184694167226553 
vn -0.2685312330722809 -0.963268518447876 0.002184694167226553 
vn 0.2612491250038147 -0.9652689099311829 0.002184694167226553 
vn 0.2612491250038147 -0.9652689099311829 0.002184694167226553 
vn 0.7584388852119446 -0.651740550994873 0.002184694167226553 
vn 0.7584388852119446 -0.651740550994873 0.002184694167226553 
vn 0 0 1 
vn 0 0 1 
vn 0 0 1 
vn 0 0 1 
vn 0 0 1 
vn 0 0 1 
vn 0 0 1 
vn 0 0 1 
vn 0 0 1 
vn 0 0 1 
vn 0 0 1 
vn 0 0 1 
vn -2.0682311115474694e-13 0 -1 
vn -2.0682311115474694e-13 0 -1 
vn -2.0682311115474694e-13 0 -1 
vn -2.0682311115474694e-13 0 -1 
vn -2.0682311115474694e-13 0 -1 
vn -2.0682311115474694e-13 0 -1 
vn -2.0682311115474694e-13 0 -1 
vn -2.0682311115474694e-13 0 -1 
vn -2.0682311115474694e-13 0 -1 
vn -2.0682311115474694e-13 0 -1 
vn -2.0682311115474694e-13 0 -1 
vn -2.0682311115474694e-13 0 -1 
vn 0.09546288847923279 0.31979435682296753 0.18245035409927368 
vn 0.1027231365442276 0.2882899343967438 0.22584639489650726 
vn 0.09139114618301392 0.32583245635032654 0.17363925278186798 
vn 0.10061580687761307 0.29110875725746155 0.22316335141658783 
vn 0.10948927700519562 0.2259402722120285 0.2857145667076111 
vn 0.10906407237052917 0.2356792688369751 0.2779029309749603 
vn 0.10941731929779053 0.1627873331308365 0.32588014006614685 
vn 0.08116427063941956 0.3537600040435791 0.11373630166053772 
vn 0.07969851791858673 0.3565506637096405 0.10578040033578873 
vn 0.06358273327350616 0.3734559416770935 0.03402379900217056 
vn 0.061452433466911316 0.37423136830329895 0.029055247083306313 
vn 0.040143728256225586 0.3746129870414734 -0.052185315638780594 
vn 0.0408327616751194 0.37476426362991333 -0.05053861811757088 
vn 0.013633737340569496 0.35385748744010925 -0.1388118416070938 
vn 0.011486547067761421 0.3527064919471741 -0.14190107583999634 
vn -0.01937873661518097 0.3034408688545227 -0.22851219773292542 
vn -0.02152538113296032 0.2982187271118164 -0.2350999116897583 
vn -0.036519862711429596 0.26317864656448364 -0.27216359972953796 
vn -0.036519862711429596 0.26317864656448364 -0.27216359972953796 
vn -0.018649600446224213 -0.3604261577129364 0.12006210535764694 
vn -0.040823616087436676 -0.3755958080291748 0.04394250363111496 
vn -0.04295346140861511 -0.3757301867008209 0.04063928872346878 
vn -0.06356308609247208 -0.3724224865436554 -0.04394250363111496 
vn -0.06499097496271133 -0.37133780121803284 -0.05053861811757088 
vn -0.0846579372882843 -0.3450869619846344 -0.13571199774742126 
vn -0.08883664011955261 -0.33755844831466675 -0.15110282599925995 
vn -0.09890948235988617 -0.30069175362586975 -0.21088175475597382 
vn -0.10156852006912231 -0.2958589792251587 -0.21638162434101105 
vn -0.10342919826507568 -0.2783326208591461 -0.23770372569561005 
vn -0.10471636056900024 -0.27673768997192383 -0.2389988750219345 
vn -0.10849066823720932 -0.23190376162528992 -0.28128305077552795 
vn -0.1090499609708786 -0.2233668565750122 -0.28789767622947693 
vn -0.11095263063907623 -0.16346631944179535 -0.3250200152397156 
vn -0.11023653298616409 -0.16223368048667908 -0.32588014006614685 
vn -0.1099843978881836 -0.14648546278476715 -0.3333394229412079 
vn -0.1099843978881836 -0.14648546278476715 -0.3333394229412079 
vn -0.01793612167239189 -0.3609841465950012 0.1184840202331543 
vn 0.009324302896857262 -0.3218257427215576 0.20251165330410004 
vn 0.005741600412875414 -0.3271082639694214 0.1940024048089981 
vn 0.02364657260477543 -0.2917724549770355 0.24285675585269928 
vn 0.02364657260477543 -0.2917724549770355 0.24285675585269928 
vn 0.32895928621292114 -0.1841232180595398 -0.05053861811757088 
vn 0.32897305488586426 -0.18164116144180298 -0.05876181647181511 
vn 0.32897305488586426 -0.18164116144180298 -0.05876181647181511 
vn 0.3301229774951935 -0.1789971888065338 -0.06040322035551071 
vn 0.3301229774951935 -0.1789971888065338 -0.06040322035551071 
vn 0.33114027976989746 -0.17654022574424744 -0.06204346567392349 
vn 0.33114027976989746 -0.17654022574424744 -0.06204346567392349 
vn 0.33079245686531067 -0.1766086220741272 -0.06368252635002136 
vn 0.3305438458919525 -0.1764758974313736 -0.06532037258148193 
vn 0.3311628997325897 -0.17405734956264496 -0.06859229505062103 
vn 0.3315278887748718 -0.17399926483631134 -0.06695696711540222 
vn 0.3375229239463806 -0.15844546258449554 -0.07512017339468002 
vn 0.34333446621894836 -0.14279700815677643 -0.08000112324953079 
vn 0.3517051935195923 -0.11850327998399734 -0.08324751257896423 
vn 0.3555876910686493 -0.10753820091485977 -0.08162509649991989 
vn 0.3661363124847412 -0.06285910308361053 -0.08162509649991989 
vn 0.3628289997577667 -0.07976333051919937 -0.08162509649991989 
vn 0.36932066082954407 -0.04011625051498413 -0.08162509649991989 
vn 0.36932066082954407 -0.04011625051498413 -0.08162509649991989 
vn 0.32821205258369446 -0.18672937154769897 -0.04559287056326866 
vn 0.3292330503463745 -0.186766117811203 -0.037332966923713684 
vn 0.3292330503463745 -0.186766117811203 -0.037332966923713684 
vn -0.3691628873348236 0.04154307395219803 0.08162509649991989 
vn -0.36637648940086365 0.061443813145160675 0.08162509649991989 
vn -0.3691628873348236 0.04154307395219803 0.08162509649991989 
vn -0.3625180721282959 0.08116476982831955 0.08162509649991989 
vn -0.35516947507858276 0.10891145467758179 0.08162509649991989 
vn -0.3517051935195923 0.11850327998399734 0.08324751257896423 
vn -0.34340357780456543 0.14263075590133667 0.08000112324953079 
vn -0.3375229239463806 0.15844546258449554 0.07512017339468002 
vn -0.33059632778167725 0.17513105273246765 0.06859229505062103 
vn -0.3308580219745636 0.17526967823505402 0.06695696711540222 
vn -0.3305438458919525 0.1764758974313736 0.06532037258148193 
vn -0.33157050609588623 0.1751435250043869 0.06368252635002136 
vn -0.3304623067378998 0.1778060495853424 0.06204346567392349 
vn -0.3304623067378998 0.1778060495853424 0.06204346567392349 
vn -0.3301229774951935 0.1789971888065338 0.06040322035551071 
vn -0.3301229774951935 0.1789971888065338 0.06040322035551071 
vn -0.32897305488586426 0.18164116144180298 0.05876181647181511 
vn -0.32897305488586426 0.18164116144180298 0.05876181647181511 
vn -0.32962295413017273 0.1842273473739624 0.04559287056326866 
vn -0.3282557725906372 0.18537455797195435 0.05053861811757088 
vn -0.3292330503463745 0.186766117811203 0.037332966923713684 
vn -0.3292330503463745 0.186766117811203 0.037332966923713684 
vn 0.11132022738456726 0.16321620345115662 0.3250200152397156 
vn 0.11065864562988281 0.14597679674625397 0.3333394229412079 
vn 0.11065864562988281 0.14597679674625397 0.3333394229412079 
vn -0.05438845232129097 -0.37644511461257935 0.0008309587719850242 
vn -0.05438845232129097 -0.37644511461257935 0.0008309587719850242 
vn -0.05438845232129097 -0.37644511461257935 0.0008309587719850242 
vn -0.05438845232129097 -0.37644511461257935 0.0008309587719850242 
vn 0.09546288847923279 0.31979435682296753 0.18245035409927368 
vn 0.1027231365442276 0.2882899343967438 0.22584639489650726 
vn 0.09139114618301392 0.32583245635032654 0.17363925278186798 
vn 0.10061580687761307 0.29110875725746155 0.22316335141658783 
vn 0.10948927700519562 0.2259402722120285 0.2857145667076111 
vn 0.10906407237052917 0.2356792688369751 0.2779029309749603 
vn 0.10941731929779053 0.1627873331308365 0.32588014006614685 
vn 0.08116427063941956 0.3537600040435791 0.11373630166053772 
vn 0.07969851791858673 0.3565506637096405 0.10578040033578873 
vn 0.06358273327350616 0.3734559416770935 0.03402379900217056 
vn 0.061452433466911316 0.37423136830329895 0.029055247083306313 
vn 0.040143728256225586 0.3746129870414734 -0.052185315638780594 
vn 0.0408327616751194 0.37476426362991333 -0.05053861811757088 
vn 0.013633737340569496 0.35385748744010925 -0.1388118416070938 
vn 0.011486547067761421 0.3527064919471741 -0.14190107583999634 
vn -0.01937873661518097 0.3034408688545227 -0.22851219773292542 
vn -0.02152538113296032 0.2982187271118164 -0.2350999116897583 
vn -0.036519862711429596 0.26317864656448364 -0.27216359972953796 
vn -0.036519862711429596 0.26317864656448364 -0.27216359972953796 
vn -0.018649600446224213 -0.3604261577129364 0.12006210535764694 
vn -0.040823616087436676 -0.3755958080291748 0.04394250363111496 
vn -0.04295346140861511 -0.3757301867008209 0.04063928872346878 
vn -0.06356308609247208 -0.3724224865436554 -0.04394250363111496 
vn -0.06499097496271133 -0.37133780121803284 -0.05053861811757088 
vn -0.0846579372882843 -0.3450869619846344 -0.13571199774742126 
vn -0.08883664011955261 -0.33755844831466675 -0.15110282599925995 
vn -0.09890948235988617 -0.30069175362586975 -0.21088175475597382 
vn -0.10156852006912231 -0.2958589792251587 -0.21638162434101105 
vn -0.10342919826507568 -0.2783326208591461 -0.23770372569561005 
vn -0.10471636056900024 -0.27673768997192383 -0.2389988750219345 
vn -0.10849066823720932 -0.23190376162528992 -0.28128305077552795 
vn -0.1090499609708786 -0.2233668565750122 -0.28789767622947693 
vn -0.11095263063907623 -0.16346631944179535 -0.3250200152397156 
vn -0.11023653298616409 -0.16223368048667908 -0.32588014006614685 
vn -0.1099843978881836 -0.14648546278476715 -0.3333394229412079 
vn -0.1099843978881836 -0.14648546278476715 -0.3333394229412079 
vn -0.01793612167239189 -0.3609841465950012 0.1184840202331543 
vn 0.009324302896857262 -0.3218257427215576 0.20251165330410004 
vn 0.005741600412875414 -0.3271082639694214 0.1940024048089981 
vn 0.02364657260477543 -0.2917724549770355 0.24285675585269928 
vn 0.02364657260477543 -0.2917724549770355 0.24285675585269928 
vn 0.32895928621292114 -0.1841232180595398 -0.05053861811757088 
vn 0.32897305488586426 -0.18164116144180298 -0.05876181647181511 
vn 0.32897305488586426 -0.18164116144180298 -0.05876181647181511 
vn 0.3301229774951935 -0.1789971888065338 -0.06040322035551071 
vn 0.3301229774951935 -0.1789971888065338 -0.06040322035551071 
vn 0.33114027976989746 -0.17654022574424744 -0.06204346567392349 
vn 0.33114027976989746 -0.17654022574424744 -0.06204346567392349 
vn 0.33079245686531067 -0.1766086220741272 -0.06368252635002136 
vn 0.3305438458919525 -0.1764758974313736 -0.06532037258148193 
vn 0.3311628997325897 -0.17405734956264496 -0.06859229505062103 
vn 0.3315278887748718 -0.17399926483631134 -0.06695696711540222 
vn 0.3375229239463806 -0.15844546258449554 -0.07512017339468002 
vn 0.34333446621894836 -0.14279700815677643 -0.08000112324953079 
vn 0.3517051935195923 -0.11850327998399734 -0.08324751257896423 
vn 0.3555876910686493 -0.10753820091485977 -0.08162509649991989 
vn 0.3661363124847412 -0.06285910308361053 -0.08162509649991989 
vn 0.3628289997577667 -0.07976333051919937 -0.08162509649991989 
vn 0.36932066082954407 -0.04011625051498413 -0.08162509649991989 
vn 0.36932066082954407 -0.04011625051498413 -0.08162509649991989 
vn 0.32821205258369446 -0.18672937154769897 -0.04559287056326866 
vn 0.3292330503463745 -0.186766117811203 -0.037332966923713684 
vn 0.3292330503463745 -0.186766117811203 -0.037332966923713684 
vn -0.3691628873348236 0.04154307395219803 0.08162509649991989 
vn -0.36637648940086365 0.061443813145160675 0.08162509649991989 
vn -0.3691628873348236 0.04154307395219803 0.08162509649991989 
vn -0.3625180721282959 0.08116476982831955 0.08162509649991989 
vn -0.35516947507858276 0.10891145467758179 0.08162509649991989 
vn -0.3517051935195923 0.11850327998399734 0.08324751257896423 
vn -0.34340357780456543 0.14263075590133667 0.08000112324953079 
vn -0.3375229239463806 0.15844546258449554 0.07512017339468002 
vn -0.33059632778167725 0.17513105273246765 0.06859229505062103 
vn -0.3308580219745636 0.17526967823505402 0.06695696711540222 
vn -0.3305438458919525 0.1764758974313736 0.06532037258148193 
vn -0.33157050609588623 0.1751435250043869 0.06368252635002136 
vn -0.3304623067378998 0.1778060495853424 0.06204346567392349 
vn -0.3304623067378998 0.1778060495853424 0.06204346567392349 
vn -0.3301229774951935 0.1789971888065338 0.06040322035551071 
vn -0.3301229774951935 0.1789971888065338 0.06040322035551071 
vn -0.32897305488586426 0.18164116144180298 0.05876181647181511 
vn -0.32897305488586426 0.18164116144180298 0.05876181647181511 
vn -0.32962295413017273 0.1842273473739624 0.04559287056326866 
vn -0.3282557725906372 0.18537455797195435 0.05053861811757088 
vn -0.3292330503463745 0.186766117811203 0.037332966923713684 
vn -0.3292330503463745 0.186766117811203 0.037332966923713684 
vn 0.11132022738456726 0.16321620345115662 0.3250200152397156 
vn 0.11065864562988281 0.14597679674625397 0.3333394229412079 
vn 0.11065864562988281 0.14597679674625397 0.3333394229412079 
vn -0.05438845232129097 -0.37644511461257935 0.0008309587719850242 
vn -0.05438845232129097 -0.37644511461257935 0.0008309587719850242 
vn -0.05438845232129097 -0.37644511461257935 0.0008309587719850242 
vn -0.05438845232129097 -0.37644511461257935 0.0008309587719850242 
vn 0.09546288847923279 0.31979435682296753 0.18245035409927368 
vn 0.1027231365442276 0.2882899343967438 0.22584639489650726 
vn 0.09139114618301392 0.32583245635032654 0.17363925278186798 
vn 0.10061580687761307 0.29110875725746155 0.22316335141658783 
vn 0.10948927700519562 0.2259402722120285 0.2857145667076111 
vn 0.1064549908041954 0.236869215965271 0.2779029309749603 
vn 0.10941731929779053 0.1627873331308365 0.32588014006614685 
vn 0.08116427063941956 0.3537600040435791 0.11373630166053772 
vn 0.07969851791858673 0.3565506637096405 0.10578040033578873 
vn 0.06358273327350616 0.3734559416770935 0.03402379900217056 
vn 0.061452433466911316 0.37423136830329895 0.029055247083306313 
vn 0.040143728256225586 0.3746129870414734 -0.052185315638780594 
vn 0.0408327616751194 0.37476426362991333 -0.05053861811757088 
vn 0.013633737340569496 0.35385748744010925 -0.1388118416070938 
vn 0.011486547067761421 0.3527064919471741 -0.14190107583999634 
vn -0.01937873661518097 0.3034408688545227 -0.22851219773292542 
vn -0.02152538113296032 0.2982187271118164 -0.2350999116897583 
vn -0.036519862711429596 0.26317864656448364 -0.27216359972953796 
vn -0.036519862711429596 0.26317864656448364 -0.27216359972953796 
vn -0.018649600446224213 -0.3604261577129364 0.12006210535764694 
vn -0.040823616087436676 -0.3755958080291748 0.04394250363111496 
vn -0.04295346140861511 -0.3757301867008209 0.04063928872346878 
vn -0.06356308609247208 -0.3724224865436554 -0.04394250363111496 
vn -0.06499097496271133 -0.37133780121803284 -0.05053861811757088 
vn -0.0846579372882843 -0.3450869619846344 -0.13571199774742126 
vn -0.08883664011955261 -0.33755844831466675 -0.15110282599925995 
vn -0.09890948235988617 -0.30069175362586975 -0.21088175475597382 
vn -0.10156852006912231 -0.2958589792251587 -0.21638162434101105 
vn -0.10342919826507568 -0.2783326208591461 -0.23770372569561005 
vn -0.10471636056900024 -0.27673768997192383 -0.2389988750219345 
vn -0.10849066823720932 -0.23190376162528992 -0.28128305077552795 
vn -0.1090499609708786 -0.2233668565750122 -0.28789767622947693 
vn -0.11095263063907623 -0.16346631944179535 -0.3250200152397156 
vn -0.11023653298616409 -0.16223368048667908 -0.32588014006614685 
vn -0.1099843978881836 -0.14648546278476715 -0.3333394229412079 
vn -0.1099843978881836 -0.14648546278476715 -0.3333394229412079 
vn -0.01793612167239189 -0.3609841465950012 0.1184840202331543 
vn 0.009324302896857262 -0.3218257427215576 0.20251165330410004 
vn 0.005741600412875414 -0.3271082639694214 0.1940024048089981 
vn 0.02364657260477543 -0.2917724549770355 0.24285675585269928 
vn 0.02364657260477543 -0.2917724549770355 0.24285675585269928 
vn 0.32895928621292114 -0.1841232180595398 -0.05053861811757088 
vn 0.32897305488586426 -0.18164116144180298 -0.05876181647181511 
vn 0.32897305488586426 -0.18164116144180298 -0.05876181647181511 
vn 0.3301229774951935 -0.1789971888065338 -0.06040322035551071 
vn 0.3301229774951935 -0.1789971888065338 -0.06040322035551071 
vn 0.33114027976989746 -0.17654022574424744 -0.06204346567392349 
vn 0.33114027976989746 -0.17654022574424744 -0.06204346567392349 
vn 0.3305438458919525 -0.1764758974313736 -0.06532037258148193 
vn 0.3305438458919525 -0.1764758974313736 -0.06532037258148193 
vn 0.3311628997325897 -0.17405734956264496 -0.06859229505062103 
vn 0.3315278887748718 -0.17399926483631134 -0.06695696711540222 
vn 0.3375229239463806 -0.15844546258449554 -0.07512017339468002 
vn 0.34333446621894836 -0.14279700815677643 -0.08000112324953079 
vn 0.3517051935195923 -0.11850327998399734 -0.08324751257896423 
vn 0.3555876910686493 -0.10753820091485977 -0.08162509649991989 
vn 0.3661363124847412 -0.06285910308361053 -0.08162509649991989 
vn 0.3628289997577667 -0.07976333051919937 -0.08162509649991989 
vn 0.36932066082954407 -0.04011625051498413 -0.08162509649991989 
vn 0.36932066082954407 -0.04011625051498413 -0.08162509649991989 
vn 0.32821205258369446 -0.18672937154769897 -0.04559287056326866 
vn 0.3292330503463745 -0.186766117811203 -0.037332966923713684 
vn 0.3292330503463745 -0.186766117811203 -0.037332966923713684 
vn -0.3691628873348236 0.04154307395219803 0.08162509649991989 
vn -0.36637648940086365 0.061443813145160675 0.08162509649991989 
vn -0.3691628873348236 0.04154307395219803 0.08162509649991989 
vn -0.3625180721282959 0.08116476982831955 0.08162509649991989 
vn -0.35516947507858276 0.10891145467758179 0.08162509649991989 
vn -0.3517051935195923 0.11850327998399734 0.08324751257896423 
vn -0.34340357780456543 0.14263075590133667 0.08000112324953079 
vn -0.3375229239463806 0.15844546258449554 0.07512017339468002 
vn -0.33059632778167725 0.17513105273246765 0.06859229505062103 
vn -0.3308580219745636 0.17526967823505402 0.06695696711540222 
vn -0.3305438458919525 0.1764758974313736 0.06532037258148193 
vn -0.33157050609588623 0.1751435250043869 0.06368252635002136 
vn -0.3304623067378998 0.1778060495853424 0.06204346567392349 
vn -0.3304623067378998 0.1778060495853424 0.06204346567392349 
vn -0.3301229774951935 0.1789971888065338 0.06040322035551071 
vn -0.3301229774951935 0.1789971888065338 0.06040322035551071 
vn -0.32897305488586426 0.18164116144180298 0.05876181647181511 
vn -0.32897305488586426 0.18164116144180298 0.05876181647181511 
vn -0.32962295413017273 0.1842273473739624 0.04559287056326866 
vn -0.3282557725906372 0.18537455797195435 0.05053861811757088 
vn -0.3292330503463745 0.186766117811203 0.037332966923713684 
vn -0.3292330503463745 0.186766117811203 0.037332966923713684 
vn 0.11132022738456726 0.16321620345115662 0.3250200152397156 
vn 0.11065864562988281 0.14597679674625397 0.3333394229412079 
vn 0.11065864562988281 0.14597679674625397 0.3333394229412079 
vn -0.05438845232129097 -0.37644511461257935 0.0008309587719850242 
vn -0.05438845232129097 -0.37644511461257935 0.0008309587719850242 
vn -0.05438845232129097 -0.37644511461257935 0.0008309587719850242 
vn -0.05438845232129097 -0.37644511461257935 0.0008309587719850242 
vn -0.09546288847923279 0.31979435682296753 0.18245035409927368 
vn -0.1027231365442276 0.2882899343967438 0.22584639489650726 
vn -0.09139114618301392 0.32583245635032654 0.17363925278186798 
vn -0.10061580687761307 0.29110875725746155 0.22316335141658783 
vn -0.10948927700519562 0.2259402722120285 0.2857145667076111 
vn -0.10906407237052917 0.2356792688369751 0.2779029309749603 
vn -0.10941731929779053 0.1627873331308365 0.32588014006614685 
vn -0.08116427063941956 0.3537600040435791 0.11373630166053772 
vn -0.07969851791858673 0.3565506637096405 0.10578040033578873 
vn -0.06358273327350616 0.3734559416770935 0.03402379900217056 
vn -0.061452433466911316 0.37423136830329895 0.029055247083306313 
vn -0.040143728256225586 0.3746129870414734 -0.052185315638780594 
vn -0.0408327616751194 0.37476426362991333 -0.05053861811757088 
vn -0.013633737340569496 0.35385748744010925 -0.1388118416070938 
vn -0.011486547067761421 0.3527064919471741 -0.14190107583999634 
vn 0.01937873661518097 0.3034408688545227 -0.22851219773292542 
vn 0.02152538113296032 0.2982187271118164 -0.2350999116897583 
vn 0.036519862711429596 0.26317864656448364 -0.27216359972953796 
vn 0.036519862711429596 0.26317864656448364 -0.27216359972953796 
vn 0.018649600446224213 -0.3604261577129364 0.12006210535764694 
vn 0.040823616087436676 -0.3755958080291748 0.04394250363111496 
vn 0.04295346140861511 -0.3757301867008209 0.04063928872346878 
vn 0.06356308609247208 -0.3724224865436554 -0.04394250363111496 
vn 0.06499097496271133 -0.37133780121803284 -0.05053861811757088 
vn 0.0846579372882843 -0.3450869619846344 -0.13571199774742126 
vn 0.08883664011955261 -0.33755844831466675 -0.15110282599925995 
vn 0.09890948235988617 -0.30069175362586975 -0.21088175475597382 
vn 0.10156852006912231 -0.2958589792251587 -0.21638162434101105 
vn 0.10342919826507568 -0.2783326208591461 -0.23770372569561005 
vn 0.10471636056900024 -0.27673768997192383 -0.2389988750219345 
vn 0.10849066823720932 -0.23190376162528992 -0.28128305077552795 
vn 0.1090499609708786 -0.2233668565750122 -0.28789767622947693 
vn 0.11095263063907623 -0.16346631944179535 -0.3250200152397156 
vn 0.11023653298616409 -0.16223368048667908 -0.32588014006614685 
vn 0.1099843978881836 -0.14648546278476715 -0.3333394229412079 
vn 0.1099843978881836 -0.14648546278476715 -0.3333394229412079 
vn 0.01793612167239189 -0.3609841465950012 0.1184840202331543 
vn -0.009324302896857262 -0.3218257427215576 0.20251165330410004 
vn -0.005741600412875414 -0.3271082639694214 0.1940024048089981 
vn -0.02364657260477543 -0.2917724549770355 0.24285675585269928 
vn -0.02364657260477543 -0.2917724549770355 0.24285675585269928 
vn -0.32895928621292114 -0.1841232180595398 -0.05053861811757088 
vn -0.32897305488586426 -0.18164116144180298 -0.05876181647181511 
vn -0.32897305488586426 -0.18164116144180298 -0.05876181647181511 
vn -0.3301229774951935 -0.1789971888065338 -0.06040322035551071 
vn -0.3301229774951935 -0.1789971888065338 -0.06040322035551071 
vn -0.33114027976989746 -0.17654022574424744 -0.06204346567392349 
vn -0.33114027976989746 -0.17654022574424744 -0.06204346567392349 
vn -0.33079245686531067 -0.1766086220741272 -0.06368252635002136 
vn -0.3305438458919525 -0.1764758974313736 -0.06532037258148193 
vn -0.3311628997325897 -0.17405734956264496 -0.06859229505062103 
vn -0.3315278887748718 -0.17399926483631134 -0.06695696711540222 
vn -0.3375229239463806 -0.15844546258449554 -0.07512017339468002 
vn -0.34333446621894836 -0.14279700815677643 -0.08000112324953079 
vn -0.3517051935195923 -0.11850327998399734 -0.08324751257896423 
vn -0.3555876910686493 -0.10753820091485977 -0.08162509649991989 
vn -0.3661363124847412 -0.06285910308361053 -0.08162509649991989 
vn -0.3628289997577667 -0.07976333051919937 -0.08162509649991989 
vn -0.36932066082954407 -0.04011625051498413 -0.08162509649991989 
vn -0.36932066082954407 -0.04011625051498413 -0.08162509649991989 
vn -0.32821205258369446 -0.18672937154769897 -0.04559287056326866 
vn -0.3292330503463745 -0.186766117811203 -0.037332966923713684 
vn -0.3292330503463745 -0.186766117811203 -0.037332966923713684 
vn 0.3691628873348236 0.04154307395219803 0.08162509649991989 
vn 0.36637648940086365 0.061443813145160675 0.08162509649991989 
vn 0.3691628873348236 0.04154307395219803 0.08162509649991989 
vn 0.3625180721282959 0.08116476982831955 0.08162509649991989 
vn 0.35516947507858276 0.10891145467758179 0.08162509649991989 
vn 0.3517051935195923 0.11850327998399734 0.08324751257896423 
vn 0.34340357780456543 0.14263075590133667 0.08000112324953079 
vn 0.3375229239463806 0.15844546258449554 0.07512017339468002 
vn 0.33059632778167725 0.17513105273246765 0.06859229505062103 
vn 0.3308580219745636 0.17526967823505402 0.06695696711540222 
vn 0.3305438458919525 0.1764758974313736 0.06532037258148193 
vn 0.33157050609588623 0.1751435250043869 0.06368252635002136 
vn 0.3304623067378998 0.1778060495853424 0.06204346567392349 
vn 0.3304623067378998 0.1778060495853424 0.06204346567392349 
vn 0.3301229774951935 0.1789971888065338 0.06040322035551071 
vn 0.3301229774951935 0.1789971888065338 0.06040322035551071 
vn 0.32897305488586426 0.18164116144180298 0.05876181647181511 
vn 0.32897305488586426 0.18164116144180298 0.05876181647181511 
vn 0.32962295413017273 0.1842273473739624 0.04559287056326866 
vn 0.3282557725906372 0.18537455797195435 0.05053861811757088 
vn 0.3292330503463745 0.186766117811203 0.037332966923713684 
vn 0.3292330503463745 0.186766117811203 0.037332966923713684 
vn -0.11132022738456726 0.16321620345115662 0.3250200152397156 
vn -0.11065864562988281 0.14597679674625397 0.3333394229412079 
vn -0.11065864562988281 0.14597679674625397 0.3333394229412079 
vn 0.05438845232129097 -0.37644511461257935 0.0008309587719850242 
vn 0.05438845232129097 -0.37644511461257935 0.0008309587719850242 
vn 0.05438845232129097 -0.37644511461257935 0.0008309587719850242 
vn 0.05438845232129097 -0.37644511461257935 0.0008309587719850242 
vn -0.09546288847923279 0.31979435682296753 0.18245035409927368 
vn -0.1027231365442276 0.2882899343967438 0.22584639489650726 
vn -0.09139114618301392 0.32583245635032654 0.17363925278186798 
vn -0.10061580687761307 0.29110875725746155 0.22316335141658783 
vn -0.10948927700519562 0.2259402722120285 0.2857145667076111 
vn -0.10906407237052917 0.2356792688369751 0.2779029309749603 
vn -0.10941731929779053 0.1627873331308365 0.32588014006614685 
vn -0.08116427063941956 0.3537600040435791 0.11373630166053772 
vn -0.07969851791858673 0.3565506637096405 0.10578040033578873 
vn -0.06358273327350616 0.3734559416770935 0.03402379900217056 
vn -0.061452433466911316 0.37423136830329895 0.029055247083306313 
vn -0.040143728256225586 0.3746129870414734 -0.052185315638780594 
vn -0.0408327616751194 0.37476426362991333 -0.05053861811757088 
vn -0.013633737340569496 0.35385748744010925 -0.1388118416070938 
vn -0.011486547067761421 0.3527064919471741 -0.14190107583999634 
vn 0.01937873661518097 0.3034408688545227 -0.22851219773292542 
vn 0.02152538113296032 0.2982187271118164 -0.2350999116897583 
vn 0.036519862711429596 0.26317864656448364 -0.27216359972953796 
vn 0.036519862711429596 0.26317864656448364 -0.27216359972953796 
vn 0.018649600446224213 -0.3604261577129364 0.12006210535764694 
vn 0.040823616087436676 -0.3755958080291748 0.04394250363111496 
vn 0.04295346140861511 -0.3757301867008209 0.04063928872346878 
vn 0.06356308609247208 -0.3724224865436554 -0.04394250363111496 
vn 0.06499097496271133 -0.37133780121803284 -0.05053861811757088 
vn 0.0846579372882843 -0.3450869619846344 -0.13571199774742126 
vn 0.08883664011955261 -0.33755844831466675 -0.15110282599925995 
vn 0.09890948235988617 -0.30069175362586975 -0.21088175475597382 
vn 0.10156852006912231 -0.2958589792251587 -0.21638162434101105 
vn 0.10342919826507568 -0.2783326208591461 -0.23770372569561005 
vn 0.10471636056900024 -0.27673768997192383 -0.2389988750219345 
vn 0.10849066823720932 -0.23190376162528992 -0.28128305077552795 
vn 0.1090499609708786 -0.2233668565750122 -0.28789767622947693 
vn 0.11095263063907623 -0.16346631944179535 -0.3250200152397156 
vn 0.11023653298616409 -0.16223368048667908 -0.32588014006614685 
vn 0.1099843978881836 -0.14648546278476715 -0.3333394229412079 
vn 0.1099843978881836 -0.14648546278476715 -0.3333394229412079 
vn 0.01793612167239189 -0.3609841465950012 0.1184840202331543 
vn -0.009324302896857262 -0.3218257427215576 0.20251165330410004 
vn -0.005741600412875414 -0.3271082639694214 0.1940024048089981 
vn -0.02364657260477543 -0.2917724549770355 0.24285675585269928 
vn -0.02364657260477543 -0.2917724549770355 0.24285675585269928 
vn -0.32895928621292114 -0.1841232180595398 -0.05053861811757088 
vn -0.32897305488586426 -0.18164116144180298 -0.05876181647181511 
vn -0.32897305488586426 -0.18164116144180298 -0.05876181647181511 
vn -0.3301229774951935 -0.1789971888065338 -0.06040322035551071 
vn -0.3301229774951935 -0.1789971888065338 -0.06040322035551071 
vn -0.33114027976989746 -0.17654022574424744 -0.06204346567392349 
vn -0.33114027976989746 -0.17654022574424744 -0.06204346567392349 
vn -0.33079245686531067 -0.1766086220741272 -0.06368252635002136 
vn -0.3305438458919525 -0.1764758974313736 -0.06532037258148193 
vn -0.3311628997325897 -0.17405734956264496 -0.06859229505062103 
vn -0.3315278887748718 -0.17399926483631134 -0.06695696711540222 
vn -0.3375229239463806 -0.15844546258449554 -0.07512017339468002 
vn -0.34333446621894836 -0.14279700815677643 -0.08000112324953079 
vn -0.3517051935195923 -0.11850327998399734 -0.08324751257896423 
vn -0.3555876910686493 -0.10753820091485977 -0.08162509649991989 
vn -0.3661363124847412 -0.06285910308361053 -0.08162509649991989 
vn -0.3628289997577667 -0.07976333051919937 -0.08162509649991989 
vn -0.36932066082954407 -0.04011625051498413 -0.08162509649991989 
vn -0.36932066082954407 -0.04011625051498413 -0.08162509649991989 
vn -0.32821205258369446 -0.18672937154769897 -0.04559287056326866 
vn -0.3292330503463745 -0.186766117811203 -0.037332966923713684 
vn -0.3292330503463745 -0.186766117811203 -0.037332966923713684 
vn 0.3691628873348236 0.04154307395219803 0.08162509649991989 
vn 0.36637648940086365 0.061443813145160675 0.08162509649991989 
vn 0.3691628873348236 0.04154307395219803 0.08162509649991989 
vn 0.3625180721282959 0.08116476982831955 0.08162509649991989 
vn 0.35516947507858276 0.10891145467758179 0.08162509649991989 
vn 0.3517051935195923 0.11850327998399734 0.08324751257896423 
vn 0.34340357780456543 0.14263075590133667 0.08000112324953079 
vn 0.3375229239463806 0.15844546258449554 0.07512017339468002 
vn 0.33059632778167725 0.17513105273246765 0.06859229505062103 
vn 0.3308580219745636 0.17526967823505402 0.06695696711540222 
vn 0.3305438458919525 0.1764758974313736 0.06532037258148193 
vn 0.33157050609588623 0.1751435250043869 0.06368252635002136 
vn 0.3304623067378998 0.1778060495853424 0.06204346567392349 
vn 0.3304623067378998 0.1778060495853424 0.06204346567392349 
vn 0.3301229774951935 0.1789971888065338 0.06040322035551071 
vn 0.3301229774951935 0.1789971888065338 0.06040322035551071 
vn 0.32897305488586426 0.18164116144180298 0.05876181647181511 
vn 0.32897305488586426 0.18164116144180298 0.05876181647181511 
vn 0.32962295413017273 0.1842273473739624 0.04559287056326866 
vn 0.3282557725906372 0.18537455797195435 0.05053861811757088 
vn 0.3292330503463745 0.186766117811203 0.037332966923713684 
vn 0.3292330503463745 0.186766117811203 0.037332966923713684 
vn -0.11132022738456726 0.16321620345115662 0.3250200152397156 
vn -0.11065864562988281 0.14597679674625397 0.3333394229412079 
vn -0.11065864562988281 0.14597679674625397 0.3333394229412079 
vn 0.05438845232129097 -0.37644511461257935 0.0008309587719850242 
vn 0.05438845232129097 -0.37644511461257935 0.0008309587719850242 
vn 0.05438845232129097 -0.37644511461257935 0.0008309587719850242 
vn 0.05438845232129097 -0.37644511461257935 0.0008309587719850242 
vn -0.09546288847923279 0.31979435682296753 0.18245035409927368 
vn -0.1027231365442276 0.2882899343967438 0.22584639489650726 
vn -0.09139114618301392 0.32583245635032654 0.17363925278186798 
vn -0.10061580687761307 0.29110875725746155 0.22316335141658783 
vn -0.10948927700519562 0.2259402722120285 0.2857145667076111 
vn -0.1064549908041954 0.236869215965271 0.2779029309749603 
vn -0.10941731929779053 0.1627873331308365 0.32588014006614685 
vn -0.08116427063941956 0.3537600040435791 0.11373630166053772 
vn -0.07969851791858673 0.3565506637096405 0.10578040033578873 
vn -0.06358273327350616 0.3734559416770935 0.03402379900217056 
vn -0.061452433466911316 0.37423136830329895 0.029055247083306313 
vn -0.040143728256225586 0.3746129870414734 -0.052185315638780594 
vn -0.0408327616751194 0.37476426362991333 -0.05053861811757088 
vn -0.013633737340569496 0.35385748744010925 -0.1388118416070938 
vn -0.011486547067761421 0.3527064919471741 -0.14190107583999634 
vn 0.01937873661518097 0.3034408688545227 -0.22851219773292542 
vn 0.02152538113296032 0.2982187271118164 -0.2350999116897583 
vn 0.036519862711429596 0.26317864656448364 -0.27216359972953796 
vn 0.036519862711429596 0.26317864656448364 -0.27216359972953796 
vn 0.018649600446224213 -0.3604261577129364 0.12006210535764694 
vn 0.040823616087436676 -0.3755958080291748 0.04394250363111496 
vn 0.04295346140861511 -0.3757301867008209 0.04063928872346878 
vn 0.06356308609247208 -0.3724224865436554 -0.04394250363111496 
vn 0.06499097496271133 -0.37133780121803284 -0.05053861811757088 
vn 0.0846579372882843 -0.3450869619846344 -0.13571199774742126 
vn 0.08883664011955261 -0.33755844831466675 -0.15110282599925995 
vn 0.09890948235988617 -0.30069175362586975 -0.21088175475597382 
vn 0.10156852006912231 -0.2958589792251587 -0.21638162434101105 
vn 0.10342919826507568 -0.2783326208591461 -0.23770372569561005 
vn 0.10471636056900024 -0.27673768997192383 -0.2389988750219345 
vn 0.10849066823720932 -0.23190376162528992 -0.28128305077552795 
vn 0.1090499609708786 -0.2233668565750122 -0.28789767622947693 
vn 0.11095263063907623 -0.16346631944179535 -0.3250200152397156 
vn 0.11023653298616409 -0.16223368048667908 -0.32588014006614685 
vn 0.1099843978881836 -0.14648546278476715 -0.3333394229412079 
vn 0.1099843978881836 -0.14648546278476715 -0.3333394229412079 
vn 0.01793612167239189 -0.3609841465950012 0.1184840202331543 
vn -0.009324302896857262 -0.3218257427215576 0.20251165330410004 
vn -0.005741600412875414 -0.3271082639694214 0.1940024048089981 
vn -0.02364657260477543 -0.2917724549770355 0.24285675585269928 
vn -0.02364657260477543 -0.2917724549770355 0.24285675585269928 
vn -0.32895928621292114 -0.1841232180595398 -0.05053861811757088 
vn -0.32897305488586426 -0.18164116144180298 -0.05876181647181511 
vn -0.32897305488586426 -0.18164116144180298 -0.05876181647181511 
vn -0.3301229774951935 -0.1789971888065338 -0.06040322035551071 
vn -0.3301229774951935 -0.1789971888065338 -0.06040322035551071 
vn -0.33114027976989746 -0.17654022574424744 -0.06204346567392349 
vn -0.33114027976989746 -0.17654022574424744 -0.06204346567392349 
vn -0.3305438458919525 -0.1764758974313736 -0.06532037258148193 
vn -0.3305438458919525 -0.1764758974313736 -0.06532037258148193 
vn -0.3311628997325897 -0.17405734956264496 -0.06859229505062103 
vn -0.3315278887748718 -0.17399926483631134 -0.06695696711540222 
vn -0.3375229239463806 -0.15844546258449554 -0.07512017339468002 
vn -0.34333446621894836 -0.14279700815677643 -0.08000112324953079 
vn -0.3517051935195923 -0.11850327998399734 -0.08324751257896423 
vn -0.3555876910686493 -0.10753820091485977 -0.08162509649991989 
vn -0.3661363124847412 -0.06285910308361053 -0.08162509649991989 
vn -0.3628289997577667 -0.07976333051919937 -0.08162509649991989 
vn -0.36932066082954407 -0.04011625051498413 -0.08162509649991989 
vn -0.36932066082954407 -0.04011625051498413 -0.08162509649991989 
vn -0.32821205258369446 -0.18672937154769897 -0.04559287056326866 
vn -0.3292330503463745 -0.186766117811203 -0.037332966923713684 
vn -0.3292330503463745 -0.186766117811203 -0.037332966923713684 
vn 0.3691628873348236 0.04154307395219803 0.08162509649991989 
vn 0.36637648940086365 0.061443813145160675 0.08162509649991989 
vn 0.3691628873348236 0.04154307395219803 0.08162509649991989 
vn 0.3625180721282959 0.08116476982831955 0.08162509649991989 
vn 0.35516947507858276 0.10891145467758179 0.08162509649991989 
vn 0.3517051935195923 0.11850327998399734 0.08324751257896423 
vn 0.34340357780456543 0.14263075590133667 0.08000112324953079 
vn 0.3375229239463806 0.15844546258449554 0.07512017339468002 
vn 0.33059632778167725 0.17513105273246765 0.06859229505062103 
vn 0.3308580219745636 0.17526967823505402 0.06695696711540222 
vn 0.3305438458919525 0.1764758974313736 0.06532037258148193 
vn 0.33157050609588623 0.1751435250043869 0.06368252635002136 
vn 0.3304623067378998 0.1778060495853424 0.06204346567392349 
vn 0.3304623067378998 0.1778060495853424 0.06204346567392349 
vn 0.3301229774951935 0.1789971888065338 0.06040322035551071 
vn 0.3301229774951935 0.1789971888065338 0.06040322035551071 
vn 0.32897305488586426 0.18164116144180298 0.05876181647181511 
vn 0.32897305488586426 0.18164116144180298 0.05876181647181511 
vn 0.32962295413017273 0.1842273473739624 0.04559287056326866 
vn 0.3282557725906372 0.18537455797195435 0.05053861811757088 
vn 0.3292330503463745 0.186766117811203 0.037332966923713684 
vn 0.3292330503463745 0.186766117811203 0.037332966923713684 
vn -0.11132022738456726 0.16321620345115662 0.3250200152397156 
vn -0.11065864562988281 0.14597679674625397 0.3333394229412079 
vn -0.11065864562988281 0.14597679674625397 0.3333394229412079 
vn 0.05438845232129097 -0.37644511461257935 0.0008309587719850242 
vn 0.05438845232129097 -0.37644511461257935 0.0008309587719850242 
vn 0.05438845232129097 -0.37644511461257935 0.0008309587719850242 
vn 0.05438845232129097 -0.37644511461257935 0.0008309587719850242 
vn 0.1089409589767456 0.08726901561021805 0.3538159132003784 
vn 0.10693854093551636 0.14328791201114655 0.33571186661720276 
vn 0.1089409589767456 0.08726901561021805 0.3538159132003784 
vn 0.10846914350986481 0.13273444771766663 0.33953753113746643 
vn 0.09984415769577026 0.2092166393995285 0.30154481530189514 
vn 0.10021153837442398 0.203141450881958 0.3055501878261566 
vn 0.09204981476068497 0.2591893970966339 0.26271161437034607 
vn 0.09474879503250122 0.25076571106910706 0.2698313295841217 
vn 0.0801757425069809 0.30430182814598083 0.21363985538482666 
vn 0.07881747931241989 0.30939725041389465 0.2067144513130188 
vn 0.06211322173476219 0.3467508852481842 0.14344164729118347 
vn 0.059292037039995193 0.34912097454071045 0.1388118416070938 
vn 0.03868236020207405 0.37353023886680603 0.06040322035551071 
vn 0.040813613682985306 0.3727579712867737 0.06368252635002136 
vn 0.01292080245912075 0.3791465759277344 -0.027397911995649338 
vn 0.012209772132337093 0.3789161145687103 -0.030712027102708817 
vn -0.012921967543661594 0.36272138357162476 -0.11373630166053772 
vn -0.012205586768686771 0.36323997378349304 -0.11214933544397354 
vn -0.02225170098245144 0.3509352505207062 -0.14497947692871094 
vn -0.02225170098245144 0.3509352505207062 -0.14497947692871094 
vn -0.02009357139468193 -0.37974998354911804 0.007478152867406607 
vn -0.04154833033680916 -0.37149930000305176 -0.07022630423307419 
vn -0.04300728440284729 -0.37070104479789734 -0.07349026948213577 
vn -0.06426543742418289 -0.34241029620170593 -0.15262652933597565 
vn -0.06567459553480148 -0.3393721580505371 -0.1586919128894806 
vn -0.0864405557513237 -0.2883603274822235 -0.23247811198234558 
vn -0.08903606981039047 -0.2777429223060608 -0.24413350224494934 
vn -0.09910999238491058 -0.2251950353384018 -0.29005885124206543 
vn -0.10091785341501236 -0.21877910196781158 -0.2943144738674164 
vn -0.10351100564002991 -0.19079430401325226 -0.3123343288898468 
vn -0.1032848060131073 -0.18464910984039307 -0.3160801827907562 
vn -0.10780108720064163 -0.13517828285694122 -0.338785320520401 
vn -0.10696382820606232 -0.12623348832130432 -0.34248149394989014 
vn -0.1103397011756897 -0.08799298107624054 -0.3532026410102844 
vn -0.1103397011756897 -0.08799298107624054 -0.3532026410102844 
vn -0.02009357139468193 -0.37974998354911804 0.007478152867406607 
vn 0.009323189035058022 -0.3674548268318176 0.09777402132749557 
vn 0.004305161535739899 -0.3699846863746643 0.08810509741306305 
vn 0.02295670472085476 -0.35025161504745483 0.14651454985141754 
vn 0.02295670472085476 -0.35025161504745483 0.14651454985141754 
vn 0.33277300000190735 -0.16891130805015564 -0.07349026948213577 
vn 0.32947173714637756 -0.15570437908172607 -0.10896902531385422 
vn 0.3282339870929718 -0.15829692780971527 -0.10896902531385422 
vn 0.3306889832019806 -0.15310217440128326 -0.10896902531385422 
vn 0.3306889832019806 -0.15310217440128326 -0.10896902531385422 
vn 0.33136844635009766 -0.1504696160554886 -0.11056023836135864 
vn 0.33136844635009766 -0.1504696160554886 -0.11056023836135864 
vn 0.33084481954574585 -0.1504458487033844 -0.11214933544397354 
vn 0.3314947485923767 -0.14780057966709137 -0.11373630166053772 
vn 0.33095958828926086 -0.14777185022830963 -0.115321084856987 
vn 0.33095958828926086 -0.14777185022830963 -0.115321084856987 
vn 0.3298701047897339 -0.14770567417144775 -0.1184840202331543 
vn 0.3292368948459625 -0.147844135761261 -0.12006210535764694 
vn 0.3449201285839081 -0.11297733336687088 -0.11373630166053772 
vn 0.3617529273033142 -0.06005929037928581 -0.10098238289356232 
vn 0.367705762386322 -0.02868702821433544 -0.09294754266738892 
vn 0.367705762386322 -0.02868702821433544 -0.09294754266738892 
vn 0.3348950445652008 -0.1740206629037857 -0.04724236577749252 
vn 0.33526280522346497 -0.17920170724391937 -0.012462160550057888 
vn 0.33526280522346497 -0.17920170724391937 -0.012462160550057888 
vn -0.36781466007232666 0.027255363762378693 0.09294754266738892 
vn -0.3615277409553528 0.061400048434734344 0.10098238289356232 
vn -0.36781466007232666 0.027255363762378693 0.09294754266738892 
vn -0.3449201285839081 0.11297733336687088 0.11373630166053772 
vn -0.32931584119796753 0.14766821265220642 0.12006210535764694 
vn -0.33045417070388794 0.14639437198638916 0.1184840202331543 
vn -0.33154240250587463 0.14645954966545105 0.115321084856987 
vn -0.33154240250587463 0.14645954966545105 0.115321084856987 
vn -0.3314947485923767 0.14780057966709137 0.11373630166053772 
vn -0.33092543482780457 0.15026843547821045 0.11214933544397354 
vn -0.3308538794517517 0.15159769356250763 0.11056023836135864 
vn -0.3308538794517517 0.15159769356250763 0.11056023836135864 
vn -0.33077213168144226 0.15292246639728546 0.10896902531385422 
vn -0.33077213168144226 0.15292246639728546 0.10896902531385422 
vn -0.328323096036911 0.1581120640039444 0.10896902531385422 
vn -0.3295578062534332 0.15552207827568054 0.10896902531385422 
vn -0.3348950445652008 0.1740206629037857 0.04724236577749252 
vn -0.33351635932922363 0.16743874549865723 0.07349026948213577 
vn -0.33526280522346497 0.17920170724391937 0.012462160550057888 
vn -0.33526280522346497 0.17920170724391937 0.012462160550057888 
vn -0.051534347236156464 -0.36026430130004883 -0.11056023836135864 
vn -0.051534347236156464 -0.36026430130004883 -0.11056023836135864 
vn -0.051534347236156464 -0.36026430130004883 -0.11056023836135864 
vn -0.051534347236156464 -0.36026430130004883 -0.11056023836135864 
vn 0.1089409589767456 0.08726901561021805 0.3538159132003784 
vn 0.10693854093551636 0.14328791201114655 0.33571186661720276 
vn 0.1089409589767456 0.08726901561021805 0.3538159132003784 
vn 0.10846914350986481 0.13273444771766663 0.33953753113746643 
vn 0.09984415769577026 0.2092166393995285 0.30154481530189514 
vn 0.10021153837442398 0.203141450881958 0.3055501878261566 
vn 0.09204981476068497 0.2591893970966339 0.26271161437034607 
vn 0.09474879503250122 0.25076571106910706 0.2698313295841217 
vn 0.0801757425069809 0.30430182814598083 0.21363985538482666 
vn 0.07881747931241989 0.30939725041389465 0.2067144513130188 
vn 0.06211322173476219 0.3467508852481842 0.14344164729118347 
vn 0.059292037039995193 0.34912097454071045 0.1388118416070938 
vn 0.03868236020207405 0.37353023886680603 0.06040322035551071 
vn 0.040813613682985306 0.3727579712867737 0.06368252635002136 
vn 0.01292080245912075 0.3791465759277344 -0.027397911995649338 
vn 0.012209772132337093 0.3789161145687103 -0.030712027102708817 
vn -0.01148879062384367 0.363750159740448 -0.11056023836135864 
vn -0.01435330230742693 0.3616590201854706 -0.11690366268157959 
vn -0.02225170098245144 0.3509352505207062 -0.14497947692871094 
vn -0.02225170098245144 0.3509352505207062 -0.14497947692871094 
vn -0.02009357139468193 -0.37974998354911804 0.007478152867406607 
vn -0.04154833033680916 -0.37149930000305176 -0.07022630423307419 
vn -0.04227800667285919 -0.37110453844070435 -0.0718589797616005 
vn -0.06426543742418289 -0.34241029620170593 -0.15262652933597565 
vn -0.06567459553480148 -0.3393721580505371 -0.1586919128894806 
vn -0.08368312567472458 -0.28917258977890015 -0.23247811198234558 
vn -0.08903606981039047 -0.2777429223060608 -0.24413350224494934 
vn -0.09910999238491058 -0.2251950353384018 -0.29005885124206543 
vn -0.10026434808969498 -0.2176617830991745 -0.2953644096851349 
vn -0.10351100564002991 -0.19079430401325226 -0.3123343288898468 
vn -0.1032848060131073 -0.18464910984039307 -0.3160801827907562 
vn -0.10780108720064163 -0.13517828285694122 -0.338785320520401 
vn -0.10696382820606232 -0.12623348832130432 -0.34248149394989014 
vn -0.1103397011756897 -0.08799298107624054 -0.3532026410102844 
vn -0.1103397011756897 -0.08799298107624054 -0.3532026410102844 
vn -0.02009357139468193 -0.37974998354911804 0.007478152867406607 
vn 0.009323189035058022 -0.3674548268318176 0.09777402132749557 
vn 0.004305161535739899 -0.3699846863746643 0.08810509741306305 
vn 0.02295670472085476 -0.35025161504745483 0.14651454985141754 
vn 0.02295670472085476 -0.35025161504745483 0.14651454985141754 
vn 0.32697588205337524 -0.16087962687015533 -0.10896902531385422 
vn 0.32947173714637756 -0.15570437908172607 -0.10896902531385422 
vn 0.3282339870929718 -0.15829692780971527 -0.10896902531385422 
vn 0.3306889832019806 -0.15310217440128326 -0.10896902531385422 
vn 0.3306889832019806 -0.15310217440128326 -0.10896902531385422 
vn 0.33136844635009766 -0.1504696160554886 -0.11056023836135864 
vn 0.33136844635009766 -0.1504696160554886 -0.11056023836135864 
vn 0.33084481954574585 -0.1504458487033844 -0.11214933544397354 
vn 0.3314947485923767 -0.14780057966709137 -0.11373630166053772 
vn 0.33095958828926086 -0.14777185022830963 -0.115321084856987 
vn 0.33095958828926086 -0.14777185022830963 -0.115321084856987 
vn 0.3298701047897339 -0.14770567417144775 -0.1184840202331543 
vn 0.3292368948459625 -0.147844135761261 -0.12006210535764694 
vn 0.3449201285839081 -0.11297733336687088 -0.11373630166053772 
vn 0.3617529273033142 -0.06005929037928581 -0.10098238289356232 
vn 0.367705762386322 -0.02868702821433544 -0.09294754266738892 
vn 0.367705762386322 -0.02868702821433544 -0.09294754266738892 
vn 0.32697588205337524 -0.16087962687015533 -0.10896902531385422 
vn 0.3256974220275879 -0.16345232725143433 -0.10896902531385422 
vn 0.3256974220275879 -0.16345232725143433 -0.10896902531385422 
vn -0.36781466007232666 0.027255363762378693 0.09294754266738892 
vn -0.361997127532959 0.058569375425577164 0.10098238289356232 
vn -0.36781466007232666 0.027255363762378693 0.09294754266738892 
vn -0.3449201285839081 0.11297733336687088 0.11373630166053772 
vn -0.32931584119796753 0.14766821265220642 0.12006210535764694 
vn -0.33045417070388794 0.14639437198638916 0.1184840202331543 
vn -0.33154240250587463 0.14645954966545105 0.115321084856987 
vn -0.33154240250587463 0.14645954966545105 0.115321084856987 
vn -0.3314947485923767 0.14780057966709137 0.11373630166053772 
vn -0.33092543482780457 0.15026843547821045 0.11214933544397354 
vn -0.3308538794517517 0.15159769356250763 0.11056023836135864 
vn -0.3308538794517517 0.15159769356250763 0.11056023836135864 
vn -0.33077213168144226 0.15292246639728546 0.10896902531385422 
vn -0.33077213168144226 0.15292246639728546 0.10896902531385422 
vn -0.328323096036911 0.1581120640039444 0.10896902531385422 
vn -0.3295578062534332 0.15552207827568054 0.10896902531385422 
vn -0.3270680010318756 0.1606922447681427 0.10896902531385422 
vn -0.3270680010318756 0.1606922447681427 0.10896902531385422 
vn -0.32590967416763306 0.16195380687713623 0.11056023836135864 
vn -0.32590967416763306 0.16195380687713623 0.11056023836135864 
vn -0.051534347236156464 -0.36026430130004883 -0.11056023836135864 
vn -0.051534347236156464 -0.36026430130004883 -0.11056023836135864 
vn -0.051534347236156464 -0.36026430130004883 -0.11056023836135864 
vn -0.051534347236156464 -0.36026430130004883 -0.11056023836135864 
vn -0.1089409589767456 0.08726901561021805 0.3538159132003784 
vn -0.10693854093551636 0.14328791201114655 0.33571186661720276 
vn -0.1089409589767456 0.08726901561021805 0.3538159132003784 
vn -0.10846914350986481 0.13273444771766663 0.33953753113746643 
vn -0.09984415769577026 0.2092166393995285 0.30154481530189514 
vn -0.10021153837442398 0.203141450881958 0.3055501878261566 
vn -0.09204981476068497 0.2591893970966339 0.26271161437034607 
vn -0.09474879503250122 0.25076571106910706 0.2698313295841217 
vn -0.0801757425069809 0.30430182814598083 0.21363985538482666 
vn -0.07881747931241989 0.30939725041389465 0.2067144513130188 
vn -0.06211322173476219 0.3467508852481842 0.14344164729118347 
vn -0.059292037039995193 0.34912097454071045 0.1388118416070938 
vn -0.03868236020207405 0.37353023886680603 0.06040322035551071 
vn -0.040813613682985306 0.3727579712867737 0.06368252635002136 
vn -0.01292080245912075 0.3791465759277344 -0.027397911995649338 
vn -0.012209772132337093 0.3789161145687103 -0.030712027102708817 
vn 0.012921967543661594 0.36272138357162476 -0.11373630166053772 
vn 0.012205586768686771 0.36323997378349304 -0.11214933544397354 
vn 0.02225170098245144 0.3509352505207062 -0.14497947692871094 
vn 0.02225170098245144 0.3509352505207062 -0.14497947692871094 
vn 0.02009357139468193 -0.37974998354911804 0.007478152867406607 
vn 0.04154833033680916 -0.37149930000305176 -0.07022630423307419 
vn 0.04300728440284729 -0.37070104479789734 -0.07349026948213577 
vn 0.06426543742418289 -0.34241029620170593 -0.15262652933597565 
vn 0.06567459553480148 -0.3393721580505371 -0.1586919128894806 
vn 0.0864405557513237 -0.2883603274822235 -0.23247811198234558 
vn 0.08903606981039047 -0.2777429223060608 -0.24413350224494934 
vn 0.09910999238491058 -0.2251950353384018 -0.29005885124206543 
vn 0.10091785341501236 -0.21877910196781158 -0.2943144738674164 
vn 0.10351100564002991 -0.19079430401325226 -0.3123343288898468 
vn 0.1032848060131073 -0.18464910984039307 -0.3160801827907562 
vn 0.10780108720064163 -0.13517828285694122 -0.338785320520401 
vn 0.10696382820606232 -0.12623348832130432 -0.34248149394989014 
vn 0.1103397011756897 -0.08799298107624054 -0.3532026410102844 
vn 0.1103397011756897 -0.08799298107624054 -0.3532026410102844 
vn 0.02009357139468193 -0.37974998354911804 0.007478152867406607 
vn -0.009323189035058022 -0.3674548268318176 0.09777402132749557 
vn -0.004305161535739899 -0.3699846863746643 0.08810509741306305 
vn -0.02295670472085476 -0.35025161504745483 0.14651454985141754 
vn -0.02295670472085476 -0.35025161504745483 0.14651454985141754 
vn -0.33277300000190735 -0.16891130805015564 -0.07349026948213577 
vn -0.32947173714637756 -0.15570437908172607 -0.10896902531385422 
vn -0.3282339870929718 -0.15829692780971527 -0.10896902531385422 
vn -0.3306889832019806 -0.15310217440128326 -0.10896902531385422 
vn -0.3306889832019806 -0.15310217440128326 -0.10896902531385422 
vn -0.33136844635009766 -0.1504696160554886 -0.11056023836135864 
vn -0.33136844635009766 -0.1504696160554886 -0.11056023836135864 
vn -0.33084481954574585 -0.1504458487033844 -0.11214933544397354 
vn -0.3314947485923767 -0.14780057966709137 -0.11373630166053772 
vn -0.33095958828926086 -0.14777185022830963 -0.115321084856987 
vn -0.33095958828926086 -0.14777185022830963 -0.115321084856987 
vn -0.3298701047897339 -0.14770567417144775 -0.1184840202331543 
vn -0.3292368948459625 -0.147844135761261 -0.12006210535764694 
vn -0.3449201285839081 -0.11297733336687088 -0.11373630166053772 
vn -0.3617529273033142 -0.06005929037928581 -0.10098238289356232 
vn -0.367705762386322 -0.02868702821433544 -0.09294754266738892 
vn -0.367705762386322 -0.02868702821433544 -0.09294754266738892 
vn -0.3348950445652008 -0.1740206629037857 -0.04724236577749252 
vn -0.33526280522346497 -0.17920170724391937 -0.012462160550057888 
vn -0.33526280522346497 -0.17920170724391937 -0.012462160550057888 
vn 0.36781466007232666 0.027255363762378693 0.09294754266738892 
vn 0.3615277409553528 0.061400048434734344 0.10098238289356232 
vn 0.36781466007232666 0.027255363762378693 0.09294754266738892 
vn 0.3449201285839081 0.11297733336687088 0.11373630166053772 
vn 0.32931584119796753 0.14766821265220642 0.12006210535764694 
vn 0.33045417070388794 0.14639437198638916 0.1184840202331543 
vn 0.33154240250587463 0.14645954966545105 0.115321084856987 
vn 0.33154240250587463 0.14645954966545105 0.115321084856987 
vn 0.3314947485923767 0.14780057966709137 0.11373630166053772 
vn 0.33092543482780457 0.15026843547821045 0.11214933544397354 
vn 0.3308538794517517 0.15159769356250763 0.11056023836135864 
vn 0.3308538794517517 0.15159769356250763 0.11056023836135864 
vn 0.33077213168144226 0.15292246639728546 0.10896902531385422 
vn 0.33077213168144226 0.15292246639728546 0.10896902531385422 
vn 0.328323096036911 0.1581120640039444 0.10896902531385422 
vn 0.3295578062534332 0.15552207827568054 0.10896902531385422 
vn 0.3348950445652008 0.1740206629037857 0.04724236577749252 
vn 0.33351635932922363 0.16743874549865723 0.07349026948213577 
vn 0.33526280522346497 0.17920170724391937 0.012462160550057888 
vn 0.33526280522346497 0.17920170724391937 0.012462160550057888 
vn 0.051534347236156464 -0.36026430130004883 -0.11056023836135864 
vn 0.051534347236156464 -0.36026430130004883 -0.11056023836135864 
vn 0.051534347236156464 -0.36026430130004883 -0.11056023836135864 
vn 0.051534347236156464 -0.36026430130004883 -0.11056023836135864 
vn -0.1089409589767456 0.08726901561021805 0.3538159132003784 
vn -0.10693854093551636 0.14328791201114655 0.33571186661720276 
vn -0.1089409589767456 0.08726901561021805 0.3538159132003784 
vn -0.10846914350986481 0.13273444771766663 0.33953753113746643 
vn -0.09984415769577026 0.2092166393995285 0.30154481530189514 
vn -0.10021153837442398 0.203141450881958 0.3055501878261566 
vn -0.09204981476068497 0.2591893970966339 0.26271161437034607 
vn -0.09474879503250122 0.25076571106910706 0.2698313295841217 
vn -0.0801757425069809 0.30430182814598083 0.21363985538482666 
vn -0.07881747931241989 0.30939725041389465 0.2067144513130188 
vn -0.06211322173476219 0.3467508852481842 0.14344164729118347 
vn -0.059292037039995193 0.34912097454071045 0.1388118416070938 
vn -0.03868236020207405 0.37353023886680603 0.06040322035551071 
vn -0.040813613682985306 0.3727579712867737 0.06368252635002136 
vn -0.01292080245912075 0.3791465759277344 -0.027397911995649338 
vn -0.012209772132337093 0.3789161145687103 -0.030712027102708817 
vn 0.01148879062384367 0.363750159740448 -0.11056023836135864 
vn 0.01435330230742693 0.3616590201854706 -0.11690366268157959 
vn 0.02225170098245144 0.3509352505207062 -0.14497947692871094 
vn 0.02225170098245144 0.3509352505207062 -0.14497947692871094 
vn 0.02009357139468193 -0.37974998354911804 0.007478152867406607 
vn 0.04154833033680916 -0.37149930000305176 -0.07022630423307419 
vn 0.04227800667285919 -0.37110453844070435 -0.0718589797616005 
vn 0.06426543742418289 -0.34241029620170593 -0.15262652933597565 
vn 0.06567459553480148 -0.3393721580505371 -0.1586919128894806 
vn 0.08368312567472458 -0.28917258977890015 -0.23247811198234558 
vn 0.08903606981039047 -0.2777429223060608 -0.24413350224494934 
vn 0.09910999238491058 -0.2251950353384018 -0.29005885124206543 
vn 0.10026434808969498 -0.2176617830991745 -0.2953644096851349 
vn 0.10351100564002991 -0.19079430401325226 -0.3123343288898468 
vn 0.1032848060131073 -0.18464910984039307 -0.3160801827907562 
vn 0.10780108720064163 -0.13517828285694122 -0.338785320520401 
vn 0.10696382820606232 -0.12623348832130432 -0.34248149394989014 
vn 0.1103397011756897 -0.08799298107624054 -0.3532026410102844 
vn 0.1103397011756897 -0.08799298107624054 -0.3532026410102844 
vn 0.02009357139468193 -0.37974998354911804 0.007478152867406607 
vn -0.009323189035058022 -0.3674548268318176 0.09777402132749557 
vn -0.004305161535739899 -0.3699846863746643 0.08810509741306305 
vn -0.02295670472085476 -0.35025161504745483 0.14651454985141754 
vn -0.02295670472085476 -0.35025161504745483 0.14651454985141754 
vn -0.32697588205337524 -0.16087962687015533 -0.10896902531385422 
vn -0.32947173714637756 -0.15570437908172607 -0.10896902531385422 
vn -0.3282339870929718 -0.15829692780971527 -0.10896902531385422 
vn -0.3306889832019806 -0.15310217440128326 -0.10896902531385422 
vn -0.3306889832019806 -0.15310217440128326 -0.10896902531385422 
vn -0.33136844635009766 -0.1504696160554886 -0.11056023836135864 
vn -0.33136844635009766 -0.1504696160554886 -0.11056023836135864 
vn -0.33084481954574585 -0.1504458487033844 -0.11214933544397354 
vn -0.3314947485923767 -0.14780057966709137 -0.11373630166053772 
vn -0.33095958828926086 -0.14777185022830963 -0.115321084856987 
vn -0.33095958828926086 -0.14777185022830963 -0.115321084856987 
vn -0.3298701047897339 -0.14770567417144775 -0.1184840202331543 
vn -0.3292368948459625 -0.147844135761261 -0.12006210535764694 
vn -0.3449201285839081 -0.11297733336687088 -0.11373630166053772 
vn -0.3617529273033142 -0.06005929037928581 -0.10098238289356232 
vn -0.367705762386322 -0.02868702821433544 -0.09294754266738892 
vn -0.367705762386322 -0.02868702821433544 -0.09294754266738892 
vn -0.32697588205337524 -0.16087962687015533 -0.10896902531385422 
vn -0.3256974220275879 -0.16345232725143433 -0.10896902531385422 
vn -0.3256974220275879 -0.16345232725143433 -0.10896902531385422 
vn 0.36781466007232666 0.027255363762378693 0.09294754266738892 
vn 0.361997127532959 0.058569375425577164 0.10098238289356232 
vn 0.36781466007232666 0.027255363762378693 0.09294754266738892 
vn 0.3449201285839081 0.11297733336687088 0.11373630166053772 
vn 0.32931584119796753 0.14766821265220642 0.12006210535764694 
vn 0.33045417070388794 0.14639437198638916 0.1184840202331543 
vn 0.33154240250587463 0.14645954966545105 0.115321084856987 
vn 0.33154240250587463 0.14645954966545105 0.115321084856987 
vn 0.3314947485923767 0.14780057966709137 0.11373630166053772 
vn 0.33092543482780457 0.15026843547821045 0.11214933544397354 
vn 0.3308538794517517 0.15159769356250763 0.11056023836135864 
vn 0.3308538794517517 0.15159769356250763 0.11056023836135864 
vn 0.33077213168144226 0.15292246639728546 0.10896902531385422 
vn 0.33077213168144226 0.15292246639728546 0.10896902531385422 
vn 0.328323096036911 0.1581120640039444 0.10896902531385422 
vn 0.3295578062534332 0.15552207827568054 0.10896902531385422 
vn 0.3270680010318756 0.1606922447681427 0.10896902531385422 
vn 0.3270680010318756 0.1606922447681427 0.10896902531385422 
vn 0.32590967416763306 0.16195380687713623 0.11056023836135864 
vn 0.32590967416763306 0.16195380687713623 0.11056023836135864 
vn 0.051534347236156464 -0.36026430130004883 -0.11056023836135864 
vn 0.051534347236156464 -0.36026430130004883 -0.11056023836135864 
vn 0.051534347236156464 -0.36026430130004883 -0.11056023836135864 
vn 0.051534347236156464 -0.36026430130004883 -0.11056023836135864 
vn 0.0870002880692482 0.28819194436073303 0.23247811198234558 
vn 0.04937605932354927 0.3553408086299896 0.1263512521982193 
vn 0.08692219108343124 0.28608089685440063 0.2350999116897583 
vn 0.051509179174900055 0.3527510464191437 0.132601797580719 
vn 0.005744573660194874 0.38031044602394104 -0.0008309587719850242 
vn 0.0057442449033260345 0.38028866052627563 0.004154714290052652 
vn -0.03799501433968544 0.3578338325023651 -0.12321139127016068 
vn -0.03658166527748108 0.35904955863952637 -0.12006210535764694 
vn -0.06984066963195801 0.30968233942985535 -0.2094966471195221 
vn -0.06984066963195801 0.30968233942985535 -0.2094966471195221 
vn -0.07942768931388855 0.28718301653862 -0.23640407621860504 
vn -0.07942768931388855 0.28718301653862 -0.23640407621860504 
vn 0.1076204851269722 0.21121707558631897 0.2974473237991333 
vn 0.10824023932218552 0.20943571627140045 0.29848024249076843 
vn 0.11846308410167694 0.1472368836402893 0.33008715510368347 
vn 0.11846308410167694 0.1472368836402893 0.33008715510368347 
vn 0.12098510563373566 0.12351860105991364 0.338785320520401 
vn 0.12098510563373566 0.12351860105991364 0.338785320520401 
vn -0.12340619415044785 -0.1102137416601181 -0.34248149394989014 
vn -0.12229598313570023 -0.1263650506734848 -0.33726146817207336 
vn -0.12151193618774414 -0.12507033348083496 -0.33802661299705505 
vn -0.11545760184526443 -0.1655171513557434 -0.3224024474620819 
vn -0.11545760184526443 -0.1655171513557434 -0.3224024474620819 
vn -0.09898531436920166 -0.2516483664512634 -0.26747846603393555 
vn -0.09629890322685242 -0.2564122974872589 -0.2639109194278717 
vn -0.05928090587258339 -0.34262824058532715 -0.15414731204509735 
vn -0.059311576187610626 -0.3446430265903473 -0.14957624673843384 
vn -0.012202076613903046 -0.3795914947986603 -0.020763659849762917 
vn -0.011479942128062248 -0.37991905212402344 -0.01412306260317564 
vn 0.029375696554780006 -0.3663973808288574 0.09777402132749557 
vn 0.028662636876106262 -0.3660218119621277 0.09937915205955505 
vn 0.06271806359291077 -0.32449373602867126 0.18825513124465942 
vn 0.06414023786783218 -0.32337385416030884 0.18969741463661194 
vn 0.07999967783689499 -0.2870241701602936 0.23640407621860504 
vn 0.07999967783689499 -0.2870241701602936 0.23640407621860504 
vn -0.12340619415044785 -0.1102137416601181 -0.34248149394989014 
vn 0.3627983629703522 -0.028696926310658455 -0.11056023836135864 
vn 0.3627983629703522 -0.028696926310658455 -0.11056023836135864 
vn 0.36349427700042725 -0.0258339773863554 -0.10896902531385422 
vn 0.36349427700042725 -0.0258339773863554 -0.10896902531385422 
vn 0.3646267354488373 -0.022969156503677368 -0.10578040033578873 
vn 0.3646267354488373 -0.022969156503677368 -0.10578040033578873 
vn 0.36479607224464417 -0.020101120695471764 -0.10578040033578873 
vn 0.36479607224464417 -0.020101120695471764 -0.10578040033578873 
vn 0.36494287848472595 -0.017231840640306473 -0.10578040033578873 
vn 0.36494287848472595 -0.017231840640306473 -0.10578040033578873 
vn 0.3646010458469391 -0.014361155219376087 -0.10737574100494385 
vn 0.3646010458469391 -0.014361155219376087 -0.10737574100494385 
vn 0.363750159740448 -0.01148879062384367 -0.11056023836135864 
vn 0.363750159740448 -0.01148879062384367 -0.11056023836135864 
vn 0.3628492057323456 -0.008615657687187195 -0.11373630166053772 
vn 0.3628492057323456 -0.008615657687187195 -0.11373630166053772 
vn 0.36184123158454895 -0.00861342716962099 -0.11690366268157959 
vn 0.36184123158454895 -0.00861342716962099 -0.11690366268157959 
vn -0.3634965419769287 0.025801656767725945 0.10896902531385422 
vn -0.36462852358818054 0.022940482944250107 0.10578040033578873 
vn -0.36462852358818054 0.022940482944250107 0.10578040033578873 
vn -0.3647974729537964 0.020076019689440727 0.10578040033578873 
vn -0.3647974729537964 0.020076019689440727 0.10578040033578873 
vn -0.36494389176368713 0.01721031777560711 0.10578040033578873 
vn -0.36494389176368713 0.01721031777560711 0.10578040033578873 
vn -0.36454254388809204 0.015776656568050385 0.10737574100494385 
vn -0.36454254388809204 0.015776656568050385 0.10737574100494385 
vn -0.36370253562927246 0.012908109463751316 0.11056023836135864 
vn -0.36370253562927246 0.012908109463751316 0.11056023836135864 
vn -0.3628492057323456 0.008615657687187195 0.11373630166053772 
vn -0.3628492057323456 0.008615657687187195 0.11373630166053772 
vn -0.36184123158454895 0.00861342716962099 0.11690366268157959 
vn -0.36184123158454895 0.00861342716962099 0.11690366268157959 
vn -0.3634965419769287 0.025801656767725945 0.10896902531385422 
vn -0.3629113435745239 0.027230696752667427 0.11056023836135864 
vn -0.3629113435745239 0.027230696752667427 0.11056023836135864 
vn 0.03365458548069 0.2991504967212677 0.23247811198234558 
vn 0.01865261048078537 0.34585580229759216 0.1571800410747528 
vn 0.03647781163454056 0.29676106572151184 0.2350999116897583 
vn 0.021502263844013214 0.3435962498188019 0.16170652210712433 
vn 0.004305269103497267 0.37182119488716125 0.08000112324953079 
vn 0.005743357818573713 0.3710883855819702 0.08324751257896423 
vn -0.00861628632992506 0.3802489638328552 0.0024928604252636433 
vn -0.008615957573056221 0.3802344501018524 0.004154714290052652 
vn -0.02869626320898533 0.3664512038230896 -0.09777402132749557 
vn -0.02797778695821762 0.3669317066669464 -0.09616701304912567 
vn -0.03584511950612068 0.34654003381729126 -0.15262652933597565 
vn -0.03584511950612068 0.34654003381729126 -0.15262652933597565 
vn 0.049062419682741165 0.23059086501598358 0.29848024249076843 
vn 0.04767679050564766 0.22820815443992615 0.30052900314331055 
vn 0.05746186152100563 0.15833979845046997 0.3410225212574005 
vn 0.056848250329494476 0.1601414680480957 0.34028327465057373 
vn 0.06162631884217262 0.12867559492588043 0.3525826334953308 
vn 0.06162631884217262 0.12867559492588043 0.3525826334953308 
vn -0.06545360386371613 -0.07154824584722519 -0.36778581142425537 
vn -0.06262856721878052 -0.11421899497509003 -0.3573533296585083 
vn -0.06268136203289032 -0.11240416020154953 -0.3579190969467163 
vn -0.05593075975775719 -0.1805102527141571 -0.33008715510368347 
vn -0.053897541016340256 -0.18263013660907745 -0.3292582929134369 
vn -0.04366683214902878 -0.26329052448272705 -0.2710000276565552 
vn -0.041491493582725525 -0.2683942914009094 -0.26629436016082764 
vn -0.024413125589489937 -0.33676108717918396 -0.17511621117591858 
vn -0.02152547426521778 -0.3384784460067749 -0.17215895652770996 
vn -0.0064607770182192326 -0.3687664866447449 -0.09294754266738892 
vn -0.007893833331763744 -0.3695369362831116 -0.0897209644317627 
vn 0.005025102756917477 -0.37975430488586426 -0.020763659849762917 
vn 0.005025102756917477 -0.37975430488586426 -0.020763659849762917 
vn 0.01794787123799324 -0.3767721652984619 0.04889095947146416 
vn 0.01794787123799324 -0.3767721652984619 0.04889095947146416 
vn 0.025819532573223114 -0.36832183599472046 0.09133513271808624 
vn 0.025819532573223114 -0.36832183599472046 0.09133513271808624 
vn -0.06545360386371613 -0.07154824584722519 -0.36778581142425537 
vn 0.3746465742588043 -0.0515570305287838 -0.04063928872346878 
vn 0.3746465742588043 -0.0515570305287838 -0.04063928872346878 
vn 0.37513601779937744 -0.03726321831345558 -0.05053861811757088 
vn 0.37515681982040405 -0.042992666363716125 -0.04559287056326866 
vn 0.3754320442676544 -0.028683152049779892 -0.05383101478219032 
vn 0.37519127130508423 -0.02869972214102745 -0.055475685745477676 
vn 0.3760569989681244 -0.022968649864196777 -0.052185315638780594 
vn 0.3760569989681244 -0.022968649864196777 -0.052185315638780594 
vn 0.37636351585388184 -0.017231162637472153 -0.052185315638780594 
vn 0.3762211799621582 -0.020100491121411324 -0.052185315638780594 
vn 0.376582533121109 -0.011489668861031532 -0.052185315638780594 
vn 0.3764839768409729 -0.01436083298176527 -0.052185315638780594 
vn 0.37648236751556396 -0.0057419706135988235 -0.05383101478219032 
vn 0.37642762064933777 -0.008612538687884808 -0.05383101478219032 
vn 0.3757772147655487 -0.0028724134899675846 -0.05876181647181511 
vn 0.37603041529655457 -0.002870856085792184 -0.05711929872632027 
vn 0.37552785873413086 0 -0.06040322035551071 
vn 0.37552785873413086 0 -0.06040322035551071 
vn -0.37515681982040405 0.042992666363716125 0.04559287056326866 
vn -0.3754320442676544 0.028683152049779892 0.05383101478219032 
vn -0.37519392371177673 0.028664961457252502 0.055475685745477676 
vn -0.3759686052799225 0.024372704327106476 0.052185315638780594 
vn -0.3759686052799225 0.024372704327106476 0.052185315638780594 
vn -0.3762962222099304 0.01864335685968399 0.052185315638780594 
vn -0.3764272928237915 0.015776976943016052 0.052185315638780594 
vn -0.3765365183353424 0.01290968433022499 0.052185315638780594 
vn -0.3765365183353424 0.01290968433022499 0.052185315638780594 
vn -0.37642762064933777 0.008612538687884808 0.05383101478219032 
vn -0.37648236751556396 0.0057419706135988235 0.05383101478219032 
vn -0.3760167062282562 0.004306232091039419 0.05711929872632027 
vn -0.3760386109352112 0.0014354385202750564 0.05711929872632027 
vn -0.37578821182250977 -7.772168325592688e-14 0.05876181647181511 
vn -0.37578821182250977 -7.772168325592688e-14 0.05876181647181511 
vn -0.375275194644928 0.03583443537354469 0.05053861811757088 
vn -0.3746550679206848 0.051495157182216644 0.04063928872346878 
vn -0.3746550679206848 0.051495157182216644 0.04063928872346878 
vn 0.042901817709207535 0.3277028501033783 0.18825513124465942 
vn 0.02508724294602871 0.36402034759521484 0.10737574100494385 
vn 0.04435398802161217 0.32499048113822937 0.19257107377052307 
vn 0.025797797366976738 0.3625282347202301 0.11214933544397354 
vn 0.007176849525421858 0.37917545437812805 0.029055247083306313 
vn 0.009334161877632141 0.3788599967956543 0.03236822038888931 
vn -0.010771325789391994 0.377045601606369 -0.04889095947146416 
vn -0.010046835988759995 0.377275675535202 -0.04724236577749252 
vn -0.03084620088338852 0.3502844274044037 -0.14497947692871094 
vn -0.03225114941596985 0.3507906496524811 -0.14344164729118347 
vn -0.04295438528060913 0.3226037323474884 -0.19685392081737518 
vn -0.04295438528060913 0.3226037323474884 -0.19685392081737518 
vn 0.05900689586997032 0.268645703792572 0.26271161437034607 
vn 0.05829394981265068 0.2664409577846527 0.2651051878929138 
vn 0.07344745844602585 0.18340444564819336 0.3250200152397156 
vn 0.07282364368438721 0.18517786264419556 0.3241536617279053 
vn 0.07613452523946762 0.1366443634033203 0.3467009961605072 
vn 0.07613452523946762 0.1366443634033203 0.3467009961605072 
vn -0.07944535464048386 -0.12035457044839859 -0.3519558906555176 
vn -0.07581465691328049 -0.1619240939617157 -0.33571186661720276 
vn -0.07591801881790161 -0.1602521389722824 -0.33648985624313354 
vn -0.06655815243721008 -0.22343242168426514 -0.30052900314331055 
vn -0.0659799873828888 -0.2263314127922058 -0.29848024249076843 
vn -0.051506321877241135 -0.29762667417526245 -0.23116055130958557 
vn -0.05078354477882385 -0.30180153250694275 -0.22584639489650726 
vn -0.028676336631178856 -0.35704970359802246 -0.1279175728559494 
vn -0.029414404183626175 -0.3586411476135254 -0.12321139127016068 
vn -0.009337039664387703 -0.3780621588230133 -0.04063928872346878 
vn -0.008616282604634762 -0.37842005491256714 -0.037332966923713684 
vn 0.004304791335016489 -0.3790883421897888 0.030712027102708817 
vn 0.004304791335016489 -0.3790883421897888 0.030712027102708817 
vn 0.02078901417553425 -0.3669847249984741 0.09777402132749557 
vn 0.02007426880300045 -0.3665931522846222 0.09937915205955505 
vn 0.03082387149333954 -0.3527759909629822 0.1388118416070938 
vn 0.03082387149333954 -0.3527759909629822 0.1388118416070938 
vn -0.07944535464048386 -0.12035457044839859 -0.3519558906555176 
vn 0.3730502724647522 -0.05719604343175888 -0.04724236577749252 
vn 0.3730502724647522 -0.05719604343175888 -0.04724236577749252 
vn 0.3729812800884247 -0.045844580978155136 -0.05876181647181511 
vn 0.3729850947856903 -0.05151762813329697 -0.05383101478219032 
vn 0.3731268346309662 -0.037291135638952255 -0.06368252635002136 
vn 0.3731268346309662 -0.037291135638952255 -0.06368252635002136 
vn 0.3739314079284668 -0.03155360743403435 -0.06204346567392349 
vn 0.3739314079284668 -0.03155360743403435 -0.06204346567392349 
vn 0.3743705749511719 -0.025826673954725266 -0.06204346567392349 
vn 0.374161958694458 -0.02869097888469696 -0.06204346567392349 
vn 0.37444639205932617 -0.020103445276618004 -0.06368252635002136 
vn 0.3742813766002655 -0.022971993312239647 -0.06368252635002136 
vn 0.3741394281387329 -0.014358614571392536 -0.06695696711540222 
vn 0.37430793046951294 -0.017220763489603996 -0.06532037258148193 
vn 0.3733283281326294 -0.011488035321235657 -0.0718589797616005 
vn 0.3736390173435211 -0.011483531445264816 -0.07022630423307419 
vn 0.3730104863643646 -0.011492330580949783 -0.07349026948213577 
vn 0.3730104863643646 -0.011492330580949783 -0.07349026948213577 
vn -0.3729850947856903 0.05151762813329697 0.05383101478219032 
vn -0.3732711374759674 0.035817790776491165 0.06368252635002136 
vn -0.3729861080646515 0.038673389703035355 0.06368252635002136 
vn -0.3738079369068146 0.03298423811793327 0.06204346567392349 
vn -0.3738079369068146 0.03298423811793327 0.06204346567392349 
vn -0.3742690086364746 0.02725902386009693 0.06204346567392349 
vn -0.3744666576385498 0.024393940344452858 0.06204346567392349 
vn -0.3743681311607361 0.02151167206466198 0.06368252635002136 
vn -0.3743681311607361 0.02151167206466198 0.06368252635002136 
vn -0.37430793046951294 0.017220763489603996 0.06532037258148193 
vn -0.3740816116333008 0.015793662518262863 0.06695696711540222 
vn -0.3736390173435211 0.011483531445264816 0.07022630423307419 
vn -0.3732813894748688 0.012923497706651688 0.0718589797616005 
vn -0.37305229902267456 0.0100438566878438 0.07349026948213577 
vn -0.37305229902267456 0.0100438566878438 0.07349026948213577 
vn -0.3729812800884247 0.045844580978155136 0.05876181647181511 
vn -0.3730502724647522 0.05719604343175888 0.04724236577749252 
vn -0.3730502724647522 0.05719604343175888 0.04724236577749252 
vn 0.07955396175384521 0.31907349824905396 0.19113607704639435 
vn 0.04223233461380005 0.36978834867477417 0.07837563008069992 
vn 0.07878643274307251 0.31665363907814026 0.19543004035949707 
vn 0.04583140090107918 0.36829209327697754 0.08324751257896423 
vn -3.8961106611995824e-14 0.37675777077674866 -0.052185315638780594 
vn 0.0014354283921420574 0.37740668654441833 -0.04724236577749252 
vn -0.04153934493660927 0.3366088271141052 -0.17215895652770996 
vn -0.03941537067294121 0.338365763425827 -0.16918855905532837 
vn -0.07102899253368378 0.2761777937412262 -0.2516951262950897 
vn -0.06968673318624496 0.27765071392059326 -0.25044673681259155 
vn -0.07917942106723785 0.2511250078678131 -0.2744750678539276 
vn -0.07917942106723785 0.2511250078678131 -0.2744750678539276 
vn 0.10082648694515228 0.25091636180877686 0.26747846603393555 
vn 0.09938225150108337 0.2502320110797882 0.2686574459075928 
vn 0.11015617847442627 0.19175104796886444 0.3094622492790222 
vn 0.11207088083028793 0.19220271706581116 0.308493047952652 
vn 0.11405109614133835 0.16988423466682434 0.3206265866756439 
vn 0.11405109614133835 0.16988423466682434 0.3206265866756439 
vn -0.11421913653612137 -0.15769773721694946 -0.3267340362071991 
vn -0.11350671201944351 -0.17359653115272522 -0.318826287984848 
vn -0.11350671201944351 -0.17359653115272522 -0.318826287984848 
vn -0.10862801969051361 -0.20923484861850739 -0.29848024249076843 
vn -0.10862801969051361 -0.20923484861850739 -0.29848024249076843 
vn -0.08919009566307068 -0.2875217795372009 -0.23247811198234558 
vn -0.08985171467065811 -0.2904798984527588 -0.22851219773292542 
vn -0.05296224728226662 -0.3610196113586426 -0.10737574100494385 
vn -0.05083126574754715 -0.3627154529094696 -0.10258368402719498 
vn -0.007898363284766674 -0.3788926303386688 0.03236822038888931 
vn -0.0057444642297923565 -0.37847453355789185 0.037332966923713684 
vn 0.03154539689421654 -0.3495827615261078 0.14651454985141754 
vn 0.0329391174018383 -0.3481546640396118 0.14957624673843384 
vn 0.06478668749332428 -0.2939835488796234 0.23247811198234558 
vn 0.06335937976837158 -0.2932524085044861 0.23379123210906982 
vn 0.07972994446754456 -0.25095078349113464 0.2744750678539276 
vn 0.07972994446754456 -0.25095078349113464 0.2744750678539276 
vn -0.11421913653612137 -0.15769773721694946 -0.3267340362071991 
vn 0.3652445673942566 -0.03728146478533745 -0.09937915205955505 
vn 0.3652445673942566 -0.03728146478533745 -0.09937915205955505 
vn 0.36595794558525085 -0.03442009165883064 -0.09777402132749557 
vn 0.36595794558525085 -0.03442009165883064 -0.09777402132749557 
vn 0.3666412830352783 -0.03155636787414551 -0.09616701304912567 
vn 0.3666412830352783 -0.03155636787414551 -0.09616701304912567 
vn 0.36687639355659485 -0.028693728148937225 -0.09616701304912567 
vn 0.36687639355659485 -0.028693728148937225 -0.09616701304912567 
vn 0.367089182138443 -0.025829337537288666 -0.09616701304912567 
vn 0.367089182138443 -0.025829337537288666 -0.09616701304912567 
vn 0.36642327904701233 -0.02296704612672329 -0.09937915205955505 
vn 0.36642327904701233 -0.02296704612672329 -0.09937915205955505 
vn 0.3661533296108246 -0.020100286230444908 -0.10098238289356232 
vn 0.3661533296108246 -0.020100286230444908 -0.10098238289356232 
vn 0.36479607224464417 -0.020101120695471764 -0.10578040033578873 
vn 0.36479607224464417 -0.020101120695471764 -0.10578040033578873 
vn 0.3640035390853882 -0.01723068207502365 -0.10896902531385422 
vn 0.3640035390853882 -0.01723068207502365 -0.10896902531385422 
vn -0.36582502722740173 0.03580539673566818 0.09777402132749557 
vn -0.3665153384208679 0.03298697620630264 0.09616701304912567 
vn -0.3665153384208679 0.03298697620630264 0.09616701304912567 
vn -0.3667616546154022 0.030125277116894722 0.09616701304912567 
vn -0.3667616546154022 0.030125277116894722 0.09616701304912567 
vn -0.36698558926582336 0.02726173959672451 0.09616701304912567 
vn -0.36698558926582336 0.02726173959672451 0.09616701304912567 
vn -0.3664250671863556 0.022938517853617668 0.09937915205955505 
vn -0.3664250671863556 0.022938517853617668 0.09937915205955505 
vn -0.366073340177536 0.021507635712623596 0.10098238289356232 
vn -0.366073340177536 0.021507635712623596 0.10098238289356232 
vn -0.3647974729537964 0.020076019689440727 0.10578040033578873 
vn -0.3647974729537964 0.020076019689440727 0.10578040033578873 
vn -0.36400455236434937 0.01720910519361496 0.10896902531385422 
vn -0.36400455236434937 0.01720910519361496 0.10896902531385422 
vn -0.36582502722740173 0.03580539673566818 0.09777402132749557 
vn -0.36524927616119385 0.03723525255918503 0.09937915205955505 
vn -0.36524927616119385 0.03723525255918503 0.09937915205955505 
vn -0.0870002880692482 0.28819194436073303 0.23247811198234558 
vn -0.04937605932354927 0.3553408086299896 0.1263512521982193 
vn -0.08692219108343124 0.28608089685440063 0.2350999116897583 
vn -0.051509179174900055 0.3527510464191437 0.132601797580719 
vn -0.005744573660194874 0.38031044602394104 -0.0008309587719850242 
vn -0.0057442449033260345 0.38028866052627563 0.004154714290052652 
vn 0.03799501433968544 0.3578338325023651 -0.12321139127016068 
vn 0.03658166527748108 0.35904955863952637 -0.12006210535764694 
vn 0.06984066963195801 0.30968233942985535 -0.2094966471195221 
vn 0.06984066963195801 0.30968233942985535 -0.2094966471195221 
vn 0.07942768931388855 0.28718301653862 -0.23640407621860504 
vn 0.07942768931388855 0.28718301653862 -0.23640407621860504 
vn -0.1076204851269722 0.21121707558631897 0.2974473237991333 
vn -0.10824023932218552 0.20943571627140045 0.29848024249076843 
vn -0.11846308410167694 0.1472368836402893 0.33008715510368347 
vn -0.11846308410167694 0.1472368836402893 0.33008715510368347 
vn -0.12098510563373566 0.12351860105991364 0.338785320520401 
vn -0.12098510563373566 0.12351860105991364 0.338785320520401 
vn 0.12340619415044785 -0.1102137416601181 -0.34248149394989014 
vn 0.12229598313570023 -0.1263650506734848 -0.33726146817207336 
vn 0.12151193618774414 -0.12507033348083496 -0.33802661299705505 
vn 0.11545760184526443 -0.1655171513557434 -0.3224024474620819 
vn 0.11545760184526443 -0.1655171513557434 -0.3224024474620819 
vn 0.09898531436920166 -0.2516483664512634 -0.26747846603393555 
vn 0.09629890322685242 -0.2564122974872589 -0.2639109194278717 
vn 0.05928090587258339 -0.34262824058532715 -0.15414731204509735 
vn 0.059311576187610626 -0.3446430265903473 -0.14957624673843384 
vn 0.012202076613903046 -0.3795914947986603 -0.020763659849762917 
vn 0.011479942128062248 -0.37991905212402344 -0.01412306260317564 
vn -0.029375696554780006 -0.3663973808288574 0.09777402132749557 
vn -0.028662636876106262 -0.3660218119621277 0.09937915205955505 
vn -0.06271806359291077 -0.32449373602867126 0.18825513124465942 
vn -0.06414023786783218 -0.32337385416030884 0.18969741463661194 
vn -0.07999967783689499 -0.2870241701602936 0.23640407621860504 
vn -0.07999967783689499 -0.2870241701602936 0.23640407621860504 
vn 0.12340619415044785 -0.1102137416601181 -0.34248149394989014 
vn -0.3627983629703522 -0.028696926310658455 -0.11056023836135864 
vn -0.3627983629703522 -0.028696926310658455 -0.11056023836135864 
vn -0.36349427700042725 -0.0258339773863554 -0.10896902531385422 
vn -0.36349427700042725 -0.0258339773863554 -0.10896902531385422 
vn -0.3646267354488373 -0.022969156503677368 -0.10578040033578873 
vn -0.3646267354488373 -0.022969156503677368 -0.10578040033578873 
vn -0.36479607224464417 -0.020101120695471764 -0.10578040033578873 
vn -0.36479607224464417 -0.020101120695471764 -0.10578040033578873 
vn -0.36494287848472595 -0.017231840640306473 -0.10578040033578873 
vn -0.36494287848472595 -0.017231840640306473 -0.10578040033578873 
vn -0.3646010458469391 -0.014361155219376087 -0.10737574100494385 
vn -0.3646010458469391 -0.014361155219376087 -0.10737574100494385 
vn -0.363750159740448 -0.01148879062384367 -0.11056023836135864 
vn -0.363750159740448 -0.01148879062384367 -0.11056023836135864 
vn -0.3628492057323456 -0.008615657687187195 -0.11373630166053772 
vn -0.3628492057323456 -0.008615657687187195 -0.11373630166053772 
vn -0.36184123158454895 -0.00861342716962099 -0.11690366268157959 
vn -0.36184123158454895 -0.00861342716962099 -0.11690366268157959 
vn 0.3634965419769287 0.025801656767725945 0.10896902531385422 
vn 0.36462852358818054 0.022940482944250107 0.10578040033578873 
vn 0.36462852358818054 0.022940482944250107 0.10578040033578873 
vn 0.3647974729537964 0.020076019689440727 0.10578040033578873 
vn 0.3647974729537964 0.020076019689440727 0.10578040033578873 
vn 0.36494389176368713 0.01721031777560711 0.10578040033578873 
vn 0.36494389176368713 0.01721031777560711 0.10578040033578873 
vn 0.36454254388809204 0.015776656568050385 0.10737574100494385 
vn 0.36454254388809204 0.015776656568050385 0.10737574100494385 
vn 0.36370253562927246 0.012908109463751316 0.11056023836135864 
vn 0.36370253562927246 0.012908109463751316 0.11056023836135864 
vn 0.3628492057323456 0.008615657687187195 0.11373630166053772 
vn 0.3628492057323456 0.008615657687187195 0.11373630166053772 
vn 0.36184123158454895 0.00861342716962099 0.11690366268157959 
vn 0.36184123158454895 0.00861342716962099 0.11690366268157959 
vn 0.3634965419769287 0.025801656767725945 0.10896902531385422 
vn 0.3629113435745239 0.027230696752667427 0.11056023836135864 
vn 0.3629113435745239 0.027230696752667427 0.11056023836135864 
vn -0.03365458548069 0.2991504967212677 0.23247811198234558 
vn -0.01865261048078537 0.34585580229759216 0.1571800410747528 
vn -0.03647781163454056 0.29676106572151184 0.2350999116897583 
vn -0.021502263844013214 0.3435962498188019 0.16170652210712433 
vn -0.004305269103497267 0.37182119488716125 0.08000112324953079 
vn -0.005743357818573713 0.3710883855819702 0.08324751257896423 
vn 0.00861628632992506 0.3802489638328552 0.0024928604252636433 
vn 0.008615957573056221 0.3802344501018524 0.004154714290052652 
vn 0.02869626320898533 0.3664512038230896 -0.09777402132749557 
vn 0.02797778695821762 0.3669317066669464 -0.09616701304912567 
vn 0.03584511950612068 0.34654003381729126 -0.15262652933597565 
vn 0.03584511950612068 0.34654003381729126 -0.15262652933597565 
vn -0.049062419682741165 0.23059086501598358 0.29848024249076843 
vn -0.04767679050564766 0.22820815443992615 0.30052900314331055 
vn -0.05746186152100563 0.15833979845046997 0.3410225212574005 
vn -0.056848250329494476 0.1601414680480957 0.34028327465057373 
vn -0.06162631884217262 0.12867559492588043 0.3525826334953308 
vn -0.06162631884217262 0.12867559492588043 0.3525826334953308 
vn 0.06545360386371613 -0.07154824584722519 -0.36778581142425537 
vn 0.06262856721878052 -0.11421899497509003 -0.3573533296585083 
vn 0.06268136203289032 -0.11240416020154953 -0.3579190969467163 
vn 0.05593075975775719 -0.1805102527141571 -0.33008715510368347 
vn 0.053897541016340256 -0.18263013660907745 -0.3292582929134369 
vn 0.04366683214902878 -0.26329052448272705 -0.2710000276565552 
vn 0.041491493582725525 -0.2683942914009094 -0.26629436016082764 
vn 0.024413125589489937 -0.33676108717918396 -0.17511621117591858 
vn 0.02152547426521778 -0.3384784460067749 -0.17215895652770996 
vn 0.0064607770182192326 -0.3687664866447449 -0.09294754266738892 
vn 0.007893833331763744 -0.3695369362831116 -0.0897209644317627 
vn -0.005025102756917477 -0.37975430488586426 -0.020763659849762917 
vn -0.005025102756917477 -0.37975430488586426 -0.020763659849762917 
vn -0.01794787123799324 -0.3767721652984619 0.04889095947146416 
vn -0.01794787123799324 -0.3767721652984619 0.04889095947146416 
vn -0.025819532573223114 -0.36832183599472046 0.09133513271808624 
vn -0.025819532573223114 -0.36832183599472046 0.09133513271808624 
vn 0.06545360386371613 -0.07154824584722519 -0.36778581142425537 
vn -0.3746465742588043 -0.0515570305287838 -0.04063928872346878 
vn -0.3746465742588043 -0.0515570305287838 -0.04063928872346878 
vn -0.37513601779937744 -0.03726321831345558 -0.05053861811757088 
vn -0.37515681982040405 -0.042992666363716125 -0.04559287056326866 
vn -0.3754320442676544 -0.028683152049779892 -0.05383101478219032 
vn -0.37519127130508423 -0.02869972214102745 -0.055475685745477676 
vn -0.3760569989681244 -0.022968649864196777 -0.052185315638780594 
vn -0.3760569989681244 -0.022968649864196777 -0.052185315638780594 
vn -0.37636351585388184 -0.017231162637472153 -0.052185315638780594 
vn -0.3762211799621582 -0.020100491121411324 -0.052185315638780594 
vn -0.376582533121109 -0.011489668861031532 -0.052185315638780594 
vn -0.3764839768409729 -0.01436083298176527 -0.052185315638780594 
vn -0.37648236751556396 -0.0057419706135988235 -0.05383101478219032 
vn -0.37642762064933777 -0.008612538687884808 -0.05383101478219032 
vn -0.3757772147655487 -0.0028724134899675846 -0.05876181647181511 
vn -0.37603041529655457 -0.002870856085792184 -0.05711929872632027 
vn -0.37552785873413086 7.397280176256551e-18 -0.06040322035551071 
vn -0.37552785873413086 7.397280176256551e-18 -0.06040322035551071 
vn 0.37515681982040405 0.042992666363716125 0.04559287056326866 
vn 0.3754320442676544 0.028683152049779892 0.05383101478219032 
vn 0.37519392371177673 0.028664961457252502 0.055475685745477676 
vn 0.3759686052799225 0.024372704327106476 0.052185315638780594 
vn 0.3759686052799225 0.024372704327106476 0.052185315638780594 
vn 0.3762962222099304 0.01864335685968399 0.052185315638780594 
vn 0.3764272928237915 0.015776976943016052 0.052185315638780594 
vn 0.3765365183353424 0.01290968433022499 0.052185315638780594 
vn 0.3765365183353424 0.01290968433022499 0.052185315638780594 
vn 0.37642762064933777 0.008612538687884808 0.05383101478219032 
vn 0.37648236751556396 0.0057419706135988235 0.05383101478219032 
vn 0.3760167062282562 0.004306232091039419 0.05711929872632027 
vn 0.3760386109352112 0.0014354385202750564 0.05711929872632027 
vn 0.37578821182250977 -7.772887964784675e-14 0.05876181647181511 
vn 0.37578821182250977 -7.772887964784675e-14 0.05876181647181511 
vn 0.375275194644928 0.03583443537354469 0.05053861811757088 
vn 0.3746550679206848 0.051495157182216644 0.04063928872346878 
vn 0.3746550679206848 0.051495157182216644 0.04063928872346878 
vn -0.042901817709207535 0.3277028501033783 0.18825513124465942 
vn -0.02508724294602871 0.36402034759521484 0.10737574100494385 
vn -0.04435398802161217 0.32499048113822937 0.19257107377052307 
vn -0.025797797366976738 0.3625282347202301 0.11214933544397354 
vn -0.007176849525421858 0.37917545437812805 0.029055247083306313 
vn -0.009334161877632141 0.3788599967956543 0.03236822038888931 
vn 0.010771325789391994 0.377045601606369 -0.04889095947146416 
vn 0.010046835988759995 0.377275675535202 -0.04724236577749252 
vn 0.03084620088338852 0.3502844274044037 -0.14497947692871094 
vn 0.03225114941596985 0.3507906496524811 -0.14344164729118347 
vn 0.04295438528060913 0.3226037323474884 -0.19685392081737518 
vn 0.04295438528060913 0.3226037323474884 -0.19685392081737518 
vn -0.05900689586997032 0.268645703792572 0.26271161437034607 
vn -0.05829394981265068 0.2664409577846527 0.2651051878929138 
vn -0.07344745844602585 0.18340444564819336 0.3250200152397156 
vn -0.07282364368438721 0.18517786264419556 0.3241536617279053 
vn -0.07613452523946762 0.1366443634033203 0.3467009961605072 
vn -0.07613452523946762 0.1366443634033203 0.3467009961605072 
vn 0.07944535464048386 -0.12035457044839859 -0.3519558906555176 
vn 0.07581465691328049 -0.1619240939617157 -0.33571186661720276 
vn 0.07591801881790161 -0.1602521389722824 -0.33648985624313354 
vn 0.06655815243721008 -0.22343242168426514 -0.30052900314331055 
vn 0.0659799873828888 -0.2263314127922058 -0.29848024249076843 
vn 0.051506321877241135 -0.29762667417526245 -0.23116055130958557 
vn 0.05078354477882385 -0.30180153250694275 -0.22584639489650726 
vn 0.028676336631178856 -0.35704970359802246 -0.1279175728559494 
vn 0.029414404183626175 -0.3586411476135254 -0.12321139127016068 
vn 0.009337039664387703 -0.3780621588230133 -0.04063928872346878 
vn 0.008616282604634762 -0.37842005491256714 -0.037332966923713684 
vn -0.004304791335016489 -0.3790883421897888 0.030712027102708817 
vn -0.004304791335016489 -0.3790883421897888 0.030712027102708817 
vn -0.02078901417553425 -0.3669847249984741 0.09777402132749557 
vn -0.02007426880300045 -0.3665931522846222 0.09937915205955505 
vn -0.03082387149333954 -0.3527759909629822 0.1388118416070938 
vn -0.03082387149333954 -0.3527759909629822 0.1388118416070938 
vn 0.07944535464048386 -0.12035457044839859 -0.3519558906555176 
vn -0.3730502724647522 -0.05719604343175888 -0.04724236577749252 
vn -0.3730502724647522 -0.05719604343175888 -0.04724236577749252 
vn -0.3729812800884247 -0.045844580978155136 -0.05876181647181511 
vn -0.3729850947856903 -0.05151762813329697 -0.05383101478219032 
vn -0.3731268346309662 -0.037291135638952255 -0.06368252635002136 
vn -0.3731268346309662 -0.037291135638952255 -0.06368252635002136 
vn -0.3739314079284668 -0.03155360743403435 -0.06204346567392349 
vn -0.3739314079284668 -0.03155360743403435 -0.06204346567392349 
vn -0.3743705749511719 -0.025826673954725266 -0.06204346567392349 
vn -0.374161958694458 -0.02869097888469696 -0.06204346567392349 
vn -0.37444639205932617 -0.020103445276618004 -0.06368252635002136 
vn -0.3742813766002655 -0.022971993312239647 -0.06368252635002136 
vn -0.3741394281387329 -0.014358614571392536 -0.06695696711540222 
vn -0.37430793046951294 -0.017220763489603996 -0.06532037258148193 
vn -0.3733283281326294 -0.011488035321235657 -0.0718589797616005 
vn -0.3736390173435211 -0.011483531445264816 -0.07022630423307419 
vn -0.3730104863643646 -0.011492330580949783 -0.07349026948213577 
vn -0.3730104863643646 -0.011492330580949783 -0.07349026948213577 
vn 0.3729850947856903 0.05151762813329697 0.05383101478219032 
vn 0.3732711374759674 0.035817790776491165 0.06368252635002136 
vn 0.3729861080646515 0.038673389703035355 0.06368252635002136 
vn 0.3738079369068146 0.03298423811793327 0.06204346567392349 
vn 0.3738079369068146 0.03298423811793327 0.06204346567392349 
vn 0.3742690086364746 0.02725902386009693 0.06204346567392349 
vn 0.3744666576385498 0.024393940344452858 0.06204346567392349 
vn 0.3743681311607361 0.02151167206466198 0.06368252635002136 
vn 0.3743681311607361 0.02151167206466198 0.06368252635002136 
vn 0.37430793046951294 0.017220763489603996 0.06532037258148193 
vn 0.3740816116333008 0.015793662518262863 0.06695696711540222 
vn 0.3736390173435211 0.011483531445264816 0.07022630423307419 
vn 0.3732813894748688 0.012923497706651688 0.0718589797616005 
vn 0.37305229902267456 0.0100438566878438 0.07349026948213577 
vn 0.37305229902267456 0.0100438566878438 0.07349026948213577 
vn 0.3729812800884247 0.045844580978155136 0.05876181647181511 
vn 0.3730502724647522 0.05719604343175888 0.04724236577749252 
vn 0.3730502724647522 0.05719604343175888 0.04724236577749252 
vn -0.07955396175384521 0.31907349824905396 0.19113607704639435 
vn -0.04223233461380005 0.36978834867477417 0.07837563008069992 
vn -0.07878643274307251 0.31665363907814026 0.19543004035949707 
vn -0.04583140090107918 0.36829209327697754 0.08324751257896423 
vn 3.8961106611995824e-14 0.37675777077674866 -0.052185315638780594 
vn -0.0014354283921420574 0.37740668654441833 -0.04724236577749252 
vn 0.04153934493660927 0.3366088271141052 -0.17215895652770996 
vn 0.03941537067294121 0.338365763425827 -0.16918855905532837 
vn 0.07102899253368378 0.2761777937412262 -0.2516951262950897 
vn 0.06968673318624496 0.27765071392059326 -0.25044673681259155 
vn 0.07917942106723785 0.2511250078678131 -0.2744750678539276 
vn 0.07917942106723785 0.2511250078678131 -0.2744750678539276 
vn -0.10082648694515228 0.25091636180877686 0.26747846603393555 
vn -0.09938225150108337 0.2502320110797882 0.2686574459075928 
vn -0.11015617847442627 0.19175104796886444 0.3094622492790222 
vn -0.11207088083028793 0.19220271706581116 0.308493047952652 
vn -0.11405109614133835 0.16988423466682434 0.3206265866756439 
vn -0.11405109614133835 0.16988423466682434 0.3206265866756439 
vn 0.11421913653612137 -0.15769773721694946 -0.3267340362071991 
vn 0.11350671201944351 -0.17359653115272522 -0.318826287984848 
vn 0.11350671201944351 -0.17359653115272522 -0.318826287984848 
vn 0.10862801969051361 -0.20923484861850739 -0.29848024249076843 
vn 0.10862801969051361 -0.20923484861850739 -0.29848024249076843 
vn 0.08919009566307068 -0.2875217795372009 -0.23247811198234558 
vn 0.08985171467065811 -0.2904798984527588 -0.22851219773292542 
vn 0.05296224728226662 -0.3610196113586426 -0.10737574100494385 
vn 0.05083126574754715 -0.3627154529094696 -0.10258368402719498 
vn 0.007898363284766674 -0.3788926303386688 0.03236822038888931 
vn 0.0057444642297923565 -0.37847453355789185 0.037332966923713684 
vn -0.03154539689421654 -0.3495827615261078 0.14651454985141754 
vn -0.0329391174018383 -0.3481546640396118 0.14957624673843384 
vn -0.06478668749332428 -0.2939835488796234 0.23247811198234558 
vn -0.06335937976837158 -0.2932524085044861 0.23379123210906982 
vn -0.07972994446754456 -0.25095078349113464 0.2744750678539276 
vn -0.07972994446754456 -0.25095078349113464 0.2744750678539276 
vn 0.11421913653612137 -0.15769773721694946 -0.3267340362071991 
vn -0.3652445673942566 -0.03728146478533745 -0.09937915205955505 
vn -0.3652445673942566 -0.03728146478533745 -0.09937915205955505 
vn -0.36595794558525085 -0.03442009165883064 -0.09777402132749557 
vn -0.36595794558525085 -0.03442009165883064 -0.09777402132749557 
vn -0.3666412830352783 -0.03155636787414551 -0.09616701304912567 
vn -0.3666412830352783 -0.03155636787414551 -0.09616701304912567 
vn -0.36687639355659485 -0.028693728148937225 -0.09616701304912567 
vn -0.36687639355659485 -0.028693728148937225 -0.09616701304912567 
vn -0.367089182138443 -0.025829337537288666 -0.09616701304912567 
vn -0.367089182138443 -0.025829337537288666 -0.09616701304912567 
vn -0.36642327904701233 -0.02296704612672329 -0.09937915205955505 
vn -0.36642327904701233 -0.02296704612672329 -0.09937915205955505 
vn -0.3661533296108246 -0.020100286230444908 -0.10098238289356232 
vn -0.3661533296108246 -0.020100286230444908 -0.10098238289356232 
vn -0.36479607224464417 -0.020101120695471764 -0.10578040033578873 
vn -0.36479607224464417 -0.020101120695471764 -0.10578040033578873 
vn -0.3640035390853882 -0.01723068207502365 -0.10896902531385422 
vn -0.3640035390853882 -0.01723068207502365 -0.10896902531385422 
vn 0.36582502722740173 0.03580539673566818 0.09777402132749557 
vn 0.3665153384208679 0.03298697620630264 0.09616701304912567 
vn 0.3665153384208679 0.03298697620630264 0.09616701304912567 
vn 0.3667616546154022 0.030125277116894722 0.09616701304912567 
vn 0.3667616546154022 0.030125277116894722 0.09616701304912567 
vn 0.36698558926582336 0.02726173959672451 0.09616701304912567 
vn 0.36698558926582336 0.02726173959672451 0.09616701304912567 
vn 0.3664250671863556 0.022938517853617668 0.09937915205955505 
vn 0.3664250671863556 0.022938517853617668 0.09937915205955505 
vn 0.366073340177536 0.021507635712623596 0.10098238289356232 
vn 0.366073340177536 0.021507635712623596 0.10098238289356232 
vn 0.3647974729537964 0.020076019689440727 0.10578040033578873 
vn 0.3647974729537964 0.020076019689440727 0.10578040033578873 
vn 0.36400455236434937 0.01720910519361496 0.10896902531385422 
vn 0.36400455236434937 0.01720910519361496 0.10896902531385422 
vn 0.36582502722740173 0.03580539673566818 0.09777402132749557 
vn 0.36524927616119385 0.03723525255918503 0.09937915205955505 
vn 0.36524927616119385 0.03723525255918503 0.09937915205955505 
s on 
f 1//1 2//2 3//3 
f 2//2 4//4 3//3 
f 3//3 4//4 4//4 
f 4//4 5//5 4//4 
f 4//4 5//5 5//5 
f 5//5 6//6 5//5 
f 5//5 6//6 7//7 
f 6//6 8//8 7//7 
f 7//7 8//8 8//8 
f 8//8 9//9 8//8 
f 8//8 9//9 9//9 
f 9//9 10//10 9//9 
f 9//9 10//10 11//11 
f 10//10 12//12 11//11 
f 11//11 12//12 12//12 
f 12//12 13//13 12//12 
f 12//12 13//13 13//13 
f 13//13 14//14 13//13 
f 13//13 14//14 15//15 
f 14//14 16//16 15//15 
f 15//15 16//16 16//16 
f 16//16 17//17 16//16 
f 16//16 17//17 17//17 
f 17//17 18//18 17//17 
f 17//17 18//18 19//19 
f 18//18 20//20 19//19 
f 19//19 20//20 20//20 
f 20//20 21//21 20//20 
f 20//20 21//21 21//21 
f 21//21 22//22 21//21 
f 21//21 22//22 23//23 
f 22//22 24//24 23//23 
f 23//23 24//24 23//23 
f 24//24 25//25 23//23 
f 23//23 25//25 26//26 
f 25//25 27//27 26//26 
f 26//26 27//27 28//28 
f 27//27 28//28 28//28 
f 28//28 28//28 29//29 
f 28//28 29//29 29//29 
f 29//29 29//29 30//30 
f 29//29 31//31 30//30 
f 30//30 31//31 32//32 
f 31//31 32//32 32//32 
f 32//32 32//32 33//33 
f 32//32 33//33 33//33 
f 33//33 33//33 34//34 
f 33//33 35//35 34//34 
f 34//34 35//35 34//34 
f 35//35 36//36 34//34 
f 34//34 36//36 34//34 
f 36//36 37//37 34//34 
f 34//34 37//37 38//38 
f 37//37 39//39 38//38 
f 38//38 39//39 40//40 
f 39//39 40//40 40//40 
f 40//40 40//40 41//41 
f 40//40 41//41 41//41 
f 41//41 41//41 42//42 
f 41//41 43//43 42//42 
f 42//42 43//43 44//44 
f 43//43 45//45 44//44 
f 44//44 45//45 46//46 
f 45//45 47//47 46//46 
f 46//46 47//47 48//48 
f 47//47 49//49 48//48 
f 48//48 49//49 50//50 
f 49//49 51//51 50//50 
f 50//50 51//51 50//50 
f 51//51 52//52 50//50 
f 50//50 52//52 41//41 
f 52//52 43//43 41//41 
f 41//41 43//43 43//43 
f 43//43 53//53 43//43 
f 43//43 53//53 53//53 
f 53//53 54//54 53//53 
f 53//53 54//54 55//55 
f 54//54 56//56 55//55 
f 55//55 56//56 56//56 
f 56//56 53//53 56//56 
f 56//56 53//53 53//53 
f 53//53 57//57 53//53 
f 53//53 57//57 54//54 
f 57//57 57//57 54//54 
f 54//54 57//57 58//58 
f 57//57 59//59 58//58 
f 58//58 59//59 60//60 
f 59//59 61//61 60//60 
f 60//60 61//61 62//62 
f 61//61 63//63 62//62 
f 62//62 63//63 64//64 
f 63//63 63//63 64//64 
f 64//64 63//63 56//56 
f 63//63 55//55 56//56 
f 56//56 55//55 55//55 
f 55//55 65//65 55//55 
f 55//55 65//65 65//65 
f 65//65 66//66 65//65 
f 65//65 66//66 67//67 
f 66//66 66//66 67//67 
f 67//67 66//66 68//68 
f 66//66 69//69 68//68 
f 68//68 69//69 70//70 
f 69//69 71//71 70//70 
f 70//70 71//71 71//71 
f 71//71 65//65 71//71 
f 71//71 65//65 65//65 
f 65//65 67//67 65//65 
f 65//65 67//67 72//72 
f 67//67 73//73 72//72 
f 72//72 73//73 74//74 
f 73//73 75//75 74//74 
f 74//74 75//75 74//74 
f 75//75 76//76 74//74 
f 74//74 76//76 77//77 
f 76//76 78//78 77//77 
f 77//77 78//78 79//79 
f 78//78 80//80 79//79 
f 79//79 80//80 81//81 
f 80//80 80//80 81//81 
f 81//81 80//80 82//82 
f 80//80 83//83 82//82 
f 82//82 83//83 83//83 
f 83//83 84//84 83//83 
f 83//83 84//84 84//84 
f 84//84 85//85 84//84 
f 84//84 85//85 86//86 
f 85//85 87//87 86//86 
f 86//86 87//87 88//88 
f 87//87 89//89 88//88 
f 88//88 89//89 90//90 
f 89//89 91//91 90//90 
f 90//90 91//91 92//92 
f 91//91 93//93 92//92 
f 92//92 93//93 94//94 
f 93//93 95//95 94//94 
f 94//94 95//95 96//96 
f 95//95 97//97 96//96 
f 96//96 97//97 98//98 
f 97//97 99//99 98//98 
f 98//98 99//99 100//100 
f 99//99 100//100 100//100 
f 100//100 100//100 85//85 
f 100//100 85//85 85//85 
f 85//85 85//85 101//101 
f 85//85 84//84 101//101 
f 101//101 84//84 101//101 
f 84//84 102//102 101//101 
f 101//101 102//102 103//103 
f 102//102 104//104 103//103 
f 103//103 104//104 105//105 
f 104//104 105//105 105//105 
f 105//105 105//105 106//106 
f 105//105 106//106 106//106 
f 106//106 106//106 107//107 
f 106//106 108//108 107//107 
f 107//107 108//108 109//109 
f 108//108 110//110 109//109 
f 109//109 110//110 109//109 
f 110//110 111//111 109//109 
f 109//109 111//111 112//112 
f 111//111 111//111 112//112 
f 112//112 111//111 113//113 
f 111//111 114//114 113//113 
f 113//113 114//114 113//113 
f 114//114 115//115 113//113 
f 113//113 115//115 116//116 
f 115//115 115//115 116//116 
f 116//116 115//115 117//117 
f 115//115 118//118 117//117 
f 117//117 118//118 119//119 
f 118//118 120//120 119//119 
f 119//119 120//120 119//119 
f 120//120 121//121 119//119 
f 119//119 121//121 122//122 
f 121//121 123//123 122//122 
f 122//122 123//123 124//124 
f 123//123 124//124 124//124 
f 124//124 124//124 108//108 
f 124//124 108//108 108//108 
f 108//108 108//108 125//125 
f 108//108 106//106 125//125 
f 125//125 106//106 126//126 
f 106//106 127//127 126//126 
f 126//126 127//127 127//127 
f 127//127 128//128 127//127 
f 127//127 128//128 128//128 
f 128//128 129//129 128//128 
f 128//128 129//129 130//130 
f 129//129 129//129 130//130 
f 130//130 129//129 131//131 
f 129//129 132//132 131//131 
f 131//131 132//132 133//133 
f 132//132 134//134 133//133 
f 133//133 134//134 135//135 
f 134//134 136//136 135//135 
f 135//135 136//136 137//137 
f 136//136 138//138 137//137 
f 137//137 138//138 139//139 
f 138//138 140//140 139//139 
f 139//139 140//140 141//141 
f 140//140 142//142 141//141 
f 141//141 142//142 143//143 
f 142//142 144//144 143//143 
f 143//143 144//144 145//145 
f 144//144 146//146 145//145 
f 145//145 146//146 147//147 
f 146//146 148//148 147//147 
f 147//147 148//148 149//149 
f 148//148 149//149 149//149 
f 149//149 149//149 70//70 
f 149//149 70//70 70//70 
f 70//70 70//70 150//150 
f 70//70 71//71 150//150 
f 150//150 71//71 150//150 
f 71//71 151//151 150//150 
f 150//150 151//151 152//152 
f 151//151 152//152 152//152 
f 152//152 152//152 153//153 
f 152//152 153//153 153//153 
f 153//153 153//153 154//154 
f 153//153 155//155 154//154 
f 154//154 155//155 156//156 
f 155//155 156//156 156//156 
f 156//156 156//156 157//157 
f 156//156 157//157 157//157 
f 157//157 157//157 157//157 
f 157//157 158//158 157//157 
f 157//157 158//158 159//159 
f 158//158 158//158 159//159 
f 159//159 158//158 160//160 
f 158//158 161//161 160//160 
f 160//160 161//161 162//162 
f 161//161 163//163 162//162 
f 162//162 163//163 163//163 
f 163//163 157//157 163//163 
f 163//163 157//157 157//157 
f 157//157 159//159 157//157 
f 157//157 159//159 164//164 
f 159//159 165//165 164//164 
f 164//164 165//165 166//166 
f 165//165 167//167 166//166 
f 166//166 167//167 166//166 
f 167//167 168//168 166//166 
f 166//166 168//168 169//169 
f 168//168 170//170 169//169 
f 169//169 170//170 171//171 
f 170//170 172//172 171//171 
f 171//171 172//172 173//173 
f 172//172 172//172 173//173 
f 173//173 172//172 174//174 
f 172//172 175//175 174//174 
f 174//174 175//175 175//175 
f 175//175 176//176 175//175 
f 175//175 176//176 176//176 
f 176//176 177//177 176//176 
f 176//176 177//177 178//178 
f 177//177 179//179 178//178 
f 178//178 179//179 180//180 
f 179//179 181//181 180//180 
f 180//180 181//181 182//182 
f 181//181 183//183 182//182 
f 182//182 183//183 184//184 
f 183//183 185//185 184//184 
f 184//184 185//185 186//186 
f 185//185 187//187 186//186 
f 186//186 187//187 188//188 
f 187//187 189//189 188//188 
f 188//188 189//189 190//190 
f 189//189 191//191 190//190 
f 190//190 191//191 192//192 
f 191//191 192//192 192//192 
f 192//192 192//192 177//177 
f 192//192 177//177 177//177 
f 177//177 177//177 193//193 
f 177//177 176//176 193//193 
f 193//193 176//176 193//193 
f 176//176 194//194 193//193 
f 193//193 194//194 195//195 
f 194//194 196//196 195//195 
f 195//195 196//196 197//197 
f 196//196 197//197 197//197 
f 197//197 197//197 198//198 
f 197//197 198//198 198//198 
f 198//198 198//198 199//199 
f 198//198 200//200 199//199 
f 199//199 200//200 201//201 
f 200//200 202//202 201//201 
f 201//201 202//202 201//201 
f 202//202 203//203 201//201 
f 201//201 203//203 204//204 
f 203//203 203//203 204//204 
f 204//204 203//203 205//205 
f 203//203 206//206 205//205 
f 205//205 206//206 205//205 
f 206//206 207//207 205//205 
f 205//205 207//207 208//208 
f 207//207 207//207 208//208 
f 208//208 207//207 209//209 
f 207//207 210//210 209//209 
f 209//209 210//210 211//211 
f 210//210 212//212 211//211 
f 211//211 212//212 211//211 
f 212//212 213//213 211//211 
f 211//211 213//213 214//214 
f 213//213 215//215 214//214 
f 214//214 215//215 216//216 
f 215//215 216//216 216//216 
f 216//216 216//216 200//200 
f 216//216 200//200 200//200 
f 200//200 200//200 217//217 
f 200//200 198//198 217//217 
f 217//217 198//198 218//218 
f 198//198 219//219 218//218 
f 218//218 219//219 219//219 
f 219//219 220//220 219//219 
f 219//219 220//220 220//220 
f 220//220 221//221 220//220 
f 220//220 221//221 222//222 
f 221//221 221//221 222//222 
f 222//222 221//221 223//223 
f 221//221 224//224 223//223 
f 223//223 224//224 225//225 
f 224//224 226//226 225//225 
f 225//225 226//226 227//227 
f 226//226 228//228 227//227 
f 227//227 228//228 229//229 
f 228//228 230//230 229//229 
f 229//229 230//230 231//231 
f 230//230 232//232 231//231 
f 231//231 232//232 233//233 
f 232//232 234//234 233//233 
f 233//233 234//234 235//235 
f 234//234 236//236 235//235 
f 235//235 236//236 237//237 
f 236//236 238//238 237//237 
f 237//237 238//238 239//239 
f 238//238 240//240 239//239 
f 239//239 240//240 241//241 
f 240//240 241//241 241//241 
f 241//241 241//241 162//162 
f 241//241 162//162 162//162 
f 162//162 162//162 242//242 
f 162//162 163//163 242//242 
f 242//242 163//163 242//242 
f 163//163 243//243 242//242 
f 242//242 243//243 244//244 
f 243//243 244//244 244//244 
f 244//244 244//244 245//245 
f 244//244 245//245 245//245 
f 245//245 245//245 246//246 
f 245//245 247//247 246//246 
f 246//246 247//247 248//248 
f 247//247 248//248 248//248 
f 248//248 248//248 249//249 
f 248//248 249//249 249//249 
f 249//249 249//249 249//249 
f 249//249 250//250 249//249 
f 249//249 250//250 251//251 
f 250//250 250//250 251//251 
f 251//251 250//250 252//252 
f 250//250 253//253 252//252 
f 252//252 253//253 254//254 
f 253//253 255//255 254//254 
f 254//254 255//255 255//255 
f 255//255 249//249 255//255 
f 255//255 249//249 249//249 
f 249//249 251//251 249//249 
f 249//249 251//251 256//256 
f 251//251 257//257 256//256 
f 256//256 257//257 258//258 
f 257//257 259//259 258//258 
f 258//258 259//259 258//258 
f 259//259 260//260 258//258 
f 258//258 260//260 261//261 
f 260//260 262//262 261//261 
f 261//261 262//262 263//263 
f 262//262 264//264 263//263 
f 263//263 264//264 265//265 
f 264//264 264//264 265//265 
f 265//265 264//264 266//266 
f 264//264 267//267 266//266 
f 266//266 267//267 267//267 
f 267//267 268//268 267//267 
f 267//267 268//268 268//268 
f 268//268 269//269 268//268 
f 268//268 269//269 270//270 
f 269//269 271//271 270//270 
f 270//270 271//271 272//272 
f 271//271 273//273 272//272 
f 272//272 273//273 274//274 
f 273//273 275//275 274//274 
f 274//274 275//275 276//276 
f 275//275 277//277 276//276 
f 276//276 277//277 278//278 
f 277//277 279//279 278//278 
f 278//278 279//279 280//280 
f 279//279 281//281 280//280 
f 280//280 281//281 282//282 
f 281//281 283//283 282//282 
f 282//282 283//283 284//284 
f 283//283 284//284 284//284 
f 284//284 284//284 269//269 
f 284//284 269//269 269//269 
f 269//269 269//269 285//285 
f 269//269 268//268 285//285 
f 285//285 268//268 285//285 
f 268//268 286//286 285//285 
f 285//285 286//286 287//287 
f 286//286 288//288 287//287 
f 287//287 288//288 289//289 
f 288//288 289//289 289//289 
f 289//289 289//289 290//290 
f 289//289 290//290 290//290 
f 290//290 290//290 291//291 
f 290//290 292//292 291//291 
f 291//291 292//292 293//293 
f 292//292 294//294 293//293 
f 293//293 294//294 293//293 
f 294//294 295//295 293//293 
f 293//293 295//295 296//296 
f 295//295 295//295 296//296 
f 296//296 295//295 297//297 
f 295//295 298//298 297//297 
f 297//297 298//298 297//297 
f 298//298 299//299 297//297 
f 297//297 299//299 300//300 
f 299//299 299//299 300//300 
f 300//300 299//299 301//301 
f 299//299 302//302 301//301 
f 301//301 302//302 303//303 
f 302//302 304//304 303//303 
f 303//303 304//304 303//303 
f 304//304 305//305 303//303 
f 303//303 305//305 306//306 
f 305//305 307//307 306//306 
f 306//306 307//307 308//308 
f 307//307 308//308 308//308 
f 308//308 308//308 292//292 
f 308//308 292//292 292//292 
f 292//292 292//292 309//309 
f 292//292 290//290 309//309 
f 309//309 290//290 310//310 
f 290//290 311//311 310//310 
f 310//310 311//311 311//311 
f 311//311 312//312 311//311 
f 311//311 312//312 312//312 
f 312//312 313//313 312//312 
f 312//312 313//313 314//314 
f 313//313 313//313 314//314 
f 314//314 313//313 315//315 
f 313//313 316//316 315//315 
f 315//315 316//316 317//317 
f 316//316 318//318 317//317 
f 317//317 318//318 319//319 
f 318//318 320//320 319//319 
f 319//319 320//320 321//321 
f 320//320 322//322 321//321 
f 321//321 322//322 323//323 
f 322//322 324//324 323//323 
f 323//323 324//324 325//325 
f 324//324 326//326 325//325 
f 325//325 326//326 327//327 
f 326//326 328//328 327//327 
f 327//327 328//328 329//329 
f 328//328 330//330 329//329 
f 329//329 330//330 331//331 
f 330//330 332//332 331//331 
f 331//331 332//332 333//333 
f 332//332 333//333 333//333 
f 333//333 333//333 254//254 
f 333//333 254//254 254//254 
f 254//254 254//254 334//334 
f 254//254 255//255 334//334 
f 334//334 255//255 334//334 
f 255//255 335//335 334//334 
f 334//334 335//335 336//336 
f 335//335 336//336 336//336 
f 336//336 336//336 337//337 
f 336//336 337//337 337//337 
f 337//337 337//337 338//338 
f 337//337 339//339 338//338 
f 338//338 339//339 340//340 
f 339//339 340//340 340//340 
f 340//340 340//340 341//341 
f 340//340 341//341 341//341 
f 341//341 341//341 341//341 
f 341//341 342//342 341//341 
f 341//341 342//342 343//343 
f 342//342 342//342 343//343 
f 343//343 342//342 344//344 
f 342//342 345//345 344//344 
f 344//344 345//345 346//346 
f 345//345 347//347 346//346 
f 346//346 347//347 347//347 
f 347//347 341//341 347//347 
f 347//347 341//341 341//341 
f 341//341 343//343 341//341 
f 341//341 343//343 348//348 
f 343//343 349//349 348//348 
f 348//348 349//349 350//350 
f 349//349 351//351 350//350 
f 350//350 351//351 350//350 
f 351//351 352//352 350//350 
f 350//350 352//352 353//353 
f 352//352 354//354 353//353 
f 353//353 354//354 355//355 
f 354//354 356//356 355//355 
f 355//355 356//356 357//357 
f 356//356 356//356 357//357 
f 357//357 356//356 358//358 
f 356//356 359//359 358//358 
f 358//358 359//359 359//359 
f 359//359 360//360 359//359 
f 359//359 360//360 360//360 
f 360//360 361//361 360//360 
f 360//360 361//361 362//362 
f 361//361 363//363 362//362 
f 362//362 363//363 364//364 
f 363//363 365//365 364//364 
f 364//364 365//365 366//366 
f 365//365 367//367 366//366 
f 366//366 367//367 368//368 
f 367//367 369//369 368//368 
f 368//368 369//369 370//370 
f 369//369 371//371 370//370 
f 370//370 371//371 372//372 
f 371//371 373//373 372//372 
f 372//372 373//373 374//374 
f 373//373 375//375 374//374 
f 374//374 375//375 376//376 
f 375//375 376//376 376//376 
f 376//376 376//376 361//361 
f 376//376 361//361 361//361 
f 361//361 361//361 377//377 
f 361//361 360//360 377//377 
f 377//377 360//360 377//377 
f 360//360 378//378 377//377 
f 377//377 378//378 379//379 
f 378//378 380//380 379//379 
f 379//379 380//380 381//381 
f 380//380 381//381 381//381 
f 381//381 381//381 382//382 
f 381//381 382//382 382//382 
f 382//382 382//382 383//383 
f 382//382 384//384 383//383 
f 383//383 384//384 385//385 
f 384//384 386//386 385//385 
f 385//385 386//386 385//385 
f 386//386 387//387 385//385 
f 385//385 387//387 388//388 
f 387//387 387//387 388//388 
f 388//388 387//387 389//389 
f 387//387 390//390 389//389 
f 389//389 390//390 389//389 
f 390//390 391//391 389//389 
f 389//389 391//391 392//392 
f 391//391 391//391 392//392 
f 392//392 391//391 393//393 
f 391//391 394//394 393//393 
f 393//393 394//394 395//395 
f 394//394 396//396 395//395 
f 395//395 396//396 395//395 
f 396//396 397//397 395//395 
f 395//395 397//397 398//398 
f 397//397 399//399 398//398 
f 398//398 399//399 400//400 
f 399//399 400//400 400//400 
f 400//400 400//400 384//384 
f 400//400 384//384 384//384 
f 384//384 384//384 401//401 
f 384//384 382//382 401//401 
f 401//401 382//382 402//402 
f 382//382 403//403 402//402 
f 402//402 403//403 403//403 
f 403//403 404//404 403//403 
f 403//403 404//404 404//404 
f 404//404 405//405 404//404 
f 404//404 405//405 406//406 
f 405//405 405//405 406//406 
f 406//406 405//405 407//407 
f 405//405 408//408 407//407 
f 407//407 408//408 409//409 
f 408//408 410//410 409//409 
f 409//409 410//410 411//411 
f 410//410 412//412 411//411 
f 411//411 412//412 413//413 
f 412//412 414//414 413//413 
f 413//413 414//414 415//415 
f 414//414 416//416 415//415 
f 415//415 416//416 417//417 
f 416//416 418//418 417//417 
f 417//417 418//418 419//419 
f 418//418 420//420 419//419 
f 419//419 420//420 421//421 
f 420//420 422//422 421//421 
f 421//421 422//422 423//423 
f 422//422 424//424 423//423 
f 423//423 424//424 425//425 
f 424//424 425//425 425//425 
f 425//425 425//425 346//346 
f 425//425 346//346 346//346 
f 346//346 346//346 426//426 
f 346//346 347//347 426//426 
f 426//426 347//347 426//426 
f 347//347 427//427 426//426 
f 426//426 427//427 428//428 
f 427//427 428//428 428//428 
f 428//428 428//428 429//429 
f 428//428 429//429 429//429 
f 429//429 429//429 430//430 
f 429//429 431//431 430//430 
f 430//430 431//431 432//432 
f 431//431 432//432 432//432 
f 432//432 432//432 433//433 
f 432//432 433//433 433//433 
f 433//433 433//433 433//433 
f 433//433 434//434 433//433 
f 433//433 434//434 435//435 
f 434//434 434//434 435//435 
f 435//435 434//434 436//436 
f 434//434 437//437 436//436 
f 436//436 437//437 438//438 
f 437//437 439//439 438//438 
f 438//438 439//439 439//439 
f 439//439 433//433 439//439 
f 439//439 433//433 433//433 
f 433//433 435//435 433//433 
f 433//433 435//435 440//440 
f 435//435 441//441 440//440 
f 440//440 441//441 442//442 
f 441//441 443//443 442//442 
f 442//442 443//443 442//442 
f 443//443 444//444 442//442 
f 442//442 444//444 445//445 
f 444//444 446//446 445//445 
f 445//445 446//446 447//447 
f 446//446 448//448 447//447 
f 447//447 448//448 449//449 
f 448//448 448//448 449//449 
f 449//449 448//448 450//450 
f 448//448 451//451 450//450 
f 450//450 451//451 451//451 
f 451//451 452//452 451//451 
f 451//451 452//452 452//452 
f 452//452 453//453 452//452 
f 452//452 453//453 454//454 
f 453//453 455//455 454//454 
f 454//454 455//455 456//456 
f 455//455 457//457 456//456 
f 456//456 457//457 458//458 
f 457//457 459//459 458//458 
f 458//458 459//459 460//460 
f 459//459 461//461 460//460 
f 460//460 461//461 462//462 
f 461//461 463//463 462//462 
f 462//462 463//463 464//464 
f 463//463 465//465 464//464 
f 464//464 465//465 466//466 
f 465//465 467//467 466//466 
f 466//466 467//467 468//468 
f 467//467 468//468 468//468 
f 468//468 468//468 453//453 
f 468//468 453//453 453//453 
f 453//453 453//453 469//469 
f 453//453 452//452 469//469 
f 469//469 452//452 469//469 
f 452//452 470//470 469//469 
f 469//469 470//470 471//471 
f 470//470 472//472 471//471 
f 471//471 472//472 473//473 
f 472//472 473//473 473//473 
f 473//473 473//473 474//474 
f 473//473 474//474 474//474 
f 474//474 474//474 475//475 
f 474//474 476//476 475//475 
f 475//475 476//476 477//477 
f 476//476 478//478 477//477 
f 477//477 478//478 477//477 
f 478//478 479//479 477//477 
f 477//477 479//479 480//480 
f 479//479 479//479 480//480 
f 480//480 479//479 481//481 
f 479//479 482//482 481//481 
f 481//481 482//482 481//481 
f 482//482 483//483 481//481 
f 481//481 483//483 484//484 
f 483//483 483//483 484//484 
f 484//484 483//483 485//485 
f 483//483 486//486 485//485 
f 485//485 486//486 487//487 
f 486//486 488//488 487//487 
f 487//487 488//488 487//487 
f 488//488 489//489 487//487 
f 487//487 489//489 490//490 
f 489//489 491//491 490//490 
f 490//490 491//491 492//492 
f 491//491 492//492 492//492 
f 492//492 492//492 476//476 
f 492//492 476//476 476//476 
f 476//476 476//476 493//493 
f 476//476 474//474 493//493 
f 493//493 474//474 494//494 
f 474//474 495//495 494//494 
f 494//494 495//495 495//495 
f 495//495 496//496 495//495 
f 495//495 496//496 496//496 
f 496//496 497//497 496//496 
f 496//496 497//497 498//498 
f 497//497 497//497 498//498 
f 498//498 497//497 499//499 
f 497//497 500//500 499//499 
f 499//499 500//500 501//501 
f 500//500 502//502 501//501 
f 501//501 502//502 503//503 
f 502//502 504//504 503//503 
f 503//503 504//504 505//505 
f 504//504 506//506 505//505 
f 505//505 506//506 507//507 
f 506//506 508//508 507//507 
f 507//507 508//508 509//509 
f 508//508 510//510 509//509 
f 509//509 510//510 511//511 
f 510//510 512//512 511//511 
f 511//511 512//512 513//513 
f 512//512 514//514 513//513 
f 513//513 514//514 515//515 
f 514//514 516//516 515//515 
f 515//515 516//516 517//517 
f 516//516 517//517 517//517 
f 517//517 517//517 438//438 
f 517//517 438//438 438//438 
f 438//438 438//438 518//518 
f 438//438 439//439 518//518 
f 518//518 439//439 518//518 
f 439//439 519//519 518//518 
f 518//518 519//519 520//520 
f 519//519 520//520 520//520 
f 520//520 520//520 521//521 
f 520//520 521//521 521//521 
f 521//521 521//521 522//522 
f 521//521 523//523 522//522 
f 522//522 523//523 524//524 
f 523//523 524//524 524//524 
f 524//524 524//524 525//525 
f 524//524 525//525 525//525 
f 525//525 525//525 525//525 
f 525//525 526//526 525//525 
f 525//525 526//526 527//527 
f 526//526 526//526 527//527 
f 527//527 526//526 528//528 
f 526//526 529//529 528//528 
f 528//528 529//529 530//530 
f 529//529 531//531 530//530 
f 530//530 531//531 531//531 
f 531//531 525//525 531//531 
f 531//531 525//525 525//525 
f 525//525 527//527 525//525 
f 525//525 527//527 532//532 
f 527//527 533//533 532//532 
f 532//532 533//533 534//534 
f 533//533 535//535 534//534 
f 534//534 535//535 534//534 
f 535//535 536//536 534//534 
f 534//534 536//536 537//537 
f 536//536 538//538 537//537 
f 537//537 538//538 539//539 
f 538//538 540//540 539//539 
f 539//539 540//540 541//541 
f 540//540 540//540 541//541 
f 541//541 540//540 542//542 
f 540//540 543//543 542//542 
f 542//542 543//543 543//543 
f 543//543 544//544 543//543 
f 543//543 544//544 544//544 
f 544//544 545//545 544//544 
f 544//544 545//545 546//546 
f 545//545 547//547 546//546 
f 546//546 547//547 548//548 
f 547//547 549//549 548//548 
f 548//548 549//549 550//550 
f 549//549 551//551 550//550 
f 550//550 551//551 552//552 
f 551//551 553//553 552//552 
f 552//552 553//553 554//554 
f 553//553 555//555 554//554 
f 554//554 555//555 556//556 
f 555//555 557//557 556//556 
f 556//556 557//557 558//558 
f 557//557 559//559 558//558 
f 558//558 559//559 560//560 
f 559//559 560//560 560//560 
f 560//560 560//560 545//545 
f 560//560 545//545 545//545 
f 545//545 545//545 561//561 
f 545//545 544//544 561//561 
f 561//561 544//544 561//561 
f 544//544 562//562 561//561 
f 561//561 562//562 563//563 
f 562//562 564//564 563//563 
f 563//563 564//564 565//565 
f 564//564 565//565 565//565 
f 565//565 565//565 566//566 
f 565//565 566//566 566//566 
f 566//566 566//566 567//567 
f 566//566 568//568 567//567 
f 567//567 568//568 569//569 
f 568//568 570//570 569//569 
f 569//569 570//570 569//569 
f 570//570 571//571 569//569 
f 569//569 571//571 572//572 
f 571//571 571//571 572//572 
f 572//572 571//571 573//573 
f 571//571 574//574 573//573 
f 573//573 574//574 573//573 
f 574//574 575//575 573//573 
f 573//573 575//575 576//576 
f 575//575 575//575 576//576 
f 576//576 575//575 577//577 
f 575//575 578//578 577//577 
f 577//577 578//578 579//579 
f 578//578 580//580 579//579 
f 579//579 580//580 579//579 
f 580//580 581//581 579//579 
f 579//579 581//581 582//582 
f 581//581 583//583 582//582 
f 582//582 583//583 584//584 
f 583//583 584//584 584//584 
f 584//584 584//584 568//568 
f 584//584 568//568 568//568 
f 568//568 568//568 585//585 
f 568//568 566//566 585//585 
f 585//585 566//566 586//586 
f 566//566 587//587 586//586 
f 586//586 587//587 587//587 
f 587//587 588//588 587//587 
f 587//587 588//588 588//588 
f 588//588 589//589 588//588 
f 588//588 589//589 590//590 
f 589//589 589//589 590//590 
f 590//590 589//589 591//591 
f 589//589 592//592 591//591 
f 591//591 592//592 593//593 
f 592//592 594//594 593//593 
f 593//593 594//594 595//595 
f 594//594 596//596 595//595 
f 595//595 596//596 597//597 
f 596//596 598//598 597//597 
f 597//597 598//598 599//599 
f 598//598 600//600 599//599 
f 599//599 600//600 601//601 
f 600//600 602//602 601//601 
f 601//601 602//602 603//603 
f 602//602 604//604 603//603 
f 603//603 604//604 605//605 
f 604//604 606//606 605//605 
f 605//605 606//606 607//607 
f 606//606 608//608 607//607 
f 607//607 608//608 609//609 
f 608//608 609//609 609//609 
f 609//609 609//609 530//530 
f 609//609 530//530 530//530 
f 530//530 530//530 610//610 
f 530//530 531//531 610//610 
f 610//610 531//531 610//610 
f 531//531 611//611 610//610 
f 610//610 611//611 612//612 
f 611//611 612//612 612//612 
f 612//612 612//612 613//613 
f 612//612 613//613 613//613 
f 613//613 613//613 614//614 
f 613//613 615//615 614//614 
f 614//614 615//615 616//616 
f 615//615 616//616 616//616 
f 616//616 616//616 617//617 
f 616//616 617//617 617//617 
f 617//617 617//617 617//617 
f 617//617 618//618 617//617 
f 617//617 618//618 619//619 
f 618//618 618//618 619//619 
f 619//619 618//618 620//620 
f 618//618 621//621 620//620 
f 620//620 621//621 622//622 
f 621//621 623//623 622//622 
f 622//622 623//623 624//624 
f 623//623 623//623 624//624 
f 624//624 623//623 625//625 
f 623//623 626//626 625//625 
f 625//625 626//626 627//627 
f 626//626 628//628 627//627 
f 627//627 628//628 627//627 
f 628//628 629//629 627//627 
f 627//627 629//629 630//630 
f 629//629 631//631 630//630 
f 630//630 631//631 632//632 
f 631//631 633//633 632//632 
f 632//632 633//633 634//634 
f 633//633 633//633 634//634 
f 634//634 633//633 635//635 
f 633//633 636//636 635//635 
f 635//635 636//636 636//636 
f 636//636 637//637 636//636 
f 636//636 637//637 637//637 
f 637//637 638//638 637//637 
f 637//637 638//638 639//639 
f 638//638 640//640 639//639 
f 639//639 640//640 641//641 
f 640//640 642//642 641//641 
f 641//641 642//642 643//643 
f 642//642 644//644 643//643 
f 643//643 644//644 645//645 
f 644//644 646//646 645//645 
f 645//645 646//646 647//647 
f 646//646 648//648 647//647 
f 647//647 648//648 649//649 
f 648//648 650//650 649//649 
f 649//649 650//650 651//651 
f 650//650 651//651 651//651 
f 651//651 651//651 638//638 
f 651//651 638//638 638//638 
f 638//638 638//638 652//652 
f 638//638 637//637 652//652 
f 652//652 637//637 652//652 
f 637//637 653//653 652//652 
f 652//652 653//653 654//654 
f 653//653 655//655 654//654 
f 654//654 655//655 656//656 
f 655//655 656//656 656//656 
f 656//656 656//656 657//657 
f 656//656 657//657 657//657 
f 657//657 657//657 658//658 
f 657//657 659//659 658//658 
f 658//658 659//659 660//660 
f 659//659 661//661 660//660 
f 660//660 661//661 660//660 
f 661//661 662//662 660//660 
f 660//660 662//662 663//663 
f 662//662 662//662 663//663 
f 663//663 662//662 664//664 
f 662//662 665//665 664//664 
f 664//664 665//665 664//664 
f 665//665 666//666 664//664 
f 664//664 666//666 667//667 
f 666//666 666//666 667//667 
f 667//667 666//666 668//668 
f 666//666 669//669 668//668 
f 668//668 669//669 670//670 
f 669//669 671//671 670//670 
f 670//670 671//671 670//670 
f 671//671 672//672 670//670 
f 670//670 672//672 673//673 
f 672//672 673//673 673//673 
f 673//673 673//673 659//659 
f 673//673 659//659 659//659 
f 659//659 659//659 674//674 
f 659//659 657//657 674//674 
f 674//674 657//657 675//675 
f 657//657 676//676 675//675 
f 675//675 676//676 676//676 
f 676//676 677//677 676//676 
f 676//676 677//677 677//677 
f 677//677 678//678 677//677 
f 677//677 678//678 679//679 
f 678//678 678//678 679//679 
f 679//679 678//678 680//680 
f 678//678 681//681 680//680 
f 680//680 681//681 682//682 
f 681//681 683//683 682//682 
f 682//682 683//683 684//684 
f 683//683 685//685 684//684 
f 684//684 685//685 686//686 
f 685//685 687//687 686//686 
f 686//686 687//687 688//688 
f 687//687 689//689 688//688 
f 688//688 689//689 690//690 
f 689//689 691//691 690//690 
f 690//690 691//691 692//692 
f 691//691 693//693 692//692 
f 692//692 693//693 694//694 
f 693//693 695//695 694//694 
f 694//694 695//695 696//696 
f 695//695 696//696 696//696 
f 696//696 696//696 697//697 
f 696//696 697//697 697//697 
f 697//697 697//697 698//698 
f 697//697 699//699 698//698 
f 698//698 699//699 700//700 
f 699//699 700//700 700//700 
f 700//700 700//700 701//701 
f 700//700 701//701 701//701 
f 701//701 701//701 701//701 
f 701//701 702//702 701//701 
f 701//701 702//702 703//703 
f 702//702 702//702 703//703 
f 703//703 702//702 704//704 
f 702//702 705//705 704//704 
f 704//704 705//705 706//706 
f 705//705 707//707 706//706 
f 706//706 707//707 708//708 
f 707//707 707//707 708//708 
f 708//708 707//707 709//709 
f 707//707 710//710 709//709 
f 709//709 710//710 711//711 
f 710//710 712//712 711//711 
f 711//711 712//712 711//711 
f 712//712 713//713 711//711 
f 711//711 713//713 714//714 
f 713//713 715//715 714//714 
f 714//714 715//715 716//716 
f 715//715 717//717 716//716 
f 716//716 717//717 718//718 
f 717//717 717//717 718//718 
f 718//718 717//717 719//719 
f 717//717 720//720 719//719 
f 719//719 720//720 720//720 
f 720//720 721//721 720//720 
f 720//720 721//721 721//721 
f 721//721 722//722 721//721 
f 721//721 722//722 723//723 
f 722//722 724//724 723//723 
f 723//723 724//724 725//725 
f 724//724 726//726 725//725 
f 725//725 726//726 727//727 
f 726//726 728//728 727//727 
f 727//727 728//728 729//729 
f 728//728 730//730 729//729 
f 729//729 730//730 731//731 
f 730//730 732//732 731//731 
f 731//731 732//732 733//733 
f 732//732 734//734 733//733 
f 733//733 734//734 735//735 
f 734//734 735//735 735//735 
f 735//735 735//735 722//722 
f 735//735 722//722 722//722 
f 722//722 722//722 736//736 
f 722//722 721//721 736//736 
f 736//736 721//721 736//736 
f 721//721 737//737 736//736 
f 736//736 737//737 738//738 
f 737//737 739//739 738//738 
f 738//738 739//739 740//740 
f 739//739 740//740 740//740 
f 740//740 740//740 741//741 
f 740//740 741//741 741//741 
f 741//741 741//741 742//742 
f 741//741 743//743 742//742 
f 742//742 743//743 744//744 
f 743//743 745//745 744//744 
f 744//744 745//745 744//744 
f 745//745 746//746 744//744 
f 744//744 746//746 747//747 
f 746//746 746//746 747//747 
f 747//747 746//746 748//748 
f 746//746 749//749 748//748 
f 748//748 749//749 748//748 
f 749//749 750//750 748//748 
f 748//748 750//750 751//751 
f 750//750 750//750 751//751 
f 751//751 750//750 752//752 
f 750//750 753//753 752//752 
f 752//752 753//753 754//754 
f 753//753 755//755 754//754 
f 754//754 755//755 754//754 
f 755//755 756//756 754//754 
f 754//754 756//756 757//757 
f 756//756 757//757 757//757 
f 757//757 757//757 743//743 
f 757//757 743//743 743//743 
f 743//743 743//743 758//758 
f 743//743 741//741 758//758 
f 758//758 741//741 759//759 
f 741//741 760//760 759//759 
f 759//759 760//760 760//760 
f 760//760 761//761 760//760 
f 760//760 761//761 761//761 
f 761//761 762//762 761//761 
f 761//761 762//762 763//763 
f 762//762 762//762 763//763 
f 763//763 762//762 764//764 
f 762//762 765//765 764//764 
f 764//764 765//765 766//766 
f 765//765 767//767 766//766 
f 766//766 767//767 768//768 
f 767//767 769//769 768//768 
f 768//768 769//769 770//770 
f 769//769 771//771 770//770 
f 770//770 771//771 772//772 
f 771//771 773//773 772//772 
f 772//772 773//773 774//774 
f 773//773 775//775 774//774 
f 774//774 775//775 776//776 
f 775//775 777//777 776//776 
f 776//776 777//777 778//778 
f 777//777 779//779 778//778 
f 778//778 779//779 780//780 
f 779//779 780//780 780//780 
f 780//780 780//780 781//781 
f 780//780 781//781 781//781 
f 781//781 781//781 782//782 
f 781//781 783//783 782//782 
f 782//782 783//783 784//784 
f 783//783 784//784 784//784 
f 784//784 784//784 785//785 
f 784//784 785//785 785//785 
f 785//785 785//785 785//785 
f 785//785 786//786 785//785 
f 785//785 786//786 787//787 
f 786//786 786//786 787//787 
f 787//787 786//786 788//788 
f 786//786 789//789 788//788 
f 788//788 789//789 790//790 
f 789//789 791//791 790//790 
f 790//790 791//791 792//792 
f 791//791 791//791 792//792 
f 792//792 791//791 793//793 
f 791//791 794//794 793//793 
f 793//793 794//794 795//795 
f 794//794 796//796 795//795 
f 795//795 796//796 795//795 
f 796//796 797//797 795//795 
f 795//795 797//797 798//798 
f 797//797 799//799 798//798 
f 798//798 799//799 800//800 
f 799//799 801//801 800//800 
f 800//800 801//801 802//802 
f 801//801 801//801 802//802 
f 802//802 801//801 803//803 
f 801//801 804//804 803//803 
f 803//803 804//804 804//804 
f 804//804 805//805 804//804 
f 804//804 805//805 805//805 
f 805//805 806//806 805//805 
f 805//805 806//806 807//807 
f 806//806 808//808 807//807 
f 807//807 808//808 809//809 
f 808//808 810//810 809//809 
f 809//809 810//810 811//811 
f 810//810 812//812 811//811 
f 811//811 812//812 813//813 
f 812//812 814//814 813//813 
f 813//813 814//814 815//815 
f 814//814 816//816 815//815 
f 815//815 816//816 817//817 
f 816//816 818//818 817//817 
f 817//817 818//818 819//819 
f 818//818 819//819 819//819 
f 819//819 819//819 806//806 
f 819//819 806//806 806//806 
f 806//806 806//806 820//820 
f 806//806 805//805 820//820 
f 820//820 805//805 820//820 
f 805//805 821//821 820//820 
f 820//820 821//821 822//822 
f 821//821 823//823 822//822 
f 822//822 823//823 824//824 
f 823//823 824//824 824//824 
f 824//824 824//824 825//825 
f 824//824 825//825 825//825 
f 825//825 825//825 826//826 
f 825//825 827//827 826//826 
f 826//826 827//827 828//828 
f 827//827 829//829 828//828 
f 828//828 829//829 828//828 
f 829//829 830//830 828//828 
f 828//828 830//830 831//831 
f 830//830 830//830 831//831 
f 831//831 830//830 832//832 
f 830//830 833//833 832//832 
f 832//832 833//833 832//832 
f 833//833 834//834 832//832 
f 832//832 834//834 835//835 
f 834//834 834//834 835//835 
f 835//835 834//834 836//836 
f 834//834 837//837 836//836 
f 836//836 837//837 838//838 
f 837//837 839//839 838//838 
f 838//838 839//839 838//838 
f 839//839 840//840 838//838 
f 838//838 840//840 841//841 
f 840//840 841//841 841//841 
f 841//841 841//841 827//827 
f 841//841 827//827 827//827 
f 827//827 827//827 842//842 
f 827//827 825//825 842//842 
f 842//842 825//825 843//843 
f 825//825 844//844 843//843 
f 843//843 844//844 844//844 
f 844//844 845//845 844//844 
f 844//844 845//845 845//845 
f 845//845 846//846 845//845 
f 845//845 846//846 847//847 
f 846//846 846//846 847//847 
f 847//847 846//846 848//848 
f 846//846 849//849 848//848 
f 848//848 849//849 850//850 
f 849//849 851//851 850//850 
f 850//850 851//851 852//852 
f 851//851 853//853 852//852 
f 852//852 853//853 854//854 
f 853//853 855//855 854//854 
f 854//854 855//855 856//856 
f 855//855 857//857 856//856 
f 856//856 857//857 858//858 
f 857//857 859//859 858//858 
f 858//858 859//859 860//860 
f 859//859 861//861 860//860 
f 860//860 861//861 862//862 
f 861//861 863//863 862//862 
f 862//862 863//863 864//864 
f 863//863 864//864 864//864 
f 864//864 864//864 865//865 
f 864//864 865//865 865//865 
f 865//865 865//865 866//866 
f 865//865 867//867 866//866 
f 866//866 867//867 868//868 
f 867//867 868//868 868//868 
f 868//868 868//868 869//869 
f 868//868 869//869 869//869 
f 869//869 869//869 869//869 
f 869//869 870//870 869//869 
f 869//869 870//870 871//871 
f 870//870 870//870 871//871 
f 871//871 870//870 872//872 
f 870//870 873//873 872//872 
f 872//872 873//873 874//874 
f 873//873 875//875 874//874 
f 874//874 875//875 876//876 
f 875//875 875//875 876//876 
f 876//876 875//875 877//877 
f 875//875 878//878 877//877 
f 877//877 878//878 879//879 
f 878//878 880//880 879//879 
f 879//879 880//880 879//879 
f 880//880 881//881 879//879 
f 879//879 881//881 882//882 
f 881//881 883//883 882//882 
f 882//882 883//883 884//884 
f 883//883 885//885 884//884 
f 884//884 885//885 886//886 
f 885//885 885//885 886//886 
f 886//886 885//885 887//887 
f 885//885 888//888 887//887 
f 887//887 888//888 888//888 
f 888//888 889//889 888//888 
f 888//888 889//889 889//889 
f 889//889 890//890 889//889 
f 889//889 890//890 891//891 
f 890//890 892//892 891//891 
f 891//891 892//892 893//893 
f 892//892 894//894 893//893 
f 893//893 894//894 895//895 
f 894//894 896//896 895//895 
f 895//895 896//896 897//897 
f 896//896 898//898 897//897 
f 897//897 898//898 899//899 
f 898//898 900//900 899//899 
f 899//899 900//900 901//901 
f 900//900 902//902 901//901 
f 901//901 902//902 903//903 
f 902//902 903//903 903//903 
f 903//903 903//903 890//890 
f 903//903 890//890 890//890 
f 890//890 890//890 904//904 
f 890//890 889//889 904//904 
f 904//904 889//889 904//904 
f 889//889 905//905 904//904 
f 904//904 905//905 906//906 
f 905//905 907//907 906//906 
f 906//906 907//907 908//908 
f 907//907 908//908 908//908 
f 908//908 908//908 909//909 
f 908//908 909//909 909//909 
f 909//909 909//909 910//910 
f 909//909 911//911 910//910 
f 910//910 911//911 912//912 
f 911//911 913//913 912//912 
f 912//912 913//913 912//912 
f 913//913 914//914 912//912 
f 912//912 914//914 915//915 
f 914//914 914//914 915//915 
f 915//915 914//914 916//916 
f 914//914 917//917 916//916 
f 916//916 917//917 916//916 
f 917//917 918//918 916//916 
f 916//916 918//918 919//919 
f 918//918 918//918 919//919 
f 919//919 918//918 920//920 
f 918//918 921//921 920//920 
f 920//920 921//921 922//922 
f 921//921 923//923 922//922 
f 922//922 923//923 922//922 
f 923//923 924//924 922//922 
f 922//922 924//924 925//925 
f 924//924 925//925 925//925 
f 925//925 925//925 911//911 
f 925//925 911//911 911//911 
f 911//911 911//911 926//926 
f 911//911 909//909 926//926 
f 926//926 909//909 927//927 
f 909//909 928//928 927//927 
f 927//927 928//928 928//928 
f 928//928 929//929 928//928 
f 928//928 929//929 929//929 
f 929//929 930//930 929//929 
f 929//929 930//930 931//931 
f 930//930 930//930 931//931 
f 931//931 930//930 932//932 
f 930//930 933//933 932//932 
f 932//932 933//933 934//934 
f 933//933 935//935 934//934 
f 934//934 935//935 936//936 
f 935//935 937//937 936//936 
f 936//936 937//937 938//938 
f 937//937 939//939 938//938 
f 938//938 939//939 940//940 
f 939//939 941//941 940//940 
f 940//940 941//941 942//942 
f 941//941 943//943 942//942 
f 942//942 943//943 944//944 
f 943//943 945//945 944//944 
f 944//944 945//945 946//946 
f 945//945 947//947 946//946 
f 946//946 947//947 948//948 
f 947//947 948//948 948//948 
f 948//948 948//948 949//949 
f 948//948 949//949 949//949 
f 949//949 949//949 950//950 
f 949//949 951//951 950//950 
f 950//950 951//951 952//952 
f 951//951 952//952 952//952 
f 952//952 952//952 953//953 
f 952//952 953//953 953//953 
f 953//953 953//953 953//953 
f 953//953 954//954 953//953 
f 953//953 954//954 955//955 
f 954//954 954//954 955//955 
f 955//955 954//954 956//956 
f 954//954 957//957 956//956 
f 956//956 957//957 958//958 
f 957//957 959//959 958//958 
f 958//958 959//959 960//960 
f 959//959 961//961 960//960 
f 960//960 961//961 962//962 
f 961//961 961//961 962//962 
f 962//962 961//961 963//963 
f 961//961 964//964 963//963 
f 963//963 964//964 964//964 
f 964//964 953//953 964//964 
f 964//964 953//953 953//953 
f 953//953 955//955 953//953 
f 953//953 955//955 965//965 
f 955//955 966//966 965//965 
f 965//965 966//966 965//965 
f 966//966 967//967 965//965 
f 965//965 967//967 968//968 
f 967//967 969//969 968//968 
f 968//968 969//969 970//970 
f 969//969 970//970 970//970 
f 970//970 970//970 971//971 
f 970//970 971//971 971//971 
f 971//971 971//971 972//972 
f 971//971 973//973 972//972 
f 972//972 973//973 972//972 
f 973//973 974//974 972//972 
f 972//972 974//974 975//975 
f 974//974 976//976 975//975 
f 975//975 976//976 977//977 
f 976//976 978//978 977//977 
f 977//977 978//978 979//979 
f 978//978 980//980 979//979 
f 979//979 980//980 981//981 
f 980//980 982//982 981//981 
f 981//981 982//982 983//983 
f 982//982 984//984 983//983 
f 983//983 984//984 985//985 
f 984//984 986//986 985//985 
f 985//985 986//986 987//987 
f 986//986 987//987 987//987 
f 987//987 987//987 971//971 
f 987//987 971//971 971//971 
f 971//971 971//971 973//973 
f 971//971 988//988 973//973 
f 973//973 988//988 988//988 
f 988//988 989//989 988//988 
f 988//988 989//989 989//989 
f 989//989 990//990 989//989 
f 989//989 990//990 991//991 
f 990//990 992//992 991//991 
f 991//991 992//992 993//993 
f 992//992 994//994 993//993 
f 993//993 994//994 995//995 
f 994//994 996//996 995//995 
f 995//995 996//996 995//995 
f 996//996 997//997 995//995 
f 995//995 997//997 998//998 
f 997//997 999//999 998//998 
f 998//998 999//999 1000//1000 
f 999//999 1001//1001 1000//1000 
f 1000//1000 1001//1001 1002//1002 
f 1001//1001 1003//1003 1002//1002 
f 1002//1002 1003//1003 1004//1004 
f 1003//1003 1003//1003 1004//1004 
f 1004//1004 1003//1003 1005//1005 
f 1003//1003 1006//1006 1005//1005 
f 1005//1005 1006//1006 1006//1006 
f 1006//1006 1007//1007 1006//1006 
f 1006//1006 1007//1007 1007//1007 
f 1007//1007 1008//1008 1007//1007 
f 1007//1007 1008//1008 1009//1009 
f 1008//1008 1010//1010 1009//1009 
f 1009//1009 1010//1010 1011//1011 
f 1010//1010 1012//1012 1011//1011 
f 1011//1011 1012//1012 1013//1013 
f 1012//1012 1014//1014 1013//1013 
f 1013//1013 1014//1014 1015//1015 
f 1014//1014 1016//1016 1015//1015 
f 1015//1015 1016//1016 1017//1017 
f 1016//1016 1018//1018 1017//1017 
f 1017//1017 1018//1018 1019//1019 
f 1018//1018 1020//1020 1019//1019 
f 1019//1019 1020//1020 1021//1021 
f 1020//1020 1021//1021 1021//1021 
f 1021//1021 1021//1021 1008//1008 
f 1021//1021 1008//1008 1008//1008 
f 1008//1008 1008//1008 1022//1022 
f 1008//1008 1007//1007 1022//1022 
f 1022//1022 1007//1007 1022//1022 
f 1007//1007 1023//1023 1022//1022 
f 1022//1022 1023//1023 1024//1024 
f 1023//1023 1024//1024 1024//1024 
f 1024//1024 1024//1024 1025//1025 
f 1024//1024 1025//1025 1025//1025 
f 1025//1025 1025//1025 1025//1025 
f 1025//1025 1026//1026 1025//1025 
f 1025//1025 1026//1026 1027//1027 
f 1026//1026 1026//1026 1027//1027 
f 1027//1027 1026//1026 1028//1028 
f 1026//1026 1029//1029 1028//1028 
f 1028//1028 1029//1029 1030//1030 
f 1029//1029 1031//1031 1030//1030 
f 1030//1030 1031//1031 1032//1032 
f 1031//1031 1033//1033 1032//1032 
f 1032//1032 1033//1033 1034//1034 
f 1033//1033 1033//1033 1034//1034 
f 1034//1034 1033//1033 1035//1035 
f 1033//1033 1036//1036 1035//1035 
f 1035//1035 1036//1036 1036//1036 
f 1036//1036 1025//1025 1036//1036 
f 1036//1036 1025//1025 1025//1025 
f 1025//1025 1027//1027 1025//1025 
f 1025//1025 1027//1027 1037//1037 
f 1027//1027 1038//1038 1037//1037 
f 1037//1037 1038//1038 1037//1037 
f 1038//1038 1039//1039 1037//1037 
f 1037//1037 1039//1039 1040//1040 
f 1039//1039 1041//1041 1040//1040 
f 1040//1040 1041//1041 1042//1042 
f 1041//1041 1042//1042 1042//1042 
f 1042//1042 1042//1042 1043//1043 
f 1042//1042 1043//1043 1043//1043 
f 1043//1043 1043//1043 1044//1044 
f 1043//1043 1045//1045 1044//1044 
f 1044//1044 1045//1045 1044//1044 
f 1045//1045 1046//1046 1044//1044 
f 1044//1044 1046//1046 1047//1047 
f 1046//1046 1048//1048 1047//1047 
f 1047//1047 1048//1048 1049//1049 
f 1048//1048 1050//1050 1049//1049 
f 1049//1049 1050//1050 1051//1051 
f 1050//1050 1052//1052 1051//1051 
f 1051//1051 1052//1052 1053//1053 
f 1052//1052 1054//1054 1053//1053 
f 1053//1053 1054//1054 1055//1055 
f 1054//1054 1056//1056 1055//1055 
f 1055//1055 1056//1056 1057//1057 
f 1056//1056 1058//1058 1057//1057 
f 1057//1057 1058//1058 1059//1059 
f 1058//1058 1059//1059 1059//1059 
f 1059//1059 1059//1059 1043//1043 
f 1059//1059 1043//1043 1043//1043 
f 1043//1043 1043//1043 1045//1045 
f 1043//1043 1060//1060 1045//1045 
f 1045//1045 1060//1060 1060//1060 
f 1060//1060 1061//1061 1060//1060 
f 1060//1060 1061//1061 1061//1061 
f 1061//1061 1062//1062 1061//1061 
f 1061//1061 1062//1062 1063//1063 
f 1062//1062 1064//1064 1063//1063 
f 1063//1063 1064//1064 1065//1065 
f 1064//1064 1066//1066 1065//1065 
f 1065//1065 1066//1066 1067//1067 
f 1066//1066 1068//1068 1067//1067 
f 1067//1067 1068//1068 1067//1067 
f 1068//1068 1069//1069 1067//1067 
f 1067//1067 1069//1069 1070//1070 
f 1069//1069 1071//1071 1070//1070 
f 1070//1070 1071//1071 1072//1072 
f 1071//1071 1073//1073 1072//1072 
f 1072//1072 1073//1073 1074//1074 
f 1073//1073 1075//1075 1074//1074 
f 1074//1074 1075//1075 1076//1076 
f 1075//1075 1075//1075 1076//1076 
f 1076//1076 1075//1075 1077//1077 
f 1075//1075 1078//1078 1077//1077 
f 1077//1077 1078//1078 1078//1078 
f 1078//1078 1079//1079 1078//1078 
f 1078//1078 1079//1079 1079//1079 
f 1079//1079 1080//1080 1079//1079 
f 1079//1079 1080//1080 1081//1081 
f 1080//1080 1082//1082 1081//1081 
f 1081//1081 1082//1082 1083//1083 
f 1082//1082 1084//1084 1083//1083 
f 1083//1083 1084//1084 1085//1085 
f 1084//1084 1086//1086 1085//1085 
f 1085//1085 1086//1086 1087//1087 
f 1086//1086 1088//1088 1087//1087 
f 1087//1087 1088//1088 1089//1089 
f 1088//1088 1090//1090 1089//1089 
f 1089//1089 1090//1090 1091//1091 
f 1090//1090 1092//1092 1091//1091 
f 1091//1091 1092//1092 1093//1093 
f 1092//1092 1093//1093 1093//1093 
f 1093//1093 1093//1093 1080//1080 
f 1093//1093 1080//1080 1080//1080 
f 1080//1080 1080//1080 1094//1094 
f 1080//1080 1079//1079 1094//1094 
f 1094//1094 1079//1079 1094//1094 
f 1079//1079 1095//1095 1094//1094 
f 1094//1094 1095//1095 1096//1096 
f 1095//1095 1096//1096 1096//1096 
f 1096//1096 1096//1096 1097//1097 
f 1096//1096 1097//1097 1097//1097 
f 1097//1097 1097//1097 1097//1097 
f 1097//1097 1098//1098 1097//1097 
f 1097//1097 1098//1098 1099//1099 
f 1098//1098 1098//1098 1099//1099 
f 1099//1099 1098//1098 1100//1100 
f 1098//1098 1101//1101 1100//1100 
f 1100//1100 1101//1101 1102//1102 
f 1101//1101 1103//1103 1102//1102 
f 1102//1102 1103//1103 1104//1104 
f 1103//1103 1105//1105 1104//1104 
f 1104//1104 1105//1105 1106//1106 
f 1105//1105 1105//1105 1106//1106 
f 1106//1106 1105//1105 1107//1107 
f 1105//1105 1108//1108 1107//1107 
f 1107//1107 1108//1108 1108//1108 
f 1108//1108 1097//1097 1108//1108 
f 1108//1108 1097//1097 1097//1097 
f 1097//1097 1099//1099 1097//1097 
f 1097//1097 1099//1099 1109//1109 
f 1099//1099 1110//1110 1109//1109 
f 1109//1109 1110//1110 1109//1109 
f 1110//1110 1111//1111 1109//1109 
f 1109//1109 1111//1111 1112//1112 
f 1111//1111 1113//1113 1112//1112 
f 1112//1112 1113//1113 1114//1114 
f 1113//1113 1114//1114 1114//1114 
f 1114//1114 1114//1114 1115//1115 
f 1114//1114 1115//1115 1115//1115 
f 1115//1115 1115//1115 1116//1116 
f 1115//1115 1117//1117 1116//1116 
f 1116//1116 1117//1117 1116//1116 
f 1117//1117 1118//1118 1116//1116 
f 1116//1116 1118//1118 1119//1119 
f 1118//1118 1120//1120 1119//1119 
f 1119//1119 1120//1120 1121//1121 
f 1120//1120 1122//1122 1121//1121 
f 1121//1121 1122//1122 1123//1123 
f 1122//1122 1124//1124 1123//1123 
f 1123//1123 1124//1124 1125//1125 
f 1124//1124 1126//1126 1125//1125 
f 1125//1125 1126//1126 1127//1127 
f 1126//1126 1128//1128 1127//1127 
f 1127//1127 1128//1128 1129//1129 
f 1128//1128 1130//1130 1129//1129 
f 1129//1129 1130//1130 1131//1131 
f 1130//1130 1131//1131 1131//1131 
f 1131//1131 1131//1131 1115//1115 
f 1131//1131 1115//1115 1115//1115 
f 1115//1115 1115//1115 1117//1117 
f 1115//1115 1132//1132 1117//1117 
f 1117//1117 1132//1132 1132//1132 
f 1132//1132 1133//1133 1132//1132 
f 1132//1132 1133//1133 1133//1133 
f 1133//1133 1134//1134 1133//1133 
f 1133//1133 1134//1134 1135//1135 
f 1134//1134 1136//1136 1135//1135 
f 1135//1135 1136//1136 1137//1137 
f 1136//1136 1138//1138 1137//1137 
f 1137//1137 1138//1138 1139//1139 
f 1138//1138 1140//1140 1139//1139 
f 1139//1139 1140//1140 1139//1139 
f 1140//1140 1141//1141 1139//1139 
f 1139//1139 1141//1141 1142//1142 
f 1141//1141 1143//1143 1142//1142 
f 1142//1142 1143//1143 1144//1144 
f 1143//1143 1145//1145 1144//1144 
f 1144//1144 1145//1145 1146//1146 
f 1145//1145 1147//1147 1146//1146 
f 1146//1146 1147//1147 1148//1148 
f 1147//1147 1147//1147 1148//1148 
f 1148//1148 1147//1147 1149//1149 
f 1147//1147 1150//1150 1149//1149 
f 1149//1149 1150//1150 1150//1150 
f 1150//1150 1151//1151 1150//1150 
f 1150//1150 1151//1151 1151//1151 
f 1151//1151 1152//1152 1151//1151 
f 1151//1151 1152//1152 1153//1153 
f 1152//1152 1154//1154 1153//1153 
f 1153//1153 1154//1154 1155//1155 
f 1154//1154 1156//1156 1155//1155 
f 1155//1155 1156//1156 1157//1157 
f 1156//1156 1158//1158 1157//1157 
f 1157//1157 1158//1158 1159//1159 
f 1158//1158 1160//1160 1159//1159 
f 1159//1159 1160//1160 1161//1161 
f 1160//1160 1162//1162 1161//1161 
f 1161//1161 1162//1162 1163//1163 
f 1162//1162 1164//1164 1163//1163 
f 1163//1163 1164//1164 1165//1165 
f 1164//1164 1165//1165 1165//1165 
f 1165//1165 1165//1165 1152//1152 
f 1165//1165 1152//1152 1152//1152 
f 1152//1152 1152//1152 1166//1166 
f 1152//1152 1151//1151 1166//1166 
f 1166//1166 1151//1151 1166//1166 
f 1151//1151 1167//1167 1166//1166 
f 1166//1166 1167//1167 1168//1168 
f 1167//1167 1168//1168 1168//1168 
f 1168//1168 1168//1168 1169//1169 
f 1168//1168 1169//1169 1169//1169 
f 1169//1169 1169//1169 1169//1169 
f 1169//1169 1170//1170 1169//1169 
f 1169//1169 1170//1170 1171//1171 
f 1170//1170 1170//1170 1171//1171 
f 1171//1171 1170//1170 1172//1172 
f 1170//1170 1173//1173 1172//1172 
f 1172//1172 1173//1173 1174//1174 
f 1173//1173 1175//1175 1174//1174 
f 1174//1174 1175//1175 1176//1176 
f 1175//1175 1177//1177 1176//1176 
f 1176//1176 1177//1177 1178//1178 
f 1177//1177 1177//1177 1178//1178 
f 1178//1178 1177//1177 1179//1179 
f 1177//1177 1180//1180 1179//1179 
f 1179//1179 1180//1180 1180//1180 
f 1180//1180 1169//1169 1180//1180 
f 1180//1180 1169//1169 1169//1169 
f 1169//1169 1171//1171 1169//1169 
f 1169//1169 1171//1171 1181//1181 
f 1171//1171 1182//1182 1181//1181 
f 1181//1181 1182//1182 1181//1181 
f 1182//1182 1183//1183 1181//1181 
f 1181//1181 1183//1183 1184//1184 
f 1183//1183 1185//1185 1184//1184 
f 1184//1184 1185//1185 1186//1186 
f 1185//1185 1186//1186 1186//1186 
f 1186//1186 1186//1186 1187//1187 
f 1186//1186 1187//1187 1187//1187 
f 1187//1187 1187//1187 1188//1188 
f 1187//1187 1189//1189 1188//1188 
f 1188//1188 1189//1189 1188//1188 
f 1189//1189 1190//1190 1188//1188 
f 1188//1188 1190//1190 1191//1191 
f 1190//1190 1192//1192 1191//1191 
f 1191//1191 1192//1192 1193//1193 
f 1192//1192 1194//1194 1193//1193 
f 1193//1193 1194//1194 1195//1195 
f 1194//1194 1196//1196 1195//1195 
f 1195//1195 1196//1196 1197//1197 
f 1196//1196 1198//1198 1197//1197 
f 1197//1197 1198//1198 1199//1199 
f 1198//1198 1200//1200 1199//1199 
f 1199//1199 1200//1200 1201//1201 
f 1200//1200 1202//1202 1201//1201 
f 1201//1201 1202//1202 1203//1203 
f 1202//1202 1203//1203 1203//1203 
f 1203//1203 1203//1203 1187//1187 
f 1203//1203 1187//1187 1187//1187 
f 1187//1187 1187//1187 1189//1189 
f 1187//1187 1204//1204 1189//1189 
f 1189//1189 1204//1204 1204//1204 
f 1204//1204 1205//1205 1204//1204 
f 1204//1204 1205//1205 1205//1205 
f 1205//1205 1206//1206 1205//1205 
f 1205//1205 1206//1206 1207//1207 
f 1206//1206 1208//1208 1207//1207 
f 1207//1207 1208//1208 1209//1209 
f 1208//1208 1210//1210 1209//1209 
f 1209//1209 1210//1210 1211//1211 
f 1210//1210 1212//1212 1211//1211 
f 1211//1211 1212//1212 1211//1211 
f 1212//1212 1213//1213 1211//1211 
f 1211//1211 1213//1213 1214//1214 
f 1213//1213 1215//1215 1214//1214 
f 1214//1214 1215//1215 1216//1216 
f 1215//1215 1217//1217 1216//1216 
f 1216//1216 1217//1217 1218//1218 
f 1217//1217 1219//1219 1218//1218 
f 1218//1218 1219//1219 1220//1220 
f 1219//1219 1219//1219 1220//1220 
f 1220//1220 1219//1219 1221//1221 
f 1219//1219 1222//1222 1221//1221 
f 1221//1221 1222//1222 1222//1222 
f 1222//1222 1223//1223 1222//1222 
f 1222//1222 1223//1223 1223//1223 
f 1223//1223 1224//1224 1223//1223 
f 1223//1223 1224//1224 1225//1225 
f 1224//1224 1226//1226 1225//1225 
f 1225//1225 1226//1226 1227//1227 
f 1226//1226 1228//1228 1227//1227 
f 1227//1227 1228//1228 1229//1229 
f 1228//1228 1230//1230 1229//1229 
f 1229//1229 1230//1230 1231//1231 
f 1230//1230 1232//1232 1231//1231 
f 1231//1231 1232//1232 1233//1233 
f 1232//1232 1234//1234 1233//1233 
f 1233//1233 1234//1234 1235//1235 
f 1234//1234 1236//1236 1235//1235 
f 1235//1235 1236//1236 1237//1237 
f 1236//1236 1237//1237 1237//1237 
f 1237//1237 1237//1237 1224//1224 
f 1237//1237 1224//1224 1224//1224 
f 1224//1224 1224//1224 1238//1238 
f 1224//1224 1223//1223 1238//1238 
f 1238//1238 1223//1223 1238//1238 
f 1223//1223 1239//1239 1238//1238 
f 1238//1238 1239//1239 1240//1240 
f 1239//1239 1240//1240 1240//1240 
f 1240//1240 1240//1240 1241//1241 
f 1240//1240 1241//1241 1241//1241 
f 1241//1241 1241//1241 1241//1241 
f 1241//1241 1242//1242 1241//1241 
f 1241//1241 1242//1242 1243//1243 
f 1242//1242 1242//1242 1243//1243 
f 1243//1243 1242//1242 1244//1244 
f 1242//1242 1245//1245 1244//1244 
f 1244//1244 1245//1245 1246//1246 
f 1245//1245 1247//1247 1246//1246 
f 1246//1246 1247//1247 1248//1248 
f 1247//1247 1249//1249 1248//1248 
f 1248//1248 1249//1249 1250//1250 
f 1249//1249 1249//1249 1250//1250 
f 1250//1250 1249//1249 1251//1251 
f 1249//1249 1252//1252 1251//1251 
f 1251//1251 1252//1252 1252//1252 
f 1252//1252 1241//1241 1252//1252 
f 1252//1252 1241//1241 1241//1241 
f 1241//1241 1243//1243 1241//1241 
f 1241//1241 1243//1243 1253//1253 
f 1243//1243 1254//1254 1253//1253 
f 1253//1253 1254//1254 1253//1253 
f 1254//1254 1255//1255 1253//1253 
f 1253//1253 1255//1255 1256//1256 
f 1255//1255 1257//1257 1256//1256 
f 1256//1256 1257//1257 1258//1258 
f 1257//1257 1258//1258 1258//1258 
f 1258//1258 1258//1258 1259//1259 
f 1258//1258 1259//1259 1259//1259 
f 1259//1259 1259//1259 1260//1260 
f 1259//1259 1261//1261 1260//1260 
f 1260//1260 1261//1261 1260//1260 
f 1261//1261 1262//1262 1260//1260 
f 1260//1260 1262//1262 1263//1263 
f 1262//1262 1264//1264 1263//1263 
f 1263//1263 1264//1264 1265//1265 
f 1264//1264 1266//1266 1265//1265 
f 1265//1265 1266//1266 1267//1267 
f 1266//1266 1268//1268 1267//1267 
f 1267//1267 1268//1268 1269//1269 
f 1268//1268 1270//1270 1269//1269 
f 1269//1269 1270//1270 1271//1271 
f 1270//1270 1272//1272 1271//1271 
f 1271//1271 1272//1272 1273//1273 
f 1272//1272 1274//1274 1273//1273 
f 1273//1273 1274//1274 1275//1275 
f 1274//1274 1275//1275 1275//1275 
f 1275//1275 1275//1275 1259//1259 
f 1275//1275 1259//1259 1259//1259 
f 1259//1259 1259//1259 1261//1261 
f 1259//1259 1276//1276 1261//1261 
f 1261//1261 1276//1276 1276//1276 
f 1276//1276 1277//1277 1276//1276 
f 1276//1276 1277//1277 1277//1277 
f 1277//1277 1278//1278 1277//1277 
f 1277//1277 1278//1278 1279//1279 
f 1278//1278 1280//1280 1279//1279 
f 1279//1279 1280//1280 1281//1281 
f 1280//1280 1282//1282 1281//1281 
f 1281//1281 1282//1282 1283//1283 
f 1282//1282 1284//1284 1283//1283 
f 1283//1283 1284//1284 1283//1283 
f 1284//1284 1285//1285 1283//1283 
f 1283//1283 1285//1285 1286//1286 
f 1285//1285 1287//1287 1286//1286 
f 1286//1286 1287//1287 1288//1288 
f 1287//1287 1289//1289 1288//1288 
f 1288//1288 1289//1289 1290//1290 
f 1289//1289 1291//1291 1290//1290 
f 1290//1290 1291//1291 1292//1292 
f 1291//1291 1291//1291 1292//1292 
f 1292//1292 1291//1291 1293//1293 
f 1291//1291 1294//1294 1293//1293 
f 1293//1293 1294//1294 1294//1294 
f 1294//1294 1295//1295 1294//1294 
f 1294//1294 1295//1295 1295//1295 
f 1295//1295 1296//1296 1295//1295 
f 1295//1295 1296//1296 1297//1297 
f 1296//1296 1298//1298 1297//1297 
f 1297//1297 1298//1298 1299//1299 
f 1298//1298 1300//1300 1299//1299 
f 1299//1299 1300//1300 1301//1301 
f 1300//1300 1302//1302 1301//1301 
f 1301//1301 1302//1302 1303//1303 
f 1302//1302 1304//1304 1303//1303 
f 1303//1303 1304//1304 1305//1305 
f 1304//1304 1306//1306 1305//1305 
f 1305//1305 1306//1306 1307//1307 
f 1306//1306 1308//1308 1307//1307 
f 1307//1307 1308//1308 1309//1309 
f 1308//1308 1309//1309 1309//1309 
f 1309//1309 1309//1309 1296//1296 
f 1309//1309 1296//1296 1296//1296 
f 1296//1296 1296//1296 1310//1310 
f 1296//1296 1295//1295 1310//1310 
f 1310//1310 1295//1295 1310//1310 
f 1295//1295 1311//1311 1310//1310 
f 1310//1310 1311//1311 1312//1312 
f 1311//1311 1312//1312 1312//1312 
f 1312//1312 1312//1312 1313//1313 
f 1312//1312 1313//1313 1313//1313 
f 1313//1313 1313//1313 1313//1313 
f 1313//1313 1314//1314 1313//1313 
f 1313//1313 1314//1314 1315//1315 
f 1314//1314 1314//1314 1315//1315 
f 1315//1315 1314//1314 1316//1316 
f 1314//1314 1317//1317 1316//1316 
f 1316//1316 1317//1317 1318//1318 
f 1317//1317 1319//1319 1318//1318 
f 1318//1318 1319//1319 1320//1320 
f 1319//1319 1321//1321 1320//1320 
f 1320//1320 1321//1321 1322//1322 
f 1321//1321 1321//1321 1322//1322 
f 1322//1322 1321//1321 1323//1323 
f 1321//1321 1324//1324 1323//1323 
f 1323//1323 1324//1324 1324//1324 
f 1324//1324 1313//1313 1324//1324 
f 1324//1324 1313//1313 1313//1313 
f 1313//1313 1315//1315 1313//1313 
f 1313//1313 1315//1315 1325//1325 
f 1315//1315 1326//1326 1325//1325 
f 1325//1325 1326//1326 1325//1325 
f 1326//1326 1327//1327 1325//1325 
f 1325//1325 1327//1327 1328//1328 
f 1327//1327 1329//1329 1328//1328 
f 1328//1328 1329//1329 1330//1330 
f 1329//1329 1330//1330 1330//1330 
f 1330//1330 1330//1330 1331//1331 
f 1330//1330 1331//1331 1331//1331 
f 1331//1331 1331//1331 1332//1332 
f 1331//1331 1333//1333 1332//1332 
f 1332//1332 1333//1333 1332//1332 
f 1333//1333 1334//1334 1332//1332 
f 1332//1332 1334//1334 1335//1335 
f 1334//1334 1336//1336 1335//1335 
f 1335//1335 1336//1336 1337//1337 
f 1336//1336 1338//1338 1337//1337 
f 1337//1337 1338//1338 1339//1339 
f 1338//1338 1340//1340 1339//1339 
f 1339//1339 1340//1340 1341//1341 
f 1340//1340 1342//1342 1341//1341 
f 1341//1341 1342//1342 1343//1343 
f 1342//1342 1344//1344 1343//1343 
f 1343//1343 1344//1344 1345//1345 
f 1344//1344 1346//1346 1345//1345 
f 1345//1345 1346//1346 1347//1347 
f 1346//1346 1347//1347 1347//1347 
f 1347//1347 1347//1347 1331//1331 
f 1347//1347 1331//1331 1331//1331 
f 1331//1331 1331//1331 1333//1333 
f 1331//1331 1348//1348 1333//1333 
f 1333//1333 1348//1348 1348//1348 
f 1348//1348 1349//1349 1348//1348 
f 1348//1348 1349//1349 1349//1349 
f 1349//1349 1350//1350 1349//1349 
f 1349//1349 1350//1350 1351//1351 
f 1350//1350 1352//1352 1351//1351 
f 1351//1351 1352//1352 1353//1353 
f 1352//1352 1354//1354 1353//1353 
f 1353//1353 1354//1354 1355//1355 
f 1354//1354 1356//1356 1355//1355 
f 1355//1355 1356//1356 1355//1355 
f 1356//1356 1357//1357 1355//1355 
f 1355//1355 1357//1357 1358//1358 
f 1357//1357 1359//1359 1358//1358 
f 1358//1358 1359//1359 1360//1360 
f 1359//1359 1361//1361 1360//1360 
f 1360//1360 1361//1361 1362//1362 
f 1361//1361 1363//1363 1362//1362 
f 1362//1362 1363//1363 1364//1364 
f 1363//1363 1363//1363 1364//1364 
f 1364//1364 1363//1363 1365//1365 
f 1363//1363 1366//1366 1365//1365 
f 1365//1365 1366//1366 1366//1366 
f 1366//1366 1367//1367 1366//1366 
f 1366//1366 1367//1367 1367//1367 
f 1367//1367 1368//1368 1367//1367 
f 1367//1367 1368//1368 1369//1369 
f 1368//1368 1370//1370 1369//1369 
f 1369//1369 1370//1370 1371//1371 
f 1370//1370 1372//1372 1371//1371 
f 1371//1371 1372//1372 1373//1373 
f 1372//1372 1374//1374 1373//1373 
f 1373//1373 1374//1374 1375//1375 
f 1374//1374 1376//1376 1375//1375 
f 1375//1375 1376//1376 1377//1377 
f 1376//1376 1378//1378 1377//1377 
f 1377//1377 1378//1378 1379//1379 
f 1378//1378 1380//1380 1379//1379 
f 1379//1379 1380//1380 1381//1381 
f 1380//1380 1381//1381 1381//1381 
f 1381//1381 1381//1381 1368//1368 
f 1381//1381 1368//1368 1368//1368 
f 1368//1368 1368//1368 1382//1382 
f 1368//1368 1367//1367 1382//1382 
f 1382//1382 1367//1367 1382//1382 
f 1367//1367 1383//1383 1382//1382 
f 1382//1382 1383//1383 1384//1384 
f 1383//1383 1384//1384 1384//1384 
f 1384//1384 1384//1384 1385//1385 
f 1384//1384 1385//1385 1385//1385 
f 1385//1385 1385//1385 1385//1385 
f 1385//1385 1386//1386 1385//1385 
f 1385//1385 1386//1386 1387//1387 
f 1386//1386 1386//1386 1387//1387 
f 1387//1387 1386//1386 1388//1388 
f 1386//1386 1389//1389 1388//1388 
f 1388//1388 1389//1389 1390//1390 
f 1389//1389 1391//1391 1390//1390 
f 1390//1390 1391//1391 1392//1392 
f 1391//1391 1393//1393 1392//1392 
f 1392//1392 1393//1393 1394//1394 
f 1393//1393 1393//1393 1394//1394 
f 1394//1394 1393//1393 1395//1395 
f 1393//1393 1396//1396 1395//1395 
f 1395//1395 1396//1396 1396//1396 
f 1396//1396 1385//1385 1396//1396 
f 1396//1396 1385//1385 1385//1385 
f 1385//1385 1387//1387 1385//1385 
f 1385//1385 1387//1387 1397//1397 
f 1387//1387 1398//1398 1397//1397 
f 1397//1397 1398//1398 1397//1397 
f 1398//1398 1399//1399 1397//1397 
f 1397//1397 1399//1399 1400//1400 
f 1399//1399 1401//1401 1400//1400 
f 1400//1400 1401//1401 1402//1402 
f 1401//1401 1402//1402 1402//1402 
f 1402//1402 1402//1402 1403//1403 
f 1402//1402 1403//1403 1403//1403 
f 1403//1403 1403//1403 1404//1404 
f 1403//1403 1405//1405 1404//1404 
f 1404//1404 1405//1405 1404//1404 
f 1405//1405 1406//1406 1404//1404 
f 1404//1404 1406//1406 1407//1407 
f 1406//1406 1408//1408 1407//1407 
f 1407//1407 1408//1408 1409//1409 
f 1408//1408 1410//1410 1409//1409 
f 1409//1409 1410//1410 1411//1411 
f 1410//1410 1412//1412 1411//1411 
f 1411//1411 1412//1412 1413//1413 
f 1412//1412 1414//1414 1413//1413 
f 1413//1413 1414//1414 1415//1415 
f 1414//1414 1416//1416 1415//1415 
f 1415//1415 1416//1416 1417//1417 
f 1416//1416 1418//1418 1417//1417 
f 1417//1417 1418//1418 1419//1419 
f 1418//1418 1419//1419 1419//1419 
f 1419//1419 1419//1419 1403//1403 
f 1419//1419 1403//1403 1403//1403 
f 1403//1403 1403//1403 1405//1405 
f 1403//1403 1420//1420 1405//1405 
f 1405//1405 1420//1420 1420//1420 
f 1420//1420 1421//1421 1420//1420 
f 1420//1420 1421//1421 1421//1421 
f 1421//1421 1422//1422 1421//1421 
f 1421//1421 1422//1422 1423//1423 
f 1422//1422 1424//1424 1423//1423 
f 1423//1423 1424//1424 1425//1425 
f 1424//1424 1426//1426 1425//1425 
f 1425//1425 1426//1426 1427//1427 
f 1426//1426 1428//1428 1427//1427 
f 1427//1427 1428//1428 1427//1427 
f 1428//1428 1429//1429 1427//1427 
f 1427//1427 1429//1429 1430//1430 
f 1429//1429 1431//1431 1430//1430 
f 1430//1430 1431//1431 1432//1432 
f 1431//1431 1433//1433 1432//1432 
f 1432//1432 1433//1433 1434//1434 
f 1433//1433 1435//1435 1434//1434 
f 1434//1434 1435//1435 1436//1436 
f 1435//1435 1435//1435 1436//1436 
f 1436//1436 1435//1435 1437//1437 
f 1435//1435 1438//1438 1437//1437 
f 1437//1437 1438//1438 1438//1438 
f 1438//1438 1439//1439 1438//1438 
f 1438//1438 1439//1439 1439//1439 
f 1439//1439 1440//1440 1439//1439 
f 1439//1439 1440//1440 1441//1441 
f 1440//1440 1442//1442 1441//1441 
f 1441//1441 1442//1442 1443//1443 
f 1442//1442 1444//1444 1443//1443 
f 1443//1443 1444//1444 1445//1445 
f 1444//1444 1446//1446 1445//1445 
f 1445//1445 1446//1446 1447//1447 
f 1446//1446 1448//1448 1447//1447 
f 1447//1447 1448//1448 1449//1449 
f 1448//1448 1450//1450 1449//1449 
f 1449//1449 1450//1450 1451//1451 
f 1450//1450 1452//1452 1451//1451 
f 1451//1451 1452//1452 1453//1453 
f 1452//1452 1453//1453 1453//1453 
f 1453//1453 1453//1453 1440//1440 
f 1453//1453 1440//1440 1440//1440 
f 1440//1440 1440//1440 1454//1454 
f 1440//1440 1439//1439 1454//1454 
f 1454//1454 1439//1439 1454//1454 
f 1439//1439 1455//1455 1454//1454 
f 1454//1454 1455//1455 1456//1456 
f 1455//1455 1456//1456 1456//1456 
f 1456//1456 1456//1456 1457//1457 
f 1456//1456 1457//1457 1457//1457 
f 1457//1457 1457//1457 1457//1457 
f 1457//1457 1458//1458 1457//1457 
f 1457//1457 1458//1458 1459//1459 
f 1458//1458 1458//1458 1459//1459 
f 1459//1459 1458//1458 1460//1460 
f 1458//1458 1461//1461 1460//1460 
f 1460//1460 1461//1461 1462//1462 
f 1461//1461 1463//1463 1462//1462 
f 1462//1462 1463//1463 1464//1464 
f 1463//1463 1465//1465 1464//1464 
f 1464//1464 1465//1465 1466//1466 
f 1465//1465 1465//1465 1466//1466 
f 1466//1466 1465//1465 1467//1467 
f 1465//1465 1468//1468 1467//1467 
f 1467//1467 1468//1468 1468//1468 
f 1468//1468 1457//1457 1468//1468 
f 1468//1468 1457//1457 1457//1457 
f 1457//1457 1459//1459 1457//1457 
f 1457//1457 1459//1459 1469//1469 
f 1459//1459 1470//1470 1469//1469 
f 1469//1469 1470//1470 1469//1469 
f 1470//1470 1471//1471 1469//1469 
f 1469//1469 1471//1471 1472//1472 
f 1471//1471 1473//1473 1472//1472 
f 1472//1472 1473//1473 1474//1474 
f 1473//1473 1474//1474 1474//1474 
f 1474//1474 1474//1474 1475//1475 
f 1474//1474 1475//1475 1475//1475 
f 1475//1475 1475//1475 1476//1476 
f 1475//1475 1477//1477 1476//1476 
f 1476//1476 1477//1477 1476//1476 
f 1477//1477 1478//1478 1476//1476 
f 1476//1476 1478//1478 1479//1479 
f 1478//1478 1480//1480 1479//1479 
f 1479//1479 1480//1480 1481//1481 
f 1480//1480 1482//1482 1481//1481 
f 1481//1481 1482//1482 1483//1483 
f 1482//1482 1484//1484 1483//1483 
f 1483//1483 1484//1484 1485//1485 
f 1484//1484 1486//1486 1485//1485 
f 1485//1485 1486//1486 1487//1487 
f 1486//1486 1488//1488 1487//1487 
f 1487//1487 1488//1488 1489//1489 
f 1488//1488 1490//1490 1489//1489 
f 1489//1489 1490//1490 1491//1491 
f 1490//1490 1491//1491 1491//1491 
f 1491//1491 1491//1491 1475//1475 
f 1491//1491 1475//1475 1475//1475 
f 1475//1475 1475//1475 1477//1477 
f 1475//1475 1492//1492 1477//1477 
f 1477//1477 1492//1492 1492//1492 
f 1492//1492 1493//1493 1492//1492 
f 1492//1492 1493//1493 1493//1493 
f 1493//1493 1494//1494 1493//1493 
f 1493//1493 1494//1494 1495//1495 
f 1494//1494 1496//1496 1495//1495 
f 1495//1495 1496//1496 1497//1497 
f 1496//1496 1498//1498 1497//1497 
f 1497//1497 1498//1498 1499//1499 
f 1498//1498 1500//1500 1499//1499 
f 1499//1499 1500//1500 1499//1499 
f 1500//1500 1501//1501 1499//1499 
f 1499//1499 1501//1501 1502//1502 
f 1501//1501 1503//1503 1502//1502 
f 1502//1502 1503//1503 1504//1504 
f 1503//1503 1505//1505 1504//1504 
f 1504//1504 1505//1505 1506//1506 
f 1505//1505 1507//1507 1506//1506 
f 1506//1506 1507//1507 1508//1508 
f 1507//1507 1507//1507 1508//1508 
f 1508//1508 1507//1507 1509//1509 
f 1507//1507 1510//1510 1509//1509 
f 1509//1509 1510//1510 1510//1510 
f 1510//1510 1511//1511 1510//1510 
f 1510//1510 1511//1511 1511//1511 
f 1511//1511 1512//1512 1511//1511 
f 1511//1511 1512//1512 1513//1513 
f 1512//1512 1514//1514 1513//1513 
f 1513//1513 1514//1514 1515//1515 
f 1514//1514 1516//1516 1515//1515 
f 1515//1515 1516//1516 1517//1517 
f 1516//1516 1518//1518 1517//1517 
f 1517//1517 1518//1518 1519//1519 
f 1518//1518 1520//1520 1519//1519 
f 1519//1519 1520//1520 1521//1521 
f 1520//1520 1522//1522 1521//1521 
f 1521//1521 1522//1522 1523//1523 
f 1522//1522 1524//1524 1523//1523 
f 1523//1523 1524//1524 1525//1525 
f 1524//1524 1525//1525 1525//1525 
f 1525//1525 1525//1525 1512//1512 
f 1525//1525 1512//1512 1512//1512 
f 1512//1512 1512//1512 1526//1526 
f 1512//1512 1511//1511 1526//1526 
f 1526//1526 1511//1511 1526//1526 
f 1511//1511 1527//1527 1526//1526 
f 1526//1526 1527//1527 1528//1528 

