mtllib model_11.mtl
o model_11
v -1.385846495628357 0.12740324437618256 1.1309057474136353 
v -1.3858898878097534 0.12483394891023636 1.131204605102539 
v -1.390783667564392 0.12379641085863113 1.0983408689498901 
v -1.3906968832015991 0.1211337223649025 1.0986337661743164 
v -1.3906968832015991 0.12000998109579086 1.057998776435852 
v -1.390783667564392 0.12276536226272583 1.0576977729797363 
v -1.3906968832015991 0.1264592558145523 1.0980513095855713 
v -1.3856077194213867 0.1282566487789154 1.1307427883148193 
v -1.3817882537841797 0.12854433059692383 1.1442216634750366 
v -1.3820377588272095 0.1277020126581192 1.1443841457366943 
v -1.382081151008606 0.12516413629055023 1.1446813344955444 
v -1.3819509744644165 0.12262372672557831 1.14492666721344 
v -1.385759711265564 0.12226221710443497 1.1314549446105957 
v -1.3904255628585815 0.12024706602096558 1.098729133605957 
v -1.3904255628585815 0.11909205466508865 1.0580991506576538 
v -1.3904255628585815 0.11866018921136856 1.0429294109344482 
v -1.3906968832015991 0.11959051340818405 1.0428251028060913 
v -1.390783667564392 0.12238037586212158 1.042518973350525 
v -1.3906968832015991 0.12551897764205933 1.0573935508728027 
v -1.3904255628585815 0.1273457556962967 1.0979527235031128 
v -1.350049376487732 0.12824510037899017 1.138224482536316 
v -1.3500276803970337 0.1285586804151535 1.1522321701049805 
v -1.229636788368225 0.12824510037899017 1.138224482536316 
v -1.2298862934112549 0.1273457556962967 1.0979527235031128 
v -1.3501144647598267 0.1273457556962967 1.0979527235031128 
v -1.230125069618225 0.12643851339817047 1.057293176651001 
v -1.3501795530319214 0.12643851339817047 1.057293176651001 
v -1.2302227020263672 0.12609918415546417 1.042112112045288 
v -1.3502012491226196 0.12609918415546417 1.042112112045288 
v -1.3904255628585815 0.12643851339817047 1.057293176651001 
v -1.3904255628585815 0.12609918415546417 1.042112112045288 
v -1.3906968832015991 0.1251688003540039 1.0422165393829346 
v -1.3906968832015991 0.12233354896306992 1.0406882762908936 
v -1.3906317949295044 0.12027771025896072 1.0413916110992432 
v -1.3904255628585815 0.11954053491353989 1.0409945249557495 
v -1.3904255628585815 0.12231799960136414 1.040079116821289 
v -1.3906317949295044 0.12441219389438629 1.0409367084503174 
v -1.3904255628585815 0.12512651085853577 1.0403821468353271 
v -1.350147008895874 0.12512651085853577 1.0403821468353271 
v -1.3499842882156372 0.12231799960136414 1.040079116821289 
v -1.3498214483261108 0.11954053491353989 1.0409945249557495 
v -1.3497672080993652 0.11866018921136856 1.0429294109344482 
v -1.3497563600540161 0.11909205466508865 1.0580991506576538 
v -1.3497021198272705 0.12024706602096558 1.098729133605957 
v -1.3854883909225464 0.12140178680419922 1.1314727067947388 
v -1.3816797733306885 0.12177414447069168 1.1449404954910278 
v -1.381506085395813 0.12263675034046173 1.1454839706420898 
v -1.3817557096481323 0.12329381704330444 1.1453062295913696 
v -1.3814952373504639 0.12518002092838287 1.1454254388809204 
v -1.381809949874878 0.12517796456813812 1.145287036895752 
v -1.381592869758606 0.12771204113960266 1.1449449062347412 
v -1.381820797920227 0.1270538568496704 1.1449042558670044 
v -1.3499842882156372 0.12772773206233978 1.1529830694198608 
v -1.2295608520507812 0.1285586804151535 1.1522321701049805 
v -1.1060123443603516 0.1306702047586441 1.1381059885025024 
v -1.1065114736557007 0.1296890527009964 1.0978381633758545 
v -1.1070107221603394 0.12869995832443237 1.0571826696395874 
v -1.1071951389312744 0.12832918763160706 1.0420031547546387 
v -1.1067827939987183 0.1274242252111435 1.0402698516845703 
v -1.2300165891647339 0.12512651085853577 1.0403821468353271 
v -1.105480670928955 0.12482811510562897 1.0399565696716309 
v -1.2293871641159058 0.12231799960136414 1.040079116821289 
v -1.1041568517684937 0.12226312607526779 1.0408616065979004 
v -1.228747010231018 0.11954053491353989 1.0409945249557495 
v -1.228519082069397 0.11866018921136856 1.0429294109344482 
v -1.2284541130065918 0.11909205466508865 1.0580991506576538 
v -1.228258728981018 0.12024706602096558 1.098729133605957 
v -1.2280741930007935 0.12139090895652771 1.1389681100845337 
v -1.349658727645874 0.12139090895652771 1.1389681100845337 
v -1.3496370315551758 0.12178927659988403 1.1529682874679565 
v -1.2280092239379883 0.12178927659988403 1.1529682874679565 
v -1.3496912717819214 0.1226530596613884 1.1535358428955078 
v -1.2282044887542725 0.12265288829803467 1.1535323858261108 
v -1.34983229637146 0.12519633769989014 1.153477430343628 
v -1.2293546199798584 0.12772773206233978 1.1529830694198608 
v -1.1058279275894165 0.13101056218147278 1.152112364768982 
v -1.2287795543670654 0.12519633769989014 1.153477430343628 
v -1.1054264307022095 0.13024571537971497 1.1528600454330444 
v -1.1042327880859375 0.127907857298851 1.153344988822937 
v -1.0550565719604492 0.13779963552951813 1.1524910926818848 
v -1.055696725845337 0.13836780190467834 1.1517529487609863 
v -1.055967926979065 0.13794247806072235 1.1377507448196411 
v -1.0567600727081299 0.1367189735174179 1.0974948406219482 
v -1.0575522184371948 0.13548441231250763 1.0568512678146362 
v -1.0578560829162598 0.13502387702465057 1.0416761636734009 
v -1.0571941137313843 0.13432036340236664 1.0399329662322998 
v -1.055132508277893 0.13235686719417572 1.0395886898040771 
v -1.053049087524414 0.13043560087680817 1.0404623746871948 
v -1.103701114654541 0.1214582696557045 1.0427926778793335 
v -1.1035492420196533 0.1219121664762497 1.057961344718933 
v -1.1031694412231445 0.12313015758991241 1.098588228225708 
v -1.1027787923812866 0.12433692812919617 1.138824224472046 
v -1.1026486158370972 0.12475738674402237 1.1528232097625732 
v -1.103039264678955 0.1255580186843872 1.1533904075622559 
v -1.0531684160232544 0.1360425353050232 1.1529476642608643 
v -1.0448675155639648 0.1515101194381714 1.151821255683899 
v -1.0457030534744263 0.151845321059227 1.1510945558547974 
v -1.0460611581802368 0.15132087469100952 1.1370972394943237 
v -1.0470811128616333 0.1498125046491623 1.0968551635742188 
v -1.048122763633728 0.14828991889953613 1.0562256574630737 
v -1.0485025644302368 0.14772085845470428 1.0410559177398682 
v -1.0476561784744263 0.14725494384765625 1.0393011569976807 
v -1.044965147972107 0.14603900909423828 1.0389204025268555 
v -1.0422632694244385 0.14487150311470032 1.0397571325302124 
v -1.052332878112793 0.1298510879278183 1.0423827171325684 
v -1.0520942211151123 0.13037577271461487 1.057547926902771 
v -1.0514864921569824 0.13178260624408722 1.0981656312942505 
v -1.050878882408142 0.1331750601530075 1.138392448425293 
v -1.0506727695465088 0.13366004824638367 1.152388334274292 
v -1.0512912273406982 0.13427028059959412 1.1529648303985596 
v -1.0424151420593262 0.1504344344139099 1.1522445678710938 
v -1.0414928197860718 0.17249442636966705 1.1507961750030518 
v -1.042404294013977 0.1726612001657486 1.1500777006149292 
v -1.042794942855835 0.17206282913684845 1.136083960533142 
v -1.0439234972000122 0.17034512758255005 1.0958521366119385 
v -1.045062780380249 0.16861167550086975 1.0552330017089844 
v -1.0454859733581543 0.167963907122612 1.0400669574737549 
v -1.0445528030395508 0.1676711142063141 1.0383037328720093 
v -1.0416014194488525 0.16700443625450134 1.0378961563110352 
v -1.0386282205581665 0.16638928651809692 1.0387059450149536 
v -1.0413192510604858 0.14454667270183563 1.0416648387908936 
v -1.04102623462677 0.14515481889247894 1.056825876235962 
v -1.0402342081069946 0.14678353071212769 1.0974328517913818 
v -1.0394420623779297 0.14839477837085724 1.1376489400863647 
v -1.039170742034912 0.1489568054676056 1.1516411304473877 
v -1.0399737358093262 0.1493436098098755 1.1522284746170044 
v -1.0388017892837524 0.17192234098911285 1.1511948108673096 
v -1.0361217260360718 0.17132879793643951 1.1511545181274414 
v -1.0352319478988647 0.17110571265220642 1.1505590677261353 
v -1.0355356931686401 0.17048855125904083 1.136569619178772 
v -1.036403775215149 0.1687151938676834 1.0963613986968994 
v -1.0372718572616577 0.1669243723154068 1.055762529373169 
v -1.03760826587677 0.16625645756721497 1.0406042337417603 
v 1.3906950950622559 0.25618723034858704 1.0830776691436768 
v 1.3907818794250488 0.2587680518627167 1.0829218626022339 
v 1.3907818794250488 0.25782427191734314 1.1231791973114014 
v 1.3906950950622559 0.2604980766773224 1.123016595840454 
v 1.3906950950622559 0.2596378028392792 1.1636580228805542 
v 1.3907818794250488 0.2568710148334503 1.163824200630188 
v 1.3906950950622559 0.2551504671573639 1.1233384609222412 
v 1.3904237747192383 0.25532689690589905 1.0831260681152344 
v 1.3904237747192383 0.25569722056388855 1.0691198110580444 
v 1.3906950950622559 0.2565464675426483 1.0690712928771973 
v 1.3907818794250488 0.25909581780433655 1.068919062614441 
v 1.3906950950622559 0.2616451680660248 1.0687668323516846 
v 1.3906950950622559 0.2613489329814911 1.0827661752700806 
v 1.3904237747192383 0.2613883316516876 1.12296462059021 
v 1.3904237747192383 0.2605595290660858 1.163602590560913 
v 1.3904237747192383 0.2602507174015045 1.1787753105163574 
v 1.3906950950622559 0.25931641459465027 1.178834080696106 
v 1.3907818794250488 0.2565164864063263 1.1790037155151367 
v 1.3906950950622559 0.2541058361530304 1.1639937162399292 
v 1.3904237747192383 0.25426021218299866 1.1233937740325928 
v 1.3500475883483887 0.25532689690589905 1.0831260681152344 
v 1.3500258922576904 0.25569722056388855 1.0691198110580444 
v 1.2296351194381714 0.25532689690589905 1.0831260681152344 
v 1.2298846244812012 0.25426021218299866 1.1233937740325928 
v 1.3501126766204834 0.25426021218299866 1.1233937740325928 
v 1.2301234006881714 0.2531825006008148 1.1640491485595703 
v 1.3501777648925781 0.2531825006008148 1.1640491485595703 
v 1.2302210330963135 0.2527807056903839 1.179228663444519 
v 1.350199580192566 0.2527807056903839 1.179228663444519 
v 1.3904237747192383 0.2531825006008148 1.1640491485595703 
v 1.3904237747192383 0.2527807056903839 1.179228663444519 
v 1.3906950950622559 0.25371506810188293 1.179169774055481 
v 1.3906950950622559 0.2564723789691925 1.1808345317840576 
v 1.3906300067901611 0.25856009125709534 1.180232286453247 
v 1.3904237747192383 0.25927701592445374 1.1806648969650269 
v 1.3904237747192383 0.25645819306373596 1.181443691253662 
v 1.3906300067901611 0.2544083297252655 1.1804850101470947 
v 1.3904237747192383 0.25366780161857605 1.1810040473937988 
v 1.3501453399658203 0.25366780161857605 1.1810040473937988 
v 1.349982500076294 0.25645819306373596 1.181443691253662 
v 1.3498196601867676 0.25927701592445374 1.1806648969650269 
v 1.349765419960022 0.2602507174015045 1.1787753105163574 
v 1.3497546911239624 0.2605595290660858 1.163602590560913 
v 1.3497003316879272 0.2613883316516876 1.12296462059021 
v 1.3904237747192383 0.2622092068195343 1.082717776298523 
v 1.3904237747192383 0.26249441504478455 1.0687148571014404 
v 1.3904237747192383 0.2616593539714813 1.0681092739105225 
v 1.3906300067901611 0.26099440455436707 1.0683168172836304 
v 1.3904237747192383 0.2591162621974945 1.0680400133132935 
v 1.3906950950622559 0.25911155343055725 1.0682580471038818 
v 1.3904237747192383 0.2565637528896332 1.0684102773666382 
v 1.3906300067901611 0.25721922516822815 1.0685418844223022 
v 1.349982500076294 0.2565637528896332 1.0684102773666382 
v 1.229559063911438 0.25569722056388855 1.0691198110580444 
v 1.1060106754302979 0.2528989017009735 1.0831260681152344 
v 1.106509804725647 0.2519141137599945 1.1233937740325928 
v 1.107008934020996 0.25091835856437683 1.1640491485595703 
v 1.1071933507919312 0.2505480945110321 1.179228663444519 
v 1.106781005859375 0.25136736035346985 1.1810040473937988 
v 1.2300148010253906 0.25366780161857605 1.1810040473937988 
v 1.1054790019989014 0.25394508242607117 1.181443691253662 
v 1.229385495185852 0.25645819306373596 1.181443691253662 
v 1.10415518283844 0.25655117630958557 1.1806648969650269 
v 1.2287453413009644 0.25927701592445374 1.1806648969650269 
v 1.2285174131393433 0.2602507174015045 1.1787753105163574 
v 1.2284523248672485 0.2605595290660858 1.163602590560913 
v 1.2282570600509644 0.2613883316516876 1.12296462059021 
v 1.2280725240707397 0.2622092068195343 1.082717776298523 
v 1.3496569395065308 0.2622092068195343 1.082717776298523 
v 1.3496352434158325 0.26249441504478455 1.0687148571014404 
v 1.228007435798645 0.26249441504478455 1.0687148571014404 
v 1.3496894836425781 0.2616593539714813 1.0681058168411255 
v 1.2282027006149292 0.2616593539714813 1.0681092739105225 
v 1.3498306274414062 0.2591162621974945 1.0680400133132935 
v 1.2293529510498047 0.2565637528896332 1.0684102773666382 
v 1.1058369874954224 0.2532424032688141 1.0691198110580444 
v 1.2287778854370117 0.2591162621974945 1.0680400133132935 
v 1.1054247617721558 0.25404277443885803 1.0684102773666382 
v 1.1042311191558838 0.25640150904655457 1.0680400133132935 
v 1.055054783821106 0.2464798241853714 1.0684102773666382 
v 1.0556949377059937 0.24587632715702057 1.0691198110580444 
v 1.0559662580490112 0.24561794102191925 1.0831260681152344 
v 1.0567584037780762 0.24487580358982086 1.1233937740325928 
v 1.0575504302978516 0.24412579834461212 1.1640491485595703 
v 1.0578542947769165 0.2438453584909439 1.179228663444519 
v 1.0571924448013306 0.2444629818201065 1.1810040473937988 
v 1.0551307201385498 0.24640734493732452 1.181443691253662 
v 1.0530474185943604 0.2483689934015274 1.1806648969650269 
v 1.1036994457244873 0.25744929909706116 1.1787753105163574 
v 1.10354745388031 0.25773605704307556 1.163602590560913 
v 1.1031676530838013 0.258501797914505 1.12296462059021 
v 1.102777123451233 0.2592596709728241 1.082717776298523 
v 1.102646827697754 0.25952282547950745 1.0687148571014404 
v 1.1030374765396118 0.2587507665157318 1.0681092739105225 
v 1.0531667470932007 0.248257115483284 1.0680400133132935 
v 1.0448657274246216 0.2327529937028885 1.0684102773666382 
v 1.045701265335083 0.23238272964954376 1.0691198110580444 
v 1.0460593700408936 0.23222358524799347 1.0831260681152344 
v 1.04707932472229 0.23176665604114532 1.1233937740325928 
v 1.0481210947036743 0.23130501806735992 1.1640491485595703 
v 1.0485007762908936 0.23113323748111725 1.179228663444519 
v 1.0476545095443726 0.23151297867298126 1.1810040473937988 
v 1.0449634790420532 0.2327088862657547 1.181443691253662 
v 1.0422616004943848 0.23391582071781158 1.1806648969650269 
v 1.0523312091827393 0.2490464597940445 1.1787753105163574 
v 1.052092432975769 0.24926234781742096 1.163602590560913 
v 1.0514848232269287 0.24983902275562286 1.12296462059021 
v 1.0508772134780884 0.2504110038280487 1.082717776298523 
v 1.0506709814071655 0.25060948729515076 1.0687148571014404 
v 1.0512895584106445 0.2500281035900116 1.0681092739105225 
v 1.0424134731292725 0.23384805023670197 1.0680400133132935 
v 1.041491150856018 0.21174366772174835 1.0684102773666382 
v 1.0424026250839233 0.2115420252084732 1.0691198110580444 
v 1.0427932739257812 0.21145690977573395 1.0831260681152344 
v 1.043921709060669 0.21120955049991608 1.1233937740325928 
v 1.0450611114501953 0.2109590321779251 1.1640491485595703 
v 1.0454843044281006 0.2108660489320755 1.179228663444519 
v 1.044551134109497 0.21107245981693268 1.1810040473937988 
v 1.0415996313095093 0.21171845495700836 1.181443691253662 
v 1.0386265516281128 0.21237237751483917 1.1806648969650269 
v 1.0413175821304321 0.2343333512544632 1.1787753105163574 
v 1.0410245656967163 0.23446567356586456 1.163602590560913 
v 1.0402324199676514 0.2348202019929886 1.12296462059021 
v 1.0394402742385864 0.23517312109470367 1.082717776298523 
v 1.0391690731048584 0.23529447615146637 1.0687148571014404 
v 1.0399720668792725 0.23493678867816925 1.0681092739105225 
v 1.0388001203536987 0.2123345285654068 1.0680400133132935 
v 1.0415128469467163 0.19189245998859406 1.0684102773666382 
v 1.042456865310669 0.1918041855096817 1.0691198110580444 
v 1.0428475141525269 0.1917663961648941 1.0831260681152344 
v 1.044008493423462 0.1916576772928238 1.1233937740325928 
v 1.0451695919036865 0.19154740869998932 1.1640491485595703 
v 1.045603632926941 0.19150640070438385 1.179228663444519 
v 1.04463791847229 0.19159622490406036 1.1810040473937988 
v 1.0416321754455566 0.19188298285007477 1.181443691253662 
v 1.0385831594467163 0.1921713501214981 1.1806648969650269 
v 1.0376064777374268 0.21259768307209015 1.1787753105163574 
v 1.0372700691223145 0.21267016232013702 1.163602590560913 
v 1.0364021062850952 0.21286238729953766 1.12296462059021 
v 1.0355340242385864 0.21305300295352936 1.082717776298523 
v 1.0352301597595215 0.21311922371387482 1.0687148571014404 
v 1.0361199378967285 0.21292538940906525 1.0681092739105225 
v 1.0387675762176514 0.19215400516986847 1.0680400133132935 
v 1.0360223054885864 0.19241400063037872 1.0681058168411255 
v 1.0351216793060303 0.19250060617923737 1.0687148571014404 
v 1.0354254245758057 0.19247068464756012 1.082717776298523 
v 1.0363152027130127 0.1923871785402298 1.12296462059021 
v 1.0372049808502197 0.19230212271213531 1.163602590560913 
v 1.037541389465332 0.19227059185504913 1.1787753105163574 
v 1.0375088453292847 0.18177856504917145 1.1787753105163574 
v 1.0385721921920776 0.18174387514591217 1.1806648969650269 
v 1.0416430234909058 0.1816430240869522 1.181443691253662 
v 1.0446921586990356 0.18154533207416534 1.1810040473937988 
v 1.0456578731536865 0.181512251496315 1.179228663444519 
v 1.0452238321304321 0.1815279871225357 1.1640491485595703 
v 1.0440411567687988 0.18156583607196808 1.1233937740325928 
v 1.0428800582885742 0.18160362541675568 1.0831260681152344 
v 1.0424785614013672 0.18161626160144806 1.0691198110580444 
v 1.0415345430374146 0.18164779245853424 1.0684102773666382 
v 1.0387458801269531 0.18173755705356598 1.0680400133132935 
v 1.0359680652618408 0.18182893097400665 1.0681092739105225 
v 1.0350565910339355 0.18185730278491974 1.0687148571014404 
v 1.03537118434906 0.18184788525104523 1.082717776298523 
v 1.036260962486267 0.18181951344013214 1.12296462059021 
v 1.0371724367141724 0.1817895919084549 1.163602590560913 
v 1.0371507406234741 0.17620398104190826 1.163602590560913 
v 1.0362392663955688 0.17620398104190826 1.12296462059021 
v 1.0353386402130127 0.17620398104190826 1.082717776298523 
v 1.0350240468978882 0.17620398104190826 1.0687148571014404 
v 1.0359463691711426 0.17620398104190826 1.0681092739105225 
v 1.038735032081604 0.17620398104190826 1.0680400133132935 
v 1.0415345430374146 0.17620398104190826 1.0684102773666382 
v 1.0424894094467163 0.17620398104190826 1.0691198110580444 
v 1.0428909063339233 0.17620398104190826 1.0831260681152344 
v 1.044062852859497 0.17620398104190826 1.1233937740325928 
v 1.0452455282211304 0.17620398104190826 1.1640491485595703 
v 1.0456904172897339 0.17620398104190826 1.179228663444519 
v 1.0447138547897339 0.17620398104190826 1.1810040473937988 
v 1.0416538715362549 0.17620398104190826 1.181443691253662 
v 1.0385613441467285 0.17620398104190826 1.1806648969650269 
v 1.0374871492385864 0.17620398104190826 1.1787753105163574 
v -1.3906950950622559 0.25618723034858704 1.0532695055007935 
v -1.3907818794250488 0.2587680518627167 1.0531136989593506 
v -1.3907818794250488 0.25782427191734314 1.093371033668518 
v -1.3906950950622559 0.2604980766773224 1.0932084321975708 
v -1.3906950950622559 0.2596378028392792 1.133849859237671 
v -1.3907818794250488 0.2568710148334503 1.1340160369873047 
v -1.3906950950622559 0.2551504671573639 1.093530297279358 
v -1.3904237747192383 0.25532689690589905 1.053317904472351 
v -1.3904237747192383 0.25569722056388855 1.0393116474151611 
v -1.3906950950622559 0.2565464675426483 1.039263129234314 
v -1.3907818794250488 0.25909581780433655 1.0391108989715576 
v -1.3906950950622559 0.2616451680660248 1.0389586687088013 
v -1.3906950950622559 0.2613489329814911 1.0529580116271973 
v -1.3904237747192383 0.2613883316516876 1.0931564569473267 
v -1.3904237747192383 0.2605595290660858 1.1337944269180298 
v -1.3904237747192383 0.2602507174015045 1.1489671468734741 
v -1.3906950950622559 0.25931641459465027 1.1490259170532227 
v -1.3907818794250488 0.2565164864063263 1.1491955518722534 
v -1.3906950950622559 0.2541058361530304 1.134185552597046 
v -1.3904237747192383 0.25426021218299866 1.0935856103897095 
v -1.3500475883483887 0.25532689690589905 1.053317904472351 
v -1.3500258922576904 0.25569722056388855 1.0393116474151611 
v -1.2296351194381714 0.25532689690589905 1.053317904472351 
v -1.2298846244812012 0.25426021218299866 1.0935856103897095 
v -1.3501126766204834 0.25426021218299866 1.0935856103897095 
v -1.2301234006881714 0.2531825006008148 1.134240984916687 
v -1.3501777648925781 0.2531825006008148 1.134240984916687 
v -1.2302210330963135 0.2527807056903839 1.1494204998016357 
v -1.350199580192566 0.2527807056903839 1.1494204998016357 
v -1.3904237747192383 0.2531825006008148 1.134240984916687 
v -1.3904237747192383 0.2527807056903839 1.1494204998016357 
v -1.3906950950622559 0.25371506810188293 1.1493616104125977 
v -1.3906950950622559 0.2564723789691925 1.1510263681411743 
v -1.3906300067901611 0.25856009125709534 1.1504241228103638 
v -1.3904237747192383 0.25927701592445374 1.1508567333221436 
v -1.3904237747192383 0.25645819306373596 1.1516355276107788 
v -1.3906300067901611 0.2544083297252655 1.1506768465042114 
v -1.3904237747192383 0.25366780161857605 1.1511958837509155 
v -1.3501453399658203 0.25366780161857605 1.1511958837509155 
v -1.349982500076294 0.25645819306373596 1.1516355276107788 
v -1.3498196601867676 0.25927701592445374 1.1508567333221436 
v -1.349765419960022 0.2602507174015045 1.1489671468734741 
v -1.3497546911239624 0.2605595290660858 1.1337944269180298 
v -1.3497003316879272 0.2613883316516876 1.0931564569473267 
v -1.3904237747192383 0.2622092068195343 1.0529096126556396 
v -1.3904237747192383 0.26249441504478455 1.0389066934585571 
v -1.3904237747192383 0.2616593539714813 1.0383011102676392 
v -1.3906300067901611 0.26099440455436707 1.038508653640747 
v -1.3904237747192383 0.2591162621974945 1.0382318496704102 
v -1.3906950950622559 0.25911155343055725 1.0384498834609985 
v -1.3904237747192383 0.2565637528896332 1.0386021137237549 
v -1.3906300067901611 0.25721922516822815 1.038733720779419 
v -1.349982500076294 0.2565637528896332 1.0386021137237549 
v -1.229559063911438 0.25569722056388855 1.0393116474151611 
v -1.1060106754302979 0.2528989017009735 1.053317904472351 
v -1.106509804725647 0.2519141137599945 1.0935856103897095 
v -1.107008934020996 0.25091835856437683 1.134240984916687 
v -1.1071933507919312 0.2505480945110321 1.1494204998016357 
v -1.106781005859375 0.25136736035346985 1.1511958837509155 
v -1.2300148010253906 0.25366780161857605 1.1511958837509155 
v -1.1054790019989014 0.25394508242607117 1.1516355276107788 
v -1.229385495185852 0.25645819306373596 1.1516355276107788 
v -1.10415518283844 0.25655117630958557 1.1508567333221436 
v -1.2287453413009644 0.25927701592445374 1.1508567333221436 
v -1.2285174131393433 0.2602507174015045 1.1489671468734741 
v -1.2284523248672485 0.2605595290660858 1.1337944269180298 
v -1.2282570600509644 0.2613883316516876 1.0931564569473267 
v -1.2280725240707397 0.2622092068195343 1.0529096126556396 
v -1.3496569395065308 0.2622092068195343 1.0529096126556396 
v -1.3496352434158325 0.26249441504478455 1.0389066934585571 
v -1.228007435798645 0.26249441504478455 1.0389066934585571 
v -1.3496894836425781 0.2616593539714813 1.0382976531982422 
v -1.2282027006149292 0.2616593539714813 1.0383011102676392 
v -1.3498306274414062 0.2591162621974945 1.0382318496704102 
v -1.2293529510498047 0.2565637528896332 1.0386021137237549 
v -1.1058369874954224 0.2532424032688141 1.0393116474151611 
v -1.2287778854370117 0.2591162621974945 1.0382318496704102 
v -1.1054247617721558 0.25404277443885803 1.0386021137237549 
v -1.1042311191558838 0.25640150904655457 1.0382318496704102 
v -1.055054783821106 0.2464798241853714 1.0386021137237549 
v -1.0556949377059937 0.24587632715702057 1.0393116474151611 
v -1.0559662580490112 0.24561794102191925 1.053317904472351 
v -1.0567584037780762 0.24487580358982086 1.0935856103897095 
v -1.0575504302978516 0.24412579834461212 1.134240984916687 
v -1.0578542947769165 0.2438453584909439 1.1494204998016357 
v -1.0571924448013306 0.2444629818201065 1.1511958837509155 
v -1.0551307201385498 0.24640734493732452 1.1516355276107788 
v -1.0530474185943604 0.2483689934015274 1.1508567333221436 
v -1.1036994457244873 0.25744929909706116 1.1489671468734741 
v -1.10354745388031 0.25773605704307556 1.1337944269180298 
v -1.1031676530838013 0.258501797914505 1.0931564569473267 
v -1.102777123451233 0.2592596709728241 1.0529096126556396 
v -1.102646827697754 0.25952282547950745 1.0389066934585571 
v -1.1030374765396118 0.2587507665157318 1.0383011102676392 
v -1.0531667470932007 0.248257115483284 1.0382318496704102 
v -1.0448657274246216 0.2327529937028885 1.0386021137237549 
v -1.045701265335083 0.23238272964954376 1.0393116474151611 
v -1.0460593700408936 0.23222358524799347 1.053317904472351 
v -1.04707932472229 0.23176665604114532 1.0935856103897095 
v -1.0481210947036743 0.23130501806735992 1.134240984916687 
v -1.0485007762908936 0.23113323748111725 1.1494204998016357 
v -1.0476545095443726 0.23151297867298126 1.1511958837509155 
v -1.0449634790420532 0.2327088862657547 1.1516355276107788 
v -1.0422616004943848 0.23391582071781158 1.1508567333221436 
v -1.0523312091827393 0.2490464597940445 1.1489671468734741 
v -1.052092432975769 0.24926234781742096 1.1337944269180298 
v -1.0514848232269287 0.24983902275562286 1.0931564569473267 
v -1.0508772134780884 0.2504110038280487 1.0529096126556396 
v -1.0506709814071655 0.25060948729515076 1.0389066934585571 
v -1.0512895584106445 0.2500281035900116 1.0383011102676392 
v -1.0424134731292725 0.23384805023670197 1.0382318496704102 
v -1.041491150856018 0.21174366772174835 1.0386021137237549 
v -1.0424026250839233 0.2115420252084732 1.0393116474151611 
v -1.0427932739257812 0.21145690977573395 1.053317904472351 
v -1.043921709060669 0.21120955049991608 1.0935856103897095 
v -1.0450611114501953 0.2109590321779251 1.134240984916687 
v -1.0454843044281006 0.2108660489320755 1.1494204998016357 
v -1.044551134109497 0.21107245981693268 1.1511958837509155 
v -1.0415996313095093 0.21171845495700836 1.1516355276107788 
v -1.0386265516281128 0.21237237751483917 1.1508567333221436 
v -1.0413175821304321 0.2343333512544632 1.1489671468734741 
v -1.0410245656967163 0.23446567356586456 1.1337944269180298 
v -1.0402324199676514 0.2348202019929886 1.0931564569473267 
v -1.0394402742385864 0.23517312109470367 1.0529096126556396 
v -1.0391690731048584 0.23529447615146637 1.0389066934585571 
v -1.0399720668792725 0.23493678867816925 1.0383011102676392 
v -1.0388001203536987 0.2123345285654068 1.0382318496704102 
v -1.0415128469467163 0.19189245998859406 1.0386021137237549 
v -1.042456865310669 0.1918041855096817 1.0393116474151611 
v -1.0428475141525269 0.1917663961648941 1.053317904472351 
v -1.044008493423462 0.1916576772928238 1.0935856103897095 
v -1.0451695919036865 0.19154740869998932 1.134240984916687 
v -1.045603632926941 0.19150640070438385 1.1494204998016357 
v -1.04463791847229 0.19159622490406036 1.1511958837509155 
v -1.0416321754455566 0.19188298285007477 1.1516355276107788 
v -1.0385831594467163 0.1921713501214981 1.1508567333221436 
v -1.0376064777374268 0.21259768307209015 1.1489671468734741 
v -1.0372700691223145 0.21267016232013702 1.1337944269180298 
v -1.0364021062850952 0.21286238729953766 1.0931564569473267 
v -1.0355340242385864 0.21305300295352936 1.0529096126556396 
v -1.0352301597595215 0.21311922371387482 1.0389066934585571 
v -1.0361199378967285 0.21292538940906525 1.0383011102676392 
v -1.0387675762176514 0.19215400516986847 1.0382318496704102 
v -1.0360223054885864 0.19241400063037872 1.0382976531982422 
v -1.0351216793060303 0.19250060617923737 1.0389066934585571 
v -1.0354254245758057 0.19247068464756012 1.0529096126556396 
v -1.0363152027130127 0.1923871785402298 1.0931564569473267 
v -1.0372049808502197 0.19230212271213531 1.1337944269180298 
v -1.037541389465332 0.19227059185504913 1.1489671468734741 
v -1.0375088453292847 0.18177856504917145 1.1489671468734741 
v -1.0385721921920776 0.18174387514591217 1.1508567333221436 
v -1.0416430234909058 0.1816430240869522 1.1516355276107788 
v -1.0446921586990356 0.18154533207416534 1.1511958837509155 
v -1.0456578731536865 0.181512251496315 1.1494204998016357 
v -1.0452238321304321 0.1815279871225357 1.134240984916687 
v -1.0440411567687988 0.18156583607196808 1.0935856103897095 
v -1.0428800582885742 0.18160362541675568 1.053317904472351 
v -1.0424785614013672 0.18161626160144806 1.0393116474151611 
v -1.0415345430374146 0.18164779245853424 1.0386021137237549 
v -1.0387458801269531 0.18173755705356598 1.0382318496704102 
v -1.0359680652618408 0.18182893097400665 1.0383011102676392 
v -1.0350565910339355 0.18185730278491974 1.0389066934585571 
v -1.03537118434906 0.18184788525104523 1.0529096126556396 
v -1.036260962486267 0.18181951344013214 1.0931564569473267 
v -1.0371724367141724 0.1817895919084549 1.1337944269180298 
v -1.0371507406234741 0.17620398104190826 1.1337944269180298 
v -1.0362392663955688 0.17620398104190826 1.0931564569473267 
v -1.0353386402130127 0.17620398104190826 1.0529096126556396 
v -1.0350240468978882 0.17620398104190826 1.0389066934585571 
v -1.0359463691711426 0.17620398104190826 1.0383011102676392 
v -1.038735032081604 0.17620398104190826 1.0382318496704102 
v -1.0415345430374146 0.17620398104190826 1.0386021137237549 
v -1.0424894094467163 0.17620398104190826 1.0393116474151611 
v -1.0428909063339233 0.17620398104190826 1.053317904472351 
v -1.044062852859497 0.17620398104190826 1.0935856103897095 
v -1.0452455282211304 0.17620398104190826 1.134240984916687 
v -1.0456904172897339 0.17620398104190826 1.1494204998016357 
v -1.0447138547897339 0.17620398104190826 1.1511958837509155 
v -1.0416538715362549 0.17620398104190826 1.1516355276107788 
v -1.0385613441467285 0.17620398104190826 1.1508567333221436 
v -1.0374871492385864 0.17620398104190826 1.1489671468734741 
v 1.385846495628357 0.12740324437618256 1.1607120037078857 
v 1.3858898878097534 0.12483394891023636 1.1610108613967896 
v 1.390783667564392 0.12379641085863113 1.1281471252441406 
v 1.3906968832015991 0.1211337223649025 1.128440022468567 
v 1.3906968832015991 0.12000998109579086 1.0878050327301025 
v 1.390783667564392 0.12276536226272583 1.0875040292739868 
v 1.3906968832015991 0.1264592558145523 1.1278575658798218 
v 1.3856077194213867 0.1282566487789154 1.1605490446090698 
v 1.3817882537841797 0.12854433059692383 1.174027919769287 
v 1.3820377588272095 0.1277020126581192 1.1741902828216553 
v 1.382081151008606 0.12516413629055023 1.1744874715805054 
v 1.3819509744644165 0.12262372672557831 1.1747328042984009 
v 1.385759711265564 0.12226221710443497 1.1612612009048462 
v 1.3904255628585815 0.12024706602096558 1.128535270690918 
v 1.3904255628585815 0.11909205466508865 1.0879052877426147 
v 1.3904255628585815 0.11866018921136856 1.0727355480194092 
v 1.3906968832015991 0.11959051340818405 1.0726313591003418 
v 1.390783667564392 0.12238037586212158 1.0723252296447754 
v 1.3906968832015991 0.12551897764205933 1.0871998071670532 
v 1.3904255628585815 0.1273457556962967 1.1277588605880737 
v 1.350049376487732 0.12824510037899017 1.1680306196212769 
v 1.3500276803970337 0.1285586804151535 1.1820383071899414 
v 1.229636788368225 0.12824510037899017 1.1680306196212769 
v 1.2298862934112549 0.1273457556962967 1.1277588605880737 
v 1.3501144647598267 0.1273457556962967 1.1277588605880737 
v 1.230125069618225 0.12643851339817047 1.087099313735962 
v 1.3501795530319214 0.12643851339817047 1.087099313735962 
v 1.2302227020263672 0.12609918415546417 1.071918249130249 
v 1.3502012491226196 0.12609918415546417 1.071918249130249 
v 1.3904255628585815 0.12643851339817047 1.087099313735962 
v 1.3904255628585815 0.12609918415546417 1.071918249130249 
v 1.3906968832015991 0.1251688003540039 1.0720226764678955 
v 1.3906968832015991 0.12233354896306992 1.070494532585144 
v 1.3906317949295044 0.12027771025896072 1.0711978673934937 
v 1.3904255628585815 0.11954053491353989 1.07080078125 
v 1.3904255628585815 0.12231799960136414 1.0698853731155396 
v 1.3906317949295044 0.12441219389438629 1.0707428455352783 
v 1.3904255628585815 0.12512651085853577 1.070188283920288 
v 1.350147008895874 0.12512651085853577 1.070188283920288 
v 1.3499842882156372 0.12231799960136414 1.0698853731155396 
v 1.3498214483261108 0.11954053491353989 1.07080078125 
v 1.3497672080993652 0.11866018921136856 1.0727355480194092 
v 1.3497563600540161 0.11909205466508865 1.0879052877426147 
v 1.3497021198272705 0.12024706602096558 1.128535270690918 
v 1.3854883909225464 0.12140178680419922 1.1612789630889893 
v 1.3816797733306885 0.12177414447069168 1.1747466325759888 
v 1.381506085395813 0.12263675034046173 1.1752902269363403 
v 1.3817557096481323 0.12329381704330444 1.1751124858856201 
v 1.3814952373504639 0.12518002092838287 1.175231695175171 
v 1.381809949874878 0.12517796456813812 1.175093173980713 
v 1.381592869758606 0.12771204113960266 1.1747511625289917 
v 1.381820797920227 0.1270538568496704 1.1747105121612549 
v 1.3499842882156372 0.12772773206233978 1.1827893257141113 
v 1.2295608520507812 0.1285586804151535 1.1820383071899414 
v 1.1060123443603516 0.1306702047586441 1.167912244796753 
v 1.1065114736557007 0.1296890527009964 1.127644419670105 
v 1.1070107221603394 0.12869995832443237 1.086988925933838 
v 1.1071951389312744 0.12832918763160706 1.0718094110488892 
v 1.1067827939987183 0.1274242252111435 1.0700761079788208 
v 1.2300165891647339 0.12512651085853577 1.070188283920288 
v 1.105480670928955 0.12482811510562897 1.0697627067565918 
v 1.2293871641159058 0.12231799960136414 1.0698853731155396 
v 1.1041568517684937 0.12226312607526779 1.0706677436828613 
v 1.228747010231018 0.11954053491353989 1.07080078125 
v 1.228519082069397 0.11866018921136856 1.0727355480194092 
v 1.2284541130065918 0.11909205466508865 1.0879052877426147 
v 1.228258728981018 0.12024706602096558 1.128535270690918 
v 1.2280741930007935 0.12139090895652771 1.1687742471694946 
v 1.349658727645874 0.12139090895652771 1.1687742471694946 
v 1.3496370315551758 0.12178927659988403 1.1827744245529175 
v 1.2280092239379883 0.12178927659988403 1.1827744245529175 
v 1.3496912717819214 0.1226530596613884 1.1833419799804688 
v 1.2282044887542725 0.12265288829803467 1.1833385229110718 
v 1.34983229637146 0.12519633769989014 1.1832836866378784 
v 1.2293546199798584 0.12772773206233978 1.1827893257141113 
v 1.1058279275894165 0.13101056218147278 1.1819185018539429 
v 1.2287795543670654 0.12519633769989014 1.1832836866378784 
v 1.1054264307022095 0.13024571537971497 1.182666301727295 
v 1.1042327880859375 0.127907857298851 1.1831512451171875 
v 1.0550565719604492 0.13779963552951813 1.1822972297668457 
v 1.055696725845337 0.13836780190467834 1.1815590858459473 
v 1.055967926979065 0.13794247806072235 1.1675570011138916 
v 1.0567600727081299 0.1367189735174179 1.1273009777069092 
v 1.0575522184371948 0.13548441231250763 1.0866574048995972 
v 1.0578560829162598 0.13502387702465057 1.0714823007583618 
v 1.0571941137313843 0.13432036340236664 1.0697392225265503 
v 1.055132508277893 0.13235686719417572 1.0693949460983276 
v 1.053049087524414 0.13043560087680817 1.0702685117721558 
v 1.103701114654541 0.1214582696557045 1.072598934173584 
v 1.1035492420196533 0.1219121664762497 1.0877676010131836 
v 1.1031694412231445 0.12313015758991241 1.1283944845199585 
v 1.1027787923812866 0.12433692812919617 1.1686303615570068 
v 1.1026486158370972 0.12475738674402237 1.1826294660568237 
v 1.103039264678955 0.1255580186843872 1.1831966638565063 
v 1.0531684160232544 0.1360425353050232 1.1827538013458252 
v 1.0448675155639648 0.1515101194381714 1.1816275119781494 
v 1.0457030534744263 0.151845321059227 1.1809008121490479 
v 1.0460611581802368 0.15132087469100952 1.1669033765792847 
v 1.0470811128616333 0.1498125046491623 1.1266614198684692 
v 1.048122763633728 0.14828991889953613 1.0860319137573242 
v 1.0485025644302368 0.14772085845470428 1.070862054824829 
v 1.0476561784744263 0.14725494384765625 1.0691072940826416 
v 1.044965147972107 0.14603900909423828 1.0687265396118164 
v 1.0422632694244385 0.14487150311470032 1.0695632696151733 
v 1.052332878112793 0.1298510879278183 1.0721889734268188 
v 1.0520942211151123 0.13037577271461487 1.087354063987732 
v 1.0514864921569824 0.13178260624408722 1.1279717683792114 
v 1.050878882408142 0.1331750601530075 1.168198585510254 
v 1.0506727695465088 0.13366004824638367 1.1821945905685425 
v 1.0512912273406982 0.13427028059959412 1.18277108669281 
v 1.0424151420593262 0.1504344344139099 1.1820507049560547 
v 1.0414928197860718 0.17249442636966705 1.1806024312973022 
v 1.042404294013977 0.1726612001657486 1.1798838376998901 
v 1.042794942855835 0.17206282913684845 1.165890097618103 
v 1.0439234972000122 0.17034512758255005 1.125658392906189 
v 1.045062780380249 0.16861167550086975 1.0850391387939453 
v 1.0454859733581543 0.167963907122612 1.0698732137680054 
v 1.0445528030395508 0.1676711142063141 1.0681099891662598 
v 1.0416014194488525 0.16700443625450134 1.0677024126052856 
v 1.0386282205581665 0.16638928651809692 1.068512201309204 
v 1.0413192510604858 0.14454667270183563 1.0714709758758545 
v 1.04102623462677 0.14515481889247894 1.0866321325302124 
v 1.0402342081069946 0.14678353071212769 1.1272389888763428 
v 1.0394420623779297 0.14839477837085724 1.1674550771713257 
v 1.039170742034912 0.1489568054676056 1.1814472675323486 
v 1.0399737358093262 0.1493436098098755 1.1820347309112549 
v 1.0388017892837524 0.17192234098911285 1.18100106716156 
v 1.0361217260360718 0.17132879793643951 1.180960774421692 
v 1.0352319478988647 0.17110571265220642 1.1803653240203857 
v 1.0355356931686401 0.17048855125904083 1.1663758754730225 
v 1.036403775215149 0.1687151938676834 1.12616765499115 
v 1.0372718572616577 0.1669243723154068 1.0855686664581299 
v 1.03760826587677 0.16625645756721497 1.0704104900360107 
vn -3.2638843059539795 0.37234896421432495 0.5833139419555664 
vn -3.4797723293304443 0.031153976917266846 0.6377401351928711 
vn -4.348488807678223 0.013364734128117561 0.27358394861221313 
vn -4.021432876586914 -0.36185699701309204 0.27926865220069885 
vn -4.1368794441223145 -0.4033450782299042 0.013141785748302937 
vn -4.521398067474365 0.00010659646068233997 0.0021820920519530773 
vn -4.040122032165527 0.3801826238632202 0.2387944608926773 
vn -1.4001250246004071e-12 0.9997916221618652 -0.02040931209921837 
vn -0.025607256218791008 0.9999828934669495 0.0014370105927810073 
vn -2.5632543563842773 0.36806946992874146 0.7369750142097473 
vn -2.755511999130249 0.031138496473431587 0.7922230958938599 
vn -2.5586555004119873 -0.32797908782958984 0.7564319968223572 
vn -3.233959436416626 -0.3272840678691864 0.6174914240837097 
vn -0.0341409333050251 -0.9994097948074341 0.033511240035295486 
vn -0.03413832560181618 -0.9995466470718384 0.02914399467408657 
vn -0.017063718289136887 -0.9996105432510376 -0.027649397030472755 
vn -4.148399353027344 -0.3975069522857666 -0.013385196216404438 
vn -4.520406246185303 0.006582073401659727 -0.020005978643894196 
vn -4.122826099395752 0.41043245792388916 -0.009113578125834465 
vn -0.03413115814328194 0.9997631907463074 -0.020407922565937042 
vn -1.400285486521935e-12 0.999692976474762 -0.02477758750319481 
vn -0.008539224974811077 0.9994854927062988 0.032016582787036896 
vn -1.400285486521935e-12 0.999692976474762 -0.02477758750319481 
vn -1.400285486521935e-12 0.999692976474762 -0.02477758750319481 
vn -1.400285486521935e-12 0.999692976474762 -0.02477758750319481 
vn -1.400285486521935e-12 0.999692976474762 -0.02477758750319481 
vn -1.4001250246004071e-12 0.9997916221618652 -0.02040931209921837 
vn -1.4001250246004071e-12 0.9970204830169678 -0.07713612169027328 
vn -1.4001250246004071e-12 0.9970204830169678 -0.07713612169027328 
vn -0.03413115814328194 0.9997631907463074 -0.020407922565937042 
vn -0.03413115814328194 0.9969920516014099 -0.07713472843170166 
vn -4.108460426330566 0.415995717048645 -0.035632140934467316 
vn -3.715952157974243 -0.05788936838507652 -0.5667446851730347 
vn -3.541632890701294 -0.36918944120407104 -0.5001355409622192 
vn -0.025544075295329094 -0.6135050058364868 -0.7896705269813538 
vn 2.858386880595816e-14 -0.10976165533065796 -0.9939578771591187 
vn -3.6088976860046387 0.2694503664970398 -0.5387998223304749 
vn -0.017034685239195824 0.4732506275177002 -0.8809197545051575 
vn -7.608488492016896e-13 0.49998244643211365 -0.8660354614257812 
vn 0.016309024766087532 -0.09222479909658432 -0.9957315921783447 
vn 2.6008413630228266e-13 -0.5961358547210693 -0.802883505821228 
vn -0.017063718289136887 -0.9996105432510376 -0.027649397030472755 
vn 4.674755591307922e-13 -0.999575138092041 0.029145384207367897 
vn 4.674755591307922e-13 -0.999575138092041 0.029145384207367897 
vn -0.0341409333050251 -0.9994097948074341 0.033511240035295486 
vn -0.034144848585128784 -0.9986714720726013 0.05097297951579094 
vn -0.24561482667922974 -0.19285474717617035 0.9797223806381226 
vn -1.2054903507232666 -0.06358890235424042 0.9617021083831787 
vn -0.25420793890953064 0.10345683246850967 0.9930436015129089 
vn -1.236232042312622 0.0845986157655716 0.9581679701805115 
vn -0.24644872546195984 0.38354992866516113 0.9219101071357727 
vn -1.2106385231018066 0.22460784018039703 0.9369404911994934 
vn -0.0685008242726326 0.35917654633522034 0.933146595954895 
vn -0.008539224974811077 0.9994854927062988 0.032016582787036896 
vn -0.06826818734407425 0.9995790719985962 -0.024772023782134056 
vn -0.06826818734407425 0.9995790719985962 -0.024772023782134056 
vn -0.06826818734407425 0.9995790719985962 -0.024772023782134056 
vn -0.03412138298153877 0.9962798953056335 -0.08584441989660263 
vn -0.04248282313346863 0.3823932707309723 -0.9239518046379089 
vn -7.327714281711584e-13 0.4809443950653076 -0.8767510056495667 
vn -0.016823550686240196 -0.18317075073719025 -0.9830740094184875 
vn 2.858386880595816e-14 -0.10976165533065796 -0.9939578771591187 
vn 0.03406185284256935 -0.7296192646026611 -0.6838120222091675 
vn -0.008513916283845901 -0.6204069256782532 -0.7842777371406555 
vn 0.017069267109036446 -0.9997217655181885 -0.023281428962945938 
vn 4.674755591307922e-13 -0.999575138092041 0.029145384207367897 
vn 4.674755591307922e-13 -0.999575138092041 0.029145384207367897 
vn 4.674755591307922e-13 -0.999575138092041 0.029145384207367897 
vn 4.674755591307922e-13 -0.999575138092041 0.029145384207367897 
vn 4.671631462747905e-13 -0.9959237575531006 0.09019823372364044 
vn 4.672434856557717e-13 -0.9963083267211914 0.08584580570459366 
vn -0.03429422900080681 -0.1254657357931137 0.9920689463615417 
vn 0.01708206720650196 -0.1515578180551529 0.9884411096572876 
vn -0.05142156407237053 0.1131097748875618 0.9935173392295837 
vn -0.017071416601538658 0.35135093331336975 0.9362361431121826 
vn -0.06828644126653671 0.9986606240272522 0.04948491230607033 
vn -0.01735585369169712 0.1096411645412445 0.9939637780189514 
vn -3.511820283359779e-13 0.2976560592651367 0.954673171043396 
vn -0.00855472031980753 0.08361778408288956 0.9964960217475891 
vn -0.07683873921632767 0.25497788190841675 0.9667974710464478 
vn -0.3325478732585907 0.995318591594696 0.06269978731870651 
vn -0.34099048376083374 0.9969459772109985 -0.020270301029086113 
vn -0.34099048376083374 0.9969459772109985 -0.020270301029086113 
vn -0.34099048376083374 0.9969459772109985 -0.020270301029086113 
vn -0.3068062365055084 0.9936196208000183 -0.09008567780256271 
vn -0.16135774552822113 0.28596052527427673 -0.9575765132904053 
vn 0.025408830493688583 -0.23015542328357697 -0.973137617111206 
vn 0.22137419879436493 -0.739806056022644 -0.6710362434387207 
vn 0.07678178697824478 -0.999803900718689 -0.010181884281337261 
vn 0.06827470660209656 -0.9994612336158752 0.029139822348952293 
vn 0.06827470660209656 -0.9994612336158752 0.029139822348952293 
vn 0.06827470660209656 -0.9994612336158752 0.029139822348952293 
vn 0.06827470660209656 -0.9975426197052002 0.06841497868299484 
vn 0.00853816606104374 -0.24999010562896729 0.9682464599609375 
vn -0.024634774774312973 0.05561456084251404 0.9984373450279236 
vn -0.2511242926120758 0.13199712336063385 0.9896928071975708 
vn -2.2238245010375977 0.8496078848838806 0.19041165709495544 
vn -2.2948381900787354 0.8612397909164429 0.025682441890239716 
vn -2.2653727531433105 0.8650527596473694 0.02549617365002632 
vn -2.2357771396636963 0.8688164353370667 0.02531231753528118 
vn -2.1682088375091553 0.868189811706543 -0.1276131421327591 
vn -0.4588804543018341 0.08761260658502579 -0.990971028804779 
vn 0.06614895910024643 -0.10798735171556473 -0.9940445423126221 
vn 0.6471745371818542 -0.33867883682250977 -0.9299508929252625 
vn 0.3833620250225067 -0.9962902069091797 -0.014719944447278976 
vn 0.3750934302806854 -0.9961315393447876 0.0289771631360054 
vn 0.3750934302806854 -0.9961315393447876 0.0289771631360054 
vn 0.3750934302806854 -0.9961315393447876 0.0289771631360054 
vn 0.4091033339500427 -0.9935587644577026 0.0682203620672226 
vn 0.07685870677232742 -0.2790461480617523 0.9601271152496338 
vn -0.04794697463512421 0.05648359656333923 0.9983471632003784 
vn -0.22361944615840912 0.08459160476922989 0.9951874613761902 
vn -3.3915998935699463 0.5556833148002625 0.3585188686847687 
vn -3.6743993759155273 0.5779608488082886 0.07438886910676956 
vn -3.6939749717712402 0.5717849731445312 0.0746905654668808 
vn -3.7133381366729736 0.5655763745307922 0.07499386370182037 
vn -3.6893866062164307 0.5459665656089783 -0.18998529016971588 
vn -0.3981407880783081 0.007998897694051266 -0.9960832595825195 
vn 0.13136360049247742 -0.07520905882120132 -0.9967443346977234 
vn 0.9080106019973755 -0.20405347645282745 -0.9581395983695984 
vn 2.157797336578369 -0.8691816329956055 -0.12948015332221985 
vn 2.1385610103607178 -0.8810402750968933 -0.0072474246844649315 
vn 2.1385610103607178 -0.8810402750968933 -0.0072474246844649315 
vn 2.1685712337493896 -0.877443253993988 -0.007423141039907932 
vn 2.2046618461608887 -0.864952802658081 0.11873439699411392 
vn 0.1842133104801178 -0.0571814589202404 0.997532069683075 
vn -0.024634774774312973 0.05561456084251404 0.9984373450279236 
vn 0.3022914230823517 -0.007427319884300232 0.997734785079956 
vn 3.51798939704895 -0.6211404800415039 0.09373237192630768 
vn 3.523130416870117 -0.62507563829422 -0.04594564437866211 
vn 3.5443217754364014 -0.6191661953926086 -0.04623432457447052 
vn 3.5443217754364014 -0.6191661953926086 -0.04623432457447052 
vn 3.497511148452759 -0.6086468696594238 -0.17657224833965302 
vn 4.108695983886719 -0.4172627329826355 -0.010923261754214764 
vn 4.52126932144165 0.007551815826445818 -0.002184694167226553 
vn 4.521398067474365 0 -0.002184694167226553 
vn 4.108695983886719 0.4172627329826355 0.010923261754214764 
vn 4.1368794441223145 0.40350592136383057 0.006554040592163801 
vn 4.521398067474365 0 -0.002184694167226553 
vn 4.122826099395752 -0.410388320684433 -0.010923261754214764 
vn 0.03413115814328194 -0.9995682239532471 -0.028397228568792343 
vn 0.008536120876669884 -0.9963706135749817 -0.08510008454322815 
vn 4.106107234954834 -0.41699984669685364 -0.03713129088282585 
vn 4.519974231719971 0.007549653295427561 -0.024029340595006943 
vn 4.0492987632751465 0.44445905089378357 -0.01966099627315998 
vn 4.079733371734619 0.4309397339820862 0.010923261754214764 
vn 0.03413832560181618 0.9997782111167908 0.01966099627315998 
vn 0.03413832560181618 0.9997782111167908 0.01966099627315998 
vn 0.017063718289136887 0.9970709085464478 0.0763898640871048 
vn 4.148399353027344 0.3963804244995117 0.03276457265019417 
vn 4.520406246185303 -0.007550373673439026 0.01966099627315998 
vn 4.122826099395752 -0.410388320684433 -0.010923261754214764 
vn 0.03413115814328194 -0.9995682239532471 -0.028397228568792343 
vn 1.4001250246004071e-12 -0.9995967149734497 -0.028397228568792343 
vn 0.008539224974811077 -0.9967329502105713 -0.08074574917554855 
vn 1.400285486521935e-12 -0.999711275100708 -0.024029340595006943 
vn 1.400285486521935e-12 -0.999711275100708 -0.024029340595006943 
vn 1.4001250246004071e-12 -0.9995967149734497 -0.028397228568792343 
vn 1.400285486521935e-12 -0.999711275100708 -0.024029340595006943 
vn 1.4001250246004071e-12 -0.9995967149734497 -0.028397228568792343 
vn 1.4001250246004071e-12 -0.9995967149734497 0.028397228568792343 
vn 1.4001250246004071e-12 -0.9995967149734497 0.028397228568792343 
vn 0.03413115814328194 -0.9995682239532471 -0.028397228568792343 
vn 0.03413115814328194 -0.9995682239532471 0.028397228568792343 
vn 4.108460426330566 -0.41723883152008057 0.0152922747656703 
vn 3.715952157974243 0.030167587101459503 0.5688942670822144 
vn 3.541632890701294 0.34434691071510315 0.5175535082817078 
vn 0.025544075295329094 0.5742443799972534 0.8186644315719604 
vn -2.858386880595816e-14 0.06113334000110626 0.9981296062469482 
vn 3.6088976860046387 -0.29541879892349243 0.5250110030174255 
vn 0.017034685239195824 -0.5156691670417786 0.8567795157432556 
vn 7.608488492016896e-13 -0.5416429042816162 0.8406086564064026 
vn -0.016309024766087532 0.04353082552552223 0.9990455508232117 
vn -2.6008413630228266e-13 0.5562512278556824 0.8310141563415527 
vn 0.017063718289136887 0.9970709085464478 0.0763898640871048 
vn -4.674755591307922e-13 0.9998067021369934 0.01966099627315998 
vn -4.674755591307922e-13 0.9998067021369934 0.01966099627315998 
vn 0.03413832560181618 0.9997782111167908 0.01966099627315998 
vn 0.03412138298153877 0.9992818832397461 -0.03713129088282585 
vn 0.017128247767686844 0.19532142579555511 -0.9807319641113281 
vn 2.1253738403320312 0.14876234531402588 -0.8700028657913208 
vn 0.01735585369169712 -0.06101270765066147 -0.9981296062469482 
vn 2.2198486328125 -0.04527132213115692 -0.8700028657913208 
vn 0.017107978463172913 -0.3010871410369873 -0.953589141368866 
vn 2.1017186641693115 -0.24002662301063538 -0.8522403836250305 
vn 4.463178416257152e-13 -0.31773048639297485 -0.9481810927391052 
vn 0.008539224974811077 -0.9967329502105713 -0.08074574917554855 
vn 0.06826818734407425 -0.9995972514152527 -0.024029340595006943 
vn 0.06826818734407425 -0.9995972514152527 -0.024029340595006943 
vn 0.06826818734407425 -0.9995972514152527 -0.024029340595006943 
vn 0.03412138298153877 -0.9992818832397461 0.03713129088282585 
vn 0.04248282313346863 -0.4270196557044983 0.9041935205459595 
vn 7.327714281711584e-13 -0.5231503844261169 0.8522403836250305 
vn 0.016823550686240196 0.1349860578775406 0.990840494632721 
vn -2.858386880595816e-14 0.06113334000110626 0.9981296062469482 
vn -0.03406185284256935 0.6953854560852051 0.7185974717140198 
vn 0.008513916283845901 0.5814012289047241 0.8136147856712341 
vn -0.017069267109036446 0.9973951578140259 0.07203252613544464 
vn -4.674755591307922e-13 0.9998067021369934 0.01966099627315998 
vn -4.674755591307922e-13 0.9998067021369934 0.01966099627315998 
vn -4.674755591307922e-13 0.9998067021369934 0.01966099627315998 
vn -4.674755591307922e-13 0.9998067021369934 0.01966099627315998 
vn -4.671631462747905e-13 0.999138593673706 -0.04149730131030083 
vn -4.672434856557717e-13 0.9993103742599487 -0.03713129088282585 
vn -8.331481798950005e-14 0.17818838357925415 -0.9839963912963867 
vn -0.01708206720650196 0.19960573315620422 -0.97986900806427 
vn 0.01721813529729843 -0.06538315862417221 -0.9978529810905457 
vn 0.017071416601538658 -0.30525127053260803 -0.9522643685340881 
vn 0.06828644126653671 -0.9950567483901978 -0.0981530249118805 
vn 0.01735585369169712 -0.06101270765066147 -0.9981296062469482 
vn 3.511820283359779e-13 -0.2507207691669464 -0.9680594801902771 
vn 0.00855472031980753 -0.03489676117897034 -0.999389111995697 
vn 0.07683873921632767 -0.2075018435716629 -0.9780870079994202 
vn 0.3325478732585907 -0.9910739064216614 -0.1111890971660614 
vn 0.34099048376083374 -0.9967476725578308 -0.028397228568792343 
vn 0.34099048376083374 -0.9967476725578308 -0.028397228568792343 
vn 0.34099048376083374 -0.9967476725578308 -0.028397228568792343 
vn 0.3068062365055084 -0.9968317151069641 0.04149730131030083 
vn 0.16135774552822113 -0.3323424160480499 0.9424833655357361 
vn -0.025408830493688583 0.18239958584308624 0.983208417892456 
vn -0.22137419879436493 0.7061834931373596 0.7063339352607727 
vn -0.07678178697824478 0.9981163144111633 0.058952588587999344 
vn -0.06827470660209656 0.9996926784515381 0.01966099627315998 
vn -0.06827470660209656 0.9996926784515381 0.01966099627315998 
vn -0.06827470660209656 0.9996926784515381 0.01966099627315998 
vn -0.06827470660209656 0.9996926784515381 -0.01966099627315998 
vn -0.00853816606104374 0.29693543910980225 -0.9548956751823425 
vn 0.024634774774312973 -0.0068321689032018185 -0.999961793422699 
vn 0.2511242926120758 -0.08355042338371277 -0.994954526424408 
vn 2.2238245010375977 -0.8393053412437439 -0.23163928091526031 
vn 2.2948381900787354 -0.8589609265327454 -0.06767380982637405 
vn 2.2653727531433105 -0.8627784848213196 -0.06767380982637405 
vn 2.2357771396636963 -0.866546630859375 -0.06767380982637405 
vn 2.1682088375091553 -0.8733823299407959 0.08510008454322815 
vn 0.4588804543018341 -0.1358601152896881 0.9855159521102905 
vn -0.06614895910024643 0.059356916695833206 0.9981296062469482 
vn -0.6471745371818542 0.2929009199142456 0.9453682899475098 
vn -0.3833620250225067 0.9943854212760925 0.0633138045668602 
vn -0.3750934302806854 0.9963589906692505 0.01966099627315998 
vn -0.3750934302806854 0.9963589906692505 0.01966099627315998 
vn -0.3750934302806854 0.9963589906692505 0.01966099627315998 
vn -0.4091033339500427 0.9957040548324585 -0.01966099627315998 
vn -0.07685870677232742 0.32556071877479553 -0.9453682899475098 
vn 0.04794697463512421 -0.007704571355134249 -0.9999141097068787 
vn 0.23631922900676727 -0.02216300554573536 -0.9983872175216675 
vn 3.895540714263916 -0.3109091818332672 -0.401274174451828 
vn 4.239722728729248 -0.3261150121688843 -0.11986933648586273 
vn 4.239722728729248 -0.3261150121688843 -0.11986933648586273 
vn 4.250816345214844 -0.31897279620170593 -0.11986933648586273 
vn 4.221477508544922 -0.3188466429710388 0.16312000155448914 
vn 0.4541000425815582 -0.029489878565073013 0.9945066571235657 
vn -0.10870903730392456 0.010443425737321377 0.9996563792228699 
vn -0.7842066884040833 0.06931410729885101 0.9824016690254211 
vn -2.157797336578369 0.8618288040161133 0.17173540592193604 
vn -2.1385610103607178 0.8796373605728149 0.05022686347365379 
vn -2.1385610103607178 0.8796373605728149 0.05022686347365379 
vn -2.1685712337493896 0.8760360479354858 0.05022686347365379 
vn -2.2046618461608887 0.8697159886360168 -0.0763898640871048 
vn -0.1842133104801178 0.10578534007072449 -0.9935539960861206 
vn 0.03951111063361168 0 -0.999961793422699 
vn 0.29612499475479126 0 -0.9978529810905457 
vn 4.187417984008789 0.0075475783087313175 -0.37712597846984863 
vn 4.483380317687988 0.015105020254850388 -0.12854042649269104 
vn 4.483380317687988 0.015105020254850388 -0.12854042649269104 
vn 4.482729911804199 0.022656435146927834 -0.12854042649269104 
vn 4.477481842041016 0.022629907354712486 0.1372016966342926 
vn 0.5517836809158325 0 0.9925254583358765 
vn -0.05926572158932686 -2.7168168854619897e-15 0.9999141097068787 
vn -0.6494659185409546 0.0037303080316632986 0.9896226525306702 
vn -4.025371551513672 0.3606051504611969 0.2781098484992981 
vn -4.164560794830322 0.3789687752723694 0.08945280313491821 
vn -4.151454448699951 0.3859388530254364 0.08945280313491821 
vn -4.151454448699951 0.3859388530254364 0.08945280313491821 
vn -4.142200946807861 0.3825390040874481 -0.11986933648586273 
vn -0.24221891164779663 0.029451211914420128 -0.9981296062469482 
vn 0.05926572158932686 0 -0.9999141097068787 
vn -0.1777564287185669 -8.131124117386705e-15 -0.9992268681526184 
vn -4.446098327636719 0.02266365848481655 -0.18033768236637115 
vn -4.498410701751709 0.022653281688690186 0.0981530249118805 
vn -4.498410701751709 0.022653281688690186 0.0981530249118805 
vn -4.499058246612549 0.015102912671864033 0.0981530249118805 
vn -4.2510480880737305 0.01131755392998457 0.34042292833328247 
vn -4.244041919708252 0.015085037797689438 0.34452807903289795 
vn -0.6494659185409546 0.0037303080316632986 0.9896226525306702 
vn -0.05926572158932686 -2.7168168854619897e-15 0.9999141097068787 
vn 0.5517836809158325 0 0.9925254583358765 
vn 4.477481842041016 0.022629907354712486 0.1372016966342926 
vn 4.482729911804199 0.022656435146927834 -0.12854042649269104 
vn 4.483380317687988 0.015105020254850388 -0.12854042649269104 
vn 4.483380317687988 0.015105020254850388 -0.12854042649269104 
vn 4.179926872253418 0.007553671952337027 -0.3811691105365753 
vn 0.29612499475479126 0 -0.9978529810905457 
vn 0.05926572158932686 0 -0.9999141097068787 
vn -0.1777564287185669 -8.131124117386705e-15 -0.9992268681526184 
vn -4.446098327636719 0.02266365848481655 -0.18033768236637115 
vn -4.498410701751709 0.022653281688690186 0.0981530249118805 
vn -4.498410701751709 0.022653281688690186 0.0981530249118805 
vn -4.499058246612549 0.015102912671864033 0.0981530249118805 
vn -4.497076511383057 0.015096260234713554 0.10250037163496017 
vn -4.496428966522217 0.022643303498625755 0.10250037163496017 
vn -4.496428966522217 0.022643303498625755 0.10250037163496017 
vn -4.446098327636719 0.02266365848481655 -0.18033768236637115 
vn -0.1777564287185669 -8.131124117386705e-15 -0.9992268681526184 
vn 0.05926572158932686 0 -0.9999141097068787 
vn 0.29612499475479126 0 -0.9978529810905457 
vn 4.172356605529785 0.007549809291958809 -0.3852050006389618 
vn 4.483380317687988 0.015105020254850388 -0.12854042649269104 
vn 4.483380317687988 0.015105020254850388 -0.12854042649269104 
vn 4.482729911804199 0.022656435146927834 -0.12854042649269104 
vn 4.477481842041016 0.022629907354712486 0.1372016966342926 
vn 0.5517836809158325 0 0.9925254583358765 
vn -0.05926572158932686 -2.7168168854619897e-15 0.9999141097068787 
vn -0.6494659185409546 0.0037303080316632986 0.9896226525306702 
vn -4.244041919708252 0.015085037797689438 0.34452807903289795 
vn -4.108695983886719 -0.4172627329826355 -0.010923261754214764 
vn -4.52126932144165 0.007551815826445818 -0.002184694167226553 
vn -4.521398067474365 2.675485706005563e-19 -0.002184694167226553 
vn -4.108695983886719 0.4172627329826355 0.010923261754214764 
vn -4.1368794441223145 0.40350592136383057 0.006554040592163801 
vn -4.521398067474365 2.675485706005563e-19 -0.002184694167226553 
vn -4.122826099395752 -0.410388320684433 -0.010923261754214764 
vn -0.03413115814328194 -0.9995682239532471 -0.028397228568792343 
vn -0.008536120876669884 -0.9963706135749817 -0.08510008454322815 
vn -4.106107234954834 -0.41699984669685364 -0.03713129088282585 
vn -4.519974231719971 0.007549653295427561 -0.024029340595006943 
vn -4.0492987632751465 0.44445905089378357 -0.01966099627315998 
vn -4.079733371734619 0.4309397339820862 0.010923261754214764 
vn -0.03413832560181618 0.9997782111167908 0.01966099627315998 
vn -0.03413832560181618 0.9997782111167908 0.01966099627315998 
vn -0.017063718289136887 0.9970709085464478 0.0763898640871048 
vn -4.148399353027344 0.3963804244995117 0.03276457265019417 
vn -4.520406246185303 -0.007550373673439026 0.01966099627315998 
vn -4.122826099395752 -0.410388320684433 -0.010923261754214764 
vn -0.03413115814328194 -0.9995682239532471 -0.028397228568792343 
vn -1.4001250246004071e-12 -0.9995967149734497 -0.028397228568792343 
vn -0.008539224974811077 -0.9967329502105713 -0.08074574917554855 
vn -1.400285486521935e-12 -0.999711275100708 -0.024029340595006943 
vn -1.400285486521935e-12 -0.999711275100708 -0.024029340595006943 
vn -1.4001250246004071e-12 -0.9995967149734497 -0.028397228568792343 
vn -1.400285486521935e-12 -0.999711275100708 -0.024029340595006943 
vn -1.4001250246004071e-12 -0.9995967149734497 -0.028397228568792343 
vn -1.4001250246004071e-12 -0.9995967149734497 0.028397228568792343 
vn -1.4001250246004071e-12 -0.9995967149734497 0.028397228568792343 
vn -0.03413115814328194 -0.9995682239532471 -0.028397228568792343 
vn -0.03413115814328194 -0.9995682239532471 0.028397228568792343 
vn -4.108460426330566 -0.41723883152008057 0.0152922747656703 
vn -3.715952157974243 0.030167587101459503 0.5688942670822144 
vn -3.541632890701294 0.34434691071510315 0.5175535082817078 
vn -0.025544075295329094 0.5742443799972534 0.8186644315719604 
vn 2.858386880595816e-14 0.06113334000110626 0.9981296062469482 
vn -3.6088976860046387 -0.29541879892349243 0.5250110030174255 
vn -0.017034685239195824 -0.5156691670417786 0.8567795157432556 
vn -7.608488492016896e-13 -0.5416429042816162 0.8406086564064026 
vn 0.016309024766087532 0.04353082552552223 0.9990455508232117 
vn 2.6008413630228266e-13 0.5562512278556824 0.8310141563415527 
vn -0.017063718289136887 0.9970709085464478 0.0763898640871048 
vn 4.674755591307922e-13 0.9998067021369934 0.01966099627315998 
vn 4.674755591307922e-13 0.9998067021369934 0.01966099627315998 
vn -0.03413832560181618 0.9997782111167908 0.01966099627315998 
vn -0.03412138298153877 0.9992818832397461 -0.03713129088282585 
vn -0.017128247767686844 0.19532142579555511 -0.9807319641113281 
vn -2.1253738403320312 0.14876234531402588 -0.8700028657913208 
vn -0.01735585369169712 -0.06101270765066147 -0.9981296062469482 
vn -2.2198486328125 -0.04527132213115692 -0.8700028657913208 
vn -0.017107978463172913 -0.3010871410369873 -0.953589141368866 
vn -2.1017186641693115 -0.24002662301063538 -0.8522403836250305 
vn -4.463178416257152e-13 -0.31773048639297485 -0.9481810927391052 
vn -0.008539224974811077 -0.9967329502105713 -0.08074574917554855 
vn -0.06826818734407425 -0.9995972514152527 -0.024029340595006943 
vn -0.06826818734407425 -0.9995972514152527 -0.024029340595006943 
vn -0.06826818734407425 -0.9995972514152527 -0.024029340595006943 
vn -0.03412138298153877 -0.9992818832397461 0.03713129088282585 
vn -0.04248282313346863 -0.4270196557044983 0.9041935205459595 
vn -7.327714281711584e-13 -0.5231503844261169 0.8522403836250305 
vn -0.016823550686240196 0.1349860578775406 0.990840494632721 
vn 2.858386880595816e-14 0.06113334000110626 0.9981296062469482 
vn 0.03406185284256935 0.6953854560852051 0.7185974717140198 
vn -0.008513916283845901 0.5814012289047241 0.8136147856712341 
vn 0.017069267109036446 0.9973951578140259 0.07203252613544464 
vn 4.674755591307922e-13 0.9998067021369934 0.01966099627315998 
vn 4.674755591307922e-13 0.9998067021369934 0.01966099627315998 
vn 4.674755591307922e-13 0.9998067021369934 0.01966099627315998 
vn 4.674755591307922e-13 0.9998067021369934 0.01966099627315998 
vn 4.671631462747905e-13 0.999138593673706 -0.04149730131030083 
vn 4.672434856557717e-13 0.9993103742599487 -0.03713129088282585 
vn 8.331481798950005e-14 0.17818838357925415 -0.9839963912963867 
vn 0.01708206720650196 0.19960573315620422 -0.97986900806427 
vn -0.01721813529729843 -0.06538315862417221 -0.9978529810905457 
vn -0.017071416601538658 -0.30525127053260803 -0.9522643685340881 
vn -0.06828644126653671 -0.9950567483901978 -0.0981530249118805 
vn -0.01735585369169712 -0.06101270765066147 -0.9981296062469482 
vn -3.511820283359779e-13 -0.2507207691669464 -0.9680594801902771 
vn -0.00855472031980753 -0.03489676117897034 -0.999389111995697 
vn -0.07683873921632767 -0.2075018435716629 -0.9780870079994202 
vn -0.3325478732585907 -0.9910739064216614 -0.1111890971660614 
vn -0.34099048376083374 -0.9967476725578308 -0.028397228568792343 
vn -0.34099048376083374 -0.9967476725578308 -0.028397228568792343 
vn -0.34099048376083374 -0.9967476725578308 -0.028397228568792343 
vn -0.3068062365055084 -0.9968317151069641 0.04149730131030083 
vn -0.16135774552822113 -0.3323424160480499 0.9424833655357361 
vn 0.025408830493688583 0.18239958584308624 0.983208417892456 
vn 0.22137419879436493 0.7061834931373596 0.7063339352607727 
vn 0.07678178697824478 0.9981163144111633 0.058952588587999344 
vn 0.06827470660209656 0.9996926784515381 0.01966099627315998 
vn 0.06827470660209656 0.9996926784515381 0.01966099627315998 
vn 0.06827470660209656 0.9996926784515381 0.01966099627315998 
vn 0.06827470660209656 0.9996926784515381 -0.01966099627315998 
vn 0.00853816606104374 0.29693543910980225 -0.9548956751823425 
vn -0.024634774774312973 -0.0068321689032018185 -0.999961793422699 
vn -0.2511242926120758 -0.08355042338371277 -0.994954526424408 
vn -2.2238245010375977 -0.8393053412437439 -0.23163928091526031 
vn -2.2948381900787354 -0.8589609265327454 -0.06767380982637405 
vn -2.2653727531433105 -0.8627784848213196 -0.06767380982637405 
vn -2.2357771396636963 -0.866546630859375 -0.06767380982637405 
vn -2.1682088375091553 -0.8733823299407959 0.08510008454322815 
vn -0.4588804543018341 -0.1358601152896881 0.9855159521102905 
vn 0.06614895910024643 0.059356916695833206 0.9981296062469482 
vn 0.6471745371818542 0.2929009199142456 0.9453682899475098 
vn 0.3833620250225067 0.9943854212760925 0.0633138045668602 
vn 0.3750934302806854 0.9963589906692505 0.01966099627315998 
vn 0.3750934302806854 0.9963589906692505 0.01966099627315998 
vn 0.3750934302806854 0.9963589906692505 0.01966099627315998 
vn 0.4091033339500427 0.9957040548324585 -0.01966099627315998 
vn 0.07685870677232742 0.32556071877479553 -0.9453682899475098 
vn -0.04794697463512421 -0.007704571355134249 -0.9999141097068787 
vn -0.23631922900676727 -0.02216300554573536 -0.9983872175216675 
vn -3.895540714263916 -0.3109091818332672 -0.401274174451828 
vn -4.239722728729248 -0.3261150121688843 -0.11986933648586273 
vn -4.239722728729248 -0.3261150121688843 -0.11986933648586273 
vn -4.250816345214844 -0.31897279620170593 -0.11986933648586273 
vn -4.221477508544922 -0.3188466429710388 0.16312000155448914 
vn -0.4541000425815582 -0.029489878565073013 0.9945066571235657 
vn 0.10870903730392456 0.010443425737321377 0.9996563792228699 
vn 0.7842066884040833 0.06931410729885101 0.9824016690254211 
vn 2.157797336578369 0.8618288040161133 0.17173540592193604 
vn 2.1385610103607178 0.8796373605728149 0.05022686347365379 
vn 2.1385610103607178 0.8796373605728149 0.05022686347365379 
vn 2.1685712337493896 0.8760360479354858 0.05022686347365379 
vn 2.2046618461608887 0.8697159886360168 -0.0763898640871048 
vn 0.1842133104801178 0.10578534007072449 -0.9935539960861206 
vn -0.03951111063361168 1.224603177448825e-16 -0.999961793422699 
vn -0.29612499475479126 1.2220206534019855e-16 -0.9978529810905457 
vn -4.187417984008789 0.0075475783087313175 -0.37712597846984863 
vn -4.483380317687988 0.015105020254850388 -0.12854042649269104 
vn -4.483380317687988 0.015105020254850388 -0.12854042649269104 
vn -4.482729911804199 0.022656435146927834 -0.12854042649269104 
vn -4.477481842041016 0.022629907354712486 0.1372016966342926 
vn -0.5517836809158325 -1.2154962497768612e-16 0.9925254583358765 
vn 0.05926572158932686 -2.83927137985536e-15 0.9999141097068787 
vn 0.6494659185409546 0.0037303080316632986 0.9896226525306702 
vn 4.025371551513672 0.3606051504611969 0.2781098484992981 
vn 4.164560794830322 0.3789687752723694 0.08945280313491821 
vn 4.151454448699951 0.3859388530254364 0.08945280313491821 
vn 4.151454448699951 0.3859388530254364 0.08945280313491821 
vn 4.142200946807861 0.3825390040874481 -0.11986933648586273 
vn 0.24221891164779663 0.029451211914420128 -0.9981296062469482 
vn -0.05926572158932686 1.2245448115848033e-16 -0.9999141097068787 
vn 0.1777564287185669 -8.008754114529823e-15 -0.9992268681526184 
vn 4.446098327636719 0.02266365848481655 -0.18033768236637115 
vn 4.498410701751709 0.022653281688690186 0.0981530249118805 
vn 4.498410701751709 0.022653281688690186 0.0981530249118805 
vn 4.499058246612549 0.015102912671864033 0.0981530249118805 
vn 4.2510480880737305 0.01131755392998457 0.34042292833328247 
vn 4.244041919708252 0.015085037797689438 0.34452807903289795 
vn 0.6494659185409546 0.0037303080316632986 0.9896226525306702 
vn 0.05926572158932686 -2.83927137985536e-15 0.9999141097068787 
vn -0.5517836809158325 -1.2154962497768612e-16 0.9925254583358765 
vn -4.477481842041016 0.022629907354712486 0.1372016966342926 
vn -4.482729911804199 0.022656435146927834 -0.12854042649269104 
vn -4.483380317687988 0.015105020254850388 -0.12854042649269104 
vn -4.483380317687988 0.015105020254850388 -0.12854042649269104 
vn -4.179926872253418 0.007553671952337027 -0.3811691105365753 
vn -0.29612499475479126 1.2220206534019855e-16 -0.9978529810905457 
vn -0.05926572158932686 1.2245448115848033e-16 -0.9999141097068787 
vn 0.1777564287185669 -8.008754114529823e-15 -0.9992268681526184 
vn 4.446098327636719 0.02266365848481655 -0.18033768236637115 
vn 4.498410701751709 0.022653281688690186 0.0981530249118805 
vn 4.498410701751709 0.022653281688690186 0.0981530249118805 
vn 4.499058246612549 0.015102912671864033 0.0981530249118805 
vn 4.497076511383057 0.015096260234713554 0.10250037163496017 
vn 4.496428966522217 0.022643303498625755 0.10250037163496017 
vn 4.496428966522217 0.022643303498625755 0.10250037163496017 
vn 4.446098327636719 0.02266365848481655 -0.18033768236637115 
vn 0.1777564287185669 -8.008754114529823e-15 -0.9992268681526184 
vn -0.05926572158932686 1.2245448115848033e-16 -0.9999141097068787 
vn -0.29612499475479126 1.2220206534019855e-16 -0.9978529810905457 
vn -4.172356605529785 0.007549809291958809 -0.3852050006389618 
vn -4.483380317687988 0.015105020254850388 -0.12854042649269104 
vn -4.483380317687988 0.015105020254850388 -0.12854042649269104 
vn -4.482729911804199 0.022656435146927834 -0.12854042649269104 
vn -4.477481842041016 0.022629907354712486 0.1372016966342926 
vn -0.5517836809158325 -1.2154962497768612e-16 0.9925254583358765 
vn 0.05926572158932686 -2.83927137985536e-15 0.9999141097068787 
vn 0.6494659185409546 0.0037303080316632986 0.9896226525306702 
vn 4.244041919708252 0.015085037797689438 0.34452807903289795 
vn 3.2638843059539795 0.37234896421432495 0.5833139419555664 
vn 3.4797723293304443 0.031153976917266846 0.6377401351928711 
vn 4.348488807678223 0.013364734128117561 0.27358394861221313 
vn 4.021432876586914 -0.36185699701309204 0.27926865220069885 
vn 4.1368794441223145 -0.4033450782299042 0.013141785748302937 
vn 4.521398067474365 0.00010659646068233997 0.0021820920519530773 
vn 4.040122032165527 0.3801826238632202 0.2387944608926773 
vn 1.4001250246004071e-12 0.9997916221618652 -0.02040931209921837 
vn 0.025607256218791008 0.9999828934669495 0.0014370105927810073 
vn 2.5632543563842773 0.36806946992874146 0.7369750142097473 
vn 2.755511999130249 0.031138496473431587 0.7922230958938599 
vn 2.5586555004119873 -0.32797908782958984 0.7564319968223572 
vn 3.233959436416626 -0.3272840678691864 0.6174914240837097 
vn 0.0341409333050251 -0.9994097948074341 0.033511240035295486 
vn 0.03413832560181618 -0.9995466470718384 0.02914399467408657 
vn 0.017063718289136887 -0.9996105432510376 -0.027649397030472755 
vn 4.148399353027344 -0.3975069522857666 -0.013385196216404438 
vn 4.520406246185303 0.006582073401659727 -0.020005978643894196 
vn 4.122826099395752 0.41043245792388916 -0.009113578125834465 
vn 0.03413115814328194 0.9997631907463074 -0.020407922565937042 
vn 1.400285486521935e-12 0.999692976474762 -0.02477758750319481 
vn 0.008539224974811077 0.9994854927062988 0.032016582787036896 
vn 1.400285486521935e-12 0.999692976474762 -0.02477758750319481 
vn 1.400285486521935e-12 0.999692976474762 -0.02477758750319481 
vn 1.400285486521935e-12 0.999692976474762 -0.02477758750319481 
vn 1.400285486521935e-12 0.999692976474762 -0.02477758750319481 
vn 1.4001250246004071e-12 0.9997916221618652 -0.02040931209921837 
vn 1.4001250246004071e-12 0.9970204830169678 -0.07713612169027328 
vn 1.4001250246004071e-12 0.9970204830169678 -0.07713612169027328 
vn 0.03413115814328194 0.9997631907463074 -0.020407922565937042 
vn 0.03413115814328194 0.9969920516014099 -0.07713472843170166 
vn 4.108460426330566 0.415995717048645 -0.035632140934467316 
vn 3.715952157974243 -0.05788936838507652 -0.5667446851730347 
vn 3.541632890701294 -0.36918944120407104 -0.5001355409622192 
vn 0.025544075295329094 -0.6135050058364868 -0.7896705269813538 
vn -2.858386880595816e-14 -0.10976165533065796 -0.9939578771591187 
vn 3.6088976860046387 0.2694503664970398 -0.5387998223304749 
vn 0.017034685239195824 0.4732506275177002 -0.8809197545051575 
vn 7.608488492016896e-13 0.49998244643211365 -0.8660354614257812 
vn -0.016309024766087532 -0.09222479909658432 -0.9957315921783447 
vn -2.6008413630228266e-13 -0.5961358547210693 -0.802883505821228 
vn 0.017063718289136887 -0.9996105432510376 -0.027649397030472755 
vn -4.674755591307922e-13 -0.999575138092041 0.029145384207367897 
vn -4.674755591307922e-13 -0.999575138092041 0.029145384207367897 
vn 0.0341409333050251 -0.9994097948074341 0.033511240035295486 
vn 0.034144848585128784 -0.9986714720726013 0.05097297951579094 
vn 0.24561482667922974 -0.19285474717617035 0.9797223806381226 
vn 1.2054903507232666 -0.06358890235424042 0.9617021083831787 
vn 0.25420793890953064 0.10345683246850967 0.9930436015129089 
vn 1.236232042312622 0.0845986157655716 0.9581679701805115 
vn 0.24644872546195984 0.38354992866516113 0.9219101071357727 
vn 1.2106385231018066 0.22460784018039703 0.9369404911994934 
vn 0.0685008242726326 0.35917654633522034 0.933146595954895 
vn 0.008539224974811077 0.9994854927062988 0.032016582787036896 
vn 0.06826818734407425 0.9995790719985962 -0.024772023782134056 
vn 0.06826818734407425 0.9995790719985962 -0.024772023782134056 
vn 0.06826818734407425 0.9995790719985962 -0.024772023782134056 
vn 0.03412138298153877 0.9962798953056335 -0.08584441989660263 
vn 0.04248282313346863 0.3823932707309723 -0.9239518046379089 
vn 7.327714281711584e-13 0.4809443950653076 -0.8767510056495667 
vn 0.016823550686240196 -0.18317075073719025 -0.9830740094184875 
vn -2.858386880595816e-14 -0.10976165533065796 -0.9939578771591187 
vn -0.03406185284256935 -0.7296192646026611 -0.6838120222091675 
vn 0.008513916283845901 -0.6204069256782532 -0.7842777371406555 
vn -0.017069267109036446 -0.9997217655181885 -0.023281428962945938 
vn -4.674755591307922e-13 -0.999575138092041 0.029145384207367897 
vn -4.674755591307922e-13 -0.999575138092041 0.029145384207367897 
vn -4.674755591307922e-13 -0.999575138092041 0.029145384207367897 
vn -4.674755591307922e-13 -0.999575138092041 0.029145384207367897 
vn -4.671631462747905e-13 -0.9959237575531006 0.09019823372364044 
vn -4.672434856557717e-13 -0.9963083267211914 0.08584580570459366 
vn 0.03429422900080681 -0.1254657357931137 0.9920689463615417 
vn -0.01708206720650196 -0.1515578180551529 0.9884411096572876 
vn 0.05142156407237053 0.1131097748875618 0.9935173392295837 
vn 0.017071416601538658 0.35135093331336975 0.9362361431121826 
vn 0.06828644126653671 0.9986606240272522 0.04948491230607033 
vn 0.01735585369169712 0.1096411645412445 0.9939637780189514 
vn 3.511820283359779e-13 0.2976560592651367 0.954673171043396 
vn 0.00855472031980753 0.08361778408288956 0.9964960217475891 
vn 0.07683873921632767 0.25497788190841675 0.9667974710464478 
vn 0.3325478732585907 0.995318591594696 0.06269978731870651 
vn 0.34099048376083374 0.9969459772109985 -0.020270301029086113 
vn 0.34099048376083374 0.9969459772109985 -0.020270301029086113 
vn 0.34099048376083374 0.9969459772109985 -0.020270301029086113 
vn 0.3068062365055084 0.9936196208000183 -0.09008567780256271 
vn 0.16135774552822113 0.28596052527427673 -0.9575765132904053 
vn -0.025408830493688583 -0.23015542328357697 -0.973137617111206 
vn -0.22137419879436493 -0.739806056022644 -0.6710362434387207 
vn -0.07678178697824478 -0.999803900718689 -0.010181884281337261 
vn -0.06827470660209656 -0.9994612336158752 0.029139822348952293 
vn -0.06827470660209656 -0.9994612336158752 0.029139822348952293 
vn -0.06827470660209656 -0.9994612336158752 0.029139822348952293 
vn -0.06827470660209656 -0.9975426197052002 0.06841497868299484 
vn -0.00853816606104374 -0.24999010562896729 0.9682464599609375 
vn 0.024634774774312973 0.05561456084251404 0.9984373450279236 
vn 0.2511242926120758 0.13199712336063385 0.9896928071975708 
vn 2.2238245010375977 0.8496078848838806 0.19041165709495544 
vn 2.2948381900787354 0.8612397909164429 0.025682441890239716 
vn 2.2653727531433105 0.8650527596473694 0.02549617365002632 
vn 2.2357771396636963 0.8688164353370667 0.02531231753528118 
vn 2.1682088375091553 0.868189811706543 -0.1276131421327591 
vn 0.4588804543018341 0.08761260658502579 -0.990971028804779 
vn -0.06614895910024643 -0.10798735171556473 -0.9940445423126221 
vn -0.6471745371818542 -0.33867883682250977 -0.9299508929252625 
vn -0.3833620250225067 -0.9962902069091797 -0.014719944447278976 
vn -0.3750934302806854 -0.9961315393447876 0.0289771631360054 
vn -0.3750934302806854 -0.9961315393447876 0.0289771631360054 
vn -0.3750934302806854 -0.9961315393447876 0.0289771631360054 
vn -0.4091033339500427 -0.9935587644577026 0.0682203620672226 
vn -0.07685870677232742 -0.2790461480617523 0.9601271152496338 
vn 0.04794697463512421 0.05648359656333923 0.9983471632003784 
vn 0.22361944615840912 0.08459160476922989 0.9951874613761902 
vn 3.3915998935699463 0.5556833148002625 0.3585188686847687 
vn 3.6743993759155273 0.5779608488082886 0.07438886910676956 
vn 3.6939749717712402 0.5717849731445312 0.0746905654668808 
vn 3.7133381366729736 0.5655763745307922 0.07499386370182037 
vn 3.6893866062164307 0.5459665656089783 -0.18998529016971588 
vn 0.3981407880783081 0.007998897694051266 -0.9960832595825195 
vn -0.13136360049247742 -0.07520905882120132 -0.9967443346977234 
vn -0.9080106019973755 -0.20405347645282745 -0.9581395983695984 
vn -2.157797336578369 -0.8691816329956055 -0.12948015332221985 
vn -2.1385610103607178 -0.8810402750968933 -0.0072474246844649315 
vn -2.1385610103607178 -0.8810402750968933 -0.0072474246844649315 
vn -2.1685712337493896 -0.877443253993988 -0.007423141039907932 
vn -2.2046618461608887 -0.864952802658081 0.11873439699411392 
vn -0.1842133104801178 -0.0571814589202404 0.997532069683075 
vn 0.024634774774312973 0.05561456084251404 0.9984373450279236 
vn -0.3022914230823517 -0.007427319884300232 0.997734785079956 
vn -3.51798939704895 -0.6211404800415039 0.09373237192630768 
vn -3.523130416870117 -0.62507563829422 -0.04594564437866211 
vn -3.5443217754364014 -0.6191661953926086 -0.04623432457447052 
vn -3.5443217754364014 -0.6191661953926086 -0.04623432457447052 
vn -3.497511148452759 -0.6086468696594238 -0.17657224833965302 
s on 
f 1//1 2//2 3//3 
f 2//2 4//4 3//3 
f 3//3 4//4 3//3 
f 4//4 5//5 3//3 
f 3//3 5//5 3//3 
f 5//5 6//6 3//3 
f 3//3 6//6 3//3 
f 6//6 7//7 3//3 
f 3//3 7//7 1//1 
f 7//7 8//8 1//1 
f 1//1 8//8 1//1 
f 8//8 9//9 1//1 
f 1//1 9//9 1//1 
f 9//9 10//10 1//1 
f 1//1 10//10 1//1 
f 10//10 11//11 1//1 
f 1//1 11//11 2//2 
f 11//11 12//12 2//2 
f 2//2 12//12 2//2 
f 12//12 13//13 2//2 
f 2//2 13//13 4//4 
f 13//13 14//14 4//4 
f 4//4 14//14 4//4 
f 14//14 15//15 4//4 
f 4//4 15//15 5//5 
f 15//15 16//16 5//5 
f 5//5 16//16 5//5 
f 16//16 17//17 5//5 
f 5//5 17//17 6//6 
f 17//17 18//18 6//6 
f 6//6 18//18 6//6 
f 18//18 19//19 6//6 
f 6//6 19//19 7//7 
f 19//19 20//20 7//7 
f 7//7 20//20 8//8 
f 20//20 21//21 8//8 
f 8//8 21//21 22//22 
f 21//21 21//21 22//22 
f 22//22 21//21 23//23 
f 21//21 21//21 23//23 
f 23//23 21//21 24//24 
f 21//21 25//25 24//24 
f 24//24 25//25 26//26 
f 25//25 27//27 26//26 
f 26//26 27//27 28//28 
f 27//27 27//27 28//28 
f 28//28 27//27 29//29 
f 27//27 30//30 29//29 
f 29//29 30//30 31//31 
f 30//30 19//19 31//31 
f 31//31 19//19 32//32 
f 19//19 18//18 32//32 
f 32//32 18//18 33//33 
f 18//18 18//18 33//33 
f 33//33 18//18 34//34 
f 18//18 17//17 34//34 
f 34//34 17//17 35//35 
f 17//17 16//16 35//35 
f 35//35 16//16 16//16 
f 16//16 8//8 16//16 
f 16//16 8//8 8//8 
f 8//8 22//22 8//8 
f 8//8 22//22 9//9 
f 22//22 9//9 9//9 
f 9//9 9//9 21//21 
f 9//9 21//21 21//21 
f 21//21 21//21 25//25 
f 21//21 20//20 25//25 
f 25//25 20//20 30//30 
f 20//20 19//19 30//30 
f 30//30 19//19 19//19 
f 19//19 30//30 19//19 
f 19//19 30//30 30//30 
f 30//30 27//27 30//30 
f 30//30 27//27 25//25 
f 27//27 25//25 25//25 
f 25//25 25//25 34//34 
f 25//25 34//34 34//34 
f 34//34 34//34 33//33 
f 34//34 35//35 33//33 
f 33//33 35//35 33//33 
f 35//35 36//36 33//33 
f 33//33 36//36 37//37 
f 36//36 38//38 37//37 
f 37//37 38//38 32//32 
f 38//38 38//38 32//32 
f 32//32 38//38 31//31 
f 38//38 39//39 31//31 
f 31//31 39//39 29//29 
f 39//39 29//29 29//29 
f 29//29 29//29 32//32 
f 29//29 32//32 32//32 
f 32//32 32//32 37//37 
f 32//32 33//33 37//37 
f 37//37 33//33 33//33 
f 33//33 39//39 33//33 
f 33//33 39//39 39//39 
f 39//39 38//38 39//39 
f 39//39 38//38 40//40 
f 38//38 36//36 40//40 
f 40//40 36//36 41//41 
f 36//36 35//35 41//41 
f 41//41 35//35 41//41 
f 35//35 16//16 41//41 
f 41//41 16//16 42//42 
f 16//16 15//15 42//42 
f 42//42 15//15 43//43 
f 15//15 14//14 43//43 
f 43//43 14//14 44//44 
f 14//14 14//14 44//44 
f 44//44 14//14 45//45 
f 14//14 13//13 45//45 
f 45//45 13//13 46//46 
f 13//13 12//12 46//46 
f 46//46 12//12 47//47 
f 12//12 48//48 47//47 
f 47//47 48//48 49//49 
f 48//48 50//50 49//49 
f 49//49 50//50 51//51 
f 50//50 52//52 51//51 
f 51//51 52//52 10//10 
f 52//52 50//50 10//10 
f 10//10 50//50 11//11 
f 50//50 48//48 11//11 
f 11//11 48//48 12//12 
f 48//48 12//12 12//12 
f 12//12 12//12 10//10 
f 12//12 10//10 10//10 
f 10//10 10//10 51//51 
f 10//10 9//9 51//51 
f 51//51 9//9 53//53 
f 9//9 22//22 53//53 
f 53//53 22//22 54//54 
f 22//22 23//23 54//54 
f 54//54 23//23 55//55 
f 23//23 23//23 55//55 
f 55//55 23//23 56//56 
f 23//23 24//24 56//56 
f 56//56 24//24 57//57 
f 24//24 26//26 57//57 
f 57//57 26//26 58//58 
f 26//26 28//28 58//58 
f 58//58 28//28 59//59 
f 28//28 60//60 59//59 
f 59//59 60//60 61//61 
f 60//60 62//62 61//61 
f 61//61 62//62 63//63 
f 62//62 62//62 63//63 
f 63//63 62//62 64//64 
f 62//62 40//40 64//64 
f 64//64 40//40 64//64 
f 40//40 41//41 64//64 
f 64//64 41//41 65//65 
f 41//41 42//42 65//65 
f 65//65 42//42 66//66 
f 42//42 43//43 66//66 
f 66//66 43//43 67//67 
f 43//43 44//44 67//67 
f 67//67 44//44 68//68 
f 44//44 44//44 68//68 
f 68//68 44//44 69//69 
f 44//44 45//45 69//69 
f 69//69 45//45 70//70 
f 45//45 46//46 70//70 
f 70//70 46//46 46//46 
f 46//46 53//53 46//46 
f 46//46 53//53 53//53 
f 53//53 49//49 53//53 
f 53//53 49//49 51//51 
f 49//49 51//51 51//51 
f 51//51 51//51 28//28 
f 51//51 28//28 28//28 
f 28//28 28//28 60//60 
f 28//28 29//29 60//60 
f 60//60 29//29 60//60 
f 29//29 39//39 60//60 
f 60//60 39//39 62//62 
f 39//39 40//40 62//62 
f 62//62 40//40 40//40 
f 40//40 70//70 40//40 
f 40//40 70//70 70//70 
f 70//70 71//71 70//70 
f 70//70 71//71 69//69 
f 71//71 68//68 69//69 
f 69//69 68//68 68//68 
f 68//68 46//46 68//68 
f 68//68 46//46 46//46 
f 46//46 72//72 46//46 
f 46//46 72//72 70//70 
f 72//72 73//73 70//70 
f 70//70 73//73 71//71 
f 73//73 71//71 71//71 
f 71//71 71//71 46//46 
f 71//71 46//46 46//46 
f 46//46 46//46 72//72 
f 46//46 47//47 72//72 
f 72//72 47//47 74//74 
f 47//47 49//49 74//74 
f 74//74 49//49 74//74 
f 49//49 53//53 74//74 
f 74//74 53//53 75//75 
f 53//53 54//54 75//75 
f 75//75 54//54 76//76 
f 54//54 55//55 76//76 
f 76//76 55//55 55//55 
f 55//55 74//74 55//55 
f 55//55 74//74 74//74 
f 74//74 75//75 74//74 
f 74//74 75//75 77//77 
f 75//75 78//78 77//77 
f 77//77 78//78 79//79 
f 78//78 78//78 79//79 
f 79//79 78//78 80//80 
f 78//78 76//76 80//80 
f 80//80 76//76 81//81 
f 76//76 55//55 81//81 
f 81//81 55//55 82//82 
f 55//55 56//56 82//82 
f 82//82 56//56 83//83 
f 56//56 57//57 83//83 
f 83//83 57//57 84//84 
f 57//57 57//57 84//84 
f 84//84 57//57 85//85 
f 57//57 58//58 85//85 
f 85//85 58//58 86//86 
f 58//58 59//59 86//86 
f 86//86 59//59 87//87 
f 59//59 61//61 87//87 
f 87//87 61//61 88//88 
f 61//61 63//63 88//88 
f 88//88 63//63 89//89 
f 63//63 64//64 89//89 
f 89//89 64//64 89//89 
f 64//64 65//65 89//89 
f 89//89 65//65 90//90 
f 65//65 66//66 90//90 
f 90//90 66//66 91//91 
f 66//66 67//67 91//91 
f 91//91 67//67 92//92 
f 67//67 68//68 92//92 
f 92//92 68//68 93//93 
f 68//68 71//71 93//93 
f 93//93 71//71 94//94 
f 71//71 73//73 94//94 
f 94//94 73//73 79//79 
f 73//73 73//73 79//79 
f 79//79 73//73 77//77 
f 73//73 72//72 77//77 
f 77//77 72//72 74//74 
f 72//72 74//74 74//74 
f 74//74 74//74 75//75 
f 74//74 75//75 75//75 
f 75//75 75//75 78//78 
f 75//75 76//76 78//78 
f 78//78 76//76 76//76 
f 76//76 94//94 76//76 
f 76//76 94//94 94//94 
f 94//94 79//79 94//94 
f 94//94 79//79 95//95 
f 79//79 80//80 95//95 
f 95//95 80//80 96//96 
f 80//80 81//81 96//96 
f 96//96 81//81 97//97 
f 81//81 82//82 97//97 
f 97//97 82//82 98//98 
f 82//82 83//83 98//98 
f 98//98 83//83 99//99 
f 83//83 84//84 99//99 
f 99//99 84//84 100//100 
f 84//84 84//84 100//100 
f 100//100 84//84 101//101 
f 84//84 85//85 101//101 
f 101//101 85//85 102//102 
f 85//85 86//86 102//102 
f 102//102 86//86 103//103 
f 86//86 87//87 103//103 
f 103//103 87//87 104//104 
f 87//87 88//88 104//104 
f 104//104 88//88 105//105 
f 88//88 89//89 105//105 
f 105//105 89//89 105//105 
f 89//89 90//90 105//105 
f 105//105 90//90 106//106 
f 90//90 91//91 106//106 
f 106//106 91//91 107//107 
f 91//91 92//92 107//107 
f 107//107 92//92 108//108 
f 92//92 92//92 108//108 
f 108//108 92//92 109//109 
f 92//92 93//93 109//109 
f 109//109 93//93 110//110 
f 93//93 94//94 110//110 
f 110//110 94//94 110//110 
f 94//94 95//95 110//110 
f 110//110 95//95 111//111 
f 95//95 96//96 111//111 
f 111//111 96//96 112//112 
f 96//96 97//97 112//112 
f 112//112 97//97 113//113 
f 97//97 98//98 113//113 
f 113//113 98//98 114//114 
f 98//98 99//99 114//114 
f 114//114 99//99 115//115 
f 99//99 100//100 115//115 
f 115//115 100//100 116//116 
f 100//100 100//100 116//116 
f 116//116 100//100 117//117 
f 100//100 101//101 117//117 
f 117//117 101//101 118//118 
f 101//101 102//102 118//118 
f 118//118 102//102 119//119 
f 102//102 103//103 119//119 
f 119//119 103//103 120//120 
f 103//103 104//104 120//120 
f 120//120 104//104 121//121 
f 104//104 105//105 121//121 
f 121//121 105//105 121//121 
f 105//105 106//106 121//121 
f 121//121 106//106 122//122 
f 106//106 107//107 122//122 
f 122//122 107//107 123//123 
f 107//107 108//108 123//123 
f 123//123 108//108 124//124 
f 108//108 108//108 124//124 
f 124//124 108//108 125//125 
f 108//108 109//109 125//125 
f 125//125 109//109 126//126 
f 109//109 110//110 126//126 
f 126//126 110//110 126//126 
f 110//110 111//111 126//126 
f 126//126 111//111 127//127 
f 111//111 112//112 127//127 
f 127//127 112//112 112//112 
f 112//112 127//127 112//112 
f 112//112 127//127 127//127 
f 127//127 128//128 127//127 
f 127//127 128//128 126//126 
f 128//128 128//128 126//126 
f 126//126 128//128 125//125 
f 128//128 129//129 125//125 
f 125//125 129//129 124//124 
f 129//129 130//130 124//124 
f 124//124 130//130 124//124 
f 130//130 131//131 124//124 
f 124//124 131//131 123//123 
f 131//131 132//132 123//123 
f 123//123 132//132 122//122 
f 132//132 133//133 122//122 
f 122//122 133//133 121//121 
f 133//133 120//120 121//121 
f 121//121 120//120 120//120 
f 120//120 134//134 120//120 
f 120//120 134//134 134//134 
f 134//134 135//135 134//134 
f 134//134 135//135 136//136 
f 135//135 137//137 136//136 
f 136//136 137//137 136//136 
f 137//137 138//138 136//136 
f 136//136 138//138 136//136 
f 138//138 139//139 136//136 
f 136//136 139//139 136//136 
f 139//139 140//140 136//136 
f 136//136 140//140 134//134 
f 140//140 141//141 134//134 
f 134//134 141//141 134//134 
f 141//141 142//142 134//134 
f 134//134 142//142 134//134 
f 142//142 143//143 134//134 
f 134//134 143//143 134//134 
f 143//143 144//144 134//134 
f 134//134 144//144 135//135 
f 144//144 145//145 135//135 
f 135//135 145//145 135//135 
f 145//145 146//146 135//135 
f 135//135 146//146 137//137 
f 146//146 147//147 137//137 
f 137//137 147//147 137//137 
f 147//147 148//148 137//137 
f 137//137 148//148 138//138 
f 148//148 149//149 138//138 
f 138//138 149//149 138//138 
f 149//149 150//150 138//138 
f 138//138 150//150 139//139 
f 150//150 151//151 139//139 
f 139//139 151//151 139//139 
f 151//151 152//152 139//139 
f 139//139 152//152 140//140 
f 152//152 153//153 140//140 
f 140//140 153//153 141//141 
f 153//153 154//154 141//141 
f 141//141 154//154 155//155 
f 154//154 154//154 155//155 
f 155//155 154//154 156//156 
f 154//154 154//154 156//156 
f 156//156 154//154 157//157 
f 154//154 158//158 157//157 
f 157//157 158//158 159//159 
f 158//158 160//160 159//159 
f 159//159 160//160 161//161 
f 160//160 160//160 161//161 
f 161//161 160//160 162//162 
f 160//160 163//163 162//162 
f 162//162 163//163 164//164 
f 163//163 152//152 164//164 
f 164//164 152//152 165//165 
f 152//152 151//151 165//165 
f 165//165 151//151 166//166 
f 151//151 151//151 166//166 
f 166//166 151//151 167//167 
f 151//151 150//150 167//167 
f 167//167 150//150 168//168 
f 150//150 149//149 168//168 
f 168//168 149//149 149//149 
f 149//149 141//141 149//149 
f 149//149 141//141 141//141 
f 141//141 155//155 141//141 
f 141//141 155//155 142//142 
f 155//155 142//142 142//142 
f 142//142 142//142 154//154 
f 142//142 154//154 154//154 
f 154//154 154//154 158//158 
f 154//154 153//153 158//158 
f 158//158 153//153 163//163 
f 153//153 152//152 163//163 
f 163//163 152//152 152//152 
f 152//152 163//163 152//152 
f 152//152 163//163 163//163 
f 163//163 160//160 163//163 
f 163//163 160//160 158//158 
f 160//160 158//158 158//158 
f 158//158 158//158 167//167 
f 158//158 167//167 167//167 
f 167//167 167//167 166//166 
f 167//167 168//168 166//166 
f 166//166 168//168 166//166 
f 168//168 169//169 166//166 
f 166//166 169//169 170//170 
f 169//169 171//171 170//170 
f 170//170 171//171 165//165 
f 171//171 171//171 165//165 
f 165//165 171//171 164//164 
f 171//171 172//172 164//164 
f 164//164 172//172 162//162 
f 172//172 162//162 162//162 
f 162//162 162//162 165//165 
f 162//162 165//165 165//165 
f 165//165 165//165 170//170 
f 165//165 166//166 170//170 
f 170//170 166//166 166//166 
f 166//166 172//172 166//166 
f 166//166 172//172 172//172 
f 172//172 171//171 172//172 
f 172//172 171//171 173//173 
f 171//171 169//169 173//173 
f 173//173 169//169 174//174 
f 169//169 168//168 174//174 
f 174//174 168//168 174//174 
f 168//168 149//149 174//174 
f 174//174 149//149 175//175 
f 149//149 148//148 175//175 
f 175//175 148//148 176//176 
f 148//148 147//147 176//176 
f 176//176 147//147 177//177 
f 147//147 147//147 177//177 
f 177//177 147//147 178//178 
f 147//147 146//146 178//178 
f 178//178 146//146 179//179 
f 146//146 145//145 179//179 
f 179//179 145//145 180//180 
f 145//145 181//181 180//180 
f 180//180 181//181 182//182 
f 181//181 183//183 182//182 
f 182//182 183//183 184//184 
f 183//183 185//185 184//184 
f 184//184 185//185 143//143 
f 185//185 183//183 143//143 
f 143//143 183//183 144//144 
f 183//183 181//181 144//144 
f 144//144 181//181 145//145 
f 181//181 145//145 145//145 
f 145//145 145//145 143//143 
f 145//145 143//143 143//143 
f 143//143 143//143 184//184 
f 143//143 142//142 184//184 
f 184//184 142//142 186//186 
f 142//142 155//155 186//186 
f 186//186 155//155 187//187 
f 155//155 156//156 187//187 
f 187//187 156//156 188//188 
f 156//156 156//156 188//188 
f 188//188 156//156 189//189 
f 156//156 157//157 189//189 
f 189//189 157//157 190//190 
f 157//157 159//159 190//190 
f 190//190 159//159 191//191 
f 159//159 161//161 191//191 
f 191//191 161//161 192//192 
f 161//161 193//193 192//192 
f 192//192 193//193 194//194 
f 193//193 195//195 194//194 
f 194//194 195//195 196//196 
f 195//195 195//195 196//196 
f 196//196 195//195 197//197 
f 195//195 173//173 197//197 
f 197//197 173//173 197//197 
f 173//173 174//174 197//197 
f 197//197 174//174 198//198 
f 174//174 175//175 198//198 
f 198//198 175//175 199//199 
f 175//175 176//176 199//199 
f 199//199 176//176 200//200 
f 176//176 177//177 200//200 
f 200//200 177//177 201//201 
f 177//177 177//177 201//201 
f 201//201 177//177 202//202 
f 177//177 178//178 202//202 
f 202//202 178//178 203//203 
f 178//178 179//179 203//203 
f 203//203 179//179 179//179 
f 179//179 186//186 179//179 
f 179//179 186//186 186//186 
f 186//186 182//182 186//186 
f 186//186 182//182 184//184 
f 182//182 184//184 184//184 
f 184//184 184//184 161//161 
f 184//184 161//161 161//161 
f 161//161 161//161 193//193 
f 161//161 162//162 193//193 
f 193//193 162//162 193//193 
f 162//162 172//172 193//193 
f 193//193 172//172 195//195 
f 172//172 173//173 195//195 
f 195//195 173//173 173//173 
f 173//173 203//203 173//173 
f 173//173 203//203 203//203 
f 203//203 204//204 203//203 
f 203//203 204//204 202//202 
f 204//204 201//201 202//202 
f 202//202 201//201 201//201 
f 201//201 179//179 201//201 
f 201//201 179//179 179//179 
f 179//179 205//205 179//179 
f 179//179 205//205 203//203 
f 205//205 206//206 203//203 
f 203//203 206//206 204//204 
f 206//206 204//204 204//204 
f 204//204 204//204 179//179 
f 204//204 179//179 179//179 
f 179//179 179//179 205//205 
f 179//179 180//180 205//205 
f 205//205 180//180 207//207 
f 180//180 182//182 207//207 
f 207//207 182//182 207//207 
f 182//182 186//186 207//207 
f 207//207 186//186 208//208 
f 186//186 187//187 208//208 
f 208//208 187//187 209//209 
f 187//187 188//188 209//209 
f 209//209 188//188 188//188 
f 188//188 207//207 188//188 
f 188//188 207//207 207//207 
f 207//207 208//208 207//207 
f 207//207 208//208 210//210 
f 208//208 211//211 210//210 
f 210//210 211//211 212//212 
f 211//211 211//211 212//212 
f 212//212 211//211 213//213 
f 211//211 209//209 213//213 
f 213//213 209//209 214//214 
f 209//209 188//188 214//214 
f 214//214 188//188 215//215 
f 188//188 189//189 215//215 
f 215//215 189//189 216//216 
f 189//189 190//190 216//216 
f 216//216 190//190 217//217 
f 190//190 190//190 217//217 
f 217//217 190//190 218//218 
f 190//190 191//191 218//218 
f 218//218 191//191 219//219 
f 191//191 192//192 219//219 
f 219//219 192//192 220//220 
f 192//192 194//194 220//220 
f 220//220 194//194 221//221 
f 194//194 196//196 221//221 
f 221//221 196//196 222//222 
f 196//196 197//197 222//222 
f 222//222 197//197 222//222 
f 197//197 198//198 222//222 
f 222//222 198//198 223//223 
f 198//198 199//199 223//223 
f 223//223 199//199 224//224 
f 199//199 200//200 224//224 
f 224//224 200//200 225//225 
f 200//200 201//201 225//225 
f 225//225 201//201 226//226 
f 201//201 204//204 226//226 
f 226//226 204//204 227//227 
f 204//204 206//206 227//227 
f 227//227 206//206 212//212 
f 206//206 206//206 212//212 
f 212//212 206//206 210//210 
f 206//206 205//205 210//210 
f 210//210 205//205 207//207 
f 205//205 207//207 207//207 
f 207//207 207//207 208//208 
f 207//207 208//208 208//208 
f 208//208 208//208 211//211 
f 208//208 209//209 211//211 
f 211//211 209//209 209//209 
f 209//209 227//227 209//209 
f 209//209 227//227 227//227 
f 227//227 212//212 227//227 
f 227//227 212//212 228//228 
f 212//212 213//213 228//228 
f 228//228 213//213 229//229 
f 213//213 214//214 229//229 
f 229//229 214//214 230//230 
f 214//214 215//215 230//230 
f 230//230 215//215 231//231 
f 215//215 216//216 231//231 
f 231//231 216//216 232//232 
f 216//216 217//217 232//232 
f 232//232 217//217 233//233 
f 217//217 217//217 233//233 
f 233//233 217//217 234//234 
f 217//217 218//218 234//234 
f 234//234 218//218 235//235 
f 218//218 219//219 235//235 
f 235//235 219//219 236//236 
f 219//219 220//220 236//236 
f 236//236 220//220 237//237 
f 220//220 221//221 237//237 
f 237//237 221//221 238//238 
f 221//221 222//222 238//238 
f 238//238 222//222 238//238 
f 222//222 223//223 238//238 
f 238//238 223//223 239//239 
f 223//223 224//224 239//239 
f 239//239 224//224 240//240 
f 224//224 225//225 240//240 
f 240//240 225//225 241//241 
f 225//225 225//225 241//241 
f 241//241 225//225 242//242 
f 225//225 226//226 242//242 
f 242//242 226//226 243//243 
f 226//226 227//227 243//243 
f 243//243 227//227 243//243 
f 227//227 228//228 243//243 
f 243//243 228//228 244//244 
f 228//228 229//229 244//244 
f 244//244 229//229 245//245 
f 229//229 230//230 245//245 
f 245//245 230//230 246//246 
f 230//230 231//231 246//246 
f 246//246 231//231 247//247 
f 231//231 232//232 247//247 
f 247//247 232//232 248//248 
f 232//232 233//233 248//248 
f 248//248 233//233 249//249 
f 233//233 233//233 249//249 
f 249//249 233//233 250//250 
f 233//233 234//234 250//250 
f 250//250 234//234 251//251 
f 234//234 235//235 251//251 
f 251//251 235//235 252//252 
f 235//235 236//236 252//252 
f 252//252 236//236 253//253 
f 236//236 237//237 253//253 
f 253//253 237//237 254//254 
f 237//237 238//238 254//254 
f 254//254 238//238 254//254 
f 238//238 239//239 254//254 
f 254//254 239//239 255//255 
f 239//239 240//240 255//255 
f 255//255 240//240 256//256 
f 240//240 241//241 256//256 
f 256//256 241//241 257//257 
f 241//241 241//241 257//257 
f 257//257 241//241 258//258 
f 241//241 242//242 258//258 
f 258//258 242//242 259//259 
f 242//242 243//243 259//259 
f 259//259 243//243 259//259 
f 243//243 244//244 259//259 
f 259//259 244//244 260//260 
f 244//244 245//245 260//260 
f 260//260 245//245 261//261 
f 245//245 246//246 261//261 
f 261//261 246//246 262//262 
f 246//246 247//247 262//262 
f 262//262 247//247 263//263 
f 247//247 248//248 263//263 
f 263//263 248//248 264//264 
f 248//248 249//249 264//264 
f 264//264 249//249 265//265 
f 249//249 249//249 265//265 
f 265//265 249//249 266//266 
f 249//249 250//250 266//266 
f 266//266 250//250 267//267 
f 250//250 251//251 267//267 
f 267//267 251//251 268//268 
f 251//251 252//252 268//268 
f 268//268 252//252 269//269 
f 252//252 253//253 269//269 
f 269//269 253//253 270//270 
f 253//253 254//254 270//270 
f 270//270 254//254 270//270 
f 254//254 255//255 270//270 
f 270//270 255//255 271//271 
f 255//255 256//256 271//271 
f 271//271 256//256 272//272 
f 256//256 257//257 272//272 
f 272//272 257//257 273//273 
f 257//257 257//257 273//273 
f 273//273 257//257 274//274 
f 257//257 258//258 274//274 
f 274//274 258//258 275//275 
f 258//258 259//259 275//275 
f 275//275 259//259 275//275 
f 259//259 260//260 275//275 
f 275//275 260//260 276//276 
f 260//260 261//261 276//276 
f 276//276 261//261 261//261 
f 261//261 276//276 261//261 
f 261//261 276//276 276//276 
f 276//276 277//277 276//276 
f 276//276 277//277 275//275 
f 277//277 277//277 275//275 
f 275//275 277//277 274//274 
f 277//277 278//278 274//274 
f 274//274 278//278 273//273 
f 278//278 279//279 273//273 
f 273//273 279//279 273//273 
f 279//279 280//280 273//273 
f 273//273 280//280 272//272 
f 280//280 281//281 272//272 
f 272//272 281//281 271//271 
f 281//281 282//282 271//271 
f 271//271 282//282 270//270 
f 282//282 282//282 270//270 
f 270//270 282//282 269//269 
f 282//282 283//283 269//269 
f 269//269 283//283 269//269 
f 283//283 284//284 269//269 
f 269//269 284//284 268//268 
f 284//284 285//285 268//268 
f 268//268 285//285 267//267 
f 285//285 286//286 267//267 
f 267//267 286//286 266//266 
f 286//286 287//287 266//266 
f 266//266 287//287 265//265 
f 287//287 288//288 265//265 
f 265//265 288//288 264//264 
f 288//288 289//289 264//264 
f 264//264 289//289 263//263 
f 289//289 290//290 263//263 
f 263//263 290//290 262//262 
f 290//290 291//291 262//262 
f 262//262 291//291 261//261 
f 291//291 292//292 261//261 
f 261//261 292//292 276//276 
f 292//292 293//293 276//276 
f 276//276 293//293 277//277 
f 293//293 294//294 277//277 
f 277//277 294//294 278//278 
f 294//294 295//295 278//278 
f 278//278 295//295 279//279 
f 295//295 296//296 279//279 
f 279//279 296//296 280//280 
f 296//296 297//297 280//280 
f 280//280 297//297 281//281 
f 297//297 298//298 281//281 
f 281//281 298//298 282//282 
f 298//298 298//298 282//282 
f 282//282 298//298 283//283 
f 298//298 298//298 283//283 
f 283//283 298//298 299//299 
f 298//298 298//298 299//299 
f 299//299 298//298 300//300 
f 298//298 297//297 300//300 
f 300//300 297//297 301//301 
f 297//297 296//296 301//301 
f 301//301 296//296 302//302 
f 296//296 295//295 302//302 
f 302//302 295//295 303//303 
f 295//295 294//294 303//303 
f 303//303 294//294 304//304 
f 294//294 293//293 304//304 
f 304//304 293//293 305//305 
f 293//293 292//292 305//305 
f 305//305 292//292 306//306 
f 292//292 291//291 306//306 
f 306//306 291//291 307//307 
f 291//291 290//290 307//307 
f 307//307 290//290 308//308 
f 290//290 289//289 308//308 
f 308//308 289//289 309//309 
f 289//289 288//288 309//309 
f 309//309 288//288 310//310 
f 288//288 287//287 310//310 
f 310//310 287//287 311//311 
f 287//287 286//286 311//311 
f 311//311 286//286 312//312 
f 286//286 285//285 312//312 
f 312//312 285//285 313//313 
f 285//285 284//284 313//313 
f 313//313 284//284 314//314 
f 284//284 283//283 314//314 
f 314//314 283//283 299//299 
f 283//283 299//299 299//299 
f 299//299 299//299 315//315 
f 299//299 315//315 315//315 
f 315//315 315//315 315//315 
f 315//315 316//316 315//315 
f 315//315 316//316 317//317 
f 316//316 318//318 317//317 
f 317//317 318//318 317//317 
f 318//318 319//319 317//317 
f 317//317 319//319 317//317 
f 319//319 320//320 317//317 
f 317//317 320//320 317//317 
f 320//320 321//321 317//317 
f 317//317 321//321 315//315 
f 321//321 322//322 315//315 
f 315//315 322//322 315//315 
f 322//322 323//323 315//315 
f 315//315 323//323 315//315 
f 323//323 324//324 315//315 
f 315//315 324//324 315//315 
f 324//324 325//325 315//315 
f 315//315 325//325 316//316 
f 325//325 326//326 316//316 
f 316//316 326//326 316//316 
f 326//326 327//327 316//316 
f 316//316 327//327 318//318 
f 327//327 328//328 318//318 
f 318//318 328//328 318//318 
f 328//328 329//329 318//318 
f 318//318 329//329 319//319 
f 329//329 330//330 319//319 
f 319//319 330//330 319//319 
f 330//330 331//331 319//319 
f 319//319 331//331 320//320 
f 331//331 332//332 320//320 
f 320//320 332//332 320//320 
f 332//332 333//333 320//320 
f 320//320 333//333 321//321 
f 333//333 334//334 321//321 
f 321//321 334//334 322//322 
f 334//334 335//335 322//322 
f 322//322 335//335 336//336 
f 335//335 335//335 336//336 
f 336//336 335//335 337//337 
f 335//335 335//335 337//337 
f 337//337 335//335 338//338 
f 335//335 339//339 338//338 
f 338//338 339//339 340//340 
f 339//339 341//341 340//340 
f 340//340 341//341 342//342 
f 341//341 341//341 342//342 
f 342//342 341//341 343//343 
f 341//341 344//344 343//343 
f 343//343 344//344 345//345 
f 344//344 333//333 345//345 
f 345//345 333//333 346//346 
f 333//333 332//332 346//346 
f 346//346 332//332 347//347 
f 332//332 332//332 347//347 
f 347//347 332//332 348//348 
f 332//332 331//331 348//348 
f 348//348 331//331 349//349 
f 331//331 330//330 349//349 
f 349//349 330//330 330//330 
f 330//330 322//322 330//330 
f 330//330 322//322 322//322 
f 322//322 336//336 322//322 
f 322//322 336//336 323//323 
f 336//336 323//323 323//323 
f 323//323 323//323 335//335 
f 323//323 335//335 335//335 
f 335//335 335//335 339//339 
f 335//335 334//334 339//339 
f 339//339 334//334 344//344 
f 334//334 333//333 344//344 
f 344//344 333//333 333//333 
f 333//333 344//344 333//333 
f 333//333 344//344 344//344 
f 344//344 341//341 344//344 
f 344//344 341//341 339//339 
f 341//341 339//339 339//339 
f 339//339 339//339 348//348 
f 339//339 348//348 348//348 
f 348//348 348//348 347//347 
f 348//348 349//349 347//347 
f 347//347 349//349 347//347 
f 349//349 350//350 347//347 
f 347//347 350//350 351//351 
f 350//350 352//352 351//351 
f 351//351 352//352 346//346 
f 352//352 352//352 346//346 
f 346//346 352//352 345//345 
f 352//352 353//353 345//345 
f 345//345 353//353 343//343 
f 353//353 343//343 343//343 
f 343//343 343//343 346//346 
f 343//343 346//346 346//346 
f 346//346 346//346 351//351 
f 346//346 347//347 351//351 
f 351//351 347//347 347//347 
f 347//347 353//353 347//347 
f 347//347 353//353 353//353 
f 353//353 352//352 353//353 
f 353//353 352//352 354//354 
f 352//352 350//350 354//354 
f 354//354 350//350 355//355 
f 350//350 349//349 355//355 
f 355//355 349//349 355//355 
f 349//349 330//330 355//355 
f 355//355 330//330 356//356 
f 330//330 329//329 356//356 
f 356//356 329//329 357//357 
f 329//329 328//328 357//357 
f 357//357 328//328 358//358 
f 328//328 328//328 358//358 
f 358//358 328//328 359//359 
f 328//328 327//327 359//359 
f 359//359 327//327 360//360 
f 327//327 326//326 360//360 
f 360//360 326//326 361//361 
f 326//326 362//362 361//361 
f 361//361 362//362 363//363 
f 362//362 364//364 363//363 
f 363//363 364//364 365//365 
f 364//364 366//366 365//365 
f 365//365 366//366 324//324 
f 366//366 364//364 324//324 
f 324//324 364//364 325//325 
f 364//364 362//362 325//325 
f 325//325 362//362 326//326 
f 362//362 326//326 326//326 
f 326//326 326//326 324//324 
f 326//326 324//324 324//324 
f 324//324 324//324 365//365 
f 324//324 323//323 365//365 
f 365//365 323//323 367//367 
f 323//323 336//336 367//367 
f 367//367 336//336 368//368 
f 336//336 337//337 368//368 
f 368//368 337//337 369//369 
f 337//337 337//337 369//369 
f 369//369 337//337 370//370 
f 337//337 338//338 370//370 
f 370//370 338//338 371//371 
f 338//338 340//340 371//371 
f 371//371 340//340 372//372 
f 340//340 342//342 372//372 
f 372//372 342//342 373//373 
f 342//342 374//374 373//373 
f 373//373 374//374 375//375 
f 374//374 376//376 375//375 
f 375//375 376//376 377//377 
f 376//376 376//376 377//377 
f 377//377 376//376 378//378 
f 376//376 354//354 378//378 
f 378//378 354//354 378//378 
f 354//354 355//355 378//378 
f 378//378 355//355 379//379 
f 355//355 356//356 379//379 
f 379//379 356//356 380//380 
f 356//356 357//357 380//380 
f 380//380 357//357 381//381 
f 357//357 358//358 381//381 
f 381//381 358//358 382//382 
f 358//358 358//358 382//382 
f 382//382 358//358 383//383 
f 358//358 359//359 383//383 
f 383//383 359//359 384//384 
f 359//359 360//360 384//384 
f 384//384 360//360 360//360 
f 360//360 367//367 360//360 
f 360//360 367//367 367//367 
f 367//367 363//363 367//367 
f 367//367 363//363 365//365 
f 363//363 365//365 365//365 
f 365//365 365//365 342//342 
f 365//365 342//342 342//342 
f 342//342 342//342 374//374 
f 342//342 343//343 374//374 
f 374//374 343//343 374//374 
f 343//343 353//353 374//374 
f 374//374 353//353 376//376 
f 353//353 354//354 376//376 
f 376//376 354//354 354//354 
f 354//354 384//384 354//354 
f 354//354 384//384 384//384 
f 384//384 385//385 384//384 
f 384//384 385//385 383//383 
f 385//385 382//382 383//383 
f 383//383 382//382 382//382 
f 382//382 360//360 382//382 
f 382//382 360//360 360//360 
f 360//360 386//386 360//360 
f 360//360 386//386 384//384 
f 386//386 387//387 384//384 
f 384//384 387//387 385//385 
f 387//387 385//385 385//385 
f 385//385 385//385 360//360 
f 385//385 360//360 360//360 
f 360//360 360//360 386//386 
f 360//360 361//361 386//386 
f 386//386 361//361 388//388 
f 361//361 363//363 388//388 
f 388//388 363//363 388//388 
f 363//363 367//367 388//388 
f 388//388 367//367 389//389 
f 367//367 368//368 389//389 
f 389//389 368//368 390//390 
f 368//368 369//369 390//390 
f 390//390 369//369 369//369 
f 369//369 388//388 369//369 
f 369//369 388//388 388//388 
f 388//388 389//389 388//388 
f 388//388 389//389 391//391 
f 389//389 392//392 391//391 
f 391//391 392//392 393//393 
f 392//392 392//392 393//393 
f 393//393 392//392 394//394 
f 392//392 390//390 394//394 
f 394//394 390//390 395//395 
f 390//390 369//369 395//395 
f 395//395 369//369 396//396 
f 369//369 370//370 396//396 
f 396//396 370//370 397//397 
f 370//370 371//371 397//397 
f 397//397 371//371 398//398 
f 371//371 371//371 398//398 
f 398//398 371//371 399//399 
f 371//371 372//372 399//399 
f 399//399 372//372 400//400 
f 372//372 373//373 400//400 
f 400//400 373//373 401//401 
f 373//373 375//375 401//401 
f 401//401 375//375 402//402 
f 375//375 377//377 402//402 
f 402//402 377//377 403//403 
f 377//377 378//378 403//403 
f 403//403 378//378 403//403 
f 378//378 379//379 403//403 
f 403//403 379//379 404//404 
f 379//379 380//380 404//404 
f 404//404 380//380 405//405 
f 380//380 381//381 405//405 
f 405//405 381//381 406//406 
f 381//381 382//382 406//406 
f 406//406 382//382 407//407 
f 382//382 385//385 407//407 
f 407//407 385//385 408//408 
f 385//385 387//387 408//408 
f 408//408 387//387 393//393 
f 387//387 387//387 393//393 
f 393//393 387//387 391//391 
f 387//387 386//386 391//391 
f 391//391 386//386 388//388 
f 386//386 388//388 388//388 
f 388//388 388//388 389//389 
f 388//388 389//389 389//389 
f 389//389 389//389 392//392 
f 389//389 390//390 392//392 
f 392//392 390//390 390//390 
f 390//390 408//408 390//390 
f 390//390 408//408 408//408 
f 408//408 393//393 408//408 
f 408//408 393//393 409//409 
f 393//393 394//394 409//409 
f 409//409 394//394 410//410 
f 394//394 395//395 410//410 
f 410//410 395//395 411//411 
f 395//395 396//396 411//411 
f 411//411 396//396 412//412 
f 396//396 397//397 412//412 
f 412//412 397//397 413//413 
f 397//397 398//398 413//413 
f 413//413 398//398 414//414 
f 398//398 398//398 414//414 
f 414//414 398//398 415//415 
f 398//398 399//399 415//415 
f 415//415 399//399 416//416 
f 399//399 400//400 416//416 
f 416//416 400//400 417//417 
f 400//400 401//401 417//417 
f 417//417 401//401 418//418 
f 401//401 402//402 418//418 
f 418//418 402//402 419//419 
f 402//402 403//403 419//419 
f 419//419 403//403 419//419 
f 403//403 404//404 419//419 
f 419//419 404//404 420//420 
f 404//404 405//405 420//420 
f 420//420 405//405 421//421 
f 405//405 406//406 421//421 
f 421//421 406//406 422//422 
f 406//406 406//406 422//422 
f 422//422 406//406 423//423 
f 406//406 407//407 423//423 
f 423//423 407//407 424//424 
f 407//407 408//408 424//424 
f 424//424 408//408 424//424 
f 408//408 409//409 424//424 
f 424//424 409//409 425//425 
f 409//409 410//410 425//425 
f 425//425 410//410 426//426 
f 410//410 411//411 426//426 
f 426//426 411//411 427//427 
f 411//411 412//412 427//427 
f 427//427 412//412 428//428 
f 412//412 413//413 428//428 
f 428//428 413//413 429//429 
f 413//413 414//414 429//429 
f 429//429 414//414 430//430 
f 414//414 414//414 430//430 
f 430//430 414//414 431//431 
f 414//414 415//415 431//431 
f 431//431 415//415 432//432 
f 415//415 416//416 432//432 
f 432//432 416//416 433//433 
f 416//416 417//417 433//433 
f 433//433 417//417 434//434 
f 417//417 418//418 434//434 
f 434//434 418//418 435//435 
f 418//418 419//419 435//435 
f 435//435 419//419 435//435 
f 419//419 420//420 435//435 
f 435//435 420//420 436//436 
f 420//420 421//421 436//436 
f 436//436 421//421 437//437 
f 421//421 422//422 437//437 
f 437//437 422//422 438//438 
f 422//422 422//422 438//438 
f 438//438 422//422 439//439 
f 422//422 423//423 439//439 
f 439//439 423//423 440//440 
f 423//423 424//424 440//440 
f 440//440 424//424 440//440 
f 424//424 425//425 440//440 
f 440//440 425//425 441//441 
f 425//425 426//426 441//441 
f 441//441 426//426 442//442 
f 426//426 427//427 442//442 
f 442//442 427//427 443//443 
f 427//427 428//428 443//443 
f 443//443 428//428 444//444 
f 428//428 429//429 444//444 
f 444//444 429//429 445//445 
f 429//429 430//430 445//445 
f 445//445 430//430 446//446 
f 430//430 430//430 446//446 
f 446//446 430//430 447//447 
f 430//430 431//431 447//447 
f 447//447 431//431 448//448 
f 431//431 432//432 448//448 
f 448//448 432//432 449//449 
f 432//432 433//433 449//449 
f 449//449 433//433 450//450 
f 433//433 434//434 450//450 
f 450//450 434//434 451//451 
f 434//434 435//435 451//451 
f 451//451 435//435 451//451 
f 435//435 436//436 451//451 
f 451//451 436//436 452//452 
f 436//436 437//437 452//452 
f 452//452 437//437 453//453 
f 437//437 438//438 453//453 
f 453//453 438//438 454//454 
f 438//438 438//438 454//454 
f 454//454 438//438 455//455 
f 438//438 439//439 455//455 
f 455//455 439//439 456//456 
f 439//439 440//440 456//456 
f 456//456 440//440 456//456 
f 440//440 441//441 456//456 
f 456//456 441//441 457//457 
f 441//441 442//442 457//457 
f 457//457 442//442 442//442 
f 442//442 457//457 442//442 
f 442//442 457//457 457//457 
f 457//457 458//458 457//457 
f 457//457 458//458 456//456 
f 458//458 458//458 456//456 
f 456//456 458//458 455//455 
f 458//458 459//459 455//455 
f 455//455 459//459 454//454 
f 459//459 460//460 454//454 
f 454//454 460//460 454//454 
f 460//460 461//461 454//454 
f 454//454 461//461 453//453 
f 461//461 462//462 453//453 
f 453//453 462//462 452//452 
f 462//462 463//463 452//452 
f 452//452 463//463 451//451 
f 463//463 463//463 451//451 
f 451//451 463//463 450//450 
f 463//463 464//464 450//450 
f 450//450 464//464 450//450 
f 464//464 465//465 450//450 
f 450//450 465//465 449//449 
f 465//465 466//466 449//449 
f 449//449 466//466 448//448 
f 466//466 467//467 448//448 
f 448//448 467//467 447//447 
f 467//467 468//468 447//447 
f 447//447 468//468 446//446 
f 468//468 469//469 446//446 
f 446//446 469//469 445//445 
f 469//469 470//470 445//445 
f 445//445 470//470 444//444 
f 470//470 471//471 444//444 
f 444//444 471//471 443//443 
f 471//471 472//472 443//443 
f 443//443 472//472 442//442 
f 472//472 473//473 442//442 
f 442//442 473//473 457//457 
f 473//473 474//474 457//457 
f 457//457 474//474 458//458 
f 474//474 475//475 458//458 
f 458//458 475//475 459//459 
f 475//475 476//476 459//459 
f 459//459 476//476 460//460 
f 476//476 477//477 460//460 
f 460//460 477//477 461//461 
f 477//477 478//478 461//461 
f 461//461 478//478 462//462 
f 478//478 479//479 462//462 
f 462//462 479//479 463//463 
f 479//479 479//479 463//463 
f 463//463 479//479 464//464 
f 479//479 479//479 464//464 
f 464//464 479//479 480//480 
f 479//479 479//479 480//480 
f 480//480 479//479 481//481 
f 479//479 478//478 481//481 
f 481//481 478//478 482//482 
f 478//478 477//477 482//482 
f 482//482 477//477 483//483 
f 477//477 476//476 483//483 
f 483//483 476//476 484//484 
f 476//476 475//475 484//484 
f 484//484 475//475 485//485 
f 475//475 474//474 485//485 
f 485//485 474//474 486//486 
f 474//474 473//473 486//486 
f 486//486 473//473 487//487 
f 473//473 472//472 487//487 
f 487//487 472//472 488//488 
f 472//472 471//471 488//488 
f 488//488 471//471 489//489 
f 471//471 470//470 489//489 
f 489//489 470//470 490//490 
f 470//470 469//469 490//490 
f 490//490 469//469 491//491 
f 469//469 468//468 491//491 
f 491//491 468//468 492//492 
f 468//468 467//467 492//492 
f 492//492 467//467 493//493 
f 467//467 466//466 493//493 
f 493//493 466//466 494//494 
f 466//466 465//465 494//494 
f 494//494 465//465 495//495 
f 465//465 464//464 495//495 
f 495//495 464//464 480//480 
f 464//464 480//480 480//480 
f 480//480 480//480 496//496 
f 480//480 496//496 496//496 
f 496//496 496//496 496//496 
f 496//496 497//497 496//496 
f 496//496 497//497 498//498 
f 497//497 499//499 498//498 
f 498//498 499//499 498//498 
f 499//499 500//500 498//498 
f 498//498 500//500 498//498 
f 500//500 501//501 498//498 
f 498//498 501//501 498//498 
f 501//501 502//502 498//498 
f 498//498 502//502 496//496 
f 502//502 503//503 496//496 
f 496//496 503//503 496//496 
f 503//503 504//504 496//496 
f 496//496 504//504 496//496 
f 504//504 505//505 496//496 
f 496//496 505//505 496//496 
f 505//505 506//506 496//496 
f 496//496 506//506 497//497 
f 506//506 507//507 497//497 
f 497//497 507//507 497//497 
f 507//507 508//508 497//497 
f 497//497 508//508 499//499 
f 508//508 509//509 499//499 
f 499//499 509//509 499//499 
f 509//509 510//510 499//499 
f 499//499 510//510 500//500 
f 510//510 511//511 500//500 
f 500//500 511//511 500//500 
f 511//511 512//512 500//500 
f 500//500 512//512 501//501 
f 512//512 513//513 501//501 
f 501//501 513//513 501//501 
f 513//513 514//514 501//501 
f 501//501 514//514 502//502 
f 514//514 515//515 502//502 
f 502//502 515//515 503//503 
f 515//515 516//516 503//503 
f 503//503 516//516 517//517 
f 516//516 516//516 517//517 
f 517//517 516//516 518//518 
f 516//516 516//516 518//518 
f 518//518 516//516 519//519 
f 516//516 520//520 519//519 
f 519//519 520//520 521//521 
f 520//520 522//522 521//521 
f 521//521 522//522 523//523 
f 522//522 522//522 523//523 
f 523//523 522//522 524//524 
f 522//522 525//525 524//524 
f 524//524 525//525 526//526 
f 525//525 514//514 526//526 
f 526//526 514//514 527//527 
f 514//514 513//513 527//527 
f 527//527 513//513 528//528 
f 513//513 513//513 528//528 
f 528//528 513//513 529//529 
f 513//513 512//512 529//529 
f 529//529 512//512 530//530 
f 512//512 511//511 530//530 
f 530//530 511//511 511//511 
f 511//511 503//503 511//511 
f 511//511 503//503 503//503 
f 503//503 517//517 503//503 
f 503//503 517//517 504//504 
f 517//517 504//504 504//504 
f 504//504 504//504 516//516 
f 504//504 516//516 516//516 
f 516//516 516//516 520//520 
f 516//516 515//515 520//520 
f 520//520 515//515 525//525 
f 515//515 514//514 525//525 
f 525//525 514//514 514//514 
f 514//514 525//525 514//514 
f 514//514 525//525 525//525 
f 525//525 522//522 525//525 
f 525//525 522//522 520//520 
f 522//522 520//520 520//520 
f 520//520 520//520 529//529 
f 520//520 529//529 529//529 
f 529//529 529//529 528//528 
f 529//529 530//530 528//528 
f 528//528 530//530 528//528 
f 530//530 531//531 528//528 
f 528//528 531//531 532//532 
f 531//531 533//533 532//532 
f 532//532 533//533 527//527 
f 533//533 533//533 527//527 
f 527//527 533//533 526//526 
f 533//533 534//534 526//526 
f 526//526 534//534 524//524 
f 534//534 524//524 524//524 
f 524//524 524//524 527//527 
f 524//524 527//527 527//527 
f 527//527 527//527 532//532 
f 527//527 528//528 532//532 
f 532//532 528//528 528//528 
f 528//528 534//534 528//528 
f 528//528 534//534 534//534 
f 534//534 533//533 534//534 
f 534//534 533//533 535//535 
f 533//533 531//531 535//535 
f 535//535 531//531 536//536 
f 531//531 530//530 536//536 
f 536//536 530//530 536//536 
f 530//530 511//511 536//536 
f 536//536 511//511 537//537 
f 511//511 510//510 537//537 
f 537//537 510//510 538//538 
f 510//510 509//509 538//538 
f 538//538 509//509 539//539 
f 509//509 509//509 539//539 
f 539//539 509//509 540//540 
f 509//509 508//508 540//540 
f 540//540 508//508 541//541 
f 508//508 507//507 541//541 
f 541//541 507//507 542//542 
f 507//507 543//543 542//542 
f 542//542 543//543 544//544 
f 543//543 545//545 544//544 
f 544//544 545//545 546//546 
f 545//545 547//547 546//546 
f 546//546 547//547 505//505 
f 547//547 545//545 505//505 
f 505//505 545//545 506//506 
f 545//545 543//543 506//506 
f 506//506 543//543 507//507 
f 543//543 507//507 507//507 
f 507//507 507//507 505//505 
f 507//507 505//505 505//505 
f 505//505 505//505 546//546 
f 505//505 504//504 546//546 
f 546//546 504//504 548//548 
f 504//504 517//517 548//548 
f 548//548 517//517 549//549 
f 517//517 518//518 549//549 
f 549//549 518//518 550//550 
f 518//518 518//518 550//550 
f 550//550 518//518 551//551 
f 518//518 519//519 551//551 
f 551//551 519//519 552//552 
f 519//519 521//521 552//552 
f 552//552 521//521 553//553 
f 521//521 523//523 553//553 
f 553//553 523//523 554//554 
f 523//523 555//555 554//554 
f 554//554 555//555 556//556 
f 555//555 557//557 556//556 
f 556//556 557//557 558//558 
f 557//557 557//557 558//558 
f 558//558 557//557 559//559 
f 557//557 535//535 559//559 
f 559//559 535//535 559//559 
f 535//535 536//536 559//559 
f 559//559 536//536 560//560 
f 536//536 537//537 560//560 
f 560//560 537//537 561//561 
f 537//537 538//538 561//561 
f 561//561 538//538 562//562 
f 538//538 539//539 562//562 
f 562//562 539//539 563//563 
f 539//539 539//539 563//563 
f 563//563 539//539 564//564 
f 539//539 540//540 564//564 
f 564//564 540//540 565//565 
f 540//540 541//541 565//565 
f 565//565 541//541 541//541 
f 541//541 548//548 541//541 
f 541//541 548//548 548//548 
f 548//548 544//544 548//548 
f 548//548 544//544 546//546 
f 544//544 546//546 546//546 
f 546//546 546//546 523//523 
f 546//546 523//523 523//523 
f 523//523 523//523 555//555 
f 523//523 524//524 555//555 
f 555//555 524//524 555//555 
f 524//524 534//534 555//555 
f 555//555 534//534 557//557 
f 534//534 535//535 557//557 
f 557//557 535//535 535//535 
f 535//535 565//565 535//535 
f 535//535 565//565 565//565 
f 565//565 566//566 565//565 
f 565//565 566//566 564//564 
f 566//566 563//563 564//564 
f 564//564 563//563 563//563 
f 563//563 541//541 563//563 
f 563//563 541//541 541//541 
f 541//541 567//567 541//541 
f 541//541 567//567 565//565 
f 567//567 568//568 565//565 
f 565//565 568//568 566//566 
f 568//568 566//566 566//566 
f 566//566 566//566 541//541 
f 566//566 541//541 541//541 
f 541//541 541//541 567//567 
f 541//541 542//542 567//567 
f 567//567 542//542 569//569 
f 542//542 544//544 569//569 
f 569//569 544//544 569//569 
f 544//544 548//548 569//569 
f 569//569 548//548 570//570 
f 548//548 549//549 570//570 
f 570//570 549//549 571//571 
f 549//549 550//550 571//571 
f 571//571 550//550 550//550 
f 550//550 569//569 550//550 
f 550//550 569//569 569//569 
f 569//569 570//570 569//569 
f 569//569 570//570 572//572 
f 570//570 573//573 572//572 
f 572//572 573//573 574//574 
f 573//573 573//573 574//574 
f 574//574 573//573 575//575 
f 573//573 571//571 575//575 
f 575//575 571//571 576//576 
f 571//571 550//550 576//576 
f 576//576 550//550 577//577 
f 550//550 551//551 577//577 
f 577//577 551//551 578//578 
f 551//551 552//552 578//578 
f 578//578 552//552 579//579 
f 552//552 552//552 579//579 
f 579//579 552//552 580//580 
f 552//552 553//553 580//580 
f 580//580 553//553 581//581 
f 553//553 554//554 581//581 
f 581//581 554//554 582//582 
f 554//554 556//556 582//582 
f 582//582 556//556 583//583 
f 556//556 558//558 583//583 
f 583//583 558//558 584//584 
f 558//558 559//559 584//584 
f 584//584 559//559 584//584 
f 559//559 560//560 584//584 
f 584//584 560//560 585//585 
f 560//560 561//561 585//585 
f 585//585 561//561 586//586 
f 561//561 562//562 586//586 
f 586//586 562//562 587//587 
f 562//562 563//563 587//587 
f 587//587 563//563 588//588 
f 563//563 566//566 588//588 
f 588//588 566//566 589//589 
f 566//566 568//568 589//589 
f 589//589 568//568 574//574 
f 568//568 568//568 574//574 
f 574//574 568//568 572//572 
f 568//568 567//567 572//572 
f 572//572 567//567 569//569 
f 567//567 569//569 569//569 
f 569//569 569//569 570//570 
f 569//569 570//570 570//570 
f 570//570 570//570 573//573 
f 570//570 571//571 573//573 
f 573//573 571//571 571//571 
f 571//571 589//589 571//571 
f 571//571 589//589 589//589 
f 589//589 574//574 589//589 
f 589//589 574//574 590//590 
f 574//574 575//575 590//590 
f 590//590 575//575 591//591 
f 575//575 576//576 591//591 
f 591//591 576//576 592//592 
f 576//576 577//577 592//592 
f 592//592 577//577 593//593 
f 577//577 578//578 593//593 
f 593//593 578//578 594//594 
f 578//578 579//579 594//594 
f 594//594 579//579 595//595 
f 579//579 579//579 595//595 
f 595//595 579//579 596//596 
f 579//579 580//580 596//596 
f 596//596 580//580 597//597 
f 580//580 581//581 597//597 
f 597//597 581//581 598//598 
f 581//581 582//582 598//598 
f 598//598 582//582 599//599 
f 582//582 583//583 599//599 
f 599//599 583//583 600//600 
f 583//583 584//584 600//600 
f 600//600 584//584 600//600 
f 584//584 585//585 600//600 
f 600//600 585//585 601//601 
f 585//585 586//586 601//601 
f 601//601 586//586 602//602 
f 586//586 587//587 602//602 
f 602//602 587//587 603//603 
f 587//587 587//587 603//603 
f 603//603 587//587 604//604 
f 587//587 588//588 604//604 
f 604//604 588//588 605//605 
f 588//588 589//589 605//605 
f 605//605 589//589 605//605 
f 589//589 590//590 605//605 
f 605//605 590//590 606//606 
f 590//590 591//591 606//606 
f 606//606 591//591 607//607 
f 591//591 592//592 607//607 
f 607//607 592//592 608//608 
f 592//592 593//593 608//608 
f 608//608 593//593 609//609 
f 593//593 594//594 609//609 
f 609//609 594//594 610//610 
f 594//594 595//595 610//610 
f 610//610 595//595 611//611 
f 595//595 595//595 611//611 
f 611//611 595//595 612//612 
f 595//595 596//596 612//612 
f 612//612 596//596 613//613 
f 596//596 597//597 613//613 
f 613//613 597//597 614//614 
f 597//597 598//598 614//614 
f 614//614 598//598 615//615 
f 598//598 599//599 615//615 
f 615//615 599//599 616//616 
f 599//599 600//600 616//616 
f 616//616 600//600 616//616 
f 600//600 601//601 616//616 
f 616//616 601//601 617//617 
f 601//601 602//602 617//617 
f 617//617 602//602 618//618 
f 602//602 603//603 618//618 
f 618//618 603//603 619//619 
f 603//603 603//603 619//619 
f 619//619 603//603 620//620 
f 603//603 604//604 620//620 
f 620//620 604//604 621//621 
f 604//604 605//605 621//621 
f 621//621 605//605 621//621 
f 605//605 606//606 621//621 
f 621//621 606//606 622//622 
f 606//606 607//607 622//622 
f 622//622 607//607 607//607 
f 607//607 622//622 607//607 
f 607//607 622//622 622//622 
f 622//622 623//623 622//622 
f 622//622 623//623 621//621 
f 623//623 623//623 621//621 
f 621//621 623//623 620//620 
f 623//623 624//624 620//620 
f 620//620 624//624 619//619 
f 624//624 625//625 619//619 
f 619//619 625//625 619//619 
f 625//625 626//626 619//619 
f 619//619 626//626 618//618 
f 626//626 627//627 618//618 
f 618//618 627//627 617//617 
f 627//627 628//628 617//617 
f 617//617 628//628 616//616 
f 628//628 615//615 616//616 

