mtllib model_13.mtl
o model_13
v 0.004730385262519121 0.4221169948577881 -3.6529929637908936 
v 0.0000041673033592815045 0.4204505980014801 -3.6527304649353027 
v 0.0000041673033592815045 0.42676153779029846 -3.6531240940093994 
v -0.006386212073266506 0.42679691314697266 -3.6532554626464844 
v -0.004730371292680502 0.43151238560676575 -3.653780221939087 
v 0.0000041673033592815045 0.4331078827381134 -3.653780221939087 
v 0.006386225577443838 0.42679691314697266 -3.6532554626464844 
v 0.008516352623701096 0.426867812871933 -3.653780221939087 
v 0.006386225577443838 0.42052149772644043 -3.6532554626464844 
v 0.0000041673033592815045 0.41842958331108093 -3.6529929637908936 
v -0.004730371292680502 0.4221169948577881 -3.6529929637908936 
v -0.006386212073266506 0.42052149772644043 -3.6532554626464844 
v -0.008516338653862476 0.426867812871933 -3.653780221939087 
v -0.006386212073266506 0.43317878246307373 -3.6541738510131836 
v -0.008516338653862476 0.4286051094532013 -3.665851354598999 
v -0.006386212073266506 0.42225876450538635 -3.6653263568878174 
v 0.0000041673033592815045 0.42013150453567505 -3.6651954650878906 
v 0.006386225577443838 0.42225876450538635 -3.6653263568878174 
v 0.008516352623701096 0.4286051094532013 -3.665851354598999 
v 0.008516352623701096 0.4335687756538391 -3.7008838653564453 
v 0.006386225577443838 0.42725780606269836 -3.7003591060638428 
v 0.0000041673033592815045 0.42513054609298706 -3.700227737426758 
v -0.006386212073266506 0.42725780606269836 -3.7003591060638428 
v 0.0000041673033592815045 0.4305550754070282 -3.7382781505584717 
v 0.005953543819487095 0.43250519037246704 -3.7384090423583984 
v 0.007942216470837593 0.43842601776123047 -3.73893404006958 
v 0.005953543819487095 0.4443114399909973 -3.7393276691436768 
v 0.006386225577443838 0.43991509079933167 -3.701408624649048 
v 0.006386225577443838 0.43491604924201965 -3.6663761138916016 
v 0.006386225577443838 0.43317878246307373 -3.6541738510131836 
v 0.004730385262519121 0.43151238560676575 -3.653780221939087 
v 0.0000041673033592815045 0.43530604243278503 -3.6544363498687744 
v -0.006386212073266506 0.43491604924201965 -3.6663761138916016 
v -0.008516338653862476 0.4335687756538391 -3.7008838653564453 
v -0.005953529849648476 0.43250519037246704 -3.7384090423583984 
v 0.0000041673033592815045 0.4334978759288788 -3.759402275085449 
v 0.00466381898149848 0.4350578486919403 -3.759533643722534 
v 0.006219809874892235 0.4396670162677765 -3.759927272796631 
v 0.00466381898149848 0.4443114399909973 -3.7603209018707275 
v 0.0000041673033592815045 0.44583603739738464 -3.7604520320892334 
v 0.0000041673033592815045 0.44629693031311035 -3.7395901679992676 
v 0.0000041673033592815045 0.44204238057136536 -3.7015397548675537 
v 0.0000041673033592815045 0.43704333901405334 -3.6665074825286865 
v -0.006386212073266506 0.43991509079933167 -3.701408624649048 
v -0.005953529849648476 0.4443114399909973 -3.7393276691436768 
v -0.007942202500998974 0.43842601776123047 -3.73893404006958 
v -0.004663805477321148 0.4350578486919403 -3.759533643722534 
v -0.006219795905053616 0.4396670162677765 -3.759927272796631 
v -0.004663805477321148 0.4443114399909973 -3.7603209018707275 
v -0.0033740801736712456 0.43491604924201965 -3.7881367206573486 
v 0.0000041673033592815045 0.43605053424835205 -3.7882680892944336 
v 0.003374093910679221 0.43491604924201965 -3.7881367206573486 
v 0.004505723714828491 0.4315832853317261 -3.787874460220337 
v 0.003374093910679221 0.4282151162624359 -3.787611961364746 
v 0.0000041673033592815045 0.4271160364151001 -3.787611961364746 
v -0.0033740801736712456 0.4282151162624359 -3.787611961364746 
v -0.004505709744989872 0.4315832853317261 -3.787874460220337 
v -0.0029497190844267607 0.4113032817840576 -3.8469181060791016 
v -0.003931574057787657 0.40839600563049316 -3.8466556072235107 
v -0.0029497190844267607 0.4054532051086426 -3.846524238586426 
v -0.003931574057787657 0.3853150010108948 -3.902418851852417 
v -0.0029497190844267607 0.3824077248573303 -3.902156352996826 
v -0.0029497190844267607 0.3746785819530487 -3.920788049697876 
v -0.003931574057787657 0.3776213824748993 -3.9210503101348877 
v -0.0021842047572135925 0.3754231929779053 -3.9209189414978027 
v -0.0029497190844267607 0.37758585810661316 -3.9210503101348877 
v -0.0029497190844267607 0.38052862882614136 -3.9211814403533936 
v -0.0021842047572135925 0.3797486424446106 -3.9211814403533936 
v -0.0029497190844267607 0.388257771730423 -3.9026811122894287 
v -0.0029497190844267607 0.4113032817840576 -3.8469181060791016 
v 0.0000041673033592815045 0.412295937538147 -3.8470492362976074 
v 0.0029497325886040926 0.4113032817840576 -3.8469181060791016 
v 0.0000041673033592815045 0.3892150819301605 -3.9026811122894287 
v 0.0029497325886040926 0.388257771730423 -3.9026811122894287 
v 0.0000041673033592815045 0.3815213143825531 -3.9213128089904785 
v 0.0029497325886040926 0.38052862882614136 -3.9211814403533936 
v 0.0000041673033592815045 0.38052862882614136 -3.9213128089904785 
v 0.002184218494221568 0.3797486424446106 -3.9211814403533936 
v 0.0000041673033592815045 0.37758585810661316 -3.9210503101348877 
v 0.0029497325886040926 0.37758585810661316 -3.9210503101348877 
v -0.0029497190844267607 0.388257771730423 -3.9026811122894287 
v -0.0029497190844267607 0.38052862882614136 -3.9211814403533936 
v -0.0021842047572135925 0.3797486424446106 -3.9211814403533936 
v -0.0029497190844267607 0.37758585810661316 -3.9210503101348877 
v -0.0021842047572135925 0.3754231929779053 -3.9209189414978027 
v 0.0000041673033592815045 0.3746785819530487 -3.920788049697876 
v -0.0029497190844267607 0.3746785819530487 -3.920788049697876 
v 0.0000041673033592815045 0.3737214207649231 -3.920656681060791 
v -0.0029497190844267607 0.3824077248573303 -3.902156352996826 
v 0.0000041673033592815045 0.3814150393009186 -3.9020252227783203 
v 0.0029497325886040926 0.3746785819530487 -3.920788049697876 
v 0.0029497325886040926 0.3824077248573303 -3.902156352996826 
v 0.0000041673033592815045 0.4044959247112274 -3.846393346786499 
v 0.0029497325886040926 0.4054532051086426 -3.846524238586426 
v 0.002184218494221568 0.3754231929779053 -3.9209189414978027 
v -0.0029497190844267607 0.4054532051086426 -3.846524238586426 
v -0.0033740801736712456 0.4282151162624359 -3.787611961364746 
v 0.0000041673033592815045 0.4271160364151001 -3.787611961364746 
v 0.003374093910679221 0.4282151162624359 -3.787611961364746 
v 0.002184218494221568 0.3797486424446106 -3.9211814403533936 
v 0.0029497325886040926 0.37758585810661316 -3.9210503101348877 
v 0.0029497325886040926 0.38052862882614136 -3.9211814403533936 
v 0.003931588027626276 0.3776213824748993 -3.9210503101348877 
v 0.0029497325886040926 0.388257771730423 -3.9026811122894287 
v 0.003931588027626276 0.3853150010108948 -3.902418851852417 
v 0.003931588027626276 0.40839600563049316 -3.8466556072235107 
v 0.0029497325886040926 0.4054532051086426 -3.846524238586426 
v 0.0029497325886040926 0.4113032817840576 -3.8469181060791016 
v 0.002184218494221568 0.3754231929779053 -3.9209189414978027 
v 0.0029497325886040926 0.3746785819530487 -3.920788049697876 
v 0.0029497325886040926 0.3824077248573303 -3.902156352996826 
v -0.16869859397411346 -0.9082615375518799 2.4300854206085205 
v -0.16413666307926178 -0.8882519602775574 2.463604688644409 
v -0.17027947306632996 -0.9258327484130859 2.334517240524292 
v -0.16413666307926178 -0.9269611835479736 2.334517240524292 
v -0.17027947306632996 -0.9258327484130859 2.192892074584961 
v -0.16413666307926178 -0.9269611835479736 2.192892074584961 
v -0.17027947306632996 -0.9258327484130859 2.1116528511047363 
v -0.16413666307926178 -0.9269611835479736 2.1116528511047363 
v -0.1719055026769638 -0.9258327484130859 2.0718648433685303 
v -0.13952025771141052 -0.9048060178756714 2.463604688644409 
v -0.1385265588760376 -0.926682710647583 2.334517240524292 
v -0.1385265588760376 -0.9268915057182312 2.192892074584961 
v -0.1385265588760376 -0.9269611835479736 2.1116528511047363 
v -0.16571752727031708 -0.9269611835479736 2.0718648433685303 
v -0.17678360641002655 -0.9258327484130859 2.054081678390503 
v -0.1704149693250656 -0.9269611835479736 2.054081678390503 
v -0.1981479525566101 -0.9258327484130859 2.0318210124969482 
v -0.0780470073223114 -0.926682710647583 2.192892074584961 
v -0.0780470073223114 -0.9269611835479736 2.1116528511047363 
v -0.13983643054962158 -0.9269611835479736 2.0718648433685303 
v -0.0780470073223114 -0.9258327484130859 2.334517240524292 
v -0.00013271278294268996 -0.9265433549880981 2.192892074584961 
v -0.08193143457174301 -0.8793201446533203 2.463604688644409 
v -0.00013271278294268996 -0.9252752661705017 2.334517240524292 
v -0.00013271278294268996 -0.8729802370071411 2.463604688644409 
v 0.0816660076379776 -0.8793201446533203 2.463604688644409 
v 0.07778158038854599 -0.9258327484130859 2.334517240524292 
v 0.13920965790748596 -0.9048060178756714 2.463604688644409 
v 0.13821597397327423 -0.926682710647583 2.334517240524292 
v 0.16382606327533722 -0.9269611835479736 2.334517240524292 
v 0.16382606327533722 -0.8882519602775574 2.463604688644409 
v 0.1699688583612442 -0.9258327484130859 2.334517240524292 
v 0.1683879941701889 -0.9082615375518799 2.4300854206085205 
v 0.1699688583612442 -0.9258327484130859 2.192892074584961 
v 0.16382606327533722 -0.9269611835479736 2.192892074584961 
v 0.13821597397327423 -0.9268915057182312 2.192892074584961 
v 0.07778158038854599 -0.926682710647583 2.192892074584961 
v 0.07778158038854599 -0.9269611835479736 2.1116528511047363 
v 0.13821597397327423 -0.9269611835479736 2.1116528511047363 
v 0.16382606327533722 -0.9269611835479736 2.1116528511047363 
v 0.1699688583612442 -0.9258327484130859 2.1116528511047363 
v 0.17159491777420044 -0.9258327484130859 2.0718648433685303 
v 0.16540692746639252 -0.9269611835479736 2.0718648433685303 
v 0.13957101106643677 -0.9269611835479736 2.0718648433685303 
v 0.07850426435470581 -0.9269611835479736 2.0718648433685303 
v -0.00013271278294268996 -0.9269611835479736 2.1116528511047363 
v -0.07876969128847122 -0.9269611835479736 2.0718648433685303 
v 0.17651818692684174 -0.9258327484130859 2.054081678390503 
v 0.1701495349407196 -0.9269611835479736 2.054081678390503 
v 0.19783733785152435 -0.9258327484130859 2.0318210124969482 
v 0.14354576170444489 -0.9269611835479736 2.054081678390503 
v 0.08076265454292297 -0.9269611835479736 2.054081678390503 
v -0.00013271278294268996 -0.9269611835479736 2.0718648433685303 
v 0.19070084393024445 -0.9269611835479736 2.0318210124969482 
v 0.23975297808647156 -0.9269611835479736 1.9788553714752197 
v 0.24874135851860046 -0.9258327484130859 1.9788553714752197 
v 0.2895278036594391 -0.9269611835479736 1.9249943494796753 
v 0.3003680408000946 -0.9258327484130859 1.9249943494796753 
v 0.31220197677612305 -0.9269611835479736 1.900558590888977 
v 0.3238552510738373 -0.9258327484130859 1.900558590888977 
v 0.3189319670200348 -0.9269611835479736 1.8914750814437866 
v 0.33085623383522034 -0.9258327484130859 1.8914750814437866 
v 0.3329339623451233 -0.9258327484130859 1.8841826915740967 
v 0.32091933488845825 -0.9269611835479736 1.8841826915740967 
v 0.33085623383522034 -0.9258327484130859 1.8502798080444336 
v 0.2691119909286499 -0.9269611835479736 1.8914750814437866 
v 0.26342085003852844 -0.9269611835479736 1.900558590888977 
v 0.2442697435617447 -0.9269611835479736 1.9249943494796753 
v 0.20230895280838013 -0.9269611835479736 1.9788553714752197 
v 0.16089016199111938 -0.9269611835479736 2.0318210124969482 
v 0.09051887691020966 -0.9269611835479736 2.0318210124969482 
v -0.00013271278294268996 -0.9269611835479736 2.054081678390503 
v -0.08102807402610779 -0.9269611835479736 2.054081678390503 
v -0.14385636150836945 -0.9269611835479736 2.054081678390503 
v -0.19096627831459045 -0.9269611835479736 2.0318210124969482 
v -0.16120076179504395 -0.9269611835479736 2.0318210124969482 
v -0.09078430384397507 -0.9269611835479736 2.0318210124969482 
v -0.00013271278294268996 -0.9269611835479736 2.0318210124969482 
v -0.00013271278294268996 -0.9269611835479736 1.9788553714752197 
v -0.11409083753824234 -0.9269611835479736 1.9788553714752197 
v -0.20257437229156494 -0.9269611835479736 1.9788553714752197 
v -0.24006357789039612 -0.9269611835479736 1.9788553714752197 
v -0.24905194342136383 -0.9258327484130859 1.9788553714752197 
v -0.28983837366104126 -0.9269611835479736 1.9249943494796753 
v -0.30067864060401917 -0.9258327484130859 1.9249943494796753 
v -0.24458035826683044 -0.9269611835479736 1.9249943494796753 
v -0.13775871694087982 -0.9269611835479736 1.9249943494796753 
v -0.00013271278294268996 -0.9269611835479736 1.9249943494796753 
v 0.11382541060447693 -0.9269611835479736 1.9788553714752197 
v 0.1374932825565338 -0.9269611835479736 1.9249943494796753 
v -0.00013271278294268996 -0.9269611835479736 1.900558590888977 
v -0.14850863814353943 -0.9269611835479736 1.900558590888977 
v -0.263731449842453 -0.9269611835479736 1.900558590888977 
v -0.3125125765800476 -0.9269611835479736 1.900558590888977 
v -0.3242110013961792 -0.9258327484130859 1.900558590888977 
v -0.31924256682395935 -0.9269611835479736 1.8914750814437866 
v -0.33121198415756226 -0.9258327484130859 1.8914750814437866 
v -0.33324456214904785 -0.9258327484130859 1.8841826915740967 
v -0.3212299346923828 -0.9269611835479736 1.8841826915740967 
v -0.3311668336391449 -0.9258327484130859 1.8502798080444336 
v -0.26942259073257446 -0.9269611835479736 1.8914750814437866 
v -0.15171554684638977 -0.9269611835479736 1.8914750814437866 
v -0.00013271278294268996 -0.9269611835479736 1.8914750814437866 
v 0.14824321866035461 -0.9269611835479736 1.900558590888977 
v 0.15145011246204376 -0.9269611835479736 1.8914750814437866 
v 0.2707831859588623 -0.9269611835479736 1.8841826915740967 
v 0.3189319670200348 -0.9269611835479736 1.8502798080444336 
v 0.31369251012802124 -0.9269611835479736 1.761748194694519 
v 0.32539093494415283 -0.9258327484130859 1.761748194694519 
v 0.30357494950294495 -0.9269611835479736 1.619867205619812 
v 0.3150023818016052 -0.9258603453636169 1.619867205619812 
v 0.2869080603122711 -0.9269611835479736 1.4263001680374146 
v 0.29801931977272034 -0.9259300827980042 1.4263001680374146 
v 0.27498379349708557 -0.9269611835479736 1.1530290842056274 
v 0.28604987263679504 -0.9261670112609863 1.1530290842056274 
v 0.2791392207145691 -0.8308570384979248 0.7724196910858154 
v 0.29061180353164673 -0.8222876191139221 0.7724196910858154 
v 0.2915603220462799 -0.9269611835479736 0.3478004038333893 
v 0.30497515201568604 -0.9271005988121033 0.34792834520339966 
v 0.314821720123291 -0.9277277588844299 0.34792834520339966 
v 0.297206312417984 -0.8166998028755188 0.7724196910858154 
v 0.37737900018692017 -0.927852988243103 0.34792834520339966 
v 0.3519495725631714 -0.7638473510742188 0.7724196910858154 
v 0.5458545088768005 -0.8458223938941956 0.3472886383533478 
v 0.5002351403236389 -0.6951655745506287 0.7724196910858154 
v 0.5771557092666626 -0.7562950849533081 0.3472886383533478 
v 0.5076878070831299 -0.6423133611679077 0.7724196910858154 
v 0.29178619384765625 -0.9238262176513672 1.1530290842056274 
v 0.302807092666626 -0.9228508472442627 1.4263001680374146 
v 0.7398046851158142 -0.7930256724357605 -0.05941963195800781 
v 0.5394406914710999 -0.849459171295166 -0.061850398778915405 
v 0.6837515234947205 -0.7494394779205322 -0.515383243560791 
v 0.5335689187049866 -0.8280423879623413 -0.53764408826828 
v 0.7155044674873352 -0.7667040824890137 -1.086745023727417 
v 0.5528103709220886 -0.845251202583313 -1.086745023727417 
v 0.7248541712760925 -0.7298480868339539 -1.6854851245880127 
v 0.5701095461845398 -0.8264537453651428 -1.6854851245880127 
v 0.4230887293815613 -0.9045411944389343 -1.086745023727417 
v 0.4366390109062195 -0.8993993997573853 -1.6854851245880127 
v 0.3778306543827057 -0.9253449440002441 -1.086872935295105 
v 0.38993558287620544 -0.9250104427337646 -1.6854851245880127 
v 0.3620671331882477 -0.9265572428703308 -1.086872935295105 
v 0.3683454394340515 -0.9264736175537109 -1.6854851245880127 
v 0.31536373496055603 -0.9269611835479736 -1.6854851245880127 
v 0.3244875967502594 -0.9269611835479736 -1.0870009660720825 
v 0.2354620397090912 -0.9269611835479736 -1.6854851245880127 
v 0.3383992612361908 -0.9212622046470642 -0.5592651963233948 
v 0.36653873324394226 -0.9134172797203064 -0.5591372847557068 
v 0.4243082106113434 -0.8872626423835754 -0.5542757511138916 
v 0.40985456109046936 -0.9033148884773254 -0.07515572756528854 
v 0.34634876251220703 -0.9213179349899292 -0.07873795181512833 
v 0.32195818424224854 -0.9240629076957703 -0.07886587083339691 
v 0.30551716685295105 -0.925163745880127 -0.5559389591217041 
v 0.2540711462497711 -0.9269611835479736 -1.0870009660720825 
v 0.1387128233909607 -0.9269611835479736 -1.086745023727417 
v 0.12588518857955933 -0.9269611835479736 -1.6854851245880127 
v -0.00013271278294268996 -0.9269611835479736 -1.086745023727417 
v -0.00013271278294268996 -0.9269611835479736 -1.6853570938110352 
v -0.12578926980495453 -0.9269611835479736 -1.6834380626678467 
v -0.13640367984771729 -0.9269611835479736 -1.090583086013794 
v -0.23428210616111755 -0.9269611835479736 -1.6820307970046997 
v 0.0002737965842243284 -0.9269611835479736 -0.5279209613800049 
v 0.1473398506641388 -0.9269611835479736 -0.520244836807251 
v 0.2464829683303833 -0.9269333481788635 -0.5453202128410339 
v 0.2974321246147156 -0.9265015125274658 -0.0772027000784874 
v 0.24553444981575012 -0.9269611835479736 -0.07170145958662033 
v 0.14625583589076996 -0.9269611835479736 -0.06057105213403702 
v 0.0008609768119640648 -0.9269611835479736 -0.0688868910074234 
v -0.1383458971977234 -0.9269611835479736 -0.5431452989578247 
v -0.2536138892173767 -0.9269611835479736 -1.0875126123428345 
v -0.32497888803482056 -0.9269611835479736 -1.086745023727417 
v -0.31350624561309814 -0.9269333481788635 -1.6824146509170532 
v -0.36246803402900696 -0.9265572428703308 -1.086745023727417 
v -0.3665783107280731 -0.9264318346977234 -1.6834380626678467 
v -0.3895235061645508 -0.9243556261062622 -1.6838219165802002 
v -0.37814125418663025 -0.9253727793693542 -1.086745023727417 
v -0.43722060322761536 -0.8973649740219116 -1.6833101511001587 
v -0.4234444797039032 -0.9045551419258118 -1.086745023727417 
v -0.5663551092147827 -0.8216186165809631 -1.6804956197738647 
v -0.5531660914421082 -0.845251202583313 -1.086745023727417 
v -0.7168538570404053 -0.7306283116340637 -1.6831822395324707 
v -0.7159053683280945 -0.7667040824890137 -1.086745023727417 
v -0.523400604724884 -0.8262170553207397 -0.5213962197303772 
v -0.6843782663345337 -0.7491189241409302 -0.5151273608207703 
v -0.5374929308891296 -0.8506714701652527 -0.05941963195800781 
v -0.7402055859565735 -0.7930256724357605 -0.05941963195800781 
v -0.5462102890014648 -0.8457945585250854 0.3472886383533478 
v -0.5670326352119446 -0.7562950849533081 0.3472886383533478 
v -0.5080887675285339 -0.7250126600265503 0.7724196910858154 
v -0.522542417049408 -0.6225407719612122 0.7724196910858154 
v -0.35226017236709595 -0.7638473510742188 0.7724196910858154 
v -0.37823158502578735 -0.9277696013450623 0.348184198141098 
v -0.3850519061088562 -0.9134730100631714 -0.05980342626571655 
v -0.3997766077518463 -0.8953027129173279 -0.5213962197303772 
v -0.35244083404541016 -0.9186705350875854 -0.5206285715103149 
v -0.2975168824195862 -0.8166998028755188 0.7724196910858154 
v -0.31720998883247375 -0.927908718585968 0.3488238751888275 
v -0.2909224033355713 -0.8222876191139221 0.7724196910858154 
v -0.30524057149887085 -0.9271005988121033 0.3489518165588379 
v -0.3319798409938812 -0.922126054763794 -0.06108277291059494 
v -0.3226301372051239 -0.92423015832901 -0.06159452348947525 
v -0.34096822142601013 -0.9215548634529114 -0.5207564830780029 
v -0.3195587396621704 -0.9240629076957703 -0.5222917795181274 
v -0.30718275904655457 -0.9265294075012207 -0.06261802464723587 
v -0.2901545763015747 -0.9269751310348511 0.34907975792884827 
v -0.27944982051849365 -0.8308570384979248 0.7724196910858154 
v -0.2863604724407196 -0.9261670112609863 1.1530290842056274 
v -0.27529439330101013 -0.9269611835479736 1.1530290842056274 
v -0.29837507009506226 -0.9259300827980042 1.4263001680374146 
v -0.2872186601161957 -0.9269611835479736 1.4263001680374146 
v -0.3153129518032074 -0.9258603453636169 1.619867205619812 
v -0.3038855493068695 -0.9269611835479736 1.619867205619812 
v -0.32574671506881714 -0.9258327484130859 1.761748194694519 
v -0.3140031099319458 -0.9269611835479736 1.761748194694519 
v -0.31924256682395935 -0.9269611835479736 1.8502798080444336 
v -0.27109378576278687 -0.9269611835479736 1.8841826915740967 
v -0.15266406536102295 -0.9269611835479736 1.8841826915740967 
v -0.2920967638492584 -0.9238262176513672 1.1530290842056274 
v -0.30311769247055054 -0.9228508472442627 1.4263001680374146 
v -0.26942259073257446 -0.9269611835479736 1.8502798080444336 
v -0.26499614119529724 -0.9269611835479736 1.761748194694519 
v -0.25645944476127625 -0.9269611835479736 1.619867205619812 
v -0.24236713349819183 -0.9269611835479736 1.4263001680374146 
v -0.144443541765213 -0.9269611835479736 1.619867205619812 
v -0.14923131465911865 -0.9269611835479736 1.761748194694519 
v -0.15171554684638977 -0.9269611835479736 1.8502798080444336 
v -0.00013271278294268996 -0.9269611835479736 1.8841826915740967 
v 0.15239863097667694 -0.9269611835479736 1.8841826915740967 
v 0.2691119909286499 -0.9269611835479736 1.8502798080444336 
v 0.2646855413913727 -0.9269611835479736 1.761748194694519 
v 0.2561488747596741 -0.9269611835479736 1.619867205619812 
v 0.24205651879310608 -0.9269611835479736 1.4263001680374146 
v 0.23202930390834808 -0.9269611835479736 1.1530290842056274 
v 0.23550722002983093 -0.8615540862083435 0.7724196910858154 
v 0.24548928439617157 -0.9269611835479736 0.3476724624633789 
v 0.13902899622917175 -0.9269611835479736 0.3472886383533478 
v -0.000042377363570267335 -0.9269611835479736 0.34805625677108765 
v -0.13446147739887238 -0.9269611835479736 -0.07694685459136963 
v -0.25636911392211914 -0.9269611835479736 -0.5315031409263611 
v -0.24882610142230988 -0.9269611835479736 -0.06850305944681168 
v -0.2410120964050293 -0.9269611835479736 0.34920769929885864 
v -0.2358178049325943 -0.8615540862083435 0.7724196910858154 
v -0.23233990371227264 -0.9269611835479736 1.1530290842056274 
v -0.1364940106868744 -0.9269611835479736 1.4263001680374146 
v -0.13586167991161346 -0.9269611835479736 0.34920769929885864 
v -0.13283543288707733 -0.9156049489974976 0.7724196910858154 
v -0.13084805011749268 -0.9269611835479736 1.1530290842056274 
v -0.00013271278294268996 -0.9269611835479736 0.7724196910858154 
v 0.13252483308315277 -0.9156049489974976 0.7724196910858154 
v 0.13058263063430786 -0.9269611835479736 1.1530290842056274 
v -0.00013271278294268996 -0.9269611835479736 1.1530290842056274 
v -0.00013271278294268996 -0.9269611835479736 1.4263001680374146 
v 0.13622859120368958 -0.9269611835479736 1.4263001680374146 
v 0.14413294196128845 -0.9269611835479736 1.619867205619812 
v 0.14896589517593384 -0.9269611835479736 1.761748194694519 
v 0.15145011246204376 -0.9269611835479736 1.8502798080444336 
v -0.00013271278294268996 -0.9269611835479736 1.8502798080444336 
v -0.00013271278294268996 -0.9269611835479736 1.761748194694519 
v -0.00013271278294268996 -0.9269611835479736 1.619867205619812 
v -0.16413666307926178 -0.47145187854766846 2.5065910816192627 
v -0.17027947306632996 -0.47157731652259827 2.463604688644409 
v -0.16413666307926178 -0.7721243500709534 2.5065910816192627 
v -0.17027947306632996 -0.7141301035881042 2.463604688644409 
v -0.17140866816043854 -0.8288784027099609 2.4300854206085205 
v -0.17231202125549316 -0.694831371307373 2.334517240524292 
v -0.17231202125549316 -0.8633097410202026 2.334517240524292 
v -0.17231202125549316 -0.694887101650238 2.192892074584961 
v -0.17231202125549316 -0.47178637981414795 2.192892074584961 
v -0.17231202125549316 -0.47181424498558044 2.1116528511047363 
v -0.17231202125549316 -0.6949010491371155 2.1116528511047363 
v -0.17398321628570557 -0.47181424498558044 2.0718648433685303 
v -0.17398321628570557 -0.6949010491371155 2.0718648433685303 
v -0.17890650033950806 -0.47181424498558044 2.054081678390503 
v -0.17890650033950806 -0.6949010491371155 2.054081678390503 
v -0.20049665868282318 -0.47181424498558044 2.0318210124969482 
v -0.20049665868282318 -0.6949010491371155 2.0318210124969482 
v -0.252032995223999 -0.47181424498558044 1.9788553714752197 
v -0.252032995223999 -0.6949010491371155 1.9788553714752197 
v -0.30429205298423767 -0.47181424498558044 1.9249943494796753 
v -0.30429205298423767 -0.6949010491371155 1.9249943494796753 
v -0.328095406293869 -0.47181424498558044 1.900558590888977 
v -0.328095406293869 -0.6949010491371155 1.900558590888977 
v -0.33392205834388733 -0.47181424498558044 1.8914750814437866 
v -0.3345092535018921 -0.6949010491371155 1.8914750814437866 
v -0.33216050267219543 -0.47181424498558044 1.8841826915740967 
v -0.3346899151802063 -0.6949010491371155 1.8841826915740967 
v -0.32723724842071533 -0.47181424498558044 1.8502798080444336 
v -0.33112165331840515 -0.6949010491371155 1.8502798080444336 
v -0.32330766320228577 -0.47181424498558044 1.761748194694519 
v -0.326424241065979 -0.6949010491371155 1.761748194694519 
v -0.35655108094215393 -0.4816657304763794 1.619867205619812 
v -0.33816784620285034 -0.6999173760414124 1.619867205619812 
v -0.46301138401031494 -0.5112200975418091 1.4263001680374146 
v -0.38387757539749146 -0.7149942517280579 1.4263001680374146 
v -0.5165351033210754 -0.6088153719902039 1.1530290842056274 
v -0.446254163980484 -0.7588449716567993 1.1530290842056274 
v -0.522542417049408 -0.6225407719612122 0.7724196910858154 
v -0.5080887675285339 -0.7250126600265503 0.7724196910858154 
v -0.33216050267219543 -0.8802397847175598 1.1530290842056274 
v -0.35226017236709595 -0.7638473510742188 0.7724196910858154 
v -0.2920967638492584 -0.9238262176513672 1.1530290842056274 
v -0.2975168824195862 -0.8166998028755188 0.7724196910858154 
v -0.2863604724407196 -0.9261670112609863 1.1530290842056274 
v -0.2909224033355713 -0.8222876191139221 0.7724196910858154 
v -0.17231202125549316 -0.4717027544975281 2.334517240524292 
v -0.17027947306632996 -0.8848800659179688 2.463604688644409 
v -0.30311769247055054 -0.9228508472442627 1.4263001680374146 
v -0.3241206705570221 -0.8688417673110962 1.4263001680374146 
v -0.3193780481815338 -0.9225720763206482 1.619867205619812 
v -0.32425618171691895 -0.8647032380104065 1.619867205619812 
v -0.29837507009506226 -0.9259300827980042 1.4263001680374146 
v -0.3153129518032074 -0.9258603453636169 1.619867205619812 
v -0.3295859694480896 -0.9224745035171509 1.761748194694519 
v -0.32877296209335327 -0.8633375763893127 1.761748194694519 
v -0.3340575695037842 -0.8633375763893127 1.8502798080444336 
v -0.32574671506881714 -0.9258327484130859 1.761748194694519 
v -0.33509641885757446 -0.9224745035171509 1.8502798080444336 
v -0.3311668336391449 -0.9258327484130859 1.8502798080444336 
v -0.33721932768821716 -0.9224745035171509 1.8841826915740967 
v -0.3365418016910553 -0.8633375763893127 1.8841826915740967 
v -0.33500608801841736 -0.8633375763893127 1.8914750814437866 
v -0.33324456214904785 -0.9258327484130859 1.8841826915740967 
v -0.3351415991783142 -0.9224745035171509 1.8914750814437866 
v -0.33121198415756226 -0.9258327484130859 1.8914750814437866 
v -0.328095406293869 -0.9224745035171509 1.900558590888977 
v -0.328095406293869 -0.8633375763893127 1.900558590888977 
v -0.30429205298423767 -0.8633375763893127 1.9249943494796753 
v -0.3242110013961792 -0.9258327484130859 1.900558590888977 
v -0.30429205298423767 -0.9224745035171509 1.9249943494796753 
v -0.30067864060401917 -0.9258327484130859 1.9249943494796753 
v -0.252032995223999 -0.9224745035171509 1.9788553714752197 
v -0.252032995223999 -0.8633375763893127 1.9788553714752197 
v -0.20049665868282318 -0.8633375763893127 2.0318210124969482 
v -0.24905194342136383 -0.9258327484130859 1.9788553714752197 
v -0.20049665868282318 -0.9224745035171509 2.0318210124969482 
v -0.1981479525566101 -0.9258327484130859 2.0318210124969482 
v -0.17890650033950806 -0.9224745035171509 2.054081678390503 
v -0.17890650033950806 -0.8633375763893127 2.054081678390503 
v -0.17398321628570557 -0.8633375763893127 2.0718648433685303 
v -0.17678360641002655 -0.9258327484130859 2.054081678390503 
v -0.17398321628570557 -0.9224745035171509 2.0718648433685303 
v -0.17231202125549316 -0.9224745035171509 2.1116528511047363 
v -0.17027947306632996 -0.9258327484130859 2.1116528511047363 
v -0.17027947306632996 -0.9258327484130859 2.192892074584961 
v -0.1719055026769638 -0.9258327484130859 2.0718648433685303 
v -0.17231202125549316 -0.8633375763893127 2.1116528511047363 
v -0.17231202125549316 -0.8633236885070801 2.192892074584961 
v -0.17231202125549316 -0.9224745035171509 2.334517240524292 
v -0.16869859397411346 -0.9082615375518799 2.4300854206085205 
v -0.17027947306632996 -0.9258327484130859 2.334517240524292 
v -0.17231202125549316 -0.9224745035171509 2.192892074584961 
v -0.16413666307926178 -0.8882519602775574 2.463604688644409 
v -0.13952025771141052 -0.9048060178756714 2.463604688644409 
v -0.16413666307926178 -0.7721243500709534 2.5065910816192627 
v -0.1424109935760498 -0.8397610187530518 2.5065910816192627 
v -0.1424109935760498 -0.7281060814857483 2.5065910816192627 
v -0.0936298668384552 -0.7420124411582947 2.5065910816192627 
v -0.1424109935760498 -0.7258629202842712 2.5065910816192627 
v -0.1385265588760376 -0.47135457396507263 2.5065910816192627 
v -0.16413666307926178 -0.47145187854766846 2.5065910816192627 
v -0.16869859397411346 -0.9082615375518799 2.4300854206085205 
v -0.17027947306632996 -0.8848800659179688 2.463604688644409 
v -0.0780470073223114 -0.47132670879364014 2.5065910816192627 
v -0.00013271278294268996 -0.47132670879364014 2.5065910816192627 
v -0.00013271278294268996 -0.7194530367851257 2.5065910816192627 
v 0.09336443990468979 -0.7420124411582947 2.5065910816192627 
v 0.07778158038854599 -0.47132670879364014 2.5065910816192627 
v 0.13821597397327423 -0.47135457396507263 2.5065910816192627 
v 0.142145574092865 -0.7258629202842712 2.5065910816192627 
v 0.16382606327533722 -0.7721243500709534 2.5065910816192627 
v 0.142145574092865 -0.7281060814857483 2.5065910816192627 
v 0.142145574092865 -0.8397610187530518 2.5065910816192627 
v 0.13920965790748596 -0.9048060178756714 2.463604688644409 
v 0.0816660076379776 -0.8793201446533203 2.463604688644409 
v -0.00013271278294268996 -0.8729802370071411 2.463604688644409 
v -0.08193143457174301 -0.8793201446533203 2.463604688644409 
v 0.16382606327533722 -0.47145187854766846 2.5065910816192627 
v 0.16382606327533722 -0.8882519602775574 2.463604688644409 
v 0.1683879941701889 -0.9082615375518799 2.4300854206085205 
v 0.1699688583612442 -0.8848800659179688 2.463604688644409 
v 0.16382606327533722 -0.47145187854766846 2.5065910816192627 
v 0.1699688583612442 -0.47157731652259827 2.463604688644409 
v 0.16382606327533722 -0.7721243500709534 2.5065910816192627 
v 0.1699688583612442 -0.7141301035881042 2.463604688644409 
v 0.17109805345535278 -0.8288784027099609 2.4300854206085205 
v 0.1720014065504074 -0.694831371307373 2.334517240524292 
v 0.1720014065504074 -0.8633097410202026 2.334517240524292 
v 0.1699688583612442 -0.8848800659179688 2.463604688644409 
v 0.1720014065504074 -0.4717027544975281 2.334517240524292 
v 0.1720014065504074 -0.47178637981414795 2.192892074584961 
v 0.1720014065504074 -0.694887101650238 2.192892074584961 
v 0.1720014065504074 -0.47181424498558044 2.1116528511047363 
v 0.1720014065504074 -0.9224745035171509 2.334517240524292 
v 0.1683879941701889 -0.9082615375518799 2.4300854206085205 
v 0.1699688583612442 -0.9258327484130859 2.334517240524292 
v 0.1720014065504074 -0.9224745035171509 2.192892074584961 
v 0.1699688583612442 -0.9258327484130859 2.192892074584961 
v 0.1720014065504074 -0.8633236885070801 2.192892074584961 
v 0.1720014065504074 -0.6949010491371155 2.1116528511047363 
v 0.1736726313829422 -0.47181424498558044 2.0718648433685303 
v 0.1736726313829422 -0.6949010491371155 2.0718648433685303 
v 0.17864108085632324 -0.47181424498558044 2.054081678390503 
v 0.1720014065504074 -0.8633375763893127 2.1116528511047363 
v 0.1720014065504074 -0.9224745035171509 2.1116528511047363 
v 0.1699688583612442 -0.9258327484130859 2.1116528511047363 
v 0.1736726313829422 -0.9224745035171509 2.0718648433685303 
v 0.17159491777420044 -0.9258327484130859 2.0718648433685303 
v 0.17651818692684174 -0.9258327484130859 2.054081678390503 
v 0.17864108085632324 -0.9224745035171509 2.054081678390503 
v 0.19783733785152435 -0.9258327484130859 2.0318210124969482 
v 0.20018607378005981 -0.9224745035171509 2.0318210124969482 
v 0.24874135851860046 -0.9258327484130859 1.9788553714752197 
v 0.25172242522239685 -0.9224745035171509 1.9788553714752197 
v 0.3003680408000946 -0.9258327484130859 1.9249943494796753 
v 0.3039814531803131 -0.9224745035171509 1.9249943494796753 
v 0.3238552510738373 -0.9258327484130859 1.900558590888977 
v 0.32778483629226685 -0.9224745035171509 1.900558590888977 
v 0.33085623383522034 -0.9258327484130859 1.8914750814437866 
v 0.33483099937438965 -0.9224745035171509 1.8914750814437866 
v 0.3329339623451233 -0.9258327484130859 1.8841826915740967 
v 0.3369086980819702 -0.9224745035171509 1.8841826915740967 
v 0.33085623383522034 -0.9258327484130859 1.8502798080444336 
v 0.33474066853523254 -0.9224745035171509 1.8502798080444336 
v 0.32539093494415283 -0.9258327484130859 1.761748194694519 
v 0.3292753994464874 -0.9224745035171509 1.761748194694519 
v 0.3150023818016052 -0.9258603453636169 1.619867205619812 
v 0.31906747817993164 -0.9225720763206482 1.619867205619812 
v 0.302807092666626 -0.9228508472442627 1.4263001680374146 
v 0.3237648904323578 -0.8688417673110962 1.4263001680374146 
v 0.3318047523498535 -0.8802397847175598 1.1530290842056274 
v 0.29178619384765625 -0.9238262176513672 1.1530290842056274 
v 0.3519495725631714 -0.7638473510742188 0.7724196910858154 
v 0.297206312417984 -0.8166998028755188 0.7724196910858154 
v 0.28604987263679504 -0.9261670112609863 1.1530290842056274 
v 0.29061180353164673 -0.8222876191139221 0.7724196910858154 
v 0.29801931977272034 -0.9259300827980042 1.4263001680374146 
v 0.5002351403236389 -0.6951655745506287 0.7724196910858154 
v 0.393278032541275 -0.7601269483566284 1.1530290842056274 
v 0.38352176547050476 -0.7149942517280579 1.4263001680374146 
v 0.3239455819129944 -0.8647032380104065 1.619867205619812 
v 0.3284623622894287 -0.8633375763893127 1.761748194694519 
v 0.333746999502182 -0.8633375763893127 1.8502798080444336 
v 0.33623120188713074 -0.8633375763893127 1.8841826915740967 
v 0.33465030789375305 -0.8633375763893127 1.8914750814437866 
v 0.32778483629226685 -0.8633375763893127 1.900558590888977 
v 0.3039814531803131 -0.8633375763893127 1.9249943494796753 
v 0.25172242522239685 -0.8633375763893127 1.9788553714752197 
v 0.20018607378005981 -0.8633375763893127 2.0318210124969482 
v 0.17864108085632324 -0.8633375763893127 2.054081678390503 
v 0.1736726313829422 -0.8633375763893127 2.0718648433685303 
v 0.17864108085632324 -0.6949010491371155 2.054081678390503 
v 0.20018607378005981 -0.47181424498558044 2.0318210124969482 
v 0.20018607378005981 -0.6949010491371155 2.0318210124969482 
v 0.25172242522239685 -0.6949010491371155 1.9788553714752197 
v 0.5076878070831299 -0.6423133611679077 0.7724196910858154 
v 0.45271870493888855 -0.6088153719902039 1.1530290842056274 
v 0.4561966359615326 -0.5112200975418091 1.4263001680374146 
v 0.25172242522239685 -0.47181424498558044 1.9788553714752197 
v 0.3039814531803131 -0.47181424498558044 1.9249943494796753 
v 0.3039814531803131 -0.6949010491371155 1.9249943494796753 
v 0.32778483629226685 -0.47181424498558044 1.900558590888977 
v 0.32778483629226685 -0.6949010491371155 1.900558590888977 
v 0.3335663080215454 -0.47181424498558044 1.8914750814437866 
v 0.33419862389564514 -0.6949010491371155 1.8914750814437866 
v 0.3343341648578644 -0.6949010491371155 1.8841826915740967 
v 0.33184993267059326 -0.47181424498558044 1.8841826915740967 
v 0.326881468296051 -0.47181424498558044 1.8502798080444336 
v 0.330811083316803 -0.6949010491371155 1.8502798080444336 
v 0.3229970633983612 -0.47181424498558044 1.761748194694519 
v 0.32611364126205444 -0.6949010491371155 1.761748194694519 
v 0.356195330619812 -0.4816657304763794 1.619867205619812 
v 0.33781206607818604 -0.6999173760414124 1.619867205619812 
vn 0.26273083686828613 0.026290183886885643 3.548173427581787 
vn 1.4447812182196394e-14 -0.04663734883069992 3.5576789379119873 
vn -0.006553223356604576 0.2794668972492218 3.5469858646392822 
vn -0.31209826469421387 0.27922630310058594 3.5332536697387695 
vn -0.2628142833709717 0.5260483026504517 3.5090534687042236 
vn -0.006645186338573694 0.588008463382721 3.5090534687042236 
vn 0.32080039381980896 0.269183486700058 3.5332536697387695 
vn 3.4538309574127197 -0.7991414666175842 0.3027847707271576 
vn 1.653158187866211 -3.149829626083374 0.06995351612567902 
vn 1.1022063253415815e-12 -3.557908058166504 0.023319175466895103 
vn -0.26371467113494873 0.013161452487111092 3.548173427581787 
vn -1.653158187866211 -3.149829626083374 0.06995351612567902 
vn -3.450777530670166 -0.8122243881225586 0.3027847707271576 
vn -2.8472752571105957 2.0487570762634277 0.595710813999176 
vn -3.531629800796509 -0.4288175106048584 -0.05440967530012131 
vn -2.1333906650543213 -2.8198211193084717 -0.3956090807914734 
vn 1.0911352116976802e-12 -3.5221705436706543 -0.5035560131072998 
vn 2.1226634979248047 -2.8279051780700684 -0.3956090807914734 
vn 3.531629800796509 -0.4288175106048584 -0.05440967530012131 
vn 3.5578064918518066 -0.026868728920817375 -0.023319175466895103 
vn 2.473975896835327 -2.530947208404541 -0.364694744348526 
vn 1.0911352116976802e-12 -3.5221705436706543 -0.5035560131072998 
vn -2.473975896835327 -2.530947208404541 -0.364694744348526 
vn 1.0911352116976802e-12 -3.5221705436706543 -0.5035560131072998 
vn 2.6950643062591553 -2.296502113342285 -0.3492269515991211 
vn 3.537703275680542 0.37542954087257385 -0.05440967530012131 
vn 2.2552170753479004 2.747990131378174 0.14764675498008728 
vn 2.518594741821289 2.4948458671569824 0.3027847707271576 
vn 2.716564893722534 2.2755730152130127 0.3182716965675354 
vn 2.8550939559936523 2.0378470420837402 0.595710813999176 
vn 0.25085875391960144 0.5318533778190613 3.5090534687042236 
vn 0.006713411305099726 3.4575729370117188 0.8392844200134277 
vn -2.7251689434051514 2.265261650085449 0.3182716965675354 
vn -3.5578064918518066 -0.026868728920817375 -0.023319175466895103 
vn -2.6950643062591553 -2.296502113342285 -0.3492269515991211 
vn 1.1012806335267133e-12 -3.554919719696045 0.14764675498008728 
vn 2.8967435359954834 -2.064760684967041 -0.06995351612567902 
vn 3.472111701965332 0.6940703988075256 -0.3492269515991211 
vn 1.7626925706863403 3.044121265411377 -0.5343158841133118 
vn 0.013440647162497044 3.499624729156494 -0.6416386961936951 
vn -0.006713773123919964 3.5517899990081787 0.2097523957490921 
vn 0.013427549973130226 3.530407428741455 0.44192326068878174 
vn -3.6423311198727215e-13 3.5221705436706543 0.5035560131072998 
vn -2.509122133255005 2.5043723583221436 0.3027847707271576 
vn -2.2552170753479004 2.747990131378174 0.14764675498008728 
vn -3.537703275680542 0.37542954087257385 -0.05440967530012131 
vn -2.8967435359954834 -2.064760684967041 -0.06995351612567902 
vn -3.472111701965332 0.6940703988075256 -0.3492269515991211 
vn -1.7742999792099 3.037370443344116 -0.5343158841133118 
vn -2.220133066177368 2.580822467803955 -1.034222960472107 
vn 0.006719436962157488 3.32378888130188 -1.2695022821426392 
vn 2.220133066177368 2.580822467803955 -1.034222960472107 
vn 3.5443520545959473 0.214652419090271 -0.22526952624320984 
vn 2.588850259780884 -2.3280014991760254 0.7331557869911194 
vn 0.006711488123983145 -3.371129035949707 1.1378477811813354 
vn -2.579857349395752 -2.337963342666626 0.7331557869911194 
vn -3.543515205383301 0.22805027663707733 -0.22526952624320984 
vn -2.4759907722473145 2.3619778156280518 -0.974568247795105 
vn -3.557569980621338 -0.05373695120215416 -0.007773107849061489 
vn -2.4125280380249023 -2.4267630577087402 0.974568247795105 
vn -3.525876045227051 -0.44217193126678467 0.17870640754699707 
vn -2.0763437747955322 -2.668261766433716 1.1083450317382812 
vn -1.5275224447250366 -3.021597385406494 1.0935618877410889 
vn -3.44417667388916 -0.8638024926185608 0.22526952624320984 
vn -0.06050676852464676 -0.3517962098121643 -3.5400328636169434 
vn -0.0988025963306427 -0.27800384163856506 -3.5457305908203125 
vn -2.8738460540771484 1.90206778049469 -0.8845335841178894 
vn -0.06721474230289459 -0.20686569809913635 -3.5513296127319336 
vn -2.700382947921753 2.1412112712860107 -0.8845335841178894 
vn -2.4759907722473145 2.3619778156280518 -0.974568247795105 
vn -0.006713611073791981 3.2952630519866943 -1.3418083190917969 
vn 2.4759907722473145 2.3619778156280518 -0.974568247795105 
vn 0.00671903183683753 3.2893686294555664 -1.3561937808990479 
vn 2.700382947921753 2.1412112712860107 -0.8845335841178894 
vn -0.006718540098518133 3.24635648727417 -1.4561518430709839 
vn 2.8738460540771484 1.90206778049469 -0.8845335841178894 
vn -0.006810234859585762 -0.18634486198425293 -3.5530946254730225 
vn 0.06721474230289459 -0.20686569809913635 -3.5513296127319336 
vn 0.00675482302904129 -0.2794620990753174 -3.5469858646392822 
vn 0.0860469713807106 -0.2822127342224121 -3.5457305908203125 
vn -2.700382947921753 2.1412112712860107 -0.8845335841178894 
vn -2.8738460540771484 1.90206778049469 -0.8845335841178894 
vn -0.06721474230289459 -0.20686569809913635 -3.5513296127319336 
vn -0.0988025963306427 -0.27800384163856506 -3.5457305908203125 
vn -0.06050676852464676 -0.3517962098121643 -3.5400328636169434 
vn -0.0067238351330161095 -0.3723652958869934 -3.5384392738342285 
vn -1.5275224447250366 -3.021597385406494 1.0935618877410889 
vn 0.013418624177575111 -3.3401236534118652 1.225825548171997 
vn -2.0763437747955322 -2.668261766433716 1.1083450317382812 
vn 0.013420583680272102 -3.2893481254577637 1.3561937808990479 
vn 1.5275224447250366 -3.021597385406494 1.0935618877410889 
vn 2.065730094909668 -2.6764872074127197 1.1083450317382812 
vn 0.006708091124892235 -3.3010945320129395 1.3273972272872925 
vn 2.402991533279419 -2.436206579208374 0.974568247795105 
vn 0.07377591729164124 -0.3492545485496521 -3.5400328636169434 
vn -2.4125280380249023 -2.4267630577087402 0.974568247795105 
vn -2.579857349395752 -2.337963342666626 0.7331557869911194 
vn 0.006711488123983145 -3.371129035949707 1.1378477811813354 
vn 2.588850259780884 -2.3280014991760254 0.7331557869911194 
vn 0.06721474230289459 -0.20686569809913635 -3.5513296127319336 
vn 0.0860469713807106 -0.2822127342224121 -3.5457305908203125 
vn 2.8738460540771484 1.90206778049469 -0.8845335841178894 
vn 3.4474174976348877 -0.8507755994796753 0.22526952624320984 
vn 2.700382947921753 2.1412112712860107 -0.8845335841178894 
vn 3.527522325515747 -0.4288392663002014 0.17870640754699707 
vn 3.557569980621338 -0.05373695120215416 -0.007773107849061489 
vn 2.402991533279419 -2.436206579208374 0.974568247795105 
vn 2.4759907722473145 2.3619778156280518 -0.974568247795105 
vn 0.07377591729164124 -0.3492545485496521 -3.5400328636169434 
vn 1.5275224447250366 -3.021597385406494 1.0935618877410889 
vn 2.065730094909668 -2.6764872074127197 1.1083450317382812 
vn -1.589660406112671 -3.0577497482299805 0.8845335841178894 
vn -1.7235500812530518 -2.3425896167755127 2.049610137939453 
vn -1.5979938507080078 -3.1613729000091553 0.33375248312950134 
vn -0.26819056272506714 -3.5274367332458496 0.3801555335521698 
vn -1.700866937637329 -3.1250991821289062 0.007773107849061489 
vn -0.10746164619922638 -3.5563528537750244 0.007773107849061489 
vn -1.7008345127105713 -3.125039577484131 0.023319175466895103 
vn -0.13431556522846222 -3.5554397106170654 0.007773107849061489 
vn -1.659163475036621 -3.1423707008361816 0.17870640754699707 
vn 0.32819560170173645 -2.9770398139953613 1.9206184148788452 
vn 0.12082463502883911 -3.528364896774292 0.44192326068878174 
vn 0.026869243010878563 -3.5578746795654297 0.007773107849061489 
vn 1.102227467283945e-12 -3.557976007461548 0.007773107849061489 
vn -0.10746164619922638 -3.5563528537750244 0.007773107849061489 
vn -1.4021886587142944 -3.14386248588562 0.8995832204818726 
vn -0.08059698343276978 -3.556859254837036 0.03886479511857033 
vn -1.1700915098190308 -3.166823387145996 1.1231070756912231 
vn 0.026868728920817375 -3.5578064918518066 0.023319175466895103 
vn 1.102227467283945e-12 -3.557976007461548 0.007773107849061489 
vn 1.102227467283945e-12 -3.557976007461548 0.007773107849061489 
vn 0.2214878797531128 -3.5033349990844727 0.5803784132003784 
vn 1.1022063253415815e-12 -3.557908058166504 0.023319175466895103 
vn 0.590965747833252 -2.391176223754883 2.567545175552368 
vn 0.013429751619696617 -3.4967877864837646 0.6569238305091858 
vn 0.006707226857542992 -2.2417190074920654 2.7629520893096924 
vn -0.5779377818107605 -2.3943583965301514 2.567545175552368 
vn -0.20808063447475433 -3.504157066345215 0.5803784132003784 
vn -0.3415341377258301 -2.975538969039917 1.9206184148788452 
vn -0.12082463502883911 -3.528364896774292 0.44192326068878174 
vn 0.26819056272506714 -3.5274367332458496 0.3801555335521698 
vn 1.734338641166687 -2.334613561630249 2.049610137939453 
vn 1.586001992225647 -3.167405843734741 0.33375248312950134 
vn 1.6134486198425293 -3.045264720916748 0.8845335841178894 
vn 1.7244186401367188 -3.1121654510498047 0.007773107849061489 
vn 0.10746164619922638 -3.5563528537750244 0.007773107849061489 
vn -0.026869243010878563 -3.5578746795654297 0.007773107849061489 
vn -0.026868728920817375 -3.5578064918518066 0.023319175466895103 
vn 1.102227467283945e-12 -3.557976007461548 0.007773107849061489 
vn 1.102227467283945e-12 -3.557976007461548 0.007773107849061489 
vn 0.13431556522846222 -3.5554397106170654 0.007773107849061489 
vn 1.7008345127105713 -3.125039577484131 0.023319175466895103 
vn 1.6710312366485596 -3.136075973510742 0.17870640754699707 
vn 0.10746164619922638 -3.5563528537750244 0.007773107849061489 
vn 1.102227467283945e-12 -3.557976007461548 0.007773107849061489 
vn 1.102227467283945e-12 -3.557976007461548 0.007773107849061489 
vn 1.102227467283945e-12 -3.557976007461548 0.007773107849061489 
vn 1.102227467283945e-12 -3.557976007461548 0.007773107849061489 
vn 1.4144471883773804 -3.138366222381592 0.8995832204818726 
vn 0.08059698343276978 -3.556859254837036 0.03886479511857033 
vn 1.1700915098190308 -3.166823387145996 1.1231070756912231 
vn 1.102227467283945e-12 -3.557976007461548 -0.007773107849061489 
vn 1.102227467283945e-12 -3.557976007461548 0.007773107849061489 
vn 1.102227467283945e-12 -3.557976007461548 0.007773107849061489 
vn 0.08058620989322662 -3.5563838481903076 0.06995351612567902 
vn 0.0805785208940506 -3.556044340133667 0.08549602329730988 
vn 1.151444673538208 -3.1788363456726074 1.1083450317382812 
vn 0.10743087530136108 -3.5553343296051025 0.08549602329730988 
vn 1.1886603832244873 -3.1546223163604736 1.1378477811813354 
vn 0.10743087530136108 -3.5553343296051025 0.08549602329730988 
vn 1.1710354089736938 -3.1868441104888916 1.0639331340789795 
vn 0.08059236407279968 -3.5566554069519043 0.05440967530012131 
vn 1.0771952867507935 -3.3326566219329834 0.6263412833213806 
vn 1.0070842504501343 -3.412473440170288 0.007773107849061489 
vn 0.08060160279273987 -3.557062864303589 0.007773107849061489 
vn 0.9811726808547974 -3.4195895195007324 -0.05440967530012131 
vn 1.102227467283945e-12 -3.557976007461548 0.007773107849061489 
vn 1.102227467283945e-12 -3.557976007461548 0.007773107849061489 
vn 1.102227467283945e-12 -3.557976007461548 0.007773107849061489 
vn 1.102227467283945e-12 -3.557976007461548 0.007773107849061489 
vn 1.102227467283945e-12 -3.557976007461548 0.007773107849061489 
vn 1.102227467283945e-12 -3.557976007461548 0.007773107849061489 
vn 1.102227467283945e-12 -3.557976007461548 0.007773107849061489 
vn 1.102227467283945e-12 -3.557976007461548 0.007773107849061489 
vn 1.102227467283945e-12 -3.557976007461548 0.007773107849061489 
vn -0.08058620989322662 -3.5563838481903076 0.06995351612567902 
vn 1.102227467283945e-12 -3.557976007461548 0.007773107849061489 
vn 1.102227467283945e-12 -3.557976007461548 0.007773107849061489 
vn 1.102227467283945e-12 -3.557976007461548 0.007773107849061489 
vn 1.102227467283945e-12 -3.557976007461548 0.007773107849061489 
vn 1.102227467283945e-12 -3.557976007461548 0.007773107849061489 
vn 1.102227467283945e-12 -3.557976007461548 0.007773107849061489 
vn -0.0805785208940506 -3.556044340133667 0.08549602329730988 
vn -1.1640608310699463 -3.1742379665374756 1.1083450317382812 
vn -0.10743087530136108 -3.5553343296051025 0.08549602329730988 
vn -1.176090121269226 -3.159330368041992 1.1378477811813354 
vn 1.102227467283945e-12 -3.557976007461548 0.007773107849061489 
vn 1.102227467283945e-12 -3.557976007461548 0.007773107849061489 
vn 1.102227467283945e-12 -3.557976007461548 0.007773107849061489 
vn 1.102227467283945e-12 -3.557976007461548 0.007773107849061489 
vn 1.102227467283945e-12 -3.557976007461548 0.007773107849061489 
vn 1.102227467283945e-12 -3.557976007461548 0.007773107849061489 
vn 1.102227467283945e-12 -3.557976007461548 0.007773107849061489 
vn 1.102227467283945e-12 -3.557976007461548 0.007773107849061489 
vn -0.10743087530136108 -3.5553343296051025 0.08549602329730988 
vn -1.1710354089736938 -3.1868441104888916 1.0639331340789795 
vn -0.08059236407279968 -3.5566554069519043 0.05440967530012131 
vn -1.0899710655212402 -3.3285000324249268 0.6263412833213806 
vn -1.0070842504501343 -3.412473440170288 0.007773107849061489 
vn -0.08060160279273987 -3.557062864303589 0.007773107849061489 
vn -0.9811726808547974 -3.4195895195007324 -0.05440967530012131 
vn 1.102227467283945e-12 -3.557976007461548 0.007773107849061489 
vn 1.102227467283945e-12 -3.557976007461548 0.007773107849061489 
vn 1.102227467283945e-12 -3.557976007461548 0.007773107849061489 
vn 1.102227467283945e-12 -3.557976007461548 0.007773107849061489 
vn 1.102227467283945e-12 -3.557976007461548 0.007773107849061489 
vn 1.102227467283945e-12 -3.557976007461548 0.007773107849061489 
vn 0.05373695120215416 -3.557569980621338 -0.007773107849061489 
vn 0.05373695120215416 -3.557569980621338 -0.007773107849061489 
vn 0.9810976982116699 -3.419328451156616 -0.06995351612567902 
vn 0.05373695120215416 -3.557569980621338 -0.007773107849061489 
vn 0.9552475810050964 -3.426640033721924 -0.06995351612567902 
vn 0.05373695120215416 -3.557569980621338 -0.007773107849061489 
vn 0.8252720832824707 -3.4605228900909424 -0.05440967530012131 
vn 0.05373695120215416 -3.557569980621338 -0.007773107849061489 
vn 0.5618971586227417 -3.513326644897461 -0.007773107849061489 
vn 0.026869243010878563 -3.5578746795654297 0.007773107849061489 
vn 0.21482524275779724 -3.5514845848083496 0.007773107849061489 
vn 1.102227467283945e-12 -3.557976007461548 0.007773107849061489 
vn 1.102227467283945e-12 -3.557976007461548 0.007773107849061489 
vn -0.026867704465985298 -3.557670831680298 0.03886479511857033 
vn 0.9029367566108704 -3.4389686584472656 0.1321125626564026 
vn -0.026850778609514236 -3.555429458618164 0.1321125626564026 
vn 0.9348309636116028 -3.3980939388275146 0.48816150426864624 
vn -0.040268674492836 -3.546138048171997 0.28729212284088135 
vn 0.9146368503570557 -3.2838456630706787 1.0193381309509277 
vn -0.02686873823404312 -3.5407023429870605 0.3492269515991211 
vn 0.8296244740486145 -3.212831497192383 1.284013032913208 
vn 2.2559497356414795 -2.748882532119751 0.11657583713531494 
vn 3.1502509117126465 -1.653379201889038 -0.03886479511857033 
vn 0.10069382190704346 -3.5161941051483154 -0.5343158841133118 
vn 0.12751460075378418 -3.5318589210510254 -0.4110550880432129 
vn 1.0192075967788696 -3.3801145553588867 -0.44192326068878174 
vn 1.013014554977417 -3.3958442211151123 -0.3182716965675354 
vn 1.6468942165374756 -3.1478989124298096 -0.19423125684261322 
vn 1.6282353401184082 -3.160111427307129 -0.14764675498008728 
vn 2.236326217651367 -2.705782651901245 -0.5803784132003784 
vn 2.278728485107422 -2.691309928894043 -0.4727576673030853 
vn 1.6295418739318848 -3.162647008895874 -0.03886479511857033 
vn 2.286055326461792 -2.712808847427368 -0.2717939615249634 
vn 1.3367156982421875 -3.297329902648926 0.007773107849061489 
vn 1.8396916389465332 -3.0432217121124268 -0.11657583713531494 
vn 0.10746164619922638 -3.5563528537750244 0.007773107849061489 
vn 0.13431556522846222 -3.5554397106170654 -0.007773107849061489 
vn 0.026869243010878563 -3.5578746795654297 -0.007773107849061489 
vn 0.026869243010878563 -3.5578746795654297 -0.007773107849061489 
vn 1.102227467283945e-12 -3.557976007461548 0.007773107849061489 
vn 0.10746164619922638 -3.5563528537750244 0.007773107849061489 
vn 0.877543568611145 -3.448058843612671 -0.007773107849061489 
vn 1.0063921213150024 -3.410128116607666 -0.1321125626564026 
vn 0.12759527564048767 -3.5512022972106934 -0.17870640754699707 
vn 0.10745549201965332 -3.5561490058898926 -0.03886479511857033 
vn 0.026869243010878563 -3.5578746795654297 -0.007773107849061489 
vn 1.102227467283945e-12 -3.557976007461548 0.007773107849061489 
vn 1.102227467283945e-12 -3.557976007461548 0.007773107849061489 
vn 1.102227467283945e-12 -3.557976007461548 0.007773107849061489 
vn 1.102227467283945e-12 -3.557976007461548 0.007773107849061489 
vn 1.102227467283945e-12 -3.557976007461548 0.007773107849061489 
vn 1.102227467283945e-12 -3.557976007461548 0.007773107849061489 
vn 1.102227467283945e-12 -3.557976007461548 0.007773107849061489 
vn 1.102227467283945e-12 -3.557976007461548 0.007773107849061489 
vn 1.102227467283945e-12 -3.557976007461548 0.007773107849061489 
vn 1.102227467283945e-12 -3.557976007461548 0.007773107849061489 
vn 1.102227467283945e-12 -3.557976007461548 0.007773107849061489 
vn 1.102227467283945e-12 -3.557976007461548 0.007773107849061489 
vn 1.102227467283945e-12 -3.557976007461548 -0.007773107849061489 
vn 1.102227467283945e-12 -3.557976007461548 0.007773107849061489 
vn 1.102227467283945e-12 -3.557976007461548 0.007773107849061489 
vn 1.102227467283945e-12 -3.557976007461548 0.007773107849061489 
vn 1.102227467283945e-12 -3.557976007461548 0.007773107849061489 
vn 1.102227467283945e-12 -3.557976007461548 0.007773107849061489 
vn -0.026869243010878563 -3.5578746795654297 -0.007773107849061489 
vn -0.026869243010878563 -3.5578746795654297 -0.007773107849061489 
vn -0.10746164619922638 -3.5563528537750244 0.007773107849061489 
vn -0.13431556522846222 -3.5554397106170654 -0.007773107849061489 
vn -1.8396916389465332 -3.0432217121124268 -0.11657583713531494 
vn -1.3367156982421875 -3.297329902648926 0.007773107849061489 
vn -2.286055326461792 -2.712808847427368 -0.2717939615249634 
vn -1.6295418739318848 -3.162647008895874 -0.03886479511857033 
vn -2.268463611602783 -2.699967861175537 -0.4727576673030853 
vn -1.6282353401184082 -3.160111427307129 -0.14764675498008728 
vn -2.2466635704040527 -2.6972055435180664 -0.5803784132003784 
vn -1.6349818706512451 -3.154102325439453 -0.19423125684261322 
vn -1.0001384019851685 -3.3996589183807373 -0.3182716965675354 
vn -1.0192075967788696 -3.3801145553588867 -0.44192326068878174 
vn -0.1409304141998291 -3.531348943710327 -0.4110550880432129 
vn -0.11411523073911667 -3.51578426361084 -0.5343158841133118 
vn 0.040268674492836 -3.546138048171997 0.28729212284088135 
vn 0.02686873823404312 -3.5407023429870605 0.3492269515991211 
vn -0.9146368503570557 -3.2838456630706787 1.0193381309509277 
vn -0.842607855796814 -3.209451198577881 1.284013032913208 
vn -0.9477640986442566 -3.3945095539093018 0.48816150426864624 
vn 0.026850778609514236 -3.555429458618164 0.1321125626564026 
vn -0.14101965725421906 -3.550694465637207 -0.17870640754699707 
vn -1.0063921213150024 -3.410128116607666 -0.1321125626564026 
vn -0.877543568611145 -3.448058843612671 -0.007773107849061489 
vn -0.9029367566108704 -3.4389686584472656 0.1321125626564026 
vn 0.026867704465985298 -3.557670831680298 0.03886479511857033 
vn -0.21482524275779724 -3.5514845848083496 0.007773107849061489 
vn 1.102227467283945e-12 -3.557976007461548 0.007773107849061489 
vn -0.10745549201965332 -3.5561490058898926 -0.03886479511857033 
vn -0.026869243010878563 -3.5578746795654297 -0.007773107849061489 
vn -0.10746164619922638 -3.5563528537750244 0.007773107849061489 
vn 1.102227467283945e-12 -3.557976007461548 0.007773107849061489 
vn 1.102227467283945e-12 -3.557976007461548 -0.007773107849061489 
vn 1.102227467283945e-12 -3.557976007461548 0.007773107849061489 
vn -0.026869243010878563 -3.5578746795654297 0.007773107849061489 
vn -0.5618971586227417 -3.513326644897461 -0.007773107849061489 
vn -0.05373695120215416 -3.557569980621338 -0.007773107849061489 
vn -0.8252720832824707 -3.4605228900909424 -0.05440967530012131 
vn -0.05373695120215416 -3.557569980621338 -0.007773107849061489 
vn -0.9552475810050964 -3.426640033721924 -0.06995351612567902 
vn -0.05373695120215416 -3.557569980621338 -0.007773107849061489 
vn -0.9810976982116699 -3.419328451156616 -0.06995351612567902 
vn -0.05373695120215416 -3.557569980621338 -0.007773107849061489 
vn -0.05373695120215416 -3.557569980621338 -0.007773107849061489 
vn 1.102227467283945e-12 -3.557976007461548 0.007773107849061489 
vn 1.102227467283945e-12 -3.557976007461548 0.007773107849061489 
vn -2.2559497356414795 -2.748882532119751 0.11657583713531494 
vn -3.1502509117126465 -1.653379201889038 -0.03886479511857033 
vn 1.102227467283945e-12 -3.557976007461548 0.007773107849061489 
vn 1.102227467283945e-12 -3.557976007461548 0.007773107849061489 
vn 1.102227467283945e-12 -3.557976007461548 0.007773107849061489 
vn 1.102227467283945e-12 -3.557976007461548 0.007773107849061489 
vn 1.102227467283945e-12 -3.557976007461548 0.007773107849061489 
vn 1.102227467283945e-12 -3.557976007461548 0.007773107849061489 
vn 1.102227467283945e-12 -3.557976007461548 0.007773107849061489 
vn 1.102227467283945e-12 -3.557976007461548 -0.007773107849061489 
vn 1.102227467283945e-12 -3.557976007461548 -0.007773107849061489 
vn 1.102227467283945e-12 -3.557976007461548 0.007773107849061489 
vn 1.102227467283945e-12 -3.557976007461548 0.007773107849061489 
vn 1.102227467283945e-12 -3.557976007461548 0.007773107849061489 
vn 1.102227467283945e-12 -3.557976007461548 0.007773107849061489 
vn 1.102227467283945e-12 -3.557976007461548 0.007773107849061489 
vn 1.102227467283945e-12 -3.557976007461548 0.007773107849061489 
vn 1.102227467283945e-12 -3.557976007461548 0.007773107849061489 
vn 1.102227467283945e-12 -3.557976007461548 0.007773107849061489 
vn 1.102227467283945e-12 -3.557976007461548 0.007773107849061489 
vn 1.102227467283945e-12 -3.557976007461548 0.007773107849061489 
vn 1.102227467283945e-12 -3.557976007461548 0.007773107849061489 
vn 1.102227467283945e-12 -3.557976007461548 0.007773107849061489 
vn 1.102227467283945e-12 -3.557976007461548 0.007773107849061489 
vn 1.102227467283945e-12 -3.557976007461548 0.007773107849061489 
vn 1.102227467283945e-12 -3.557976007461548 0.007773107849061489 
vn 1.102227467283945e-12 -3.557976007461548 0.007773107849061489 
vn 1.102227467283945e-12 -3.557976007461548 0.007773107849061489 
vn 1.102227467283945e-12 -3.557976007461548 0.007773107849061489 
vn 1.102227467283945e-12 -3.557976007461548 0.007773107849061489 
vn 1.102227467283945e-12 -3.557976007461548 0.007773107849061489 
vn 1.102227467283945e-12 -3.557976007461548 0.007773107849061489 
vn 1.102227467283945e-12 -3.557976007461548 0.007773107849061489 
vn 1.102227467283945e-12 -3.557976007461548 0.007773107849061489 
vn 1.102227467283945e-12 -3.557976007461548 0.007773107849061489 
vn 1.102227467283945e-12 -3.557976007461548 0.007773107849061489 
vn 1.102227467283945e-12 -3.557976007461548 0.007773107849061489 
vn 1.102227467283945e-12 -3.557976007461548 0.007773107849061489 
vn 1.102227467283945e-12 -3.557976007461548 0.007773107849061489 
vn 1.102227467283945e-12 -3.557976007461548 0.007773107849061489 
vn 1.102227467283945e-12 -3.557976007461548 0.007773107849061489 
vn 1.102227467283945e-12 -3.557976007461548 0.007773107849061489 
vn -2.9082937240600586 0.013416650705039501 2.049610137939453 
vn -3.5534684658050537 0.013433938845992088 0.17870640754699707 
vn -3.2883899211883545 -0.08051568269729614 1.3561937808990479 
vn -3.5526535511016846 0.01343085803091526 0.19423125684261322 
vn -3.5560741424560547 -7.354783015250943e-13 0.11657583713531494 
vn -3.557908058166504 -7.358576096551384e-13 0.023319175466895103 
vn -3.557908058166504 -7.358576096551384e-13 0.023319175466895103 
vn -3.557976007461548 -7.35871650073272e-13 0.007773107849061489 
vn -3.557976007461548 -7.35871650073272e-13 0.007773107849061489 
vn -3.557568311691284 -7.357873533543613e-13 0.05440967530012131 
vn -3.557568311691284 -7.357873533543613e-13 0.05440967530012131 
vn -3.53413462638855 0.013425471261143684 0.4110550880432129 
vn -3.53413462638855 0.013425471261143684 0.4110550880432129 
vn -2.961021900177002 0.013423359952867031 1.972669005393982 
vn -2.961021900177002 0.013423359952867031 1.972669005393982 
vn -2.551346778869629 -5.276774568511999e-13 2.479895830154419 
vn -2.551346778869629 -5.276774568511999e-13 2.479895830154419 
vn -2.551346778869629 -5.276774568511999e-13 2.479895830154419 
vn -2.551346778869629 -5.276774568511999e-13 2.479895830154419 
vn -2.551346778869629 -5.276774568511999e-13 2.479895830154419 
vn -2.551346778869629 -5.276774568511999e-13 2.479895830154419 
vn -2.657233715057373 -5.495773107433433e-13 2.366086006164551 
vn -2.6468698978424072 -5.474338430483394e-13 2.377673864364624 
vn -3.3809235095977783 0.01342799048870802 1.1083450317382812 
vn -3.323795795440674 -6.874377369431306e-13 1.2695022821426392 
vn -3.53192138671875 0.05373711884021759 -0.42649322748184204 
vn -3.542067289352417 0.04027097299695015 -0.33375248312950134 
vn -3.5494210720062256 0.053743068128824234 -0.24078236520290375 
vn -3.5494210720062256 0.053743068128824234 -0.24078236520290375 
vn -3.5471816062927246 -0.053709160536527634 0.2717939615249634 
vn -3.553605556488037 -0.06717997044324875 0.16317814588546753 
vn -3.374663829803467 -0.48150578141212463 1.0193381309509277 
vn -3.446277141571045 -0.49488356709480286 0.7331557869911194 
vn -2.9702582359313965 -1.3410494327545166 1.4277273416519165 
vn -3.079796314239502 -1.4064958095550537 1.0935618877410889 
vn -2.1585519313812256 -2.3719186782836914 1.540749430656433 
vn -2.220332622528076 -2.4953413009643555 1.225825548171997 
vn -0.842607855796814 -3.209451198577881 1.284013032913208 
vn -0.9146368503570557 -3.2838456630706787 1.0193381309509277 
vn -2.324083089828491 -2.637373924255371 0.5496806502342224 
vn -0.9477640986442566 -3.3945095539093018 0.48816150426864624 
vn -2.2559497356414795 -2.748882532119751 0.11657583713531494 
vn -0.9029367566108704 -3.4389686584472656 0.1321125626564026 
vn -0.5618971586227417 -3.513326644897461 -0.007773107849061489 
vn -0.21482524275779724 -3.5514845848083496 0.007773107849061489 
vn -3.557908058166504 -7.358576096551384e-13 0.023319175466895103 
vn -3.5328357219696045 -0.14771118760108948 0.3956090807914734 
vn -3.1502509117126465 -1.653379201889038 -0.03886479511857033 
vn -3.215118646621704 -1.471651554107666 0.3956090807914734 
vn -3.4776854515075684 -0.7337100505828857 -0.16317814588546753 
vn -3.514940023422241 -0.5220287442207336 0.17870640754699707 
vn -0.8252720832824707 -3.4605228900909424 -0.05440967530012131 
vn -0.9552475810050964 -3.426640033721924 -0.06995351612567902 
vn -3.5414888858795166 -0.28175249695777893 -0.19423125684261322 
vn -3.5568909645080566 -0.053726695477962494 -0.06995351612567902 
vn -3.5502116680145264 0.06711580604314804 -0.22526952624320984 
vn -0.9810976982116699 -3.419328451156616 -0.06995351612567902 
vn -3.546558380126953 -0.17444124817848206 -0.22526952624320984 
vn -0.9811726808547974 -3.4195895195007324 -0.05440967530012131 
vn -3.5541205406188965 -0.16115260124206543 -0.03886479511857033 
vn -3.554514169692993 0.053690794855356216 -0.14764675498008728 
vn -3.2070491313934326 0.013415846973657608 1.540749430656433 
vn -1.0070842504501343 -3.412473440170288 0.007773107849061489 
vn -3.132580041885376 -0.16103465855121613 1.6793640851974487 
vn -1.0899710655212402 -3.3285000324249268 0.6263412833213806 
vn -2.623216390609741 -0.12068617343902588 2.4007132053375244 
vn -2.6259567737579346 0.013414242304861546 2.4007132053375244 
vn -2.551346778869629 -5.276774568511999e-13 2.479895830154419 
vn -1.1710354089736938 -3.1868441104888916 1.0639331340789795 
vn -2.5478267669677734 -0.13397334516048431 2.479895830154419 
vn -1.176090121269226 -3.159330368041992 1.1378477811813354 
vn -2.5478267669677734 -0.13397334516048431 2.479895830154419 
vn -2.551346778869629 -5.276774568511999e-13 2.479895830154419 
vn -2.551346778869629 -5.276774568511999e-13 2.479895830154419 
vn -1.1640608310699463 -3.1742379665374756 1.1083450317382812 
vn -2.5490939617156982 -0.10719642788171768 2.479895830154419 
vn -1.1700915098190308 -3.166823387145996 1.1231070756912231 
vn -2.958588123321533 -0.12077713757753372 1.972669005393982 
vn -2.961021900177002 0.013423359952867031 1.972669005393982 
vn -3.53413462638855 0.013425471261143684 0.4110550880432129 
vn -1.4021886587142944 -3.14386248588562 0.8995832204818726 
vn -3.532094717025757 -0.12080599367618561 0.4110550880432129 
vn -3.55594539642334 -0.10744933784008026 0.05440967530012131 
vn -1.7008345127105713 -3.125039577484131 0.023319175466895103 
vn -1.700866937637329 -3.1250991821289062 0.007773107849061489 
vn -1.659163475036621 -3.1423707008361816 0.17870640754699707 
vn -3.557568311691284 -7.357873533543613e-13 0.05440967530012131 
vn -3.557976007461548 -7.35871650073272e-13 0.007773107849061489 
vn -3.555236339569092 -0.1343078762292862 0.03886479511857033 
vn -1.589660406112671 -3.0577497482299805 0.8845335841178894 
vn -1.5979938507080078 -3.1613729000091553 0.33375248312950134 
vn -3.5563528537750244 -0.10746164619922638 0.007773107849061489 
vn -1.7235500812530518 -2.3425896167755127 2.049610137939453 
vn 0.32819560170173645 -2.9770398139953613 1.9206184148788452 
vn -3.2883899211883545 -0.08051568269729614 1.3561937808990479 
vn 0.2849672734737396 -1.274257779121399 3.309730291366577 
vn 0 0 3.5579845905303955 
vn 0.1298941820859909 -0.3654872179031372 3.536778211593628 
vn 0 0 3.5579845905303955 
vn 0 0 3.5579845905303955 
vn -2.9082937240600586 0.013416650705039501 2.049610137939453 
vn -1.589660406112671 -3.0577497482299805 0.8845335841178894 
vn -3.5328357219696045 -0.14771118760108948 0.3956090807914734 
vn 0 0 3.5579845905303955 
vn 0 0 3.5579845905303955 
vn 0.013179223984479904 -0.3102491796016693 3.544407606124878 
vn -0.1298941820859909 -0.3654872179031372 3.536778211593628 
vn 0 0 3.5579845905303955 
vn 0 0 3.5579845905303955 
vn 0 0 3.5579845905303955 
vn 3.2883899211883545 -0.08051568269729614 1.3561937808990479 
vn 0 0 3.5579845905303955 
vn -0.29799187183380127 -1.2712750434875488 3.309730291366577 
vn -0.3415341377258301 -2.975538969039917 1.9206184148788452 
vn -0.5779377818107605 -2.3943583965301514 2.567545175552368 
vn 0.006707226857542992 -2.2417190074920654 2.7629520893096924 
vn 0.590965747833252 -2.391176223754883 2.567545175552368 
vn 2.9083244800567627 0 2.049610137939453 
vn 1.734338641166687 -2.334613561630249 2.049610137939453 
vn 1.6134486198425293 -3.045264720916748 0.8845335841178894 
vn 3.5322489738464355 -0.16113056242465973 0.3956090807914734 
vn 2.9083244800567627 0 2.049610137939453 
vn 3.5534937381744385 0 0.17870640754699707 
vn 3.2883899211883545 -0.08051568269729614 1.3561937808990479 
vn 3.5526788234710693 0 0.19423125684261322 
vn 3.5560741424560547 0 0.11657583713531494 
vn 3.557908058166504 0 0.023319175466895103 
vn 3.557908058166504 0 0.023319175466895103 
vn 3.5322489738464355 -0.16113056242465973 0.3956090807914734 
vn 3.557908058166504 0 0.023319175466895103 
vn 3.557976007461548 0 0.007773107849061489 
vn 3.557976007461548 0 0.007773107849061489 
vn 3.557568311691284 0 0.05440967530012131 
vn 3.555236339569092 -0.1343078762292862 0.03886479511857033 
vn 1.6134486198425293 -3.045264720916748 0.8845335841178894 
vn 1.586001992225647 -3.167405843734741 0.33375248312950134 
vn 3.5563528537750244 -0.10746164619922638 0.007773107849061489 
vn 1.7244186401367188 -3.1121654510498047 0.007773107849061489 
vn 3.557976007461548 0 0.007773107849061489 
vn 3.557568311691284 0 0.05440967530012131 
vn 3.5341601371765137 0 0.4110550880432129 
vn 3.5341601371765137 0 0.4110550880432129 
vn 2.9696433544158936 0 1.959712266921997 
vn 3.557568311691284 0 0.05440967530012131 
vn 3.55594539642334 -0.10744933784008026 0.05440967530012131 
vn 1.7008345127105713 -3.125039577484131 0.023319175466895103 
vn 3.5325281620025635 -0.1073874905705452 0.4110550880432129 
vn 1.6710312366485596 -3.136075973510742 0.17870640754699707 
vn 1.4144471883773804 -3.138366222381592 0.8995832204818726 
vn 2.9591052532196045 -0.10736370831727982 1.972669005393982 
vn 1.1700915098190308 -3.166823387145996 1.1231070756912231 
vn 2.5490939617156982 -0.10719642788171768 2.479895830154419 
vn 1.151444673538208 -3.1788363456726074 1.1083450317382812 
vn 2.5478267669677734 -0.13397334516048431 2.479895830154419 
vn 1.1886603832244873 -3.1546223163604736 1.1378477811813354 
vn 2.5478267669677734 -0.13397334516048431 2.479895830154419 
vn 1.1710354089736938 -3.1868441104888916 1.0639331340789795 
vn 2.622565746307373 -0.13408467173576355 2.4007132053375244 
vn 1.0771952867507935 -3.3326566219329834 0.6263412833213806 
vn 3.132580041885376 -0.16103465855121613 1.6793640851974487 
vn 1.0070842504501343 -3.412473440170288 0.007773107849061489 
vn 3.5541205406188965 -0.16115260124206543 -0.03886479511857033 
vn 0.9811726808547974 -3.4195895195007324 -0.05440967530012131 
vn 3.5471928119659424 -0.1610322892665863 -0.22526952624320984 
vn 0.9810976982116699 -3.419328451156616 -0.06995351612567902 
vn 3.5425286293029785 -0.2683619558811188 -0.19423125684261322 
vn 0.9552475810050964 -3.426640033721924 -0.06995351612567902 
vn 3.4804341793060303 -0.7205575108528137 -0.16317814588546753 
vn 3.1502509117126465 -1.653379201889038 -0.03886479511857033 
vn 3.2206859588623047 -1.4594274759292603 0.3956090807914734 
vn 2.324083089828491 -2.637373924255371 0.5496806502342224 
vn 2.2559497356414795 -2.748882532119751 0.11657583713531494 
vn 0.9348309636116028 -3.3980939388275146 0.48816150426864624 
vn 0.9029367566108704 -3.4389686584472656 0.1321125626564026 
vn 0.5618971586227417 -3.513326644897461 -0.007773107849061489 
vn 0.21482524275779724 -3.5514845848083496 0.007773107849061489 
vn 0.8252720832824707 -3.4605228900909424 -0.05440967530012131 
vn 0.9146368503570557 -3.2838456630706787 1.0193381309509277 
vn 2.220332622528076 -2.4953413009643555 1.225825548171997 
vn 3.079796314239502 -1.4064958095550537 1.0935618877410889 
vn 3.516888380050659 -0.508736789226532 0.17870640754699707 
vn 3.5568909645080566 -0.053726695477962494 -0.06995351612567902 
vn 3.5504400730133057 0.05369379743933678 -0.22526952624320984 
vn 3.554514169692993 0.053690794855356216 -0.14764675498008728 
vn 3.2070772647857666 0 1.540749430656433 
vn 2.625991106033325 0 2.4007132053375244 
vn 2.551346778869629 0 2.479895830154419 
vn 2.551346778869629 0 2.479895830154419 
vn 2.551346778869629 0 2.479895830154419 
vn 2.9696433544158936 0 1.959712266921997 
vn 3.5341601371765137 0 0.4110550880432129 
vn 2.9696433544158936 0 1.959712266921997 
vn 2.551346778869629 0 2.479895830154419 
vn 2.551346778869629 0 2.479895830154419 
vn 2.551346778869629 0 2.479895830154419 
vn 0.8296244740486145 -3.212831497192383 1.284013032913208 
vn 2.148610830307007 -2.380927562713623 1.540749430656433 
vn 2.975754737854004 -1.328808307647705 1.4277273416519165 
vn 2.551346778869629 0 2.479895830154419 
vn 2.551346778869629 0 2.479895830154419 
vn 2.551346778869629 0 2.479895830154419 
vn 2.657233715057373 0 2.366086006164551 
vn 2.6468698978424072 0 2.377673864364624 
vn 3.3809502124786377 0 1.1083450317382812 
vn 3.323795795440674 0 1.2695022821426392 
vn 3.541889190673828 0.053693730384111404 -0.33375248312950134 
vn 3.53192138671875 0.05373711884021759 -0.42649322748184204 
vn 3.5494210720062256 0.053743068128824234 -0.24078236520290375 
vn 3.5494210720062256 0.053743068128824234 -0.24078236520290375 
vn 3.5471816062927246 -0.053709160536527634 0.2717939615249634 
vn 3.5538341999053955 -0.05374513193964958 0.16317814588546753 
vn 3.374663829803467 -0.48150578141212463 1.0193381309509277 
vn 3.4443440437316895 -0.5081642866134644 0.7331557869911194 
vt 0.4305487275123596 0.05554867535829544 
vt 0.5000457167625427 0.03125375881791115 
vt 0.5000457167625427 0.1250150352716446 
vt 0.5937156081199646 0.1250150352716446 
vt 0.5694511532783508 0.19448140263557434 
vt 0.5000457167625427 0.21877631545066833 
vt 0.40628430247306824 0.1250150352716446 
vt 0.3749694526195526 0.1250150352716446 
vt 0.40628430247306824 0.03125375881791115 
vt 0.5000457167625427 0 
vt 0.5694511532783508 0.05554867535829544 
vt 0.5937156081199646 0.03125375881791115 
vt 0.6250304579734802 0.1250150352716446 
vt 0.5937156081199646 0.21877631545066833 
vt 0.6250304579734802 0.1250150352716446 
vt 0.5937156081199646 0.03125375881791115 
vt 0.5000457167625427 0 
vt 0.40628430247306824 0.03125375881791115 
vt 0.3749694526195526 0.1250150352716446 
vt 0.3749694526195526 0.1250150352716446 
vt 0.40628430247306824 0.03125375881791115 
vt 0.5000457167625427 0 
vt 0.5937156081199646 0.03125375881791115 
vt 0.5000457167625427 0 
vt 0.40628430247306824 0.03125375881791115 
vt 0.3749694526195526 0.1250150352716446 
vt 0.40628430247306824 0.21877631545066833 
vt 0.40628430247306824 0.21877631545066833 
vt 0.40628430247306824 0.21877631545066833 
vt 0.40628430247306824 0.21877631545066833 
vt 0.4305487275123596 0.19448140263557434 
vt 0.5000457167625427 0.2500300705432892 
vt 0.5937156081199646 0.21877631545066833 
vt 0.6250304579734802 0.1250150352716446 
vt 0.5937156081199646 0.03125375881791115 
vt 0.5000457167625427 0 
vt 0.40628430247306824 0.03125375881791115 
vt 0.3749694526195526 0.1250150352716446 
vt 0.40628430247306824 0.21877631545066833 
vt 0.5000457167625427 0.2500300705432892 
vt 0.5000457167625427 0.2500300705432892 
vt 0.5000457167625427 0.2500300705432892 
vt 0.5000457167625427 0.2500300705432892 
vt 0.5937156081199646 0.21877631545066833 
vt 0.5937156081199646 0.21877631545066833 
vt 0.6250304579734802 0.1250150352716446 
vt 0.5937156081199646 0.03125375881791115 
vt 0.6250304579734802 0.1250150352716446 
vt 0.5937156081199646 0.21877631545066833 
vt 0.6250304579734802 0.2500300705432892 
vt 0.5000457167625427 0.28116175532341003 
vt 0.3749694526195526 0.2500300705432892 
vt 0.343746155500412 0.1250150352716446 
vt 0.3749694526195526 0 
vt 0.5000457167625427 0 
vt 0.6250304579734802 0 
vt 0.6562537550926208 0.1250150352716446 
vt 0.749832034111023 0.2500300705432892 
vt 0.749832034111023 0.1250150352716446 
vt 0.749832034111023 0 
vt 0.8435019254684448 0.1250150352716446 
vt 0.8747252225875854 0 
vt 0.8749083280563354 0 
vt 0.8749083280563354 0.1250150352716446 
vt 0.8749998807907104 0 
vt 0.8749998807907104 0.1250150352716446 
vt 0.8749083280563354 0.2500300705432892 
vt 0.8749998807907104 0.2500300705432892 
vt 0.8747252225875854 0.2500300705432892 
vt 0.6250304579734802 0.3749230206012726 
vt 0.5000457167625427 0.3749230206012726 
vt 0.3749694526195526 0.3749230206012726 
vt 0.5000457167625427 0.46856221556663513 
vt 0.3749694526195526 0.499693900346756 
vt 0.5000457167625427 0.49981600046157837 
vt 0.3749694526195526 0.49981600046157837 
vt 0.5000457167625427 0.5311918258666992 
vt 0.3749694526195526 0.5000601410865784 
vt 0.5000457167625427 0.6249530911445618 
vt 0.3749694526195526 0.6249530911445618 
vt 0.6250304579734802 0.499693900346756 
vt 0.6250304579734802 0.49981600046157837 
vt 0.6250304579734802 0.5000601410865784 
vt 0.6250304579734802 0.6249530911445618 
vt 0.6250304579734802 0.7499681711196899 
vt 0.5000457167625427 0.7188364863395691 
vt 0.6250304579734802 0.7500902414321899 
vt 0.5000457167625427 0.7500902414321899 
vt 0.6250304579734802 0.7502123117446899 
vt 0.5000457167625427 0.7814660668373108 
vt 0.3749694526195526 0.7500902414321899 
vt 0.3749694526195526 0.7502123117446899 
vt 0.5000457167625427 0.8751052618026733 
vt 0.3749694526195526 0.8751052618026733 
vt 0.3749694526195526 0.7499681711196899 
vt 0.6250304579734802 0.8751052618026733 
vt 0.6250304579734802 0.9999982118606567 
vt 0.5000457167625427 0.9999982118606567 
vt 0.3749694526195526 0.9999982118606567 
vt 0.125 0.2500300705432892 
vt 0.125 0.1250150352716446 
vt 0.1250915676355362 0.2500300705432892 
vt 0.1250915676355362 0.1250150352716446 
vt 0.1252746880054474 0.2500300705432892 
vt 0.156497985124588 0.1250150352716446 
vt 0.2501678466796875 0.1250150352716446 
vt 0.2501678466796875 0 
vt 0.2501678466796875 0.2500300705432892 
vt 0.125 0 
vt 0.1250915676355362 0 
vt 0.1252746880054474 0 
vt 0.14621800184249878 0.9919406175613403 
vt 0.14722639322280884 0.9999982118606567 
vt 0.14581464231014252 0.9688665866851807 
vt 0.14722639322280884 0.9688665866851807 
vt 0.14581464231014252 0.9348048567771912 
vt 0.14722639322280884 0.9348048567771912 
vt 0.14581464231014252 0.9151491522789001 
vt 0.14722639322280884 0.9151491522789001 
vt 0.14541128277778625 0.9056265354156494 
vt 0.1531759649515152 0.9999982118606567 
vt 0.1534784734249115 0.9688665866851807 
vt 0.1534784734249115 0.9348048567771912 
vt 0.1534784734249115 0.9151491522789001 
vt 0.14692388474941254 0.9056265354156494 
vt 0.14420120418071747 0.9012314677238464 
vt 0.14571380615234375 0.9012314677238464 
vt 0.13905836641788483 0.8959817886352539 
vt 0.16799944639205933 0.9348048567771912 
vt 0.16799944639205933 0.9151491522789001 
vt 0.15307511389255524 0.9056265354156494 
vt 0.16799944639205933 0.9688665866851807 
vt 0.1867556869983673 0.9348048567771912 
vt 0.16709187626838684 0.9999982118606567 
vt 0.1867556869983673 0.9688665866851807 
vt 0.1867556869983673 0.9999982118606567 
vt 0.20652031898498535 0.9999982118606567 
vt 0.20561276376247406 0.9688665866851807 
vt 0.22033539414405823 0.9999982118606567 
vt 0.2201337218284607 0.9688665866851807 
vt 0.2262849658727646 0.9688665866851807 
vt 0.2262849658727646 0.9999982118606567 
vt 0.22779755294322968 0.9688665866851807 
vt 0.2273941934108734 0.9919406175613403 
vt 0.22779755294322968 0.9348048567771912 
vt 0.2262849658727646 0.9348048567771912 
vt 0.2201337218284607 0.9348048567771912 
vt 0.20561276376247406 0.9348048567771912 
vt 0.20561276376247406 0.9151491522789001 
vt 0.2201337218284607 0.9151491522789001 
vt 0.2262849658727646 0.9151491522789001 
vt 0.22779755294322968 0.9151491522789001 
vt 0.22820092737674713 0.9056265354156494 
vt 0.22668832540512085 0.9056265354156494 
vt 0.2204362452030182 0.9056265354156494 
vt 0.20571359992027283 0.9056265354156494 
vt 0.1867556869983673 0.9151491522789001 
vt 0.1677977591753006 0.9056265354156494 
vt 0.22941100597381592 0.9012314677238464 
vt 0.22779755294322968 0.9012314677238464 
vt 0.23455384373664856 0.8959817886352539 
vt 0.22144463658332825 0.9012314677238464 
vt 0.20631864666938782 0.9012314677238464 
vt 0.1867556869983673 0.9056265354156494 
vt 0.23273871839046478 0.8959817886352539 
vt 0.2446378469467163 0.8831629157066345 
vt 0.2467554807662964 0.8831629157066345 
vt 0.2566378116607666 0.8702218532562256 
vt 0.2592596411705017 0.8702218532562256 
vt 0.26208317279815674 0.8642396926879883 
vt 0.2649066746234894 0.8642396926879883 
vt 0.2636966109275818 0.8621642589569092 
vt 0.2666209638118744 0.8621642589569092 
vt 0.26702430844306946 0.8603329658508301 
vt 0.2642008066177368 0.8603329658508301 
vt 0.26652011275291443 0.8521533012390137 
vt 0.2516966462135315 0.8621642589569092 
vt 0.250284880399704 0.8642396926879883 
vt 0.24574707448482513 0.8702218532562256 
vt 0.23556223511695862 0.8831629157066345 
vt 0.22557908296585083 0.8959817886352539 
vt 0.20863795280456543 0.8959817886352539 
vt 0.1867556869983673 0.9012314677238464 
vt 0.16729356348514557 0.9012314677238464 
vt 0.15216755867004395 0.9012314677238464 
vt 0.14077264070510864 0.8959817886352539 
vt 0.1479322761297226 0.8959817886352539 
vt 0.16497424244880676 0.8959817886352539 
vt 0.1867556869983673 0.8959817886352539 
vt 0.1867556869983673 0.8831629157066345 
vt 0.1593271940946579 0.8831629157066345 
vt 0.1379491239786148 0.8831629157066345 
vt 0.12897436320781708 0.8831629157066345 
vt 0.12675587832927704 0.8831629157066345 
vt 0.11697439849376678 0.8702218532562256 
vt 0.11435256153345108 0.8702218532562256 
vt 0.12786512076854706 0.8702218532562256 
vt 0.15357932448387146 0.8702218532562256 
vt 0.1867556869983673 0.8702218532562256 
vt 0.2142850011587143 0.8831629157066345 
vt 0.21993203461170197 0.8702218532562256 
vt 0.1867556869983673 0.8642396926879883 
vt 0.15105831623077393 0.8642396926879883 
vt 0.12322647869586945 0.8642396926879883 
vt 0.11152903735637665 0.8642396926879883 
vt 0.10870552062988281 0.8642396926879883 
vt 0.1099155992269516 0.8621642589569092 
vt 0.1069912388920784 0.8621642589569092 
vt 0.10648704320192337 0.8603329658508301 
vt 0.10941140353679657 0.8603329658508301 
vt 0.1069912388920784 0.8521533012390137 
vt 0.1219155564904213 0.8621642589569092 
vt 0.1502515971660614 0.8621642589569092 
vt 0.1867556869983673 0.8621642589569092 
vt 0.22255387902259827 0.8642396926879883 
vt 0.2233605980873108 0.8621642589569092 
vt 0.25209999084472656 0.8603329658508301 
vt 0.2636966109275818 0.8521533012390137 
vt 0.26238566637039185 0.8307884335517883 
vt 0.2652091979980469 0.8307884335517883 
vt 0.2599655091762543 0.7966046333312988 
vt 0.2627890408039093 0.7966046333312988 
vt 0.25593191385269165 0.7499681711196899 
vt 0.2586545944213867 0.7499681711196899 
vt 0.253108412027359 0.6841643452644348 
vt 0.2557302415370941 0.6841643452644348 
vt 0.25411680340766907 0.5923564434051514 
vt 0.25683948397636414 0.5923564434051514 
vt 0.25714200735092163 0.49004918336868286 
vt 0.26036888360977173 0.49004918336868286 
vt 0.26268818974494934 0.49004918336868286 
vt 0.2584529221057892 0.5923564434051514 
vt 0.27781420946121216 0.49004918336868286 
vt 0.27166295051574707 0.5923564434051514 
vt 0.3183518946170807 0.48992711305618286 
vt 0.29011666774749756 0.5923564434051514 
vt 0.3735113739967346 0.48992711305618286 
vt 0.30917543172836304 0.5923564434051514 
vt 0.25714200735092163 0.6841643452644348 
vt 0.25976383686065674 0.7499681711196899 
vt 0.3651416301727295 0.39189285039901733 
vt 0.3168392777442932 0.39128243923187256 
vt 0.3516290783882141 0.2820163369178772 
vt 0.3154275119304657 0.27664461731910706 
vt 0.3592929244041443 0.14430446922779083 
vt 0.3200661540031433 0.14430446922779083 
vt 0.3615114092826843 0 
vt 0.3242006003856659 0 
vt 0.28880575299263 0.14430446922779083 
vt 0.2920326292514801 0 
vt 0.27791503071784973 0.14430446922779083 
vt 0.2808394134044647 0 
vt 0.27408310770988464 0.14430446922779083 
vt 0.2755957245826721 0 
vt 0.2627890408039093 0 
vt 0.26500752568244934 0.14430446922779083 
vt 0.24362944066524506 0 
vt 0.268436074256897 0.2713949680328369 
vt 0.27519235014915466 0.2715170383453369 
vt 0.2891082763671875 0.27261579036712646 
vt 0.2855788767337799 0.3881082236766815 
vt 0.27025121450424194 0.38725361227989197 
vt 0.26440247893333435 0.38725361227989197 
vt 0.2604697346687317 0.2722495496273041 
vt 0.24806639552116394 0.14430446922779083 
vt 0.22023455798625946 0.14430446922779083 
vt 0.2172093540430069 0 
vt 0.1867556869983673 0.14430446922779083 
vt 0.1867556869983673 0 
vt 0.15650367736816406 0.0004883399815298617 
vt 0.15398268401622772 0.14332778751850128 
vt 0.1303861141204834 0.0008545949822291732 
vt 0.18685652315616608 0.27896422147750854 
vt 0.22235220670700073 0.28079551458358765 
vt 0.24625128507614136 0.27481332421302795 
vt 0.25855377316474915 0.38761988282203674 
vt 0.24604959785938263 0.3889628052711487 
vt 0.22204968333244324 0.39164867997169495 
vt 0.1870581954717636 0.38957324624061584 
vt 0.1534784734249115 0.27530166506767273 
vt 0.12574748694896698 0.14418238401412964 
vt 0.10850384086370468 0.14430446922779083 
vt 0.11122652143239975 0.000732510001398623 
vt 0.09942823648452759 0.14430446922779083 
vt 0.0985206812620163 0.0004883399815298617 
vt 0.0929744765162468 0.0003662550006993115 
vt 0.09569715708494186 0.14430446922779083 
vt 0.08147872239351273 0.0004883399815298617 
vt 0.08480644226074219 0.14430446922779083 
vt 0.050319161266088486 0.0012208500411361456 
vt 0.05354604125022888 0.14430446922779083 
vt 0.01401675958186388 0.0004883399815298617 
vt 0.014319280162453651 0.14430446922779083 
vt 0.06070568040013313 0.28055134415626526 
vt 0.021882280707359314 0.2821384370326996 
vt 0.057277120649814606 0.39189285039901733 
vt 0.008470560424029827 0.39189285039901733 
vt 0.05515947937965393 0.48992711305618286 
vt 0 0.48992711305618286 
vt 0.06433591991662979 0.5923564434051514 
vt 0.060907360166311264 0.5923564434051514 
vt 0.10194923728704453 0.5923564434051514 
vt 0.09569715708494186 0.49017128348350525 
vt 0.09398288279771805 0.39177075028419495 
vt 0.09045348316431046 0.28055134415626526 
vt 0.10184840112924576 0.28079551458358765 
vt 0.1151592805981636 0.5923564434051514 
vt 0.11041980236768723 0.49029335379600525 
vt 0.11667188256978989 0.5923564434051514 
vt 0.11324331909418106 0.49029335379600525 
vt 0.10678955912590027 0.39152660965919495 
vt 0.10910888016223907 0.39140450954437256 
vt 0.1046719178557396 0.28067341446876526 
vt 0.10981476306915283 0.28030717372894287 
vt 0.11273912340402603 0.39116033911705017 
vt 0.11687356233596802 0.49041545391082764 
vt 0.11949539929628372 0.5923564434051514 
vt 0.11778111755847931 0.6841643452644348 
vt 0.12050379812717438 0.6841643452644348 
vt 0.11495760083198547 0.7499681711196899 
vt 0.11757943779230118 0.7499681711196899 
vt 0.11082316190004349 0.7966046333312988 
vt 0.11354584246873856 0.7966046333312988 
vt 0.10830216109752655 0.8307884335517883 
vt 0.11112567782402039 0.8307884335517883 
vt 0.1099155992269516 0.8521533012390137 
vt 0.12151219695806503 0.8603329658508301 
vt 0.15004992485046387 0.8603329658508301 
vt 0.11647020280361176 0.6841643452644348 
vt 0.11374752223491669 0.7499681711196899 
vt 0.1219155564904213 0.8521533012390137 
vt 0.12292396277189255 0.8307884335517883 
vt 0.12504160404205322 0.7966046333312988 
vt 0.1283693164587021 0.7499681711196899 
vt 0.15206672251224518 0.7966046333312988 
vt 0.1508566439151764 0.8307884335517883 
vt 0.1502515971660614 0.8521533012390137 
vt 0.1867556869983673 0.8603329658508301 
vt 0.22356228530406952 0.8603329658508301 
vt 0.2516966462135315 0.8521533012390137 
vt 0.2505874037742615 0.8307884335517883 
vt 0.24857060611248016 0.7966046333312988 
vt 0.24514204263687134 0.7499681711196899 
vt 0.24272188544273376 0.6841643452644348 
vt 0.24362944066524506 0.5923564434051514 
vt 0.24594876170158386 0.49004918336868286 
vt 0.22033539414405823 0.48992711305618286 
vt 0.18685652315616608 0.49017128348350525 
vt 0.15438604354858398 0.38774195313453674 
vt 0.12504160404205322 0.2781096398830414 
vt 0.1268567144870758 0.38969531655311584 
vt 0.12877267599105835 0.49041545391082764 
vt 0.12998275458812714 0.5923564434051514 
vt 0.13078947365283966 0.6841643452644348 
vt 0.15388183295726776 0.7499681711196899 
vt 0.1540835201740265 0.49041545391082764 
vt 0.15478940308094025 0.5923564434051514 
vt 0.15529359877109528 0.6841643452644348 
vt 0.1867556869983673 0.5923564434051514 
vt 0.21872195601463318 0.5923564434051514 
vt 0.21831859648227692 0.6841643452644348 
vt 0.1867556869983673 0.6841643452644348 
vt 0.1867556869983673 0.7499681711196899 
vt 0.21962952613830566 0.7499681711196899 
vt 0.22154547274112701 0.7966046333312988 
vt 0.222755566239357 0.8307884335517883 
vt 0.2233605980873108 0.8521533012390137 
vt 0.1867556869983673 0.8521533012390137 
vt 0.1867556869983673 0.8307884335517883 
vt 0.1867556869983673 0.7966046333312988 
vt 0.7134429812431335 0 
vt 0.7134429812431335 0.010743480175733566 
vt 0.6382163763046265 0 
vt 0.6527373194694519 0.010743480175733566 
vt 0.6240987777709961 0.019167345017194748 
vt 0.657577633857727 0.042973920702934265 
vt 0.6154265403747559 0.042973920702934265 
vt 0.657577633857727 0.0785006582736969 
vt 0.7133421897888184 0.0785006582736969 
vt 0.7133421897888184 0.0987667664885521 
vt 0.657577633857727 0.0987667664885521 
vt 0.7133421897888184 0.1087777316570282 
vt 0.657577633857727 0.1087777316570282 
vt 0.7133421897888184 0.11317279189825058 
vt 0.657577633857727 0.11317279189825058 
vt 0.7133421897888184 0.1187887042760849 
vt 0.657577633857727 0.1187887042760849 
vt 0.7133421897888184 0.13197389245033264 
vt 0.657577633857727 0.13197389245033264 
vt 0.7133421897888184 0.14540323615074158 
vt 0.657577633857727 0.14540323615074158 
vt 0.7133421897888184 0.15162956714630127 
vt 0.657577633857727 0.15162956714630127 
vt 0.7133421897888184 0.15382710099220276 
vt 0.657577633857727 0.15382710099220276 
vt 0.7133421897888184 0.15565837919712067 
vt 0.657577633857727 0.15565837919712067 
vt 0.7133421897888184 0.16408224403858185 
vt 0.657577633857727 0.16408224403858185 
vt 0.7133421897888184 0.18630170822143555 
vt 0.657577633857727 0.18630170822143555 
vt 0.7109220027923584 0.22182844579219818 
vt 0.6563675403594971 0.22182844579219818 
vt 0.7035606503486633 0.270174115896225 
vt 0.652535617351532 0.270174115896225 
vt 0.6791573762893677 0.338541716337204 
vt 0.6415441036224365 0.338541716337204 
vt 0.6756280064582825 0.43376800417900085 
vt 0.6646364331245422 0.43376800417900085 
vt 0.6111912131309509 0.338541716337204 
vt 0.6403340101242065 0.43376800417900085 
vt 0.6003004908561707 0.338541716337204 
vt 0.6271239519119263 0.43376800417900085 
vt 0.5996955037117004 0.338541716337204 
vt 0.6257122159004211 0.43376800417900085 
vt 0.7134429812431335 0.042973920702934265 
vt 0.6100819706916809 0.010743480175733566 
vt 0.6006030440330505 0.270174115896225 
vt 0.6141155958175659 0.270174115896225 
vt 0.6006030440330505 0.22182844579219818 
vt 0.615123987197876 0.22182844579219818 
vt 0.5997962951660156 0.270174115896225 
vt 0.5997962951660156 0.22182844579219818 
vt 0.6007038950920105 0.18630170822143555 
vt 0.6154265403747559 0.18630170822143555 
vt 0.6154265403747559 0.16408224403858185 
vt 0.5997962951660156 0.18630170822143555 
vt 0.6007038950920105 0.16408224403858185 
vt 0.5997962951660156 0.16408224403858185 
vt 0.6007038950920105 0.15565837919712067 
vt 0.6154265403747559 0.15565837919712067 
vt 0.6154265403747559 0.15382710099220276 
vt 0.5997962951660156 0.15565837919712067 
vt 0.6007038950920105 0.15382710099220276 
vt 0.5997962951660156 0.15382710099220276 
vt 0.6007038950920105 0.15162956714630127 
vt 0.6154265403747559 0.15162956714630127 
vt 0.6154265403747559 0.14540323615074158 
vt 0.5997962951660156 0.15162956714630127 
vt 0.6007038950920105 0.14540323615074158 
vt 0.5997962951660156 0.14540323615074158 
vt 0.6007038950920105 0.13197389245033264 
vt 0.6154265403747559 0.13197389245033264 
vt 0.6154265403747559 0.1187887042760849 
vt 0.5997962951660156 0.13197389245033264 
vt 0.6007038950920105 0.1187887042760849 
vt 0.5997962951660156 0.1187887042760849 
vt 0.6007038950920105 0.11317279189825058 
vt 0.6154265403747559 0.11317279189825058 
vt 0.6154265403747559 0.1087777316570282 
vt 0.5997962951660156 0.11317279189825058 
vt 0.6007038950920105 0.1087777316570282 
vt 0.6007038950920105 0.0987667664885521 
vt 0.5997962951660156 0.0987667664885521 
vt 0.5997962951660156 0.0785006582736969 
vt 0.5997962951660156 0.1087777316570282 
vt 0.6154265403747559 0.0987667664885521 
vt 0.6154265403747559 0.0785006582736969 
vt 0.6007038950920105 0.042973920702934265 
vt 0.6042332649230957 0.019167345017194748 
vt 0.5997962951660156 0.042973920702934265 
vt 0.6007038950920105 0.0785006582736969 
vt 0.6103845238685608 0.4348667562007904 
vt 0.616334080696106 0.4309600591659546 
vt 0.6103845238685608 0.4627021551132202 
vt 0.615628182888031 0.4464648365974426 
vt 0.615628182888031 0.4732014536857605 
vt 0.6272248029708862 0.46990516781806946 
vt 0.615628182888031 0.4736897945404053 
vt 0.6165357828140259 0.5344881415367126 
vt 0.6103845238685608 0.5344881415367126 
vt 0.6093761324882507 0.43010544776916504 
vt 0.6089727878570557 0.43572136759757996 
vt 0.6309558749198914 0.5344881415367126 
vt 0.6496112942695618 0.5344881415367126 
vt 0.6496112942695618 0.475276917219162 
vt 0.6718969345092773 0.46990516781806946 
vt 0.6681658625602722 0.5344881415367126 
vt 0.6826868057250977 0.5344881415367126 
vt 0.6835943460464478 0.4736897945404053 
vt 0.6887372136116028 0.4627021551132202 
vt 0.6835943460464478 0.4732014536857605 
vt 0.6835943460464478 0.4464648365974426 
vt 0.6828885078430176 0.4309600591659546 
vt 0.6691742539405823 0.4370642900466919 
vt 0.6496112942695618 0.4385293126106262 
vt 0.6300483345985413 0.4370642900466919 
vt 0.6887372136116028 0.5344881415367126 
vt 0.6887372136116028 0.4348667562007904 
vt 0.6898464560508728 0.43010544776916504 
vt 0.6902498006820679 0.43572136759757996 
vt 0.8259804248809814 0.4288845956325531 
vt 0.8259804248809814 0.41826319694519043 
vt 0.7516613602638245 0.4288845956325531 
vt 0.7659806609153748 0.41826319694519043 
vt 0.7375437617301941 0.40996143221855164 
vt 0.7707201242446899 0.3862769305706024 
vt 0.7290732264518738 0.3862769305706024 
vt 0.7237286567687988 0.41826319694519043 
vt 0.8258795738220215 0.3862769305706024 
vt 0.8258795738220215 0.35123854875564575 
vt 0.7707201242446899 0.35123854875564575 
vt 0.8258795738220215 0.33121660351753235 
vt 0.7144513726234436 0.3862769305706024 
vt 0.7179808020591736 0.40996143221855164 
vt 0.7136446833610535 0.3862769305706024 
vt 0.7144513726234436 0.35123854875564575 
vt 0.7136446833610535 0.35123854875564575 
vt 0.7290732264518738 0.35123854875564575 
vt 0.7707201242446899 0.33121660351753235 
vt 0.8258795738220215 0.32132771611213684 
vt 0.7707201242446899 0.32132771611213684 
vt 0.8258795738220215 0.31693264842033386 
vt 0.7290732264518738 0.33121660351753235 
vt 0.7144513726234436 0.33121660351753235 
vt 0.7136446833610535 0.33121660351753235 
vt 0.7144513726234436 0.32132771611213684 
vt 0.7136446833610535 0.32132771611213684 
vt 0.7136446833610535 0.31693264842033386 
vt 0.7144513726234436 0.31693264842033386 
vt 0.7136446833610535 0.31143882870674133 
vt 0.7144513726234436 0.31143882870674133 
vt 0.7136446833610535 0.2983757257461548 
vt 0.7144513726234436 0.2983757257461548 
vt 0.7136446833610535 0.28506848216056824 
vt 0.7144513726234436 0.28506848216056824 
vt 0.7136446833610535 0.27896422147750854 
vt 0.7144513726234436 0.27896422147750854 
vt 0.7136446833610535 0.27676668763160706 
vt 0.7144513726234436 0.27676668763160706 
vt 0.7136446833610535 0.27493542432785034 
vt 0.7144513726234436 0.27493542432785034 
vt 0.7136446833610535 0.26651155948638916 
vt 0.7144513726234436 0.26651155948638916 
vt 0.7136446833610535 0.24465833604335785 
vt 0.7144513726234436 0.24465833604335785 
vt 0.7136446833610535 0.20961993932724 
vt 0.7144513726234436 0.20961993932724 
vt 0.7143505811691284 0.16164053976535797 
vt 0.7276614308357239 0.16164053976535797 
vt 0.7248378992080688 0.09412753582000732 
vt 0.7141488790512085 0.09412753582000732 
vt 0.7536781430244446 0 
vt 0.7405689358711243 0 
vt 0.7135438323020935 0.09412753582000732 
vt 0.7392580509185791 0 
vt 0.7135438323020935 0.16164053976535797 
vt 0.77061927318573 0 
vt 0.7545857429504395 0.09412753582000732 
vt 0.7657789587974548 0.16164053976535797 
vt 0.7287706732749939 0.20961993932724 
vt 0.7290732264518738 0.24465833604335785 
vt 0.7290732264518738 0.26651155948638916 
vt 0.7290732264518738 0.27493542432785034 
vt 0.7290732264518738 0.27676668763160706 
vt 0.7290732264518738 0.27896422147750854 
vt 0.7290732264518738 0.28506848216056824 
vt 0.7290732264518738 0.2983757257461548 
vt 0.7290732264518738 0.31143882870674133 
vt 0.7290732264518738 0.31693264842033386 
vt 0.7290732264518738 0.32132771611213684 
vt 0.7707201242446899 0.31693264842033386 
vt 0.8258795738220215 0.31143882870674133 
vt 0.7707201242446899 0.31143882870674133 
vt 0.7707201242446899 0.2983757257461548 
vt 0.7837284803390503 0 
vt 0.7919973731040955 0.09412753582000732 
vt 0.8160980939865112 0.16164053976535797 
vt 0.8258795738220215 0.2983757257461548 
vt 0.8258795738220215 0.28506848216056824 
vt 0.7707201242446899 0.28506848216056824 
vt 0.8258795738220215 0.27896422147750854 
vt 0.7707201242446899 0.27896422147750854 
vt 0.8258795738220215 0.27676668763160706 
vt 0.7707201242446899 0.27676668763160706 
vt 0.7707201242446899 0.27493542432785034 
vt 0.8258795738220215 0.27493542432785034 
vt 0.8258795738220215 0.26651155948638916 
vt 0.7707201242446899 0.26651155948638916 
vt 0.8258795738220215 0.24465833604335785 
vt 0.7707201242446899 0.24465833604335785 
vt 0.8234594464302063 0.20961993932724 
vt 0.76951003074646 0.20961993932724 
s on 
f 1/1/1 2/2/2 3/3/3 
f 2/2/2 4/4/4 3/3/3 
f 3/3/3 4/4/4 3/3/3 
f 4/4/4 5/5/5 3/3/3 
f 3/3/3 5/5/5 3/3/3 
f 5/5/5 6/6/6 3/3/3 
f 3/3/3 6/6/6 3/3/3 
f 6/6/6 7/7/7 3/3/3 
f 3/3/3 7/7/7 1/1/1 
f 7/7/7 8/8/8 1/1/1 
f 1/1/1 8/8/8 1/1/1 
f 8/8/8 9/9/9 1/1/1 
f 1/1/1 9/9/9 2/2/2 
f 9/9/9 10/10/10 2/2/2 
f 2/2/2 10/10/10 11/11/11 
f 10/10/10 12/12/12 11/11/11 
f 11/11/11 12/12/12 4/4/4 
f 12/12/12 13/13/13 4/4/4 
f 4/4/4 13/13/13 5/5/5 
f 13/13/13 14/14/14 5/5/5 
f 5/5/5 14/14/14 6/6/6 
f 14/14/14 6/6/6 6/6/6 
f 6/6/6 6/6/6 2/2/2 
f 6/6/6 2/2/2 2/2/2 
f 2/2/2 2/2/2 4/4/4 
f 2/2/2 11/11/11 4/4/4 
f 4/4/4 11/11/11 11/11/11 
f 11/11/11 14/14/14 11/11/11 
f 11/11/11 14/14/14 14/14/14 
f 14/14/14 13/13/13 14/14/14 
f 14/14/14 13/13/13 15/15/15 
f 13/13/13 13/13/13 15/15/15 
f 15/15/15 13/13/13 16/16/16 
f 13/13/13 12/12/12 16/16/16 
f 16/16/16 12/12/12 17/17/17 
f 12/12/12 10/10/10 17/17/17 
f 17/17/17 10/10/10 18/18/18 
f 10/10/10 9/9/9 18/18/18 
f 18/18/18 9/9/9 19/19/19 
f 9/9/9 8/8/8 19/19/19 
f 19/19/19 8/8/8 8/8/8 
f 8/8/8 19/19/19 8/8/8 
f 8/8/8 19/19/19 19/19/19 
f 19/19/19 20/20/20 19/19/19 
f 19/19/19 20/20/20 18/18/18 
f 20/20/20 21/21/21 18/18/18 
f 18/18/18 21/21/21 17/17/17 
f 21/21/21 22/22/22 17/17/17 
f 17/17/17 22/22/22 16/16/16 
f 22/22/22 23/23/23 16/16/16 
f 16/16/16 23/23/23 15/15/15 
f 23/23/23 15/15/15 15/15/15 
f 15/15/15 15/15/15 23/23/23 
f 15/15/15 23/23/23 23/23/23 
f 23/23/23 23/23/23 24/24/24 
f 23/23/23 22/22/22 24/24/24 
f 24/24/24 22/22/22 25/25/25 
f 22/22/22 21/21/21 25/25/25 
f 25/25/25 21/21/21 26/26/26 
f 21/21/21 20/20/20 26/26/26 
f 26/26/26 20/20/20 27/27/27 
f 20/20/20 20/20/20 27/27/27 
f 27/27/27 20/20/20 28/28/28 
f 20/20/20 19/19/19 28/28/28 
f 28/28/28 19/19/19 29/29/29 
f 19/19/19 8/8/8 29/29/29 
f 29/29/29 8/8/8 30/30/30 
f 8/8/8 7/7/7 30/30/30 
f 30/30/30 7/7/7 31/31/31 
f 7/7/7 6/6/6 31/31/31 
f 31/31/31 6/6/6 32/32/32 
f 6/6/6 14/14/14 32/32/32 
f 32/32/32 14/14/14 33/33/33 
f 14/14/14 15/15/15 33/33/33 
f 33/33/33 15/15/15 34/34/34 
f 15/15/15 23/23/23 34/34/34 
f 34/34/34 23/23/23 35/35/35 
f 23/23/23 24/24/24 35/35/35 
f 35/35/35 24/24/24 36/36/36 
f 24/24/24 24/24/24 36/36/36 
f 36/36/36 24/24/24 37/37/37 
f 24/24/24 25/25/25 37/37/37 
f 37/37/37 25/25/25 38/38/38 
f 25/25/25 26/26/26 38/38/38 
f 38/38/38 26/26/26 39/39/39 
f 26/26/26 27/27/27 39/39/39 
f 39/39/39 27/27/27 40/40/40 
f 27/27/27 27/27/27 40/40/40 
f 40/40/40 27/27/27 41/41/41 
f 27/27/27 28/28/28 41/41/41 
f 41/41/41 28/28/28 42/42/42 
f 28/28/28 29/29/29 42/42/42 
f 42/42/42 29/29/29 43/43/43 
f 29/29/29 30/30/30 43/43/43 
f 43/43/43 30/30/30 32/32/32 
f 30/30/30 31/31/31 32/32/32 
f 32/32/32 31/31/31 31/31/31 
f 31/31/31 32/32/32 31/31/31 
f 31/31/31 32/32/32 32/32/32 
f 32/32/32 33/33/33 32/32/32 
f 32/32/32 33/33/33 43/43/43 
f 33/33/33 44/44/44 43/43/43 
f 43/43/43 44/44/44 42/42/42 
f 44/44/44 45/45/45 42/42/42 
f 42/42/42 45/45/45 41/41/41 
f 45/45/45 41/41/41 41/41/41 
f 41/41/41 41/41/41 33/33/33 
f 41/41/41 33/33/33 33/33/33 
f 33/33/33 33/33/33 44/44/44 
f 33/33/33 34/34/34 44/44/44 
f 44/44/44 34/34/34 46/46/46 
f 34/34/34 35/35/35 46/46/46 
f 46/46/46 35/35/35 47/47/47 
f 35/35/35 36/36/36 47/47/47 
f 47/47/47 36/36/36 36/36/36 
f 36/36/36 44/44/44 36/36/36 
f 36/36/36 44/44/44 44/44/44 
f 44/44/44 46/46/46 44/44/44 
f 44/44/44 46/46/46 45/45/45 
f 46/46/46 48/48/48 45/45/45 
f 45/45/45 48/48/48 45/45/45 
f 48/48/48 49/49/49 45/45/45 
f 45/45/45 49/49/49 41/41/41 
f 49/49/49 49/49/49 41/41/41 
f 41/41/41 49/49/49 40/40/40 
f 49/49/49 50/50/50 40/40/40 
f 40/40/40 50/50/50 40/40/40 
f 50/50/50 51/51/51 40/40/40 
f 40/40/40 51/51/51 39/39/39 
f 51/51/51 52/52/52 39/39/39 
f 39/39/39 52/52/52 38/38/38 
f 52/52/52 53/53/53 38/38/38 
f 38/38/38 53/53/53 37/37/37 
f 53/53/53 54/54/54 37/37/37 
f 37/37/37 54/54/54 36/36/36 
f 54/54/54 55/55/55 36/36/36 
f 36/36/36 55/55/55 47/47/47 
f 55/55/55 56/56/56 47/47/47 
f 47/47/47 56/56/56 48/48/48 
f 56/56/56 57/57/57 48/48/48 
f 48/48/48 57/57/57 49/49/49 
f 57/57/57 57/57/57 49/49/49 
f 49/49/49 57/57/57 50/50/50 
f 57/57/57 57/57/57 50/50/50 
f 50/50/50 57/57/57 58/58/58 
f 57/57/57 57/57/57 58/58/58 
f 58/58/58 57/57/57 59/59/59 
f 57/57/57 56/56/56 59/59/59 
f 59/59/59 56/56/56 59/59/59 
f 56/56/56 60/60/60 59/59/59 
f 59/59/59 60/60/60 61/61/61 
f 60/60/60 62/62/62 61/61/61 
f 61/61/61 62/62/62 61/61/61 
f 62/62/62 63/63/63 61/61/61 
f 61/61/61 63/63/63 64/64/64 
f 63/63/63 65/65/65 64/64/64 
f 64/64/64 65/65/65 64/64/64 
f 65/65/65 66/66/66 64/64/64 
f 64/64/64 66/66/66 67/67/67 
f 66/66/66 68/68/68 67/67/67 
f 67/67/67 68/68/68 68/68/68 
f 68/68/68 47/47/47 68/68/68 
f 68/68/68 47/47/47 47/47/47 
f 47/47/47 48/48/48 47/47/47 
f 47/47/47 48/48/48 46/46/46 
f 48/48/48 46/46/46 46/46/46 
f 46/46/46 46/46/46 67/67/67 
f 46/46/46 67/67/67 67/67/67 
f 67/67/67 67/67/67 64/64/64 
f 67/67/67 69/69/69 64/64/64 
f 64/64/64 69/69/69 61/61/61 
f 69/69/69 69/69/69 61/61/61 
f 61/61/61 69/69/69 59/59/59 
f 69/69/69 58/58/58 59/59/59 
f 59/59/59 58/58/58 58/58/58 
f 58/58/58 50/50/50 58/58/58 
f 58/58/58 50/50/50 50/50/50 
f 50/50/50 70/70/70 50/50/50 
f 50/50/50 70/70/70 51/51/51 
f 70/70/70 71/71/71 51/51/51 
f 51/51/51 71/71/71 52/52/52 
f 71/71/71 71/71/71 52/52/52 
f 52/52/52 71/71/71 72/72/72 
f 71/71/71 73/73/73 72/72/72 
f 72/72/72 73/73/73 74/74/74 
f 73/73/73 75/75/75 74/74/74 
f 74/74/74 75/75/75 76/76/76 
f 75/75/75 77/77/77 76/76/76 
f 76/76/76 77/77/77 78/78/78 
f 77/77/77 79/79/79 78/78/78 
f 78/78/78 79/79/79 80/80/80 
f 79/79/79 80/80/80 80/80/80 
f 80/80/80 80/80/80 70/70/70 
f 80/80/80 70/70/70 70/70/70 
f 70/70/70 70/70/70 71/71/71 
f 70/70/70 81/81/81 71/71/71 
f 71/71/71 81/81/81 73/73/73 
f 81/81/81 82/82/82 73/73/73 
f 73/73/73 82/82/82 75/75/75 
f 82/82/82 83/83/83 75/75/75 
f 75/75/75 83/83/83 77/77/77 
f 83/83/83 84/84/84 77/77/77 
f 77/77/77 84/84/84 79/79/79 
f 84/84/84 85/85/85 79/79/79 
f 79/79/79 85/85/85 86/86/86 
f 85/85/85 87/87/87 86/86/86 
f 86/86/86 87/87/87 88/88/88 
f 87/87/87 89/89/89 88/88/88 
f 88/88/88 89/89/89 88/88/88 
f 89/89/89 90/90/90 88/88/88 
f 88/88/88 90/90/90 91/91/91 
f 90/90/90 90/90/90 91/91/91 
f 91/91/91 90/90/90 92/92/92 
f 90/90/90 93/93/93 92/92/92 
f 92/92/92 93/93/93 94/94/94 
f 93/93/93 94/94/94 94/94/94 
f 94/94/94 94/94/94 79/79/79 
f 94/94/94 79/79/79 79/79/79 
f 79/79/79 79/79/79 80/80/80 
f 79/79/79 86/86/86 80/80/80 
f 80/80/80 86/86/86 95/95/95 
f 86/86/86 88/88/88 95/95/95 
f 95/95/95 88/88/88 91/91/91 
f 88/88/88 91/91/91 91/91/91 
f 91/91/91 91/91/91 89/89/89 
f 91/91/91 89/89/89 89/89/89 
f 89/89/89 89/89/89 90/90/90 
f 89/89/89 96/96/96 90/90/90 
f 90/90/90 96/96/96 93/93/93 
f 96/96/96 97/97/97 93/93/93 
f 93/93/93 97/97/97 93/93/93 
f 97/97/97 98/98/98 93/93/93 
f 93/93/93 98/98/98 94/94/94 
f 98/98/98 99/99/99 94/94/94 
f 94/94/94 99/99/99 99/99/99 
f 99/99/99 100/100/100 99/99/99 
f 99/99/99 100/100/100 100/100/100 
f 100/100/100 101/101/101 100/100/100 
f 100/100/100 101/101/101 102/102/102 
f 101/101/101 103/103/103 102/102/102 
f 102/102/102 103/103/103 104/104/104 
f 103/103/103 105/105/105 104/104/104 
f 104/104/104 105/105/105 106/106/106 
f 105/105/105 107/107/107 106/106/106 
f 106/106/106 107/107/107 106/106/106 
f 107/107/107 54/54/54 106/106/106 
f 106/106/106 54/54/54 106/106/106 
f 54/54/54 53/53/53 106/106/106 
f 106/106/106 53/53/53 108/108/108 
f 53/53/53 52/52/52 108/108/108 
f 108/108/108 52/52/52 52/52/52 
f 52/52/52 101/101/101 52/52/52 
f 52/52/52 101/101/101 101/101/101 
f 101/101/101 109/109/109 101/101/101 
f 101/101/101 109/109/109 103/103/103 
f 109/109/109 110/110/110 103/103/103 
f 103/103/103 110/110/110 105/105/105 
f 110/110/110 111/111/111 105/105/105 
f 105/105/105 111/111/111 107/107/107 
f 111/111/111 107/107/107 107/107/107 
f 107/107/107 107/107/107 104/104/104 
f 107/107/107 104/104/104 104/104/104 
f 104/104/104 104/104/104 108/108/108 
f 104/104/104 106/106/106 108/108/108 
f 108/108/108 106/106/106 106/106/106 
f 106/106/106 112/112/112 106/106/106 
f 106/106/106 112/112/112 112/112/112 
f 112/112/112 113/113/113 112/112/112 
f 112/112/112 113/113/113 114/114/114 
f 113/113/113 115/115/115 114/114/114 
f 114/114/114 115/115/115 116/116/116 
f 115/115/115 117/117/117 116/116/116 
f 116/116/116 117/117/117 118/118/118 
f 117/117/117 119/119/119 118/118/118 
f 118/118/118 119/119/119 120/120/120 
f 119/119/119 120/120/120 120/120/120 
f 120/120/120 120/120/120 113/113/113 
f 120/120/120 113/113/113 113/113/113 
f 113/113/113 113/113/113 115/115/115 
f 113/113/113 121/121/121 115/115/115 
f 115/115/115 121/121/121 115/115/115 
f 121/121/121 122/122/122 115/115/115 
f 115/115/115 122/122/122 117/117/117 
f 122/122/122 123/123/123 117/117/117 
f 117/117/117 123/123/123 119/119/119 
f 123/123/123 124/124/124 119/119/119 
f 119/119/119 124/124/124 119/119/119 
f 124/124/124 125/125/125 119/119/119 
f 119/119/119 125/125/125 120/120/120 
f 125/125/125 125/125/125 120/120/120 
f 120/120/120 125/125/125 126/126/126 
f 125/125/125 127/127/127 126/126/126 
f 126/126/126 127/127/127 128/128/128 
f 127/127/127 128/128/128 128/128/128 
f 128/128/128 128/128/128 122/122/122 
f 128/128/128 122/122/122 122/122/122 
f 122/122/122 122/122/122 123/123/123 
f 122/122/122 129/129/129 123/123/123 
f 123/123/123 129/129/129 124/124/124 
f 129/129/129 130/130/130 124/124/124 
f 124/124/124 130/130/130 124/124/124 
f 130/130/130 131/131/131 124/124/124 
f 124/124/124 131/131/131 125/125/125 
f 131/131/131 127/127/127 125/125/125 
f 125/125/125 127/127/127 127/127/127 
f 127/127/127 122/122/122 127/127/127 
f 127/127/127 122/122/122 122/122/122 
f 122/122/122 132/132/132 122/122/122 
f 122/122/122 132/132/132 129/129/129 
f 132/132/132 133/133/133 129/129/129 
f 129/129/129 133/133/133 130/130/130 
f 133/133/133 130/130/130 130/130/130 
f 130/130/130 130/130/130 122/122/122 
f 130/130/130 122/122/122 122/122/122 
f 122/122/122 122/122/122 132/132/132 
f 122/122/122 121/121/121 132/132/132 
f 132/132/132 121/121/121 132/132/132 
f 121/121/121 134/134/134 132/132/132 
f 132/132/132 134/134/134 135/135/135 
f 134/134/134 136/136/136 135/135/135 
f 135/135/135 136/136/136 135/135/135 
f 136/136/136 137/137/137 135/135/135 
f 135/135/135 137/137/137 138/138/138 
f 137/137/137 139/139/139 138/138/138 
f 138/138/138 139/139/139 140/140/140 
f 139/139/139 139/139/139 140/140/140 
f 140/140/140 139/139/139 141/141/141 
f 139/139/139 142/142/142 141/141/141 
f 141/141/141 142/142/142 143/143/143 
f 142/142/142 144/144/144 143/143/143 
f 143/143/143 144/144/144 144/144/144 
f 144/144/144 132/132/132 144/144/144 
f 144/144/144 132/132/132 132/132/132 
f 132/132/132 135/135/135 132/132/132 
f 132/132/132 135/135/135 133/133/133 
f 135/135/135 138/138/138 133/133/133 
f 133/133/133 138/138/138 138/138/138 
f 138/138/138 143/143/143 138/138/138 
f 138/138/138 143/143/143 143/143/143 
f 143/143/143 145/145/145 143/143/143 
f 143/143/143 145/145/145 141/141/141 
f 145/145/145 146/146/146 141/141/141 
f 141/141/141 146/146/146 140/140/140 
f 146/146/146 147/147/147 140/140/140 
f 140/140/140 147/147/147 140/140/140 
f 147/147/147 148/148/148 140/140/140 
f 140/140/140 148/148/148 138/138/138 
f 148/148/148 148/148/148 138/138/138 
f 138/138/138 148/148/148 133/133/133 
f 148/148/148 148/148/148 133/133/133 
f 133/133/133 148/148/148 149/149/149 
f 148/148/148 148/148/148 149/149/149 
f 149/149/149 148/148/148 150/150/150 
f 148/148/148 147/147/147 150/150/150 
f 150/150/150 147/147/147 151/151/151 
f 147/147/147 146/146/146 151/151/151 
f 151/151/151 146/146/146 152/152/152 
f 146/146/146 145/145/145 152/152/152 
f 152/152/152 145/145/145 145/145/145 
f 145/145/145 152/152/152 145/145/145 
f 145/145/145 152/152/152 152/152/152 
f 152/152/152 153/153/153 152/152/152 
f 152/152/152 153/153/153 151/151/151 
f 153/153/153 154/154/154 151/151/151 
f 151/151/151 154/154/154 150/150/150 
f 154/154/154 155/155/155 150/150/150 
f 150/150/150 155/155/155 149/149/149 
f 155/155/155 156/156/156 149/149/149 
f 149/149/149 156/156/156 149/149/149 
f 156/156/156 157/157/157 149/149/149 
f 149/149/149 157/157/157 133/133/133 
f 157/157/157 157/157/157 133/133/133 
f 133/133/133 157/157/157 130/130/130 
f 157/157/157 158/158/158 130/130/130 
f 130/130/130 158/158/158 131/131/131 
f 158/158/158 131/131/131 131/131/131 
f 131/131/131 131/131/131 153/153/153 
f 131/131/131 153/153/153 153/153/153 
f 153/153/153 153/153/153 154/154/154 
f 153/153/153 159/159/159 154/154/154 
f 154/154/154 159/159/159 160/160/160 
f 159/159/159 161/161/161 160/160/160 
f 160/160/160 161/161/161 161/161/161 
f 161/161/161 154/154/154 161/161/161 
f 161/161/161 154/154/154 154/154/154 
f 154/154/154 160/160/160 154/154/154 
f 154/154/154 160/160/160 155/155/155 
f 160/160/160 162/162/162 155/155/155 
f 155/155/155 162/162/162 156/156/156 
f 162/162/162 163/163/163 156/156/156 
f 156/156/156 163/163/163 156/156/156 
f 163/163/163 164/164/164 156/156/156 
f 156/156/156 164/164/164 157/157/157 
f 164/164/164 158/158/158 157/157/157 
f 157/157/157 158/158/158 158/158/158 
f 158/158/158 162/162/162 158/158/158 
f 158/158/158 162/162/162 162/162/162 
f 162/162/162 160/160/160 162/162/162 
f 162/162/162 160/160/160 165/165/165 
f 160/160/160 161/161/161 165/165/165 
f 165/165/165 161/161/161 166/166/166 
f 161/161/161 167/167/167 166/166/166 
f 166/166/166 167/167/167 168/168/168 
f 167/167/167 169/169/169 168/168/168 
f 168/168/168 169/169/169 170/170/170 
f 169/169/169 171/171/171 170/170/170 
f 170/170/170 171/171/171 172/172/172 
f 171/171/171 173/173/173 172/172/172 
f 172/172/172 173/173/173 172/172/172 
f 173/173/173 174/174/174 172/172/172 
f 172/172/172 174/174/174 175/175/175 
f 174/174/174 176/176/176 175/175/175 
f 175/175/175 176/176/176 176/176/176 
f 176/176/176 175/175/175 176/176/176 
f 176/176/176 175/175/175 175/175/175 
f 175/175/175 177/177/177 175/175/175 
f 175/175/175 177/177/177 172/172/172 
f 177/177/177 177/177/177 172/172/172 
f 172/172/172 177/177/177 170/170/170 
f 177/177/177 178/178/178 170/170/170 
f 170/170/170 178/178/178 168/168/168 
f 178/178/178 179/179/179 168/168/168 
f 168/168/168 179/179/179 166/166/166 
f 179/179/179 180/180/180 166/166/166 
f 166/166/166 180/180/180 165/165/165 
f 180/180/180 181/181/181 165/165/165 
f 165/165/165 181/181/181 162/162/162 
f 181/181/181 181/181/181 162/162/162 
f 162/162/162 181/181/181 163/163/163 
f 181/181/181 182/182/182 163/163/163 
f 163/163/163 182/182/182 163/163/163 
f 182/182/182 183/183/183 163/163/163 
f 163/163/163 183/183/183 164/164/164 
f 183/183/183 184/184/184 164/164/164 
f 164/164/164 184/184/184 158/158/158 
f 184/184/184 185/185/185 158/158/158 
f 158/158/158 185/185/185 131/131/131 
f 185/185/185 185/185/185 131/131/131 
f 131/131/131 185/185/185 127/127/127 
f 185/185/185 186/186/186 127/127/127 
f 127/127/127 186/186/186 128/128/128 
f 186/186/186 128/128/128 128/128/128 
f 128/128/128 128/128/128 186/186/186 
f 128/128/128 186/186/186 186/186/186 
f 186/186/186 186/186/186 187/187/187 
f 186/186/186 185/185/185 187/187/187 
f 187/187/187 185/185/185 187/187/187 
f 185/185/185 184/184/184 187/187/187 
f 187/187/187 184/184/184 188/188/188 
f 184/184/184 183/183/183 188/188/188 
f 188/188/188 183/183/183 189/189/189 
f 183/183/183 182/182/182 189/189/189 
f 189/189/189 182/182/182 189/189/189 
f 182/182/182 190/190/190 189/189/189 
f 189/189/189 190/190/190 188/188/188 
f 190/190/190 191/191/191 188/188/188 
f 188/188/188 191/191/191 187/187/187 
f 191/191/191 192/192/192 187/187/187 
f 187/187/187 192/192/192 186/186/186 
f 192/192/192 193/193/193 186/186/186 
f 186/186/186 193/193/193 128/128/128 
f 193/193/193 193/193/193 128/128/128 
f 128/128/128 193/193/193 194/194/194 
f 193/193/193 195/195/195 194/194/194 
f 194/194/194 195/195/195 196/196/196 
f 195/195/195 196/196/196 196/196/196 
f 196/196/196 196/196/196 195/195/195 
f 196/196/196 195/195/195 195/195/195 
f 195/195/195 195/195/195 197/197/197 
f 195/195/195 193/193/193 197/197/197 
f 197/197/197 193/193/193 197/197/197 
f 193/193/193 192/192/192 197/197/197 
f 197/197/197 192/192/192 198/198/198 
f 192/192/192 191/191/191 198/198/198 
f 198/198/198 191/191/191 199/199/199 
f 191/191/191 190/190/190 199/199/199 
f 199/199/199 190/190/190 200/200/200 
f 190/190/190 182/182/182 200/200/200 
f 200/200/200 182/182/182 200/200/200 
f 182/182/182 181/181/181 200/200/200 
f 200/200/200 181/181/181 200/200/200 
f 181/181/181 180/180/180 200/200/200 
f 200/200/200 180/180/180 201/201/201 
f 180/180/180 179/179/179 201/201/201 
f 201/201/201 179/179/179 179/179/179 
f 179/179/179 200/200/200 179/179/179 
f 179/179/179 200/200/200 200/200/200 
f 200/200/200 201/201/201 200/200/200 
f 200/200/200 201/201/201 199/199/199 
f 201/201/201 202/202/202 199/199/199 
f 199/199/199 202/202/202 198/198/198 
f 202/202/202 203/203/203 198/198/198 
f 198/198/198 203/203/203 197/197/197 
f 203/203/203 204/204/204 197/197/197 
f 197/197/197 204/204/204 195/195/195 
f 204/204/204 205/205/205 195/195/195 
f 195/195/195 205/205/205 196/196/196 
f 205/205/205 205/205/205 196/196/196 
f 196/196/196 205/205/205 206/206/206 
f 205/205/205 207/207/207 206/206/206 
f 206/206/206 207/207/207 208/208/208 
f 207/207/207 207/207/207 208/208/208 
f 208/208/208 207/207/207 209/209/209 
f 207/207/207 210/210/210 209/209/209 
f 209/209/209 210/210/210 211/211/211 
f 210/210/210 211/211/211 211/211/211 
f 211/211/211 211/211/211 210/210/210 
f 211/211/211 210/210/210 210/210/210 
f 210/210/210 210/210/210 212/212/212 
f 210/210/210 207/207/207 212/212/212 
f 212/212/212 207/207/207 212/212/212 
f 207/207/207 205/205/205 212/212/212 
f 212/212/212 205/205/205 212/212/212 
f 205/205/205 204/204/204 212/212/212 
f 212/212/212 204/204/204 213/213/213 
f 204/204/204 203/203/203 213/213/213 
f 213/213/213 203/203/203 214/214/214 
f 203/203/203 202/202/202 214/214/214 
f 214/214/214 202/202/202 215/215/215 
f 202/202/202 201/201/201 215/215/215 
f 215/215/215 201/201/201 215/215/215 
f 201/201/201 179/179/179 215/215/215 
f 215/215/215 179/179/179 215/215/215 
f 179/179/179 178/178/178 215/215/215 
f 215/215/215 178/178/178 216/216/216 
f 178/178/178 177/177/177 216/216/216 
f 216/216/216 177/177/177 217/217/217 
f 177/177/177 175/175/175 217/217/217 
f 217/217/217 175/175/175 218/218/218 
f 175/175/175 176/176/176 218/218/218 
f 218/218/218 176/176/176 219/219/219 
f 176/176/176 220/220/220 219/219/219 
f 219/219/219 220/220/220 221/221/221 
f 220/220/220 222/222/222 221/221/221 
f 221/221/221 222/222/222 223/223/223 
f 222/222/222 224/224/224 223/223/223 
f 223/223/223 224/224/224 225/225/225 
f 224/224/224 226/226/226 225/225/225 
f 225/225/225 226/226/226 227/227/227 
f 226/226/226 228/228/228 227/227/227 
f 227/227/227 228/228/228 229/229/229 
f 228/228/228 228/228/228 229/229/229 
f 229/229/229 228/228/228 230/230/230 
f 228/228/228 228/228/228 230/230/230 
f 230/230/230 228/228/228 231/231/231 
f 228/228/228 232/232/232 231/231/231 
f 231/231/231 232/232/232 233/233/233 
f 232/232/232 234/234/234 233/233/233 
f 233/233/233 234/234/234 235/235/235 
f 234/234/234 236/236/236 235/235/235 
f 235/235/235 236/236/236 237/237/237 
f 236/236/236 238/238/238 237/237/237 
f 237/237/237 238/238/238 238/238/238 
f 238/238/238 215/215/215 238/238/238 
f 238/238/238 215/215/215 215/215/215 
f 215/215/215 216/216/216 215/215/215 
f 215/215/215 216/216/216 214/214/214 
f 216/216/216 214/214/214 214/214/214 
f 214/214/214 214/214/214 226/226/226 
f 214/214/214 226/226/226 226/226/226 
f 226/226/226 226/226/226 239/239/239 
f 226/226/226 224/224/224 239/239/239 
f 239/239/239 224/224/224 240/240/240 
f 224/224/224 240/240/240 240/240/240 
f 240/240/240 240/240/240 237/237/237 
f 240/240/240 237/237/237 237/237/237 
f 237/237/237 237/237/237 235/235/235 
f 237/237/237 241/241/241 235/235/235 
f 235/235/235 241/241/241 242/242/242 
f 241/241/241 243/243/243 242/242/242 
f 242/242/242 243/243/243 244/244/244 
f 243/243/243 245/245/245 244/244/244 
f 244/244/244 245/245/245 246/246/246 
f 245/245/245 247/247/247 246/246/246 
f 246/246/246 247/247/247 246/246/246 
f 247/247/247 248/248/248 246/246/246 
f 246/246/246 248/248/248 249/249/249 
f 248/248/248 250/250/250 249/249/249 
f 249/249/249 250/250/250 251/251/251 
f 250/250/250 252/252/252 251/251/251 
f 251/251/251 252/252/252 253/253/253 
f 252/252/252 254/254/254 253/253/253 
f 253/253/253 254/254/254 253/253/253 
f 254/254/254 255/255/255 253/253/253 
f 253/253/253 255/255/255 256/256/256 
f 255/255/255 257/257/257 256/256/256 
f 256/256/256 257/257/257 257/257/257 
f 257/257/257 242/242/242 257/257/257 
f 257/257/257 242/242/242 242/242/242 
f 242/242/242 233/233/233 242/242/242 
f 242/242/242 233/233/233 235/235/235 
f 233/233/233 235/235/235 235/235/235 
f 235/235/235 235/235/235 256/256/256 
f 235/235/235 256/256/256 256/256/256 
f 256/256/256 256/256/256 253/253/253 
f 256/256/256 258/258/258 253/253/253 
f 253/253/253 258/258/258 251/251/251 
f 258/258/258 259/259/259 251/251/251 
f 251/251/251 259/259/259 249/249/249 
f 259/259/259 260/260/260 249/249/249 
f 249/249/249 260/260/260 246/246/246 
f 260/260/260 260/260/260 246/246/246 
f 246/246/246 260/260/260 244/244/244 
f 260/260/260 261/261/261 244/244/244 
f 244/244/244 261/261/261 242/242/242 
f 261/261/261 261/261/261 242/242/242 
f 242/242/242 261/261/261 233/233/233 
f 261/261/261 261/261/261 233/233/233 
f 233/233/233 261/261/261 231/231/231 
f 261/261/261 261/261/261 231/231/231 
f 231/231/231 261/261/261 262/262/262 
f 261/261/261 260/260/260 262/262/262 
f 262/262/262 260/260/260 262/262/262 
f 260/260/260 259/259/259 262/262/262 
f 262/262/262 259/259/259 263/263/263 
f 259/259/259 258/258/258 263/263/263 
f 263/263/263 258/258/258 264/264/264 
f 258/258/258 256/256/256 264/264/264 
f 264/264/264 256/256/256 265/265/265 
f 256/256/256 257/257/257 265/265/265 
f 265/265/265 257/257/257 266/266/266 
f 257/257/257 267/267/267 266/266/266 
f 266/266/266 267/267/267 268/268/268 
f 267/267/267 269/269/269 268/268/268 
f 268/268/268 269/269/269 268/268/268 
f 269/269/269 270/270/270 268/268/268 
f 268/268/268 270/270/270 271/271/271 
f 270/270/270 272/272/272 271/271/271 
f 271/271/271 272/272/272 272/272/272 
f 272/272/272 271/271/271 272/272/272 
f 272/272/272 271/271/271 271/271/271 
f 271/271/271 273/273/273 271/271/271 
f 271/271/271 273/273/273 268/268/268 
f 273/273/273 273/273/273 268/268/268 
f 268/268/268 273/273/273 266/266/266 
f 273/273/273 274/274/274 266/266/266 
f 266/266/266 274/274/274 265/265/265 
f 274/274/274 275/275/275 265/265/265 
f 265/265/265 275/275/275 264/264/264 
f 275/275/275 276/276/276 264/264/264 
f 264/264/264 276/276/276 263/263/263 
f 276/276/276 230/230/230 263/263/263 
f 263/263/263 230/230/230 262/262/262 
f 230/230/230 231/231/231 262/262/262 
f 262/262/262 231/231/231 231/231/231 
f 231/231/231 230/230/230 231/231/231 
f 231/231/231 230/230/230 230/230/230 
f 230/230/230 276/276/276 230/230/230 
f 230/230/230 276/276/276 229/229/229 
f 276/276/276 276/276/276 229/229/229 
f 229/229/229 276/276/276 277/277/277 
f 276/276/276 275/275/275 277/277/277 
f 277/277/277 275/275/275 278/278/278 
f 275/275/275 274/274/274 278/278/278 
f 278/278/278 274/274/274 279/279/279 
f 274/274/274 273/273/273 279/279/279 
f 279/279/279 273/273/273 280/280/280 
f 273/273/273 271/271/271 280/280/280 
f 280/280/280 271/271/271 281/281/281 
f 271/271/271 272/272/272 281/281/281 
f 281/281/281 272/272/272 282/282/282 
f 272/272/272 283/283/283 282/282/282 
f 282/282/282 283/283/283 284/284/284 
f 283/283/283 285/285/285 284/284/284 
f 284/284/284 285/285/285 284/284/284 
f 285/285/285 286/286/286 284/284/284 
f 284/284/284 286/286/286 287/287/287 
f 286/286/286 288/288/288 287/287/287 
f 287/287/287 288/288/288 289/289/289 
f 288/288/288 290/290/290 289/289/289 
f 289/289/289 290/290/290 291/291/291 
f 290/290/290 292/292/292 291/291/291 
f 291/291/291 292/292/292 291/291/291 
f 292/292/292 293/293/293 291/291/291 
f 291/291/291 293/293/293 294/294/294 
f 293/293/293 295/295/295 294/294/294 
f 294/294/294 295/295/295 296/296/296 
f 295/295/295 297/297/297 296/296/296 
f 296/296/296 297/297/297 298/298/298 
f 297/297/297 299/299/299 298/298/298 
f 298/298/298 299/299/299 300/300/300 
f 299/299/299 301/301/301 300/300/300 
f 300/300/300 301/301/301 301/301/301 
f 301/301/301 300/300/300 301/301/301 
f 301/301/301 300/300/300 300/300/300 
f 300/300/300 302/302/302 300/300/300 
f 300/300/300 302/302/302 298/298/298 
f 302/302/302 303/303/303 298/298/298 
f 298/298/298 303/303/303 296/296/296 
f 303/303/303 304/304/304 296/296/296 
f 296/296/296 304/304/304 294/294/294 
f 304/304/304 305/305/305 294/294/294 
f 294/294/294 305/305/305 291/291/291 
f 305/305/305 305/305/305 291/291/291 
f 291/291/291 305/305/305 289/289/289 
f 305/305/305 306/306/306 289/289/289 
f 289/289/289 306/306/306 287/287/287 
f 306/306/306 287/287/287 287/287/287 
f 287/287/287 287/287/287 302/302/302 
f 287/287/287 302/302/302 302/302/302 
f 302/302/302 302/302/302 303/303/303 
f 302/302/302 307/307/307 303/303/303 
f 303/303/303 307/307/307 308/308/308 
f 307/307/307 309/309/309 308/308/308 
f 308/308/308 309/309/309 308/308/308 
f 309/309/309 310/310/310 308/308/308 
f 308/308/308 310/310/310 311/311/311 
f 310/310/310 312/312/312 311/311/311 
f 311/311/311 312/312/312 306/306/306 
f 312/312/312 313/313/313 306/306/306 
f 306/306/306 313/313/313 287/287/287 
f 313/313/313 313/313/313 287/287/287 
f 287/287/287 313/313/313 284/284/284 
f 313/313/313 313/313/313 284/284/284 
f 284/284/284 313/313/313 282/282/282 
f 313/313/313 314/314/314 282/282/282 
f 282/282/282 314/314/314 281/281/281 
f 314/314/314 281/281/281 281/281/281 
f 281/281/281 281/281/281 306/306/306 
f 281/281/281 306/306/306 306/306/306 
f 306/306/306 306/306/306 311/311/311 
f 306/306/306 305/305/305 311/311/311 
f 311/311/311 305/305/305 311/311/311 
f 305/305/305 304/304/304 311/311/311 
f 311/311/311 304/304/304 308/308/308 
f 304/304/304 303/303/303 308/308/308 
f 308/308/308 303/303/303 303/303/303 
f 303/303/303 313/313/313 303/303/303 
f 303/303/303 313/313/313 313/313/313 
f 313/313/313 312/312/312 313/313/313 
f 313/313/313 312/312/312 314/314/314 
f 312/312/312 312/312/312 314/314/314 
f 314/314/314 312/312/312 315/315/315 
f 312/312/312 310/310/310 315/315/315 
f 315/315/315 310/310/310 316/316/316 
f 310/310/310 309/309/309 316/316/316 
f 316/316/316 309/309/309 317/317/317 
f 309/309/309 318/318/318 317/317/317 
f 317/317/317 318/318/318 319/319/319 
f 318/318/318 320/320/320 319/319/319 
f 319/319/319 320/320/320 321/321/321 
f 320/320/320 322/322/322 321/321/321 
f 321/321/321 322/322/322 323/323/323 
f 322/322/322 324/324/324 323/323/323 
f 323/323/323 324/324/324 325/325/325 
f 324/324/324 211/211/211 325/325/325 
f 325/325/325 211/211/211 326/326/326 
f 211/211/211 210/210/210 326/326/326 
f 326/326/326 210/210/210 327/327/327 
f 210/210/210 212/212/212 327/327/327 
f 327/327/327 212/212/212 327/327/327 
f 212/212/212 213/213/213 327/327/327 
f 327/327/327 213/213/213 328/328/328 
f 213/213/213 214/214/214 328/328/328 
f 328/328/328 214/214/214 214/214/214 
f 214/214/214 318/318/318 214/214/214 
f 214/214/214 318/318/318 318/318/318 
f 318/318/318 329/329/329 318/318/318 
f 318/318/318 329/329/329 320/320/320 
f 329/329/329 330/330/330 320/320/320 
f 320/320/320 330/330/330 330/330/330 
f 330/330/330 328/328/328 330/330/330 
f 330/330/330 328/328/328 328/328/328 
f 328/328/328 331/331/331 328/328/328 
f 328/328/328 331/331/331 327/327/327 
f 331/331/331 331/331/331 327/327/327 
f 327/327/327 331/331/331 326/326/326 
f 331/331/331 332/332/332 326/326/326 
f 326/326/326 332/332/332 325/325/325 
f 332/332/332 333/333/333 325/325/325 
f 325/325/325 333/333/333 323/323/323 
f 333/333/333 334/334/334 323/323/323 
f 323/323/323 334/334/334 321/321/321 
f 334/334/334 321/321/321 321/321/321 
f 321/321/321 321/321/321 334/334/334 
f 321/321/321 334/334/334 334/334/334 
f 334/334/334 334/334/334 335/335/335 
f 334/334/334 333/333/333 335/335/335 
f 335/335/335 333/333/333 335/335/335 
f 333/333/333 332/332/332 335/335/335 
f 335/335/335 332/332/332 336/336/336 
f 332/332/332 331/331/331 336/336/336 
f 336/336/336 331/331/331 337/337/337 
f 331/331/331 328/328/328 337/337/337 
f 337/337/337 328/328/328 338/338/338 
f 328/328/328 214/214/214 338/338/338 
f 338/338/338 214/214/214 339/339/339 
f 214/214/214 216/216/216 339/339/339 
f 339/339/339 216/216/216 339/339/339 
f 216/216/216 217/217/217 339/339/339 
f 339/339/339 217/217/217 340/340/340 
f 217/217/217 218/218/218 340/340/340 
f 340/340/340 218/218/218 341/341/341 
f 218/218/218 219/219/219 341/341/341 
f 341/341/341 219/219/219 342/342/342 
f 219/219/219 221/221/221 342/342/342 
f 342/342/342 221/221/221 343/343/343 
f 221/221/221 223/223/223 343/343/343 
f 343/343/343 223/223/223 344/344/344 
f 223/223/223 225/225/225 344/344/344 
f 344/344/344 225/225/225 345/345/345 
f 225/225/225 227/227/227 345/345/345 
f 345/345/345 227/227/227 346/346/346 
f 227/227/227 229/229/229 346/346/346 
f 346/346/346 229/229/229 346/346/346 
f 229/229/229 277/277/277 346/346/346 
f 346/346/346 277/277/277 347/347/347 
f 277/277/277 278/278/278 347/347/347 
f 347/347/347 278/278/278 348/348/348 
f 278/278/278 279/279/279 348/348/348 
f 348/348/348 279/279/279 349/349/349 
f 279/279/279 280/280/280 349/349/349 
f 349/349/349 280/280/280 350/350/350 
f 280/280/280 281/281/281 350/350/350 
f 350/350/350 281/281/281 350/350/350 
f 281/281/281 314/314/314 350/350/350 
f 350/350/350 314/314/314 350/350/350 
f 314/314/314 315/315/315 350/350/350 
f 350/350/350 315/315/315 351/351/351 
f 315/315/315 316/316/316 351/351/351 
f 351/351/351 316/316/316 352/352/352 
f 316/316/316 317/317/317 352/352/352 
f 352/352/352 317/317/317 353/353/353 
f 317/317/317 319/319/319 353/353/353 
f 353/353/353 319/319/319 354/354/354 
f 319/319/319 321/321/321 354/354/354 
f 354/354/354 321/321/321 354/354/354 
f 321/321/321 334/334/334 354/354/354 
f 354/354/354 334/334/334 355/355/355 
f 334/334/334 335/335/335 355/355/355 
f 355/355/355 335/335/335 335/335/335 
f 335/335/335 350/350/350 335/335/335 
f 335/335/335 350/350/350 350/350/350 
f 350/350/350 351/351/351 350/350/350 
f 350/350/350 351/351/351 349/349/349 
f 351/351/351 356/356/356 349/349/349 
f 349/349/349 356/356/356 348/348/348 
f 356/356/356 348/348/348 348/348/348 
f 348/348/348 348/348/348 351/351/351 
f 348/348/348 351/351/351 351/351/351 
f 351/351/351 351/351/351 356/356/356 
f 351/351/351 352/352/352 356/356/356 
f 356/356/356 352/352/352 357/357/357 
f 352/352/352 353/353/353 357/357/357 
f 357/357/357 353/353/353 358/358/358 
f 353/353/353 354/354/354 358/358/358 
f 358/358/358 354/354/354 355/355/355 
f 354/354/354 355/355/355 355/355/355 
f 355/355/355 355/355/355 357/357/357 
f 355/355/355 357/357/357 357/357/357 
f 357/357/357 357/357/357 356/356/356 
f 357/357/357 359/359/359 356/356/356 
f 356/356/356 359/359/359 348/348/348 
f 359/359/359 359/359/359 348/348/348 
f 348/348/348 359/359/359 347/347/347 
f 359/359/359 360/360/360 347/347/347 
f 347/347/347 360/360/360 346/346/346 
f 360/360/360 360/360/360 346/346/346 
f 346/346/346 360/360/360 345/345/345 
f 360/360/360 361/361/361 345/345/345 
f 345/345/345 361/361/361 344/344/344 
f 361/361/361 344/344/344 344/344/344 
f 344/344/344 344/344/344 361/361/361 
f 344/344/344 361/361/361 361/361/361 
f 361/361/361 361/361/361 362/362/362 
f 361/361/361 360/360/360 362/362/362 
f 362/362/362 360/360/360 362/362/362 
f 360/360/360 359/359/359 362/362/362 
f 362/362/362 359/359/359 362/362/362 
f 359/359/359 357/357/357 362/362/362 
f 362/362/362 357/357/357 362/362/362 
f 357/357/357 358/358/358 362/362/362 
f 362/362/362 358/358/358 363/363/363 
f 358/358/358 355/355/355 363/363/363 
f 363/363/363 355/355/355 355/355/355 
f 355/355/355 362/362/362 355/355/355 
f 355/355/355 362/362/362 362/362/362 
f 362/362/362 363/363/363 362/362/362 
f 362/362/362 363/363/363 361/361/361 
f 363/363/363 364/364/364 361/361/361 
f 361/361/361 364/364/364 344/344/344 
f 364/364/364 364/364/364 344/344/344 
f 344/344/344 364/364/364 343/343/343 
f 364/364/364 365/365/365 343/343/343 
f 343/343/343 365/365/365 342/342/342 
f 365/365/365 365/365/365 342/342/342 
f 342/342/342 365/365/365 341/341/341 
f 365/365/365 366/366/366 341/341/341 
f 341/341/341 366/366/366 340/340/340 
f 366/366/366 367/367/367 340/340/340 
f 340/340/340 367/367/367 339/339/339 
f 367/367/367 367/367/367 339/339/339 
f 339/339/339 367/367/367 338/338/338 
f 367/367/367 368/368/368 338/338/338 
f 338/338/338 368/368/368 337/337/337 
f 368/368/368 369/369/369 337/337/337 
f 337/337/337 369/369/369 336/336/336 
f 369/369/369 369/369/369 336/336/336 
f 336/336/336 369/369/369 370/370/370 
f 369/369/369 366/366/366 370/370/370 
f 370/370/370 366/366/366 370/370/370 
f 366/366/366 365/365/365 370/370/370 
f 370/370/370 365/365/365 370/370/370 
f 365/365/365 364/364/364 370/370/370 
f 370/370/370 364/364/364 370/370/370 
f 364/364/364 363/363/363 370/370/370 
f 370/370/370 363/363/363 370/370/370 
f 363/363/363 355/355/355 370/370/370 
f 370/370/370 355/355/355 370/370/370 
f 355/355/355 335/335/335 370/370/370 
f 370/370/370 335/335/335 336/336/336 
f 335/335/335 336/336/336 336/336/336 
f 336/336/336 336/336/336 368/368/368 
f 336/336/336 368/368/368 368/368/368 
f 368/368/368 368/368/368 369/369/369 
f 368/368/368 367/367/367 369/369/369 
f 369/369/369 367/367/367 366/366/366 
f 367/367/367 366/366/366 366/366/366 
f 366/366/366 366/366/366 371/371/371 
f 366/366/366 371/371/371 371/371/371 
f 371/371/371 371/371/371 372/372/372 
f 371/371/371 373/373/373 372/372/372 
f 372/372/372 373/373/373 374/374/374 
f 373/373/373 375/375/375 374/374/374 
f 374/374/374 375/375/375 376/376/376 
f 375/375/375 377/377/377 376/376/376 
f 376/376/376 377/377/377 376/376/376 
f 377/377/377 378/378/378 376/376/376 
f 376/376/376 378/378/378 379/379/379 
f 378/378/378 378/378/378 379/379/379 
f 379/379/379 378/378/378 380/380/380 
f 378/378/378 381/381/381 380/380/380 
f 380/380/380 381/381/381 382/382/382 
f 381/381/381 383/383/383 382/382/382 
f 382/382/382 383/383/383 384/384/384 
f 383/383/383 385/385/385 384/384/384 
f 384/384/384 385/385/385 386/386/386 
f 385/385/385 387/387/387 386/386/386 
f 386/386/386 387/387/387 388/388/388 
f 387/387/387 389/389/389 388/388/388 
f 388/388/388 389/389/389 390/390/390 
f 389/389/389 391/391/391 390/390/390 
f 390/390/390 391/391/391 392/392/392 
f 391/391/391 393/393/393 392/392/392 
f 392/392/392 393/393/393 394/394/394 
f 393/393/393 395/395/395 394/394/394 
f 394/394/394 395/395/395 396/396/396 
f 395/395/395 397/397/397 396/396/396 
f 396/396/396 397/397/397 398/398/398 
f 397/397/397 399/399/399 398/398/398 
f 398/398/398 399/399/399 400/400/400 
f 399/399/399 401/401/401 400/400/400 
f 400/400/400 401/401/401 402/402/402 
f 401/401/401 403/403/403 402/402/402 
f 402/402/402 403/403/403 404/404/404 
f 403/403/403 405/405/405 404/404/404 
f 404/404/404 405/405/405 406/406/406 
f 405/405/405 407/407/407 406/406/406 
f 406/406/406 407/407/407 408/408/408 
f 407/407/407 407/407/407 408/408/408 
f 408/408/408 407/407/407 409/409/409 
f 407/407/407 410/410/410 409/409/409 
f 409/409/409 410/410/410 411/411/411 
f 410/410/410 412/412/412 411/411/411 
f 411/411/411 412/412/412 413/413/413 
f 412/412/412 414/414/414 413/413/413 
f 413/413/413 414/414/414 415/415/415 
f 414/414/414 415/415/415 415/415/415 
f 415/415/415 415/415/415 379/379/379 
f 415/415/415 379/379/379 379/379/379 
f 379/379/379 379/379/379 376/376/376 
f 379/379/379 416/416/416 376/376/376 
f 376/376/376 416/416/416 374/374/374 
f 416/416/416 372/372/372 374/374/374 
f 374/374/374 372/372/372 372/372/372 
f 372/372/372 373/373/373 372/372/372 
f 372/372/372 373/373/373 373/373/373 
f 373/373/373 417/417/417 373/373/373 
f 373/373/373 417/417/417 375/375/375 
f 417/417/417 377/377/377 375/375/375 
f 375/375/375 377/377/377 377/377/377 
f 377/377/377 412/412/412 377/377/377 
f 377/377/377 412/412/412 412/412/412 
f 412/412/412 410/410/410 412/412/412 
f 412/412/412 410/410/410 418/418/418 
f 410/410/410 419/419/419 418/418/418 
f 418/418/418 419/419/419 420/420/420 
f 419/419/419 419/419/419 420/420/420 
f 420/420/420 419/419/419 421/421/421 
f 419/419/419 405/405/405 421/421/421 
f 421/421/421 405/405/405 403/403/403 
f 405/405/405 403/403/403 403/403/403 
f 403/403/403 403/403/403 410/410/410 
f 403/403/403 410/410/410 410/410/410 
f 410/410/410 410/410/410 419/419/419 
f 410/410/410 407/407/407 419/419/419 
f 419/419/419 407/407/407 405/405/405 
f 407/407/407 405/405/405 405/405/405 
f 405/405/405 405/405/405 422/422/422 
f 405/405/405 422/422/422 422/422/422 
f 422/422/422 422/422/422 423/423/423 
f 422/422/422 418/418/418 423/423/423 
f 423/423/423 418/418/418 423/423/423 
f 418/418/418 420/420/420 423/423/423 
f 423/423/423 420/420/420 424/424/424 
f 420/420/420 425/425/425 424/424/424 
f 424/424/424 425/425/425 426/426/426 
f 425/425/425 401/401/401 426/426/426 
f 426/426/426 401/401/401 399/399/399 
f 401/401/401 399/399/399 399/399/399 
f 399/399/399 399/399/399 423/423/423 
f 399/399/399 423/423/423 423/423/423 
f 423/423/423 423/423/423 427/427/427 
f 423/423/423 424/424/424 427/427/427 
f 427/427/427 424/424/424 428/428/428 
f 424/424/424 426/426/426 428/428/428 
f 428/428/428 426/426/426 426/426/426 
f 426/426/426 420/420/420 426/426/426 
f 426/426/426 420/420/420 420/420/420 
f 420/420/420 421/421/421 420/420/420 
f 420/420/420 421/421/421 425/425/425 
f 421/421/421 403/403/403 425/425/425 
f 425/425/425 403/403/403 401/401/401 
f 403/403/403 401/401/401 401/401/401 
f 401/401/401 401/401/401 427/427/427 
f 401/401/401 427/427/427 427/427/427 
f 427/427/427 427/427/427 429/429/429 
f 427/427/427 428/428/428 429/429/429 
f 429/429/429 428/428/428 430/430/430 
f 428/428/428 431/431/431 430/430/430 
f 430/430/430 431/431/431 432/432/432 
f 431/431/431 397/397/397 432/432/432 
f 432/432/432 397/397/397 395/395/395 
f 397/397/397 395/395/395 395/395/395 
f 395/395/395 395/395/395 429/429/429 
f 395/395/395 429/429/429 429/429/429 
f 429/429/429 429/429/429 433/433/433 
f 429/429/429 430/430/430 433/433/433 
f 433/433/433 430/430/430 434/434/434 
f 430/430/430 432/432/432 434/434/434 
f 434/434/434 432/432/432 432/432/432 
f 432/432/432 428/428/428 432/432/432 
f 432/432/432 428/428/428 428/428/428 
f 428/428/428 426/426/426 428/428/428 
f 428/428/428 426/426/426 431/431/431 
f 426/426/426 399/399/399 431/431/431 
f 431/431/431 399/399/399 397/397/397 
f 399/399/399 397/397/397 397/397/397 
f 397/397/397 397/397/397 433/433/433 
f 397/397/397 433/433/433 433/433/433 
f 433/433/433 433/433/433 435/435/435 
f 433/433/433 434/434/434 435/435/435 
f 435/435/435 434/434/434 436/436/436 
f 434/434/434 437/437/437 436/436/436 
f 436/436/436 437/437/437 438/438/438 
f 437/437/437 393/393/393 438/438/438 
f 438/438/438 393/393/393 391/391/391 
f 393/393/393 391/391/391 391/391/391 
f 391/391/391 391/391/391 435/435/435 
f 391/391/391 435/435/435 435/435/435 
f 435/435/435 435/435/435 439/439/439 
f 435/435/435 436/436/436 439/439/439 
f 439/439/439 436/436/436 440/440/440 
f 436/436/436 438/438/438 440/440/440 
f 440/440/440 438/438/438 438/438/438 
f 438/438/438 434/434/434 438/438/438 
f 438/438/438 434/434/434 434/434/434 
f 434/434/434 432/432/432 434/434/434 
f 434/434/434 432/432/432 437/437/437 
f 432/432/432 395/395/395 437/437/437 
f 437/437/437 395/395/395 393/393/393 
f 395/395/395 393/393/393 393/393/393 
f 393/393/393 393/393/393 439/439/439 
f 393/393/393 439/439/439 439/439/439 
f 439/439/439 439/439/439 441/441/441 
f 439/439/439 440/440/440 441/441/441 
f 441/441/441 440/440/440 442/442/442 
f 440/440/440 443/443/443 442/442/442 
f 442/442/442 443/443/443 444/444/444 
f 443/443/443 389/389/389 444/444/444 
f 444/444/444 389/389/389 387/387/387 
f 389/389/389 387/387/387 387/387/387 
f 387/387/387 387/387/387 441/441/441 
f 387/387/387 441/441/441 441/441/441 
f 441/441/441 441/441/441 445/445/445 
f 441/441/441 442/442/442 445/445/445 
f 445/445/445 442/442/442 446/446/446 
f 442/442/442 444/444/444 446/446/446 
f 446/446/446 444/444/444 444/444/444 
f 444/444/444 440/440/440 444/444/444 
f 444/444/444 440/440/440 440/440/440 
f 440/440/440 438/438/438 440/440/440 
f 440/440/440 438/438/438 443/443/443 
f 438/438/438 391/391/391 443/443/443 
f 443/443/443 391/391/391 389/389/389 
f 391/391/391 389/389/389 389/389/389 
f 389/389/389 389/389/389 445/445/445 
f 389/389/389 445/445/445 445/445/445 
f 445/445/445 445/445/445 447/447/447 
f 445/445/445 446/446/446 447/447/447 
f 447/447/447 446/446/446 448/448/448 
f 446/446/446 449/449/449 448/448/448 
f 448/448/448 449/449/449 450/450/450 
f 449/449/449 385/385/385 450/450/450 
f 450/450/450 385/385/385 383/383/383 
f 385/385/385 383/383/383 383/383/383 
f 383/383/383 383/383/383 447/447/447 
f 383/383/383 447/447/447 447/447/447 
f 447/447/447 447/447/447 451/451/451 
f 447/447/447 448/448/448 451/451/451 
f 451/451/451 448/448/448 452/452/452 
f 448/448/448 450/450/450 452/452/452 
f 452/452/452 450/450/450 452/452/452 
f 450/450/450 453/453/453 452/452/452 
f 452/452/452 453/453/453 454/454/454 
f 453/453/453 455/455/455 454/454/454 
f 454/454/454 455/455/455 455/455/455 
f 455/455/455 446/446/446 455/455/455 
f 455/455/455 446/446/446 446/446/446 
f 446/446/446 444/444/444 446/446/446 
f 446/446/446 444/444/444 449/449/449 
f 444/444/444 387/387/387 449/449/449 
f 449/449/449 387/387/387 385/385/385 
f 387/387/387 385/385/385 385/385/385 
f 385/385/385 385/385/385 451/451/451 
f 385/385/385 451/451/451 451/451/451 
f 451/451/451 451/451/451 456/456/456 
f 451/451/451 452/452/452 456/456/456 
f 456/456/456 452/452/452 454/454/454 
f 452/452/452 454/454/454 454/454/454 
f 454/454/454 454/454/454 453/453/453 
f 454/454/454 453/453/453 453/453/453 
f 453/453/453 453/453/453 457/457/457 
f 453/453/453 450/450/450 457/457/457 
f 457/457/457 450/450/450 457/457/457 
f 450/450/450 383/383/383 457/457/457 
f 457/457/457 383/383/383 457/457/457 
f 383/383/383 381/381/381 457/457/457 
f 457/457/457 381/381/381 458/458/458 
f 381/381/381 378/378/378 458/458/458 
f 458/458/458 378/378/378 458/458/458 
f 378/378/378 377/377/377 458/458/458 
f 458/458/458 377/377/377 459/459/459 
f 377/377/377 417/417/417 459/459/459 
f 459/459/459 417/417/417 459/459/459 
f 417/417/417 460/460/460 459/459/459 
f 459/459/459 460/460/460 459/459/459 
f 460/460/460 461/461/461 459/459/459 
f 459/459/459 461/461/461 462/462/462 
f 461/461/461 455/455/455 462/462/462 
f 462/462/462 455/455/455 462/462/462 
f 455/455/455 453/453/453 462/462/462 
f 462/462/462 453/453/453 462/462/462 
f 453/453/453 457/457/457 462/462/462 
f 462/462/462 457/457/457 462/462/462 
f 457/457/457 458/458/458 462/462/462 
f 462/462/462 458/458/458 459/459/459 
f 458/458/458 459/459/459 459/459/459 
f 459/459/459 459/459/459 463/463/463 
f 459/459/459 463/463/463 463/463/463 
f 463/463/463 463/463/463 464/464/464 
f 463/463/463 465/465/465 464/464/464 
f 464/464/464 465/465/465 466/466/466 
f 465/465/465 467/467/467 466/466/466 
f 466/466/466 467/467/467 468/468/468 
f 467/467/467 469/469/469 468/468/468 
f 468/468/468 469/469/469 470/470/470 
f 469/469/469 465/465/465 470/470/470 
f 470/470/470 465/465/465 471/471/471 
f 465/465/465 471/471/471 471/471/471 
f 471/471/471 471/471/471 467/467/467 
f 471/471/471 467/467/467 467/467/467 
f 467/467/467 467/467/467 469/469/469 
f 467/467/467 465/465/465 469/469/469 
f 469/469/469 465/465/465 465/465/465 
f 465/465/465 464/464/464 465/465/465 
f 465/465/465 464/464/464 464/464/464 
f 464/464/464 466/466/466 464/464/464 
f 464/464/464 466/466/466 468/468/468 
f 466/466/466 468/468/468 468/468/468 
f 468/468/468 468/468/468 463/463/463 
f 468/468/468 463/463/463 463/463/463 
f 463/463/463 463/463/463 465/465/465 
f 463/463/463 472/472/472 465/465/465 
f 465/465/465 472/472/472 473/473/473 
f 472/472/472 473/473/473 473/473/473 
f 473/473/473 473/473/473 470/470/470 
f 473/473/473 470/470/470 470/470/470 
f 470/470/470 470/470/470 468/468/468 
f 470/470/470 474/474/474 468/468/468 
f 468/468/468 474/474/474 468/468/468 
f 474/474/474 475/475/475 468/468/468 
f 468/468/468 475/475/475 476/476/476 
f 475/475/475 475/475/475 476/476/476 
f 476/476/476 475/475/475 477/477/477 
f 475/475/475 478/478/478 477/477/477 
f 477/477/477 478/478/478 477/477/477 
f 478/478/478 479/479/479 477/477/477 
f 477/477/477 479/479/479 480/480/480 
f 479/479/479 481/481/481 480/480/480 
f 480/480/480 481/481/481 482/482/482 
f 481/481/481 483/483/483 482/482/482 
f 482/482/482 483/483/483 477/477/477 
f 483/483/483 484/484/484 477/477/477 
f 477/477/477 484/484/484 477/477/477 
f 484/484/484 485/485/485 477/477/477 
f 477/477/477 485/485/485 477/477/477 
f 485/485/485 486/486/486 477/477/477 
f 477/477/477 486/486/486 476/476/476 
f 486/486/486 486/486/486 476/476/476 
f 476/476/476 486/486/486 468/468/468 
f 486/486/486 487/487/487 468/468/468 
f 468/468/468 487/487/487 464/464/464 
f 487/487/487 464/464/464 464/464/464 
f 464/464/464 464/464/464 479/479/479 
f 464/464/464 479/479/479 479/479/479 
f 479/479/479 479/479/479 481/481/481 
f 479/479/479 488/488/488 481/481/481 
f 481/481/481 488/488/488 488/488/488 
f 488/488/488 482/482/482 488/488/488 
f 488/488/488 482/482/482 482/482/482 
f 482/482/482 477/477/477 482/482/482 
f 482/482/482 477/477/477 480/480/480 
f 477/477/477 480/480/480 480/480/480 
f 480/480/480 480/480/480 483/483/483 
f 480/480/480 483/483/483 483/483/483 
f 483/483/483 483/483/483 484/484/484 
f 483/483/483 481/481/481 484/484/484 
f 484/484/484 481/481/481 489/489/489 
f 481/481/481 481/481/481 489/489/489 
f 489/489/489 481/481/481 490/490/490 
f 481/481/481 491/491/491 490/490/490 
f 490/490/490 491/491/491 491/491/491 
f 491/491/491 492/492/492 491/491/491 
f 491/491/491 492/492/492 492/492/492 
f 492/492/492 493/493/493 492/492/492 
f 492/492/492 493/493/493 494/494/494 
f 493/493/493 495/495/495 494/494/494 
f 494/494/494 495/495/495 496/496/496 
f 495/495/495 497/497/497 496/496/496 
f 496/496/496 497/497/497 496/496/496 
f 497/497/497 498/498/498 496/496/496 
f 496/496/496 498/498/498 496/496/496 
f 498/498/498 499/499/499 496/496/496 
f 496/496/496 499/499/499 494/494/494 
f 499/499/499 494/494/494 494/494/494 
f 494/494/494 494/494/494 493/493/493 
f 494/494/494 493/493/493 493/493/493 
f 493/493/493 493/493/493 495/495/495 
f 493/493/493 500/500/500 495/495/495 
f 495/495/495 500/500/500 497/497/497 
f 500/500/500 501/501/501 497/497/497 
f 497/497/497 501/501/501 502/502/502 
f 501/501/501 503/503/503 502/502/502 
f 502/502/502 503/503/503 503/503/503 
f 503/503/503 502/502/502 503/503/503 
f 503/503/503 502/502/502 502/502/502 
f 502/502/502 498/498/498 502/502/502 
f 502/502/502 498/498/498 497/497/497 
f 498/498/498 497/497/497 497/497/497 
f 497/497/497 497/497/497 498/498/498 
f 497/497/497 498/498/498 498/498/498 
f 498/498/498 498/498/498 499/499/499 
f 498/498/498 504/504/504 499/499/499 
f 499/499/499 504/504/504 505/505/505 
f 504/504/504 504/504/504 505/505/505 
f 505/505/505 504/504/504 506/506/506 
f 504/504/504 507/507/507 506/506/506 
f 506/506/506 507/507/507 508/508/508 
f 507/507/507 508/508/508 508/508/508 
f 508/508/508 508/508/508 507/507/507 
f 508/508/508 507/507/507 507/507/507 
f 507/507/507 507/507/507 509/509/509 
f 507/507/507 504/504/504 509/509/509 
f 509/509/509 504/504/504 509/509/509 
f 504/504/504 498/498/498 509/509/509 
f 509/509/509 498/498/498 509/509/509 
f 498/498/498 502/502/502 509/509/509 
f 509/509/509 502/502/502 510/510/510 
f 502/502/502 503/503/503 510/510/510 
f 510/510/510 503/503/503 510/510/510 
f 503/503/503 511/511/511 510/510/510 
f 510/510/510 511/511/511 512/512/512 
f 511/511/511 513/513/513 512/512/512 
f 512/512/512 513/513/513 513/513/513 
f 513/513/513 512/512/512 513/513/513 
f 513/513/513 512/512/512 512/512/512 
f 512/512/512 514/514/514 512/512/512 
f 512/512/512 514/514/514 510/510/510 
f 514/514/514 514/514/514 510/510/510 
f 510/510/510 514/514/514 509/509/509 
f 514/514/514 514/514/514 509/509/509 
f 509/509/509 514/514/514 507/507/507 
f 514/514/514 515/515/515 507/507/507 
f 507/507/507 515/515/515 508/508/508 
f 515/515/515 515/515/515 508/508/508 
f 508/508/508 515/515/515 516/516/516 
f 515/515/515 517/517/517 516/516/516 
f 516/516/516 517/517/517 518/518/518 
f 517/517/517 517/517/517 518/518/518 
f 518/518/518 517/517/517 519/519/519 
f 517/517/517 520/520/520 519/519/519 
f 519/519/519 520/520/520 521/521/521 
f 520/520/520 522/522/522 521/521/521 
f 521/521/521 522/522/522 523/523/523 
f 522/522/522 524/524/524 523/523/523 
f 523/523/523 524/524/524 525/525/525 
f 524/524/524 526/526/526 525/525/525 
f 525/525/525 526/526/526 527/527/527 
f 526/526/526 528/528/528 527/527/527 
f 527/527/527 528/528/528 529/529/529 
f 528/528/528 530/530/530 529/529/529 
f 529/529/529 530/530/530 531/531/531 
f 530/530/530 532/532/532 531/531/531 
f 531/531/531 532/532/532 533/533/533 
f 532/532/532 534/534/534 533/533/533 
f 533/533/533 534/534/534 535/535/535 
f 534/534/534 536/536/536 535/535/535 
f 535/535/535 536/536/536 537/537/537 
f 536/536/536 538/538/538 537/537/537 
f 537/537/537 538/538/538 539/539/539 
f 538/538/538 540/540/540 539/539/539 
f 539/539/539 540/540/540 539/539/539 
f 540/540/540 541/541/541 539/539/539 
f 539/539/539 541/541/541 542/542/542 
f 541/541/541 543/543/543 542/542/542 
f 542/542/542 543/543/543 542/542/542 
f 543/543/543 544/544/544 542/542/542 
f 542/542/542 544/544/544 545/545/545 
f 544/544/544 546/546/546 545/545/545 
f 545/545/545 546/546/546 546/546/546 
f 546/546/546 539/539/539 546/546/546 
f 546/546/546 539/539/539 539/539/539 
f 539/539/539 547/547/547 539/539/539 
f 539/539/539 547/547/547 537/537/537 
f 547/547/547 537/537/537 537/537/537 
f 537/537/537 537/537/537 543/543/543 
f 537/537/537 543/543/543 543/543/543 
f 543/543/543 543/543/543 548/548/548 
f 543/543/543 541/541/541 548/548/548 
f 548/548/548 541/541/541 549/549/549 
f 541/541/541 540/540/540 549/549/549 
f 549/549/549 540/540/540 550/550/550 
f 540/540/540 540/540/540 550/550/550 
f 550/550/550 540/540/540 551/551/551 
f 540/540/540 538/538/538 551/551/551 
f 551/551/551 538/538/538 552/552/552 
f 538/538/538 536/536/536 552/552/552 
f 552/552/552 536/536/536 553/553/553 
f 536/536/536 534/534/534 553/553/553 
f 553/553/553 534/534/534 554/554/554 
f 534/534/534 532/532/532 554/554/554 
f 554/554/554 532/532/532 555/555/555 
f 532/532/532 530/530/530 555/555/555 
f 555/555/555 530/530/530 556/556/556 
f 530/530/530 528/528/528 556/556/556 
f 556/556/556 528/528/528 557/557/557 
f 528/528/528 526/526/526 557/557/557 
f 557/557/557 526/526/526 558/558/558 
f 526/526/526 524/524/524 558/558/558 
f 558/558/558 524/524/524 559/559/559 
f 524/524/524 522/522/522 559/559/559 
f 559/559/559 522/522/522 560/560/560 
f 522/522/522 520/520/520 560/560/560 
f 560/560/560 520/520/520 561/561/561 
f 520/520/520 517/517/517 561/561/561 
f 561/561/561 517/517/517 561/561/561 
f 517/517/517 515/515/515 561/561/561 
f 561/561/561 515/515/515 561/561/561 
f 515/515/515 514/514/514 561/561/561 
f 561/561/561 514/514/514 561/561/561 
f 514/514/514 512/512/512 561/561/561 
f 561/561/561 512/512/512 562/562/562 
f 512/512/512 513/513/513 562/562/562 
f 562/562/562 513/513/513 562/562/562 
f 513/513/513 563/563/563 562/562/562 
f 562/562/562 563/563/563 562/562/562 
f 563/563/563 564/564/564 562/562/562 
f 562/562/562 564/564/564 560/560/560 
f 564/564/564 564/564/564 560/560/560 
f 560/560/560 564/564/564 559/559/559 
f 564/564/564 565/565/565 559/559/559 
f 559/559/559 565/565/565 558/558/558 
f 565/565/565 558/558/558 558/558/558 
f 558/558/558 558/558/558 548/548/548 
f 558/558/558 548/548/548 548/548/548 
f 548/548/548 548/548/548 566/566/566 
f 548/548/548 549/549/549 566/566/566 
f 566/566/566 549/549/549 567/567/567 
f 549/549/549 550/550/550 567/567/567 
f 567/567/567 550/550/550 568/568/568 
f 550/550/550 568/568/568 568/568/568 
f 568/568/568 568/568/568 561/561/561 
f 568/568/568 561/561/561 561/561/561 
f 561/561/561 561/561/561 560/560/560 
f 561/561/561 562/562/562 560/560/560 
f 560/560/560 562/562/562 562/562/562 
f 562/562/562 563/563/563 562/562/562 
f 562/562/562 563/563/563 563/563/563 
f 563/563/563 569/569/569 563/563/563 
f 563/563/563 569/569/569 564/564/564 
f 569/569/569 569/569/569 564/564/564 
f 564/564/564 569/569/569 565/565/565 
f 569/569/569 570/570/570 565/565/565 
f 565/565/565 570/570/570 571/571/571 
f 570/570/570 572/572/572 571/571/571 
f 571/571/571 572/572/572 573/573/573 
f 572/572/572 574/574/574 573/573/573 
f 573/573/573 574/574/574 573/573/573 
f 574/574/574 575/575/575 573/573/573 
f 573/573/573 575/575/575 556/556/556 
f 575/575/575 575/575/575 556/556/556 
f 556/556/556 575/575/575 555/555/555 
f 575/575/575 576/576/576 555/555/555 
f 555/555/555 576/576/576 554/554/554 
f 576/576/576 554/554/554 554/554/554 
f 554/554/554 554/554/554 565/565/565 
f 554/554/554 565/565/565 565/565/565 
f 565/565/565 565/565/565 558/558/558 
f 565/565/565 571/571/571 558/558/558 
f 558/558/558 571/571/571 557/557/557 
f 571/571/571 573/573/573 557/557/557 
f 557/557/557 573/573/573 556/556/556 
f 573/573/573 556/556/556 556/556/556 
f 556/556/556 556/556/556 574/574/574 
f 556/556/556 574/574/574 574/574/574 
f 574/574/574 574/574/574 575/575/575 
f 574/574/574 577/577/577 575/575/575 
f 575/575/575 577/577/577 576/576/576 
f 577/577/577 578/578/578 576/576/576 
f 576/576/576 578/578/578 579/579/579 
f 578/578/578 580/580/580 579/579/579 
f 579/579/579 580/580/580 581/581/581 
f 580/580/580 582/582/582 581/581/581 
f 581/581/581 582/582/582 581/581/581 
f 582/582/582 583/583/583 581/581/581 
f 581/581/581 583/583/583 552/552/552 
f 583/583/583 583/583/583 552/552/552 
f 552/552/552 583/583/583 551/551/551 
f 583/583/583 583/583/583 551/551/551 
f 551/551/551 583/583/583 550/550/550 
f 583/583/583 583/583/583 550/550/550 
f 550/550/550 583/583/583 568/568/568 
f 583/583/583 582/582/582 568/568/568 
f 568/568/568 582/582/582 582/582/582 
f 582/582/582 576/576/576 582/582/582 
f 582/582/582 576/576/576 576/576/576 
f 576/576/576 579/579/579 576/576/576 
f 576/576/576 579/579/579 554/554/554 
f 579/579/579 579/579/579 554/554/554 
f 554/554/554 579/579/579 553/553/553 
f 579/579/579 581/581/581 553/553/553 
f 553/553/553 581/581/581 552/552/552 

